,interval_start,missflg,15_min_chunk,date
0,2024-01-19 00:00:00,True,00:00:00,2024-01-19
1,2024-01-19 00:15:00,True,00:15:00,2024-01-19
2,2024-01-19 00:30:00,True,00:30:00,2024-01-19
3,2024-01-19 00:45:00,True,00:45:00,2024-01-19
4,2024-01-19 01:00:00,True,01:00:00,2024-01-19
5,2024-01-19 01:15:00,True,01:15:00,2024-01-19
6,2024-01-19 01:30:00,True,01:30:00,2024-01-19
7,2024-01-19 01:45:00,True,01:45:00,2024-01-19
8,2024-01-19 02:00:00,True,02:00:00,2024-01-19
9,2024-01-19 02:15:00,True,02:15:00,2024-01-19
10,2024-01-19 02:30:00,True,02:30:00,2024-01-19
11,2024-01-19 02:45:00,True,02:45:00,2024-01-19
12,2024-01-19 03:00:00,True,03:00:00,2024-01-19
13,2024-01-19 03:15:00,True,03:15:00,2024-01-19
14,2024-01-19 03:30:00,True,03:30:00,2024-01-19
15,2024-01-19 03:45:00,True,03:45:00,2024-01-19
16,2024-01-19 04:00:00,True,04:00:00,2024-01-19
17,2024-01-19 04:15:00,True,04:15:00,2024-01-19
18,2024-01-19 04:30:00,True,04:30:00,2024-01-19
19,2024-01-19 04:45:00,True,04:45:00,2024-01-19
20,2024-01-19 05:00:00,True,05:00:00,2024-01-19
21,2024-01-19 05:15:00,True,05:15:00,2024-01-19
22,2024-01-19 05:30:00,True,05:30:00,2024-01-19
23,2024-01-19 05:45:00,True,05:45:00,2024-01-19
24,2024-01-19 06:00:00,True,06:00:00,2024-01-19
25,2024-01-19 06:15:00,True,06:15:00,2024-01-19
26,2024-01-19 06:30:00,True,06:30:00,2024-01-19
27,2024-01-19 06:45:00,True,06:45:00,2024-01-19
28,2024-01-19 07:00:00,True,07:00:00,2024-01-19
29,2024-01-19 07:15:00,True,07:15:00,2024-01-19
30,2024-01-19 07:30:00,True,07:30:00,2024-01-19
31,2024-01-19 07:45:00,True,07:45:00,2024-01-19
32,2024-01-19 08:00:00,True,08:00:00,2024-01-19
33,2024-01-19 08:15:00,True,08:15:00,2024-01-19
34,2024-01-19 08:30:00,True,08:30:00,2024-01-19
35,2024-01-19 08:45:00,True,08:45:00,2024-01-19
36,2024-01-19 09:00:00,True,09:00:00,2024-01-19
37,2024-01-19 09:15:00,True,09:15:00,2024-01-19
38,2024-01-19 09:30:00,True,09:30:00,2024-01-19
39,2024-01-19 09:45:00,True,09:45:00,2024-01-19
40,2024-01-19 10:00:00,True,10:00:00,2024-01-19
41,2024-01-19 10:15:00,True,10:15:00,2024-01-19
42,2024-01-19 10:30:00,True,10:30:00,2024-01-19
43,2024-01-19 10:45:00,True,10:45:00,2024-01-19
44,2024-01-19 11:00:00,True,11:00:00,2024-01-19
45,2024-01-19 11:15:00,True,11:15:00,2024-01-19
46,2024-01-19 11:30:00,True,11:30:00,2024-01-19
47,2024-01-19 11:45:00,True,11:45:00,2024-01-19
48,2024-01-19 12:00:00,True,12:00:00,2024-01-19
49,2024-01-19 12:15:00,True,12:15:00,2024-01-19
50,2024-01-19 12:30:00,True,12:30:00,2024-01-19
51,2024-01-19 12:45:00,True,12:45:00,2024-01-19
52,2024-01-19 13:00:00,True,13:00:00,2024-01-19
53,2024-01-19 13:15:00,True,13:15:00,2024-01-19
54,2024-01-19 13:30:00,True,13:30:00,2024-01-19
55,2024-01-19 13:45:00,True,13:45:00,2024-01-19
56,2024-01-19 14:00:00,True,14:00:00,2024-01-19
57,2024-01-19 14:15:00,True,14:15:00,2024-01-19
58,2024-01-19 14:30:00,True,14:30:00,2024-01-19
59,2024-01-19 14:45:00,True,14:45:00,2024-01-19
60,2024-01-19 15:00:00,True,15:00:00,2024-01-19
61,2024-01-19 15:15:00,True,15:15:00,2024-01-19
62,2024-01-19 15:30:00,True,15:30:00,2024-01-19
63,2024-01-19 15:45:00,True,15:45:00,2024-01-19
64,2024-01-19 16:00:00,True,16:00:00,2024-01-19
65,2024-01-19 16:15:00,True,16:15:00,2024-01-19
66,2024-01-19 16:30:00,True,16:30:00,2024-01-19
67,2024-01-19 16:45:00,True,16:45:00,2024-01-19
68,2024-01-19 17:00:00,True,17:00:00,2024-01-19
69,2024-01-19 17:15:00,True,17:15:00,2024-01-19
70,2024-01-19 17:30:00,True,17:30:00,2024-01-19
71,2024-01-19 17:45:00,True,17:45:00,2024-01-19
72,2024-01-19 18:00:00,True,18:00:00,2024-01-19
73,2024-01-19 18:15:00,True,18:15:00,2024-01-19
74,2024-01-19 18:30:00,True,18:30:00,2024-01-19
75,2024-01-19 18:45:00,True,18:45:00,2024-01-19
76,2024-01-19 19:00:00,True,19:00:00,2024-01-19
77,2024-01-19 19:15:00,True,19:15:00,2024-01-19
78,2024-01-19 19:30:00,True,19:30:00,2024-01-19
79,2024-01-19 19:45:00,True,19:45:00,2024-01-19
80,2024-01-19 20:00:00,True,20:00:00,2024-01-19
81,2024-01-19 20:15:00,True,20:15:00,2024-01-19
82,2024-01-19 20:30:00,True,20:30:00,2024-01-19
83,2024-01-19 20:45:00,False,20:45:00,2024-01-19
84,2024-01-19 21:00:00,False,21:00:00,2024-01-19
85,2024-01-19 21:15:00,False,21:15:00,2024-01-19
86,2024-01-19 21:30:00,False,21:30:00,2024-01-19
87,2024-01-19 21:45:00,False,21:45:00,2024-01-19
88,2024-01-19 22:00:00,False,22:00:00,2024-01-19
89,2024-01-19 22:15:00,False,22:15:00,2024-01-19
90,2024-01-19 22:30:00,False,22:30:00,2024-01-19
91,2024-01-19 22:45:00,False,22:45:00,2024-01-19
92,2024-01-19 23:00:00,False,23:00:00,2024-01-19
93,2024-01-19 23:15:00,False,23:15:00,2024-01-19
94,2024-01-19 23:30:00,False,23:30:00,2024-01-19
95,2024-01-19 23:45:00,False,23:45:00,2024-01-19
96,2024-01-20 00:00:00,False,00:00:00,2024-01-20
97,2024-01-20 00:15:00,False,00:15:00,2024-01-20
98,2024-01-20 00:30:00,False,00:30:00,2024-01-20
99,2024-01-20 00:45:00,False,00:45:00,2024-01-20
100,2024-01-20 01:00:00,False,01:00:00,2024-01-20
101,2024-01-20 01:15:00,False,01:15:00,2024-01-20
102,2024-01-20 01:30:00,False,01:30:00,2024-01-20
103,2024-01-20 01:45:00,False,01:45:00,2024-01-20
104,2024-01-20 02:00:00,False,02:00:00,2024-01-20
105,2024-01-20 02:15:00,False,02:15:00,2024-01-20
106,2024-01-20 02:30:00,False,02:30:00,2024-01-20
107,2024-01-20 02:45:00,False,02:45:00,2024-01-20
108,2024-01-20 03:00:00,False,03:00:00,2024-01-20
109,2024-01-20 03:15:00,False,03:15:00,2024-01-20
110,2024-01-20 03:30:00,False,03:30:00,2024-01-20
111,2024-01-20 03:45:00,False,03:45:00,2024-01-20
112,2024-01-20 04:00:00,False,04:00:00,2024-01-20
113,2024-01-20 04:15:00,False,04:15:00,2024-01-20
114,2024-01-20 04:30:00,False,04:30:00,2024-01-20
115,2024-01-20 04:45:00,False,04:45:00,2024-01-20
116,2024-01-20 05:00:00,False,05:00:00,2024-01-20
117,2024-01-20 05:15:00,False,05:15:00,2024-01-20
118,2024-01-20 05:30:00,False,05:30:00,2024-01-20
119,2024-01-20 05:45:00,False,05:45:00,2024-01-20
120,2024-01-20 06:00:00,False,06:00:00,2024-01-20
121,2024-01-20 06:15:00,False,06:15:00,2024-01-20
122,2024-01-20 06:30:00,False,06:30:00,2024-01-20
123,2024-01-20 06:45:00,False,06:45:00,2024-01-20
124,2024-01-20 07:00:00,False,07:00:00,2024-01-20
125,2024-01-20 07:15:00,False,07:15:00,2024-01-20
126,2024-01-20 07:30:00,False,07:30:00,2024-01-20
127,2024-01-20 07:45:00,False,07:45:00,2024-01-20
128,2024-01-20 08:00:00,False,08:00:00,2024-01-20
129,2024-01-20 08:15:00,False,08:15:00,2024-01-20
130,2024-01-20 08:30:00,False,08:30:00,2024-01-20
131,2024-01-20 08:45:00,False,08:45:00,2024-01-20
132,2024-01-20 09:00:00,False,09:00:00,2024-01-20
133,2024-01-20 09:15:00,False,09:15:00,2024-01-20
134,2024-01-20 09:30:00,False,09:30:00,2024-01-20
135,2024-01-20 09:45:00,False,09:45:00,2024-01-20
136,2024-01-20 10:00:00,False,10:00:00,2024-01-20
137,2024-01-20 10:15:00,False,10:15:00,2024-01-20
138,2024-01-20 10:30:00,False,10:30:00,2024-01-20
139,2024-01-20 10:45:00,False,10:45:00,2024-01-20
140,2024-01-20 11:00:00,False,11:00:00,2024-01-20
141,2024-01-20 11:15:00,False,11:15:00,2024-01-20
142,2024-01-20 11:30:00,False,11:30:00,2024-01-20
143,2024-01-20 11:45:00,False,11:45:00,2024-01-20
144,2024-01-20 12:00:00,False,12:00:00,2024-01-20
145,2024-01-20 12:15:00,False,12:15:00,2024-01-20
146,2024-01-20 12:30:00,False,12:30:00,2024-01-20
147,2024-01-20 12:45:00,False,12:45:00,2024-01-20
148,2024-01-20 13:00:00,False,13:00:00,2024-01-20
149,2024-01-20 13:15:00,False,13:15:00,2024-01-20
150,2024-01-20 13:30:00,False,13:30:00,2024-01-20
151,2024-01-20 13:45:00,False,13:45:00,2024-01-20
152,2024-01-20 14:00:00,False,14:00:00,2024-01-20
153,2024-01-20 14:15:00,False,14:15:00,2024-01-20
154,2024-01-20 14:30:00,False,14:30:00,2024-01-20
155,2024-01-20 14:45:00,False,14:45:00,2024-01-20
156,2024-01-20 15:00:00,False,15:00:00,2024-01-20
157,2024-01-20 15:15:00,False,15:15:00,2024-01-20
158,2024-01-20 15:30:00,False,15:30:00,2024-01-20
159,2024-01-20 15:45:00,False,15:45:00,2024-01-20
160,2024-01-20 16:00:00,False,16:00:00,2024-01-20
161,2024-01-20 16:15:00,False,16:15:00,2024-01-20
162,2024-01-20 16:30:00,False,16:30:00,2024-01-20
163,2024-01-20 16:45:00,False,16:45:00,2024-01-20
164,2024-01-20 17:00:00,False,17:00:00,2024-01-20
165,2024-01-20 17:15:00,False,17:15:00,2024-01-20
166,2024-01-20 17:30:00,False,17:30:00,2024-01-20
167,2024-01-20 17:45:00,False,17:45:00,2024-01-20
168,2024-01-20 18:00:00,False,18:00:00,2024-01-20
169,2024-01-20 18:15:00,False,18:15:00,2024-01-20
170,2024-01-20 18:30:00,False,18:30:00,2024-01-20
171,2024-01-20 18:45:00,False,18:45:00,2024-01-20
172,2024-01-20 19:00:00,False,19:00:00,2024-01-20
173,2024-01-20 19:15:00,False,19:15:00,2024-01-20
174,2024-01-20 19:30:00,False,19:30:00,2024-01-20
175,2024-01-20 19:45:00,False,19:45:00,2024-01-20
176,2024-01-20 20:00:00,False,20:00:00,2024-01-20
177,2024-01-20 20:15:00,False,20:15:00,2024-01-20
178,2024-01-20 20:30:00,False,20:30:00,2024-01-20
179,2024-01-20 20:45:00,False,20:45:00,2024-01-20
180,2024-01-20 21:00:00,False,21:00:00,2024-01-20
181,2024-01-20 21:15:00,False,21:15:00,2024-01-20
182,2024-01-20 21:30:00,False,21:30:00,2024-01-20
183,2024-01-20 21:45:00,False,21:45:00,2024-01-20
184,2024-01-20 22:00:00,False,22:00:00,2024-01-20
185,2024-01-20 22:15:00,False,22:15:00,2024-01-20
186,2024-01-20 22:30:00,False,22:30:00,2024-01-20
187,2024-01-20 22:45:00,False,22:45:00,2024-01-20
188,2024-01-20 23:00:00,False,23:00:00,2024-01-20
189,2024-01-20 23:15:00,False,23:15:00,2024-01-20
190,2024-01-20 23:30:00,False,23:30:00,2024-01-20
191,2024-01-20 23:45:00,False,23:45:00,2024-01-20
192,2024-01-21 00:00:00,False,00:00:00,2024-01-21
193,2024-01-21 00:15:00,False,00:15:00,2024-01-21
194,2024-01-21 00:30:00,False,00:30:00,2024-01-21
195,2024-01-21 00:45:00,False,00:45:00,2024-01-21
196,2024-01-21 01:00:00,False,01:00:00,2024-01-21
197,2024-01-21 01:15:00,False,01:15:00,2024-01-21
198,2024-01-21 01:30:00,False,01:30:00,2024-01-21
199,2024-01-21 01:45:00,False,01:45:00,2024-01-21
200,2024-01-21 02:00:00,False,02:00:00,2024-01-21
201,2024-01-21 02:15:00,False,02:15:00,2024-01-21
202,2024-01-21 02:30:00,False,02:30:00,2024-01-21
203,2024-01-21 02:45:00,False,02:45:00,2024-01-21
204,2024-01-21 03:00:00,False,03:00:00,2024-01-21
205,2024-01-21 03:15:00,False,03:15:00,2024-01-21
206,2024-01-21 03:30:00,False,03:30:00,2024-01-21
207,2024-01-21 03:45:00,False,03:45:00,2024-01-21
208,2024-01-21 04:00:00,False,04:00:00,2024-01-21
209,2024-01-21 04:15:00,False,04:15:00,2024-01-21
210,2024-01-21 04:30:00,False,04:30:00,2024-01-21
211,2024-01-21 04:45:00,False,04:45:00,2024-01-21
212,2024-01-21 05:00:00,False,05:00:00,2024-01-21
213,2024-01-21 05:15:00,False,05:15:00,2024-01-21
214,2024-01-21 05:30:00,False,05:30:00,2024-01-21
215,2024-01-21 05:45:00,False,05:45:00,2024-01-21
216,2024-01-21 06:00:00,False,06:00:00,2024-01-21
217,2024-01-21 06:15:00,False,06:15:00,2024-01-21
218,2024-01-21 06:30:00,False,06:30:00,2024-01-21
219,2024-01-21 06:45:00,False,06:45:00,2024-01-21
220,2024-01-21 07:00:00,False,07:00:00,2024-01-21
221,2024-01-21 07:15:00,False,07:15:00,2024-01-21
222,2024-01-21 07:30:00,False,07:30:00,2024-01-21
223,2024-01-21 07:45:00,False,07:45:00,2024-01-21
224,2024-01-21 08:00:00,False,08:00:00,2024-01-21
225,2024-01-21 08:15:00,False,08:15:00,2024-01-21
226,2024-01-21 08:30:00,False,08:30:00,2024-01-21
227,2024-01-21 08:45:00,False,08:45:00,2024-01-21
228,2024-01-21 09:00:00,False,09:00:00,2024-01-21
229,2024-01-21 09:15:00,False,09:15:00,2024-01-21
230,2024-01-21 09:30:00,False,09:30:00,2024-01-21
231,2024-01-21 09:45:00,False,09:45:00,2024-01-21
232,2024-01-21 10:00:00,False,10:00:00,2024-01-21
233,2024-01-21 10:15:00,False,10:15:00,2024-01-21
234,2024-01-21 10:30:00,False,10:30:00,2024-01-21
235,2024-01-21 10:45:00,False,10:45:00,2024-01-21
236,2024-01-21 11:00:00,False,11:00:00,2024-01-21
237,2024-01-21 11:15:00,False,11:15:00,2024-01-21
238,2024-01-21 11:30:00,False,11:30:00,2024-01-21
239,2024-01-21 11:45:00,False,11:45:00,2024-01-21
240,2024-01-21 12:00:00,False,12:00:00,2024-01-21
241,2024-01-21 12:15:00,False,12:15:00,2024-01-21
242,2024-01-21 12:30:00,False,12:30:00,2024-01-21
243,2024-01-21 12:45:00,False,12:45:00,2024-01-21
244,2024-01-21 13:00:00,False,13:00:00,2024-01-21
245,2024-01-21 13:15:00,False,13:15:00,2024-01-21
246,2024-01-21 13:30:00,False,13:30:00,2024-01-21
247,2024-01-21 13:45:00,False,13:45:00,2024-01-21
248,2024-01-21 14:00:00,False,14:00:00,2024-01-21
249,2024-01-21 14:15:00,False,14:15:00,2024-01-21
250,2024-01-21 14:30:00,False,14:30:00,2024-01-21
251,2024-01-21 14:45:00,False,14:45:00,2024-01-21
252,2024-01-21 15:00:00,False,15:00:00,2024-01-21
253,2024-01-21 15:15:00,False,15:15:00,2024-01-21
254,2024-01-21 15:30:00,False,15:30:00,2024-01-21
255,2024-01-21 15:45:00,False,15:45:00,2024-01-21
256,2024-01-21 16:00:00,False,16:00:00,2024-01-21
257,2024-01-21 16:15:00,False,16:15:00,2024-01-21
258,2024-01-21 16:30:00,False,16:30:00,2024-01-21
259,2024-01-21 16:45:00,False,16:45:00,2024-01-21
260,2024-01-21 17:00:00,False,17:00:00,2024-01-21
261,2024-01-21 17:15:00,False,17:15:00,2024-01-21
262,2024-01-21 17:30:00,False,17:30:00,2024-01-21
263,2024-01-21 17:45:00,False,17:45:00,2024-01-21
264,2024-01-21 18:00:00,False,18:00:00,2024-01-21
265,2024-01-21 18:15:00,False,18:15:00,2024-01-21
266,2024-01-21 18:30:00,False,18:30:00,2024-01-21
267,2024-01-21 18:45:00,False,18:45:00,2024-01-21
268,2024-01-21 19:00:00,False,19:00:00,2024-01-21
269,2024-01-21 19:15:00,False,19:15:00,2024-01-21
270,2024-01-21 19:30:00,False,19:30:00,2024-01-21
271,2024-01-21 19:45:00,False,19:45:00,2024-01-21
272,2024-01-21 20:00:00,False,20:00:00,2024-01-21
273,2024-01-21 20:15:00,False,20:15:00,2024-01-21
274,2024-01-21 20:30:00,False,20:30:00,2024-01-21
275,2024-01-21 20:45:00,False,20:45:00,2024-01-21
276,2024-01-21 21:00:00,False,21:00:00,2024-01-21
277,2024-01-21 21:15:00,False,21:15:00,2024-01-21
278,2024-01-21 21:30:00,False,21:30:00,2024-01-21
279,2024-01-21 21:45:00,False,21:45:00,2024-01-21
280,2024-01-21 22:00:00,False,22:00:00,2024-01-21
281,2024-01-21 22:15:00,False,22:15:00,2024-01-21
282,2024-01-21 22:30:00,False,22:30:00,2024-01-21
283,2024-01-21 22:45:00,False,22:45:00,2024-01-21
284,2024-01-21 23:00:00,False,23:00:00,2024-01-21
285,2024-01-21 23:15:00,False,23:15:00,2024-01-21
286,2024-01-21 23:30:00,False,23:30:00,2024-01-21
287,2024-01-21 23:45:00,False,23:45:00,2024-01-21
288,2024-01-22 00:00:00,False,00:00:00,2024-01-22
289,2024-01-22 00:15:00,False,00:15:00,2024-01-22
290,2024-01-22 00:30:00,False,00:30:00,2024-01-22
291,2024-01-22 00:45:00,False,00:45:00,2024-01-22
292,2024-01-22 01:00:00,False,01:00:00,2024-01-22
293,2024-01-22 01:15:00,False,01:15:00,2024-01-22
294,2024-01-22 01:30:00,False,01:30:00,2024-01-22
295,2024-01-22 01:45:00,False,01:45:00,2024-01-22
296,2024-01-22 02:00:00,False,02:00:00,2024-01-22
297,2024-01-22 02:15:00,False,02:15:00,2024-01-22
298,2024-01-22 02:30:00,False,02:30:00,2024-01-22
299,2024-01-22 02:45:00,False,02:45:00,2024-01-22
300,2024-01-22 03:00:00,False,03:00:00,2024-01-22
301,2024-01-22 03:15:00,False,03:15:00,2024-01-22
302,2024-01-22 03:30:00,False,03:30:00,2024-01-22
303,2024-01-22 03:45:00,False,03:45:00,2024-01-22
304,2024-01-22 04:00:00,False,04:00:00,2024-01-22
305,2024-01-22 04:15:00,False,04:15:00,2024-01-22
306,2024-01-22 04:30:00,False,04:30:00,2024-01-22
307,2024-01-22 04:45:00,False,04:45:00,2024-01-22
308,2024-01-22 05:00:00,False,05:00:00,2024-01-22
309,2024-01-22 05:15:00,False,05:15:00,2024-01-22
310,2024-01-22 05:30:00,False,05:30:00,2024-01-22
311,2024-01-22 05:45:00,False,05:45:00,2024-01-22
312,2024-01-22 06:00:00,False,06:00:00,2024-01-22
313,2024-01-22 06:15:00,False,06:15:00,2024-01-22
314,2024-01-22 06:30:00,False,06:30:00,2024-01-22
315,2024-01-22 06:45:00,False,06:45:00,2024-01-22
316,2024-01-22 07:00:00,False,07:00:00,2024-01-22
317,2024-01-22 07:15:00,False,07:15:00,2024-01-22
318,2024-01-22 07:30:00,False,07:30:00,2024-01-22
319,2024-01-22 07:45:00,False,07:45:00,2024-01-22
320,2024-01-22 08:00:00,False,08:00:00,2024-01-22
321,2024-01-22 08:15:00,False,08:15:00,2024-01-22
322,2024-01-22 08:30:00,False,08:30:00,2024-01-22
323,2024-01-22 08:45:00,False,08:45:00,2024-01-22
324,2024-01-22 09:00:00,False,09:00:00,2024-01-22
325,2024-01-22 09:15:00,False,09:15:00,2024-01-22
326,2024-01-22 09:30:00,False,09:30:00,2024-01-22
327,2024-01-22 09:45:00,False,09:45:00,2024-01-22
328,2024-01-22 10:00:00,False,10:00:00,2024-01-22
329,2024-01-22 10:15:00,False,10:15:00,2024-01-22
330,2024-01-22 10:30:00,False,10:30:00,2024-01-22
331,2024-01-22 10:45:00,False,10:45:00,2024-01-22
332,2024-01-22 11:00:00,False,11:00:00,2024-01-22
333,2024-01-22 11:15:00,False,11:15:00,2024-01-22
334,2024-01-22 11:30:00,False,11:30:00,2024-01-22
335,2024-01-22 11:45:00,False,11:45:00,2024-01-22
336,2024-01-22 12:00:00,False,12:00:00,2024-01-22
337,2024-01-22 12:15:00,False,12:15:00,2024-01-22
338,2024-01-22 12:30:00,False,12:30:00,2024-01-22
339,2024-01-22 12:45:00,False,12:45:00,2024-01-22
340,2024-01-22 13:00:00,False,13:00:00,2024-01-22
341,2024-01-22 13:15:00,False,13:15:00,2024-01-22
342,2024-01-22 13:30:00,False,13:30:00,2024-01-22
343,2024-01-22 13:45:00,False,13:45:00,2024-01-22
344,2024-01-22 14:00:00,False,14:00:00,2024-01-22
345,2024-01-22 14:15:00,False,14:15:00,2024-01-22
346,2024-01-22 14:30:00,False,14:30:00,2024-01-22
347,2024-01-22 14:45:00,False,14:45:00,2024-01-22
348,2024-01-22 15:00:00,False,15:00:00,2024-01-22
349,2024-01-22 15:15:00,False,15:15:00,2024-01-22
350,2024-01-22 15:30:00,False,15:30:00,2024-01-22
351,2024-01-22 15:45:00,False,15:45:00,2024-01-22
352,2024-01-22 16:00:00,False,16:00:00,2024-01-22
353,2024-01-22 16:15:00,False,16:15:00,2024-01-22
354,2024-01-22 16:30:00,False,16:30:00,2024-01-22
355,2024-01-22 16:45:00,False,16:45:00,2024-01-22
356,2024-01-22 17:00:00,False,17:00:00,2024-01-22
357,2024-01-22 17:15:00,False,17:15:00,2024-01-22
358,2024-01-22 17:30:00,False,17:30:00,2024-01-22
359,2024-01-22 17:45:00,False,17:45:00,2024-01-22
360,2024-01-22 18:00:00,False,18:00:00,2024-01-22
361,2024-01-22 18:15:00,True,18:15:00,2024-01-22
362,2024-01-22 18:30:00,True,18:30:00,2024-01-22
363,2024-01-22 18:45:00,True,18:45:00,2024-01-22
364,2024-01-22 19:00:00,True,19:00:00,2024-01-22
365,2024-01-22 19:15:00,True,19:15:00,2024-01-22
366,2024-01-22 19:30:00,True,19:30:00,2024-01-22
367,2024-01-22 19:45:00,True,19:45:00,2024-01-22
368,2024-01-22 20:00:00,True,20:00:00,2024-01-22
369,2024-01-22 20:15:00,True,20:15:00,2024-01-22
370,2024-01-22 20:30:00,False,20:30:00,2024-01-22
371,2024-01-22 20:45:00,False,20:45:00,2024-01-22
372,2024-01-22 21:00:00,False,21:00:00,2024-01-22
373,2024-01-22 21:15:00,False,21:15:00,2024-01-22
374,2024-01-22 21:30:00,False,21:30:00,2024-01-22
375,2024-01-22 21:45:00,False,21:45:00,2024-01-22
376,2024-01-22 22:00:00,False,22:00:00,2024-01-22
377,2024-01-22 22:15:00,False,22:15:00,2024-01-22
378,2024-01-22 22:30:00,False,22:30:00,2024-01-22
379,2024-01-22 22:45:00,False,22:45:00,2024-01-22
380,2024-01-22 23:00:00,False,23:00:00,2024-01-22
381,2024-01-22 23:15:00,False,23:15:00,2024-01-22
382,2024-01-22 23:30:00,False,23:30:00,2024-01-22
383,2024-01-22 23:45:00,False,23:45:00,2024-01-22
384,2024-01-23 00:00:00,False,00:00:00,2024-01-23
385,2024-01-23 00:15:00,False,00:15:00,2024-01-23
386,2024-01-23 00:30:00,False,00:30:00,2024-01-23
387,2024-01-23 00:45:00,False,00:45:00,2024-01-23
388,2024-01-23 01:00:00,False,01:00:00,2024-01-23
389,2024-01-23 01:15:00,False,01:15:00,2024-01-23
390,2024-01-23 01:30:00,False,01:30:00,2024-01-23
391,2024-01-23 01:45:00,False,01:45:00,2024-01-23
392,2024-01-23 02:00:00,False,02:00:00,2024-01-23
393,2024-01-23 02:15:00,False,02:15:00,2024-01-23
394,2024-01-23 02:30:00,False,02:30:00,2024-01-23
395,2024-01-23 02:45:00,False,02:45:00,2024-01-23
396,2024-01-23 03:00:00,False,03:00:00,2024-01-23
397,2024-01-23 03:15:00,False,03:15:00,2024-01-23
398,2024-01-23 03:30:00,False,03:30:00,2024-01-23
399,2024-01-23 03:45:00,False,03:45:00,2024-01-23
400,2024-01-23 04:00:00,False,04:00:00,2024-01-23
401,2024-01-23 04:15:00,False,04:15:00,2024-01-23
402,2024-01-23 04:30:00,False,04:30:00,2024-01-23
403,2024-01-23 04:45:00,False,04:45:00,2024-01-23
404,2024-01-23 05:00:00,False,05:00:00,2024-01-23
405,2024-01-23 05:15:00,False,05:15:00,2024-01-23
406,2024-01-23 05:30:00,False,05:30:00,2024-01-23
407,2024-01-23 05:45:00,False,05:45:00,2024-01-23
408,2024-01-23 06:00:00,False,06:00:00,2024-01-23
409,2024-01-23 06:15:00,False,06:15:00,2024-01-23
410,2024-01-23 06:30:00,True,06:30:00,2024-01-23
411,2024-01-23 06:45:00,False,06:45:00,2024-01-23
412,2024-01-23 07:00:00,False,07:00:00,2024-01-23
413,2024-01-23 07:15:00,False,07:15:00,2024-01-23
414,2024-01-23 07:30:00,False,07:30:00,2024-01-23
415,2024-01-23 07:45:00,False,07:45:00,2024-01-23
416,2024-01-23 08:00:00,False,08:00:00,2024-01-23
417,2024-01-23 08:15:00,False,08:15:00,2024-01-23
418,2024-01-23 08:30:00,False,08:30:00,2024-01-23
419,2024-01-23 08:45:00,False,08:45:00,2024-01-23
420,2024-01-23 09:00:00,False,09:00:00,2024-01-23
421,2024-01-23 09:15:00,False,09:15:00,2024-01-23
422,2024-01-23 09:30:00,False,09:30:00,2024-01-23
423,2024-01-23 09:45:00,False,09:45:00,2024-01-23
424,2024-01-23 10:00:00,False,10:00:00,2024-01-23
425,2024-01-23 10:15:00,False,10:15:00,2024-01-23
426,2024-01-23 10:30:00,False,10:30:00,2024-01-23
427,2024-01-23 10:45:00,False,10:45:00,2024-01-23
428,2024-01-23 11:00:00,False,11:00:00,2024-01-23
429,2024-01-23 11:15:00,False,11:15:00,2024-01-23
430,2024-01-23 11:30:00,False,11:30:00,2024-01-23
431,2024-01-23 11:45:00,False,11:45:00,2024-01-23
432,2024-01-23 12:00:00,False,12:00:00,2024-01-23
433,2024-01-23 12:15:00,False,12:15:00,2024-01-23
434,2024-01-23 12:30:00,False,12:30:00,2024-01-23
435,2024-01-23 12:45:00,False,12:45:00,2024-01-23
436,2024-01-23 13:00:00,False,13:00:00,2024-01-23
437,2024-01-23 13:15:00,False,13:15:00,2024-01-23
438,2024-01-23 13:30:00,False,13:30:00,2024-01-23
439,2024-01-23 13:45:00,False,13:45:00,2024-01-23
440,2024-01-23 14:00:00,False,14:00:00,2024-01-23
441,2024-01-23 14:15:00,False,14:15:00,2024-01-23
442,2024-01-23 14:30:00,False,14:30:00,2024-01-23
443,2024-01-23 14:45:00,False,14:45:00,2024-01-23
444,2024-01-23 15:00:00,False,15:00:00,2024-01-23
445,2024-01-23 15:15:00,False,15:15:00,2024-01-23
446,2024-01-23 15:30:00,False,15:30:00,2024-01-23
447,2024-01-23 15:45:00,False,15:45:00,2024-01-23
448,2024-01-23 16:00:00,False,16:00:00,2024-01-23
449,2024-01-23 16:15:00,False,16:15:00,2024-01-23
450,2024-01-23 16:30:00,False,16:30:00,2024-01-23
451,2024-01-23 16:45:00,False,16:45:00,2024-01-23
452,2024-01-23 17:00:00,False,17:00:00,2024-01-23
453,2024-01-23 17:15:00,False,17:15:00,2024-01-23
454,2024-01-23 17:30:00,False,17:30:00,2024-01-23
455,2024-01-23 17:45:00,False,17:45:00,2024-01-23
456,2024-01-23 18:00:00,False,18:00:00,2024-01-23
457,2024-01-23 18:15:00,False,18:15:00,2024-01-23
458,2024-01-23 18:30:00,False,18:30:00,2024-01-23
459,2024-01-23 18:45:00,False,18:45:00,2024-01-23
460,2024-01-23 19:00:00,False,19:00:00,2024-01-23
461,2024-01-23 19:15:00,False,19:15:00,2024-01-23
462,2024-01-23 19:30:00,False,19:30:00,2024-01-23
463,2024-01-23 19:45:00,False,19:45:00,2024-01-23
464,2024-01-23 20:00:00,False,20:00:00,2024-01-23
465,2024-01-23 20:15:00,False,20:15:00,2024-01-23
466,2024-01-23 20:30:00,False,20:30:00,2024-01-23
467,2024-01-23 20:45:00,False,20:45:00,2024-01-23
468,2024-01-23 21:00:00,False,21:00:00,2024-01-23
469,2024-01-23 21:15:00,False,21:15:00,2024-01-23
470,2024-01-23 21:30:00,False,21:30:00,2024-01-23
471,2024-01-23 21:45:00,False,21:45:00,2024-01-23
472,2024-01-23 22:00:00,False,22:00:00,2024-01-23
473,2024-01-23 22:15:00,False,22:15:00,2024-01-23
474,2024-01-23 22:30:00,False,22:30:00,2024-01-23
475,2024-01-23 22:45:00,False,22:45:00,2024-01-23
476,2024-01-23 23:00:00,False,23:00:00,2024-01-23
477,2024-01-23 23:15:00,False,23:15:00,2024-01-23
478,2024-01-23 23:30:00,False,23:30:00,2024-01-23
479,2024-01-23 23:45:00,False,23:45:00,2024-01-23
480,2024-01-24 00:00:00,False,00:00:00,2024-01-24
481,2024-01-24 00:15:00,False,00:15:00,2024-01-24
482,2024-01-24 00:30:00,False,00:30:00,2024-01-24
483,2024-01-24 00:45:00,False,00:45:00,2024-01-24
484,2024-01-24 01:00:00,False,01:00:00,2024-01-24
485,2024-01-24 01:15:00,False,01:15:00,2024-01-24
486,2024-01-24 01:30:00,False,01:30:00,2024-01-24
487,2024-01-24 01:45:00,False,01:45:00,2024-01-24
488,2024-01-24 02:00:00,False,02:00:00,2024-01-24
489,2024-01-24 02:15:00,False,02:15:00,2024-01-24
490,2024-01-24 02:30:00,False,02:30:00,2024-01-24
491,2024-01-24 02:45:00,False,02:45:00,2024-01-24
492,2024-01-24 03:00:00,False,03:00:00,2024-01-24
493,2024-01-24 03:15:00,False,03:15:00,2024-01-24
494,2024-01-24 03:30:00,False,03:30:00,2024-01-24
495,2024-01-24 03:45:00,False,03:45:00,2024-01-24
496,2024-01-24 04:00:00,False,04:00:00,2024-01-24
497,2024-01-24 04:15:00,False,04:15:00,2024-01-24
498,2024-01-24 04:30:00,False,04:30:00,2024-01-24
499,2024-01-24 04:45:00,False,04:45:00,2024-01-24
500,2024-01-24 05:00:00,False,05:00:00,2024-01-24
501,2024-01-24 05:15:00,False,05:15:00,2024-01-24
502,2024-01-24 05:30:00,False,05:30:00,2024-01-24
503,2024-01-24 05:45:00,False,05:45:00,2024-01-24
504,2024-01-24 06:00:00,False,06:00:00,2024-01-24
505,2024-01-24 06:15:00,False,06:15:00,2024-01-24
506,2024-01-24 06:30:00,False,06:30:00,2024-01-24
507,2024-01-24 06:45:00,False,06:45:00,2024-01-24
508,2024-01-24 07:00:00,False,07:00:00,2024-01-24
509,2024-01-24 07:15:00,False,07:15:00,2024-01-24
510,2024-01-24 07:30:00,False,07:30:00,2024-01-24
511,2024-01-24 07:45:00,False,07:45:00,2024-01-24
512,2024-01-24 08:00:00,False,08:00:00,2024-01-24
513,2024-01-24 08:15:00,False,08:15:00,2024-01-24
514,2024-01-24 08:30:00,False,08:30:00,2024-01-24
515,2024-01-24 08:45:00,False,08:45:00,2024-01-24
516,2024-01-24 09:00:00,False,09:00:00,2024-01-24
517,2024-01-24 09:15:00,False,09:15:00,2024-01-24
518,2024-01-24 09:30:00,False,09:30:00,2024-01-24
519,2024-01-24 09:45:00,False,09:45:00,2024-01-24
520,2024-01-24 10:00:00,False,10:00:00,2024-01-24
521,2024-01-24 10:15:00,False,10:15:00,2024-01-24
522,2024-01-24 10:30:00,False,10:30:00,2024-01-24
523,2024-01-24 10:45:00,False,10:45:00,2024-01-24
524,2024-01-24 11:00:00,False,11:00:00,2024-01-24
525,2024-01-24 11:15:00,False,11:15:00,2024-01-24
526,2024-01-24 11:30:00,False,11:30:00,2024-01-24
527,2024-01-24 11:45:00,False,11:45:00,2024-01-24
528,2024-01-24 12:00:00,False,12:00:00,2024-01-24
529,2024-01-24 12:15:00,False,12:15:00,2024-01-24
530,2024-01-24 12:30:00,False,12:30:00,2024-01-24
531,2024-01-24 12:45:00,False,12:45:00,2024-01-24
532,2024-01-24 13:00:00,False,13:00:00,2024-01-24
533,2024-01-24 13:15:00,False,13:15:00,2024-01-24
534,2024-01-24 13:30:00,False,13:30:00,2024-01-24
535,2024-01-24 13:45:00,False,13:45:00,2024-01-24
536,2024-01-24 14:00:00,False,14:00:00,2024-01-24
537,2024-01-24 14:15:00,False,14:15:00,2024-01-24
538,2024-01-24 14:30:00,False,14:30:00,2024-01-24
539,2024-01-24 14:45:00,False,14:45:00,2024-01-24
540,2024-01-24 15:00:00,False,15:00:00,2024-01-24
541,2024-01-24 15:15:00,False,15:15:00,2024-01-24
542,2024-01-24 15:30:00,False,15:30:00,2024-01-24
543,2024-01-24 15:45:00,False,15:45:00,2024-01-24
544,2024-01-24 16:00:00,False,16:00:00,2024-01-24
545,2024-01-24 16:15:00,False,16:15:00,2024-01-24
546,2024-01-24 16:30:00,False,16:30:00,2024-01-24
547,2024-01-24 16:45:00,False,16:45:00,2024-01-24
548,2024-01-24 17:00:00,False,17:00:00,2024-01-24
549,2024-01-24 17:15:00,False,17:15:00,2024-01-24
550,2024-01-24 17:30:00,False,17:30:00,2024-01-24
551,2024-01-24 17:45:00,False,17:45:00,2024-01-24
552,2024-01-24 18:00:00,False,18:00:00,2024-01-24
553,2024-01-24 18:15:00,False,18:15:00,2024-01-24
554,2024-01-24 18:30:00,False,18:30:00,2024-01-24
555,2024-01-24 18:45:00,False,18:45:00,2024-01-24
556,2024-01-24 19:00:00,False,19:00:00,2024-01-24
557,2024-01-24 19:15:00,False,19:15:00,2024-01-24
558,2024-01-24 19:30:00,False,19:30:00,2024-01-24
559,2024-01-24 19:45:00,False,19:45:00,2024-01-24
560,2024-01-24 20:00:00,False,20:00:00,2024-01-24
561,2024-01-24 20:15:00,False,20:15:00,2024-01-24
562,2024-01-24 20:30:00,False,20:30:00,2024-01-24
563,2024-01-24 20:45:00,False,20:45:00,2024-01-24
564,2024-01-24 21:00:00,False,21:00:00,2024-01-24
565,2024-01-24 21:15:00,False,21:15:00,2024-01-24
566,2024-01-24 21:30:00,False,21:30:00,2024-01-24
567,2024-01-24 21:45:00,False,21:45:00,2024-01-24
568,2024-01-24 22:00:00,False,22:00:00,2024-01-24
569,2024-01-24 22:15:00,False,22:15:00,2024-01-24
570,2024-01-24 22:30:00,False,22:30:00,2024-01-24
571,2024-01-24 22:45:00,False,22:45:00,2024-01-24
572,2024-01-24 23:00:00,False,23:00:00,2024-01-24
573,2024-01-24 23:15:00,False,23:15:00,2024-01-24
574,2024-01-24 23:30:00,False,23:30:00,2024-01-24
575,2024-01-24 23:45:00,False,23:45:00,2024-01-24
576,2024-01-25 00:00:00,False,00:00:00,2024-01-25
577,2024-01-25 00:15:00,False,00:15:00,2024-01-25
578,2024-01-25 00:30:00,False,00:30:00,2024-01-25
579,2024-01-25 00:45:00,False,00:45:00,2024-01-25
580,2024-01-25 01:00:00,False,01:00:00,2024-01-25
581,2024-01-25 01:15:00,False,01:15:00,2024-01-25
582,2024-01-25 01:30:00,False,01:30:00,2024-01-25
583,2024-01-25 01:45:00,False,01:45:00,2024-01-25
584,2024-01-25 02:00:00,False,02:00:00,2024-01-25
585,2024-01-25 02:15:00,False,02:15:00,2024-01-25
586,2024-01-25 02:30:00,False,02:30:00,2024-01-25
587,2024-01-25 02:45:00,False,02:45:00,2024-01-25
588,2024-01-25 03:00:00,False,03:00:00,2024-01-25
589,2024-01-25 03:15:00,False,03:15:00,2024-01-25
590,2024-01-25 03:30:00,False,03:30:00,2024-01-25
591,2024-01-25 03:45:00,False,03:45:00,2024-01-25
592,2024-01-25 04:00:00,False,04:00:00,2024-01-25
593,2024-01-25 04:15:00,False,04:15:00,2024-01-25
594,2024-01-25 04:30:00,False,04:30:00,2024-01-25
595,2024-01-25 04:45:00,False,04:45:00,2024-01-25
596,2024-01-25 05:00:00,False,05:00:00,2024-01-25
597,2024-01-25 05:15:00,False,05:15:00,2024-01-25
598,2024-01-25 05:30:00,False,05:30:00,2024-01-25
599,2024-01-25 05:45:00,False,05:45:00,2024-01-25
600,2024-01-25 06:00:00,False,06:00:00,2024-01-25
601,2024-01-25 06:15:00,False,06:15:00,2024-01-25
602,2024-01-25 06:30:00,False,06:30:00,2024-01-25
603,2024-01-25 06:45:00,False,06:45:00,2024-01-25
604,2024-01-25 07:00:00,True,07:00:00,2024-01-25
605,2024-01-25 07:15:00,False,07:15:00,2024-01-25
606,2024-01-25 07:30:00,False,07:30:00,2024-01-25
607,2024-01-25 07:45:00,False,07:45:00,2024-01-25
608,2024-01-25 08:00:00,False,08:00:00,2024-01-25
609,2024-01-25 08:15:00,False,08:15:00,2024-01-25
610,2024-01-25 08:30:00,False,08:30:00,2024-01-25
611,2024-01-25 08:45:00,False,08:45:00,2024-01-25
612,2024-01-25 09:00:00,False,09:00:00,2024-01-25
613,2024-01-25 09:15:00,False,09:15:00,2024-01-25
614,2024-01-25 09:30:00,False,09:30:00,2024-01-25
615,2024-01-25 09:45:00,False,09:45:00,2024-01-25
616,2024-01-25 10:00:00,False,10:00:00,2024-01-25
617,2024-01-25 10:15:00,False,10:15:00,2024-01-25
618,2024-01-25 10:30:00,False,10:30:00,2024-01-25
619,2024-01-25 10:45:00,False,10:45:00,2024-01-25
620,2024-01-25 11:00:00,False,11:00:00,2024-01-25
621,2024-01-25 11:15:00,False,11:15:00,2024-01-25
622,2024-01-25 11:30:00,False,11:30:00,2024-01-25
623,2024-01-25 11:45:00,False,11:45:00,2024-01-25
624,2024-01-25 12:00:00,False,12:00:00,2024-01-25
625,2024-01-25 12:15:00,False,12:15:00,2024-01-25
626,2024-01-25 12:30:00,False,12:30:00,2024-01-25
627,2024-01-25 12:45:00,False,12:45:00,2024-01-25
628,2024-01-25 13:00:00,False,13:00:00,2024-01-25
629,2024-01-25 13:15:00,False,13:15:00,2024-01-25
630,2024-01-25 13:30:00,False,13:30:00,2024-01-25
631,2024-01-25 13:45:00,False,13:45:00,2024-01-25
632,2024-01-25 14:00:00,False,14:00:00,2024-01-25
633,2024-01-25 14:15:00,False,14:15:00,2024-01-25
634,2024-01-25 14:30:00,False,14:30:00,2024-01-25
635,2024-01-25 14:45:00,False,14:45:00,2024-01-25
636,2024-01-25 15:00:00,False,15:00:00,2024-01-25
637,2024-01-25 15:15:00,False,15:15:00,2024-01-25
638,2024-01-25 15:30:00,False,15:30:00,2024-01-25
639,2024-01-25 15:45:00,False,15:45:00,2024-01-25
640,2024-01-25 16:00:00,False,16:00:00,2024-01-25
641,2024-01-25 16:15:00,False,16:15:00,2024-01-25
642,2024-01-25 16:30:00,False,16:30:00,2024-01-25
643,2024-01-25 16:45:00,False,16:45:00,2024-01-25
644,2024-01-25 17:00:00,False,17:00:00,2024-01-25
645,2024-01-25 17:15:00,False,17:15:00,2024-01-25
646,2024-01-25 17:30:00,False,17:30:00,2024-01-25
647,2024-01-25 17:45:00,False,17:45:00,2024-01-25
648,2024-01-25 18:00:00,False,18:00:00,2024-01-25
649,2024-01-25 18:15:00,False,18:15:00,2024-01-25
650,2024-01-25 18:30:00,False,18:30:00,2024-01-25
651,2024-01-25 18:45:00,False,18:45:00,2024-01-25
652,2024-01-25 19:00:00,False,19:00:00,2024-01-25
653,2024-01-25 19:15:00,False,19:15:00,2024-01-25
654,2024-01-25 19:30:00,False,19:30:00,2024-01-25
655,2024-01-25 19:45:00,False,19:45:00,2024-01-25
656,2024-01-25 20:00:00,True,20:00:00,2024-01-25
657,2024-01-25 20:15:00,True,20:15:00,2024-01-25
658,2024-01-25 20:30:00,False,20:30:00,2024-01-25
659,2024-01-25 20:45:00,False,20:45:00,2024-01-25
660,2024-01-25 21:00:00,False,21:00:00,2024-01-25
661,2024-01-25 21:15:00,False,21:15:00,2024-01-25
662,2024-01-25 21:30:00,False,21:30:00,2024-01-25
663,2024-01-25 21:45:00,False,21:45:00,2024-01-25
664,2024-01-25 22:00:00,False,22:00:00,2024-01-25
665,2024-01-25 22:15:00,False,22:15:00,2024-01-25
666,2024-01-25 22:30:00,False,22:30:00,2024-01-25
667,2024-01-25 22:45:00,False,22:45:00,2024-01-25
668,2024-01-25 23:00:00,False,23:00:00,2024-01-25
669,2024-01-25 23:15:00,False,23:15:00,2024-01-25
670,2024-01-25 23:30:00,False,23:30:00,2024-01-25
671,2024-01-25 23:45:00,False,23:45:00,2024-01-25
672,2024-01-26 00:00:00,False,00:00:00,2024-01-26
673,2024-01-26 00:15:00,False,00:15:00,2024-01-26
674,2024-01-26 00:30:00,False,00:30:00,2024-01-26
675,2024-01-26 00:45:00,False,00:45:00,2024-01-26
676,2024-01-26 01:00:00,False,01:00:00,2024-01-26
677,2024-01-26 01:15:00,False,01:15:00,2024-01-26
678,2024-01-26 01:30:00,False,01:30:00,2024-01-26
679,2024-01-26 01:45:00,False,01:45:00,2024-01-26
680,2024-01-26 02:00:00,False,02:00:00,2024-01-26
681,2024-01-26 02:15:00,False,02:15:00,2024-01-26
682,2024-01-26 02:30:00,False,02:30:00,2024-01-26
683,2024-01-26 02:45:00,False,02:45:00,2024-01-26
684,2024-01-26 03:00:00,False,03:00:00,2024-01-26
685,2024-01-26 03:15:00,False,03:15:00,2024-01-26
686,2024-01-26 03:30:00,False,03:30:00,2024-01-26
687,2024-01-26 03:45:00,False,03:45:00,2024-01-26
688,2024-01-26 04:00:00,False,04:00:00,2024-01-26
689,2024-01-26 04:15:00,False,04:15:00,2024-01-26
690,2024-01-26 04:30:00,False,04:30:00,2024-01-26
691,2024-01-26 04:45:00,False,04:45:00,2024-01-26
692,2024-01-26 05:00:00,False,05:00:00,2024-01-26
693,2024-01-26 05:15:00,False,05:15:00,2024-01-26
694,2024-01-26 05:30:00,False,05:30:00,2024-01-26
695,2024-01-26 05:45:00,False,05:45:00,2024-01-26
696,2024-01-26 06:00:00,False,06:00:00,2024-01-26
697,2024-01-26 06:15:00,False,06:15:00,2024-01-26
698,2024-01-26 06:30:00,False,06:30:00,2024-01-26
699,2024-01-26 06:45:00,False,06:45:00,2024-01-26
700,2024-01-26 07:00:00,False,07:00:00,2024-01-26
701,2024-01-26 07:15:00,False,07:15:00,2024-01-26
702,2024-01-26 07:30:00,False,07:30:00,2024-01-26
703,2024-01-26 07:45:00,False,07:45:00,2024-01-26
704,2024-01-26 08:00:00,False,08:00:00,2024-01-26
705,2024-01-26 08:15:00,False,08:15:00,2024-01-26
706,2024-01-26 08:30:00,False,08:30:00,2024-01-26
707,2024-01-26 08:45:00,False,08:45:00,2024-01-26
708,2024-01-26 09:00:00,False,09:00:00,2024-01-26
709,2024-01-26 09:15:00,False,09:15:00,2024-01-26
710,2024-01-26 09:30:00,False,09:30:00,2024-01-26
711,2024-01-26 09:45:00,False,09:45:00,2024-01-26
712,2024-01-26 10:00:00,False,10:00:00,2024-01-26
713,2024-01-26 10:15:00,False,10:15:00,2024-01-26
714,2024-01-26 10:30:00,False,10:30:00,2024-01-26
715,2024-01-26 10:45:00,False,10:45:00,2024-01-26
716,2024-01-26 11:00:00,False,11:00:00,2024-01-26
717,2024-01-26 11:15:00,False,11:15:00,2024-01-26
718,2024-01-26 11:30:00,False,11:30:00,2024-01-26
719,2024-01-26 11:45:00,False,11:45:00,2024-01-26
720,2024-01-26 12:00:00,False,12:00:00,2024-01-26
721,2024-01-26 12:15:00,False,12:15:00,2024-01-26
722,2024-01-26 12:30:00,False,12:30:00,2024-01-26
723,2024-01-26 12:45:00,False,12:45:00,2024-01-26
724,2024-01-26 13:00:00,False,13:00:00,2024-01-26
725,2024-01-26 13:15:00,False,13:15:00,2024-01-26
726,2024-01-26 13:30:00,False,13:30:00,2024-01-26
727,2024-01-26 13:45:00,False,13:45:00,2024-01-26
728,2024-01-26 14:00:00,False,14:00:00,2024-01-26
729,2024-01-26 14:15:00,False,14:15:00,2024-01-26
730,2024-01-26 14:30:00,False,14:30:00,2024-01-26
731,2024-01-26 14:45:00,False,14:45:00,2024-01-26
732,2024-01-26 15:00:00,False,15:00:00,2024-01-26
733,2024-01-26 15:15:00,False,15:15:00,2024-01-26
734,2024-01-26 15:30:00,False,15:30:00,2024-01-26
735,2024-01-26 15:45:00,False,15:45:00,2024-01-26
736,2024-01-26 16:00:00,False,16:00:00,2024-01-26
737,2024-01-26 16:15:00,False,16:15:00,2024-01-26
738,2024-01-26 16:30:00,False,16:30:00,2024-01-26
739,2024-01-26 16:45:00,False,16:45:00,2024-01-26
740,2024-01-26 17:00:00,False,17:00:00,2024-01-26
741,2024-01-26 17:15:00,False,17:15:00,2024-01-26
742,2024-01-26 17:30:00,False,17:30:00,2024-01-26
743,2024-01-26 17:45:00,False,17:45:00,2024-01-26
744,2024-01-26 18:00:00,False,18:00:00,2024-01-26
745,2024-01-26 18:15:00,False,18:15:00,2024-01-26
746,2024-01-26 18:30:00,False,18:30:00,2024-01-26
747,2024-01-26 18:45:00,False,18:45:00,2024-01-26
748,2024-01-26 19:00:00,False,19:00:00,2024-01-26
749,2024-01-26 19:15:00,False,19:15:00,2024-01-26
750,2024-01-26 19:30:00,False,19:30:00,2024-01-26
751,2024-01-26 19:45:00,False,19:45:00,2024-01-26
752,2024-01-26 20:00:00,False,20:00:00,2024-01-26
753,2024-01-26 20:15:00,False,20:15:00,2024-01-26
754,2024-01-26 20:30:00,False,20:30:00,2024-01-26
755,2024-01-26 20:45:00,False,20:45:00,2024-01-26
756,2024-01-26 21:00:00,False,21:00:00,2024-01-26
757,2024-01-26 21:15:00,False,21:15:00,2024-01-26
758,2024-01-26 21:30:00,False,21:30:00,2024-01-26
759,2024-01-26 21:45:00,False,21:45:00,2024-01-26
760,2024-01-26 22:00:00,False,22:00:00,2024-01-26
761,2024-01-26 22:15:00,False,22:15:00,2024-01-26
762,2024-01-26 22:30:00,False,22:30:00,2024-01-26
763,2024-01-26 22:45:00,False,22:45:00,2024-01-26
764,2024-01-26 23:00:00,False,23:00:00,2024-01-26
765,2024-01-26 23:15:00,False,23:15:00,2024-01-26
766,2024-01-26 23:30:00,False,23:30:00,2024-01-26
767,2024-01-26 23:45:00,False,23:45:00,2024-01-26
768,2024-01-27 00:00:00,False,00:00:00,2024-01-27
769,2024-01-27 00:15:00,False,00:15:00,2024-01-27
770,2024-01-27 00:30:00,False,00:30:00,2024-01-27
771,2024-01-27 00:45:00,False,00:45:00,2024-01-27
772,2024-01-27 01:00:00,False,01:00:00,2024-01-27
773,2024-01-27 01:15:00,False,01:15:00,2024-01-27
774,2024-01-27 01:30:00,False,01:30:00,2024-01-27
775,2024-01-27 01:45:00,False,01:45:00,2024-01-27
776,2024-01-27 02:00:00,False,02:00:00,2024-01-27
777,2024-01-27 02:15:00,False,02:15:00,2024-01-27
778,2024-01-27 02:30:00,False,02:30:00,2024-01-27
779,2024-01-27 02:45:00,False,02:45:00,2024-01-27
780,2024-01-27 03:00:00,False,03:00:00,2024-01-27
781,2024-01-27 03:15:00,False,03:15:00,2024-01-27
782,2024-01-27 03:30:00,False,03:30:00,2024-01-27
783,2024-01-27 03:45:00,False,03:45:00,2024-01-27
784,2024-01-27 04:00:00,False,04:00:00,2024-01-27
785,2024-01-27 04:15:00,False,04:15:00,2024-01-27
786,2024-01-27 04:30:00,False,04:30:00,2024-01-27
787,2024-01-27 04:45:00,False,04:45:00,2024-01-27
788,2024-01-27 05:00:00,False,05:00:00,2024-01-27
789,2024-01-27 05:15:00,False,05:15:00,2024-01-27
790,2024-01-27 05:30:00,False,05:30:00,2024-01-27
791,2024-01-27 05:45:00,False,05:45:00,2024-01-27
792,2024-01-27 06:00:00,False,06:00:00,2024-01-27
793,2024-01-27 06:15:00,False,06:15:00,2024-01-27
794,2024-01-27 06:30:00,False,06:30:00,2024-01-27
795,2024-01-27 06:45:00,False,06:45:00,2024-01-27
796,2024-01-27 07:00:00,False,07:00:00,2024-01-27
797,2024-01-27 07:15:00,False,07:15:00,2024-01-27
798,2024-01-27 07:30:00,False,07:30:00,2024-01-27
799,2024-01-27 07:45:00,False,07:45:00,2024-01-27
800,2024-01-27 08:00:00,False,08:00:00,2024-01-27
801,2024-01-27 08:15:00,False,08:15:00,2024-01-27
802,2024-01-27 08:30:00,False,08:30:00,2024-01-27
803,2024-01-27 08:45:00,False,08:45:00,2024-01-27
804,2024-01-27 09:00:00,False,09:00:00,2024-01-27
805,2024-01-27 09:15:00,False,09:15:00,2024-01-27
806,2024-01-27 09:30:00,False,09:30:00,2024-01-27
807,2024-01-27 09:45:00,False,09:45:00,2024-01-27
808,2024-01-27 10:00:00,False,10:00:00,2024-01-27
809,2024-01-27 10:15:00,False,10:15:00,2024-01-27
810,2024-01-27 10:30:00,False,10:30:00,2024-01-27
811,2024-01-27 10:45:00,False,10:45:00,2024-01-27
812,2024-01-27 11:00:00,False,11:00:00,2024-01-27
813,2024-01-27 11:15:00,False,11:15:00,2024-01-27
814,2024-01-27 11:30:00,False,11:30:00,2024-01-27
815,2024-01-27 11:45:00,False,11:45:00,2024-01-27
816,2024-01-27 12:00:00,False,12:00:00,2024-01-27
817,2024-01-27 12:15:00,False,12:15:00,2024-01-27
818,2024-01-27 12:30:00,False,12:30:00,2024-01-27
819,2024-01-27 12:45:00,False,12:45:00,2024-01-27
820,2024-01-27 13:00:00,False,13:00:00,2024-01-27
821,2024-01-27 13:15:00,False,13:15:00,2024-01-27
822,2024-01-27 13:30:00,False,13:30:00,2024-01-27
823,2024-01-27 13:45:00,False,13:45:00,2024-01-27
824,2024-01-27 14:00:00,False,14:00:00,2024-01-27
825,2024-01-27 14:15:00,False,14:15:00,2024-01-27
826,2024-01-27 14:30:00,False,14:30:00,2024-01-27
827,2024-01-27 14:45:00,False,14:45:00,2024-01-27
828,2024-01-27 15:00:00,False,15:00:00,2024-01-27
829,2024-01-27 15:15:00,False,15:15:00,2024-01-27
830,2024-01-27 15:30:00,False,15:30:00,2024-01-27
831,2024-01-27 15:45:00,False,15:45:00,2024-01-27
832,2024-01-27 16:00:00,False,16:00:00,2024-01-27
833,2024-01-27 16:15:00,False,16:15:00,2024-01-27
834,2024-01-27 16:30:00,False,16:30:00,2024-01-27
835,2024-01-27 16:45:00,False,16:45:00,2024-01-27
836,2024-01-27 17:00:00,False,17:00:00,2024-01-27
837,2024-01-27 17:15:00,False,17:15:00,2024-01-27
838,2024-01-27 17:30:00,False,17:30:00,2024-01-27
839,2024-01-27 17:45:00,False,17:45:00,2024-01-27
840,2024-01-27 18:00:00,False,18:00:00,2024-01-27
841,2024-01-27 18:15:00,False,18:15:00,2024-01-27
842,2024-01-27 18:30:00,False,18:30:00,2024-01-27
843,2024-01-27 18:45:00,False,18:45:00,2024-01-27
844,2024-01-27 19:00:00,False,19:00:00,2024-01-27
845,2024-01-27 19:15:00,False,19:15:00,2024-01-27
846,2024-01-27 19:30:00,False,19:30:00,2024-01-27
847,2024-01-27 19:45:00,False,19:45:00,2024-01-27
848,2024-01-27 20:00:00,False,20:00:00,2024-01-27
849,2024-01-27 20:15:00,False,20:15:00,2024-01-27
850,2024-01-27 20:30:00,False,20:30:00,2024-01-27
851,2024-01-27 20:45:00,False,20:45:00,2024-01-27
852,2024-01-27 21:00:00,False,21:00:00,2024-01-27
853,2024-01-27 21:15:00,False,21:15:00,2024-01-27
854,2024-01-27 21:30:00,False,21:30:00,2024-01-27
855,2024-01-27 21:45:00,False,21:45:00,2024-01-27
856,2024-01-27 22:00:00,False,22:00:00,2024-01-27
857,2024-01-27 22:15:00,False,22:15:00,2024-01-27
858,2024-01-27 22:30:00,False,22:30:00,2024-01-27
859,2024-01-27 22:45:00,False,22:45:00,2024-01-27
860,2024-01-27 23:00:00,False,23:00:00,2024-01-27
861,2024-01-27 23:15:00,False,23:15:00,2024-01-27
862,2024-01-27 23:30:00,False,23:30:00,2024-01-27
863,2024-01-27 23:45:00,False,23:45:00,2024-01-27
864,2024-01-28 00:00:00,False,00:00:00,2024-01-28
865,2024-01-28 00:15:00,False,00:15:00,2024-01-28
866,2024-01-28 00:30:00,False,00:30:00,2024-01-28
867,2024-01-28 00:45:00,False,00:45:00,2024-01-28
868,2024-01-28 01:00:00,False,01:00:00,2024-01-28
869,2024-01-28 01:15:00,False,01:15:00,2024-01-28
870,2024-01-28 01:30:00,False,01:30:00,2024-01-28
871,2024-01-28 01:45:00,False,01:45:00,2024-01-28
872,2024-01-28 02:00:00,False,02:00:00,2024-01-28
873,2024-01-28 02:15:00,False,02:15:00,2024-01-28
874,2024-01-28 02:30:00,False,02:30:00,2024-01-28
875,2024-01-28 02:45:00,False,02:45:00,2024-01-28
876,2024-01-28 03:00:00,False,03:00:00,2024-01-28
877,2024-01-28 03:15:00,False,03:15:00,2024-01-28
878,2024-01-28 03:30:00,False,03:30:00,2024-01-28
879,2024-01-28 03:45:00,False,03:45:00,2024-01-28
880,2024-01-28 04:00:00,False,04:00:00,2024-01-28
881,2024-01-28 04:15:00,False,04:15:00,2024-01-28
882,2024-01-28 04:30:00,False,04:30:00,2024-01-28
883,2024-01-28 04:45:00,False,04:45:00,2024-01-28
884,2024-01-28 05:00:00,False,05:00:00,2024-01-28
885,2024-01-28 05:15:00,False,05:15:00,2024-01-28
886,2024-01-28 05:30:00,False,05:30:00,2024-01-28
887,2024-01-28 05:45:00,False,05:45:00,2024-01-28
888,2024-01-28 06:00:00,False,06:00:00,2024-01-28
889,2024-01-28 06:15:00,False,06:15:00,2024-01-28
890,2024-01-28 06:30:00,False,06:30:00,2024-01-28
891,2024-01-28 06:45:00,False,06:45:00,2024-01-28
892,2024-01-28 07:00:00,False,07:00:00,2024-01-28
893,2024-01-28 07:15:00,False,07:15:00,2024-01-28
894,2024-01-28 07:30:00,False,07:30:00,2024-01-28
895,2024-01-28 07:45:00,False,07:45:00,2024-01-28
896,2024-01-28 08:00:00,False,08:00:00,2024-01-28
897,2024-01-28 08:15:00,True,08:15:00,2024-01-28
898,2024-01-28 08:30:00,True,08:30:00,2024-01-28
899,2024-01-28 08:45:00,True,08:45:00,2024-01-28
900,2024-01-28 09:00:00,True,09:00:00,2024-01-28
901,2024-01-28 09:15:00,True,09:15:00,2024-01-28
902,2024-01-28 09:30:00,True,09:30:00,2024-01-28
903,2024-01-28 09:45:00,True,09:45:00,2024-01-28
904,2024-01-28 10:00:00,False,10:00:00,2024-01-28
905,2024-01-28 10:15:00,False,10:15:00,2024-01-28
906,2024-01-28 10:30:00,False,10:30:00,2024-01-28
907,2024-01-28 10:45:00,False,10:45:00,2024-01-28
908,2024-01-28 11:00:00,False,11:00:00,2024-01-28
909,2024-01-28 11:15:00,False,11:15:00,2024-01-28
910,2024-01-28 11:30:00,False,11:30:00,2024-01-28
911,2024-01-28 11:45:00,False,11:45:00,2024-01-28
912,2024-01-28 12:00:00,False,12:00:00,2024-01-28
913,2024-01-28 12:15:00,False,12:15:00,2024-01-28
914,2024-01-28 12:30:00,False,12:30:00,2024-01-28
915,2024-01-28 12:45:00,False,12:45:00,2024-01-28
916,2024-01-28 13:00:00,False,13:00:00,2024-01-28
917,2024-01-28 13:15:00,False,13:15:00,2024-01-28
918,2024-01-28 13:30:00,False,13:30:00,2024-01-28
919,2024-01-28 13:45:00,False,13:45:00,2024-01-28
920,2024-01-28 14:00:00,False,14:00:00,2024-01-28
921,2024-01-28 14:15:00,False,14:15:00,2024-01-28
922,2024-01-28 14:30:00,False,14:30:00,2024-01-28
923,2024-01-28 14:45:00,False,14:45:00,2024-01-28
924,2024-01-28 15:00:00,False,15:00:00,2024-01-28
925,2024-01-28 15:15:00,False,15:15:00,2024-01-28
926,2024-01-28 15:30:00,False,15:30:00,2024-01-28
927,2024-01-28 15:45:00,False,15:45:00,2024-01-28
928,2024-01-28 16:00:00,False,16:00:00,2024-01-28
929,2024-01-28 16:15:00,False,16:15:00,2024-01-28
930,2024-01-28 16:30:00,False,16:30:00,2024-01-28
931,2024-01-28 16:45:00,False,16:45:00,2024-01-28
932,2024-01-28 17:00:00,False,17:00:00,2024-01-28
933,2024-01-28 17:15:00,False,17:15:00,2024-01-28
934,2024-01-28 17:30:00,False,17:30:00,2024-01-28
935,2024-01-28 17:45:00,False,17:45:00,2024-01-28
936,2024-01-28 18:00:00,False,18:00:00,2024-01-28
937,2024-01-28 18:15:00,False,18:15:00,2024-01-28
938,2024-01-28 18:30:00,False,18:30:00,2024-01-28
939,2024-01-28 18:45:00,False,18:45:00,2024-01-28
940,2024-01-28 19:00:00,False,19:00:00,2024-01-28
941,2024-01-28 19:15:00,False,19:15:00,2024-01-28
942,2024-01-28 19:30:00,False,19:30:00,2024-01-28
943,2024-01-28 19:45:00,False,19:45:00,2024-01-28
944,2024-01-28 20:00:00,False,20:00:00,2024-01-28
945,2024-01-28 20:15:00,False,20:15:00,2024-01-28
946,2024-01-28 20:30:00,False,20:30:00,2024-01-28
947,2024-01-28 20:45:00,False,20:45:00,2024-01-28
948,2024-01-28 21:00:00,False,21:00:00,2024-01-28
949,2024-01-28 21:15:00,False,21:15:00,2024-01-28
950,2024-01-28 21:30:00,False,21:30:00,2024-01-28
951,2024-01-28 21:45:00,False,21:45:00,2024-01-28
952,2024-01-28 22:00:00,False,22:00:00,2024-01-28
953,2024-01-28 22:15:00,False,22:15:00,2024-01-28
954,2024-01-28 22:30:00,False,22:30:00,2024-01-28
955,2024-01-28 22:45:00,False,22:45:00,2024-01-28
956,2024-01-28 23:00:00,False,23:00:00,2024-01-28
957,2024-01-28 23:15:00,False,23:15:00,2024-01-28
958,2024-01-28 23:30:00,False,23:30:00,2024-01-28
959,2024-01-28 23:45:00,False,23:45:00,2024-01-28
960,2024-01-29 00:00:00,False,00:00:00,2024-01-29
961,2024-01-29 00:15:00,False,00:15:00,2024-01-29
962,2024-01-29 00:30:00,False,00:30:00,2024-01-29
963,2024-01-29 00:45:00,False,00:45:00,2024-01-29
964,2024-01-29 01:00:00,False,01:00:00,2024-01-29
965,2024-01-29 01:15:00,False,01:15:00,2024-01-29
966,2024-01-29 01:30:00,False,01:30:00,2024-01-29
967,2024-01-29 01:45:00,False,01:45:00,2024-01-29
968,2024-01-29 02:00:00,False,02:00:00,2024-01-29
969,2024-01-29 02:15:00,False,02:15:00,2024-01-29
970,2024-01-29 02:30:00,False,02:30:00,2024-01-29
971,2024-01-29 02:45:00,False,02:45:00,2024-01-29
972,2024-01-29 03:00:00,False,03:00:00,2024-01-29
973,2024-01-29 03:15:00,False,03:15:00,2024-01-29
974,2024-01-29 03:30:00,False,03:30:00,2024-01-29
975,2024-01-29 03:45:00,False,03:45:00,2024-01-29
976,2024-01-29 04:00:00,False,04:00:00,2024-01-29
977,2024-01-29 04:15:00,False,04:15:00,2024-01-29
978,2024-01-29 04:30:00,False,04:30:00,2024-01-29
979,2024-01-29 04:45:00,False,04:45:00,2024-01-29
980,2024-01-29 05:00:00,False,05:00:00,2024-01-29
981,2024-01-29 05:15:00,False,05:15:00,2024-01-29
982,2024-01-29 05:30:00,False,05:30:00,2024-01-29
983,2024-01-29 05:45:00,False,05:45:00,2024-01-29
984,2024-01-29 06:00:00,False,06:00:00,2024-01-29
985,2024-01-29 06:15:00,False,06:15:00,2024-01-29
986,2024-01-29 06:30:00,False,06:30:00,2024-01-29
987,2024-01-29 06:45:00,False,06:45:00,2024-01-29
988,2024-01-29 07:00:00,False,07:00:00,2024-01-29
989,2024-01-29 07:15:00,False,07:15:00,2024-01-29
990,2024-01-29 07:30:00,False,07:30:00,2024-01-29
991,2024-01-29 07:45:00,False,07:45:00,2024-01-29
992,2024-01-29 08:00:00,False,08:00:00,2024-01-29
993,2024-01-29 08:15:00,False,08:15:00,2024-01-29
994,2024-01-29 08:30:00,False,08:30:00,2024-01-29
995,2024-01-29 08:45:00,False,08:45:00,2024-01-29
996,2024-01-29 09:00:00,False,09:00:00,2024-01-29
997,2024-01-29 09:15:00,False,09:15:00,2024-01-29
998,2024-01-29 09:30:00,False,09:30:00,2024-01-29
999,2024-01-29 09:45:00,False,09:45:00,2024-01-29
1000,2024-01-29 10:00:00,False,10:00:00,2024-01-29
1001,2024-01-29 10:15:00,False,10:15:00,2024-01-29
1002,2024-01-29 10:30:00,False,10:30:00,2024-01-29
1003,2024-01-29 10:45:00,False,10:45:00,2024-01-29
1004,2024-01-29 11:00:00,False,11:00:00,2024-01-29
1005,2024-01-29 11:15:00,False,11:15:00,2024-01-29
1006,2024-01-29 11:30:00,False,11:30:00,2024-01-29
1007,2024-01-29 11:45:00,False,11:45:00,2024-01-29
1008,2024-01-29 12:00:00,False,12:00:00,2024-01-29
1009,2024-01-29 12:15:00,False,12:15:00,2024-01-29
1010,2024-01-29 12:30:00,False,12:30:00,2024-01-29
1011,2024-01-29 12:45:00,False,12:45:00,2024-01-29
1012,2024-01-29 13:00:00,False,13:00:00,2024-01-29
1013,2024-01-29 13:15:00,False,13:15:00,2024-01-29
1014,2024-01-29 13:30:00,False,13:30:00,2024-01-29
1015,2024-01-29 13:45:00,False,13:45:00,2024-01-29
1016,2024-01-29 14:00:00,False,14:00:00,2024-01-29
1017,2024-01-29 14:15:00,False,14:15:00,2024-01-29
1018,2024-01-29 14:30:00,False,14:30:00,2024-01-29
1019,2024-01-29 14:45:00,False,14:45:00,2024-01-29
1020,2024-01-29 15:00:00,False,15:00:00,2024-01-29
1021,2024-01-29 15:15:00,False,15:15:00,2024-01-29
1022,2024-01-29 15:30:00,False,15:30:00,2024-01-29
1023,2024-01-29 15:45:00,False,15:45:00,2024-01-29
1024,2024-01-29 16:00:00,False,16:00:00,2024-01-29
1025,2024-01-29 16:15:00,False,16:15:00,2024-01-29
1026,2024-01-29 16:30:00,False,16:30:00,2024-01-29
1027,2024-01-29 16:45:00,False,16:45:00,2024-01-29
1028,2024-01-29 17:00:00,False,17:00:00,2024-01-29
1029,2024-01-29 17:15:00,False,17:15:00,2024-01-29
1030,2024-01-29 17:30:00,False,17:30:00,2024-01-29
1031,2024-01-29 17:45:00,False,17:45:00,2024-01-29
1032,2024-01-29 18:00:00,False,18:00:00,2024-01-29
1033,2024-01-29 18:15:00,False,18:15:00,2024-01-29
1034,2024-01-29 18:30:00,False,18:30:00,2024-01-29
1035,2024-01-29 18:45:00,False,18:45:00,2024-01-29
1036,2024-01-29 19:00:00,False,19:00:00,2024-01-29
1037,2024-01-29 19:15:00,False,19:15:00,2024-01-29
1038,2024-01-29 19:30:00,False,19:30:00,2024-01-29
1039,2024-01-29 19:45:00,False,19:45:00,2024-01-29
1040,2024-01-29 20:00:00,False,20:00:00,2024-01-29
1041,2024-01-29 20:15:00,False,20:15:00,2024-01-29
1042,2024-01-29 20:30:00,False,20:30:00,2024-01-29
1043,2024-01-29 20:45:00,False,20:45:00,2024-01-29
1044,2024-01-29 21:00:00,False,21:00:00,2024-01-29
1045,2024-01-29 21:15:00,False,21:15:00,2024-01-29
1046,2024-01-29 21:30:00,False,21:30:00,2024-01-29
1047,2024-01-29 21:45:00,False,21:45:00,2024-01-29
1048,2024-01-29 22:00:00,False,22:00:00,2024-01-29
1049,2024-01-29 22:15:00,False,22:15:00,2024-01-29
1050,2024-01-29 22:30:00,False,22:30:00,2024-01-29
1051,2024-01-29 22:45:00,False,22:45:00,2024-01-29
1052,2024-01-29 23:00:00,False,23:00:00,2024-01-29
1053,2024-01-29 23:15:00,False,23:15:00,2024-01-29
1054,2024-01-29 23:30:00,False,23:30:00,2024-01-29
1055,2024-01-29 23:45:00,False,23:45:00,2024-01-29
1056,2024-01-30 00:00:00,False,00:00:00,2024-01-30
1057,2024-01-30 00:15:00,False,00:15:00,2024-01-30
1058,2024-01-30 00:30:00,False,00:30:00,2024-01-30
1059,2024-01-30 00:45:00,False,00:45:00,2024-01-30
1060,2024-01-30 01:00:00,False,01:00:00,2024-01-30
1061,2024-01-30 01:15:00,False,01:15:00,2024-01-30
1062,2024-01-30 01:30:00,False,01:30:00,2024-01-30
1063,2024-01-30 01:45:00,False,01:45:00,2024-01-30
1064,2024-01-30 02:00:00,False,02:00:00,2024-01-30
1065,2024-01-30 02:15:00,False,02:15:00,2024-01-30
1066,2024-01-30 02:30:00,False,02:30:00,2024-01-30
1067,2024-01-30 02:45:00,False,02:45:00,2024-01-30
1068,2024-01-30 03:00:00,False,03:00:00,2024-01-30
1069,2024-01-30 03:15:00,False,03:15:00,2024-01-30
1070,2024-01-30 03:30:00,False,03:30:00,2024-01-30
1071,2024-01-30 03:45:00,False,03:45:00,2024-01-30
1072,2024-01-30 04:00:00,False,04:00:00,2024-01-30
1073,2024-01-30 04:15:00,False,04:15:00,2024-01-30
1074,2024-01-30 04:30:00,False,04:30:00,2024-01-30
1075,2024-01-30 04:45:00,False,04:45:00,2024-01-30
1076,2024-01-30 05:00:00,False,05:00:00,2024-01-30
1077,2024-01-30 05:15:00,False,05:15:00,2024-01-30
1078,2024-01-30 05:30:00,False,05:30:00,2024-01-30
1079,2024-01-30 05:45:00,False,05:45:00,2024-01-30
1080,2024-01-30 06:00:00,False,06:00:00,2024-01-30
1081,2024-01-30 06:15:00,False,06:15:00,2024-01-30
1082,2024-01-30 06:30:00,False,06:30:00,2024-01-30
1083,2024-01-30 06:45:00,False,06:45:00,2024-01-30
1084,2024-01-30 07:00:00,False,07:00:00,2024-01-30
1085,2024-01-30 07:15:00,False,07:15:00,2024-01-30
1086,2024-01-30 07:30:00,False,07:30:00,2024-01-30
1087,2024-01-30 07:45:00,False,07:45:00,2024-01-30
1088,2024-01-30 08:00:00,False,08:00:00,2024-01-30
1089,2024-01-30 08:15:00,False,08:15:00,2024-01-30
1090,2024-01-30 08:30:00,False,08:30:00,2024-01-30
1091,2024-01-30 08:45:00,False,08:45:00,2024-01-30
1092,2024-01-30 09:00:00,False,09:00:00,2024-01-30
1093,2024-01-30 09:15:00,False,09:15:00,2024-01-30
1094,2024-01-30 09:30:00,False,09:30:00,2024-01-30
1095,2024-01-30 09:45:00,False,09:45:00,2024-01-30
1096,2024-01-30 10:00:00,False,10:00:00,2024-01-30
1097,2024-01-30 10:15:00,False,10:15:00,2024-01-30
1098,2024-01-30 10:30:00,False,10:30:00,2024-01-30
1099,2024-01-30 10:45:00,False,10:45:00,2024-01-30
1100,2024-01-30 11:00:00,False,11:00:00,2024-01-30
1101,2024-01-30 11:15:00,False,11:15:00,2024-01-30
1102,2024-01-30 11:30:00,False,11:30:00,2024-01-30
1103,2024-01-30 11:45:00,False,11:45:00,2024-01-30
1104,2024-01-30 12:00:00,False,12:00:00,2024-01-30
1105,2024-01-30 12:15:00,False,12:15:00,2024-01-30
1106,2024-01-30 12:30:00,False,12:30:00,2024-01-30
1107,2024-01-30 12:45:00,False,12:45:00,2024-01-30
1108,2024-01-30 13:00:00,False,13:00:00,2024-01-30
1109,2024-01-30 13:15:00,False,13:15:00,2024-01-30
1110,2024-01-30 13:30:00,False,13:30:00,2024-01-30
1111,2024-01-30 13:45:00,False,13:45:00,2024-01-30
1112,2024-01-30 14:00:00,False,14:00:00,2024-01-30
1113,2024-01-30 14:15:00,False,14:15:00,2024-01-30
1114,2024-01-30 14:30:00,False,14:30:00,2024-01-30
1115,2024-01-30 14:45:00,False,14:45:00,2024-01-30
1116,2024-01-30 15:00:00,False,15:00:00,2024-01-30
1117,2024-01-30 15:15:00,False,15:15:00,2024-01-30
1118,2024-01-30 15:30:00,False,15:30:00,2024-01-30
1119,2024-01-30 15:45:00,False,15:45:00,2024-01-30
1120,2024-01-30 16:00:00,False,16:00:00,2024-01-30
1121,2024-01-30 16:15:00,False,16:15:00,2024-01-30
1122,2024-01-30 16:30:00,False,16:30:00,2024-01-30
1123,2024-01-30 16:45:00,False,16:45:00,2024-01-30
1124,2024-01-30 17:00:00,False,17:00:00,2024-01-30
1125,2024-01-30 17:15:00,False,17:15:00,2024-01-30
1126,2024-01-30 17:30:00,False,17:30:00,2024-01-30
1127,2024-01-30 17:45:00,False,17:45:00,2024-01-30
1128,2024-01-30 18:00:00,False,18:00:00,2024-01-30
1129,2024-01-30 18:15:00,False,18:15:00,2024-01-30
1130,2024-01-30 18:30:00,False,18:30:00,2024-01-30
1131,2024-01-30 18:45:00,False,18:45:00,2024-01-30
1132,2024-01-30 19:00:00,False,19:00:00,2024-01-30
1133,2024-01-30 19:15:00,False,19:15:00,2024-01-30
1134,2024-01-30 19:30:00,False,19:30:00,2024-01-30
1135,2024-01-30 19:45:00,False,19:45:00,2024-01-30
1136,2024-01-30 20:00:00,False,20:00:00,2024-01-30
1137,2024-01-30 20:15:00,False,20:15:00,2024-01-30
1138,2024-01-30 20:30:00,False,20:30:00,2024-01-30
1139,2024-01-30 20:45:00,False,20:45:00,2024-01-30
1140,2024-01-30 21:00:00,False,21:00:00,2024-01-30
1141,2024-01-30 21:15:00,False,21:15:00,2024-01-30
1142,2024-01-30 21:30:00,False,21:30:00,2024-01-30
1143,2024-01-30 21:45:00,False,21:45:00,2024-01-30
1144,2024-01-30 22:00:00,False,22:00:00,2024-01-30
1145,2024-01-30 22:15:00,False,22:15:00,2024-01-30
1146,2024-01-30 22:30:00,False,22:30:00,2024-01-30
1147,2024-01-30 22:45:00,False,22:45:00,2024-01-30
1148,2024-01-30 23:00:00,False,23:00:00,2024-01-30
1149,2024-01-30 23:15:00,False,23:15:00,2024-01-30
1150,2024-01-30 23:30:00,False,23:30:00,2024-01-30
1151,2024-01-30 23:45:00,False,23:45:00,2024-01-30
1152,2024-01-31 00:00:00,False,00:00:00,2024-01-31
1153,2024-01-31 00:15:00,False,00:15:00,2024-01-31
1154,2024-01-31 00:30:00,False,00:30:00,2024-01-31
1155,2024-01-31 00:45:00,False,00:45:00,2024-01-31
1156,2024-01-31 01:00:00,False,01:00:00,2024-01-31
1157,2024-01-31 01:15:00,False,01:15:00,2024-01-31
1158,2024-01-31 01:30:00,False,01:30:00,2024-01-31
1159,2024-01-31 01:45:00,False,01:45:00,2024-01-31
1160,2024-01-31 02:00:00,False,02:00:00,2024-01-31
1161,2024-01-31 02:15:00,False,02:15:00,2024-01-31
1162,2024-01-31 02:30:00,False,02:30:00,2024-01-31
1163,2024-01-31 02:45:00,False,02:45:00,2024-01-31
1164,2024-01-31 03:00:00,False,03:00:00,2024-01-31
1165,2024-01-31 03:15:00,False,03:15:00,2024-01-31
1166,2024-01-31 03:30:00,False,03:30:00,2024-01-31
1167,2024-01-31 03:45:00,False,03:45:00,2024-01-31
1168,2024-01-31 04:00:00,False,04:00:00,2024-01-31
1169,2024-01-31 04:15:00,False,04:15:00,2024-01-31
1170,2024-01-31 04:30:00,False,04:30:00,2024-01-31
1171,2024-01-31 04:45:00,False,04:45:00,2024-01-31
1172,2024-01-31 05:00:00,False,05:00:00,2024-01-31
1173,2024-01-31 05:15:00,False,05:15:00,2024-01-31
1174,2024-01-31 05:30:00,False,05:30:00,2024-01-31
1175,2024-01-31 05:45:00,False,05:45:00,2024-01-31
1176,2024-01-31 06:00:00,False,06:00:00,2024-01-31
1177,2024-01-31 06:15:00,False,06:15:00,2024-01-31
1178,2024-01-31 06:30:00,False,06:30:00,2024-01-31
1179,2024-01-31 06:45:00,False,06:45:00,2024-01-31
1180,2024-01-31 07:00:00,False,07:00:00,2024-01-31
1181,2024-01-31 07:15:00,False,07:15:00,2024-01-31
1182,2024-01-31 07:30:00,False,07:30:00,2024-01-31
1183,2024-01-31 07:45:00,False,07:45:00,2024-01-31
1184,2024-01-31 08:00:00,False,08:00:00,2024-01-31
1185,2024-01-31 08:15:00,False,08:15:00,2024-01-31
1186,2024-01-31 08:30:00,False,08:30:00,2024-01-31
1187,2024-01-31 08:45:00,False,08:45:00,2024-01-31
1188,2024-01-31 09:00:00,False,09:00:00,2024-01-31
1189,2024-01-31 09:15:00,False,09:15:00,2024-01-31
1190,2024-01-31 09:30:00,False,09:30:00,2024-01-31
1191,2024-01-31 09:45:00,False,09:45:00,2024-01-31
1192,2024-01-31 10:00:00,False,10:00:00,2024-01-31
1193,2024-01-31 10:15:00,False,10:15:00,2024-01-31
1194,2024-01-31 10:30:00,False,10:30:00,2024-01-31
1195,2024-01-31 10:45:00,False,10:45:00,2024-01-31
1196,2024-01-31 11:00:00,False,11:00:00,2024-01-31
1197,2024-01-31 11:15:00,False,11:15:00,2024-01-31
1198,2024-01-31 11:30:00,False,11:30:00,2024-01-31
1199,2024-01-31 11:45:00,False,11:45:00,2024-01-31
1200,2024-01-31 12:00:00,False,12:00:00,2024-01-31
1201,2024-01-31 12:15:00,False,12:15:00,2024-01-31
1202,2024-01-31 12:30:00,False,12:30:00,2024-01-31
1203,2024-01-31 12:45:00,False,12:45:00,2024-01-31
1204,2024-01-31 13:00:00,True,13:00:00,2024-01-31
1205,2024-01-31 13:15:00,True,13:15:00,2024-01-31
1206,2024-01-31 13:30:00,True,13:30:00,2024-01-31
1207,2024-01-31 13:45:00,True,13:45:00,2024-01-31
1208,2024-01-31 14:00:00,True,14:00:00,2024-01-31
1209,2024-01-31 14:15:00,False,14:15:00,2024-01-31
1210,2024-01-31 14:30:00,False,14:30:00,2024-01-31
1211,2024-01-31 14:45:00,False,14:45:00,2024-01-31
1212,2024-01-31 15:00:00,False,15:00:00,2024-01-31
1213,2024-01-31 15:15:00,False,15:15:00,2024-01-31
1214,2024-01-31 15:30:00,False,15:30:00,2024-01-31
1215,2024-01-31 15:45:00,False,15:45:00,2024-01-31
1216,2024-01-31 16:00:00,False,16:00:00,2024-01-31
1217,2024-01-31 16:15:00,False,16:15:00,2024-01-31
1218,2024-01-31 16:30:00,False,16:30:00,2024-01-31
1219,2024-01-31 16:45:00,False,16:45:00,2024-01-31
1220,2024-01-31 17:00:00,False,17:00:00,2024-01-31
1221,2024-01-31 17:15:00,False,17:15:00,2024-01-31
1222,2024-01-31 17:30:00,False,17:30:00,2024-01-31
1223,2024-01-31 17:45:00,False,17:45:00,2024-01-31
1224,2024-01-31 18:00:00,False,18:00:00,2024-01-31
1225,2024-01-31 18:15:00,False,18:15:00,2024-01-31
1226,2024-01-31 18:30:00,False,18:30:00,2024-01-31
1227,2024-01-31 18:45:00,False,18:45:00,2024-01-31
1228,2024-01-31 19:00:00,False,19:00:00,2024-01-31
1229,2024-01-31 19:15:00,False,19:15:00,2024-01-31
1230,2024-01-31 19:30:00,False,19:30:00,2024-01-31
1231,2024-01-31 19:45:00,False,19:45:00,2024-01-31
1232,2024-01-31 20:00:00,False,20:00:00,2024-01-31
1233,2024-01-31 20:15:00,False,20:15:00,2024-01-31
1234,2024-01-31 20:30:00,False,20:30:00,2024-01-31
1235,2024-01-31 20:45:00,False,20:45:00,2024-01-31
1236,2024-01-31 21:00:00,False,21:00:00,2024-01-31
1237,2024-01-31 21:15:00,False,21:15:00,2024-01-31
1238,2024-01-31 21:30:00,False,21:30:00,2024-01-31
1239,2024-01-31 21:45:00,False,21:45:00,2024-01-31
1240,2024-01-31 22:00:00,False,22:00:00,2024-01-31
1241,2024-01-31 22:15:00,False,22:15:00,2024-01-31
1242,2024-01-31 22:30:00,False,22:30:00,2024-01-31
1243,2024-01-31 22:45:00,False,22:45:00,2024-01-31
1244,2024-01-31 23:00:00,False,23:00:00,2024-01-31
1245,2024-01-31 23:15:00,False,23:15:00,2024-01-31
1246,2024-01-31 23:30:00,False,23:30:00,2024-01-31
1247,2024-01-31 23:45:00,False,23:45:00,2024-01-31
1248,2024-02-01 00:00:00,False,00:00:00,2024-02-01
1249,2024-02-01 00:15:00,False,00:15:00,2024-02-01
1250,2024-02-01 00:30:00,False,00:30:00,2024-02-01
1251,2024-02-01 00:45:00,False,00:45:00,2024-02-01
1252,2024-02-01 01:00:00,False,01:00:00,2024-02-01
1253,2024-02-01 01:15:00,False,01:15:00,2024-02-01
1254,2024-02-01 01:30:00,False,01:30:00,2024-02-01
1255,2024-02-01 01:45:00,False,01:45:00,2024-02-01
1256,2024-02-01 02:00:00,False,02:00:00,2024-02-01
1257,2024-02-01 02:15:00,False,02:15:00,2024-02-01
1258,2024-02-01 02:30:00,False,02:30:00,2024-02-01
1259,2024-02-01 02:45:00,False,02:45:00,2024-02-01
1260,2024-02-01 03:00:00,False,03:00:00,2024-02-01
1261,2024-02-01 03:15:00,False,03:15:00,2024-02-01
1262,2024-02-01 03:30:00,False,03:30:00,2024-02-01
1263,2024-02-01 03:45:00,False,03:45:00,2024-02-01
1264,2024-02-01 04:00:00,False,04:00:00,2024-02-01
1265,2024-02-01 04:15:00,False,04:15:00,2024-02-01
1266,2024-02-01 04:30:00,False,04:30:00,2024-02-01
1267,2024-02-01 04:45:00,False,04:45:00,2024-02-01
1268,2024-02-01 05:00:00,False,05:00:00,2024-02-01
1269,2024-02-01 05:15:00,False,05:15:00,2024-02-01
1270,2024-02-01 05:30:00,False,05:30:00,2024-02-01
1271,2024-02-01 05:45:00,False,05:45:00,2024-02-01
1272,2024-02-01 06:00:00,False,06:00:00,2024-02-01
1273,2024-02-01 06:15:00,False,06:15:00,2024-02-01
1274,2024-02-01 06:30:00,False,06:30:00,2024-02-01
1275,2024-02-01 06:45:00,False,06:45:00,2024-02-01
1276,2024-02-01 07:00:00,False,07:00:00,2024-02-01
1277,2024-02-01 07:15:00,False,07:15:00,2024-02-01
1278,2024-02-01 07:30:00,False,07:30:00,2024-02-01
1279,2024-02-01 07:45:00,False,07:45:00,2024-02-01
1280,2024-02-01 08:00:00,False,08:00:00,2024-02-01
1281,2024-02-01 08:15:00,False,08:15:00,2024-02-01
1282,2024-02-01 08:30:00,False,08:30:00,2024-02-01
1283,2024-02-01 08:45:00,False,08:45:00,2024-02-01
1284,2024-02-01 09:00:00,False,09:00:00,2024-02-01
1285,2024-02-01 09:15:00,False,09:15:00,2024-02-01
1286,2024-02-01 09:30:00,False,09:30:00,2024-02-01
1287,2024-02-01 09:45:00,False,09:45:00,2024-02-01
1288,2024-02-01 10:00:00,False,10:00:00,2024-02-01
1289,2024-02-01 10:15:00,False,10:15:00,2024-02-01
1290,2024-02-01 10:30:00,False,10:30:00,2024-02-01
1291,2024-02-01 10:45:00,False,10:45:00,2024-02-01
1292,2024-02-01 11:00:00,False,11:00:00,2024-02-01
1293,2024-02-01 11:15:00,False,11:15:00,2024-02-01
1294,2024-02-01 11:30:00,False,11:30:00,2024-02-01
1295,2024-02-01 11:45:00,False,11:45:00,2024-02-01
1296,2024-02-01 12:00:00,False,12:00:00,2024-02-01
1297,2024-02-01 12:15:00,False,12:15:00,2024-02-01
1298,2024-02-01 12:30:00,False,12:30:00,2024-02-01
1299,2024-02-01 12:45:00,False,12:45:00,2024-02-01
1300,2024-02-01 13:00:00,False,13:00:00,2024-02-01
1301,2024-02-01 13:15:00,False,13:15:00,2024-02-01
1302,2024-02-01 13:30:00,False,13:30:00,2024-02-01
1303,2024-02-01 13:45:00,False,13:45:00,2024-02-01
1304,2024-02-01 14:00:00,False,14:00:00,2024-02-01
1305,2024-02-01 14:15:00,False,14:15:00,2024-02-01
1306,2024-02-01 14:30:00,False,14:30:00,2024-02-01
1307,2024-02-01 14:45:00,False,14:45:00,2024-02-01
1308,2024-02-01 15:00:00,False,15:00:00,2024-02-01
1309,2024-02-01 15:15:00,False,15:15:00,2024-02-01
1310,2024-02-01 15:30:00,False,15:30:00,2024-02-01
1311,2024-02-01 15:45:00,False,15:45:00,2024-02-01
1312,2024-02-01 16:00:00,False,16:00:00,2024-02-01
1313,2024-02-01 16:15:00,False,16:15:00,2024-02-01
1314,2024-02-01 16:30:00,False,16:30:00,2024-02-01
1315,2024-02-01 16:45:00,False,16:45:00,2024-02-01
1316,2024-02-01 17:00:00,False,17:00:00,2024-02-01
1317,2024-02-01 17:15:00,False,17:15:00,2024-02-01
1318,2024-02-01 17:30:00,False,17:30:00,2024-02-01
1319,2024-02-01 17:45:00,False,17:45:00,2024-02-01
1320,2024-02-01 18:00:00,False,18:00:00,2024-02-01
1321,2024-02-01 18:15:00,False,18:15:00,2024-02-01
1322,2024-02-01 18:30:00,False,18:30:00,2024-02-01
1323,2024-02-01 18:45:00,False,18:45:00,2024-02-01
1324,2024-02-01 19:00:00,False,19:00:00,2024-02-01
1325,2024-02-01 19:15:00,False,19:15:00,2024-02-01
1326,2024-02-01 19:30:00,False,19:30:00,2024-02-01
1327,2024-02-01 19:45:00,False,19:45:00,2024-02-01
1328,2024-02-01 20:00:00,False,20:00:00,2024-02-01
1329,2024-02-01 20:15:00,False,20:15:00,2024-02-01
1330,2024-02-01 20:30:00,False,20:30:00,2024-02-01
1331,2024-02-01 20:45:00,False,20:45:00,2024-02-01
1332,2024-02-01 21:00:00,False,21:00:00,2024-02-01
1333,2024-02-01 21:15:00,False,21:15:00,2024-02-01
1334,2024-02-01 21:30:00,False,21:30:00,2024-02-01
1335,2024-02-01 21:45:00,False,21:45:00,2024-02-01
1336,2024-02-01 22:00:00,False,22:00:00,2024-02-01
1337,2024-02-01 22:15:00,False,22:15:00,2024-02-01
1338,2024-02-01 22:30:00,False,22:30:00,2024-02-01
1339,2024-02-01 22:45:00,False,22:45:00,2024-02-01
1340,2024-02-01 23:00:00,False,23:00:00,2024-02-01
1341,2024-02-01 23:15:00,False,23:15:00,2024-02-01
1342,2024-02-01 23:30:00,False,23:30:00,2024-02-01
1343,2024-02-01 23:45:00,False,23:45:00,2024-02-01
1344,2024-02-02 00:00:00,False,00:00:00,2024-02-02
1345,2024-02-02 00:15:00,False,00:15:00,2024-02-02
1346,2024-02-02 00:30:00,False,00:30:00,2024-02-02
1347,2024-02-02 00:45:00,False,00:45:00,2024-02-02
1348,2024-02-02 01:00:00,False,01:00:00,2024-02-02
1349,2024-02-02 01:15:00,False,01:15:00,2024-02-02
1350,2024-02-02 01:30:00,False,01:30:00,2024-02-02
1351,2024-02-02 01:45:00,False,01:45:00,2024-02-02
1352,2024-02-02 02:00:00,False,02:00:00,2024-02-02
1353,2024-02-02 02:15:00,False,02:15:00,2024-02-02
1354,2024-02-02 02:30:00,False,02:30:00,2024-02-02
1355,2024-02-02 02:45:00,False,02:45:00,2024-02-02
1356,2024-02-02 03:00:00,False,03:00:00,2024-02-02
1357,2024-02-02 03:15:00,False,03:15:00,2024-02-02
1358,2024-02-02 03:30:00,False,03:30:00,2024-02-02
1359,2024-02-02 03:45:00,False,03:45:00,2024-02-02
1360,2024-02-02 04:00:00,False,04:00:00,2024-02-02
1361,2024-02-02 04:15:00,False,04:15:00,2024-02-02
1362,2024-02-02 04:30:00,False,04:30:00,2024-02-02
1363,2024-02-02 04:45:00,False,04:45:00,2024-02-02
1364,2024-02-02 05:00:00,False,05:00:00,2024-02-02
1365,2024-02-02 05:15:00,False,05:15:00,2024-02-02
1366,2024-02-02 05:30:00,True,05:30:00,2024-02-02
1367,2024-02-02 05:45:00,False,05:45:00,2024-02-02
1368,2024-02-02 06:00:00,False,06:00:00,2024-02-02
1369,2024-02-02 06:15:00,False,06:15:00,2024-02-02
1370,2024-02-02 06:30:00,False,06:30:00,2024-02-02
1371,2024-02-02 06:45:00,False,06:45:00,2024-02-02
1372,2024-02-02 07:00:00,False,07:00:00,2024-02-02
1373,2024-02-02 07:15:00,False,07:15:00,2024-02-02
1374,2024-02-02 07:30:00,False,07:30:00,2024-02-02
1375,2024-02-02 07:45:00,False,07:45:00,2024-02-02
1376,2024-02-02 08:00:00,False,08:00:00,2024-02-02
1377,2024-02-02 08:15:00,False,08:15:00,2024-02-02
1378,2024-02-02 08:30:00,False,08:30:00,2024-02-02
1379,2024-02-02 08:45:00,False,08:45:00,2024-02-02
1380,2024-02-02 09:00:00,False,09:00:00,2024-02-02
1381,2024-02-02 09:15:00,False,09:15:00,2024-02-02
1382,2024-02-02 09:30:00,False,09:30:00,2024-02-02
1383,2024-02-02 09:45:00,False,09:45:00,2024-02-02
1384,2024-02-02 10:00:00,False,10:00:00,2024-02-02
1385,2024-02-02 10:15:00,False,10:15:00,2024-02-02
1386,2024-02-02 10:30:00,False,10:30:00,2024-02-02
1387,2024-02-02 10:45:00,False,10:45:00,2024-02-02
1388,2024-02-02 11:00:00,False,11:00:00,2024-02-02
1389,2024-02-02 11:15:00,False,11:15:00,2024-02-02
1390,2024-02-02 11:30:00,False,11:30:00,2024-02-02
1391,2024-02-02 11:45:00,False,11:45:00,2024-02-02
1392,2024-02-02 12:00:00,False,12:00:00,2024-02-02
1393,2024-02-02 12:15:00,False,12:15:00,2024-02-02
1394,2024-02-02 12:30:00,False,12:30:00,2024-02-02
1395,2024-02-02 12:45:00,False,12:45:00,2024-02-02
1396,2024-02-02 13:00:00,False,13:00:00,2024-02-02
1397,2024-02-02 13:15:00,False,13:15:00,2024-02-02
1398,2024-02-02 13:30:00,False,13:30:00,2024-02-02
1399,2024-02-02 13:45:00,False,13:45:00,2024-02-02
1400,2024-02-02 14:00:00,False,14:00:00,2024-02-02
1401,2024-02-02 14:15:00,False,14:15:00,2024-02-02
1402,2024-02-02 14:30:00,False,14:30:00,2024-02-02
1403,2024-02-02 14:45:00,False,14:45:00,2024-02-02
1404,2024-02-02 15:00:00,False,15:00:00,2024-02-02
1405,2024-02-02 15:15:00,False,15:15:00,2024-02-02
1406,2024-02-02 15:30:00,False,15:30:00,2024-02-02
1407,2024-02-02 15:45:00,False,15:45:00,2024-02-02
1408,2024-02-02 16:00:00,False,16:00:00,2024-02-02
1409,2024-02-02 16:15:00,False,16:15:00,2024-02-02
1410,2024-02-02 16:30:00,False,16:30:00,2024-02-02
1411,2024-02-02 16:45:00,False,16:45:00,2024-02-02
1412,2024-02-02 17:00:00,False,17:00:00,2024-02-02
1413,2024-02-02 17:15:00,False,17:15:00,2024-02-02
1414,2024-02-02 17:30:00,False,17:30:00,2024-02-02
1415,2024-02-02 17:45:00,False,17:45:00,2024-02-02
1416,2024-02-02 18:00:00,False,18:00:00,2024-02-02
1417,2024-02-02 18:15:00,False,18:15:00,2024-02-02
1418,2024-02-02 18:30:00,False,18:30:00,2024-02-02
1419,2024-02-02 18:45:00,False,18:45:00,2024-02-02
1420,2024-02-02 19:00:00,False,19:00:00,2024-02-02
1421,2024-02-02 19:15:00,False,19:15:00,2024-02-02
1422,2024-02-02 19:30:00,False,19:30:00,2024-02-02
1423,2024-02-02 19:45:00,False,19:45:00,2024-02-02
1424,2024-02-02 20:00:00,False,20:00:00,2024-02-02
1425,2024-02-02 20:15:00,False,20:15:00,2024-02-02
1426,2024-02-02 20:30:00,False,20:30:00,2024-02-02
1427,2024-02-02 20:45:00,False,20:45:00,2024-02-02
1428,2024-02-02 21:00:00,False,21:00:00,2024-02-02
1429,2024-02-02 21:15:00,False,21:15:00,2024-02-02
1430,2024-02-02 21:30:00,False,21:30:00,2024-02-02
1431,2024-02-02 21:45:00,False,21:45:00,2024-02-02
1432,2024-02-02 22:00:00,False,22:00:00,2024-02-02
1433,2024-02-02 22:15:00,False,22:15:00,2024-02-02
1434,2024-02-02 22:30:00,False,22:30:00,2024-02-02
1435,2024-02-02 22:45:00,False,22:45:00,2024-02-02
1436,2024-02-02 23:00:00,False,23:00:00,2024-02-02
1437,2024-02-02 23:15:00,False,23:15:00,2024-02-02
1438,2024-02-02 23:30:00,False,23:30:00,2024-02-02
1439,2024-02-02 23:45:00,False,23:45:00,2024-02-02
1440,2024-02-03 00:00:00,False,00:00:00,2024-02-03
1441,2024-02-03 00:15:00,False,00:15:00,2024-02-03
1442,2024-02-03 00:30:00,False,00:30:00,2024-02-03
1443,2024-02-03 00:45:00,False,00:45:00,2024-02-03
1444,2024-02-03 01:00:00,False,01:00:00,2024-02-03
1445,2024-02-03 01:15:00,False,01:15:00,2024-02-03
1446,2024-02-03 01:30:00,False,01:30:00,2024-02-03
1447,2024-02-03 01:45:00,False,01:45:00,2024-02-03
1448,2024-02-03 02:00:00,False,02:00:00,2024-02-03
1449,2024-02-03 02:15:00,False,02:15:00,2024-02-03
1450,2024-02-03 02:30:00,False,02:30:00,2024-02-03
1451,2024-02-03 02:45:00,False,02:45:00,2024-02-03
1452,2024-02-03 03:00:00,False,03:00:00,2024-02-03
1453,2024-02-03 03:15:00,False,03:15:00,2024-02-03
1454,2024-02-03 03:30:00,False,03:30:00,2024-02-03
1455,2024-02-03 03:45:00,False,03:45:00,2024-02-03
1456,2024-02-03 04:00:00,False,04:00:00,2024-02-03
1457,2024-02-03 04:15:00,False,04:15:00,2024-02-03
1458,2024-02-03 04:30:00,False,04:30:00,2024-02-03
1459,2024-02-03 04:45:00,False,04:45:00,2024-02-03
1460,2024-02-03 05:00:00,False,05:00:00,2024-02-03
1461,2024-02-03 05:15:00,False,05:15:00,2024-02-03
1462,2024-02-03 05:30:00,False,05:30:00,2024-02-03
1463,2024-02-03 05:45:00,False,05:45:00,2024-02-03
1464,2024-02-03 06:00:00,False,06:00:00,2024-02-03
1465,2024-02-03 06:15:00,False,06:15:00,2024-02-03
1466,2024-02-03 06:30:00,False,06:30:00,2024-02-03
1467,2024-02-03 06:45:00,False,06:45:00,2024-02-03
1468,2024-02-03 07:00:00,False,07:00:00,2024-02-03
1469,2024-02-03 07:15:00,False,07:15:00,2024-02-03
1470,2024-02-03 07:30:00,False,07:30:00,2024-02-03
1471,2024-02-03 07:45:00,False,07:45:00,2024-02-03
1472,2024-02-03 08:00:00,False,08:00:00,2024-02-03
1473,2024-02-03 08:15:00,False,08:15:00,2024-02-03
1474,2024-02-03 08:30:00,False,08:30:00,2024-02-03
1475,2024-02-03 08:45:00,False,08:45:00,2024-02-03
1476,2024-02-03 09:00:00,False,09:00:00,2024-02-03
1477,2024-02-03 09:15:00,False,09:15:00,2024-02-03
1478,2024-02-03 09:30:00,False,09:30:00,2024-02-03
1479,2024-02-03 09:45:00,False,09:45:00,2024-02-03
1480,2024-02-03 10:00:00,False,10:00:00,2024-02-03
1481,2024-02-03 10:15:00,False,10:15:00,2024-02-03
1482,2024-02-03 10:30:00,False,10:30:00,2024-02-03
1483,2024-02-03 10:45:00,False,10:45:00,2024-02-03
1484,2024-02-03 11:00:00,False,11:00:00,2024-02-03
1485,2024-02-03 11:15:00,False,11:15:00,2024-02-03
1486,2024-02-03 11:30:00,False,11:30:00,2024-02-03
1487,2024-02-03 11:45:00,False,11:45:00,2024-02-03
1488,2024-02-03 12:00:00,False,12:00:00,2024-02-03
1489,2024-02-03 12:15:00,False,12:15:00,2024-02-03
1490,2024-02-03 12:30:00,False,12:30:00,2024-02-03
1491,2024-02-03 12:45:00,False,12:45:00,2024-02-03
1492,2024-02-03 13:00:00,False,13:00:00,2024-02-03
1493,2024-02-03 13:15:00,False,13:15:00,2024-02-03
1494,2024-02-03 13:30:00,False,13:30:00,2024-02-03
1495,2024-02-03 13:45:00,False,13:45:00,2024-02-03
1496,2024-02-03 14:00:00,False,14:00:00,2024-02-03
1497,2024-02-03 14:15:00,False,14:15:00,2024-02-03
1498,2024-02-03 14:30:00,False,14:30:00,2024-02-03
1499,2024-02-03 14:45:00,False,14:45:00,2024-02-03
1500,2024-02-03 15:00:00,False,15:00:00,2024-02-03
1501,2024-02-03 15:15:00,False,15:15:00,2024-02-03
1502,2024-02-03 15:30:00,False,15:30:00,2024-02-03
1503,2024-02-03 15:45:00,False,15:45:00,2024-02-03
1504,2024-02-03 16:00:00,False,16:00:00,2024-02-03
1505,2024-02-03 16:15:00,False,16:15:00,2024-02-03
1506,2024-02-03 16:30:00,False,16:30:00,2024-02-03
1507,2024-02-03 16:45:00,False,16:45:00,2024-02-03
1508,2024-02-03 17:00:00,False,17:00:00,2024-02-03
1509,2024-02-03 17:15:00,False,17:15:00,2024-02-03
1510,2024-02-03 17:30:00,False,17:30:00,2024-02-03
1511,2024-02-03 17:45:00,False,17:45:00,2024-02-03
1512,2024-02-03 18:00:00,False,18:00:00,2024-02-03
1513,2024-02-03 18:15:00,False,18:15:00,2024-02-03
1514,2024-02-03 18:30:00,False,18:30:00,2024-02-03
1515,2024-02-03 18:45:00,False,18:45:00,2024-02-03
1516,2024-02-03 19:00:00,False,19:00:00,2024-02-03
1517,2024-02-03 19:15:00,False,19:15:00,2024-02-03
1518,2024-02-03 19:30:00,False,19:30:00,2024-02-03
1519,2024-02-03 19:45:00,False,19:45:00,2024-02-03
1520,2024-02-03 20:00:00,False,20:00:00,2024-02-03
1521,2024-02-03 20:15:00,True,20:15:00,2024-02-03
1522,2024-02-03 20:30:00,True,20:30:00,2024-02-03
1523,2024-02-03 20:45:00,False,20:45:00,2024-02-03
1524,2024-02-03 21:00:00,False,21:00:00,2024-02-03
1525,2024-02-03 21:15:00,False,21:15:00,2024-02-03
1526,2024-02-03 21:30:00,False,21:30:00,2024-02-03
1527,2024-02-03 21:45:00,False,21:45:00,2024-02-03
1528,2024-02-03 22:00:00,False,22:00:00,2024-02-03
1529,2024-02-03 22:15:00,False,22:15:00,2024-02-03
1530,2024-02-03 22:30:00,False,22:30:00,2024-02-03
1531,2024-02-03 22:45:00,False,22:45:00,2024-02-03
1532,2024-02-03 23:00:00,False,23:00:00,2024-02-03
1533,2024-02-03 23:15:00,False,23:15:00,2024-02-03
1534,2024-02-03 23:30:00,False,23:30:00,2024-02-03
1535,2024-02-03 23:45:00,False,23:45:00,2024-02-03
1536,2024-02-04 00:00:00,False,00:00:00,2024-02-04
1537,2024-02-04 00:15:00,False,00:15:00,2024-02-04
1538,2024-02-04 00:30:00,False,00:30:00,2024-02-04
1539,2024-02-04 00:45:00,False,00:45:00,2024-02-04
1540,2024-02-04 01:00:00,False,01:00:00,2024-02-04
1541,2024-02-04 01:15:00,False,01:15:00,2024-02-04
1542,2024-02-04 01:30:00,False,01:30:00,2024-02-04
1543,2024-02-04 01:45:00,False,01:45:00,2024-02-04
1544,2024-02-04 02:00:00,False,02:00:00,2024-02-04
1545,2024-02-04 02:15:00,False,02:15:00,2024-02-04
1546,2024-02-04 02:30:00,False,02:30:00,2024-02-04
1547,2024-02-04 02:45:00,False,02:45:00,2024-02-04
1548,2024-02-04 03:00:00,False,03:00:00,2024-02-04
1549,2024-02-04 03:15:00,False,03:15:00,2024-02-04
1550,2024-02-04 03:30:00,False,03:30:00,2024-02-04
1551,2024-02-04 03:45:00,False,03:45:00,2024-02-04
1552,2024-02-04 04:00:00,False,04:00:00,2024-02-04
1553,2024-02-04 04:15:00,False,04:15:00,2024-02-04
1554,2024-02-04 04:30:00,False,04:30:00,2024-02-04
1555,2024-02-04 04:45:00,False,04:45:00,2024-02-04
1556,2024-02-04 05:00:00,False,05:00:00,2024-02-04
1557,2024-02-04 05:15:00,False,05:15:00,2024-02-04
1558,2024-02-04 05:30:00,False,05:30:00,2024-02-04
1559,2024-02-04 05:45:00,False,05:45:00,2024-02-04
1560,2024-02-04 06:00:00,False,06:00:00,2024-02-04
1561,2024-02-04 06:15:00,False,06:15:00,2024-02-04
1562,2024-02-04 06:30:00,False,06:30:00,2024-02-04
1563,2024-02-04 06:45:00,False,06:45:00,2024-02-04
1564,2024-02-04 07:00:00,False,07:00:00,2024-02-04
1565,2024-02-04 07:15:00,False,07:15:00,2024-02-04
1566,2024-02-04 07:30:00,False,07:30:00,2024-02-04
1567,2024-02-04 07:45:00,False,07:45:00,2024-02-04
1568,2024-02-04 08:00:00,False,08:00:00,2024-02-04
1569,2024-02-04 08:15:00,False,08:15:00,2024-02-04
1570,2024-02-04 08:30:00,False,08:30:00,2024-02-04
1571,2024-02-04 08:45:00,False,08:45:00,2024-02-04
1572,2024-02-04 09:00:00,False,09:00:00,2024-02-04
1573,2024-02-04 09:15:00,False,09:15:00,2024-02-04
1574,2024-02-04 09:30:00,False,09:30:00,2024-02-04
1575,2024-02-04 09:45:00,False,09:45:00,2024-02-04
1576,2024-02-04 10:00:00,False,10:00:00,2024-02-04
1577,2024-02-04 10:15:00,False,10:15:00,2024-02-04
1578,2024-02-04 10:30:00,False,10:30:00,2024-02-04
1579,2024-02-04 10:45:00,False,10:45:00,2024-02-04
1580,2024-02-04 11:00:00,False,11:00:00,2024-02-04
1581,2024-02-04 11:15:00,False,11:15:00,2024-02-04
1582,2024-02-04 11:30:00,False,11:30:00,2024-02-04
1583,2024-02-04 11:45:00,False,11:45:00,2024-02-04
1584,2024-02-04 12:00:00,False,12:00:00,2024-02-04
1585,2024-02-04 12:15:00,False,12:15:00,2024-02-04
1586,2024-02-04 12:30:00,False,12:30:00,2024-02-04
1587,2024-02-04 12:45:00,False,12:45:00,2024-02-04
1588,2024-02-04 13:00:00,False,13:00:00,2024-02-04
1589,2024-02-04 13:15:00,False,13:15:00,2024-02-04
1590,2024-02-04 13:30:00,False,13:30:00,2024-02-04
1591,2024-02-04 13:45:00,False,13:45:00,2024-02-04
1592,2024-02-04 14:00:00,False,14:00:00,2024-02-04
1593,2024-02-04 14:15:00,False,14:15:00,2024-02-04
1594,2024-02-04 14:30:00,False,14:30:00,2024-02-04
1595,2024-02-04 14:45:00,False,14:45:00,2024-02-04
1596,2024-02-04 15:00:00,False,15:00:00,2024-02-04
1597,2024-02-04 15:15:00,False,15:15:00,2024-02-04
1598,2024-02-04 15:30:00,False,15:30:00,2024-02-04
1599,2024-02-04 15:45:00,False,15:45:00,2024-02-04
1600,2024-02-04 16:00:00,False,16:00:00,2024-02-04
1601,2024-02-04 16:15:00,False,16:15:00,2024-02-04
1602,2024-02-04 16:30:00,False,16:30:00,2024-02-04
1603,2024-02-04 16:45:00,False,16:45:00,2024-02-04
1604,2024-02-04 17:00:00,False,17:00:00,2024-02-04
1605,2024-02-04 17:15:00,False,17:15:00,2024-02-04
1606,2024-02-04 17:30:00,False,17:30:00,2024-02-04
1607,2024-02-04 17:45:00,False,17:45:00,2024-02-04
1608,2024-02-04 18:00:00,False,18:00:00,2024-02-04
1609,2024-02-04 18:15:00,False,18:15:00,2024-02-04
1610,2024-02-04 18:30:00,False,18:30:00,2024-02-04
1611,2024-02-04 18:45:00,False,18:45:00,2024-02-04
1612,2024-02-04 19:00:00,False,19:00:00,2024-02-04
1613,2024-02-04 19:15:00,False,19:15:00,2024-02-04
1614,2024-02-04 19:30:00,False,19:30:00,2024-02-04
1615,2024-02-04 19:45:00,False,19:45:00,2024-02-04
1616,2024-02-04 20:00:00,False,20:00:00,2024-02-04
1617,2024-02-04 20:15:00,False,20:15:00,2024-02-04
1618,2024-02-04 20:30:00,False,20:30:00,2024-02-04
1619,2024-02-04 20:45:00,False,20:45:00,2024-02-04
1620,2024-02-04 21:00:00,False,21:00:00,2024-02-04
1621,2024-02-04 21:15:00,False,21:15:00,2024-02-04
1622,2024-02-04 21:30:00,False,21:30:00,2024-02-04
1623,2024-02-04 21:45:00,False,21:45:00,2024-02-04
1624,2024-02-04 22:00:00,False,22:00:00,2024-02-04
1625,2024-02-04 22:15:00,False,22:15:00,2024-02-04
1626,2024-02-04 22:30:00,False,22:30:00,2024-02-04
1627,2024-02-04 22:45:00,False,22:45:00,2024-02-04
1628,2024-02-04 23:00:00,False,23:00:00,2024-02-04
1629,2024-02-04 23:15:00,False,23:15:00,2024-02-04
1630,2024-02-04 23:30:00,False,23:30:00,2024-02-04
1631,2024-02-04 23:45:00,False,23:45:00,2024-02-04
1632,2024-02-05 00:00:00,False,00:00:00,2024-02-05
1633,2024-02-05 00:15:00,False,00:15:00,2024-02-05
1634,2024-02-05 00:30:00,False,00:30:00,2024-02-05
1635,2024-02-05 00:45:00,False,00:45:00,2024-02-05
1636,2024-02-05 01:00:00,False,01:00:00,2024-02-05
1637,2024-02-05 01:15:00,False,01:15:00,2024-02-05
1638,2024-02-05 01:30:00,False,01:30:00,2024-02-05
1639,2024-02-05 01:45:00,False,01:45:00,2024-02-05
1640,2024-02-05 02:00:00,False,02:00:00,2024-02-05
1641,2024-02-05 02:15:00,False,02:15:00,2024-02-05
1642,2024-02-05 02:30:00,False,02:30:00,2024-02-05
1643,2024-02-05 02:45:00,False,02:45:00,2024-02-05
1644,2024-02-05 03:00:00,False,03:00:00,2024-02-05
1645,2024-02-05 03:15:00,False,03:15:00,2024-02-05
1646,2024-02-05 03:30:00,False,03:30:00,2024-02-05
1647,2024-02-05 03:45:00,False,03:45:00,2024-02-05
1648,2024-02-05 04:00:00,False,04:00:00,2024-02-05
1649,2024-02-05 04:15:00,False,04:15:00,2024-02-05
1650,2024-02-05 04:30:00,False,04:30:00,2024-02-05
1651,2024-02-05 04:45:00,False,04:45:00,2024-02-05
1652,2024-02-05 05:00:00,False,05:00:00,2024-02-05
1653,2024-02-05 05:15:00,False,05:15:00,2024-02-05
1654,2024-02-05 05:30:00,False,05:30:00,2024-02-05
1655,2024-02-05 05:45:00,False,05:45:00,2024-02-05
1656,2024-02-05 06:00:00,False,06:00:00,2024-02-05
1657,2024-02-05 06:15:00,False,06:15:00,2024-02-05
1658,2024-02-05 06:30:00,False,06:30:00,2024-02-05
1659,2024-02-05 06:45:00,True,06:45:00,2024-02-05
1660,2024-02-05 07:00:00,True,07:00:00,2024-02-05
1661,2024-02-05 07:15:00,False,07:15:00,2024-02-05
1662,2024-02-05 07:30:00,False,07:30:00,2024-02-05
1663,2024-02-05 07:45:00,False,07:45:00,2024-02-05
1664,2024-02-05 08:00:00,False,08:00:00,2024-02-05
1665,2024-02-05 08:15:00,False,08:15:00,2024-02-05
1666,2024-02-05 08:30:00,False,08:30:00,2024-02-05
1667,2024-02-05 08:45:00,False,08:45:00,2024-02-05
1668,2024-02-05 09:00:00,False,09:00:00,2024-02-05
1669,2024-02-05 09:15:00,False,09:15:00,2024-02-05
1670,2024-02-05 09:30:00,False,09:30:00,2024-02-05
1671,2024-02-05 09:45:00,False,09:45:00,2024-02-05
1672,2024-02-05 10:00:00,False,10:00:00,2024-02-05
1673,2024-02-05 10:15:00,False,10:15:00,2024-02-05
1674,2024-02-05 10:30:00,False,10:30:00,2024-02-05
1675,2024-02-05 10:45:00,False,10:45:00,2024-02-05
1676,2024-02-05 11:00:00,False,11:00:00,2024-02-05
1677,2024-02-05 11:15:00,False,11:15:00,2024-02-05
1678,2024-02-05 11:30:00,False,11:30:00,2024-02-05
1679,2024-02-05 11:45:00,False,11:45:00,2024-02-05
1680,2024-02-05 12:00:00,False,12:00:00,2024-02-05
1681,2024-02-05 12:15:00,False,12:15:00,2024-02-05
1682,2024-02-05 12:30:00,False,12:30:00,2024-02-05
1683,2024-02-05 12:45:00,False,12:45:00,2024-02-05
1684,2024-02-05 13:00:00,False,13:00:00,2024-02-05
1685,2024-02-05 13:15:00,False,13:15:00,2024-02-05
1686,2024-02-05 13:30:00,False,13:30:00,2024-02-05
1687,2024-02-05 13:45:00,False,13:45:00,2024-02-05
1688,2024-02-05 14:00:00,False,14:00:00,2024-02-05
1689,2024-02-05 14:15:00,False,14:15:00,2024-02-05
1690,2024-02-05 14:30:00,False,14:30:00,2024-02-05
1691,2024-02-05 14:45:00,False,14:45:00,2024-02-05
1692,2024-02-05 15:00:00,False,15:00:00,2024-02-05
1693,2024-02-05 15:15:00,False,15:15:00,2024-02-05
1694,2024-02-05 15:30:00,False,15:30:00,2024-02-05
1695,2024-02-05 15:45:00,False,15:45:00,2024-02-05
1696,2024-02-05 16:00:00,False,16:00:00,2024-02-05
1697,2024-02-05 16:15:00,False,16:15:00,2024-02-05
1698,2024-02-05 16:30:00,False,16:30:00,2024-02-05
1699,2024-02-05 16:45:00,False,16:45:00,2024-02-05
1700,2024-02-05 17:00:00,False,17:00:00,2024-02-05
1701,2024-02-05 17:15:00,False,17:15:00,2024-02-05
1702,2024-02-05 17:30:00,False,17:30:00,2024-02-05
1703,2024-02-05 17:45:00,False,17:45:00,2024-02-05
1704,2024-02-05 18:00:00,False,18:00:00,2024-02-05
1705,2024-02-05 18:15:00,False,18:15:00,2024-02-05
1706,2024-02-05 18:30:00,False,18:30:00,2024-02-05
1707,2024-02-05 18:45:00,False,18:45:00,2024-02-05
1708,2024-02-05 19:00:00,True,19:00:00,2024-02-05
1709,2024-02-05 19:15:00,True,19:15:00,2024-02-05
1710,2024-02-05 19:30:00,True,19:30:00,2024-02-05
1711,2024-02-05 19:45:00,True,19:45:00,2024-02-05
1712,2024-02-05 20:00:00,True,20:00:00,2024-02-05
1713,2024-02-05 20:15:00,True,20:15:00,2024-02-05
1714,2024-02-05 20:30:00,False,20:30:00,2024-02-05
1715,2024-02-05 20:45:00,False,20:45:00,2024-02-05
1716,2024-02-05 21:00:00,False,21:00:00,2024-02-05
1717,2024-02-05 21:15:00,False,21:15:00,2024-02-05
1718,2024-02-05 21:30:00,False,21:30:00,2024-02-05
1719,2024-02-05 21:45:00,False,21:45:00,2024-02-05
1720,2024-02-05 22:00:00,False,22:00:00,2024-02-05
1721,2024-02-05 22:15:00,False,22:15:00,2024-02-05
1722,2024-02-05 22:30:00,False,22:30:00,2024-02-05
1723,2024-02-05 22:45:00,False,22:45:00,2024-02-05
1724,2024-02-05 23:00:00,False,23:00:00,2024-02-05
1725,2024-02-05 23:15:00,False,23:15:00,2024-02-05
1726,2024-02-05 23:30:00,False,23:30:00,2024-02-05
1727,2024-02-05 23:45:00,False,23:45:00,2024-02-05
1728,2024-02-06 00:00:00,False,00:00:00,2024-02-06
1729,2024-02-06 00:15:00,False,00:15:00,2024-02-06
1730,2024-02-06 00:30:00,False,00:30:00,2024-02-06
1731,2024-02-06 00:45:00,False,00:45:00,2024-02-06
1732,2024-02-06 01:00:00,False,01:00:00,2024-02-06
1733,2024-02-06 01:15:00,False,01:15:00,2024-02-06
1734,2024-02-06 01:30:00,False,01:30:00,2024-02-06
1735,2024-02-06 01:45:00,False,01:45:00,2024-02-06
1736,2024-02-06 02:00:00,False,02:00:00,2024-02-06
1737,2024-02-06 02:15:00,False,02:15:00,2024-02-06
1738,2024-02-06 02:30:00,False,02:30:00,2024-02-06
1739,2024-02-06 02:45:00,False,02:45:00,2024-02-06
1740,2024-02-06 03:00:00,False,03:00:00,2024-02-06
1741,2024-02-06 03:15:00,False,03:15:00,2024-02-06
1742,2024-02-06 03:30:00,False,03:30:00,2024-02-06
1743,2024-02-06 03:45:00,False,03:45:00,2024-02-06
1744,2024-02-06 04:00:00,False,04:00:00,2024-02-06
1745,2024-02-06 04:15:00,False,04:15:00,2024-02-06
1746,2024-02-06 04:30:00,False,04:30:00,2024-02-06
1747,2024-02-06 04:45:00,False,04:45:00,2024-02-06
1748,2024-02-06 05:00:00,False,05:00:00,2024-02-06
1749,2024-02-06 05:15:00,False,05:15:00,2024-02-06
1750,2024-02-06 05:30:00,False,05:30:00,2024-02-06
1751,2024-02-06 05:45:00,False,05:45:00,2024-02-06
1752,2024-02-06 06:00:00,False,06:00:00,2024-02-06
1753,2024-02-06 06:15:00,False,06:15:00,2024-02-06
1754,2024-02-06 06:30:00,False,06:30:00,2024-02-06
1755,2024-02-06 06:45:00,False,06:45:00,2024-02-06
1756,2024-02-06 07:00:00,False,07:00:00,2024-02-06
1757,2024-02-06 07:15:00,False,07:15:00,2024-02-06
1758,2024-02-06 07:30:00,False,07:30:00,2024-02-06
1759,2024-02-06 07:45:00,False,07:45:00,2024-02-06
1760,2024-02-06 08:00:00,False,08:00:00,2024-02-06
1761,2024-02-06 08:15:00,False,08:15:00,2024-02-06
1762,2024-02-06 08:30:00,False,08:30:00,2024-02-06
1763,2024-02-06 08:45:00,False,08:45:00,2024-02-06
1764,2024-02-06 09:00:00,False,09:00:00,2024-02-06
1765,2024-02-06 09:15:00,False,09:15:00,2024-02-06
1766,2024-02-06 09:30:00,False,09:30:00,2024-02-06
1767,2024-02-06 09:45:00,False,09:45:00,2024-02-06
1768,2024-02-06 10:00:00,False,10:00:00,2024-02-06
1769,2024-02-06 10:15:00,False,10:15:00,2024-02-06
1770,2024-02-06 10:30:00,False,10:30:00,2024-02-06
1771,2024-02-06 10:45:00,False,10:45:00,2024-02-06
1772,2024-02-06 11:00:00,False,11:00:00,2024-02-06
1773,2024-02-06 11:15:00,False,11:15:00,2024-02-06
1774,2024-02-06 11:30:00,False,11:30:00,2024-02-06
1775,2024-02-06 11:45:00,False,11:45:00,2024-02-06
1776,2024-02-06 12:00:00,False,12:00:00,2024-02-06
1777,2024-02-06 12:15:00,False,12:15:00,2024-02-06
1778,2024-02-06 12:30:00,False,12:30:00,2024-02-06
1779,2024-02-06 12:45:00,False,12:45:00,2024-02-06
1780,2024-02-06 13:00:00,False,13:00:00,2024-02-06
1781,2024-02-06 13:15:00,False,13:15:00,2024-02-06
1782,2024-02-06 13:30:00,False,13:30:00,2024-02-06
1783,2024-02-06 13:45:00,False,13:45:00,2024-02-06
1784,2024-02-06 14:00:00,False,14:00:00,2024-02-06
1785,2024-02-06 14:15:00,False,14:15:00,2024-02-06
1786,2024-02-06 14:30:00,False,14:30:00,2024-02-06
1787,2024-02-06 14:45:00,False,14:45:00,2024-02-06
1788,2024-02-06 15:00:00,False,15:00:00,2024-02-06
1789,2024-02-06 15:15:00,False,15:15:00,2024-02-06
1790,2024-02-06 15:30:00,False,15:30:00,2024-02-06
1791,2024-02-06 15:45:00,False,15:45:00,2024-02-06
1792,2024-02-06 16:00:00,False,16:00:00,2024-02-06
1793,2024-02-06 16:15:00,False,16:15:00,2024-02-06
1794,2024-02-06 16:30:00,False,16:30:00,2024-02-06
1795,2024-02-06 16:45:00,False,16:45:00,2024-02-06
1796,2024-02-06 17:00:00,False,17:00:00,2024-02-06
1797,2024-02-06 17:15:00,False,17:15:00,2024-02-06
1798,2024-02-06 17:30:00,False,17:30:00,2024-02-06
1799,2024-02-06 17:45:00,False,17:45:00,2024-02-06
1800,2024-02-06 18:00:00,False,18:00:00,2024-02-06
1801,2024-02-06 18:15:00,False,18:15:00,2024-02-06
1802,2024-02-06 18:30:00,False,18:30:00,2024-02-06
1803,2024-02-06 18:45:00,False,18:45:00,2024-02-06
1804,2024-02-06 19:00:00,False,19:00:00,2024-02-06
1805,2024-02-06 19:15:00,False,19:15:00,2024-02-06
1806,2024-02-06 19:30:00,False,19:30:00,2024-02-06
1807,2024-02-06 19:45:00,False,19:45:00,2024-02-06
1808,2024-02-06 20:00:00,False,20:00:00,2024-02-06
1809,2024-02-06 20:15:00,False,20:15:00,2024-02-06
1810,2024-02-06 20:30:00,False,20:30:00,2024-02-06
1811,2024-02-06 20:45:00,False,20:45:00,2024-02-06
1812,2024-02-06 21:00:00,False,21:00:00,2024-02-06
1813,2024-02-06 21:15:00,False,21:15:00,2024-02-06
1814,2024-02-06 21:30:00,False,21:30:00,2024-02-06
1815,2024-02-06 21:45:00,False,21:45:00,2024-02-06
1816,2024-02-06 22:00:00,False,22:00:00,2024-02-06
1817,2024-02-06 22:15:00,False,22:15:00,2024-02-06
1818,2024-02-06 22:30:00,False,22:30:00,2024-02-06
1819,2024-02-06 22:45:00,False,22:45:00,2024-02-06
1820,2024-02-06 23:00:00,False,23:00:00,2024-02-06
1821,2024-02-06 23:15:00,False,23:15:00,2024-02-06
1822,2024-02-06 23:30:00,False,23:30:00,2024-02-06
1823,2024-02-06 23:45:00,False,23:45:00,2024-02-06
1824,2024-02-07 00:00:00,False,00:00:00,2024-02-07
1825,2024-02-07 00:15:00,False,00:15:00,2024-02-07
1826,2024-02-07 00:30:00,False,00:30:00,2024-02-07
1827,2024-02-07 00:45:00,False,00:45:00,2024-02-07
1828,2024-02-07 01:00:00,False,01:00:00,2024-02-07
1829,2024-02-07 01:15:00,False,01:15:00,2024-02-07
1830,2024-02-07 01:30:00,False,01:30:00,2024-02-07
1831,2024-02-07 01:45:00,False,01:45:00,2024-02-07
1832,2024-02-07 02:00:00,False,02:00:00,2024-02-07
1833,2024-02-07 02:15:00,False,02:15:00,2024-02-07
1834,2024-02-07 02:30:00,False,02:30:00,2024-02-07
1835,2024-02-07 02:45:00,False,02:45:00,2024-02-07
1836,2024-02-07 03:00:00,False,03:00:00,2024-02-07
1837,2024-02-07 03:15:00,False,03:15:00,2024-02-07
1838,2024-02-07 03:30:00,False,03:30:00,2024-02-07
1839,2024-02-07 03:45:00,False,03:45:00,2024-02-07
1840,2024-02-07 04:00:00,False,04:00:00,2024-02-07
1841,2024-02-07 04:15:00,False,04:15:00,2024-02-07
1842,2024-02-07 04:30:00,False,04:30:00,2024-02-07
1843,2024-02-07 04:45:00,False,04:45:00,2024-02-07
1844,2024-02-07 05:00:00,False,05:00:00,2024-02-07
1845,2024-02-07 05:15:00,False,05:15:00,2024-02-07
1846,2024-02-07 05:30:00,False,05:30:00,2024-02-07
1847,2024-02-07 05:45:00,False,05:45:00,2024-02-07
1848,2024-02-07 06:00:00,False,06:00:00,2024-02-07
1849,2024-02-07 06:15:00,False,06:15:00,2024-02-07
1850,2024-02-07 06:30:00,False,06:30:00,2024-02-07
1851,2024-02-07 06:45:00,False,06:45:00,2024-02-07
1852,2024-02-07 07:00:00,False,07:00:00,2024-02-07
1853,2024-02-07 07:15:00,False,07:15:00,2024-02-07
1854,2024-02-07 07:30:00,False,07:30:00,2024-02-07
1855,2024-02-07 07:45:00,False,07:45:00,2024-02-07
1856,2024-02-07 08:00:00,False,08:00:00,2024-02-07
1857,2024-02-07 08:15:00,False,08:15:00,2024-02-07
1858,2024-02-07 08:30:00,False,08:30:00,2024-02-07
1859,2024-02-07 08:45:00,False,08:45:00,2024-02-07
1860,2024-02-07 09:00:00,False,09:00:00,2024-02-07
1861,2024-02-07 09:15:00,False,09:15:00,2024-02-07
1862,2024-02-07 09:30:00,False,09:30:00,2024-02-07
1863,2024-02-07 09:45:00,False,09:45:00,2024-02-07
1864,2024-02-07 10:00:00,False,10:00:00,2024-02-07
1865,2024-02-07 10:15:00,False,10:15:00,2024-02-07
1866,2024-02-07 10:30:00,False,10:30:00,2024-02-07
1867,2024-02-07 10:45:00,False,10:45:00,2024-02-07
1868,2024-02-07 11:00:00,False,11:00:00,2024-02-07
1869,2024-02-07 11:15:00,False,11:15:00,2024-02-07
1870,2024-02-07 11:30:00,False,11:30:00,2024-02-07
1871,2024-02-07 11:45:00,False,11:45:00,2024-02-07
1872,2024-02-07 12:00:00,False,12:00:00,2024-02-07
1873,2024-02-07 12:15:00,False,12:15:00,2024-02-07
1874,2024-02-07 12:30:00,False,12:30:00,2024-02-07
1875,2024-02-07 12:45:00,False,12:45:00,2024-02-07
1876,2024-02-07 13:00:00,False,13:00:00,2024-02-07
1877,2024-02-07 13:15:00,False,13:15:00,2024-02-07
1878,2024-02-07 13:30:00,False,13:30:00,2024-02-07
1879,2024-02-07 13:45:00,False,13:45:00,2024-02-07
1880,2024-02-07 14:00:00,False,14:00:00,2024-02-07
1881,2024-02-07 14:15:00,False,14:15:00,2024-02-07
1882,2024-02-07 14:30:00,False,14:30:00,2024-02-07
1883,2024-02-07 14:45:00,False,14:45:00,2024-02-07
1884,2024-02-07 15:00:00,False,15:00:00,2024-02-07
1885,2024-02-07 15:15:00,False,15:15:00,2024-02-07
1886,2024-02-07 15:30:00,False,15:30:00,2024-02-07
1887,2024-02-07 15:45:00,False,15:45:00,2024-02-07
1888,2024-02-07 16:00:00,False,16:00:00,2024-02-07
1889,2024-02-07 16:15:00,False,16:15:00,2024-02-07
1890,2024-02-07 16:30:00,False,16:30:00,2024-02-07
1891,2024-02-07 16:45:00,False,16:45:00,2024-02-07
1892,2024-02-07 17:00:00,False,17:00:00,2024-02-07
1893,2024-02-07 17:15:00,False,17:15:00,2024-02-07
1894,2024-02-07 17:30:00,False,17:30:00,2024-02-07
1895,2024-02-07 17:45:00,False,17:45:00,2024-02-07
1896,2024-02-07 18:00:00,False,18:00:00,2024-02-07
1897,2024-02-07 18:15:00,False,18:15:00,2024-02-07
1898,2024-02-07 18:30:00,False,18:30:00,2024-02-07
1899,2024-02-07 18:45:00,False,18:45:00,2024-02-07
1900,2024-02-07 19:00:00,False,19:00:00,2024-02-07
1901,2024-02-07 19:15:00,False,19:15:00,2024-02-07
1902,2024-02-07 19:30:00,False,19:30:00,2024-02-07
1903,2024-02-07 19:45:00,False,19:45:00,2024-02-07
1904,2024-02-07 20:00:00,False,20:00:00,2024-02-07
1905,2024-02-07 20:15:00,False,20:15:00,2024-02-07
1906,2024-02-07 20:30:00,False,20:30:00,2024-02-07
1907,2024-02-07 20:45:00,False,20:45:00,2024-02-07
1908,2024-02-07 21:00:00,False,21:00:00,2024-02-07
1909,2024-02-07 21:15:00,False,21:15:00,2024-02-07
1910,2024-02-07 21:30:00,False,21:30:00,2024-02-07
1911,2024-02-07 21:45:00,False,21:45:00,2024-02-07
1912,2024-02-07 22:00:00,False,22:00:00,2024-02-07
1913,2024-02-07 22:15:00,False,22:15:00,2024-02-07
1914,2024-02-07 22:30:00,False,22:30:00,2024-02-07
1915,2024-02-07 22:45:00,False,22:45:00,2024-02-07
1916,2024-02-07 23:00:00,False,23:00:00,2024-02-07
1917,2024-02-07 23:15:00,False,23:15:00,2024-02-07
1918,2024-02-07 23:30:00,False,23:30:00,2024-02-07
1919,2024-02-07 23:45:00,False,23:45:00,2024-02-07
1920,2024-02-08 00:00:00,False,00:00:00,2024-02-08
1921,2024-02-08 00:15:00,False,00:15:00,2024-02-08
1922,2024-02-08 00:30:00,False,00:30:00,2024-02-08
1923,2024-02-08 00:45:00,False,00:45:00,2024-02-08
1924,2024-02-08 01:00:00,False,01:00:00,2024-02-08
1925,2024-02-08 01:15:00,False,01:15:00,2024-02-08
1926,2024-02-08 01:30:00,False,01:30:00,2024-02-08
1927,2024-02-08 01:45:00,False,01:45:00,2024-02-08
1928,2024-02-08 02:00:00,False,02:00:00,2024-02-08
1929,2024-02-08 02:15:00,False,02:15:00,2024-02-08
1930,2024-02-08 02:30:00,False,02:30:00,2024-02-08
1931,2024-02-08 02:45:00,False,02:45:00,2024-02-08
1932,2024-02-08 03:00:00,False,03:00:00,2024-02-08
1933,2024-02-08 03:15:00,False,03:15:00,2024-02-08
1934,2024-02-08 03:30:00,False,03:30:00,2024-02-08
1935,2024-02-08 03:45:00,False,03:45:00,2024-02-08
1936,2024-02-08 04:00:00,False,04:00:00,2024-02-08
1937,2024-02-08 04:15:00,False,04:15:00,2024-02-08
1938,2024-02-08 04:30:00,False,04:30:00,2024-02-08
1939,2024-02-08 04:45:00,False,04:45:00,2024-02-08
1940,2024-02-08 05:00:00,False,05:00:00,2024-02-08
1941,2024-02-08 05:15:00,False,05:15:00,2024-02-08
1942,2024-02-08 05:30:00,False,05:30:00,2024-02-08
1943,2024-02-08 05:45:00,False,05:45:00,2024-02-08
1944,2024-02-08 06:00:00,False,06:00:00,2024-02-08
1945,2024-02-08 06:15:00,False,06:15:00,2024-02-08
1946,2024-02-08 06:30:00,False,06:30:00,2024-02-08
1947,2024-02-08 06:45:00,False,06:45:00,2024-02-08
1948,2024-02-08 07:00:00,True,07:00:00,2024-02-08
1949,2024-02-08 07:15:00,False,07:15:00,2024-02-08
1950,2024-02-08 07:30:00,False,07:30:00,2024-02-08
1951,2024-02-08 07:45:00,False,07:45:00,2024-02-08
1952,2024-02-08 08:00:00,False,08:00:00,2024-02-08
1953,2024-02-08 08:15:00,False,08:15:00,2024-02-08
1954,2024-02-08 08:30:00,False,08:30:00,2024-02-08
1955,2024-02-08 08:45:00,False,08:45:00,2024-02-08
1956,2024-02-08 09:00:00,False,09:00:00,2024-02-08
1957,2024-02-08 09:15:00,False,09:15:00,2024-02-08
1958,2024-02-08 09:30:00,False,09:30:00,2024-02-08
1959,2024-02-08 09:45:00,False,09:45:00,2024-02-08
1960,2024-02-08 10:00:00,False,10:00:00,2024-02-08
1961,2024-02-08 10:15:00,False,10:15:00,2024-02-08
1962,2024-02-08 10:30:00,False,10:30:00,2024-02-08
1963,2024-02-08 10:45:00,False,10:45:00,2024-02-08
1964,2024-02-08 11:00:00,False,11:00:00,2024-02-08
1965,2024-02-08 11:15:00,False,11:15:00,2024-02-08
1966,2024-02-08 11:30:00,False,11:30:00,2024-02-08
1967,2024-02-08 11:45:00,False,11:45:00,2024-02-08
1968,2024-02-08 12:00:00,False,12:00:00,2024-02-08
1969,2024-02-08 12:15:00,False,12:15:00,2024-02-08
1970,2024-02-08 12:30:00,False,12:30:00,2024-02-08
1971,2024-02-08 12:45:00,False,12:45:00,2024-02-08
1972,2024-02-08 13:00:00,False,13:00:00,2024-02-08
1973,2024-02-08 13:15:00,False,13:15:00,2024-02-08
1974,2024-02-08 13:30:00,False,13:30:00,2024-02-08
1975,2024-02-08 13:45:00,False,13:45:00,2024-02-08
1976,2024-02-08 14:00:00,False,14:00:00,2024-02-08
1977,2024-02-08 14:15:00,False,14:15:00,2024-02-08
1978,2024-02-08 14:30:00,False,14:30:00,2024-02-08
1979,2024-02-08 14:45:00,False,14:45:00,2024-02-08
1980,2024-02-08 15:00:00,False,15:00:00,2024-02-08
1981,2024-02-08 15:15:00,False,15:15:00,2024-02-08
1982,2024-02-08 15:30:00,False,15:30:00,2024-02-08
1983,2024-02-08 15:45:00,False,15:45:00,2024-02-08
1984,2024-02-08 16:00:00,False,16:00:00,2024-02-08
1985,2024-02-08 16:15:00,False,16:15:00,2024-02-08
1986,2024-02-08 16:30:00,False,16:30:00,2024-02-08
1987,2024-02-08 16:45:00,False,16:45:00,2024-02-08
1988,2024-02-08 17:00:00,False,17:00:00,2024-02-08
1989,2024-02-08 17:15:00,False,17:15:00,2024-02-08
1990,2024-02-08 17:30:00,False,17:30:00,2024-02-08
1991,2024-02-08 17:45:00,False,17:45:00,2024-02-08
1992,2024-02-08 18:00:00,False,18:00:00,2024-02-08
1993,2024-02-08 18:15:00,False,18:15:00,2024-02-08
1994,2024-02-08 18:30:00,False,18:30:00,2024-02-08
1995,2024-02-08 18:45:00,False,18:45:00,2024-02-08
1996,2024-02-08 19:00:00,False,19:00:00,2024-02-08
1997,2024-02-08 19:15:00,False,19:15:00,2024-02-08
1998,2024-02-08 19:30:00,False,19:30:00,2024-02-08
1999,2024-02-08 19:45:00,False,19:45:00,2024-02-08
2000,2024-02-08 20:00:00,True,20:00:00,2024-02-08
2001,2024-02-08 20:15:00,True,20:15:00,2024-02-08
2002,2024-02-08 20:30:00,True,20:30:00,2024-02-08
2003,2024-02-08 20:45:00,False,20:45:00,2024-02-08
2004,2024-02-08 21:00:00,False,21:00:00,2024-02-08
2005,2024-02-08 21:15:00,False,21:15:00,2024-02-08
2006,2024-02-08 21:30:00,False,21:30:00,2024-02-08
2007,2024-02-08 21:45:00,False,21:45:00,2024-02-08
2008,2024-02-08 22:00:00,False,22:00:00,2024-02-08
2009,2024-02-08 22:15:00,False,22:15:00,2024-02-08
2010,2024-02-08 22:30:00,False,22:30:00,2024-02-08
2011,2024-02-08 22:45:00,False,22:45:00,2024-02-08
2012,2024-02-08 23:00:00,False,23:00:00,2024-02-08
2013,2024-02-08 23:15:00,False,23:15:00,2024-02-08
2014,2024-02-08 23:30:00,False,23:30:00,2024-02-08
2015,2024-02-08 23:45:00,False,23:45:00,2024-02-08
2016,2024-02-09 00:00:00,False,00:00:00,2024-02-09
2017,2024-02-09 00:15:00,False,00:15:00,2024-02-09
2018,2024-02-09 00:30:00,False,00:30:00,2024-02-09
2019,2024-02-09 00:45:00,False,00:45:00,2024-02-09
2020,2024-02-09 01:00:00,False,01:00:00,2024-02-09
2021,2024-02-09 01:15:00,False,01:15:00,2024-02-09
2022,2024-02-09 01:30:00,False,01:30:00,2024-02-09
2023,2024-02-09 01:45:00,False,01:45:00,2024-02-09
2024,2024-02-09 02:00:00,False,02:00:00,2024-02-09
2025,2024-02-09 02:15:00,False,02:15:00,2024-02-09
2026,2024-02-09 02:30:00,False,02:30:00,2024-02-09
2027,2024-02-09 02:45:00,False,02:45:00,2024-02-09
2028,2024-02-09 03:00:00,False,03:00:00,2024-02-09
2029,2024-02-09 03:15:00,False,03:15:00,2024-02-09
2030,2024-02-09 03:30:00,False,03:30:00,2024-02-09
2031,2024-02-09 03:45:00,False,03:45:00,2024-02-09
2032,2024-02-09 04:00:00,False,04:00:00,2024-02-09
2033,2024-02-09 04:15:00,False,04:15:00,2024-02-09
2034,2024-02-09 04:30:00,False,04:30:00,2024-02-09
2035,2024-02-09 04:45:00,False,04:45:00,2024-02-09
2036,2024-02-09 05:00:00,False,05:00:00,2024-02-09
2037,2024-02-09 05:15:00,False,05:15:00,2024-02-09
2038,2024-02-09 05:30:00,False,05:30:00,2024-02-09
2039,2024-02-09 05:45:00,False,05:45:00,2024-02-09
2040,2024-02-09 06:00:00,False,06:00:00,2024-02-09
2041,2024-02-09 06:15:00,False,06:15:00,2024-02-09
2042,2024-02-09 06:30:00,False,06:30:00,2024-02-09
2043,2024-02-09 06:45:00,False,06:45:00,2024-02-09
2044,2024-02-09 07:00:00,False,07:00:00,2024-02-09
2045,2024-02-09 07:15:00,False,07:15:00,2024-02-09
2046,2024-02-09 07:30:00,False,07:30:00,2024-02-09
2047,2024-02-09 07:45:00,False,07:45:00,2024-02-09
2048,2024-02-09 08:00:00,False,08:00:00,2024-02-09
2049,2024-02-09 08:15:00,False,08:15:00,2024-02-09
2050,2024-02-09 08:30:00,False,08:30:00,2024-02-09
2051,2024-02-09 08:45:00,False,08:45:00,2024-02-09
2052,2024-02-09 09:00:00,False,09:00:00,2024-02-09
2053,2024-02-09 09:15:00,False,09:15:00,2024-02-09
2054,2024-02-09 09:30:00,False,09:30:00,2024-02-09
2055,2024-02-09 09:45:00,False,09:45:00,2024-02-09
2056,2024-02-09 10:00:00,False,10:00:00,2024-02-09
2057,2024-02-09 10:15:00,False,10:15:00,2024-02-09
2058,2024-02-09 10:30:00,False,10:30:00,2024-02-09
2059,2024-02-09 10:45:00,False,10:45:00,2024-02-09
2060,2024-02-09 11:00:00,False,11:00:00,2024-02-09
2061,2024-02-09 11:15:00,False,11:15:00,2024-02-09
2062,2024-02-09 11:30:00,False,11:30:00,2024-02-09
2063,2024-02-09 11:45:00,False,11:45:00,2024-02-09
2064,2024-02-09 12:00:00,False,12:00:00,2024-02-09
2065,2024-02-09 12:15:00,False,12:15:00,2024-02-09
2066,2024-02-09 12:30:00,False,12:30:00,2024-02-09
2067,2024-02-09 12:45:00,False,12:45:00,2024-02-09
2068,2024-02-09 13:00:00,False,13:00:00,2024-02-09
2069,2024-02-09 13:15:00,False,13:15:00,2024-02-09
2070,2024-02-09 13:30:00,False,13:30:00,2024-02-09
2071,2024-02-09 13:45:00,False,13:45:00,2024-02-09
2072,2024-02-09 14:00:00,False,14:00:00,2024-02-09
2073,2024-02-09 14:15:00,False,14:15:00,2024-02-09
2074,2024-02-09 14:30:00,False,14:30:00,2024-02-09
2075,2024-02-09 14:45:00,False,14:45:00,2024-02-09
2076,2024-02-09 15:00:00,False,15:00:00,2024-02-09
2077,2024-02-09 15:15:00,False,15:15:00,2024-02-09
2078,2024-02-09 15:30:00,False,15:30:00,2024-02-09
2079,2024-02-09 15:45:00,False,15:45:00,2024-02-09
2080,2024-02-09 16:00:00,False,16:00:00,2024-02-09
2081,2024-02-09 16:15:00,False,16:15:00,2024-02-09
2082,2024-02-09 16:30:00,False,16:30:00,2024-02-09
2083,2024-02-09 16:45:00,False,16:45:00,2024-02-09
2084,2024-02-09 17:00:00,False,17:00:00,2024-02-09
2085,2024-02-09 17:15:00,False,17:15:00,2024-02-09
2086,2024-02-09 17:30:00,False,17:30:00,2024-02-09
2087,2024-02-09 17:45:00,False,17:45:00,2024-02-09
2088,2024-02-09 18:00:00,False,18:00:00,2024-02-09
2089,2024-02-09 18:15:00,False,18:15:00,2024-02-09
2090,2024-02-09 18:30:00,False,18:30:00,2024-02-09
2091,2024-02-09 18:45:00,False,18:45:00,2024-02-09
2092,2024-02-09 19:00:00,False,19:00:00,2024-02-09
2093,2024-02-09 19:15:00,False,19:15:00,2024-02-09
2094,2024-02-09 19:30:00,False,19:30:00,2024-02-09
2095,2024-02-09 19:45:00,False,19:45:00,2024-02-09
2096,2024-02-09 20:00:00,False,20:00:00,2024-02-09
2097,2024-02-09 20:15:00,False,20:15:00,2024-02-09
2098,2024-02-09 20:30:00,False,20:30:00,2024-02-09
2099,2024-02-09 20:45:00,False,20:45:00,2024-02-09
2100,2024-02-09 21:00:00,False,21:00:00,2024-02-09
2101,2024-02-09 21:15:00,False,21:15:00,2024-02-09
2102,2024-02-09 21:30:00,False,21:30:00,2024-02-09
2103,2024-02-09 21:45:00,False,21:45:00,2024-02-09
2104,2024-02-09 22:00:00,False,22:00:00,2024-02-09
2105,2024-02-09 22:15:00,False,22:15:00,2024-02-09
2106,2024-02-09 22:30:00,False,22:30:00,2024-02-09
2107,2024-02-09 22:45:00,False,22:45:00,2024-02-09
2108,2024-02-09 23:00:00,False,23:00:00,2024-02-09
2109,2024-02-09 23:15:00,False,23:15:00,2024-02-09
2110,2024-02-09 23:30:00,False,23:30:00,2024-02-09
2111,2024-02-09 23:45:00,False,23:45:00,2024-02-09
2112,2024-02-10 00:00:00,False,00:00:00,2024-02-10
2113,2024-02-10 00:15:00,False,00:15:00,2024-02-10
2114,2024-02-10 00:30:00,False,00:30:00,2024-02-10
2115,2024-02-10 00:45:00,False,00:45:00,2024-02-10
2116,2024-02-10 01:00:00,False,01:00:00,2024-02-10
2117,2024-02-10 01:15:00,False,01:15:00,2024-02-10
2118,2024-02-10 01:30:00,False,01:30:00,2024-02-10
2119,2024-02-10 01:45:00,False,01:45:00,2024-02-10
2120,2024-02-10 02:00:00,False,02:00:00,2024-02-10
2121,2024-02-10 02:15:00,False,02:15:00,2024-02-10
2122,2024-02-10 02:30:00,False,02:30:00,2024-02-10
2123,2024-02-10 02:45:00,False,02:45:00,2024-02-10
2124,2024-02-10 03:00:00,False,03:00:00,2024-02-10
2125,2024-02-10 03:15:00,False,03:15:00,2024-02-10
2126,2024-02-10 03:30:00,False,03:30:00,2024-02-10
2127,2024-02-10 03:45:00,False,03:45:00,2024-02-10
2128,2024-02-10 04:00:00,False,04:00:00,2024-02-10
2129,2024-02-10 04:15:00,False,04:15:00,2024-02-10
2130,2024-02-10 04:30:00,False,04:30:00,2024-02-10
2131,2024-02-10 04:45:00,False,04:45:00,2024-02-10
2132,2024-02-10 05:00:00,False,05:00:00,2024-02-10
2133,2024-02-10 05:15:00,False,05:15:00,2024-02-10
2134,2024-02-10 05:30:00,False,05:30:00,2024-02-10
2135,2024-02-10 05:45:00,False,05:45:00,2024-02-10
2136,2024-02-10 06:00:00,False,06:00:00,2024-02-10
2137,2024-02-10 06:15:00,False,06:15:00,2024-02-10
2138,2024-02-10 06:30:00,False,06:30:00,2024-02-10
2139,2024-02-10 06:45:00,False,06:45:00,2024-02-10
2140,2024-02-10 07:00:00,False,07:00:00,2024-02-10
2141,2024-02-10 07:15:00,True,07:15:00,2024-02-10
2142,2024-02-10 07:30:00,False,07:30:00,2024-02-10
2143,2024-02-10 07:45:00,False,07:45:00,2024-02-10
2144,2024-02-10 08:00:00,False,08:00:00,2024-02-10
2145,2024-02-10 08:15:00,False,08:15:00,2024-02-10
2146,2024-02-10 08:30:00,False,08:30:00,2024-02-10
2147,2024-02-10 08:45:00,False,08:45:00,2024-02-10
2148,2024-02-10 09:00:00,False,09:00:00,2024-02-10
2149,2024-02-10 09:15:00,False,09:15:00,2024-02-10
2150,2024-02-10 09:30:00,False,09:30:00,2024-02-10
2151,2024-02-10 09:45:00,False,09:45:00,2024-02-10
2152,2024-02-10 10:00:00,False,10:00:00,2024-02-10
2153,2024-02-10 10:15:00,False,10:15:00,2024-02-10
2154,2024-02-10 10:30:00,False,10:30:00,2024-02-10
2155,2024-02-10 10:45:00,False,10:45:00,2024-02-10
2156,2024-02-10 11:00:00,False,11:00:00,2024-02-10
2157,2024-02-10 11:15:00,False,11:15:00,2024-02-10
2158,2024-02-10 11:30:00,False,11:30:00,2024-02-10
2159,2024-02-10 11:45:00,False,11:45:00,2024-02-10
2160,2024-02-10 12:00:00,False,12:00:00,2024-02-10
2161,2024-02-10 12:15:00,False,12:15:00,2024-02-10
2162,2024-02-10 12:30:00,False,12:30:00,2024-02-10
2163,2024-02-10 12:45:00,False,12:45:00,2024-02-10
2164,2024-02-10 13:00:00,False,13:00:00,2024-02-10
2165,2024-02-10 13:15:00,False,13:15:00,2024-02-10
2166,2024-02-10 13:30:00,False,13:30:00,2024-02-10
2167,2024-02-10 13:45:00,False,13:45:00,2024-02-10
2168,2024-02-10 14:00:00,False,14:00:00,2024-02-10
2169,2024-02-10 14:15:00,False,14:15:00,2024-02-10
2170,2024-02-10 14:30:00,False,14:30:00,2024-02-10
2171,2024-02-10 14:45:00,False,14:45:00,2024-02-10
2172,2024-02-10 15:00:00,False,15:00:00,2024-02-10
2173,2024-02-10 15:15:00,False,15:15:00,2024-02-10
2174,2024-02-10 15:30:00,False,15:30:00,2024-02-10
2175,2024-02-10 15:45:00,False,15:45:00,2024-02-10
2176,2024-02-10 16:00:00,False,16:00:00,2024-02-10
2177,2024-02-10 16:15:00,False,16:15:00,2024-02-10
2178,2024-02-10 16:30:00,False,16:30:00,2024-02-10
2179,2024-02-10 16:45:00,False,16:45:00,2024-02-10
2180,2024-02-10 17:00:00,False,17:00:00,2024-02-10
2181,2024-02-10 17:15:00,False,17:15:00,2024-02-10
2182,2024-02-10 17:30:00,False,17:30:00,2024-02-10
2183,2024-02-10 17:45:00,False,17:45:00,2024-02-10
2184,2024-02-10 18:00:00,False,18:00:00,2024-02-10
2185,2024-02-10 18:15:00,False,18:15:00,2024-02-10
2186,2024-02-10 18:30:00,False,18:30:00,2024-02-10
2187,2024-02-10 18:45:00,False,18:45:00,2024-02-10
2188,2024-02-10 19:00:00,False,19:00:00,2024-02-10
2189,2024-02-10 19:15:00,False,19:15:00,2024-02-10
2190,2024-02-10 19:30:00,False,19:30:00,2024-02-10
2191,2024-02-10 19:45:00,False,19:45:00,2024-02-10
2192,2024-02-10 20:00:00,False,20:00:00,2024-02-10
2193,2024-02-10 20:15:00,False,20:15:00,2024-02-10
2194,2024-02-10 20:30:00,False,20:30:00,2024-02-10
2195,2024-02-10 20:45:00,False,20:45:00,2024-02-10
2196,2024-02-10 21:00:00,False,21:00:00,2024-02-10
2197,2024-02-10 21:15:00,False,21:15:00,2024-02-10
2198,2024-02-10 21:30:00,False,21:30:00,2024-02-10
2199,2024-02-10 21:45:00,False,21:45:00,2024-02-10
2200,2024-02-10 22:00:00,False,22:00:00,2024-02-10
2201,2024-02-10 22:15:00,False,22:15:00,2024-02-10
2202,2024-02-10 22:30:00,False,22:30:00,2024-02-10
2203,2024-02-10 22:45:00,False,22:45:00,2024-02-10
2204,2024-02-10 23:00:00,False,23:00:00,2024-02-10
2205,2024-02-10 23:15:00,False,23:15:00,2024-02-10
2206,2024-02-10 23:30:00,False,23:30:00,2024-02-10
2207,2024-02-10 23:45:00,False,23:45:00,2024-02-10
2208,2024-02-11 00:00:00,False,00:00:00,2024-02-11
2209,2024-02-11 00:15:00,False,00:15:00,2024-02-11
2210,2024-02-11 00:30:00,False,00:30:00,2024-02-11
2211,2024-02-11 00:45:00,False,00:45:00,2024-02-11
2212,2024-02-11 01:00:00,False,01:00:00,2024-02-11
2213,2024-02-11 01:15:00,False,01:15:00,2024-02-11
2214,2024-02-11 01:30:00,False,01:30:00,2024-02-11
2215,2024-02-11 01:45:00,False,01:45:00,2024-02-11
2216,2024-02-11 02:00:00,False,02:00:00,2024-02-11
2217,2024-02-11 02:15:00,False,02:15:00,2024-02-11
2218,2024-02-11 02:30:00,False,02:30:00,2024-02-11
2219,2024-02-11 02:45:00,False,02:45:00,2024-02-11
2220,2024-02-11 03:00:00,False,03:00:00,2024-02-11
2221,2024-02-11 03:15:00,False,03:15:00,2024-02-11
2222,2024-02-11 03:30:00,False,03:30:00,2024-02-11
2223,2024-02-11 03:45:00,False,03:45:00,2024-02-11
2224,2024-02-11 04:00:00,False,04:00:00,2024-02-11
2225,2024-02-11 04:15:00,False,04:15:00,2024-02-11
2226,2024-02-11 04:30:00,False,04:30:00,2024-02-11
2227,2024-02-11 04:45:00,False,04:45:00,2024-02-11
2228,2024-02-11 05:00:00,False,05:00:00,2024-02-11
2229,2024-02-11 05:15:00,False,05:15:00,2024-02-11
2230,2024-02-11 05:30:00,False,05:30:00,2024-02-11
2231,2024-02-11 05:45:00,False,05:45:00,2024-02-11
2232,2024-02-11 06:00:00,False,06:00:00,2024-02-11
2233,2024-02-11 06:15:00,False,06:15:00,2024-02-11
2234,2024-02-11 06:30:00,False,06:30:00,2024-02-11
2235,2024-02-11 06:45:00,False,06:45:00,2024-02-11
2236,2024-02-11 07:00:00,False,07:00:00,2024-02-11
2237,2024-02-11 07:15:00,False,07:15:00,2024-02-11
2238,2024-02-11 07:30:00,False,07:30:00,2024-02-11
2239,2024-02-11 07:45:00,False,07:45:00,2024-02-11
2240,2024-02-11 08:00:00,False,08:00:00,2024-02-11
2241,2024-02-11 08:15:00,False,08:15:00,2024-02-11
2242,2024-02-11 08:30:00,False,08:30:00,2024-02-11
2243,2024-02-11 08:45:00,False,08:45:00,2024-02-11
2244,2024-02-11 09:00:00,False,09:00:00,2024-02-11
2245,2024-02-11 09:15:00,False,09:15:00,2024-02-11
2246,2024-02-11 09:30:00,False,09:30:00,2024-02-11
2247,2024-02-11 09:45:00,False,09:45:00,2024-02-11
2248,2024-02-11 10:00:00,False,10:00:00,2024-02-11
2249,2024-02-11 10:15:00,False,10:15:00,2024-02-11
2250,2024-02-11 10:30:00,False,10:30:00,2024-02-11
2251,2024-02-11 10:45:00,False,10:45:00,2024-02-11
2252,2024-02-11 11:00:00,False,11:00:00,2024-02-11
2253,2024-02-11 11:15:00,False,11:15:00,2024-02-11
2254,2024-02-11 11:30:00,False,11:30:00,2024-02-11
2255,2024-02-11 11:45:00,False,11:45:00,2024-02-11
2256,2024-02-11 12:00:00,False,12:00:00,2024-02-11
2257,2024-02-11 12:15:00,False,12:15:00,2024-02-11
2258,2024-02-11 12:30:00,False,12:30:00,2024-02-11
2259,2024-02-11 12:45:00,False,12:45:00,2024-02-11
2260,2024-02-11 13:00:00,False,13:00:00,2024-02-11
2261,2024-02-11 13:15:00,False,13:15:00,2024-02-11
2262,2024-02-11 13:30:00,False,13:30:00,2024-02-11
2263,2024-02-11 13:45:00,False,13:45:00,2024-02-11
2264,2024-02-11 14:00:00,False,14:00:00,2024-02-11
2265,2024-02-11 14:15:00,False,14:15:00,2024-02-11
2266,2024-02-11 14:30:00,False,14:30:00,2024-02-11
2267,2024-02-11 14:45:00,False,14:45:00,2024-02-11
2268,2024-02-11 15:00:00,False,15:00:00,2024-02-11
2269,2024-02-11 15:15:00,False,15:15:00,2024-02-11
2270,2024-02-11 15:30:00,False,15:30:00,2024-02-11
2271,2024-02-11 15:45:00,False,15:45:00,2024-02-11
2272,2024-02-11 16:00:00,False,16:00:00,2024-02-11
2273,2024-02-11 16:15:00,False,16:15:00,2024-02-11
2274,2024-02-11 16:30:00,False,16:30:00,2024-02-11
2275,2024-02-11 16:45:00,False,16:45:00,2024-02-11
2276,2024-02-11 17:00:00,False,17:00:00,2024-02-11
2277,2024-02-11 17:15:00,False,17:15:00,2024-02-11
2278,2024-02-11 17:30:00,False,17:30:00,2024-02-11
2279,2024-02-11 17:45:00,False,17:45:00,2024-02-11
2280,2024-02-11 18:00:00,False,18:00:00,2024-02-11
2281,2024-02-11 18:15:00,False,18:15:00,2024-02-11
2282,2024-02-11 18:30:00,False,18:30:00,2024-02-11
2283,2024-02-11 18:45:00,False,18:45:00,2024-02-11
2284,2024-02-11 19:00:00,True,19:00:00,2024-02-11
2285,2024-02-11 19:15:00,True,19:15:00,2024-02-11
2286,2024-02-11 19:30:00,True,19:30:00,2024-02-11
2287,2024-02-11 19:45:00,True,19:45:00,2024-02-11
2288,2024-02-11 20:00:00,True,20:00:00,2024-02-11
2289,2024-02-11 20:15:00,True,20:15:00,2024-02-11
2290,2024-02-11 20:30:00,False,20:30:00,2024-02-11
2291,2024-02-11 20:45:00,False,20:45:00,2024-02-11
2292,2024-02-11 21:00:00,False,21:00:00,2024-02-11
2293,2024-02-11 21:15:00,False,21:15:00,2024-02-11
2294,2024-02-11 21:30:00,False,21:30:00,2024-02-11
2295,2024-02-11 21:45:00,False,21:45:00,2024-02-11
2296,2024-02-11 22:00:00,False,22:00:00,2024-02-11
2297,2024-02-11 22:15:00,False,22:15:00,2024-02-11
2298,2024-02-11 22:30:00,False,22:30:00,2024-02-11
2299,2024-02-11 22:45:00,False,22:45:00,2024-02-11
2300,2024-02-11 23:00:00,False,23:00:00,2024-02-11
2301,2024-02-11 23:15:00,False,23:15:00,2024-02-11
2302,2024-02-11 23:30:00,False,23:30:00,2024-02-11
2303,2024-02-11 23:45:00,False,23:45:00,2024-02-11
2304,2024-02-12 00:00:00,False,00:00:00,2024-02-12
2305,2024-02-12 00:15:00,False,00:15:00,2024-02-12
2306,2024-02-12 00:30:00,False,00:30:00,2024-02-12
2307,2024-02-12 00:45:00,False,00:45:00,2024-02-12
2308,2024-02-12 01:00:00,False,01:00:00,2024-02-12
2309,2024-02-12 01:15:00,False,01:15:00,2024-02-12
2310,2024-02-12 01:30:00,False,01:30:00,2024-02-12
2311,2024-02-12 01:45:00,False,01:45:00,2024-02-12
2312,2024-02-12 02:00:00,False,02:00:00,2024-02-12
2313,2024-02-12 02:15:00,False,02:15:00,2024-02-12
2314,2024-02-12 02:30:00,False,02:30:00,2024-02-12
2315,2024-02-12 02:45:00,False,02:45:00,2024-02-12
2316,2024-02-12 03:00:00,False,03:00:00,2024-02-12
2317,2024-02-12 03:15:00,False,03:15:00,2024-02-12
2318,2024-02-12 03:30:00,False,03:30:00,2024-02-12
2319,2024-02-12 03:45:00,False,03:45:00,2024-02-12
2320,2024-02-12 04:00:00,False,04:00:00,2024-02-12
2321,2024-02-12 04:15:00,False,04:15:00,2024-02-12
2322,2024-02-12 04:30:00,False,04:30:00,2024-02-12
2323,2024-02-12 04:45:00,False,04:45:00,2024-02-12
2324,2024-02-12 05:00:00,False,05:00:00,2024-02-12
2325,2024-02-12 05:15:00,False,05:15:00,2024-02-12
2326,2024-02-12 05:30:00,False,05:30:00,2024-02-12
2327,2024-02-12 05:45:00,False,05:45:00,2024-02-12
2328,2024-02-12 06:00:00,False,06:00:00,2024-02-12
2329,2024-02-12 06:15:00,False,06:15:00,2024-02-12
2330,2024-02-12 06:30:00,False,06:30:00,2024-02-12
2331,2024-02-12 06:45:00,False,06:45:00,2024-02-12
2332,2024-02-12 07:00:00,False,07:00:00,2024-02-12
2333,2024-02-12 07:15:00,False,07:15:00,2024-02-12
2334,2024-02-12 07:30:00,False,07:30:00,2024-02-12
2335,2024-02-12 07:45:00,False,07:45:00,2024-02-12
2336,2024-02-12 08:00:00,False,08:00:00,2024-02-12
2337,2024-02-12 08:15:00,False,08:15:00,2024-02-12
2338,2024-02-12 08:30:00,False,08:30:00,2024-02-12
2339,2024-02-12 08:45:00,False,08:45:00,2024-02-12
2340,2024-02-12 09:00:00,False,09:00:00,2024-02-12
2341,2024-02-12 09:15:00,False,09:15:00,2024-02-12
2342,2024-02-12 09:30:00,False,09:30:00,2024-02-12
2343,2024-02-12 09:45:00,False,09:45:00,2024-02-12
2344,2024-02-12 10:00:00,False,10:00:00,2024-02-12
2345,2024-02-12 10:15:00,False,10:15:00,2024-02-12
2346,2024-02-12 10:30:00,False,10:30:00,2024-02-12
2347,2024-02-12 10:45:00,False,10:45:00,2024-02-12
2348,2024-02-12 11:00:00,False,11:00:00,2024-02-12
2349,2024-02-12 11:15:00,False,11:15:00,2024-02-12
2350,2024-02-12 11:30:00,False,11:30:00,2024-02-12
2351,2024-02-12 11:45:00,False,11:45:00,2024-02-12
2352,2024-02-12 12:00:00,False,12:00:00,2024-02-12
2353,2024-02-12 12:15:00,False,12:15:00,2024-02-12
2354,2024-02-12 12:30:00,False,12:30:00,2024-02-12
2355,2024-02-12 12:45:00,False,12:45:00,2024-02-12
2356,2024-02-12 13:00:00,False,13:00:00,2024-02-12
2357,2024-02-12 13:15:00,False,13:15:00,2024-02-12
2358,2024-02-12 13:30:00,False,13:30:00,2024-02-12
2359,2024-02-12 13:45:00,False,13:45:00,2024-02-12
2360,2024-02-12 14:00:00,False,14:00:00,2024-02-12
2361,2024-02-12 14:15:00,False,14:15:00,2024-02-12
2362,2024-02-12 14:30:00,False,14:30:00,2024-02-12
2363,2024-02-12 14:45:00,False,14:45:00,2024-02-12
2364,2024-02-12 15:00:00,False,15:00:00,2024-02-12
2365,2024-02-12 15:15:00,False,15:15:00,2024-02-12
2366,2024-02-12 15:30:00,False,15:30:00,2024-02-12
2367,2024-02-12 15:45:00,False,15:45:00,2024-02-12
2368,2024-02-12 16:00:00,False,16:00:00,2024-02-12
2369,2024-02-12 16:15:00,False,16:15:00,2024-02-12
2370,2024-02-12 16:30:00,False,16:30:00,2024-02-12
2371,2024-02-12 16:45:00,False,16:45:00,2024-02-12
2372,2024-02-12 17:00:00,False,17:00:00,2024-02-12
2373,2024-02-12 17:15:00,False,17:15:00,2024-02-12
2374,2024-02-12 17:30:00,False,17:30:00,2024-02-12
2375,2024-02-12 17:45:00,False,17:45:00,2024-02-12
2376,2024-02-12 18:00:00,False,18:00:00,2024-02-12
2377,2024-02-12 18:15:00,False,18:15:00,2024-02-12
2378,2024-02-12 18:30:00,False,18:30:00,2024-02-12
2379,2024-02-12 18:45:00,False,18:45:00,2024-02-12
2380,2024-02-12 19:00:00,False,19:00:00,2024-02-12
2381,2024-02-12 19:15:00,False,19:15:00,2024-02-12
2382,2024-02-12 19:30:00,False,19:30:00,2024-02-12
2383,2024-02-12 19:45:00,False,19:45:00,2024-02-12
2384,2024-02-12 20:00:00,False,20:00:00,2024-02-12
2385,2024-02-12 20:15:00,False,20:15:00,2024-02-12
2386,2024-02-12 20:30:00,False,20:30:00,2024-02-12
2387,2024-02-12 20:45:00,False,20:45:00,2024-02-12
2388,2024-02-12 21:00:00,False,21:00:00,2024-02-12
2389,2024-02-12 21:15:00,False,21:15:00,2024-02-12
2390,2024-02-12 21:30:00,False,21:30:00,2024-02-12
2391,2024-02-12 21:45:00,False,21:45:00,2024-02-12
2392,2024-02-12 22:00:00,False,22:00:00,2024-02-12
2393,2024-02-12 22:15:00,False,22:15:00,2024-02-12
2394,2024-02-12 22:30:00,False,22:30:00,2024-02-12
2395,2024-02-12 22:45:00,False,22:45:00,2024-02-12
2396,2024-02-12 23:00:00,False,23:00:00,2024-02-12
2397,2024-02-12 23:15:00,False,23:15:00,2024-02-12
2398,2024-02-12 23:30:00,False,23:30:00,2024-02-12
2399,2024-02-12 23:45:00,False,23:45:00,2024-02-12
2400,2024-02-13 00:00:00,False,00:00:00,2024-02-13
2401,2024-02-13 00:15:00,False,00:15:00,2024-02-13
2402,2024-02-13 00:30:00,False,00:30:00,2024-02-13
2403,2024-02-13 00:45:00,False,00:45:00,2024-02-13
2404,2024-02-13 01:00:00,False,01:00:00,2024-02-13
2405,2024-02-13 01:15:00,False,01:15:00,2024-02-13
2406,2024-02-13 01:30:00,False,01:30:00,2024-02-13
2407,2024-02-13 01:45:00,False,01:45:00,2024-02-13
2408,2024-02-13 02:00:00,False,02:00:00,2024-02-13
2409,2024-02-13 02:15:00,False,02:15:00,2024-02-13
2410,2024-02-13 02:30:00,False,02:30:00,2024-02-13
2411,2024-02-13 02:45:00,False,02:45:00,2024-02-13
2412,2024-02-13 03:00:00,False,03:00:00,2024-02-13
2413,2024-02-13 03:15:00,False,03:15:00,2024-02-13
2414,2024-02-13 03:30:00,False,03:30:00,2024-02-13
2415,2024-02-13 03:45:00,False,03:45:00,2024-02-13
2416,2024-02-13 04:00:00,False,04:00:00,2024-02-13
2417,2024-02-13 04:15:00,False,04:15:00,2024-02-13
2418,2024-02-13 04:30:00,False,04:30:00,2024-02-13
2419,2024-02-13 04:45:00,False,04:45:00,2024-02-13
2420,2024-02-13 05:00:00,False,05:00:00,2024-02-13
2421,2024-02-13 05:15:00,False,05:15:00,2024-02-13
2422,2024-02-13 05:30:00,False,05:30:00,2024-02-13
2423,2024-02-13 05:45:00,False,05:45:00,2024-02-13
2424,2024-02-13 06:00:00,False,06:00:00,2024-02-13
2425,2024-02-13 06:15:00,False,06:15:00,2024-02-13
2426,2024-02-13 06:30:00,False,06:30:00,2024-02-13
2427,2024-02-13 06:45:00,False,06:45:00,2024-02-13
2428,2024-02-13 07:00:00,False,07:00:00,2024-02-13
2429,2024-02-13 07:15:00,False,07:15:00,2024-02-13
2430,2024-02-13 07:30:00,False,07:30:00,2024-02-13
2431,2024-02-13 07:45:00,False,07:45:00,2024-02-13
2432,2024-02-13 08:00:00,False,08:00:00,2024-02-13
2433,2024-02-13 08:15:00,False,08:15:00,2024-02-13
2434,2024-02-13 08:30:00,False,08:30:00,2024-02-13
2435,2024-02-13 08:45:00,False,08:45:00,2024-02-13
2436,2024-02-13 09:00:00,False,09:00:00,2024-02-13
2437,2024-02-13 09:15:00,False,09:15:00,2024-02-13
2438,2024-02-13 09:30:00,False,09:30:00,2024-02-13
2439,2024-02-13 09:45:00,False,09:45:00,2024-02-13
2440,2024-02-13 10:00:00,False,10:00:00,2024-02-13
2441,2024-02-13 10:15:00,False,10:15:00,2024-02-13
2442,2024-02-13 10:30:00,False,10:30:00,2024-02-13
2443,2024-02-13 10:45:00,False,10:45:00,2024-02-13
2444,2024-02-13 11:00:00,False,11:00:00,2024-02-13
2445,2024-02-13 11:15:00,False,11:15:00,2024-02-13
2446,2024-02-13 11:30:00,False,11:30:00,2024-02-13
2447,2024-02-13 11:45:00,False,11:45:00,2024-02-13
2448,2024-02-13 12:00:00,False,12:00:00,2024-02-13
2449,2024-02-13 12:15:00,False,12:15:00,2024-02-13
2450,2024-02-13 12:30:00,False,12:30:00,2024-02-13
2451,2024-02-13 12:45:00,False,12:45:00,2024-02-13
2452,2024-02-13 13:00:00,False,13:00:00,2024-02-13
2453,2024-02-13 13:15:00,False,13:15:00,2024-02-13
2454,2024-02-13 13:30:00,False,13:30:00,2024-02-13
2455,2024-02-13 13:45:00,False,13:45:00,2024-02-13
2456,2024-02-13 14:00:00,False,14:00:00,2024-02-13
2457,2024-02-13 14:15:00,False,14:15:00,2024-02-13
2458,2024-02-13 14:30:00,False,14:30:00,2024-02-13
2459,2024-02-13 14:45:00,False,14:45:00,2024-02-13
2460,2024-02-13 15:00:00,False,15:00:00,2024-02-13
2461,2024-02-13 15:15:00,False,15:15:00,2024-02-13
2462,2024-02-13 15:30:00,False,15:30:00,2024-02-13
2463,2024-02-13 15:45:00,False,15:45:00,2024-02-13
2464,2024-02-13 16:00:00,False,16:00:00,2024-02-13
2465,2024-02-13 16:15:00,False,16:15:00,2024-02-13
2466,2024-02-13 16:30:00,False,16:30:00,2024-02-13
2467,2024-02-13 16:45:00,False,16:45:00,2024-02-13
2468,2024-02-13 17:00:00,False,17:00:00,2024-02-13
2469,2024-02-13 17:15:00,False,17:15:00,2024-02-13
2470,2024-02-13 17:30:00,False,17:30:00,2024-02-13
2471,2024-02-13 17:45:00,False,17:45:00,2024-02-13
2472,2024-02-13 18:00:00,False,18:00:00,2024-02-13
2473,2024-02-13 18:15:00,False,18:15:00,2024-02-13
2474,2024-02-13 18:30:00,False,18:30:00,2024-02-13
2475,2024-02-13 18:45:00,False,18:45:00,2024-02-13
2476,2024-02-13 19:00:00,False,19:00:00,2024-02-13
2477,2024-02-13 19:15:00,False,19:15:00,2024-02-13
2478,2024-02-13 19:30:00,False,19:30:00,2024-02-13
2479,2024-02-13 19:45:00,False,19:45:00,2024-02-13
2480,2024-02-13 20:00:00,False,20:00:00,2024-02-13
2481,2024-02-13 20:15:00,False,20:15:00,2024-02-13
2482,2024-02-13 20:30:00,False,20:30:00,2024-02-13
2483,2024-02-13 20:45:00,False,20:45:00,2024-02-13
2484,2024-02-13 21:00:00,False,21:00:00,2024-02-13
2485,2024-02-13 21:15:00,False,21:15:00,2024-02-13
2486,2024-02-13 21:30:00,False,21:30:00,2024-02-13
2487,2024-02-13 21:45:00,False,21:45:00,2024-02-13
2488,2024-02-13 22:00:00,False,22:00:00,2024-02-13
2489,2024-02-13 22:15:00,False,22:15:00,2024-02-13
2490,2024-02-13 22:30:00,False,22:30:00,2024-02-13
2491,2024-02-13 22:45:00,False,22:45:00,2024-02-13
2492,2024-02-13 23:00:00,False,23:00:00,2024-02-13
2493,2024-02-13 23:15:00,False,23:15:00,2024-02-13
2494,2024-02-13 23:30:00,False,23:30:00,2024-02-13
2495,2024-02-13 23:45:00,False,23:45:00,2024-02-13
2496,2024-02-14 00:00:00,False,00:00:00,2024-02-14
2497,2024-02-14 00:15:00,False,00:15:00,2024-02-14
2498,2024-02-14 00:30:00,False,00:30:00,2024-02-14
2499,2024-02-14 00:45:00,False,00:45:00,2024-02-14
2500,2024-02-14 01:00:00,False,01:00:00,2024-02-14
2501,2024-02-14 01:15:00,False,01:15:00,2024-02-14
2502,2024-02-14 01:30:00,False,01:30:00,2024-02-14
2503,2024-02-14 01:45:00,False,01:45:00,2024-02-14
2504,2024-02-14 02:00:00,False,02:00:00,2024-02-14
2505,2024-02-14 02:15:00,False,02:15:00,2024-02-14
2506,2024-02-14 02:30:00,False,02:30:00,2024-02-14
2507,2024-02-14 02:45:00,False,02:45:00,2024-02-14
2508,2024-02-14 03:00:00,False,03:00:00,2024-02-14
2509,2024-02-14 03:15:00,False,03:15:00,2024-02-14
2510,2024-02-14 03:30:00,False,03:30:00,2024-02-14
2511,2024-02-14 03:45:00,False,03:45:00,2024-02-14
2512,2024-02-14 04:00:00,False,04:00:00,2024-02-14
2513,2024-02-14 04:15:00,False,04:15:00,2024-02-14
2514,2024-02-14 04:30:00,False,04:30:00,2024-02-14
2515,2024-02-14 04:45:00,False,04:45:00,2024-02-14
2516,2024-02-14 05:00:00,False,05:00:00,2024-02-14
2517,2024-02-14 05:15:00,False,05:15:00,2024-02-14
2518,2024-02-14 05:30:00,False,05:30:00,2024-02-14
2519,2024-02-14 05:45:00,False,05:45:00,2024-02-14
2520,2024-02-14 06:00:00,False,06:00:00,2024-02-14
2521,2024-02-14 06:15:00,False,06:15:00,2024-02-14
2522,2024-02-14 06:30:00,False,06:30:00,2024-02-14
2523,2024-02-14 06:45:00,False,06:45:00,2024-02-14
2524,2024-02-14 07:00:00,True,07:00:00,2024-02-14
2525,2024-02-14 07:15:00,False,07:15:00,2024-02-14
2526,2024-02-14 07:30:00,False,07:30:00,2024-02-14
2527,2024-02-14 07:45:00,False,07:45:00,2024-02-14
2528,2024-02-14 08:00:00,False,08:00:00,2024-02-14
2529,2024-02-14 08:15:00,False,08:15:00,2024-02-14
2530,2024-02-14 08:30:00,False,08:30:00,2024-02-14
2531,2024-02-14 08:45:00,False,08:45:00,2024-02-14
2532,2024-02-14 09:00:00,False,09:00:00,2024-02-14
2533,2024-02-14 09:15:00,False,09:15:00,2024-02-14
2534,2024-02-14 09:30:00,False,09:30:00,2024-02-14
2535,2024-02-14 09:45:00,False,09:45:00,2024-02-14
2536,2024-02-14 10:00:00,False,10:00:00,2024-02-14
2537,2024-02-14 10:15:00,False,10:15:00,2024-02-14
2538,2024-02-14 10:30:00,False,10:30:00,2024-02-14
2539,2024-02-14 10:45:00,False,10:45:00,2024-02-14
2540,2024-02-14 11:00:00,False,11:00:00,2024-02-14
2541,2024-02-14 11:15:00,False,11:15:00,2024-02-14
2542,2024-02-14 11:30:00,False,11:30:00,2024-02-14
2543,2024-02-14 11:45:00,False,11:45:00,2024-02-14
2544,2024-02-14 12:00:00,False,12:00:00,2024-02-14
2545,2024-02-14 12:15:00,False,12:15:00,2024-02-14
2546,2024-02-14 12:30:00,False,12:30:00,2024-02-14
2547,2024-02-14 12:45:00,False,12:45:00,2024-02-14
2548,2024-02-14 13:00:00,False,13:00:00,2024-02-14
2549,2024-02-14 13:15:00,False,13:15:00,2024-02-14
2550,2024-02-14 13:30:00,False,13:30:00,2024-02-14
2551,2024-02-14 13:45:00,False,13:45:00,2024-02-14
2552,2024-02-14 14:00:00,False,14:00:00,2024-02-14
2553,2024-02-14 14:15:00,False,14:15:00,2024-02-14
2554,2024-02-14 14:30:00,False,14:30:00,2024-02-14
2555,2024-02-14 14:45:00,False,14:45:00,2024-02-14
2556,2024-02-14 15:00:00,False,15:00:00,2024-02-14
2557,2024-02-14 15:15:00,False,15:15:00,2024-02-14
2558,2024-02-14 15:30:00,False,15:30:00,2024-02-14
2559,2024-02-14 15:45:00,False,15:45:00,2024-02-14
2560,2024-02-14 16:00:00,False,16:00:00,2024-02-14
2561,2024-02-14 16:15:00,False,16:15:00,2024-02-14
2562,2024-02-14 16:30:00,False,16:30:00,2024-02-14
2563,2024-02-14 16:45:00,False,16:45:00,2024-02-14
2564,2024-02-14 17:00:00,False,17:00:00,2024-02-14
2565,2024-02-14 17:15:00,False,17:15:00,2024-02-14
2566,2024-02-14 17:30:00,False,17:30:00,2024-02-14
2567,2024-02-14 17:45:00,False,17:45:00,2024-02-14
2568,2024-02-14 18:00:00,False,18:00:00,2024-02-14
2569,2024-02-14 18:15:00,False,18:15:00,2024-02-14
2570,2024-02-14 18:30:00,False,18:30:00,2024-02-14
2571,2024-02-14 18:45:00,False,18:45:00,2024-02-14
2572,2024-02-14 19:00:00,False,19:00:00,2024-02-14
2573,2024-02-14 19:15:00,False,19:15:00,2024-02-14
2574,2024-02-14 19:30:00,False,19:30:00,2024-02-14
2575,2024-02-14 19:45:00,False,19:45:00,2024-02-14
2576,2024-02-14 20:00:00,False,20:00:00,2024-02-14
2577,2024-02-14 20:15:00,False,20:15:00,2024-02-14
2578,2024-02-14 20:30:00,True,20:30:00,2024-02-14
2579,2024-02-14 20:45:00,True,20:45:00,2024-02-14
2580,2024-02-14 21:00:00,False,21:00:00,2024-02-14
2581,2024-02-14 21:15:00,False,21:15:00,2024-02-14
2582,2024-02-14 21:30:00,False,21:30:00,2024-02-14
2583,2024-02-14 21:45:00,False,21:45:00,2024-02-14
2584,2024-02-14 22:00:00,False,22:00:00,2024-02-14
2585,2024-02-14 22:15:00,False,22:15:00,2024-02-14
2586,2024-02-14 22:30:00,False,22:30:00,2024-02-14
2587,2024-02-14 22:45:00,False,22:45:00,2024-02-14
2588,2024-02-14 23:00:00,False,23:00:00,2024-02-14
2589,2024-02-14 23:15:00,False,23:15:00,2024-02-14
2590,2024-02-14 23:30:00,False,23:30:00,2024-02-14
2591,2024-02-14 23:45:00,False,23:45:00,2024-02-14
2592,2024-02-15 00:00:00,False,00:00:00,2024-02-15
2593,2024-02-15 00:15:00,False,00:15:00,2024-02-15
2594,2024-02-15 00:30:00,False,00:30:00,2024-02-15
2595,2024-02-15 00:45:00,False,00:45:00,2024-02-15
2596,2024-02-15 01:00:00,False,01:00:00,2024-02-15
2597,2024-02-15 01:15:00,False,01:15:00,2024-02-15
2598,2024-02-15 01:30:00,False,01:30:00,2024-02-15
2599,2024-02-15 01:45:00,False,01:45:00,2024-02-15
2600,2024-02-15 02:00:00,False,02:00:00,2024-02-15
2601,2024-02-15 02:15:00,False,02:15:00,2024-02-15
2602,2024-02-15 02:30:00,False,02:30:00,2024-02-15
2603,2024-02-15 02:45:00,False,02:45:00,2024-02-15
2604,2024-02-15 03:00:00,False,03:00:00,2024-02-15
2605,2024-02-15 03:15:00,False,03:15:00,2024-02-15
2606,2024-02-15 03:30:00,False,03:30:00,2024-02-15
2607,2024-02-15 03:45:00,False,03:45:00,2024-02-15
2608,2024-02-15 04:00:00,False,04:00:00,2024-02-15
2609,2024-02-15 04:15:00,False,04:15:00,2024-02-15
2610,2024-02-15 04:30:00,False,04:30:00,2024-02-15
2611,2024-02-15 04:45:00,False,04:45:00,2024-02-15
2612,2024-02-15 05:00:00,False,05:00:00,2024-02-15
2613,2024-02-15 05:15:00,False,05:15:00,2024-02-15
2614,2024-02-15 05:30:00,False,05:30:00,2024-02-15
2615,2024-02-15 05:45:00,False,05:45:00,2024-02-15
2616,2024-02-15 06:00:00,False,06:00:00,2024-02-15
2617,2024-02-15 06:15:00,False,06:15:00,2024-02-15
2618,2024-02-15 06:30:00,False,06:30:00,2024-02-15
2619,2024-02-15 06:45:00,False,06:45:00,2024-02-15
2620,2024-02-15 07:00:00,False,07:00:00,2024-02-15
2621,2024-02-15 07:15:00,True,07:15:00,2024-02-15
2622,2024-02-15 07:30:00,True,07:30:00,2024-02-15
2623,2024-02-15 07:45:00,False,07:45:00,2024-02-15
2624,2024-02-15 08:00:00,False,08:00:00,2024-02-15
2625,2024-02-15 08:15:00,False,08:15:00,2024-02-15
2626,2024-02-15 08:30:00,False,08:30:00,2024-02-15
2627,2024-02-15 08:45:00,False,08:45:00,2024-02-15
2628,2024-02-15 09:00:00,False,09:00:00,2024-02-15
2629,2024-02-15 09:15:00,False,09:15:00,2024-02-15
2630,2024-02-15 09:30:00,False,09:30:00,2024-02-15
2631,2024-02-15 09:45:00,False,09:45:00,2024-02-15
2632,2024-02-15 10:00:00,False,10:00:00,2024-02-15
2633,2024-02-15 10:15:00,False,10:15:00,2024-02-15
2634,2024-02-15 10:30:00,False,10:30:00,2024-02-15
2635,2024-02-15 10:45:00,False,10:45:00,2024-02-15
2636,2024-02-15 11:00:00,False,11:00:00,2024-02-15
2637,2024-02-15 11:15:00,False,11:15:00,2024-02-15
2638,2024-02-15 11:30:00,False,11:30:00,2024-02-15
2639,2024-02-15 11:45:00,False,11:45:00,2024-02-15
2640,2024-02-15 12:00:00,False,12:00:00,2024-02-15
2641,2024-02-15 12:15:00,False,12:15:00,2024-02-15
2642,2024-02-15 12:30:00,False,12:30:00,2024-02-15
2643,2024-02-15 12:45:00,False,12:45:00,2024-02-15
2644,2024-02-15 13:00:00,False,13:00:00,2024-02-15
2645,2024-02-15 13:15:00,False,13:15:00,2024-02-15
2646,2024-02-15 13:30:00,False,13:30:00,2024-02-15
2647,2024-02-15 13:45:00,False,13:45:00,2024-02-15
2648,2024-02-15 14:00:00,False,14:00:00,2024-02-15
2649,2024-02-15 14:15:00,False,14:15:00,2024-02-15
2650,2024-02-15 14:30:00,False,14:30:00,2024-02-15
2651,2024-02-15 14:45:00,False,14:45:00,2024-02-15
2652,2024-02-15 15:00:00,False,15:00:00,2024-02-15
2653,2024-02-15 15:15:00,False,15:15:00,2024-02-15
2654,2024-02-15 15:30:00,False,15:30:00,2024-02-15
2655,2024-02-15 15:45:00,False,15:45:00,2024-02-15
2656,2024-02-15 16:00:00,False,16:00:00,2024-02-15
2657,2024-02-15 16:15:00,False,16:15:00,2024-02-15
2658,2024-02-15 16:30:00,False,16:30:00,2024-02-15
2659,2024-02-15 16:45:00,False,16:45:00,2024-02-15
2660,2024-02-15 17:00:00,False,17:00:00,2024-02-15
2661,2024-02-15 17:15:00,False,17:15:00,2024-02-15
2662,2024-02-15 17:30:00,False,17:30:00,2024-02-15
2663,2024-02-15 17:45:00,False,17:45:00,2024-02-15
2664,2024-02-15 18:00:00,False,18:00:00,2024-02-15
2665,2024-02-15 18:15:00,False,18:15:00,2024-02-15
2666,2024-02-15 18:30:00,False,18:30:00,2024-02-15
2667,2024-02-15 18:45:00,False,18:45:00,2024-02-15
2668,2024-02-15 19:00:00,False,19:00:00,2024-02-15
2669,2024-02-15 19:15:00,False,19:15:00,2024-02-15
2670,2024-02-15 19:30:00,False,19:30:00,2024-02-15
2671,2024-02-15 19:45:00,False,19:45:00,2024-02-15
2672,2024-02-15 20:00:00,False,20:00:00,2024-02-15
2673,2024-02-15 20:15:00,False,20:15:00,2024-02-15
2674,2024-02-15 20:30:00,False,20:30:00,2024-02-15
2675,2024-02-15 20:45:00,False,20:45:00,2024-02-15
2676,2024-02-15 21:00:00,False,21:00:00,2024-02-15
2677,2024-02-15 21:15:00,False,21:15:00,2024-02-15
2678,2024-02-15 21:30:00,False,21:30:00,2024-02-15
2679,2024-02-15 21:45:00,False,21:45:00,2024-02-15
2680,2024-02-15 22:00:00,False,22:00:00,2024-02-15
2681,2024-02-15 22:15:00,False,22:15:00,2024-02-15
2682,2024-02-15 22:30:00,False,22:30:00,2024-02-15
2683,2024-02-15 22:45:00,False,22:45:00,2024-02-15
2684,2024-02-15 23:00:00,False,23:00:00,2024-02-15
2685,2024-02-15 23:15:00,False,23:15:00,2024-02-15
2686,2024-02-15 23:30:00,False,23:30:00,2024-02-15
2687,2024-02-15 23:45:00,False,23:45:00,2024-02-15
2688,2024-02-16 00:00:00,False,00:00:00,2024-02-16
2689,2024-02-16 00:15:00,False,00:15:00,2024-02-16
2690,2024-02-16 00:30:00,False,00:30:00,2024-02-16
2691,2024-02-16 00:45:00,False,00:45:00,2024-02-16
2692,2024-02-16 01:00:00,False,01:00:00,2024-02-16
2693,2024-02-16 01:15:00,False,01:15:00,2024-02-16
2694,2024-02-16 01:30:00,False,01:30:00,2024-02-16
2695,2024-02-16 01:45:00,False,01:45:00,2024-02-16
2696,2024-02-16 02:00:00,False,02:00:00,2024-02-16
2697,2024-02-16 02:15:00,False,02:15:00,2024-02-16
2698,2024-02-16 02:30:00,False,02:30:00,2024-02-16
2699,2024-02-16 02:45:00,False,02:45:00,2024-02-16
2700,2024-02-16 03:00:00,False,03:00:00,2024-02-16
2701,2024-02-16 03:15:00,False,03:15:00,2024-02-16
2702,2024-02-16 03:30:00,False,03:30:00,2024-02-16
2703,2024-02-16 03:45:00,False,03:45:00,2024-02-16
2704,2024-02-16 04:00:00,False,04:00:00,2024-02-16
2705,2024-02-16 04:15:00,False,04:15:00,2024-02-16
2706,2024-02-16 04:30:00,False,04:30:00,2024-02-16
2707,2024-02-16 04:45:00,False,04:45:00,2024-02-16
2708,2024-02-16 05:00:00,False,05:00:00,2024-02-16
2709,2024-02-16 05:15:00,False,05:15:00,2024-02-16
2710,2024-02-16 05:30:00,False,05:30:00,2024-02-16
2711,2024-02-16 05:45:00,False,05:45:00,2024-02-16
2712,2024-02-16 06:00:00,False,06:00:00,2024-02-16
2713,2024-02-16 06:15:00,False,06:15:00,2024-02-16
2714,2024-02-16 06:30:00,True,06:30:00,2024-02-16
2715,2024-02-16 06:45:00,True,06:45:00,2024-02-16
2716,2024-02-16 07:00:00,False,07:00:00,2024-02-16
2717,2024-02-16 07:15:00,False,07:15:00,2024-02-16
2718,2024-02-16 07:30:00,False,07:30:00,2024-02-16
2719,2024-02-16 07:45:00,False,07:45:00,2024-02-16
2720,2024-02-16 08:00:00,False,08:00:00,2024-02-16
2721,2024-02-16 08:15:00,False,08:15:00,2024-02-16
2722,2024-02-16 08:30:00,False,08:30:00,2024-02-16
2723,2024-02-16 08:45:00,False,08:45:00,2024-02-16
2724,2024-02-16 09:00:00,False,09:00:00,2024-02-16
2725,2024-02-16 09:15:00,False,09:15:00,2024-02-16
2726,2024-02-16 09:30:00,False,09:30:00,2024-02-16
2727,2024-02-16 09:45:00,False,09:45:00,2024-02-16
2728,2024-02-16 10:00:00,False,10:00:00,2024-02-16
2729,2024-02-16 10:15:00,False,10:15:00,2024-02-16
2730,2024-02-16 10:30:00,False,10:30:00,2024-02-16
2731,2024-02-16 10:45:00,False,10:45:00,2024-02-16
2732,2024-02-16 11:00:00,False,11:00:00,2024-02-16
2733,2024-02-16 11:15:00,False,11:15:00,2024-02-16
2734,2024-02-16 11:30:00,False,11:30:00,2024-02-16
2735,2024-02-16 11:45:00,False,11:45:00,2024-02-16
2736,2024-02-16 12:00:00,False,12:00:00,2024-02-16
2737,2024-02-16 12:15:00,False,12:15:00,2024-02-16
2738,2024-02-16 12:30:00,False,12:30:00,2024-02-16
2739,2024-02-16 12:45:00,False,12:45:00,2024-02-16
2740,2024-02-16 13:00:00,False,13:00:00,2024-02-16
2741,2024-02-16 13:15:00,False,13:15:00,2024-02-16
2742,2024-02-16 13:30:00,False,13:30:00,2024-02-16
2743,2024-02-16 13:45:00,False,13:45:00,2024-02-16
2744,2024-02-16 14:00:00,False,14:00:00,2024-02-16
2745,2024-02-16 14:15:00,False,14:15:00,2024-02-16
2746,2024-02-16 14:30:00,False,14:30:00,2024-02-16
2747,2024-02-16 14:45:00,False,14:45:00,2024-02-16
2748,2024-02-16 15:00:00,False,15:00:00,2024-02-16
2749,2024-02-16 15:15:00,False,15:15:00,2024-02-16
2750,2024-02-16 15:30:00,False,15:30:00,2024-02-16
2751,2024-02-16 15:45:00,False,15:45:00,2024-02-16
2752,2024-02-16 16:00:00,False,16:00:00,2024-02-16
2753,2024-02-16 16:15:00,False,16:15:00,2024-02-16
2754,2024-02-16 16:30:00,False,16:30:00,2024-02-16
2755,2024-02-16 16:45:00,False,16:45:00,2024-02-16
2756,2024-02-16 17:00:00,False,17:00:00,2024-02-16
2757,2024-02-16 17:15:00,False,17:15:00,2024-02-16
2758,2024-02-16 17:30:00,False,17:30:00,2024-02-16
2759,2024-02-16 17:45:00,False,17:45:00,2024-02-16
2760,2024-02-16 18:00:00,False,18:00:00,2024-02-16
2761,2024-02-16 18:15:00,False,18:15:00,2024-02-16
2762,2024-02-16 18:30:00,False,18:30:00,2024-02-16
2763,2024-02-16 18:45:00,False,18:45:00,2024-02-16
2764,2024-02-16 19:00:00,False,19:00:00,2024-02-16
2765,2024-02-16 19:15:00,False,19:15:00,2024-02-16
2766,2024-02-16 19:30:00,False,19:30:00,2024-02-16
2767,2024-02-16 19:45:00,False,19:45:00,2024-02-16
2768,2024-02-16 20:00:00,False,20:00:00,2024-02-16
2769,2024-02-16 20:15:00,False,20:15:00,2024-02-16
2770,2024-02-16 20:30:00,False,20:30:00,2024-02-16
2771,2024-02-16 20:45:00,False,20:45:00,2024-02-16
2772,2024-02-16 21:00:00,False,21:00:00,2024-02-16
2773,2024-02-16 21:15:00,False,21:15:00,2024-02-16
2774,2024-02-16 21:30:00,False,21:30:00,2024-02-16
2775,2024-02-16 21:45:00,False,21:45:00,2024-02-16
2776,2024-02-16 22:00:00,False,22:00:00,2024-02-16
2777,2024-02-16 22:15:00,False,22:15:00,2024-02-16
2778,2024-02-16 22:30:00,False,22:30:00,2024-02-16
2779,2024-02-16 22:45:00,False,22:45:00,2024-02-16
2780,2024-02-16 23:00:00,False,23:00:00,2024-02-16
2781,2024-02-16 23:15:00,False,23:15:00,2024-02-16
2782,2024-02-16 23:30:00,False,23:30:00,2024-02-16
2783,2024-02-16 23:45:00,False,23:45:00,2024-02-16
2784,2024-02-17 00:00:00,False,00:00:00,2024-02-17
2785,2024-02-17 00:15:00,False,00:15:00,2024-02-17
2786,2024-02-17 00:30:00,False,00:30:00,2024-02-17
2787,2024-02-17 00:45:00,False,00:45:00,2024-02-17
2788,2024-02-17 01:00:00,False,01:00:00,2024-02-17
2789,2024-02-17 01:15:00,False,01:15:00,2024-02-17
2790,2024-02-17 01:30:00,False,01:30:00,2024-02-17
2791,2024-02-17 01:45:00,False,01:45:00,2024-02-17
2792,2024-02-17 02:00:00,False,02:00:00,2024-02-17
2793,2024-02-17 02:15:00,False,02:15:00,2024-02-17
2794,2024-02-17 02:30:00,False,02:30:00,2024-02-17
2795,2024-02-17 02:45:00,False,02:45:00,2024-02-17
2796,2024-02-17 03:00:00,False,03:00:00,2024-02-17
2797,2024-02-17 03:15:00,False,03:15:00,2024-02-17
2798,2024-02-17 03:30:00,False,03:30:00,2024-02-17
2799,2024-02-17 03:45:00,False,03:45:00,2024-02-17
2800,2024-02-17 04:00:00,False,04:00:00,2024-02-17
2801,2024-02-17 04:15:00,False,04:15:00,2024-02-17
2802,2024-02-17 04:30:00,False,04:30:00,2024-02-17
2803,2024-02-17 04:45:00,False,04:45:00,2024-02-17
2804,2024-02-17 05:00:00,False,05:00:00,2024-02-17
2805,2024-02-17 05:15:00,False,05:15:00,2024-02-17
2806,2024-02-17 05:30:00,False,05:30:00,2024-02-17
2807,2024-02-17 05:45:00,False,05:45:00,2024-02-17
2808,2024-02-17 06:00:00,False,06:00:00,2024-02-17
2809,2024-02-17 06:15:00,False,06:15:00,2024-02-17
2810,2024-02-17 06:30:00,False,06:30:00,2024-02-17
2811,2024-02-17 06:45:00,False,06:45:00,2024-02-17
2812,2024-02-17 07:00:00,False,07:00:00,2024-02-17
2813,2024-02-17 07:15:00,True,07:15:00,2024-02-17
2814,2024-02-17 07:30:00,True,07:30:00,2024-02-17
2815,2024-02-17 07:45:00,True,07:45:00,2024-02-17
2816,2024-02-17 08:00:00,True,08:00:00,2024-02-17
2817,2024-02-17 08:15:00,True,08:15:00,2024-02-17
2818,2024-02-17 08:30:00,True,08:30:00,2024-02-17
2819,2024-02-17 08:45:00,True,08:45:00,2024-02-17
2820,2024-02-17 09:00:00,True,09:00:00,2024-02-17
2821,2024-02-17 09:15:00,False,09:15:00,2024-02-17
2822,2024-02-17 09:30:00,False,09:30:00,2024-02-17
2823,2024-02-17 09:45:00,False,09:45:00,2024-02-17
2824,2024-02-17 10:00:00,False,10:00:00,2024-02-17
2825,2024-02-17 10:15:00,False,10:15:00,2024-02-17
2826,2024-02-17 10:30:00,False,10:30:00,2024-02-17
2827,2024-02-17 10:45:00,False,10:45:00,2024-02-17
2828,2024-02-17 11:00:00,False,11:00:00,2024-02-17
2829,2024-02-17 11:15:00,False,11:15:00,2024-02-17
2830,2024-02-17 11:30:00,False,11:30:00,2024-02-17
2831,2024-02-17 11:45:00,False,11:45:00,2024-02-17
2832,2024-02-17 12:00:00,False,12:00:00,2024-02-17
2833,2024-02-17 12:15:00,False,12:15:00,2024-02-17
2834,2024-02-17 12:30:00,False,12:30:00,2024-02-17
2835,2024-02-17 12:45:00,False,12:45:00,2024-02-17
2836,2024-02-17 13:00:00,False,13:00:00,2024-02-17
2837,2024-02-17 13:15:00,False,13:15:00,2024-02-17
2838,2024-02-17 13:30:00,False,13:30:00,2024-02-17
2839,2024-02-17 13:45:00,False,13:45:00,2024-02-17
2840,2024-02-17 14:00:00,False,14:00:00,2024-02-17
2841,2024-02-17 14:15:00,False,14:15:00,2024-02-17
2842,2024-02-17 14:30:00,False,14:30:00,2024-02-17
2843,2024-02-17 14:45:00,False,14:45:00,2024-02-17
2844,2024-02-17 15:00:00,False,15:00:00,2024-02-17
2845,2024-02-17 15:15:00,False,15:15:00,2024-02-17
2846,2024-02-17 15:30:00,False,15:30:00,2024-02-17
2847,2024-02-17 15:45:00,False,15:45:00,2024-02-17
2848,2024-02-17 16:00:00,False,16:00:00,2024-02-17
2849,2024-02-17 16:15:00,False,16:15:00,2024-02-17
2850,2024-02-17 16:30:00,False,16:30:00,2024-02-17
2851,2024-02-17 16:45:00,False,16:45:00,2024-02-17
2852,2024-02-17 17:00:00,False,17:00:00,2024-02-17
2853,2024-02-17 17:15:00,False,17:15:00,2024-02-17
2854,2024-02-17 17:30:00,False,17:30:00,2024-02-17
2855,2024-02-17 17:45:00,False,17:45:00,2024-02-17
2856,2024-02-17 18:00:00,False,18:00:00,2024-02-17
2857,2024-02-17 18:15:00,False,18:15:00,2024-02-17
2858,2024-02-17 18:30:00,False,18:30:00,2024-02-17
2859,2024-02-17 18:45:00,False,18:45:00,2024-02-17
2860,2024-02-17 19:00:00,False,19:00:00,2024-02-17
2861,2024-02-17 19:15:00,False,19:15:00,2024-02-17
2862,2024-02-17 19:30:00,False,19:30:00,2024-02-17
2863,2024-02-17 19:45:00,False,19:45:00,2024-02-17
2864,2024-02-17 20:00:00,False,20:00:00,2024-02-17
2865,2024-02-17 20:15:00,False,20:15:00,2024-02-17
2866,2024-02-17 20:30:00,False,20:30:00,2024-02-17
2867,2024-02-17 20:45:00,False,20:45:00,2024-02-17
2868,2024-02-17 21:00:00,False,21:00:00,2024-02-17
2869,2024-02-17 21:15:00,False,21:15:00,2024-02-17
2870,2024-02-17 21:30:00,False,21:30:00,2024-02-17
2871,2024-02-17 21:45:00,False,21:45:00,2024-02-17
2872,2024-02-17 22:00:00,False,22:00:00,2024-02-17
2873,2024-02-17 22:15:00,False,22:15:00,2024-02-17
2874,2024-02-17 22:30:00,False,22:30:00,2024-02-17
2875,2024-02-17 22:45:00,False,22:45:00,2024-02-17
2876,2024-02-17 23:00:00,False,23:00:00,2024-02-17
2877,2024-02-17 23:15:00,False,23:15:00,2024-02-17
2878,2024-02-17 23:30:00,False,23:30:00,2024-02-17
2879,2024-02-17 23:45:00,False,23:45:00,2024-02-17
2880,2024-02-18 00:00:00,False,00:00:00,2024-02-18
2881,2024-02-18 00:15:00,False,00:15:00,2024-02-18
2882,2024-02-18 00:30:00,False,00:30:00,2024-02-18
2883,2024-02-18 00:45:00,False,00:45:00,2024-02-18
2884,2024-02-18 01:00:00,False,01:00:00,2024-02-18
2885,2024-02-18 01:15:00,False,01:15:00,2024-02-18
2886,2024-02-18 01:30:00,False,01:30:00,2024-02-18
2887,2024-02-18 01:45:00,False,01:45:00,2024-02-18
2888,2024-02-18 02:00:00,False,02:00:00,2024-02-18
2889,2024-02-18 02:15:00,False,02:15:00,2024-02-18
2890,2024-02-18 02:30:00,False,02:30:00,2024-02-18
2891,2024-02-18 02:45:00,False,02:45:00,2024-02-18
2892,2024-02-18 03:00:00,False,03:00:00,2024-02-18
2893,2024-02-18 03:15:00,False,03:15:00,2024-02-18
2894,2024-02-18 03:30:00,False,03:30:00,2024-02-18
2895,2024-02-18 03:45:00,False,03:45:00,2024-02-18
2896,2024-02-18 04:00:00,False,04:00:00,2024-02-18
2897,2024-02-18 04:15:00,False,04:15:00,2024-02-18
2898,2024-02-18 04:30:00,False,04:30:00,2024-02-18
2899,2024-02-18 04:45:00,False,04:45:00,2024-02-18
2900,2024-02-18 05:00:00,False,05:00:00,2024-02-18
2901,2024-02-18 05:15:00,False,05:15:00,2024-02-18
2902,2024-02-18 05:30:00,False,05:30:00,2024-02-18
2903,2024-02-18 05:45:00,False,05:45:00,2024-02-18
2904,2024-02-18 06:00:00,False,06:00:00,2024-02-18
2905,2024-02-18 06:15:00,False,06:15:00,2024-02-18
2906,2024-02-18 06:30:00,False,06:30:00,2024-02-18
2907,2024-02-18 06:45:00,False,06:45:00,2024-02-18
2908,2024-02-18 07:00:00,False,07:00:00,2024-02-18
2909,2024-02-18 07:15:00,False,07:15:00,2024-02-18
2910,2024-02-18 07:30:00,False,07:30:00,2024-02-18
2911,2024-02-18 07:45:00,False,07:45:00,2024-02-18
2912,2024-02-18 08:00:00,False,08:00:00,2024-02-18
2913,2024-02-18 08:15:00,False,08:15:00,2024-02-18
2914,2024-02-18 08:30:00,False,08:30:00,2024-02-18
2915,2024-02-18 08:45:00,False,08:45:00,2024-02-18
2916,2024-02-18 09:00:00,False,09:00:00,2024-02-18
2917,2024-02-18 09:15:00,False,09:15:00,2024-02-18
2918,2024-02-18 09:30:00,False,09:30:00,2024-02-18
2919,2024-02-18 09:45:00,False,09:45:00,2024-02-18
2920,2024-02-18 10:00:00,False,10:00:00,2024-02-18
2921,2024-02-18 10:15:00,False,10:15:00,2024-02-18
2922,2024-02-18 10:30:00,False,10:30:00,2024-02-18
2923,2024-02-18 10:45:00,False,10:45:00,2024-02-18
2924,2024-02-18 11:00:00,False,11:00:00,2024-02-18
2925,2024-02-18 11:15:00,False,11:15:00,2024-02-18
2926,2024-02-18 11:30:00,False,11:30:00,2024-02-18
2927,2024-02-18 11:45:00,False,11:45:00,2024-02-18
2928,2024-02-18 12:00:00,False,12:00:00,2024-02-18
2929,2024-02-18 12:15:00,False,12:15:00,2024-02-18
2930,2024-02-18 12:30:00,False,12:30:00,2024-02-18
2931,2024-02-18 12:45:00,False,12:45:00,2024-02-18
2932,2024-02-18 13:00:00,False,13:00:00,2024-02-18
2933,2024-02-18 13:15:00,False,13:15:00,2024-02-18
2934,2024-02-18 13:30:00,False,13:30:00,2024-02-18
2935,2024-02-18 13:45:00,False,13:45:00,2024-02-18
2936,2024-02-18 14:00:00,False,14:00:00,2024-02-18
2937,2024-02-18 14:15:00,False,14:15:00,2024-02-18
2938,2024-02-18 14:30:00,False,14:30:00,2024-02-18
2939,2024-02-18 14:45:00,False,14:45:00,2024-02-18
2940,2024-02-18 15:00:00,False,15:00:00,2024-02-18
2941,2024-02-18 15:15:00,False,15:15:00,2024-02-18
2942,2024-02-18 15:30:00,False,15:30:00,2024-02-18
2943,2024-02-18 15:45:00,False,15:45:00,2024-02-18
2944,2024-02-18 16:00:00,False,16:00:00,2024-02-18
2945,2024-02-18 16:15:00,False,16:15:00,2024-02-18
2946,2024-02-18 16:30:00,False,16:30:00,2024-02-18
2947,2024-02-18 16:45:00,False,16:45:00,2024-02-18
2948,2024-02-18 17:00:00,False,17:00:00,2024-02-18
2949,2024-02-18 17:15:00,False,17:15:00,2024-02-18
2950,2024-02-18 17:30:00,False,17:30:00,2024-02-18
2951,2024-02-18 17:45:00,False,17:45:00,2024-02-18
2952,2024-02-18 18:00:00,False,18:00:00,2024-02-18
2953,2024-02-18 18:15:00,False,18:15:00,2024-02-18
2954,2024-02-18 18:30:00,False,18:30:00,2024-02-18
2955,2024-02-18 18:45:00,False,18:45:00,2024-02-18
2956,2024-02-18 19:00:00,False,19:00:00,2024-02-18
2957,2024-02-18 19:15:00,False,19:15:00,2024-02-18
2958,2024-02-18 19:30:00,False,19:30:00,2024-02-18
2959,2024-02-18 19:45:00,False,19:45:00,2024-02-18
2960,2024-02-18 20:00:00,False,20:00:00,2024-02-18
2961,2024-02-18 20:15:00,False,20:15:00,2024-02-18
2962,2024-02-18 20:30:00,False,20:30:00,2024-02-18
2963,2024-02-18 20:45:00,False,20:45:00,2024-02-18
2964,2024-02-18 21:00:00,False,21:00:00,2024-02-18
2965,2024-02-18 21:15:00,False,21:15:00,2024-02-18
2966,2024-02-18 21:30:00,False,21:30:00,2024-02-18
2967,2024-02-18 21:45:00,False,21:45:00,2024-02-18
2968,2024-02-18 22:00:00,False,22:00:00,2024-02-18
2969,2024-02-18 22:15:00,False,22:15:00,2024-02-18
2970,2024-02-18 22:30:00,False,22:30:00,2024-02-18
2971,2024-02-18 22:45:00,False,22:45:00,2024-02-18
2972,2024-02-18 23:00:00,False,23:00:00,2024-02-18
2973,2024-02-18 23:15:00,False,23:15:00,2024-02-18
2974,2024-02-18 23:30:00,False,23:30:00,2024-02-18
2975,2024-02-18 23:45:00,False,23:45:00,2024-02-18
2976,2024-02-19 00:00:00,False,00:00:00,2024-02-19
2977,2024-02-19 00:15:00,False,00:15:00,2024-02-19
2978,2024-02-19 00:30:00,False,00:30:00,2024-02-19
2979,2024-02-19 00:45:00,False,00:45:00,2024-02-19
2980,2024-02-19 01:00:00,False,01:00:00,2024-02-19
2981,2024-02-19 01:15:00,False,01:15:00,2024-02-19
2982,2024-02-19 01:30:00,False,01:30:00,2024-02-19
2983,2024-02-19 01:45:00,False,01:45:00,2024-02-19
2984,2024-02-19 02:00:00,False,02:00:00,2024-02-19
2985,2024-02-19 02:15:00,False,02:15:00,2024-02-19
2986,2024-02-19 02:30:00,False,02:30:00,2024-02-19
2987,2024-02-19 02:45:00,False,02:45:00,2024-02-19
2988,2024-02-19 03:00:00,False,03:00:00,2024-02-19
2989,2024-02-19 03:15:00,False,03:15:00,2024-02-19
2990,2024-02-19 03:30:00,False,03:30:00,2024-02-19
2991,2024-02-19 03:45:00,False,03:45:00,2024-02-19
2992,2024-02-19 04:00:00,False,04:00:00,2024-02-19
2993,2024-02-19 04:15:00,False,04:15:00,2024-02-19
2994,2024-02-19 04:30:00,False,04:30:00,2024-02-19
2995,2024-02-19 04:45:00,False,04:45:00,2024-02-19
2996,2024-02-19 05:00:00,False,05:00:00,2024-02-19
2997,2024-02-19 05:15:00,False,05:15:00,2024-02-19
2998,2024-02-19 05:30:00,False,05:30:00,2024-02-19
2999,2024-02-19 05:45:00,False,05:45:00,2024-02-19
3000,2024-02-19 06:00:00,False,06:00:00,2024-02-19
3001,2024-02-19 06:15:00,False,06:15:00,2024-02-19
3002,2024-02-19 06:30:00,False,06:30:00,2024-02-19
3003,2024-02-19 06:45:00,False,06:45:00,2024-02-19
3004,2024-02-19 07:00:00,False,07:00:00,2024-02-19
3005,2024-02-19 07:15:00,False,07:15:00,2024-02-19
3006,2024-02-19 07:30:00,False,07:30:00,2024-02-19
3007,2024-02-19 07:45:00,False,07:45:00,2024-02-19
3008,2024-02-19 08:00:00,False,08:00:00,2024-02-19
3009,2024-02-19 08:15:00,False,08:15:00,2024-02-19
3010,2024-02-19 08:30:00,False,08:30:00,2024-02-19
3011,2024-02-19 08:45:00,False,08:45:00,2024-02-19
3012,2024-02-19 09:00:00,False,09:00:00,2024-02-19
3013,2024-02-19 09:15:00,False,09:15:00,2024-02-19
3014,2024-02-19 09:30:00,False,09:30:00,2024-02-19
3015,2024-02-19 09:45:00,False,09:45:00,2024-02-19
3016,2024-02-19 10:00:00,False,10:00:00,2024-02-19
3017,2024-02-19 10:15:00,False,10:15:00,2024-02-19
3018,2024-02-19 10:30:00,False,10:30:00,2024-02-19
3019,2024-02-19 10:45:00,False,10:45:00,2024-02-19
3020,2024-02-19 11:00:00,False,11:00:00,2024-02-19
3021,2024-02-19 11:15:00,False,11:15:00,2024-02-19
3022,2024-02-19 11:30:00,False,11:30:00,2024-02-19
3023,2024-02-19 11:45:00,False,11:45:00,2024-02-19
3024,2024-02-19 12:00:00,False,12:00:00,2024-02-19
3025,2024-02-19 12:15:00,False,12:15:00,2024-02-19
3026,2024-02-19 12:30:00,False,12:30:00,2024-02-19
3027,2024-02-19 12:45:00,False,12:45:00,2024-02-19
3028,2024-02-19 13:00:00,False,13:00:00,2024-02-19
3029,2024-02-19 13:15:00,False,13:15:00,2024-02-19
3030,2024-02-19 13:30:00,False,13:30:00,2024-02-19
3031,2024-02-19 13:45:00,False,13:45:00,2024-02-19
3032,2024-02-19 14:00:00,False,14:00:00,2024-02-19
3033,2024-02-19 14:15:00,True,14:15:00,2024-02-19
3034,2024-02-19 14:30:00,True,14:30:00,2024-02-19
3035,2024-02-19 14:45:00,True,14:45:00,2024-02-19
3036,2024-02-19 15:00:00,True,15:00:00,2024-02-19
3037,2024-02-19 15:15:00,False,15:15:00,2024-02-19
3038,2024-02-19 15:30:00,False,15:30:00,2024-02-19
3039,2024-02-19 15:45:00,False,15:45:00,2024-02-19
3040,2024-02-19 16:00:00,False,16:00:00,2024-02-19
3041,2024-02-19 16:15:00,False,16:15:00,2024-02-19
3042,2024-02-19 16:30:00,False,16:30:00,2024-02-19
3043,2024-02-19 16:45:00,False,16:45:00,2024-02-19
3044,2024-02-19 17:00:00,False,17:00:00,2024-02-19
3045,2024-02-19 17:15:00,False,17:15:00,2024-02-19
3046,2024-02-19 17:30:00,False,17:30:00,2024-02-19
3047,2024-02-19 17:45:00,False,17:45:00,2024-02-19
3048,2024-02-19 18:00:00,False,18:00:00,2024-02-19
3049,2024-02-19 18:15:00,False,18:15:00,2024-02-19
3050,2024-02-19 18:30:00,False,18:30:00,2024-02-19
3051,2024-02-19 18:45:00,False,18:45:00,2024-02-19
3052,2024-02-19 19:00:00,False,19:00:00,2024-02-19
3053,2024-02-19 19:15:00,False,19:15:00,2024-02-19
3054,2024-02-19 19:30:00,False,19:30:00,2024-02-19
3055,2024-02-19 19:45:00,False,19:45:00,2024-02-19
3056,2024-02-19 20:00:00,False,20:00:00,2024-02-19
3057,2024-02-19 20:15:00,False,20:15:00,2024-02-19
3058,2024-02-19 20:30:00,False,20:30:00,2024-02-19
3059,2024-02-19 20:45:00,False,20:45:00,2024-02-19
3060,2024-02-19 21:00:00,False,21:00:00,2024-02-19
3061,2024-02-19 21:15:00,False,21:15:00,2024-02-19
3062,2024-02-19 21:30:00,False,21:30:00,2024-02-19
3063,2024-02-19 21:45:00,False,21:45:00,2024-02-19
3064,2024-02-19 22:00:00,False,22:00:00,2024-02-19
3065,2024-02-19 22:15:00,False,22:15:00,2024-02-19
3066,2024-02-19 22:30:00,False,22:30:00,2024-02-19
3067,2024-02-19 22:45:00,False,22:45:00,2024-02-19
3068,2024-02-19 23:00:00,False,23:00:00,2024-02-19
3069,2024-02-19 23:15:00,False,23:15:00,2024-02-19
3070,2024-02-19 23:30:00,False,23:30:00,2024-02-19
3071,2024-02-19 23:45:00,False,23:45:00,2024-02-19
3072,2024-02-20 00:00:00,False,00:00:00,2024-02-20
3073,2024-02-20 00:15:00,False,00:15:00,2024-02-20
3074,2024-02-20 00:30:00,False,00:30:00,2024-02-20
3075,2024-02-20 00:45:00,False,00:45:00,2024-02-20
3076,2024-02-20 01:00:00,False,01:00:00,2024-02-20
3077,2024-02-20 01:15:00,False,01:15:00,2024-02-20
3078,2024-02-20 01:30:00,False,01:30:00,2024-02-20
3079,2024-02-20 01:45:00,False,01:45:00,2024-02-20
3080,2024-02-20 02:00:00,False,02:00:00,2024-02-20
3081,2024-02-20 02:15:00,False,02:15:00,2024-02-20
3082,2024-02-20 02:30:00,False,02:30:00,2024-02-20
3083,2024-02-20 02:45:00,False,02:45:00,2024-02-20
3084,2024-02-20 03:00:00,False,03:00:00,2024-02-20
3085,2024-02-20 03:15:00,False,03:15:00,2024-02-20
3086,2024-02-20 03:30:00,False,03:30:00,2024-02-20
3087,2024-02-20 03:45:00,False,03:45:00,2024-02-20
3088,2024-02-20 04:00:00,False,04:00:00,2024-02-20
3089,2024-02-20 04:15:00,False,04:15:00,2024-02-20
3090,2024-02-20 04:30:00,False,04:30:00,2024-02-20
3091,2024-02-20 04:45:00,False,04:45:00,2024-02-20
3092,2024-02-20 05:00:00,False,05:00:00,2024-02-20
3093,2024-02-20 05:15:00,False,05:15:00,2024-02-20
3094,2024-02-20 05:30:00,False,05:30:00,2024-02-20
3095,2024-02-20 05:45:00,False,05:45:00,2024-02-20
3096,2024-02-20 06:00:00,False,06:00:00,2024-02-20
3097,2024-02-20 06:15:00,False,06:15:00,2024-02-20
3098,2024-02-20 06:30:00,False,06:30:00,2024-02-20
3099,2024-02-20 06:45:00,False,06:45:00,2024-02-20
3100,2024-02-20 07:00:00,False,07:00:00,2024-02-20
3101,2024-02-20 07:15:00,False,07:15:00,2024-02-20
3102,2024-02-20 07:30:00,False,07:30:00,2024-02-20
3103,2024-02-20 07:45:00,False,07:45:00,2024-02-20
3104,2024-02-20 08:00:00,False,08:00:00,2024-02-20
3105,2024-02-20 08:15:00,False,08:15:00,2024-02-20
3106,2024-02-20 08:30:00,False,08:30:00,2024-02-20
3107,2024-02-20 08:45:00,False,08:45:00,2024-02-20
3108,2024-02-20 09:00:00,False,09:00:00,2024-02-20
3109,2024-02-20 09:15:00,False,09:15:00,2024-02-20
3110,2024-02-20 09:30:00,False,09:30:00,2024-02-20
3111,2024-02-20 09:45:00,False,09:45:00,2024-02-20
3112,2024-02-20 10:00:00,False,10:00:00,2024-02-20
3113,2024-02-20 10:15:00,False,10:15:00,2024-02-20
3114,2024-02-20 10:30:00,True,10:30:00,2024-02-20
3115,2024-02-20 10:45:00,True,10:45:00,2024-02-20
3116,2024-02-20 11:00:00,True,11:00:00,2024-02-20
3117,2024-02-20 11:15:00,False,11:15:00,2024-02-20
3118,2024-02-20 11:30:00,False,11:30:00,2024-02-20
3119,2024-02-20 11:45:00,False,11:45:00,2024-02-20
3120,2024-02-20 12:00:00,False,12:00:00,2024-02-20
3121,2024-02-20 12:15:00,False,12:15:00,2024-02-20
3122,2024-02-20 12:30:00,False,12:30:00,2024-02-20
3123,2024-02-20 12:45:00,False,12:45:00,2024-02-20
3124,2024-02-20 13:00:00,False,13:00:00,2024-02-20
3125,2024-02-20 13:15:00,False,13:15:00,2024-02-20
3126,2024-02-20 13:30:00,False,13:30:00,2024-02-20
3127,2024-02-20 13:45:00,False,13:45:00,2024-02-20
3128,2024-02-20 14:00:00,False,14:00:00,2024-02-20
3129,2024-02-20 14:15:00,False,14:15:00,2024-02-20
3130,2024-02-20 14:30:00,False,14:30:00,2024-02-20
3131,2024-02-20 14:45:00,False,14:45:00,2024-02-20
3132,2024-02-20 15:00:00,False,15:00:00,2024-02-20
3133,2024-02-20 15:15:00,False,15:15:00,2024-02-20
3134,2024-02-20 15:30:00,False,15:30:00,2024-02-20
3135,2024-02-20 15:45:00,False,15:45:00,2024-02-20
3136,2024-02-20 16:00:00,False,16:00:00,2024-02-20
3137,2024-02-20 16:15:00,False,16:15:00,2024-02-20
3138,2024-02-20 16:30:00,False,16:30:00,2024-02-20
3139,2024-02-20 16:45:00,False,16:45:00,2024-02-20
3140,2024-02-20 17:00:00,False,17:00:00,2024-02-20
3141,2024-02-20 17:15:00,False,17:15:00,2024-02-20
3142,2024-02-20 17:30:00,False,17:30:00,2024-02-20
3143,2024-02-20 17:45:00,False,17:45:00,2024-02-20
3144,2024-02-20 18:00:00,False,18:00:00,2024-02-20
3145,2024-02-20 18:15:00,False,18:15:00,2024-02-20
3146,2024-02-20 18:30:00,False,18:30:00,2024-02-20
3147,2024-02-20 18:45:00,False,18:45:00,2024-02-20
3148,2024-02-20 19:00:00,False,19:00:00,2024-02-20
3149,2024-02-20 19:15:00,False,19:15:00,2024-02-20
3150,2024-02-20 19:30:00,False,19:30:00,2024-02-20
3151,2024-02-20 19:45:00,False,19:45:00,2024-02-20
3152,2024-02-20 20:00:00,False,20:00:00,2024-02-20
3153,2024-02-20 20:15:00,False,20:15:00,2024-02-20
3154,2024-02-20 20:30:00,False,20:30:00,2024-02-20
3155,2024-02-20 20:45:00,False,20:45:00,2024-02-20
3156,2024-02-20 21:00:00,False,21:00:00,2024-02-20
3157,2024-02-20 21:15:00,False,21:15:00,2024-02-20
3158,2024-02-20 21:30:00,False,21:30:00,2024-02-20
3159,2024-02-20 21:45:00,False,21:45:00,2024-02-20
3160,2024-02-20 22:00:00,False,22:00:00,2024-02-20
3161,2024-02-20 22:15:00,False,22:15:00,2024-02-20
3162,2024-02-20 22:30:00,False,22:30:00,2024-02-20
3163,2024-02-20 22:45:00,False,22:45:00,2024-02-20
3164,2024-02-20 23:00:00,False,23:00:00,2024-02-20
3165,2024-02-20 23:15:00,False,23:15:00,2024-02-20
3166,2024-02-20 23:30:00,False,23:30:00,2024-02-20
3167,2024-02-20 23:45:00,False,23:45:00,2024-02-20
3168,2024-02-21 00:00:00,False,00:00:00,2024-02-21
3169,2024-02-21 00:15:00,False,00:15:00,2024-02-21
3170,2024-02-21 00:30:00,False,00:30:00,2024-02-21
3171,2024-02-21 00:45:00,False,00:45:00,2024-02-21
3172,2024-02-21 01:00:00,False,01:00:00,2024-02-21
3173,2024-02-21 01:15:00,False,01:15:00,2024-02-21
3174,2024-02-21 01:30:00,False,01:30:00,2024-02-21
3175,2024-02-21 01:45:00,False,01:45:00,2024-02-21
3176,2024-02-21 02:00:00,False,02:00:00,2024-02-21
3177,2024-02-21 02:15:00,False,02:15:00,2024-02-21
3178,2024-02-21 02:30:00,False,02:30:00,2024-02-21
3179,2024-02-21 02:45:00,False,02:45:00,2024-02-21
3180,2024-02-21 03:00:00,False,03:00:00,2024-02-21
3181,2024-02-21 03:15:00,False,03:15:00,2024-02-21
3182,2024-02-21 03:30:00,False,03:30:00,2024-02-21
3183,2024-02-21 03:45:00,False,03:45:00,2024-02-21
3184,2024-02-21 04:00:00,False,04:00:00,2024-02-21
3185,2024-02-21 04:15:00,False,04:15:00,2024-02-21
3186,2024-02-21 04:30:00,False,04:30:00,2024-02-21
3187,2024-02-21 04:45:00,False,04:45:00,2024-02-21
3188,2024-02-21 05:00:00,False,05:00:00,2024-02-21
3189,2024-02-21 05:15:00,False,05:15:00,2024-02-21
3190,2024-02-21 05:30:00,False,05:30:00,2024-02-21
3191,2024-02-21 05:45:00,False,05:45:00,2024-02-21
3192,2024-02-21 06:00:00,False,06:00:00,2024-02-21
3193,2024-02-21 06:15:00,False,06:15:00,2024-02-21
3194,2024-02-21 06:30:00,False,06:30:00,2024-02-21
3195,2024-02-21 06:45:00,False,06:45:00,2024-02-21
3196,2024-02-21 07:00:00,False,07:00:00,2024-02-21
3197,2024-02-21 07:15:00,False,07:15:00,2024-02-21
3198,2024-02-21 07:30:00,False,07:30:00,2024-02-21
3199,2024-02-21 07:45:00,False,07:45:00,2024-02-21
3200,2024-02-21 08:00:00,False,08:00:00,2024-02-21
3201,2024-02-21 08:15:00,False,08:15:00,2024-02-21
3202,2024-02-21 08:30:00,False,08:30:00,2024-02-21
3203,2024-02-21 08:45:00,False,08:45:00,2024-02-21
3204,2024-02-21 09:00:00,False,09:00:00,2024-02-21
3205,2024-02-21 09:15:00,False,09:15:00,2024-02-21
3206,2024-02-21 09:30:00,False,09:30:00,2024-02-21
3207,2024-02-21 09:45:00,False,09:45:00,2024-02-21
3208,2024-02-21 10:00:00,False,10:00:00,2024-02-21
3209,2024-02-21 10:15:00,False,10:15:00,2024-02-21
3210,2024-02-21 10:30:00,False,10:30:00,2024-02-21
3211,2024-02-21 10:45:00,False,10:45:00,2024-02-21
3212,2024-02-21 11:00:00,False,11:00:00,2024-02-21
3213,2024-02-21 11:15:00,False,11:15:00,2024-02-21
3214,2024-02-21 11:30:00,False,11:30:00,2024-02-21
3215,2024-02-21 11:45:00,False,11:45:00,2024-02-21
3216,2024-02-21 12:00:00,False,12:00:00,2024-02-21
3217,2024-02-21 12:15:00,False,12:15:00,2024-02-21
3218,2024-02-21 12:30:00,False,12:30:00,2024-02-21
3219,2024-02-21 12:45:00,False,12:45:00,2024-02-21
3220,2024-02-21 13:00:00,False,13:00:00,2024-02-21
3221,2024-02-21 13:15:00,False,13:15:00,2024-02-21
3222,2024-02-21 13:30:00,False,13:30:00,2024-02-21
3223,2024-02-21 13:45:00,False,13:45:00,2024-02-21
3224,2024-02-21 14:00:00,False,14:00:00,2024-02-21
3225,2024-02-21 14:15:00,False,14:15:00,2024-02-21
3226,2024-02-21 14:30:00,False,14:30:00,2024-02-21
3227,2024-02-21 14:45:00,False,14:45:00,2024-02-21
3228,2024-02-21 15:00:00,False,15:00:00,2024-02-21
3229,2024-02-21 15:15:00,False,15:15:00,2024-02-21
3230,2024-02-21 15:30:00,False,15:30:00,2024-02-21
3231,2024-02-21 15:45:00,False,15:45:00,2024-02-21
3232,2024-02-21 16:00:00,False,16:00:00,2024-02-21
3233,2024-02-21 16:15:00,False,16:15:00,2024-02-21
3234,2024-02-21 16:30:00,False,16:30:00,2024-02-21
3235,2024-02-21 16:45:00,False,16:45:00,2024-02-21
3236,2024-02-21 17:00:00,False,17:00:00,2024-02-21
3237,2024-02-21 17:15:00,False,17:15:00,2024-02-21
3238,2024-02-21 17:30:00,False,17:30:00,2024-02-21
3239,2024-02-21 17:45:00,False,17:45:00,2024-02-21
3240,2024-02-21 18:00:00,False,18:00:00,2024-02-21
3241,2024-02-21 18:15:00,False,18:15:00,2024-02-21
3242,2024-02-21 18:30:00,False,18:30:00,2024-02-21
3243,2024-02-21 18:45:00,False,18:45:00,2024-02-21
3244,2024-02-21 19:00:00,False,19:00:00,2024-02-21
3245,2024-02-21 19:15:00,False,19:15:00,2024-02-21
3246,2024-02-21 19:30:00,False,19:30:00,2024-02-21
3247,2024-02-21 19:45:00,False,19:45:00,2024-02-21
3248,2024-02-21 20:00:00,False,20:00:00,2024-02-21
3249,2024-02-21 20:15:00,False,20:15:00,2024-02-21
3250,2024-02-21 20:30:00,False,20:30:00,2024-02-21
3251,2024-02-21 20:45:00,False,20:45:00,2024-02-21
3252,2024-02-21 21:00:00,False,21:00:00,2024-02-21
3253,2024-02-21 21:15:00,False,21:15:00,2024-02-21
3254,2024-02-21 21:30:00,False,21:30:00,2024-02-21
3255,2024-02-21 21:45:00,False,21:45:00,2024-02-21
3256,2024-02-21 22:00:00,False,22:00:00,2024-02-21
3257,2024-02-21 22:15:00,False,22:15:00,2024-02-21
3258,2024-02-21 22:30:00,False,22:30:00,2024-02-21
3259,2024-02-21 22:45:00,False,22:45:00,2024-02-21
3260,2024-02-21 23:00:00,False,23:00:00,2024-02-21
3261,2024-02-21 23:15:00,False,23:15:00,2024-02-21
3262,2024-02-21 23:30:00,False,23:30:00,2024-02-21
3263,2024-02-21 23:45:00,False,23:45:00,2024-02-21
3264,2024-02-22 00:00:00,False,00:00:00,2024-02-22
3265,2024-02-22 00:15:00,False,00:15:00,2024-02-22
3266,2024-02-22 00:30:00,False,00:30:00,2024-02-22
3267,2024-02-22 00:45:00,False,00:45:00,2024-02-22
3268,2024-02-22 01:00:00,False,01:00:00,2024-02-22
3269,2024-02-22 01:15:00,False,01:15:00,2024-02-22
3270,2024-02-22 01:30:00,False,01:30:00,2024-02-22
3271,2024-02-22 01:45:00,False,01:45:00,2024-02-22
3272,2024-02-22 02:00:00,False,02:00:00,2024-02-22
3273,2024-02-22 02:15:00,False,02:15:00,2024-02-22
3274,2024-02-22 02:30:00,False,02:30:00,2024-02-22
3275,2024-02-22 02:45:00,False,02:45:00,2024-02-22
3276,2024-02-22 03:00:00,False,03:00:00,2024-02-22
3277,2024-02-22 03:15:00,False,03:15:00,2024-02-22
3278,2024-02-22 03:30:00,False,03:30:00,2024-02-22
3279,2024-02-22 03:45:00,False,03:45:00,2024-02-22
3280,2024-02-22 04:00:00,False,04:00:00,2024-02-22
3281,2024-02-22 04:15:00,False,04:15:00,2024-02-22
3282,2024-02-22 04:30:00,False,04:30:00,2024-02-22
3283,2024-02-22 04:45:00,False,04:45:00,2024-02-22
3284,2024-02-22 05:00:00,False,05:00:00,2024-02-22
3285,2024-02-22 05:15:00,False,05:15:00,2024-02-22
3286,2024-02-22 05:30:00,False,05:30:00,2024-02-22
3287,2024-02-22 05:45:00,False,05:45:00,2024-02-22
3288,2024-02-22 06:00:00,False,06:00:00,2024-02-22
3289,2024-02-22 06:15:00,False,06:15:00,2024-02-22
3290,2024-02-22 06:30:00,False,06:30:00,2024-02-22
3291,2024-02-22 06:45:00,True,06:45:00,2024-02-22
3292,2024-02-22 07:00:00,False,07:00:00,2024-02-22
3293,2024-02-22 07:15:00,False,07:15:00,2024-02-22
3294,2024-02-22 07:30:00,False,07:30:00,2024-02-22
3295,2024-02-22 07:45:00,False,07:45:00,2024-02-22
3296,2024-02-22 08:00:00,False,08:00:00,2024-02-22
3297,2024-02-22 08:15:00,False,08:15:00,2024-02-22
3298,2024-02-22 08:30:00,False,08:30:00,2024-02-22
3299,2024-02-22 08:45:00,False,08:45:00,2024-02-22
3300,2024-02-22 09:00:00,False,09:00:00,2024-02-22
3301,2024-02-22 09:15:00,False,09:15:00,2024-02-22
3302,2024-02-22 09:30:00,False,09:30:00,2024-02-22
3303,2024-02-22 09:45:00,False,09:45:00,2024-02-22
3304,2024-02-22 10:00:00,False,10:00:00,2024-02-22
3305,2024-02-22 10:15:00,False,10:15:00,2024-02-22
3306,2024-02-22 10:30:00,False,10:30:00,2024-02-22
3307,2024-02-22 10:45:00,False,10:45:00,2024-02-22
3308,2024-02-22 11:00:00,False,11:00:00,2024-02-22
3309,2024-02-22 11:15:00,False,11:15:00,2024-02-22
3310,2024-02-22 11:30:00,False,11:30:00,2024-02-22
3311,2024-02-22 11:45:00,False,11:45:00,2024-02-22
3312,2024-02-22 12:00:00,False,12:00:00,2024-02-22
3313,2024-02-22 12:15:00,False,12:15:00,2024-02-22
3314,2024-02-22 12:30:00,False,12:30:00,2024-02-22
3315,2024-02-22 12:45:00,False,12:45:00,2024-02-22
3316,2024-02-22 13:00:00,False,13:00:00,2024-02-22
3317,2024-02-22 13:15:00,False,13:15:00,2024-02-22
3318,2024-02-22 13:30:00,False,13:30:00,2024-02-22
3319,2024-02-22 13:45:00,False,13:45:00,2024-02-22
3320,2024-02-22 14:00:00,False,14:00:00,2024-02-22
3321,2024-02-22 14:15:00,False,14:15:00,2024-02-22
3322,2024-02-22 14:30:00,False,14:30:00,2024-02-22
3323,2024-02-22 14:45:00,False,14:45:00,2024-02-22
3324,2024-02-22 15:00:00,False,15:00:00,2024-02-22
3325,2024-02-22 15:15:00,False,15:15:00,2024-02-22
3326,2024-02-22 15:30:00,False,15:30:00,2024-02-22
3327,2024-02-22 15:45:00,False,15:45:00,2024-02-22
3328,2024-02-22 16:00:00,False,16:00:00,2024-02-22
3329,2024-02-22 16:15:00,False,16:15:00,2024-02-22
3330,2024-02-22 16:30:00,False,16:30:00,2024-02-22
3331,2024-02-22 16:45:00,False,16:45:00,2024-02-22
3332,2024-02-22 17:00:00,False,17:00:00,2024-02-22
3333,2024-02-22 17:15:00,False,17:15:00,2024-02-22
3334,2024-02-22 17:30:00,False,17:30:00,2024-02-22
3335,2024-02-22 17:45:00,False,17:45:00,2024-02-22
3336,2024-02-22 18:00:00,False,18:00:00,2024-02-22
3337,2024-02-22 18:15:00,False,18:15:00,2024-02-22
3338,2024-02-22 18:30:00,False,18:30:00,2024-02-22
3339,2024-02-22 18:45:00,False,18:45:00,2024-02-22
3340,2024-02-22 19:00:00,False,19:00:00,2024-02-22
3341,2024-02-22 19:15:00,False,19:15:00,2024-02-22
3342,2024-02-22 19:30:00,False,19:30:00,2024-02-22
3343,2024-02-22 19:45:00,False,19:45:00,2024-02-22
3344,2024-02-22 20:00:00,False,20:00:00,2024-02-22
3345,2024-02-22 20:15:00,False,20:15:00,2024-02-22
3346,2024-02-22 20:30:00,False,20:30:00,2024-02-22
3347,2024-02-22 20:45:00,True,20:45:00,2024-02-22
3348,2024-02-22 21:00:00,True,21:00:00,2024-02-22
3349,2024-02-22 21:15:00,True,21:15:00,2024-02-22
3350,2024-02-22 21:30:00,True,21:30:00,2024-02-22
3351,2024-02-22 21:45:00,True,21:45:00,2024-02-22
3352,2024-02-22 22:00:00,True,22:00:00,2024-02-22
3353,2024-02-22 22:15:00,True,22:15:00,2024-02-22
3354,2024-02-22 22:30:00,True,22:30:00,2024-02-22
3355,2024-02-22 22:45:00,True,22:45:00,2024-02-22
3356,2024-02-22 23:00:00,True,23:00:00,2024-02-22
3357,2024-02-22 23:15:00,True,23:15:00,2024-02-22
3358,2024-02-22 23:30:00,True,23:30:00,2024-02-22
3359,2024-02-22 23:45:00,True,23:45:00,2024-02-22
3360,2024-02-23 00:00:00,True,00:00:00,2024-02-23
3361,2024-02-23 00:15:00,True,00:15:00,2024-02-23
3362,2024-02-23 00:30:00,True,00:30:00,2024-02-23
3363,2024-02-23 00:45:00,True,00:45:00,2024-02-23
3364,2024-02-23 01:00:00,True,01:00:00,2024-02-23
3365,2024-02-23 01:15:00,True,01:15:00,2024-02-23
3366,2024-02-23 01:30:00,True,01:30:00,2024-02-23
3367,2024-02-23 01:45:00,True,01:45:00,2024-02-23
3368,2024-02-23 02:00:00,True,02:00:00,2024-02-23
3369,2024-02-23 02:15:00,True,02:15:00,2024-02-23
3370,2024-02-23 02:30:00,True,02:30:00,2024-02-23
3371,2024-02-23 02:45:00,True,02:45:00,2024-02-23
3372,2024-02-23 03:00:00,True,03:00:00,2024-02-23
3373,2024-02-23 03:15:00,True,03:15:00,2024-02-23
3374,2024-02-23 03:30:00,True,03:30:00,2024-02-23
3375,2024-02-23 03:45:00,True,03:45:00,2024-02-23
3376,2024-02-23 04:00:00,True,04:00:00,2024-02-23
3377,2024-02-23 04:15:00,True,04:15:00,2024-02-23
3378,2024-02-23 04:30:00,True,04:30:00,2024-02-23
3379,2024-02-23 04:45:00,True,04:45:00,2024-02-23
3380,2024-02-23 05:00:00,True,05:00:00,2024-02-23
3381,2024-02-23 05:15:00,True,05:15:00,2024-02-23
3382,2024-02-23 05:30:00,True,05:30:00,2024-02-23
3383,2024-02-23 05:45:00,True,05:45:00,2024-02-23
3384,2024-02-23 06:00:00,True,06:00:00,2024-02-23
3385,2024-02-23 06:15:00,True,06:15:00,2024-02-23
3386,2024-02-23 06:30:00,True,06:30:00,2024-02-23
3387,2024-02-23 06:45:00,True,06:45:00,2024-02-23
3388,2024-02-23 07:00:00,False,07:00:00,2024-02-23
3389,2024-02-23 07:15:00,False,07:15:00,2024-02-23
3390,2024-02-23 07:30:00,False,07:30:00,2024-02-23
3391,2024-02-23 07:45:00,False,07:45:00,2024-02-23
3392,2024-02-23 08:00:00,False,08:00:00,2024-02-23
3393,2024-02-23 08:15:00,False,08:15:00,2024-02-23
3394,2024-02-23 08:30:00,False,08:30:00,2024-02-23
3395,2024-02-23 08:45:00,False,08:45:00,2024-02-23
3396,2024-02-23 09:00:00,False,09:00:00,2024-02-23
3397,2024-02-23 09:15:00,False,09:15:00,2024-02-23
3398,2024-02-23 09:30:00,False,09:30:00,2024-02-23
3399,2024-02-23 09:45:00,False,09:45:00,2024-02-23
3400,2024-02-23 10:00:00,False,10:00:00,2024-02-23
3401,2024-02-23 10:15:00,False,10:15:00,2024-02-23
3402,2024-02-23 10:30:00,False,10:30:00,2024-02-23
3403,2024-02-23 10:45:00,False,10:45:00,2024-02-23
3404,2024-02-23 11:00:00,False,11:00:00,2024-02-23
3405,2024-02-23 11:15:00,False,11:15:00,2024-02-23
3406,2024-02-23 11:30:00,False,11:30:00,2024-02-23
3407,2024-02-23 11:45:00,False,11:45:00,2024-02-23
3408,2024-02-23 12:00:00,False,12:00:00,2024-02-23
3409,2024-02-23 12:15:00,False,12:15:00,2024-02-23
3410,2024-02-23 12:30:00,False,12:30:00,2024-02-23
3411,2024-02-23 12:45:00,False,12:45:00,2024-02-23
3412,2024-02-23 13:00:00,False,13:00:00,2024-02-23
3413,2024-02-23 13:15:00,False,13:15:00,2024-02-23
3414,2024-02-23 13:30:00,False,13:30:00,2024-02-23
3415,2024-02-23 13:45:00,False,13:45:00,2024-02-23
3416,2024-02-23 14:00:00,False,14:00:00,2024-02-23
3417,2024-02-23 14:15:00,False,14:15:00,2024-02-23
3418,2024-02-23 14:30:00,False,14:30:00,2024-02-23
3419,2024-02-23 14:45:00,False,14:45:00,2024-02-23
3420,2024-02-23 15:00:00,False,15:00:00,2024-02-23
3421,2024-02-23 15:15:00,False,15:15:00,2024-02-23
3422,2024-02-23 15:30:00,False,15:30:00,2024-02-23
3423,2024-02-23 15:45:00,False,15:45:00,2024-02-23
3424,2024-02-23 16:00:00,False,16:00:00,2024-02-23
3425,2024-02-23 16:15:00,False,16:15:00,2024-02-23
3426,2024-02-23 16:30:00,False,16:30:00,2024-02-23
3427,2024-02-23 16:45:00,False,16:45:00,2024-02-23
3428,2024-02-23 17:00:00,False,17:00:00,2024-02-23
3429,2024-02-23 17:15:00,False,17:15:00,2024-02-23
3430,2024-02-23 17:30:00,False,17:30:00,2024-02-23
3431,2024-02-23 17:45:00,False,17:45:00,2024-02-23
3432,2024-02-23 18:00:00,False,18:00:00,2024-02-23
3433,2024-02-23 18:15:00,False,18:15:00,2024-02-23
3434,2024-02-23 18:30:00,False,18:30:00,2024-02-23
3435,2024-02-23 18:45:00,False,18:45:00,2024-02-23
3436,2024-02-23 19:00:00,False,19:00:00,2024-02-23
3437,2024-02-23 19:15:00,False,19:15:00,2024-02-23
3438,2024-02-23 19:30:00,False,19:30:00,2024-02-23
3439,2024-02-23 19:45:00,False,19:45:00,2024-02-23
3440,2024-02-23 20:00:00,False,20:00:00,2024-02-23
3441,2024-02-23 20:15:00,False,20:15:00,2024-02-23
3442,2024-02-23 20:30:00,False,20:30:00,2024-02-23
3443,2024-02-23 20:45:00,False,20:45:00,2024-02-23
3444,2024-02-23 21:00:00,False,21:00:00,2024-02-23
3445,2024-02-23 21:15:00,False,21:15:00,2024-02-23
3446,2024-02-23 21:30:00,False,21:30:00,2024-02-23
3447,2024-02-23 21:45:00,False,21:45:00,2024-02-23
3448,2024-02-23 22:00:00,False,22:00:00,2024-02-23
3449,2024-02-23 22:15:00,False,22:15:00,2024-02-23
3450,2024-02-23 22:30:00,False,22:30:00,2024-02-23
3451,2024-02-23 22:45:00,False,22:45:00,2024-02-23
3452,2024-02-23 23:00:00,False,23:00:00,2024-02-23
3453,2024-02-23 23:15:00,False,23:15:00,2024-02-23
3454,2024-02-23 23:30:00,False,23:30:00,2024-02-23
3455,2024-02-23 23:45:00,False,23:45:00,2024-02-23
3456,2024-02-24 00:00:00,False,00:00:00,2024-02-24
3457,2024-02-24 00:15:00,False,00:15:00,2024-02-24
3458,2024-02-24 00:30:00,False,00:30:00,2024-02-24
3459,2024-02-24 00:45:00,False,00:45:00,2024-02-24
3460,2024-02-24 01:00:00,False,01:00:00,2024-02-24
3461,2024-02-24 01:15:00,False,01:15:00,2024-02-24
3462,2024-02-24 01:30:00,False,01:30:00,2024-02-24
3463,2024-02-24 01:45:00,False,01:45:00,2024-02-24
3464,2024-02-24 02:00:00,False,02:00:00,2024-02-24
3465,2024-02-24 02:15:00,False,02:15:00,2024-02-24
3466,2024-02-24 02:30:00,False,02:30:00,2024-02-24
3467,2024-02-24 02:45:00,False,02:45:00,2024-02-24
3468,2024-02-24 03:00:00,False,03:00:00,2024-02-24
3469,2024-02-24 03:15:00,False,03:15:00,2024-02-24
3470,2024-02-24 03:30:00,False,03:30:00,2024-02-24
3471,2024-02-24 03:45:00,False,03:45:00,2024-02-24
3472,2024-02-24 04:00:00,False,04:00:00,2024-02-24
3473,2024-02-24 04:15:00,False,04:15:00,2024-02-24
3474,2024-02-24 04:30:00,False,04:30:00,2024-02-24
3475,2024-02-24 04:45:00,False,04:45:00,2024-02-24
3476,2024-02-24 05:00:00,False,05:00:00,2024-02-24
3477,2024-02-24 05:15:00,False,05:15:00,2024-02-24
3478,2024-02-24 05:30:00,False,05:30:00,2024-02-24
3479,2024-02-24 05:45:00,False,05:45:00,2024-02-24
3480,2024-02-24 06:00:00,False,06:00:00,2024-02-24
3481,2024-02-24 06:15:00,False,06:15:00,2024-02-24
3482,2024-02-24 06:30:00,False,06:30:00,2024-02-24
3483,2024-02-24 06:45:00,False,06:45:00,2024-02-24
3484,2024-02-24 07:00:00,False,07:00:00,2024-02-24
3485,2024-02-24 07:15:00,False,07:15:00,2024-02-24
3486,2024-02-24 07:30:00,False,07:30:00,2024-02-24
3487,2024-02-24 07:45:00,False,07:45:00,2024-02-24
3488,2024-02-24 08:00:00,False,08:00:00,2024-02-24
3489,2024-02-24 08:15:00,False,08:15:00,2024-02-24
3490,2024-02-24 08:30:00,False,08:30:00,2024-02-24
3491,2024-02-24 08:45:00,False,08:45:00,2024-02-24
3492,2024-02-24 09:00:00,False,09:00:00,2024-02-24
3493,2024-02-24 09:15:00,False,09:15:00,2024-02-24
3494,2024-02-24 09:30:00,False,09:30:00,2024-02-24
3495,2024-02-24 09:45:00,False,09:45:00,2024-02-24
3496,2024-02-24 10:00:00,False,10:00:00,2024-02-24
3497,2024-02-24 10:15:00,False,10:15:00,2024-02-24
3498,2024-02-24 10:30:00,False,10:30:00,2024-02-24
3499,2024-02-24 10:45:00,False,10:45:00,2024-02-24
3500,2024-02-24 11:00:00,False,11:00:00,2024-02-24
3501,2024-02-24 11:15:00,False,11:15:00,2024-02-24
3502,2024-02-24 11:30:00,False,11:30:00,2024-02-24
3503,2024-02-24 11:45:00,False,11:45:00,2024-02-24
3504,2024-02-24 12:00:00,False,12:00:00,2024-02-24
3505,2024-02-24 12:15:00,False,12:15:00,2024-02-24
3506,2024-02-24 12:30:00,False,12:30:00,2024-02-24
3507,2024-02-24 12:45:00,False,12:45:00,2024-02-24
3508,2024-02-24 13:00:00,False,13:00:00,2024-02-24
3509,2024-02-24 13:15:00,False,13:15:00,2024-02-24
3510,2024-02-24 13:30:00,False,13:30:00,2024-02-24
3511,2024-02-24 13:45:00,False,13:45:00,2024-02-24
3512,2024-02-24 14:00:00,False,14:00:00,2024-02-24
3513,2024-02-24 14:15:00,False,14:15:00,2024-02-24
3514,2024-02-24 14:30:00,False,14:30:00,2024-02-24
3515,2024-02-24 14:45:00,False,14:45:00,2024-02-24
3516,2024-02-24 15:00:00,False,15:00:00,2024-02-24
3517,2024-02-24 15:15:00,False,15:15:00,2024-02-24
3518,2024-02-24 15:30:00,False,15:30:00,2024-02-24
3519,2024-02-24 15:45:00,False,15:45:00,2024-02-24
3520,2024-02-24 16:00:00,False,16:00:00,2024-02-24
3521,2024-02-24 16:15:00,False,16:15:00,2024-02-24
3522,2024-02-24 16:30:00,False,16:30:00,2024-02-24
3523,2024-02-24 16:45:00,False,16:45:00,2024-02-24
3524,2024-02-24 17:00:00,False,17:00:00,2024-02-24
3525,2024-02-24 17:15:00,False,17:15:00,2024-02-24
3526,2024-02-24 17:30:00,False,17:30:00,2024-02-24
3527,2024-02-24 17:45:00,False,17:45:00,2024-02-24
3528,2024-02-24 18:00:00,False,18:00:00,2024-02-24
3529,2024-02-24 18:15:00,False,18:15:00,2024-02-24
3530,2024-02-24 18:30:00,False,18:30:00,2024-02-24
3531,2024-02-24 18:45:00,False,18:45:00,2024-02-24
3532,2024-02-24 19:00:00,False,19:00:00,2024-02-24
3533,2024-02-24 19:15:00,False,19:15:00,2024-02-24
3534,2024-02-24 19:30:00,False,19:30:00,2024-02-24
3535,2024-02-24 19:45:00,False,19:45:00,2024-02-24
3536,2024-02-24 20:00:00,False,20:00:00,2024-02-24
3537,2024-02-24 20:15:00,False,20:15:00,2024-02-24
3538,2024-02-24 20:30:00,False,20:30:00,2024-02-24
3539,2024-02-24 20:45:00,False,20:45:00,2024-02-24
3540,2024-02-24 21:00:00,False,21:00:00,2024-02-24
3541,2024-02-24 21:15:00,False,21:15:00,2024-02-24
3542,2024-02-24 21:30:00,False,21:30:00,2024-02-24
3543,2024-02-24 21:45:00,False,21:45:00,2024-02-24
3544,2024-02-24 22:00:00,False,22:00:00,2024-02-24
3545,2024-02-24 22:15:00,False,22:15:00,2024-02-24
3546,2024-02-24 22:30:00,False,22:30:00,2024-02-24
3547,2024-02-24 22:45:00,False,22:45:00,2024-02-24
3548,2024-02-24 23:00:00,False,23:00:00,2024-02-24
3549,2024-02-24 23:15:00,False,23:15:00,2024-02-24
3550,2024-02-24 23:30:00,False,23:30:00,2024-02-24
3551,2024-02-24 23:45:00,False,23:45:00,2024-02-24
