,interval_start,missflg,15_min_chunk,date
0,2023-10-04 00:00:00,True,00:00:00,2023-10-04
1,2023-10-04 00:15:00,True,00:15:00,2023-10-04
2,2023-10-04 00:30:00,True,00:30:00,2023-10-04
3,2023-10-04 00:45:00,True,00:45:00,2023-10-04
4,2023-10-04 01:00:00,True,01:00:00,2023-10-04
5,2023-10-04 01:15:00,True,01:15:00,2023-10-04
6,2023-10-04 01:30:00,True,01:30:00,2023-10-04
7,2023-10-04 01:45:00,True,01:45:00,2023-10-04
8,2023-10-04 02:00:00,True,02:00:00,2023-10-04
9,2023-10-04 02:15:00,True,02:15:00,2023-10-04
10,2023-10-04 02:30:00,True,02:30:00,2023-10-04
11,2023-10-04 02:45:00,True,02:45:00,2023-10-04
12,2023-10-04 03:00:00,True,03:00:00,2023-10-04
13,2023-10-04 03:15:00,True,03:15:00,2023-10-04
14,2023-10-04 03:30:00,True,03:30:00,2023-10-04
15,2023-10-04 03:45:00,True,03:45:00,2023-10-04
16,2023-10-04 04:00:00,True,04:00:00,2023-10-04
17,2023-10-04 04:15:00,True,04:15:00,2023-10-04
18,2023-10-04 04:30:00,True,04:30:00,2023-10-04
19,2023-10-04 04:45:00,True,04:45:00,2023-10-04
20,2023-10-04 05:00:00,True,05:00:00,2023-10-04
21,2023-10-04 05:15:00,True,05:15:00,2023-10-04
22,2023-10-04 05:30:00,True,05:30:00,2023-10-04
23,2023-10-04 05:45:00,True,05:45:00,2023-10-04
24,2023-10-04 06:00:00,True,06:00:00,2023-10-04
25,2023-10-04 06:15:00,True,06:15:00,2023-10-04
26,2023-10-04 06:30:00,True,06:30:00,2023-10-04
27,2023-10-04 06:45:00,True,06:45:00,2023-10-04
28,2023-10-04 07:00:00,True,07:00:00,2023-10-04
29,2023-10-04 07:15:00,True,07:15:00,2023-10-04
30,2023-10-04 07:30:00,True,07:30:00,2023-10-04
31,2023-10-04 07:45:00,True,07:45:00,2023-10-04
32,2023-10-04 08:00:00,True,08:00:00,2023-10-04
33,2023-10-04 08:15:00,True,08:15:00,2023-10-04
34,2023-10-04 08:30:00,True,08:30:00,2023-10-04
35,2023-10-04 08:45:00,True,08:45:00,2023-10-04
36,2023-10-04 09:00:00,True,09:00:00,2023-10-04
37,2023-10-04 09:15:00,True,09:15:00,2023-10-04
38,2023-10-04 09:30:00,True,09:30:00,2023-10-04
39,2023-10-04 09:45:00,True,09:45:00,2023-10-04
40,2023-10-04 10:00:00,True,10:00:00,2023-10-04
41,2023-10-04 10:15:00,True,10:15:00,2023-10-04
42,2023-10-04 10:30:00,True,10:30:00,2023-10-04
43,2023-10-04 10:45:00,True,10:45:00,2023-10-04
44,2023-10-04 11:00:00,True,11:00:00,2023-10-04
45,2023-10-04 11:15:00,True,11:15:00,2023-10-04
46,2023-10-04 11:30:00,True,11:30:00,2023-10-04
47,2023-10-04 11:45:00,True,11:45:00,2023-10-04
48,2023-10-04 12:00:00,True,12:00:00,2023-10-04
49,2023-10-04 12:15:00,True,12:15:00,2023-10-04
50,2023-10-04 12:30:00,True,12:30:00,2023-10-04
51,2023-10-04 12:45:00,True,12:45:00,2023-10-04
52,2023-10-04 13:00:00,True,13:00:00,2023-10-04
53,2023-10-04 13:15:00,True,13:15:00,2023-10-04
54,2023-10-04 13:30:00,True,13:30:00,2023-10-04
55,2023-10-04 13:45:00,True,13:45:00,2023-10-04
56,2023-10-04 14:00:00,True,14:00:00,2023-10-04
57,2023-10-04 14:15:00,True,14:15:00,2023-10-04
58,2023-10-04 14:30:00,True,14:30:00,2023-10-04
59,2023-10-04 14:45:00,True,14:45:00,2023-10-04
60,2023-10-04 15:00:00,True,15:00:00,2023-10-04
61,2023-10-04 15:15:00,True,15:15:00,2023-10-04
62,2023-10-04 15:30:00,True,15:30:00,2023-10-04
63,2023-10-04 15:45:00,True,15:45:00,2023-10-04
64,2023-10-04 16:00:00,True,16:00:00,2023-10-04
65,2023-10-04 16:15:00,True,16:15:00,2023-10-04
66,2023-10-04 16:30:00,True,16:30:00,2023-10-04
67,2023-10-04 16:45:00,True,16:45:00,2023-10-04
68,2023-10-04 17:00:00,True,17:00:00,2023-10-04
69,2023-10-04 17:15:00,True,17:15:00,2023-10-04
70,2023-10-04 17:30:00,True,17:30:00,2023-10-04
71,2023-10-04 17:45:00,True,17:45:00,2023-10-04
72,2023-10-04 18:00:00,False,18:00:00,2023-10-04
73,2023-10-04 18:15:00,False,18:15:00,2023-10-04
74,2023-10-04 18:30:00,False,18:30:00,2023-10-04
75,2023-10-04 18:45:00,False,18:45:00,2023-10-04
76,2023-10-04 19:00:00,False,19:00:00,2023-10-04
77,2023-10-04 19:15:00,False,19:15:00,2023-10-04
78,2023-10-04 19:30:00,False,19:30:00,2023-10-04
79,2023-10-04 19:45:00,False,19:45:00,2023-10-04
80,2023-10-04 20:00:00,False,20:00:00,2023-10-04
81,2023-10-04 20:15:00,False,20:15:00,2023-10-04
82,2023-10-04 20:30:00,False,20:30:00,2023-10-04
83,2023-10-04 20:45:00,False,20:45:00,2023-10-04
84,2023-10-04 21:00:00,False,21:00:00,2023-10-04
85,2023-10-04 21:15:00,False,21:15:00,2023-10-04
86,2023-10-04 21:30:00,False,21:30:00,2023-10-04
87,2023-10-04 21:45:00,False,21:45:00,2023-10-04
88,2023-10-04 22:00:00,False,22:00:00,2023-10-04
89,2023-10-04 22:15:00,False,22:15:00,2023-10-04
90,2023-10-04 22:30:00,False,22:30:00,2023-10-04
91,2023-10-04 22:45:00,False,22:45:00,2023-10-04
92,2023-10-04 23:00:00,False,23:00:00,2023-10-04
93,2023-10-04 23:15:00,False,23:15:00,2023-10-04
94,2023-10-04 23:30:00,False,23:30:00,2023-10-04
95,2023-10-04 23:45:00,False,23:45:00,2023-10-04
96,2023-10-05 00:00:00,False,00:00:00,2023-10-05
97,2023-10-05 00:15:00,False,00:15:00,2023-10-05
98,2023-10-05 00:30:00,False,00:30:00,2023-10-05
99,2023-10-05 00:45:00,False,00:45:00,2023-10-05
100,2023-10-05 01:00:00,False,01:00:00,2023-10-05
101,2023-10-05 01:15:00,False,01:15:00,2023-10-05
102,2023-10-05 01:30:00,False,01:30:00,2023-10-05
103,2023-10-05 01:45:00,False,01:45:00,2023-10-05
104,2023-10-05 02:00:00,False,02:00:00,2023-10-05
105,2023-10-05 02:15:00,False,02:15:00,2023-10-05
106,2023-10-05 02:30:00,False,02:30:00,2023-10-05
107,2023-10-05 02:45:00,False,02:45:00,2023-10-05
108,2023-10-05 03:00:00,False,03:00:00,2023-10-05
109,2023-10-05 03:15:00,False,03:15:00,2023-10-05
110,2023-10-05 03:30:00,False,03:30:00,2023-10-05
111,2023-10-05 03:45:00,False,03:45:00,2023-10-05
112,2023-10-05 04:00:00,False,04:00:00,2023-10-05
113,2023-10-05 04:15:00,False,04:15:00,2023-10-05
114,2023-10-05 04:30:00,False,04:30:00,2023-10-05
115,2023-10-05 04:45:00,False,04:45:00,2023-10-05
116,2023-10-05 05:00:00,False,05:00:00,2023-10-05
117,2023-10-05 05:15:00,False,05:15:00,2023-10-05
118,2023-10-05 05:30:00,False,05:30:00,2023-10-05
119,2023-10-05 05:45:00,False,05:45:00,2023-10-05
120,2023-10-05 06:00:00,False,06:00:00,2023-10-05
121,2023-10-05 06:15:00,False,06:15:00,2023-10-05
122,2023-10-05 06:30:00,False,06:30:00,2023-10-05
123,2023-10-05 06:45:00,False,06:45:00,2023-10-05
124,2023-10-05 07:00:00,False,07:00:00,2023-10-05
125,2023-10-05 07:15:00,True,07:15:00,2023-10-05
126,2023-10-05 07:30:00,True,07:30:00,2023-10-05
127,2023-10-05 07:45:00,False,07:45:00,2023-10-05
128,2023-10-05 08:00:00,False,08:00:00,2023-10-05
129,2023-10-05 08:15:00,False,08:15:00,2023-10-05
130,2023-10-05 08:30:00,False,08:30:00,2023-10-05
131,2023-10-05 08:45:00,False,08:45:00,2023-10-05
132,2023-10-05 09:00:00,False,09:00:00,2023-10-05
133,2023-10-05 09:15:00,False,09:15:00,2023-10-05
134,2023-10-05 09:30:00,False,09:30:00,2023-10-05
135,2023-10-05 09:45:00,False,09:45:00,2023-10-05
136,2023-10-05 10:00:00,False,10:00:00,2023-10-05
137,2023-10-05 10:15:00,False,10:15:00,2023-10-05
138,2023-10-05 10:30:00,False,10:30:00,2023-10-05
139,2023-10-05 10:45:00,False,10:45:00,2023-10-05
140,2023-10-05 11:00:00,False,11:00:00,2023-10-05
141,2023-10-05 11:15:00,False,11:15:00,2023-10-05
142,2023-10-05 11:30:00,False,11:30:00,2023-10-05
143,2023-10-05 11:45:00,True,11:45:00,2023-10-05
144,2023-10-05 12:00:00,False,12:00:00,2023-10-05
145,2023-10-05 12:15:00,False,12:15:00,2023-10-05
146,2023-10-05 12:30:00,False,12:30:00,2023-10-05
147,2023-10-05 12:45:00,False,12:45:00,2023-10-05
148,2023-10-05 13:00:00,False,13:00:00,2023-10-05
149,2023-10-05 13:15:00,False,13:15:00,2023-10-05
150,2023-10-05 13:30:00,False,13:30:00,2023-10-05
151,2023-10-05 13:45:00,False,13:45:00,2023-10-05
152,2023-10-05 14:00:00,False,14:00:00,2023-10-05
153,2023-10-05 14:15:00,False,14:15:00,2023-10-05
154,2023-10-05 14:30:00,False,14:30:00,2023-10-05
155,2023-10-05 14:45:00,False,14:45:00,2023-10-05
156,2023-10-05 15:00:00,False,15:00:00,2023-10-05
157,2023-10-05 15:15:00,False,15:15:00,2023-10-05
158,2023-10-05 15:30:00,False,15:30:00,2023-10-05
159,2023-10-05 15:45:00,False,15:45:00,2023-10-05
160,2023-10-05 16:00:00,False,16:00:00,2023-10-05
161,2023-10-05 16:15:00,False,16:15:00,2023-10-05
162,2023-10-05 16:30:00,False,16:30:00,2023-10-05
163,2023-10-05 16:45:00,False,16:45:00,2023-10-05
164,2023-10-05 17:00:00,False,17:00:00,2023-10-05
165,2023-10-05 17:15:00,False,17:15:00,2023-10-05
166,2023-10-05 17:30:00,False,17:30:00,2023-10-05
167,2023-10-05 17:45:00,False,17:45:00,2023-10-05
168,2023-10-05 18:00:00,False,18:00:00,2023-10-05
169,2023-10-05 18:15:00,False,18:15:00,2023-10-05
170,2023-10-05 18:30:00,False,18:30:00,2023-10-05
171,2023-10-05 18:45:00,False,18:45:00,2023-10-05
172,2023-10-05 19:00:00,False,19:00:00,2023-10-05
173,2023-10-05 19:15:00,False,19:15:00,2023-10-05
174,2023-10-05 19:30:00,False,19:30:00,2023-10-05
175,2023-10-05 19:45:00,False,19:45:00,2023-10-05
176,2023-10-05 20:00:00,True,20:00:00,2023-10-05
177,2023-10-05 20:15:00,True,20:15:00,2023-10-05
178,2023-10-05 20:30:00,False,20:30:00,2023-10-05
179,2023-10-05 20:45:00,False,20:45:00,2023-10-05
180,2023-10-05 21:00:00,False,21:00:00,2023-10-05
181,2023-10-05 21:15:00,False,21:15:00,2023-10-05
182,2023-10-05 21:30:00,False,21:30:00,2023-10-05
183,2023-10-05 21:45:00,False,21:45:00,2023-10-05
184,2023-10-05 22:00:00,False,22:00:00,2023-10-05
185,2023-10-05 22:15:00,False,22:15:00,2023-10-05
186,2023-10-05 22:30:00,False,22:30:00,2023-10-05
187,2023-10-05 22:45:00,False,22:45:00,2023-10-05
188,2023-10-05 23:00:00,False,23:00:00,2023-10-05
189,2023-10-05 23:15:00,False,23:15:00,2023-10-05
190,2023-10-05 23:30:00,False,23:30:00,2023-10-05
191,2023-10-05 23:45:00,False,23:45:00,2023-10-05
192,2023-10-06 00:00:00,False,00:00:00,2023-10-06
193,2023-10-06 00:15:00,False,00:15:00,2023-10-06
194,2023-10-06 00:30:00,False,00:30:00,2023-10-06
195,2023-10-06 00:45:00,False,00:45:00,2023-10-06
196,2023-10-06 01:00:00,False,01:00:00,2023-10-06
197,2023-10-06 01:15:00,False,01:15:00,2023-10-06
198,2023-10-06 01:30:00,False,01:30:00,2023-10-06
199,2023-10-06 01:45:00,False,01:45:00,2023-10-06
200,2023-10-06 02:00:00,False,02:00:00,2023-10-06
201,2023-10-06 02:15:00,False,02:15:00,2023-10-06
202,2023-10-06 02:30:00,False,02:30:00,2023-10-06
203,2023-10-06 02:45:00,False,02:45:00,2023-10-06
204,2023-10-06 03:00:00,False,03:00:00,2023-10-06
205,2023-10-06 03:15:00,False,03:15:00,2023-10-06
206,2023-10-06 03:30:00,False,03:30:00,2023-10-06
207,2023-10-06 03:45:00,False,03:45:00,2023-10-06
208,2023-10-06 04:00:00,False,04:00:00,2023-10-06
209,2023-10-06 04:15:00,False,04:15:00,2023-10-06
210,2023-10-06 04:30:00,False,04:30:00,2023-10-06
211,2023-10-06 04:45:00,False,04:45:00,2023-10-06
212,2023-10-06 05:00:00,False,05:00:00,2023-10-06
213,2023-10-06 05:15:00,False,05:15:00,2023-10-06
214,2023-10-06 05:30:00,False,05:30:00,2023-10-06
215,2023-10-06 05:45:00,False,05:45:00,2023-10-06
216,2023-10-06 06:00:00,False,06:00:00,2023-10-06
217,2023-10-06 06:15:00,False,06:15:00,2023-10-06
218,2023-10-06 06:30:00,False,06:30:00,2023-10-06
219,2023-10-06 06:45:00,False,06:45:00,2023-10-06
220,2023-10-06 07:00:00,False,07:00:00,2023-10-06
221,2023-10-06 07:15:00,False,07:15:00,2023-10-06
222,2023-10-06 07:30:00,False,07:30:00,2023-10-06
223,2023-10-06 07:45:00,False,07:45:00,2023-10-06
224,2023-10-06 08:00:00,False,08:00:00,2023-10-06
225,2023-10-06 08:15:00,False,08:15:00,2023-10-06
226,2023-10-06 08:30:00,False,08:30:00,2023-10-06
227,2023-10-06 08:45:00,False,08:45:00,2023-10-06
228,2023-10-06 09:00:00,False,09:00:00,2023-10-06
229,2023-10-06 09:15:00,False,09:15:00,2023-10-06
230,2023-10-06 09:30:00,False,09:30:00,2023-10-06
231,2023-10-06 09:45:00,False,09:45:00,2023-10-06
232,2023-10-06 10:00:00,False,10:00:00,2023-10-06
233,2023-10-06 10:15:00,False,10:15:00,2023-10-06
234,2023-10-06 10:30:00,False,10:30:00,2023-10-06
235,2023-10-06 10:45:00,False,10:45:00,2023-10-06
236,2023-10-06 11:00:00,False,11:00:00,2023-10-06
237,2023-10-06 11:15:00,False,11:15:00,2023-10-06
238,2023-10-06 11:30:00,False,11:30:00,2023-10-06
239,2023-10-06 11:45:00,False,11:45:00,2023-10-06
240,2023-10-06 12:00:00,False,12:00:00,2023-10-06
241,2023-10-06 12:15:00,False,12:15:00,2023-10-06
242,2023-10-06 12:30:00,False,12:30:00,2023-10-06
243,2023-10-06 12:45:00,False,12:45:00,2023-10-06
244,2023-10-06 13:00:00,False,13:00:00,2023-10-06
245,2023-10-06 13:15:00,False,13:15:00,2023-10-06
246,2023-10-06 13:30:00,False,13:30:00,2023-10-06
247,2023-10-06 13:45:00,False,13:45:00,2023-10-06
248,2023-10-06 14:00:00,False,14:00:00,2023-10-06
249,2023-10-06 14:15:00,False,14:15:00,2023-10-06
250,2023-10-06 14:30:00,False,14:30:00,2023-10-06
251,2023-10-06 14:45:00,False,14:45:00,2023-10-06
252,2023-10-06 15:00:00,False,15:00:00,2023-10-06
253,2023-10-06 15:15:00,False,15:15:00,2023-10-06
254,2023-10-06 15:30:00,False,15:30:00,2023-10-06
255,2023-10-06 15:45:00,False,15:45:00,2023-10-06
256,2023-10-06 16:00:00,False,16:00:00,2023-10-06
257,2023-10-06 16:15:00,False,16:15:00,2023-10-06
258,2023-10-06 16:30:00,False,16:30:00,2023-10-06
259,2023-10-06 16:45:00,False,16:45:00,2023-10-06
260,2023-10-06 17:00:00,False,17:00:00,2023-10-06
261,2023-10-06 17:15:00,False,17:15:00,2023-10-06
262,2023-10-06 17:30:00,False,17:30:00,2023-10-06
263,2023-10-06 17:45:00,False,17:45:00,2023-10-06
264,2023-10-06 18:00:00,False,18:00:00,2023-10-06
265,2023-10-06 18:15:00,False,18:15:00,2023-10-06
266,2023-10-06 18:30:00,False,18:30:00,2023-10-06
267,2023-10-06 18:45:00,False,18:45:00,2023-10-06
268,2023-10-06 19:00:00,False,19:00:00,2023-10-06
269,2023-10-06 19:15:00,False,19:15:00,2023-10-06
270,2023-10-06 19:30:00,False,19:30:00,2023-10-06
271,2023-10-06 19:45:00,False,19:45:00,2023-10-06
272,2023-10-06 20:00:00,False,20:00:00,2023-10-06
273,2023-10-06 20:15:00,True,20:15:00,2023-10-06
274,2023-10-06 20:30:00,True,20:30:00,2023-10-06
275,2023-10-06 20:45:00,True,20:45:00,2023-10-06
276,2023-10-06 21:00:00,False,21:00:00,2023-10-06
277,2023-10-06 21:15:00,False,21:15:00,2023-10-06
278,2023-10-06 21:30:00,False,21:30:00,2023-10-06
279,2023-10-06 21:45:00,False,21:45:00,2023-10-06
280,2023-10-06 22:00:00,False,22:00:00,2023-10-06
281,2023-10-06 22:15:00,False,22:15:00,2023-10-06
282,2023-10-06 22:30:00,False,22:30:00,2023-10-06
283,2023-10-06 22:45:00,False,22:45:00,2023-10-06
284,2023-10-06 23:00:00,False,23:00:00,2023-10-06
285,2023-10-06 23:15:00,False,23:15:00,2023-10-06
286,2023-10-06 23:30:00,False,23:30:00,2023-10-06
287,2023-10-06 23:45:00,False,23:45:00,2023-10-06
288,2023-10-07 00:00:00,False,00:00:00,2023-10-07
289,2023-10-07 00:15:00,False,00:15:00,2023-10-07
290,2023-10-07 00:30:00,False,00:30:00,2023-10-07
291,2023-10-07 00:45:00,False,00:45:00,2023-10-07
292,2023-10-07 01:00:00,False,01:00:00,2023-10-07
293,2023-10-07 01:15:00,False,01:15:00,2023-10-07
294,2023-10-07 01:30:00,False,01:30:00,2023-10-07
295,2023-10-07 01:45:00,False,01:45:00,2023-10-07
296,2023-10-07 02:00:00,False,02:00:00,2023-10-07
297,2023-10-07 02:15:00,False,02:15:00,2023-10-07
298,2023-10-07 02:30:00,False,02:30:00,2023-10-07
299,2023-10-07 02:45:00,False,02:45:00,2023-10-07
300,2023-10-07 03:00:00,False,03:00:00,2023-10-07
301,2023-10-07 03:15:00,False,03:15:00,2023-10-07
302,2023-10-07 03:30:00,False,03:30:00,2023-10-07
303,2023-10-07 03:45:00,False,03:45:00,2023-10-07
304,2023-10-07 04:00:00,False,04:00:00,2023-10-07
305,2023-10-07 04:15:00,False,04:15:00,2023-10-07
306,2023-10-07 04:30:00,False,04:30:00,2023-10-07
307,2023-10-07 04:45:00,False,04:45:00,2023-10-07
308,2023-10-07 05:00:00,False,05:00:00,2023-10-07
309,2023-10-07 05:15:00,False,05:15:00,2023-10-07
310,2023-10-07 05:30:00,False,05:30:00,2023-10-07
311,2023-10-07 05:45:00,False,05:45:00,2023-10-07
312,2023-10-07 06:00:00,False,06:00:00,2023-10-07
313,2023-10-07 06:15:00,False,06:15:00,2023-10-07
314,2023-10-07 06:30:00,False,06:30:00,2023-10-07
315,2023-10-07 06:45:00,False,06:45:00,2023-10-07
316,2023-10-07 07:00:00,False,07:00:00,2023-10-07
317,2023-10-07 07:15:00,False,07:15:00,2023-10-07
318,2023-10-07 07:30:00,False,07:30:00,2023-10-07
319,2023-10-07 07:45:00,False,07:45:00,2023-10-07
320,2023-10-07 08:00:00,False,08:00:00,2023-10-07
321,2023-10-07 08:15:00,False,08:15:00,2023-10-07
322,2023-10-07 08:30:00,False,08:30:00,2023-10-07
323,2023-10-07 08:45:00,False,08:45:00,2023-10-07
324,2023-10-07 09:00:00,False,09:00:00,2023-10-07
325,2023-10-07 09:15:00,False,09:15:00,2023-10-07
326,2023-10-07 09:30:00,False,09:30:00,2023-10-07
327,2023-10-07 09:45:00,False,09:45:00,2023-10-07
328,2023-10-07 10:00:00,False,10:00:00,2023-10-07
329,2023-10-07 10:15:00,False,10:15:00,2023-10-07
330,2023-10-07 10:30:00,False,10:30:00,2023-10-07
331,2023-10-07 10:45:00,False,10:45:00,2023-10-07
332,2023-10-07 11:00:00,False,11:00:00,2023-10-07
333,2023-10-07 11:15:00,False,11:15:00,2023-10-07
334,2023-10-07 11:30:00,False,11:30:00,2023-10-07
335,2023-10-07 11:45:00,True,11:45:00,2023-10-07
336,2023-10-07 12:00:00,False,12:00:00,2023-10-07
337,2023-10-07 12:15:00,False,12:15:00,2023-10-07
338,2023-10-07 12:30:00,False,12:30:00,2023-10-07
339,2023-10-07 12:45:00,False,12:45:00,2023-10-07
340,2023-10-07 13:00:00,False,13:00:00,2023-10-07
341,2023-10-07 13:15:00,False,13:15:00,2023-10-07
342,2023-10-07 13:30:00,False,13:30:00,2023-10-07
343,2023-10-07 13:45:00,False,13:45:00,2023-10-07
344,2023-10-07 14:00:00,False,14:00:00,2023-10-07
345,2023-10-07 14:15:00,False,14:15:00,2023-10-07
346,2023-10-07 14:30:00,False,14:30:00,2023-10-07
347,2023-10-07 14:45:00,False,14:45:00,2023-10-07
348,2023-10-07 15:00:00,False,15:00:00,2023-10-07
349,2023-10-07 15:15:00,False,15:15:00,2023-10-07
350,2023-10-07 15:30:00,False,15:30:00,2023-10-07
351,2023-10-07 15:45:00,False,15:45:00,2023-10-07
352,2023-10-07 16:00:00,False,16:00:00,2023-10-07
353,2023-10-07 16:15:00,False,16:15:00,2023-10-07
354,2023-10-07 16:30:00,False,16:30:00,2023-10-07
355,2023-10-07 16:45:00,False,16:45:00,2023-10-07
356,2023-10-07 17:00:00,False,17:00:00,2023-10-07
357,2023-10-07 17:15:00,False,17:15:00,2023-10-07
358,2023-10-07 17:30:00,False,17:30:00,2023-10-07
359,2023-10-07 17:45:00,False,17:45:00,2023-10-07
360,2023-10-07 18:00:00,False,18:00:00,2023-10-07
361,2023-10-07 18:15:00,False,18:15:00,2023-10-07
362,2023-10-07 18:30:00,False,18:30:00,2023-10-07
363,2023-10-07 18:45:00,False,18:45:00,2023-10-07
364,2023-10-07 19:00:00,False,19:00:00,2023-10-07
365,2023-10-07 19:15:00,False,19:15:00,2023-10-07
366,2023-10-07 19:30:00,False,19:30:00,2023-10-07
367,2023-10-07 19:45:00,False,19:45:00,2023-10-07
368,2023-10-07 20:00:00,False,20:00:00,2023-10-07
369,2023-10-07 20:15:00,False,20:15:00,2023-10-07
370,2023-10-07 20:30:00,False,20:30:00,2023-10-07
371,2023-10-07 20:45:00,False,20:45:00,2023-10-07
372,2023-10-07 21:00:00,False,21:00:00,2023-10-07
373,2023-10-07 21:15:00,False,21:15:00,2023-10-07
374,2023-10-07 21:30:00,False,21:30:00,2023-10-07
375,2023-10-07 21:45:00,False,21:45:00,2023-10-07
376,2023-10-07 22:00:00,False,22:00:00,2023-10-07
377,2023-10-07 22:15:00,False,22:15:00,2023-10-07
378,2023-10-07 22:30:00,False,22:30:00,2023-10-07
379,2023-10-07 22:45:00,False,22:45:00,2023-10-07
380,2023-10-07 23:00:00,False,23:00:00,2023-10-07
381,2023-10-07 23:15:00,False,23:15:00,2023-10-07
382,2023-10-07 23:30:00,False,23:30:00,2023-10-07
383,2023-10-07 23:45:00,False,23:45:00,2023-10-07
384,2023-10-08 00:00:00,False,00:00:00,2023-10-08
385,2023-10-08 00:15:00,False,00:15:00,2023-10-08
386,2023-10-08 00:30:00,False,00:30:00,2023-10-08
387,2023-10-08 00:45:00,False,00:45:00,2023-10-08
388,2023-10-08 01:00:00,False,01:00:00,2023-10-08
389,2023-10-08 01:15:00,False,01:15:00,2023-10-08
390,2023-10-08 01:30:00,False,01:30:00,2023-10-08
391,2023-10-08 01:45:00,False,01:45:00,2023-10-08
392,2023-10-08 02:00:00,False,02:00:00,2023-10-08
393,2023-10-08 02:15:00,False,02:15:00,2023-10-08
394,2023-10-08 02:30:00,False,02:30:00,2023-10-08
395,2023-10-08 02:45:00,False,02:45:00,2023-10-08
396,2023-10-08 03:00:00,False,03:00:00,2023-10-08
397,2023-10-08 03:15:00,False,03:15:00,2023-10-08
398,2023-10-08 03:30:00,False,03:30:00,2023-10-08
399,2023-10-08 03:45:00,False,03:45:00,2023-10-08
400,2023-10-08 04:00:00,False,04:00:00,2023-10-08
401,2023-10-08 04:15:00,False,04:15:00,2023-10-08
402,2023-10-08 04:30:00,False,04:30:00,2023-10-08
403,2023-10-08 04:45:00,False,04:45:00,2023-10-08
404,2023-10-08 05:00:00,False,05:00:00,2023-10-08
405,2023-10-08 05:15:00,False,05:15:00,2023-10-08
406,2023-10-08 05:30:00,False,05:30:00,2023-10-08
407,2023-10-08 05:45:00,False,05:45:00,2023-10-08
408,2023-10-08 06:00:00,False,06:00:00,2023-10-08
409,2023-10-08 06:15:00,False,06:15:00,2023-10-08
410,2023-10-08 06:30:00,False,06:30:00,2023-10-08
411,2023-10-08 06:45:00,False,06:45:00,2023-10-08
412,2023-10-08 07:00:00,False,07:00:00,2023-10-08
413,2023-10-08 07:15:00,False,07:15:00,2023-10-08
414,2023-10-08 07:30:00,False,07:30:00,2023-10-08
415,2023-10-08 07:45:00,False,07:45:00,2023-10-08
416,2023-10-08 08:00:00,False,08:00:00,2023-10-08
417,2023-10-08 08:15:00,False,08:15:00,2023-10-08
418,2023-10-08 08:30:00,False,08:30:00,2023-10-08
419,2023-10-08 08:45:00,False,08:45:00,2023-10-08
420,2023-10-08 09:00:00,False,09:00:00,2023-10-08
421,2023-10-08 09:15:00,False,09:15:00,2023-10-08
422,2023-10-08 09:30:00,False,09:30:00,2023-10-08
423,2023-10-08 09:45:00,False,09:45:00,2023-10-08
424,2023-10-08 10:00:00,True,10:00:00,2023-10-08
425,2023-10-08 10:15:00,True,10:15:00,2023-10-08
426,2023-10-08 10:30:00,True,10:30:00,2023-10-08
427,2023-10-08 10:45:00,False,10:45:00,2023-10-08
428,2023-10-08 11:00:00,False,11:00:00,2023-10-08
429,2023-10-08 11:15:00,False,11:15:00,2023-10-08
430,2023-10-08 11:30:00,False,11:30:00,2023-10-08
431,2023-10-08 11:45:00,False,11:45:00,2023-10-08
432,2023-10-08 12:00:00,False,12:00:00,2023-10-08
433,2023-10-08 12:15:00,False,12:15:00,2023-10-08
434,2023-10-08 12:30:00,False,12:30:00,2023-10-08
435,2023-10-08 12:45:00,False,12:45:00,2023-10-08
436,2023-10-08 13:00:00,False,13:00:00,2023-10-08
437,2023-10-08 13:15:00,False,13:15:00,2023-10-08
438,2023-10-08 13:30:00,False,13:30:00,2023-10-08
439,2023-10-08 13:45:00,False,13:45:00,2023-10-08
440,2023-10-08 14:00:00,False,14:00:00,2023-10-08
441,2023-10-08 14:15:00,False,14:15:00,2023-10-08
442,2023-10-08 14:30:00,False,14:30:00,2023-10-08
443,2023-10-08 14:45:00,False,14:45:00,2023-10-08
444,2023-10-08 15:00:00,False,15:00:00,2023-10-08
445,2023-10-08 15:15:00,False,15:15:00,2023-10-08
446,2023-10-08 15:30:00,False,15:30:00,2023-10-08
447,2023-10-08 15:45:00,False,15:45:00,2023-10-08
448,2023-10-08 16:00:00,False,16:00:00,2023-10-08
449,2023-10-08 16:15:00,False,16:15:00,2023-10-08
450,2023-10-08 16:30:00,False,16:30:00,2023-10-08
451,2023-10-08 16:45:00,False,16:45:00,2023-10-08
452,2023-10-08 17:00:00,False,17:00:00,2023-10-08
453,2023-10-08 17:15:00,False,17:15:00,2023-10-08
454,2023-10-08 17:30:00,False,17:30:00,2023-10-08
455,2023-10-08 17:45:00,False,17:45:00,2023-10-08
456,2023-10-08 18:00:00,False,18:00:00,2023-10-08
457,2023-10-08 18:15:00,False,18:15:00,2023-10-08
458,2023-10-08 18:30:00,False,18:30:00,2023-10-08
459,2023-10-08 18:45:00,False,18:45:00,2023-10-08
460,2023-10-08 19:00:00,False,19:00:00,2023-10-08
461,2023-10-08 19:15:00,False,19:15:00,2023-10-08
462,2023-10-08 19:30:00,False,19:30:00,2023-10-08
463,2023-10-08 19:45:00,False,19:45:00,2023-10-08
464,2023-10-08 20:00:00,False,20:00:00,2023-10-08
465,2023-10-08 20:15:00,False,20:15:00,2023-10-08
466,2023-10-08 20:30:00,False,20:30:00,2023-10-08
467,2023-10-08 20:45:00,False,20:45:00,2023-10-08
468,2023-10-08 21:00:00,False,21:00:00,2023-10-08
469,2023-10-08 21:15:00,False,21:15:00,2023-10-08
470,2023-10-08 21:30:00,False,21:30:00,2023-10-08
471,2023-10-08 21:45:00,False,21:45:00,2023-10-08
472,2023-10-08 22:00:00,False,22:00:00,2023-10-08
473,2023-10-08 22:15:00,False,22:15:00,2023-10-08
474,2023-10-08 22:30:00,False,22:30:00,2023-10-08
475,2023-10-08 22:45:00,False,22:45:00,2023-10-08
476,2023-10-08 23:00:00,False,23:00:00,2023-10-08
477,2023-10-08 23:15:00,False,23:15:00,2023-10-08
478,2023-10-08 23:30:00,False,23:30:00,2023-10-08
479,2023-10-08 23:45:00,False,23:45:00,2023-10-08
480,2023-10-09 00:00:00,False,00:00:00,2023-10-09
481,2023-10-09 00:15:00,False,00:15:00,2023-10-09
482,2023-10-09 00:30:00,False,00:30:00,2023-10-09
483,2023-10-09 00:45:00,False,00:45:00,2023-10-09
484,2023-10-09 01:00:00,False,01:00:00,2023-10-09
485,2023-10-09 01:15:00,False,01:15:00,2023-10-09
486,2023-10-09 01:30:00,False,01:30:00,2023-10-09
487,2023-10-09 01:45:00,False,01:45:00,2023-10-09
488,2023-10-09 02:00:00,False,02:00:00,2023-10-09
489,2023-10-09 02:15:00,False,02:15:00,2023-10-09
490,2023-10-09 02:30:00,False,02:30:00,2023-10-09
491,2023-10-09 02:45:00,False,02:45:00,2023-10-09
492,2023-10-09 03:00:00,False,03:00:00,2023-10-09
493,2023-10-09 03:15:00,False,03:15:00,2023-10-09
494,2023-10-09 03:30:00,False,03:30:00,2023-10-09
495,2023-10-09 03:45:00,False,03:45:00,2023-10-09
496,2023-10-09 04:00:00,False,04:00:00,2023-10-09
497,2023-10-09 04:15:00,False,04:15:00,2023-10-09
498,2023-10-09 04:30:00,False,04:30:00,2023-10-09
499,2023-10-09 04:45:00,False,04:45:00,2023-10-09
500,2023-10-09 05:00:00,False,05:00:00,2023-10-09
501,2023-10-09 05:15:00,False,05:15:00,2023-10-09
502,2023-10-09 05:30:00,False,05:30:00,2023-10-09
503,2023-10-09 05:45:00,False,05:45:00,2023-10-09
504,2023-10-09 06:00:00,False,06:00:00,2023-10-09
505,2023-10-09 06:15:00,False,06:15:00,2023-10-09
506,2023-10-09 06:30:00,False,06:30:00,2023-10-09
507,2023-10-09 06:45:00,False,06:45:00,2023-10-09
508,2023-10-09 07:00:00,False,07:00:00,2023-10-09
509,2023-10-09 07:15:00,False,07:15:00,2023-10-09
510,2023-10-09 07:30:00,False,07:30:00,2023-10-09
511,2023-10-09 07:45:00,False,07:45:00,2023-10-09
512,2023-10-09 08:00:00,False,08:00:00,2023-10-09
513,2023-10-09 08:15:00,False,08:15:00,2023-10-09
514,2023-10-09 08:30:00,False,08:30:00,2023-10-09
515,2023-10-09 08:45:00,False,08:45:00,2023-10-09
516,2023-10-09 09:00:00,False,09:00:00,2023-10-09
517,2023-10-09 09:15:00,False,09:15:00,2023-10-09
518,2023-10-09 09:30:00,False,09:30:00,2023-10-09
519,2023-10-09 09:45:00,False,09:45:00,2023-10-09
520,2023-10-09 10:00:00,False,10:00:00,2023-10-09
521,2023-10-09 10:15:00,False,10:15:00,2023-10-09
522,2023-10-09 10:30:00,False,10:30:00,2023-10-09
523,2023-10-09 10:45:00,False,10:45:00,2023-10-09
524,2023-10-09 11:00:00,False,11:00:00,2023-10-09
525,2023-10-09 11:15:00,False,11:15:00,2023-10-09
526,2023-10-09 11:30:00,False,11:30:00,2023-10-09
527,2023-10-09 11:45:00,False,11:45:00,2023-10-09
528,2023-10-09 12:00:00,False,12:00:00,2023-10-09
529,2023-10-09 12:15:00,False,12:15:00,2023-10-09
530,2023-10-09 12:30:00,False,12:30:00,2023-10-09
531,2023-10-09 12:45:00,False,12:45:00,2023-10-09
532,2023-10-09 13:00:00,False,13:00:00,2023-10-09
533,2023-10-09 13:15:00,False,13:15:00,2023-10-09
534,2023-10-09 13:30:00,False,13:30:00,2023-10-09
535,2023-10-09 13:45:00,False,13:45:00,2023-10-09
536,2023-10-09 14:00:00,False,14:00:00,2023-10-09
537,2023-10-09 14:15:00,False,14:15:00,2023-10-09
538,2023-10-09 14:30:00,False,14:30:00,2023-10-09
539,2023-10-09 14:45:00,False,14:45:00,2023-10-09
540,2023-10-09 15:00:00,False,15:00:00,2023-10-09
541,2023-10-09 15:15:00,False,15:15:00,2023-10-09
542,2023-10-09 15:30:00,False,15:30:00,2023-10-09
543,2023-10-09 15:45:00,False,15:45:00,2023-10-09
544,2023-10-09 16:00:00,False,16:00:00,2023-10-09
545,2023-10-09 16:15:00,False,16:15:00,2023-10-09
546,2023-10-09 16:30:00,False,16:30:00,2023-10-09
547,2023-10-09 16:45:00,False,16:45:00,2023-10-09
548,2023-10-09 17:00:00,False,17:00:00,2023-10-09
549,2023-10-09 17:15:00,False,17:15:00,2023-10-09
550,2023-10-09 17:30:00,False,17:30:00,2023-10-09
551,2023-10-09 17:45:00,False,17:45:00,2023-10-09
552,2023-10-09 18:00:00,False,18:00:00,2023-10-09
553,2023-10-09 18:15:00,False,18:15:00,2023-10-09
554,2023-10-09 18:30:00,False,18:30:00,2023-10-09
555,2023-10-09 18:45:00,False,18:45:00,2023-10-09
556,2023-10-09 19:00:00,False,19:00:00,2023-10-09
557,2023-10-09 19:15:00,False,19:15:00,2023-10-09
558,2023-10-09 19:30:00,False,19:30:00,2023-10-09
559,2023-10-09 19:45:00,False,19:45:00,2023-10-09
560,2023-10-09 20:00:00,False,20:00:00,2023-10-09
561,2023-10-09 20:15:00,False,20:15:00,2023-10-09
562,2023-10-09 20:30:00,True,20:30:00,2023-10-09
563,2023-10-09 20:45:00,True,20:45:00,2023-10-09
564,2023-10-09 21:00:00,False,21:00:00,2023-10-09
565,2023-10-09 21:15:00,False,21:15:00,2023-10-09
566,2023-10-09 21:30:00,False,21:30:00,2023-10-09
567,2023-10-09 21:45:00,False,21:45:00,2023-10-09
568,2023-10-09 22:00:00,False,22:00:00,2023-10-09
569,2023-10-09 22:15:00,False,22:15:00,2023-10-09
570,2023-10-09 22:30:00,False,22:30:00,2023-10-09
571,2023-10-09 22:45:00,False,22:45:00,2023-10-09
572,2023-10-09 23:00:00,False,23:00:00,2023-10-09
573,2023-10-09 23:15:00,False,23:15:00,2023-10-09
574,2023-10-09 23:30:00,False,23:30:00,2023-10-09
575,2023-10-09 23:45:00,False,23:45:00,2023-10-09
576,2023-10-10 00:00:00,False,00:00:00,2023-10-10
577,2023-10-10 00:15:00,False,00:15:00,2023-10-10
578,2023-10-10 00:30:00,False,00:30:00,2023-10-10
579,2023-10-10 00:45:00,False,00:45:00,2023-10-10
580,2023-10-10 01:00:00,False,01:00:00,2023-10-10
581,2023-10-10 01:15:00,False,01:15:00,2023-10-10
582,2023-10-10 01:30:00,False,01:30:00,2023-10-10
583,2023-10-10 01:45:00,False,01:45:00,2023-10-10
584,2023-10-10 02:00:00,False,02:00:00,2023-10-10
585,2023-10-10 02:15:00,False,02:15:00,2023-10-10
586,2023-10-10 02:30:00,False,02:30:00,2023-10-10
587,2023-10-10 02:45:00,False,02:45:00,2023-10-10
588,2023-10-10 03:00:00,False,03:00:00,2023-10-10
589,2023-10-10 03:15:00,False,03:15:00,2023-10-10
590,2023-10-10 03:30:00,False,03:30:00,2023-10-10
591,2023-10-10 03:45:00,False,03:45:00,2023-10-10
592,2023-10-10 04:00:00,False,04:00:00,2023-10-10
593,2023-10-10 04:15:00,False,04:15:00,2023-10-10
594,2023-10-10 04:30:00,False,04:30:00,2023-10-10
595,2023-10-10 04:45:00,False,04:45:00,2023-10-10
596,2023-10-10 05:00:00,False,05:00:00,2023-10-10
597,2023-10-10 05:15:00,False,05:15:00,2023-10-10
598,2023-10-10 05:30:00,False,05:30:00,2023-10-10
599,2023-10-10 05:45:00,False,05:45:00,2023-10-10
600,2023-10-10 06:00:00,False,06:00:00,2023-10-10
601,2023-10-10 06:15:00,False,06:15:00,2023-10-10
602,2023-10-10 06:30:00,False,06:30:00,2023-10-10
603,2023-10-10 06:45:00,False,06:45:00,2023-10-10
604,2023-10-10 07:00:00,False,07:00:00,2023-10-10
605,2023-10-10 07:15:00,False,07:15:00,2023-10-10
606,2023-10-10 07:30:00,False,07:30:00,2023-10-10
607,2023-10-10 07:45:00,False,07:45:00,2023-10-10
608,2023-10-10 08:00:00,False,08:00:00,2023-10-10
609,2023-10-10 08:15:00,False,08:15:00,2023-10-10
610,2023-10-10 08:30:00,False,08:30:00,2023-10-10
611,2023-10-10 08:45:00,False,08:45:00,2023-10-10
612,2023-10-10 09:00:00,False,09:00:00,2023-10-10
613,2023-10-10 09:15:00,False,09:15:00,2023-10-10
614,2023-10-10 09:30:00,False,09:30:00,2023-10-10
615,2023-10-10 09:45:00,False,09:45:00,2023-10-10
616,2023-10-10 10:00:00,False,10:00:00,2023-10-10
617,2023-10-10 10:15:00,False,10:15:00,2023-10-10
618,2023-10-10 10:30:00,False,10:30:00,2023-10-10
619,2023-10-10 10:45:00,False,10:45:00,2023-10-10
620,2023-10-10 11:00:00,False,11:00:00,2023-10-10
621,2023-10-10 11:15:00,False,11:15:00,2023-10-10
622,2023-10-10 11:30:00,False,11:30:00,2023-10-10
623,2023-10-10 11:45:00,False,11:45:00,2023-10-10
624,2023-10-10 12:00:00,False,12:00:00,2023-10-10
625,2023-10-10 12:15:00,False,12:15:00,2023-10-10
626,2023-10-10 12:30:00,False,12:30:00,2023-10-10
627,2023-10-10 12:45:00,False,12:45:00,2023-10-10
628,2023-10-10 13:00:00,False,13:00:00,2023-10-10
629,2023-10-10 13:15:00,False,13:15:00,2023-10-10
630,2023-10-10 13:30:00,False,13:30:00,2023-10-10
631,2023-10-10 13:45:00,False,13:45:00,2023-10-10
632,2023-10-10 14:00:00,False,14:00:00,2023-10-10
633,2023-10-10 14:15:00,False,14:15:00,2023-10-10
634,2023-10-10 14:30:00,False,14:30:00,2023-10-10
635,2023-10-10 14:45:00,False,14:45:00,2023-10-10
636,2023-10-10 15:00:00,False,15:00:00,2023-10-10
637,2023-10-10 15:15:00,False,15:15:00,2023-10-10
638,2023-10-10 15:30:00,False,15:30:00,2023-10-10
639,2023-10-10 15:45:00,False,15:45:00,2023-10-10
640,2023-10-10 16:00:00,False,16:00:00,2023-10-10
641,2023-10-10 16:15:00,False,16:15:00,2023-10-10
642,2023-10-10 16:30:00,False,16:30:00,2023-10-10
643,2023-10-10 16:45:00,False,16:45:00,2023-10-10
644,2023-10-10 17:00:00,False,17:00:00,2023-10-10
645,2023-10-10 17:15:00,False,17:15:00,2023-10-10
646,2023-10-10 17:30:00,False,17:30:00,2023-10-10
647,2023-10-10 17:45:00,False,17:45:00,2023-10-10
648,2023-10-10 18:00:00,False,18:00:00,2023-10-10
649,2023-10-10 18:15:00,False,18:15:00,2023-10-10
650,2023-10-10 18:30:00,False,18:30:00,2023-10-10
651,2023-10-10 18:45:00,False,18:45:00,2023-10-10
652,2023-10-10 19:00:00,False,19:00:00,2023-10-10
653,2023-10-10 19:15:00,False,19:15:00,2023-10-10
654,2023-10-10 19:30:00,False,19:30:00,2023-10-10
655,2023-10-10 19:45:00,True,19:45:00,2023-10-10
656,2023-10-10 20:00:00,True,20:00:00,2023-10-10
657,2023-10-10 20:15:00,True,20:15:00,2023-10-10
658,2023-10-10 20:30:00,True,20:30:00,2023-10-10
659,2023-10-10 20:45:00,True,20:45:00,2023-10-10
660,2023-10-10 21:00:00,True,21:00:00,2023-10-10
661,2023-10-10 21:15:00,False,21:15:00,2023-10-10
662,2023-10-10 21:30:00,False,21:30:00,2023-10-10
663,2023-10-10 21:45:00,False,21:45:00,2023-10-10
664,2023-10-10 22:00:00,False,22:00:00,2023-10-10
665,2023-10-10 22:15:00,False,22:15:00,2023-10-10
666,2023-10-10 22:30:00,False,22:30:00,2023-10-10
667,2023-10-10 22:45:00,False,22:45:00,2023-10-10
668,2023-10-10 23:00:00,False,23:00:00,2023-10-10
669,2023-10-10 23:15:00,False,23:15:00,2023-10-10
670,2023-10-10 23:30:00,False,23:30:00,2023-10-10
671,2023-10-10 23:45:00,False,23:45:00,2023-10-10
672,2023-10-11 00:00:00,False,00:00:00,2023-10-11
673,2023-10-11 00:15:00,False,00:15:00,2023-10-11
674,2023-10-11 00:30:00,False,00:30:00,2023-10-11
675,2023-10-11 00:45:00,False,00:45:00,2023-10-11
676,2023-10-11 01:00:00,False,01:00:00,2023-10-11
677,2023-10-11 01:15:00,False,01:15:00,2023-10-11
678,2023-10-11 01:30:00,False,01:30:00,2023-10-11
679,2023-10-11 01:45:00,False,01:45:00,2023-10-11
680,2023-10-11 02:00:00,False,02:00:00,2023-10-11
681,2023-10-11 02:15:00,False,02:15:00,2023-10-11
682,2023-10-11 02:30:00,False,02:30:00,2023-10-11
683,2023-10-11 02:45:00,False,02:45:00,2023-10-11
684,2023-10-11 03:00:00,False,03:00:00,2023-10-11
685,2023-10-11 03:15:00,False,03:15:00,2023-10-11
686,2023-10-11 03:30:00,False,03:30:00,2023-10-11
687,2023-10-11 03:45:00,False,03:45:00,2023-10-11
688,2023-10-11 04:00:00,False,04:00:00,2023-10-11
689,2023-10-11 04:15:00,False,04:15:00,2023-10-11
690,2023-10-11 04:30:00,False,04:30:00,2023-10-11
691,2023-10-11 04:45:00,False,04:45:00,2023-10-11
692,2023-10-11 05:00:00,False,05:00:00,2023-10-11
693,2023-10-11 05:15:00,False,05:15:00,2023-10-11
694,2023-10-11 05:30:00,False,05:30:00,2023-10-11
695,2023-10-11 05:45:00,False,05:45:00,2023-10-11
696,2023-10-11 06:00:00,False,06:00:00,2023-10-11
697,2023-10-11 06:15:00,False,06:15:00,2023-10-11
698,2023-10-11 06:30:00,False,06:30:00,2023-10-11
699,2023-10-11 06:45:00,False,06:45:00,2023-10-11
700,2023-10-11 07:00:00,False,07:00:00,2023-10-11
701,2023-10-11 07:15:00,False,07:15:00,2023-10-11
702,2023-10-11 07:30:00,False,07:30:00,2023-10-11
703,2023-10-11 07:45:00,False,07:45:00,2023-10-11
704,2023-10-11 08:00:00,False,08:00:00,2023-10-11
705,2023-10-11 08:15:00,False,08:15:00,2023-10-11
706,2023-10-11 08:30:00,False,08:30:00,2023-10-11
707,2023-10-11 08:45:00,False,08:45:00,2023-10-11
708,2023-10-11 09:00:00,False,09:00:00,2023-10-11
709,2023-10-11 09:15:00,False,09:15:00,2023-10-11
710,2023-10-11 09:30:00,False,09:30:00,2023-10-11
711,2023-10-11 09:45:00,False,09:45:00,2023-10-11
712,2023-10-11 10:00:00,False,10:00:00,2023-10-11
713,2023-10-11 10:15:00,False,10:15:00,2023-10-11
714,2023-10-11 10:30:00,False,10:30:00,2023-10-11
715,2023-10-11 10:45:00,False,10:45:00,2023-10-11
716,2023-10-11 11:00:00,False,11:00:00,2023-10-11
717,2023-10-11 11:15:00,False,11:15:00,2023-10-11
718,2023-10-11 11:30:00,False,11:30:00,2023-10-11
719,2023-10-11 11:45:00,False,11:45:00,2023-10-11
720,2023-10-11 12:00:00,False,12:00:00,2023-10-11
721,2023-10-11 12:15:00,False,12:15:00,2023-10-11
722,2023-10-11 12:30:00,False,12:30:00,2023-10-11
723,2023-10-11 12:45:00,False,12:45:00,2023-10-11
724,2023-10-11 13:00:00,False,13:00:00,2023-10-11
725,2023-10-11 13:15:00,False,13:15:00,2023-10-11
726,2023-10-11 13:30:00,False,13:30:00,2023-10-11
727,2023-10-11 13:45:00,False,13:45:00,2023-10-11
728,2023-10-11 14:00:00,False,14:00:00,2023-10-11
729,2023-10-11 14:15:00,False,14:15:00,2023-10-11
730,2023-10-11 14:30:00,False,14:30:00,2023-10-11
731,2023-10-11 14:45:00,False,14:45:00,2023-10-11
732,2023-10-11 15:00:00,False,15:00:00,2023-10-11
733,2023-10-11 15:15:00,False,15:15:00,2023-10-11
734,2023-10-11 15:30:00,False,15:30:00,2023-10-11
735,2023-10-11 15:45:00,False,15:45:00,2023-10-11
736,2023-10-11 16:00:00,False,16:00:00,2023-10-11
737,2023-10-11 16:15:00,False,16:15:00,2023-10-11
738,2023-10-11 16:30:00,False,16:30:00,2023-10-11
739,2023-10-11 16:45:00,False,16:45:00,2023-10-11
740,2023-10-11 17:00:00,False,17:00:00,2023-10-11
741,2023-10-11 17:15:00,False,17:15:00,2023-10-11
742,2023-10-11 17:30:00,False,17:30:00,2023-10-11
743,2023-10-11 17:45:00,False,17:45:00,2023-10-11
744,2023-10-11 18:00:00,False,18:00:00,2023-10-11
745,2023-10-11 18:15:00,False,18:15:00,2023-10-11
746,2023-10-11 18:30:00,False,18:30:00,2023-10-11
747,2023-10-11 18:45:00,False,18:45:00,2023-10-11
748,2023-10-11 19:00:00,False,19:00:00,2023-10-11
749,2023-10-11 19:15:00,False,19:15:00,2023-10-11
750,2023-10-11 19:30:00,False,19:30:00,2023-10-11
751,2023-10-11 19:45:00,False,19:45:00,2023-10-11
752,2023-10-11 20:00:00,False,20:00:00,2023-10-11
753,2023-10-11 20:15:00,False,20:15:00,2023-10-11
754,2023-10-11 20:30:00,False,20:30:00,2023-10-11
755,2023-10-11 20:45:00,False,20:45:00,2023-10-11
756,2023-10-11 21:00:00,False,21:00:00,2023-10-11
757,2023-10-11 21:15:00,True,21:15:00,2023-10-11
758,2023-10-11 21:30:00,True,21:30:00,2023-10-11
759,2023-10-11 21:45:00,True,21:45:00,2023-10-11
760,2023-10-11 22:00:00,False,22:00:00,2023-10-11
761,2023-10-11 22:15:00,False,22:15:00,2023-10-11
762,2023-10-11 22:30:00,False,22:30:00,2023-10-11
763,2023-10-11 22:45:00,False,22:45:00,2023-10-11
764,2023-10-11 23:00:00,False,23:00:00,2023-10-11
765,2023-10-11 23:15:00,False,23:15:00,2023-10-11
766,2023-10-11 23:30:00,False,23:30:00,2023-10-11
767,2023-10-11 23:45:00,False,23:45:00,2023-10-11
768,2023-10-12 00:00:00,False,00:00:00,2023-10-12
769,2023-10-12 00:15:00,False,00:15:00,2023-10-12
770,2023-10-12 00:30:00,False,00:30:00,2023-10-12
771,2023-10-12 00:45:00,False,00:45:00,2023-10-12
772,2023-10-12 01:00:00,False,01:00:00,2023-10-12
773,2023-10-12 01:15:00,False,01:15:00,2023-10-12
774,2023-10-12 01:30:00,False,01:30:00,2023-10-12
775,2023-10-12 01:45:00,False,01:45:00,2023-10-12
776,2023-10-12 02:00:00,False,02:00:00,2023-10-12
777,2023-10-12 02:15:00,False,02:15:00,2023-10-12
778,2023-10-12 02:30:00,False,02:30:00,2023-10-12
779,2023-10-12 02:45:00,False,02:45:00,2023-10-12
780,2023-10-12 03:00:00,False,03:00:00,2023-10-12
781,2023-10-12 03:15:00,False,03:15:00,2023-10-12
782,2023-10-12 03:30:00,False,03:30:00,2023-10-12
783,2023-10-12 03:45:00,False,03:45:00,2023-10-12
784,2023-10-12 04:00:00,False,04:00:00,2023-10-12
785,2023-10-12 04:15:00,False,04:15:00,2023-10-12
786,2023-10-12 04:30:00,False,04:30:00,2023-10-12
787,2023-10-12 04:45:00,False,04:45:00,2023-10-12
788,2023-10-12 05:00:00,False,05:00:00,2023-10-12
789,2023-10-12 05:15:00,False,05:15:00,2023-10-12
790,2023-10-12 05:30:00,False,05:30:00,2023-10-12
791,2023-10-12 05:45:00,False,05:45:00,2023-10-12
792,2023-10-12 06:00:00,False,06:00:00,2023-10-12
793,2023-10-12 06:15:00,False,06:15:00,2023-10-12
794,2023-10-12 06:30:00,False,06:30:00,2023-10-12
795,2023-10-12 06:45:00,False,06:45:00,2023-10-12
796,2023-10-12 07:00:00,False,07:00:00,2023-10-12
797,2023-10-12 07:15:00,False,07:15:00,2023-10-12
798,2023-10-12 07:30:00,False,07:30:00,2023-10-12
799,2023-10-12 07:45:00,False,07:45:00,2023-10-12
800,2023-10-12 08:00:00,False,08:00:00,2023-10-12
801,2023-10-12 08:15:00,False,08:15:00,2023-10-12
802,2023-10-12 08:30:00,False,08:30:00,2023-10-12
803,2023-10-12 08:45:00,False,08:45:00,2023-10-12
804,2023-10-12 09:00:00,False,09:00:00,2023-10-12
805,2023-10-12 09:15:00,False,09:15:00,2023-10-12
806,2023-10-12 09:30:00,False,09:30:00,2023-10-12
807,2023-10-12 09:45:00,False,09:45:00,2023-10-12
808,2023-10-12 10:00:00,False,10:00:00,2023-10-12
809,2023-10-12 10:15:00,False,10:15:00,2023-10-12
810,2023-10-12 10:30:00,False,10:30:00,2023-10-12
811,2023-10-12 10:45:00,False,10:45:00,2023-10-12
812,2023-10-12 11:00:00,False,11:00:00,2023-10-12
813,2023-10-12 11:15:00,False,11:15:00,2023-10-12
814,2023-10-12 11:30:00,False,11:30:00,2023-10-12
815,2023-10-12 11:45:00,False,11:45:00,2023-10-12
816,2023-10-12 12:00:00,False,12:00:00,2023-10-12
817,2023-10-12 12:15:00,False,12:15:00,2023-10-12
818,2023-10-12 12:30:00,False,12:30:00,2023-10-12
819,2023-10-12 12:45:00,False,12:45:00,2023-10-12
820,2023-10-12 13:00:00,False,13:00:00,2023-10-12
821,2023-10-12 13:15:00,False,13:15:00,2023-10-12
822,2023-10-12 13:30:00,False,13:30:00,2023-10-12
823,2023-10-12 13:45:00,False,13:45:00,2023-10-12
824,2023-10-12 14:00:00,False,14:00:00,2023-10-12
825,2023-10-12 14:15:00,False,14:15:00,2023-10-12
826,2023-10-12 14:30:00,False,14:30:00,2023-10-12
827,2023-10-12 14:45:00,False,14:45:00,2023-10-12
828,2023-10-12 15:00:00,False,15:00:00,2023-10-12
829,2023-10-12 15:15:00,False,15:15:00,2023-10-12
830,2023-10-12 15:30:00,False,15:30:00,2023-10-12
831,2023-10-12 15:45:00,False,15:45:00,2023-10-12
832,2023-10-12 16:00:00,False,16:00:00,2023-10-12
833,2023-10-12 16:15:00,False,16:15:00,2023-10-12
834,2023-10-12 16:30:00,False,16:30:00,2023-10-12
835,2023-10-12 16:45:00,False,16:45:00,2023-10-12
836,2023-10-12 17:00:00,False,17:00:00,2023-10-12
837,2023-10-12 17:15:00,False,17:15:00,2023-10-12
838,2023-10-12 17:30:00,False,17:30:00,2023-10-12
839,2023-10-12 17:45:00,False,17:45:00,2023-10-12
840,2023-10-12 18:00:00,False,18:00:00,2023-10-12
841,2023-10-12 18:15:00,False,18:15:00,2023-10-12
842,2023-10-12 18:30:00,False,18:30:00,2023-10-12
843,2023-10-12 18:45:00,False,18:45:00,2023-10-12
844,2023-10-12 19:00:00,False,19:00:00,2023-10-12
845,2023-10-12 19:15:00,False,19:15:00,2023-10-12
846,2023-10-12 19:30:00,False,19:30:00,2023-10-12
847,2023-10-12 19:45:00,False,19:45:00,2023-10-12
848,2023-10-12 20:00:00,False,20:00:00,2023-10-12
849,2023-10-12 20:15:00,False,20:15:00,2023-10-12
850,2023-10-12 20:30:00,False,20:30:00,2023-10-12
851,2023-10-12 20:45:00,False,20:45:00,2023-10-12
852,2023-10-12 21:00:00,False,21:00:00,2023-10-12
853,2023-10-12 21:15:00,False,21:15:00,2023-10-12
854,2023-10-12 21:30:00,False,21:30:00,2023-10-12
855,2023-10-12 21:45:00,False,21:45:00,2023-10-12
856,2023-10-12 22:00:00,False,22:00:00,2023-10-12
857,2023-10-12 22:15:00,False,22:15:00,2023-10-12
858,2023-10-12 22:30:00,False,22:30:00,2023-10-12
859,2023-10-12 22:45:00,False,22:45:00,2023-10-12
860,2023-10-12 23:00:00,False,23:00:00,2023-10-12
861,2023-10-12 23:15:00,False,23:15:00,2023-10-12
862,2023-10-12 23:30:00,False,23:30:00,2023-10-12
863,2023-10-12 23:45:00,False,23:45:00,2023-10-12
864,2023-10-13 00:00:00,False,00:00:00,2023-10-13
865,2023-10-13 00:15:00,False,00:15:00,2023-10-13
866,2023-10-13 00:30:00,False,00:30:00,2023-10-13
867,2023-10-13 00:45:00,False,00:45:00,2023-10-13
868,2023-10-13 01:00:00,False,01:00:00,2023-10-13
869,2023-10-13 01:15:00,False,01:15:00,2023-10-13
870,2023-10-13 01:30:00,False,01:30:00,2023-10-13
871,2023-10-13 01:45:00,False,01:45:00,2023-10-13
872,2023-10-13 02:00:00,False,02:00:00,2023-10-13
873,2023-10-13 02:15:00,False,02:15:00,2023-10-13
874,2023-10-13 02:30:00,False,02:30:00,2023-10-13
875,2023-10-13 02:45:00,False,02:45:00,2023-10-13
876,2023-10-13 03:00:00,False,03:00:00,2023-10-13
877,2023-10-13 03:15:00,False,03:15:00,2023-10-13
878,2023-10-13 03:30:00,False,03:30:00,2023-10-13
879,2023-10-13 03:45:00,False,03:45:00,2023-10-13
880,2023-10-13 04:00:00,False,04:00:00,2023-10-13
881,2023-10-13 04:15:00,False,04:15:00,2023-10-13
882,2023-10-13 04:30:00,False,04:30:00,2023-10-13
883,2023-10-13 04:45:00,False,04:45:00,2023-10-13
884,2023-10-13 05:00:00,False,05:00:00,2023-10-13
885,2023-10-13 05:15:00,False,05:15:00,2023-10-13
886,2023-10-13 05:30:00,False,05:30:00,2023-10-13
887,2023-10-13 05:45:00,False,05:45:00,2023-10-13
888,2023-10-13 06:00:00,False,06:00:00,2023-10-13
889,2023-10-13 06:15:00,False,06:15:00,2023-10-13
890,2023-10-13 06:30:00,False,06:30:00,2023-10-13
891,2023-10-13 06:45:00,False,06:45:00,2023-10-13
892,2023-10-13 07:00:00,False,07:00:00,2023-10-13
893,2023-10-13 07:15:00,False,07:15:00,2023-10-13
894,2023-10-13 07:30:00,False,07:30:00,2023-10-13
895,2023-10-13 07:45:00,False,07:45:00,2023-10-13
896,2023-10-13 08:00:00,False,08:00:00,2023-10-13
897,2023-10-13 08:15:00,False,08:15:00,2023-10-13
898,2023-10-13 08:30:00,False,08:30:00,2023-10-13
899,2023-10-13 08:45:00,False,08:45:00,2023-10-13
900,2023-10-13 09:00:00,False,09:00:00,2023-10-13
901,2023-10-13 09:15:00,False,09:15:00,2023-10-13
902,2023-10-13 09:30:00,False,09:30:00,2023-10-13
903,2023-10-13 09:45:00,False,09:45:00,2023-10-13
904,2023-10-13 10:00:00,False,10:00:00,2023-10-13
905,2023-10-13 10:15:00,False,10:15:00,2023-10-13
906,2023-10-13 10:30:00,False,10:30:00,2023-10-13
907,2023-10-13 10:45:00,False,10:45:00,2023-10-13
908,2023-10-13 11:00:00,False,11:00:00,2023-10-13
909,2023-10-13 11:15:00,False,11:15:00,2023-10-13
910,2023-10-13 11:30:00,False,11:30:00,2023-10-13
911,2023-10-13 11:45:00,False,11:45:00,2023-10-13
912,2023-10-13 12:00:00,False,12:00:00,2023-10-13
913,2023-10-13 12:15:00,False,12:15:00,2023-10-13
914,2023-10-13 12:30:00,False,12:30:00,2023-10-13
915,2023-10-13 12:45:00,False,12:45:00,2023-10-13
916,2023-10-13 13:00:00,False,13:00:00,2023-10-13
917,2023-10-13 13:15:00,False,13:15:00,2023-10-13
918,2023-10-13 13:30:00,False,13:30:00,2023-10-13
919,2023-10-13 13:45:00,False,13:45:00,2023-10-13
920,2023-10-13 14:00:00,False,14:00:00,2023-10-13
921,2023-10-13 14:15:00,False,14:15:00,2023-10-13
922,2023-10-13 14:30:00,False,14:30:00,2023-10-13
923,2023-10-13 14:45:00,False,14:45:00,2023-10-13
924,2023-10-13 15:00:00,False,15:00:00,2023-10-13
925,2023-10-13 15:15:00,False,15:15:00,2023-10-13
926,2023-10-13 15:30:00,False,15:30:00,2023-10-13
927,2023-10-13 15:45:00,False,15:45:00,2023-10-13
928,2023-10-13 16:00:00,False,16:00:00,2023-10-13
929,2023-10-13 16:15:00,False,16:15:00,2023-10-13
930,2023-10-13 16:30:00,False,16:30:00,2023-10-13
931,2023-10-13 16:45:00,False,16:45:00,2023-10-13
932,2023-10-13 17:00:00,False,17:00:00,2023-10-13
933,2023-10-13 17:15:00,False,17:15:00,2023-10-13
934,2023-10-13 17:30:00,False,17:30:00,2023-10-13
935,2023-10-13 17:45:00,False,17:45:00,2023-10-13
936,2023-10-13 18:00:00,True,18:00:00,2023-10-13
937,2023-10-13 18:15:00,True,18:15:00,2023-10-13
938,2023-10-13 18:30:00,True,18:30:00,2023-10-13
939,2023-10-13 18:45:00,True,18:45:00,2023-10-13
940,2023-10-13 19:00:00,True,19:00:00,2023-10-13
941,2023-10-13 19:15:00,True,19:15:00,2023-10-13
942,2023-10-13 19:30:00,False,19:30:00,2023-10-13
943,2023-10-13 19:45:00,False,19:45:00,2023-10-13
944,2023-10-13 20:00:00,False,20:00:00,2023-10-13
945,2023-10-13 20:15:00,True,20:15:00,2023-10-13
946,2023-10-13 20:30:00,False,20:30:00,2023-10-13
947,2023-10-13 20:45:00,False,20:45:00,2023-10-13
948,2023-10-13 21:00:00,False,21:00:00,2023-10-13
949,2023-10-13 21:15:00,False,21:15:00,2023-10-13
950,2023-10-13 21:30:00,False,21:30:00,2023-10-13
951,2023-10-13 21:45:00,False,21:45:00,2023-10-13
952,2023-10-13 22:00:00,False,22:00:00,2023-10-13
953,2023-10-13 22:15:00,False,22:15:00,2023-10-13
954,2023-10-13 22:30:00,False,22:30:00,2023-10-13
955,2023-10-13 22:45:00,False,22:45:00,2023-10-13
956,2023-10-13 23:00:00,False,23:00:00,2023-10-13
957,2023-10-13 23:15:00,False,23:15:00,2023-10-13
958,2023-10-13 23:30:00,False,23:30:00,2023-10-13
959,2023-10-13 23:45:00,False,23:45:00,2023-10-13
960,2023-10-14 00:00:00,False,00:00:00,2023-10-14
961,2023-10-14 00:15:00,False,00:15:00,2023-10-14
962,2023-10-14 00:30:00,False,00:30:00,2023-10-14
963,2023-10-14 00:45:00,False,00:45:00,2023-10-14
964,2023-10-14 01:00:00,False,01:00:00,2023-10-14
965,2023-10-14 01:15:00,False,01:15:00,2023-10-14
966,2023-10-14 01:30:00,False,01:30:00,2023-10-14
967,2023-10-14 01:45:00,False,01:45:00,2023-10-14
968,2023-10-14 02:00:00,False,02:00:00,2023-10-14
969,2023-10-14 02:15:00,False,02:15:00,2023-10-14
970,2023-10-14 02:30:00,False,02:30:00,2023-10-14
971,2023-10-14 02:45:00,False,02:45:00,2023-10-14
972,2023-10-14 03:00:00,False,03:00:00,2023-10-14
973,2023-10-14 03:15:00,False,03:15:00,2023-10-14
974,2023-10-14 03:30:00,False,03:30:00,2023-10-14
975,2023-10-14 03:45:00,False,03:45:00,2023-10-14
976,2023-10-14 04:00:00,False,04:00:00,2023-10-14
977,2023-10-14 04:15:00,False,04:15:00,2023-10-14
978,2023-10-14 04:30:00,False,04:30:00,2023-10-14
979,2023-10-14 04:45:00,False,04:45:00,2023-10-14
980,2023-10-14 05:00:00,False,05:00:00,2023-10-14
981,2023-10-14 05:15:00,False,05:15:00,2023-10-14
982,2023-10-14 05:30:00,False,05:30:00,2023-10-14
983,2023-10-14 05:45:00,False,05:45:00,2023-10-14
984,2023-10-14 06:00:00,False,06:00:00,2023-10-14
985,2023-10-14 06:15:00,False,06:15:00,2023-10-14
986,2023-10-14 06:30:00,False,06:30:00,2023-10-14
987,2023-10-14 06:45:00,False,06:45:00,2023-10-14
988,2023-10-14 07:00:00,False,07:00:00,2023-10-14
989,2023-10-14 07:15:00,False,07:15:00,2023-10-14
990,2023-10-14 07:30:00,False,07:30:00,2023-10-14
991,2023-10-14 07:45:00,False,07:45:00,2023-10-14
992,2023-10-14 08:00:00,False,08:00:00,2023-10-14
993,2023-10-14 08:15:00,False,08:15:00,2023-10-14
994,2023-10-14 08:30:00,False,08:30:00,2023-10-14
995,2023-10-14 08:45:00,False,08:45:00,2023-10-14
996,2023-10-14 09:00:00,False,09:00:00,2023-10-14
997,2023-10-14 09:15:00,False,09:15:00,2023-10-14
998,2023-10-14 09:30:00,False,09:30:00,2023-10-14
999,2023-10-14 09:45:00,False,09:45:00,2023-10-14
1000,2023-10-14 10:00:00,False,10:00:00,2023-10-14
1001,2023-10-14 10:15:00,False,10:15:00,2023-10-14
1002,2023-10-14 10:30:00,False,10:30:00,2023-10-14
1003,2023-10-14 10:45:00,False,10:45:00,2023-10-14
1004,2023-10-14 11:00:00,False,11:00:00,2023-10-14
1005,2023-10-14 11:15:00,False,11:15:00,2023-10-14
1006,2023-10-14 11:30:00,False,11:30:00,2023-10-14
1007,2023-10-14 11:45:00,False,11:45:00,2023-10-14
1008,2023-10-14 12:00:00,False,12:00:00,2023-10-14
1009,2023-10-14 12:15:00,False,12:15:00,2023-10-14
1010,2023-10-14 12:30:00,False,12:30:00,2023-10-14
1011,2023-10-14 12:45:00,False,12:45:00,2023-10-14
1012,2023-10-14 13:00:00,False,13:00:00,2023-10-14
1013,2023-10-14 13:15:00,False,13:15:00,2023-10-14
1014,2023-10-14 13:30:00,False,13:30:00,2023-10-14
1015,2023-10-14 13:45:00,False,13:45:00,2023-10-14
1016,2023-10-14 14:00:00,False,14:00:00,2023-10-14
1017,2023-10-14 14:15:00,False,14:15:00,2023-10-14
1018,2023-10-14 14:30:00,False,14:30:00,2023-10-14
1019,2023-10-14 14:45:00,False,14:45:00,2023-10-14
1020,2023-10-14 15:00:00,False,15:00:00,2023-10-14
1021,2023-10-14 15:15:00,False,15:15:00,2023-10-14
1022,2023-10-14 15:30:00,False,15:30:00,2023-10-14
1023,2023-10-14 15:45:00,False,15:45:00,2023-10-14
1024,2023-10-14 16:00:00,False,16:00:00,2023-10-14
1025,2023-10-14 16:15:00,False,16:15:00,2023-10-14
1026,2023-10-14 16:30:00,False,16:30:00,2023-10-14
1027,2023-10-14 16:45:00,False,16:45:00,2023-10-14
1028,2023-10-14 17:00:00,False,17:00:00,2023-10-14
1029,2023-10-14 17:15:00,False,17:15:00,2023-10-14
1030,2023-10-14 17:30:00,False,17:30:00,2023-10-14
1031,2023-10-14 17:45:00,False,17:45:00,2023-10-14
1032,2023-10-14 18:00:00,False,18:00:00,2023-10-14
1033,2023-10-14 18:15:00,False,18:15:00,2023-10-14
1034,2023-10-14 18:30:00,False,18:30:00,2023-10-14
1035,2023-10-14 18:45:00,False,18:45:00,2023-10-14
1036,2023-10-14 19:00:00,False,19:00:00,2023-10-14
1037,2023-10-14 19:15:00,False,19:15:00,2023-10-14
1038,2023-10-14 19:30:00,False,19:30:00,2023-10-14
1039,2023-10-14 19:45:00,False,19:45:00,2023-10-14
1040,2023-10-14 20:00:00,False,20:00:00,2023-10-14
1041,2023-10-14 20:15:00,False,20:15:00,2023-10-14
1042,2023-10-14 20:30:00,False,20:30:00,2023-10-14
1043,2023-10-14 20:45:00,False,20:45:00,2023-10-14
1044,2023-10-14 21:00:00,False,21:00:00,2023-10-14
1045,2023-10-14 21:15:00,False,21:15:00,2023-10-14
1046,2023-10-14 21:30:00,False,21:30:00,2023-10-14
1047,2023-10-14 21:45:00,False,21:45:00,2023-10-14
1048,2023-10-14 22:00:00,False,22:00:00,2023-10-14
1049,2023-10-14 22:15:00,False,22:15:00,2023-10-14
1050,2023-10-14 22:30:00,False,22:30:00,2023-10-14
1051,2023-10-14 22:45:00,False,22:45:00,2023-10-14
1052,2023-10-14 23:00:00,False,23:00:00,2023-10-14
1053,2023-10-14 23:15:00,False,23:15:00,2023-10-14
1054,2023-10-14 23:30:00,False,23:30:00,2023-10-14
1055,2023-10-14 23:45:00,False,23:45:00,2023-10-14
1056,2023-10-15 00:00:00,False,00:00:00,2023-10-15
1057,2023-10-15 00:15:00,False,00:15:00,2023-10-15
1058,2023-10-15 00:30:00,False,00:30:00,2023-10-15
1059,2023-10-15 00:45:00,False,00:45:00,2023-10-15
1060,2023-10-15 01:00:00,False,01:00:00,2023-10-15
1061,2023-10-15 01:15:00,False,01:15:00,2023-10-15
1062,2023-10-15 01:30:00,False,01:30:00,2023-10-15
1063,2023-10-15 01:45:00,False,01:45:00,2023-10-15
1064,2023-10-15 02:00:00,False,02:00:00,2023-10-15
1065,2023-10-15 02:15:00,False,02:15:00,2023-10-15
1066,2023-10-15 02:30:00,False,02:30:00,2023-10-15
1067,2023-10-15 02:45:00,False,02:45:00,2023-10-15
1068,2023-10-15 03:00:00,False,03:00:00,2023-10-15
1069,2023-10-15 03:15:00,False,03:15:00,2023-10-15
1070,2023-10-15 03:30:00,False,03:30:00,2023-10-15
1071,2023-10-15 03:45:00,False,03:45:00,2023-10-15
1072,2023-10-15 04:00:00,False,04:00:00,2023-10-15
1073,2023-10-15 04:15:00,False,04:15:00,2023-10-15
1074,2023-10-15 04:30:00,False,04:30:00,2023-10-15
1075,2023-10-15 04:45:00,False,04:45:00,2023-10-15
1076,2023-10-15 05:00:00,False,05:00:00,2023-10-15
1077,2023-10-15 05:15:00,False,05:15:00,2023-10-15
1078,2023-10-15 05:30:00,False,05:30:00,2023-10-15
1079,2023-10-15 05:45:00,False,05:45:00,2023-10-15
1080,2023-10-15 06:00:00,False,06:00:00,2023-10-15
1081,2023-10-15 06:15:00,False,06:15:00,2023-10-15
1082,2023-10-15 06:30:00,False,06:30:00,2023-10-15
1083,2023-10-15 06:45:00,True,06:45:00,2023-10-15
1084,2023-10-15 07:00:00,True,07:00:00,2023-10-15
1085,2023-10-15 07:15:00,True,07:15:00,2023-10-15
1086,2023-10-15 07:30:00,False,07:30:00,2023-10-15
1087,2023-10-15 07:45:00,False,07:45:00,2023-10-15
1088,2023-10-15 08:00:00,False,08:00:00,2023-10-15
1089,2023-10-15 08:15:00,False,08:15:00,2023-10-15
1090,2023-10-15 08:30:00,False,08:30:00,2023-10-15
1091,2023-10-15 08:45:00,False,08:45:00,2023-10-15
1092,2023-10-15 09:00:00,False,09:00:00,2023-10-15
1093,2023-10-15 09:15:00,False,09:15:00,2023-10-15
1094,2023-10-15 09:30:00,False,09:30:00,2023-10-15
1095,2023-10-15 09:45:00,False,09:45:00,2023-10-15
1096,2023-10-15 10:00:00,False,10:00:00,2023-10-15
1097,2023-10-15 10:15:00,False,10:15:00,2023-10-15
1098,2023-10-15 10:30:00,False,10:30:00,2023-10-15
1099,2023-10-15 10:45:00,False,10:45:00,2023-10-15
1100,2023-10-15 11:00:00,False,11:00:00,2023-10-15
1101,2023-10-15 11:15:00,False,11:15:00,2023-10-15
1102,2023-10-15 11:30:00,False,11:30:00,2023-10-15
1103,2023-10-15 11:45:00,False,11:45:00,2023-10-15
1104,2023-10-15 12:00:00,False,12:00:00,2023-10-15
1105,2023-10-15 12:15:00,False,12:15:00,2023-10-15
1106,2023-10-15 12:30:00,False,12:30:00,2023-10-15
1107,2023-10-15 12:45:00,False,12:45:00,2023-10-15
1108,2023-10-15 13:00:00,False,13:00:00,2023-10-15
1109,2023-10-15 13:15:00,False,13:15:00,2023-10-15
1110,2023-10-15 13:30:00,False,13:30:00,2023-10-15
1111,2023-10-15 13:45:00,False,13:45:00,2023-10-15
1112,2023-10-15 14:00:00,False,14:00:00,2023-10-15
1113,2023-10-15 14:15:00,False,14:15:00,2023-10-15
1114,2023-10-15 14:30:00,False,14:30:00,2023-10-15
1115,2023-10-15 14:45:00,False,14:45:00,2023-10-15
1116,2023-10-15 15:00:00,False,15:00:00,2023-10-15
1117,2023-10-15 15:15:00,False,15:15:00,2023-10-15
1118,2023-10-15 15:30:00,False,15:30:00,2023-10-15
1119,2023-10-15 15:45:00,False,15:45:00,2023-10-15
1120,2023-10-15 16:00:00,False,16:00:00,2023-10-15
1121,2023-10-15 16:15:00,False,16:15:00,2023-10-15
1122,2023-10-15 16:30:00,False,16:30:00,2023-10-15
1123,2023-10-15 16:45:00,False,16:45:00,2023-10-15
1124,2023-10-15 17:00:00,False,17:00:00,2023-10-15
1125,2023-10-15 17:15:00,False,17:15:00,2023-10-15
1126,2023-10-15 17:30:00,False,17:30:00,2023-10-15
1127,2023-10-15 17:45:00,False,17:45:00,2023-10-15
1128,2023-10-15 18:00:00,False,18:00:00,2023-10-15
1129,2023-10-15 18:15:00,False,18:15:00,2023-10-15
1130,2023-10-15 18:30:00,True,18:30:00,2023-10-15
1131,2023-10-15 18:45:00,False,18:45:00,2023-10-15
1132,2023-10-15 19:00:00,False,19:00:00,2023-10-15
1133,2023-10-15 19:15:00,False,19:15:00,2023-10-15
1134,2023-10-15 19:30:00,False,19:30:00,2023-10-15
1135,2023-10-15 19:45:00,False,19:45:00,2023-10-15
1136,2023-10-15 20:00:00,False,20:00:00,2023-10-15
1137,2023-10-15 20:15:00,False,20:15:00,2023-10-15
1138,2023-10-15 20:30:00,False,20:30:00,2023-10-15
1139,2023-10-15 20:45:00,False,20:45:00,2023-10-15
1140,2023-10-15 21:00:00,False,21:00:00,2023-10-15
1141,2023-10-15 21:15:00,False,21:15:00,2023-10-15
1142,2023-10-15 21:30:00,False,21:30:00,2023-10-15
1143,2023-10-15 21:45:00,False,21:45:00,2023-10-15
1144,2023-10-15 22:00:00,False,22:00:00,2023-10-15
1145,2023-10-15 22:15:00,False,22:15:00,2023-10-15
1146,2023-10-15 22:30:00,False,22:30:00,2023-10-15
1147,2023-10-15 22:45:00,False,22:45:00,2023-10-15
1148,2023-10-15 23:00:00,False,23:00:00,2023-10-15
1149,2023-10-15 23:15:00,False,23:15:00,2023-10-15
1150,2023-10-15 23:30:00,False,23:30:00,2023-10-15
1151,2023-10-15 23:45:00,False,23:45:00,2023-10-15
1152,2023-10-16 00:00:00,False,00:00:00,2023-10-16
1153,2023-10-16 00:15:00,False,00:15:00,2023-10-16
1154,2023-10-16 00:30:00,False,00:30:00,2023-10-16
1155,2023-10-16 00:45:00,False,00:45:00,2023-10-16
1156,2023-10-16 01:00:00,False,01:00:00,2023-10-16
1157,2023-10-16 01:15:00,False,01:15:00,2023-10-16
1158,2023-10-16 01:30:00,False,01:30:00,2023-10-16
1159,2023-10-16 01:45:00,False,01:45:00,2023-10-16
1160,2023-10-16 02:00:00,False,02:00:00,2023-10-16
1161,2023-10-16 02:15:00,False,02:15:00,2023-10-16
1162,2023-10-16 02:30:00,False,02:30:00,2023-10-16
1163,2023-10-16 02:45:00,False,02:45:00,2023-10-16
1164,2023-10-16 03:00:00,False,03:00:00,2023-10-16
1165,2023-10-16 03:15:00,False,03:15:00,2023-10-16
1166,2023-10-16 03:30:00,False,03:30:00,2023-10-16
1167,2023-10-16 03:45:00,False,03:45:00,2023-10-16
1168,2023-10-16 04:00:00,False,04:00:00,2023-10-16
1169,2023-10-16 04:15:00,False,04:15:00,2023-10-16
1170,2023-10-16 04:30:00,False,04:30:00,2023-10-16
1171,2023-10-16 04:45:00,False,04:45:00,2023-10-16
1172,2023-10-16 05:00:00,False,05:00:00,2023-10-16
1173,2023-10-16 05:15:00,False,05:15:00,2023-10-16
1174,2023-10-16 05:30:00,False,05:30:00,2023-10-16
1175,2023-10-16 05:45:00,False,05:45:00,2023-10-16
1176,2023-10-16 06:00:00,False,06:00:00,2023-10-16
1177,2023-10-16 06:15:00,False,06:15:00,2023-10-16
1178,2023-10-16 06:30:00,False,06:30:00,2023-10-16
1179,2023-10-16 06:45:00,False,06:45:00,2023-10-16
1180,2023-10-16 07:00:00,False,07:00:00,2023-10-16
1181,2023-10-16 07:15:00,False,07:15:00,2023-10-16
1182,2023-10-16 07:30:00,False,07:30:00,2023-10-16
1183,2023-10-16 07:45:00,False,07:45:00,2023-10-16
1184,2023-10-16 08:00:00,False,08:00:00,2023-10-16
1185,2023-10-16 08:15:00,False,08:15:00,2023-10-16
1186,2023-10-16 08:30:00,False,08:30:00,2023-10-16
1187,2023-10-16 08:45:00,False,08:45:00,2023-10-16
1188,2023-10-16 09:00:00,False,09:00:00,2023-10-16
1189,2023-10-16 09:15:00,False,09:15:00,2023-10-16
1190,2023-10-16 09:30:00,False,09:30:00,2023-10-16
1191,2023-10-16 09:45:00,False,09:45:00,2023-10-16
1192,2023-10-16 10:00:00,False,10:00:00,2023-10-16
1193,2023-10-16 10:15:00,False,10:15:00,2023-10-16
1194,2023-10-16 10:30:00,False,10:30:00,2023-10-16
1195,2023-10-16 10:45:00,False,10:45:00,2023-10-16
1196,2023-10-16 11:00:00,False,11:00:00,2023-10-16
1197,2023-10-16 11:15:00,False,11:15:00,2023-10-16
1198,2023-10-16 11:30:00,False,11:30:00,2023-10-16
1199,2023-10-16 11:45:00,False,11:45:00,2023-10-16
1200,2023-10-16 12:00:00,False,12:00:00,2023-10-16
1201,2023-10-16 12:15:00,False,12:15:00,2023-10-16
1202,2023-10-16 12:30:00,False,12:30:00,2023-10-16
1203,2023-10-16 12:45:00,False,12:45:00,2023-10-16
1204,2023-10-16 13:00:00,False,13:00:00,2023-10-16
1205,2023-10-16 13:15:00,False,13:15:00,2023-10-16
1206,2023-10-16 13:30:00,False,13:30:00,2023-10-16
1207,2023-10-16 13:45:00,False,13:45:00,2023-10-16
1208,2023-10-16 14:00:00,False,14:00:00,2023-10-16
1209,2023-10-16 14:15:00,False,14:15:00,2023-10-16
1210,2023-10-16 14:30:00,False,14:30:00,2023-10-16
1211,2023-10-16 14:45:00,False,14:45:00,2023-10-16
1212,2023-10-16 15:00:00,False,15:00:00,2023-10-16
1213,2023-10-16 15:15:00,False,15:15:00,2023-10-16
1214,2023-10-16 15:30:00,False,15:30:00,2023-10-16
1215,2023-10-16 15:45:00,False,15:45:00,2023-10-16
1216,2023-10-16 16:00:00,False,16:00:00,2023-10-16
1217,2023-10-16 16:15:00,False,16:15:00,2023-10-16
1218,2023-10-16 16:30:00,False,16:30:00,2023-10-16
1219,2023-10-16 16:45:00,False,16:45:00,2023-10-16
1220,2023-10-16 17:00:00,False,17:00:00,2023-10-16
1221,2023-10-16 17:15:00,False,17:15:00,2023-10-16
1222,2023-10-16 17:30:00,False,17:30:00,2023-10-16
1223,2023-10-16 17:45:00,False,17:45:00,2023-10-16
1224,2023-10-16 18:00:00,False,18:00:00,2023-10-16
1225,2023-10-16 18:15:00,False,18:15:00,2023-10-16
1226,2023-10-16 18:30:00,False,18:30:00,2023-10-16
1227,2023-10-16 18:45:00,False,18:45:00,2023-10-16
1228,2023-10-16 19:00:00,False,19:00:00,2023-10-16
1229,2023-10-16 19:15:00,False,19:15:00,2023-10-16
1230,2023-10-16 19:30:00,False,19:30:00,2023-10-16
1231,2023-10-16 19:45:00,False,19:45:00,2023-10-16
1232,2023-10-16 20:00:00,False,20:00:00,2023-10-16
1233,2023-10-16 20:15:00,False,20:15:00,2023-10-16
1234,2023-10-16 20:30:00,False,20:30:00,2023-10-16
1235,2023-10-16 20:45:00,False,20:45:00,2023-10-16
1236,2023-10-16 21:00:00,False,21:00:00,2023-10-16
1237,2023-10-16 21:15:00,False,21:15:00,2023-10-16
1238,2023-10-16 21:30:00,False,21:30:00,2023-10-16
1239,2023-10-16 21:45:00,False,21:45:00,2023-10-16
1240,2023-10-16 22:00:00,False,22:00:00,2023-10-16
1241,2023-10-16 22:15:00,False,22:15:00,2023-10-16
1242,2023-10-16 22:30:00,False,22:30:00,2023-10-16
1243,2023-10-16 22:45:00,False,22:45:00,2023-10-16
1244,2023-10-16 23:00:00,False,23:00:00,2023-10-16
1245,2023-10-16 23:15:00,False,23:15:00,2023-10-16
1246,2023-10-16 23:30:00,False,23:30:00,2023-10-16
1247,2023-10-16 23:45:00,False,23:45:00,2023-10-16
1248,2023-10-17 00:00:00,False,00:00:00,2023-10-17
1249,2023-10-17 00:15:00,False,00:15:00,2023-10-17
1250,2023-10-17 00:30:00,False,00:30:00,2023-10-17
1251,2023-10-17 00:45:00,False,00:45:00,2023-10-17
1252,2023-10-17 01:00:00,False,01:00:00,2023-10-17
1253,2023-10-17 01:15:00,False,01:15:00,2023-10-17
1254,2023-10-17 01:30:00,False,01:30:00,2023-10-17
1255,2023-10-17 01:45:00,False,01:45:00,2023-10-17
1256,2023-10-17 02:00:00,False,02:00:00,2023-10-17
1257,2023-10-17 02:15:00,False,02:15:00,2023-10-17
1258,2023-10-17 02:30:00,False,02:30:00,2023-10-17
1259,2023-10-17 02:45:00,False,02:45:00,2023-10-17
1260,2023-10-17 03:00:00,False,03:00:00,2023-10-17
1261,2023-10-17 03:15:00,False,03:15:00,2023-10-17
1262,2023-10-17 03:30:00,False,03:30:00,2023-10-17
1263,2023-10-17 03:45:00,False,03:45:00,2023-10-17
1264,2023-10-17 04:00:00,False,04:00:00,2023-10-17
1265,2023-10-17 04:15:00,False,04:15:00,2023-10-17
1266,2023-10-17 04:30:00,False,04:30:00,2023-10-17
1267,2023-10-17 04:45:00,False,04:45:00,2023-10-17
1268,2023-10-17 05:00:00,False,05:00:00,2023-10-17
1269,2023-10-17 05:15:00,False,05:15:00,2023-10-17
1270,2023-10-17 05:30:00,False,05:30:00,2023-10-17
1271,2023-10-17 05:45:00,False,05:45:00,2023-10-17
1272,2023-10-17 06:00:00,False,06:00:00,2023-10-17
1273,2023-10-17 06:15:00,False,06:15:00,2023-10-17
1274,2023-10-17 06:30:00,False,06:30:00,2023-10-17
1275,2023-10-17 06:45:00,False,06:45:00,2023-10-17
1276,2023-10-17 07:00:00,False,07:00:00,2023-10-17
1277,2023-10-17 07:15:00,False,07:15:00,2023-10-17
1278,2023-10-17 07:30:00,False,07:30:00,2023-10-17
1279,2023-10-17 07:45:00,False,07:45:00,2023-10-17
1280,2023-10-17 08:00:00,False,08:00:00,2023-10-17
1281,2023-10-17 08:15:00,False,08:15:00,2023-10-17
1282,2023-10-17 08:30:00,False,08:30:00,2023-10-17
1283,2023-10-17 08:45:00,False,08:45:00,2023-10-17
1284,2023-10-17 09:00:00,False,09:00:00,2023-10-17
1285,2023-10-17 09:15:00,False,09:15:00,2023-10-17
1286,2023-10-17 09:30:00,False,09:30:00,2023-10-17
1287,2023-10-17 09:45:00,False,09:45:00,2023-10-17
1288,2023-10-17 10:00:00,False,10:00:00,2023-10-17
1289,2023-10-17 10:15:00,False,10:15:00,2023-10-17
1290,2023-10-17 10:30:00,False,10:30:00,2023-10-17
1291,2023-10-17 10:45:00,False,10:45:00,2023-10-17
1292,2023-10-17 11:00:00,False,11:00:00,2023-10-17
1293,2023-10-17 11:15:00,False,11:15:00,2023-10-17
1294,2023-10-17 11:30:00,False,11:30:00,2023-10-17
1295,2023-10-17 11:45:00,False,11:45:00,2023-10-17
1296,2023-10-17 12:00:00,False,12:00:00,2023-10-17
1297,2023-10-17 12:15:00,False,12:15:00,2023-10-17
1298,2023-10-17 12:30:00,False,12:30:00,2023-10-17
1299,2023-10-17 12:45:00,False,12:45:00,2023-10-17
1300,2023-10-17 13:00:00,False,13:00:00,2023-10-17
1301,2023-10-17 13:15:00,False,13:15:00,2023-10-17
1302,2023-10-17 13:30:00,False,13:30:00,2023-10-17
1303,2023-10-17 13:45:00,False,13:45:00,2023-10-17
1304,2023-10-17 14:00:00,False,14:00:00,2023-10-17
1305,2023-10-17 14:15:00,False,14:15:00,2023-10-17
1306,2023-10-17 14:30:00,False,14:30:00,2023-10-17
1307,2023-10-17 14:45:00,False,14:45:00,2023-10-17
1308,2023-10-17 15:00:00,False,15:00:00,2023-10-17
1309,2023-10-17 15:15:00,False,15:15:00,2023-10-17
1310,2023-10-17 15:30:00,False,15:30:00,2023-10-17
1311,2023-10-17 15:45:00,False,15:45:00,2023-10-17
1312,2023-10-17 16:00:00,False,16:00:00,2023-10-17
1313,2023-10-17 16:15:00,False,16:15:00,2023-10-17
1314,2023-10-17 16:30:00,False,16:30:00,2023-10-17
1315,2023-10-17 16:45:00,False,16:45:00,2023-10-17
1316,2023-10-17 17:00:00,False,17:00:00,2023-10-17
1317,2023-10-17 17:15:00,False,17:15:00,2023-10-17
1318,2023-10-17 17:30:00,False,17:30:00,2023-10-17
1319,2023-10-17 17:45:00,False,17:45:00,2023-10-17
1320,2023-10-17 18:00:00,False,18:00:00,2023-10-17
1321,2023-10-17 18:15:00,False,18:15:00,2023-10-17
1322,2023-10-17 18:30:00,False,18:30:00,2023-10-17
1323,2023-10-17 18:45:00,False,18:45:00,2023-10-17
1324,2023-10-17 19:00:00,False,19:00:00,2023-10-17
1325,2023-10-17 19:15:00,False,19:15:00,2023-10-17
1326,2023-10-17 19:30:00,False,19:30:00,2023-10-17
1327,2023-10-17 19:45:00,False,19:45:00,2023-10-17
1328,2023-10-17 20:00:00,False,20:00:00,2023-10-17
1329,2023-10-17 20:15:00,False,20:15:00,2023-10-17
1330,2023-10-17 20:30:00,False,20:30:00,2023-10-17
1331,2023-10-17 20:45:00,False,20:45:00,2023-10-17
1332,2023-10-17 21:00:00,False,21:00:00,2023-10-17
1333,2023-10-17 21:15:00,False,21:15:00,2023-10-17
1334,2023-10-17 21:30:00,True,21:30:00,2023-10-17
1335,2023-10-17 21:45:00,True,21:45:00,2023-10-17
1336,2023-10-17 22:00:00,False,22:00:00,2023-10-17
1337,2023-10-17 22:15:00,True,22:15:00,2023-10-17
1338,2023-10-17 22:30:00,True,22:30:00,2023-10-17
1339,2023-10-17 22:45:00,True,22:45:00,2023-10-17
1340,2023-10-17 23:00:00,True,23:00:00,2023-10-17
1341,2023-10-17 23:15:00,True,23:15:00,2023-10-17
1342,2023-10-17 23:30:00,True,23:30:00,2023-10-17
1343,2023-10-17 23:45:00,True,23:45:00,2023-10-17
1344,2023-10-18 00:00:00,True,00:00:00,2023-10-18
1345,2023-10-18 00:15:00,True,00:15:00,2023-10-18
1346,2023-10-18 00:30:00,False,00:30:00,2023-10-18
1347,2023-10-18 00:45:00,False,00:45:00,2023-10-18
1348,2023-10-18 01:00:00,False,01:00:00,2023-10-18
1349,2023-10-18 01:15:00,False,01:15:00,2023-10-18
1350,2023-10-18 01:30:00,False,01:30:00,2023-10-18
1351,2023-10-18 01:45:00,False,01:45:00,2023-10-18
1352,2023-10-18 02:00:00,False,02:00:00,2023-10-18
1353,2023-10-18 02:15:00,False,02:15:00,2023-10-18
1354,2023-10-18 02:30:00,False,02:30:00,2023-10-18
1355,2023-10-18 02:45:00,False,02:45:00,2023-10-18
1356,2023-10-18 03:00:00,False,03:00:00,2023-10-18
1357,2023-10-18 03:15:00,False,03:15:00,2023-10-18
1358,2023-10-18 03:30:00,False,03:30:00,2023-10-18
1359,2023-10-18 03:45:00,False,03:45:00,2023-10-18
1360,2023-10-18 04:00:00,False,04:00:00,2023-10-18
1361,2023-10-18 04:15:00,False,04:15:00,2023-10-18
1362,2023-10-18 04:30:00,False,04:30:00,2023-10-18
1363,2023-10-18 04:45:00,False,04:45:00,2023-10-18
1364,2023-10-18 05:00:00,False,05:00:00,2023-10-18
1365,2023-10-18 05:15:00,False,05:15:00,2023-10-18
1366,2023-10-18 05:30:00,False,05:30:00,2023-10-18
1367,2023-10-18 05:45:00,False,05:45:00,2023-10-18
1368,2023-10-18 06:00:00,False,06:00:00,2023-10-18
1369,2023-10-18 06:15:00,False,06:15:00,2023-10-18
1370,2023-10-18 06:30:00,False,06:30:00,2023-10-18
1371,2023-10-18 06:45:00,False,06:45:00,2023-10-18
1372,2023-10-18 07:00:00,False,07:00:00,2023-10-18
1373,2023-10-18 07:15:00,False,07:15:00,2023-10-18
1374,2023-10-18 07:30:00,False,07:30:00,2023-10-18
1375,2023-10-18 07:45:00,False,07:45:00,2023-10-18
1376,2023-10-18 08:00:00,False,08:00:00,2023-10-18
1377,2023-10-18 08:15:00,False,08:15:00,2023-10-18
1378,2023-10-18 08:30:00,False,08:30:00,2023-10-18
1379,2023-10-18 08:45:00,False,08:45:00,2023-10-18
1380,2023-10-18 09:00:00,False,09:00:00,2023-10-18
1381,2023-10-18 09:15:00,True,09:15:00,2023-10-18
1382,2023-10-18 09:30:00,True,09:30:00,2023-10-18
1383,2023-10-18 09:45:00,False,09:45:00,2023-10-18
1384,2023-10-18 10:00:00,False,10:00:00,2023-10-18
1385,2023-10-18 10:15:00,False,10:15:00,2023-10-18
1386,2023-10-18 10:30:00,False,10:30:00,2023-10-18
1387,2023-10-18 10:45:00,False,10:45:00,2023-10-18
1388,2023-10-18 11:00:00,False,11:00:00,2023-10-18
1389,2023-10-18 11:15:00,False,11:15:00,2023-10-18
1390,2023-10-18 11:30:00,False,11:30:00,2023-10-18
1391,2023-10-18 11:45:00,False,11:45:00,2023-10-18
1392,2023-10-18 12:00:00,False,12:00:00,2023-10-18
1393,2023-10-18 12:15:00,False,12:15:00,2023-10-18
1394,2023-10-18 12:30:00,False,12:30:00,2023-10-18
1395,2023-10-18 12:45:00,False,12:45:00,2023-10-18
1396,2023-10-18 13:00:00,False,13:00:00,2023-10-18
1397,2023-10-18 13:15:00,False,13:15:00,2023-10-18
1398,2023-10-18 13:30:00,False,13:30:00,2023-10-18
1399,2023-10-18 13:45:00,False,13:45:00,2023-10-18
1400,2023-10-18 14:00:00,False,14:00:00,2023-10-18
1401,2023-10-18 14:15:00,False,14:15:00,2023-10-18
1402,2023-10-18 14:30:00,False,14:30:00,2023-10-18
1403,2023-10-18 14:45:00,False,14:45:00,2023-10-18
1404,2023-10-18 15:00:00,False,15:00:00,2023-10-18
1405,2023-10-18 15:15:00,False,15:15:00,2023-10-18
1406,2023-10-18 15:30:00,False,15:30:00,2023-10-18
1407,2023-10-18 15:45:00,False,15:45:00,2023-10-18
1408,2023-10-18 16:00:00,False,16:00:00,2023-10-18
1409,2023-10-18 16:15:00,False,16:15:00,2023-10-18
1410,2023-10-18 16:30:00,False,16:30:00,2023-10-18
1411,2023-10-18 16:45:00,False,16:45:00,2023-10-18
1412,2023-10-18 17:00:00,False,17:00:00,2023-10-18
1413,2023-10-18 17:15:00,False,17:15:00,2023-10-18
1414,2023-10-18 17:30:00,False,17:30:00,2023-10-18
1415,2023-10-18 17:45:00,False,17:45:00,2023-10-18
1416,2023-10-18 18:00:00,False,18:00:00,2023-10-18
1417,2023-10-18 18:15:00,False,18:15:00,2023-10-18
1418,2023-10-18 18:30:00,False,18:30:00,2023-10-18
1419,2023-10-18 18:45:00,False,18:45:00,2023-10-18
1420,2023-10-18 19:00:00,False,19:00:00,2023-10-18
1421,2023-10-18 19:15:00,False,19:15:00,2023-10-18
1422,2023-10-18 19:30:00,False,19:30:00,2023-10-18
1423,2023-10-18 19:45:00,False,19:45:00,2023-10-18
1424,2023-10-18 20:00:00,False,20:00:00,2023-10-18
1425,2023-10-18 20:15:00,False,20:15:00,2023-10-18
1426,2023-10-18 20:30:00,False,20:30:00,2023-10-18
1427,2023-10-18 20:45:00,False,20:45:00,2023-10-18
1428,2023-10-18 21:00:00,False,21:00:00,2023-10-18
1429,2023-10-18 21:15:00,False,21:15:00,2023-10-18
1430,2023-10-18 21:30:00,False,21:30:00,2023-10-18
1431,2023-10-18 21:45:00,True,21:45:00,2023-10-18
1432,2023-10-18 22:00:00,False,22:00:00,2023-10-18
1433,2023-10-18 22:15:00,False,22:15:00,2023-10-18
1434,2023-10-18 22:30:00,False,22:30:00,2023-10-18
1435,2023-10-18 22:45:00,False,22:45:00,2023-10-18
1436,2023-10-18 23:00:00,False,23:00:00,2023-10-18
1437,2023-10-18 23:15:00,False,23:15:00,2023-10-18
1438,2023-10-18 23:30:00,False,23:30:00,2023-10-18
1439,2023-10-18 23:45:00,False,23:45:00,2023-10-18
1440,2023-10-19 00:00:00,False,00:00:00,2023-10-19
1441,2023-10-19 00:15:00,False,00:15:00,2023-10-19
1442,2023-10-19 00:30:00,False,00:30:00,2023-10-19
1443,2023-10-19 00:45:00,False,00:45:00,2023-10-19
1444,2023-10-19 01:00:00,False,01:00:00,2023-10-19
1445,2023-10-19 01:15:00,False,01:15:00,2023-10-19
1446,2023-10-19 01:30:00,False,01:30:00,2023-10-19
1447,2023-10-19 01:45:00,False,01:45:00,2023-10-19
1448,2023-10-19 02:00:00,False,02:00:00,2023-10-19
1449,2023-10-19 02:15:00,False,02:15:00,2023-10-19
1450,2023-10-19 02:30:00,False,02:30:00,2023-10-19
1451,2023-10-19 02:45:00,False,02:45:00,2023-10-19
1452,2023-10-19 03:00:00,False,03:00:00,2023-10-19
1453,2023-10-19 03:15:00,False,03:15:00,2023-10-19
1454,2023-10-19 03:30:00,False,03:30:00,2023-10-19
1455,2023-10-19 03:45:00,False,03:45:00,2023-10-19
1456,2023-10-19 04:00:00,False,04:00:00,2023-10-19
1457,2023-10-19 04:15:00,False,04:15:00,2023-10-19
1458,2023-10-19 04:30:00,False,04:30:00,2023-10-19
1459,2023-10-19 04:45:00,False,04:45:00,2023-10-19
1460,2023-10-19 05:00:00,False,05:00:00,2023-10-19
1461,2023-10-19 05:15:00,False,05:15:00,2023-10-19
1462,2023-10-19 05:30:00,False,05:30:00,2023-10-19
1463,2023-10-19 05:45:00,False,05:45:00,2023-10-19
1464,2023-10-19 06:00:00,False,06:00:00,2023-10-19
1465,2023-10-19 06:15:00,False,06:15:00,2023-10-19
1466,2023-10-19 06:30:00,False,06:30:00,2023-10-19
1467,2023-10-19 06:45:00,False,06:45:00,2023-10-19
1468,2023-10-19 07:00:00,False,07:00:00,2023-10-19
1469,2023-10-19 07:15:00,False,07:15:00,2023-10-19
1470,2023-10-19 07:30:00,False,07:30:00,2023-10-19
1471,2023-10-19 07:45:00,False,07:45:00,2023-10-19
1472,2023-10-19 08:00:00,False,08:00:00,2023-10-19
1473,2023-10-19 08:15:00,False,08:15:00,2023-10-19
1474,2023-10-19 08:30:00,False,08:30:00,2023-10-19
1475,2023-10-19 08:45:00,False,08:45:00,2023-10-19
1476,2023-10-19 09:00:00,False,09:00:00,2023-10-19
1477,2023-10-19 09:15:00,False,09:15:00,2023-10-19
1478,2023-10-19 09:30:00,False,09:30:00,2023-10-19
1479,2023-10-19 09:45:00,False,09:45:00,2023-10-19
1480,2023-10-19 10:00:00,False,10:00:00,2023-10-19
1481,2023-10-19 10:15:00,False,10:15:00,2023-10-19
1482,2023-10-19 10:30:00,False,10:30:00,2023-10-19
1483,2023-10-19 10:45:00,False,10:45:00,2023-10-19
1484,2023-10-19 11:00:00,False,11:00:00,2023-10-19
1485,2023-10-19 11:15:00,False,11:15:00,2023-10-19
1486,2023-10-19 11:30:00,False,11:30:00,2023-10-19
1487,2023-10-19 11:45:00,False,11:45:00,2023-10-19
1488,2023-10-19 12:00:00,False,12:00:00,2023-10-19
1489,2023-10-19 12:15:00,False,12:15:00,2023-10-19
1490,2023-10-19 12:30:00,False,12:30:00,2023-10-19
1491,2023-10-19 12:45:00,False,12:45:00,2023-10-19
1492,2023-10-19 13:00:00,False,13:00:00,2023-10-19
1493,2023-10-19 13:15:00,False,13:15:00,2023-10-19
1494,2023-10-19 13:30:00,False,13:30:00,2023-10-19
1495,2023-10-19 13:45:00,False,13:45:00,2023-10-19
1496,2023-10-19 14:00:00,False,14:00:00,2023-10-19
1497,2023-10-19 14:15:00,False,14:15:00,2023-10-19
1498,2023-10-19 14:30:00,False,14:30:00,2023-10-19
1499,2023-10-19 14:45:00,False,14:45:00,2023-10-19
1500,2023-10-19 15:00:00,False,15:00:00,2023-10-19
1501,2023-10-19 15:15:00,False,15:15:00,2023-10-19
1502,2023-10-19 15:30:00,False,15:30:00,2023-10-19
1503,2023-10-19 15:45:00,False,15:45:00,2023-10-19
1504,2023-10-19 16:00:00,False,16:00:00,2023-10-19
1505,2023-10-19 16:15:00,False,16:15:00,2023-10-19
1506,2023-10-19 16:30:00,False,16:30:00,2023-10-19
1507,2023-10-19 16:45:00,False,16:45:00,2023-10-19
1508,2023-10-19 17:00:00,False,17:00:00,2023-10-19
1509,2023-10-19 17:15:00,False,17:15:00,2023-10-19
1510,2023-10-19 17:30:00,False,17:30:00,2023-10-19
1511,2023-10-19 17:45:00,False,17:45:00,2023-10-19
1512,2023-10-19 18:00:00,False,18:00:00,2023-10-19
1513,2023-10-19 18:15:00,False,18:15:00,2023-10-19
1514,2023-10-19 18:30:00,False,18:30:00,2023-10-19
1515,2023-10-19 18:45:00,False,18:45:00,2023-10-19
1516,2023-10-19 19:00:00,False,19:00:00,2023-10-19
1517,2023-10-19 19:15:00,False,19:15:00,2023-10-19
1518,2023-10-19 19:30:00,False,19:30:00,2023-10-19
1519,2023-10-19 19:45:00,False,19:45:00,2023-10-19
1520,2023-10-19 20:00:00,False,20:00:00,2023-10-19
1521,2023-10-19 20:15:00,False,20:15:00,2023-10-19
1522,2023-10-19 20:30:00,False,20:30:00,2023-10-19
1523,2023-10-19 20:45:00,False,20:45:00,2023-10-19
1524,2023-10-19 21:00:00,False,21:00:00,2023-10-19
1525,2023-10-19 21:15:00,False,21:15:00,2023-10-19
1526,2023-10-19 21:30:00,False,21:30:00,2023-10-19
1527,2023-10-19 21:45:00,False,21:45:00,2023-10-19
1528,2023-10-19 22:00:00,False,22:00:00,2023-10-19
1529,2023-10-19 22:15:00,False,22:15:00,2023-10-19
1530,2023-10-19 22:30:00,False,22:30:00,2023-10-19
1531,2023-10-19 22:45:00,False,22:45:00,2023-10-19
1532,2023-10-19 23:00:00,False,23:00:00,2023-10-19
1533,2023-10-19 23:15:00,False,23:15:00,2023-10-19
1534,2023-10-19 23:30:00,False,23:30:00,2023-10-19
1535,2023-10-19 23:45:00,False,23:45:00,2023-10-19
1536,2023-10-20 00:00:00,False,00:00:00,2023-10-20
1537,2023-10-20 00:15:00,False,00:15:00,2023-10-20
1538,2023-10-20 00:30:00,False,00:30:00,2023-10-20
1539,2023-10-20 00:45:00,False,00:45:00,2023-10-20
1540,2023-10-20 01:00:00,False,01:00:00,2023-10-20
1541,2023-10-20 01:15:00,False,01:15:00,2023-10-20
1542,2023-10-20 01:30:00,False,01:30:00,2023-10-20
1543,2023-10-20 01:45:00,False,01:45:00,2023-10-20
1544,2023-10-20 02:00:00,False,02:00:00,2023-10-20
1545,2023-10-20 02:15:00,False,02:15:00,2023-10-20
1546,2023-10-20 02:30:00,False,02:30:00,2023-10-20
1547,2023-10-20 02:45:00,False,02:45:00,2023-10-20
1548,2023-10-20 03:00:00,False,03:00:00,2023-10-20
1549,2023-10-20 03:15:00,False,03:15:00,2023-10-20
1550,2023-10-20 03:30:00,False,03:30:00,2023-10-20
1551,2023-10-20 03:45:00,False,03:45:00,2023-10-20
1552,2023-10-20 04:00:00,False,04:00:00,2023-10-20
1553,2023-10-20 04:15:00,False,04:15:00,2023-10-20
1554,2023-10-20 04:30:00,False,04:30:00,2023-10-20
1555,2023-10-20 04:45:00,False,04:45:00,2023-10-20
1556,2023-10-20 05:00:00,False,05:00:00,2023-10-20
1557,2023-10-20 05:15:00,False,05:15:00,2023-10-20
1558,2023-10-20 05:30:00,False,05:30:00,2023-10-20
1559,2023-10-20 05:45:00,False,05:45:00,2023-10-20
1560,2023-10-20 06:00:00,False,06:00:00,2023-10-20
1561,2023-10-20 06:15:00,False,06:15:00,2023-10-20
1562,2023-10-20 06:30:00,False,06:30:00,2023-10-20
1563,2023-10-20 06:45:00,False,06:45:00,2023-10-20
1564,2023-10-20 07:00:00,False,07:00:00,2023-10-20
1565,2023-10-20 07:15:00,False,07:15:00,2023-10-20
1566,2023-10-20 07:30:00,False,07:30:00,2023-10-20
1567,2023-10-20 07:45:00,False,07:45:00,2023-10-20
1568,2023-10-20 08:00:00,False,08:00:00,2023-10-20
1569,2023-10-20 08:15:00,False,08:15:00,2023-10-20
1570,2023-10-20 08:30:00,False,08:30:00,2023-10-20
1571,2023-10-20 08:45:00,False,08:45:00,2023-10-20
1572,2023-10-20 09:00:00,False,09:00:00,2023-10-20
1573,2023-10-20 09:15:00,False,09:15:00,2023-10-20
1574,2023-10-20 09:30:00,False,09:30:00,2023-10-20
1575,2023-10-20 09:45:00,False,09:45:00,2023-10-20
1576,2023-10-20 10:00:00,False,10:00:00,2023-10-20
1577,2023-10-20 10:15:00,False,10:15:00,2023-10-20
1578,2023-10-20 10:30:00,False,10:30:00,2023-10-20
1579,2023-10-20 10:45:00,False,10:45:00,2023-10-20
1580,2023-10-20 11:00:00,False,11:00:00,2023-10-20
1581,2023-10-20 11:15:00,False,11:15:00,2023-10-20
1582,2023-10-20 11:30:00,False,11:30:00,2023-10-20
1583,2023-10-20 11:45:00,False,11:45:00,2023-10-20
1584,2023-10-20 12:00:00,False,12:00:00,2023-10-20
1585,2023-10-20 12:15:00,False,12:15:00,2023-10-20
1586,2023-10-20 12:30:00,False,12:30:00,2023-10-20
1587,2023-10-20 12:45:00,False,12:45:00,2023-10-20
1588,2023-10-20 13:00:00,False,13:00:00,2023-10-20
1589,2023-10-20 13:15:00,False,13:15:00,2023-10-20
1590,2023-10-20 13:30:00,False,13:30:00,2023-10-20
1591,2023-10-20 13:45:00,False,13:45:00,2023-10-20
1592,2023-10-20 14:00:00,False,14:00:00,2023-10-20
1593,2023-10-20 14:15:00,False,14:15:00,2023-10-20
1594,2023-10-20 14:30:00,False,14:30:00,2023-10-20
1595,2023-10-20 14:45:00,False,14:45:00,2023-10-20
1596,2023-10-20 15:00:00,False,15:00:00,2023-10-20
1597,2023-10-20 15:15:00,False,15:15:00,2023-10-20
1598,2023-10-20 15:30:00,False,15:30:00,2023-10-20
1599,2023-10-20 15:45:00,False,15:45:00,2023-10-20
1600,2023-10-20 16:00:00,False,16:00:00,2023-10-20
1601,2023-10-20 16:15:00,False,16:15:00,2023-10-20
1602,2023-10-20 16:30:00,False,16:30:00,2023-10-20
1603,2023-10-20 16:45:00,False,16:45:00,2023-10-20
1604,2023-10-20 17:00:00,False,17:00:00,2023-10-20
1605,2023-10-20 17:15:00,False,17:15:00,2023-10-20
1606,2023-10-20 17:30:00,False,17:30:00,2023-10-20
1607,2023-10-20 17:45:00,False,17:45:00,2023-10-20
1608,2023-10-20 18:00:00,False,18:00:00,2023-10-20
1609,2023-10-20 18:15:00,False,18:15:00,2023-10-20
1610,2023-10-20 18:30:00,False,18:30:00,2023-10-20
1611,2023-10-20 18:45:00,False,18:45:00,2023-10-20
1612,2023-10-20 19:00:00,False,19:00:00,2023-10-20
1613,2023-10-20 19:15:00,False,19:15:00,2023-10-20
1614,2023-10-20 19:30:00,False,19:30:00,2023-10-20
1615,2023-10-20 19:45:00,False,19:45:00,2023-10-20
1616,2023-10-20 20:00:00,False,20:00:00,2023-10-20
1617,2023-10-20 20:15:00,True,20:15:00,2023-10-20
1618,2023-10-20 20:30:00,True,20:30:00,2023-10-20
1619,2023-10-20 20:45:00,True,20:45:00,2023-10-20
1620,2023-10-20 21:00:00,True,21:00:00,2023-10-20
1621,2023-10-20 21:15:00,True,21:15:00,2023-10-20
1622,2023-10-20 21:30:00,True,21:30:00,2023-10-20
1623,2023-10-20 21:45:00,False,21:45:00,2023-10-20
1624,2023-10-20 22:00:00,False,22:00:00,2023-10-20
1625,2023-10-20 22:15:00,False,22:15:00,2023-10-20
1626,2023-10-20 22:30:00,False,22:30:00,2023-10-20
1627,2023-10-20 22:45:00,False,22:45:00,2023-10-20
1628,2023-10-20 23:00:00,False,23:00:00,2023-10-20
1629,2023-10-20 23:15:00,False,23:15:00,2023-10-20
1630,2023-10-20 23:30:00,False,23:30:00,2023-10-20
1631,2023-10-20 23:45:00,False,23:45:00,2023-10-20
1632,2023-10-21 00:00:00,False,00:00:00,2023-10-21
1633,2023-10-21 00:15:00,False,00:15:00,2023-10-21
1634,2023-10-21 00:30:00,False,00:30:00,2023-10-21
1635,2023-10-21 00:45:00,False,00:45:00,2023-10-21
1636,2023-10-21 01:00:00,False,01:00:00,2023-10-21
1637,2023-10-21 01:15:00,False,01:15:00,2023-10-21
1638,2023-10-21 01:30:00,False,01:30:00,2023-10-21
1639,2023-10-21 01:45:00,False,01:45:00,2023-10-21
1640,2023-10-21 02:00:00,False,02:00:00,2023-10-21
1641,2023-10-21 02:15:00,False,02:15:00,2023-10-21
1642,2023-10-21 02:30:00,False,02:30:00,2023-10-21
1643,2023-10-21 02:45:00,False,02:45:00,2023-10-21
1644,2023-10-21 03:00:00,False,03:00:00,2023-10-21
1645,2023-10-21 03:15:00,False,03:15:00,2023-10-21
1646,2023-10-21 03:30:00,False,03:30:00,2023-10-21
1647,2023-10-21 03:45:00,False,03:45:00,2023-10-21
1648,2023-10-21 04:00:00,False,04:00:00,2023-10-21
1649,2023-10-21 04:15:00,False,04:15:00,2023-10-21
1650,2023-10-21 04:30:00,False,04:30:00,2023-10-21
1651,2023-10-21 04:45:00,False,04:45:00,2023-10-21
1652,2023-10-21 05:00:00,False,05:00:00,2023-10-21
1653,2023-10-21 05:15:00,False,05:15:00,2023-10-21
1654,2023-10-21 05:30:00,False,05:30:00,2023-10-21
1655,2023-10-21 05:45:00,False,05:45:00,2023-10-21
1656,2023-10-21 06:00:00,False,06:00:00,2023-10-21
1657,2023-10-21 06:15:00,False,06:15:00,2023-10-21
1658,2023-10-21 06:30:00,False,06:30:00,2023-10-21
1659,2023-10-21 06:45:00,False,06:45:00,2023-10-21
1660,2023-10-21 07:00:00,False,07:00:00,2023-10-21
1661,2023-10-21 07:15:00,False,07:15:00,2023-10-21
1662,2023-10-21 07:30:00,False,07:30:00,2023-10-21
1663,2023-10-21 07:45:00,False,07:45:00,2023-10-21
1664,2023-10-21 08:00:00,True,08:00:00,2023-10-21
1665,2023-10-21 08:15:00,True,08:15:00,2023-10-21
1666,2023-10-21 08:30:00,False,08:30:00,2023-10-21
1667,2023-10-21 08:45:00,False,08:45:00,2023-10-21
1668,2023-10-21 09:00:00,False,09:00:00,2023-10-21
1669,2023-10-21 09:15:00,False,09:15:00,2023-10-21
1670,2023-10-21 09:30:00,False,09:30:00,2023-10-21
1671,2023-10-21 09:45:00,False,09:45:00,2023-10-21
1672,2023-10-21 10:00:00,False,10:00:00,2023-10-21
1673,2023-10-21 10:15:00,False,10:15:00,2023-10-21
1674,2023-10-21 10:30:00,False,10:30:00,2023-10-21
1675,2023-10-21 10:45:00,False,10:45:00,2023-10-21
1676,2023-10-21 11:00:00,False,11:00:00,2023-10-21
1677,2023-10-21 11:15:00,False,11:15:00,2023-10-21
1678,2023-10-21 11:30:00,False,11:30:00,2023-10-21
1679,2023-10-21 11:45:00,False,11:45:00,2023-10-21
1680,2023-10-21 12:00:00,False,12:00:00,2023-10-21
1681,2023-10-21 12:15:00,False,12:15:00,2023-10-21
1682,2023-10-21 12:30:00,False,12:30:00,2023-10-21
1683,2023-10-21 12:45:00,False,12:45:00,2023-10-21
1684,2023-10-21 13:00:00,False,13:00:00,2023-10-21
1685,2023-10-21 13:15:00,False,13:15:00,2023-10-21
1686,2023-10-21 13:30:00,False,13:30:00,2023-10-21
1687,2023-10-21 13:45:00,False,13:45:00,2023-10-21
1688,2023-10-21 14:00:00,False,14:00:00,2023-10-21
1689,2023-10-21 14:15:00,False,14:15:00,2023-10-21
1690,2023-10-21 14:30:00,False,14:30:00,2023-10-21
1691,2023-10-21 14:45:00,False,14:45:00,2023-10-21
1692,2023-10-21 15:00:00,False,15:00:00,2023-10-21
1693,2023-10-21 15:15:00,False,15:15:00,2023-10-21
1694,2023-10-21 15:30:00,False,15:30:00,2023-10-21
1695,2023-10-21 15:45:00,False,15:45:00,2023-10-21
1696,2023-10-21 16:00:00,False,16:00:00,2023-10-21
1697,2023-10-21 16:15:00,False,16:15:00,2023-10-21
1698,2023-10-21 16:30:00,False,16:30:00,2023-10-21
1699,2023-10-21 16:45:00,False,16:45:00,2023-10-21
1700,2023-10-21 17:00:00,False,17:00:00,2023-10-21
1701,2023-10-21 17:15:00,False,17:15:00,2023-10-21
1702,2023-10-21 17:30:00,False,17:30:00,2023-10-21
1703,2023-10-21 17:45:00,False,17:45:00,2023-10-21
1704,2023-10-21 18:00:00,False,18:00:00,2023-10-21
1705,2023-10-21 18:15:00,False,18:15:00,2023-10-21
1706,2023-10-21 18:30:00,False,18:30:00,2023-10-21
1707,2023-10-21 18:45:00,False,18:45:00,2023-10-21
1708,2023-10-21 19:00:00,False,19:00:00,2023-10-21
1709,2023-10-21 19:15:00,False,19:15:00,2023-10-21
1710,2023-10-21 19:30:00,False,19:30:00,2023-10-21
1711,2023-10-21 19:45:00,False,19:45:00,2023-10-21
1712,2023-10-21 20:00:00,False,20:00:00,2023-10-21
1713,2023-10-21 20:15:00,False,20:15:00,2023-10-21
1714,2023-10-21 20:30:00,False,20:30:00,2023-10-21
1715,2023-10-21 20:45:00,False,20:45:00,2023-10-21
1716,2023-10-21 21:00:00,False,21:00:00,2023-10-21
1717,2023-10-21 21:15:00,False,21:15:00,2023-10-21
1718,2023-10-21 21:30:00,False,21:30:00,2023-10-21
1719,2023-10-21 21:45:00,False,21:45:00,2023-10-21
1720,2023-10-21 22:00:00,False,22:00:00,2023-10-21
1721,2023-10-21 22:15:00,False,22:15:00,2023-10-21
1722,2023-10-21 22:30:00,False,22:30:00,2023-10-21
1723,2023-10-21 22:45:00,False,22:45:00,2023-10-21
1724,2023-10-21 23:00:00,False,23:00:00,2023-10-21
1725,2023-10-21 23:15:00,False,23:15:00,2023-10-21
1726,2023-10-21 23:30:00,False,23:30:00,2023-10-21
1727,2023-10-21 23:45:00,False,23:45:00,2023-10-21
1728,2023-10-22 00:00:00,False,00:00:00,2023-10-22
1729,2023-10-22 00:15:00,False,00:15:00,2023-10-22
1730,2023-10-22 00:30:00,False,00:30:00,2023-10-22
1731,2023-10-22 00:45:00,False,00:45:00,2023-10-22
1732,2023-10-22 01:00:00,False,01:00:00,2023-10-22
1733,2023-10-22 01:15:00,False,01:15:00,2023-10-22
1734,2023-10-22 01:30:00,False,01:30:00,2023-10-22
1735,2023-10-22 01:45:00,False,01:45:00,2023-10-22
1736,2023-10-22 02:00:00,False,02:00:00,2023-10-22
1737,2023-10-22 02:15:00,False,02:15:00,2023-10-22
1738,2023-10-22 02:30:00,False,02:30:00,2023-10-22
1739,2023-10-22 02:45:00,False,02:45:00,2023-10-22
1740,2023-10-22 03:00:00,False,03:00:00,2023-10-22
1741,2023-10-22 03:15:00,False,03:15:00,2023-10-22
1742,2023-10-22 03:30:00,False,03:30:00,2023-10-22
1743,2023-10-22 03:45:00,False,03:45:00,2023-10-22
1744,2023-10-22 04:00:00,False,04:00:00,2023-10-22
1745,2023-10-22 04:15:00,False,04:15:00,2023-10-22
1746,2023-10-22 04:30:00,False,04:30:00,2023-10-22
1747,2023-10-22 04:45:00,False,04:45:00,2023-10-22
1748,2023-10-22 05:00:00,False,05:00:00,2023-10-22
1749,2023-10-22 05:15:00,False,05:15:00,2023-10-22
1750,2023-10-22 05:30:00,False,05:30:00,2023-10-22
1751,2023-10-22 05:45:00,False,05:45:00,2023-10-22
1752,2023-10-22 06:00:00,False,06:00:00,2023-10-22
1753,2023-10-22 06:15:00,False,06:15:00,2023-10-22
1754,2023-10-22 06:30:00,False,06:30:00,2023-10-22
1755,2023-10-22 06:45:00,False,06:45:00,2023-10-22
1756,2023-10-22 07:00:00,False,07:00:00,2023-10-22
1757,2023-10-22 07:15:00,False,07:15:00,2023-10-22
1758,2023-10-22 07:30:00,False,07:30:00,2023-10-22
1759,2023-10-22 07:45:00,False,07:45:00,2023-10-22
1760,2023-10-22 08:00:00,False,08:00:00,2023-10-22
1761,2023-10-22 08:15:00,False,08:15:00,2023-10-22
1762,2023-10-22 08:30:00,False,08:30:00,2023-10-22
1763,2023-10-22 08:45:00,False,08:45:00,2023-10-22
1764,2023-10-22 09:00:00,False,09:00:00,2023-10-22
1765,2023-10-22 09:15:00,False,09:15:00,2023-10-22
1766,2023-10-22 09:30:00,False,09:30:00,2023-10-22
1767,2023-10-22 09:45:00,False,09:45:00,2023-10-22
1768,2023-10-22 10:00:00,False,10:00:00,2023-10-22
1769,2023-10-22 10:15:00,False,10:15:00,2023-10-22
1770,2023-10-22 10:30:00,False,10:30:00,2023-10-22
1771,2023-10-22 10:45:00,False,10:45:00,2023-10-22
1772,2023-10-22 11:00:00,False,11:00:00,2023-10-22
1773,2023-10-22 11:15:00,False,11:15:00,2023-10-22
1774,2023-10-22 11:30:00,False,11:30:00,2023-10-22
1775,2023-10-22 11:45:00,False,11:45:00,2023-10-22
1776,2023-10-22 12:00:00,False,12:00:00,2023-10-22
1777,2023-10-22 12:15:00,False,12:15:00,2023-10-22
1778,2023-10-22 12:30:00,False,12:30:00,2023-10-22
1779,2023-10-22 12:45:00,False,12:45:00,2023-10-22
1780,2023-10-22 13:00:00,False,13:00:00,2023-10-22
1781,2023-10-22 13:15:00,False,13:15:00,2023-10-22
1782,2023-10-22 13:30:00,False,13:30:00,2023-10-22
1783,2023-10-22 13:45:00,False,13:45:00,2023-10-22
1784,2023-10-22 14:00:00,False,14:00:00,2023-10-22
1785,2023-10-22 14:15:00,False,14:15:00,2023-10-22
1786,2023-10-22 14:30:00,False,14:30:00,2023-10-22
1787,2023-10-22 14:45:00,False,14:45:00,2023-10-22
1788,2023-10-22 15:00:00,False,15:00:00,2023-10-22
1789,2023-10-22 15:15:00,False,15:15:00,2023-10-22
1790,2023-10-22 15:30:00,False,15:30:00,2023-10-22
1791,2023-10-22 15:45:00,False,15:45:00,2023-10-22
1792,2023-10-22 16:00:00,False,16:00:00,2023-10-22
1793,2023-10-22 16:15:00,False,16:15:00,2023-10-22
1794,2023-10-22 16:30:00,False,16:30:00,2023-10-22
1795,2023-10-22 16:45:00,False,16:45:00,2023-10-22
1796,2023-10-22 17:00:00,False,17:00:00,2023-10-22
1797,2023-10-22 17:15:00,False,17:15:00,2023-10-22
1798,2023-10-22 17:30:00,False,17:30:00,2023-10-22
1799,2023-10-22 17:45:00,False,17:45:00,2023-10-22
1800,2023-10-22 18:00:00,False,18:00:00,2023-10-22
1801,2023-10-22 18:15:00,False,18:15:00,2023-10-22
1802,2023-10-22 18:30:00,False,18:30:00,2023-10-22
1803,2023-10-22 18:45:00,False,18:45:00,2023-10-22
1804,2023-10-22 19:00:00,False,19:00:00,2023-10-22
1805,2023-10-22 19:15:00,False,19:15:00,2023-10-22
1806,2023-10-22 19:30:00,False,19:30:00,2023-10-22
1807,2023-10-22 19:45:00,False,19:45:00,2023-10-22
1808,2023-10-22 20:00:00,False,20:00:00,2023-10-22
1809,2023-10-22 20:15:00,False,20:15:00,2023-10-22
1810,2023-10-22 20:30:00,False,20:30:00,2023-10-22
1811,2023-10-22 20:45:00,False,20:45:00,2023-10-22
1812,2023-10-22 21:00:00,False,21:00:00,2023-10-22
1813,2023-10-22 21:15:00,False,21:15:00,2023-10-22
1814,2023-10-22 21:30:00,False,21:30:00,2023-10-22
1815,2023-10-22 21:45:00,False,21:45:00,2023-10-22
1816,2023-10-22 22:00:00,False,22:00:00,2023-10-22
1817,2023-10-22 22:15:00,False,22:15:00,2023-10-22
1818,2023-10-22 22:30:00,False,22:30:00,2023-10-22
1819,2023-10-22 22:45:00,False,22:45:00,2023-10-22
1820,2023-10-22 23:00:00,False,23:00:00,2023-10-22
1821,2023-10-22 23:15:00,False,23:15:00,2023-10-22
1822,2023-10-22 23:30:00,False,23:30:00,2023-10-22
1823,2023-10-22 23:45:00,False,23:45:00,2023-10-22
1824,2023-10-23 00:00:00,False,00:00:00,2023-10-23
1825,2023-10-23 00:15:00,False,00:15:00,2023-10-23
1826,2023-10-23 00:30:00,False,00:30:00,2023-10-23
1827,2023-10-23 00:45:00,False,00:45:00,2023-10-23
1828,2023-10-23 01:00:00,False,01:00:00,2023-10-23
1829,2023-10-23 01:15:00,False,01:15:00,2023-10-23
1830,2023-10-23 01:30:00,False,01:30:00,2023-10-23
1831,2023-10-23 01:45:00,False,01:45:00,2023-10-23
1832,2023-10-23 02:00:00,False,02:00:00,2023-10-23
1833,2023-10-23 02:15:00,False,02:15:00,2023-10-23
1834,2023-10-23 02:30:00,False,02:30:00,2023-10-23
1835,2023-10-23 02:45:00,False,02:45:00,2023-10-23
1836,2023-10-23 03:00:00,False,03:00:00,2023-10-23
1837,2023-10-23 03:15:00,False,03:15:00,2023-10-23
1838,2023-10-23 03:30:00,False,03:30:00,2023-10-23
1839,2023-10-23 03:45:00,False,03:45:00,2023-10-23
1840,2023-10-23 04:00:00,False,04:00:00,2023-10-23
1841,2023-10-23 04:15:00,False,04:15:00,2023-10-23
1842,2023-10-23 04:30:00,False,04:30:00,2023-10-23
1843,2023-10-23 04:45:00,False,04:45:00,2023-10-23
1844,2023-10-23 05:00:00,False,05:00:00,2023-10-23
1845,2023-10-23 05:15:00,False,05:15:00,2023-10-23
1846,2023-10-23 05:30:00,False,05:30:00,2023-10-23
1847,2023-10-23 05:45:00,False,05:45:00,2023-10-23
1848,2023-10-23 06:00:00,False,06:00:00,2023-10-23
1849,2023-10-23 06:15:00,False,06:15:00,2023-10-23
1850,2023-10-23 06:30:00,False,06:30:00,2023-10-23
1851,2023-10-23 06:45:00,False,06:45:00,2023-10-23
1852,2023-10-23 07:00:00,False,07:00:00,2023-10-23
1853,2023-10-23 07:15:00,False,07:15:00,2023-10-23
1854,2023-10-23 07:30:00,False,07:30:00,2023-10-23
1855,2023-10-23 07:45:00,False,07:45:00,2023-10-23
1856,2023-10-23 08:00:00,False,08:00:00,2023-10-23
1857,2023-10-23 08:15:00,False,08:15:00,2023-10-23
1858,2023-10-23 08:30:00,False,08:30:00,2023-10-23
1859,2023-10-23 08:45:00,False,08:45:00,2023-10-23
1860,2023-10-23 09:00:00,False,09:00:00,2023-10-23
1861,2023-10-23 09:15:00,False,09:15:00,2023-10-23
1862,2023-10-23 09:30:00,False,09:30:00,2023-10-23
1863,2023-10-23 09:45:00,False,09:45:00,2023-10-23
1864,2023-10-23 10:00:00,False,10:00:00,2023-10-23
1865,2023-10-23 10:15:00,False,10:15:00,2023-10-23
1866,2023-10-23 10:30:00,False,10:30:00,2023-10-23
1867,2023-10-23 10:45:00,False,10:45:00,2023-10-23
1868,2023-10-23 11:00:00,False,11:00:00,2023-10-23
1869,2023-10-23 11:15:00,False,11:15:00,2023-10-23
1870,2023-10-23 11:30:00,False,11:30:00,2023-10-23
1871,2023-10-23 11:45:00,False,11:45:00,2023-10-23
1872,2023-10-23 12:00:00,False,12:00:00,2023-10-23
1873,2023-10-23 12:15:00,False,12:15:00,2023-10-23
1874,2023-10-23 12:30:00,False,12:30:00,2023-10-23
1875,2023-10-23 12:45:00,False,12:45:00,2023-10-23
1876,2023-10-23 13:00:00,False,13:00:00,2023-10-23
1877,2023-10-23 13:15:00,False,13:15:00,2023-10-23
1878,2023-10-23 13:30:00,False,13:30:00,2023-10-23
1879,2023-10-23 13:45:00,False,13:45:00,2023-10-23
1880,2023-10-23 14:00:00,False,14:00:00,2023-10-23
1881,2023-10-23 14:15:00,False,14:15:00,2023-10-23
1882,2023-10-23 14:30:00,False,14:30:00,2023-10-23
1883,2023-10-23 14:45:00,False,14:45:00,2023-10-23
1884,2023-10-23 15:00:00,False,15:00:00,2023-10-23
1885,2023-10-23 15:15:00,False,15:15:00,2023-10-23
1886,2023-10-23 15:30:00,False,15:30:00,2023-10-23
1887,2023-10-23 15:45:00,False,15:45:00,2023-10-23
1888,2023-10-23 16:00:00,False,16:00:00,2023-10-23
1889,2023-10-23 16:15:00,False,16:15:00,2023-10-23
1890,2023-10-23 16:30:00,False,16:30:00,2023-10-23
1891,2023-10-23 16:45:00,False,16:45:00,2023-10-23
1892,2023-10-23 17:00:00,False,17:00:00,2023-10-23
1893,2023-10-23 17:15:00,False,17:15:00,2023-10-23
1894,2023-10-23 17:30:00,False,17:30:00,2023-10-23
1895,2023-10-23 17:45:00,False,17:45:00,2023-10-23
1896,2023-10-23 18:00:00,False,18:00:00,2023-10-23
1897,2023-10-23 18:15:00,False,18:15:00,2023-10-23
1898,2023-10-23 18:30:00,False,18:30:00,2023-10-23
1899,2023-10-23 18:45:00,False,18:45:00,2023-10-23
1900,2023-10-23 19:00:00,False,19:00:00,2023-10-23
1901,2023-10-23 19:15:00,False,19:15:00,2023-10-23
1902,2023-10-23 19:30:00,False,19:30:00,2023-10-23
1903,2023-10-23 19:45:00,False,19:45:00,2023-10-23
1904,2023-10-23 20:00:00,False,20:00:00,2023-10-23
1905,2023-10-23 20:15:00,False,20:15:00,2023-10-23
1906,2023-10-23 20:30:00,False,20:30:00,2023-10-23
1907,2023-10-23 20:45:00,False,20:45:00,2023-10-23
1908,2023-10-23 21:00:00,False,21:00:00,2023-10-23
1909,2023-10-23 21:15:00,False,21:15:00,2023-10-23
1910,2023-10-23 21:30:00,False,21:30:00,2023-10-23
1911,2023-10-23 21:45:00,False,21:45:00,2023-10-23
1912,2023-10-23 22:00:00,False,22:00:00,2023-10-23
1913,2023-10-23 22:15:00,False,22:15:00,2023-10-23
1914,2023-10-23 22:30:00,False,22:30:00,2023-10-23
1915,2023-10-23 22:45:00,False,22:45:00,2023-10-23
1916,2023-10-23 23:00:00,False,23:00:00,2023-10-23
1917,2023-10-23 23:15:00,False,23:15:00,2023-10-23
1918,2023-10-23 23:30:00,False,23:30:00,2023-10-23
1919,2023-10-23 23:45:00,False,23:45:00,2023-10-23
1920,2023-10-24 00:00:00,False,00:00:00,2023-10-24
1921,2023-10-24 00:15:00,False,00:15:00,2023-10-24
1922,2023-10-24 00:30:00,False,00:30:00,2023-10-24
1923,2023-10-24 00:45:00,False,00:45:00,2023-10-24
1924,2023-10-24 01:00:00,False,01:00:00,2023-10-24
1925,2023-10-24 01:15:00,False,01:15:00,2023-10-24
1926,2023-10-24 01:30:00,False,01:30:00,2023-10-24
1927,2023-10-24 01:45:00,False,01:45:00,2023-10-24
1928,2023-10-24 02:00:00,False,02:00:00,2023-10-24
1929,2023-10-24 02:15:00,False,02:15:00,2023-10-24
1930,2023-10-24 02:30:00,False,02:30:00,2023-10-24
1931,2023-10-24 02:45:00,False,02:45:00,2023-10-24
1932,2023-10-24 03:00:00,False,03:00:00,2023-10-24
1933,2023-10-24 03:15:00,False,03:15:00,2023-10-24
1934,2023-10-24 03:30:00,False,03:30:00,2023-10-24
1935,2023-10-24 03:45:00,False,03:45:00,2023-10-24
1936,2023-10-24 04:00:00,False,04:00:00,2023-10-24
1937,2023-10-24 04:15:00,False,04:15:00,2023-10-24
1938,2023-10-24 04:30:00,False,04:30:00,2023-10-24
1939,2023-10-24 04:45:00,False,04:45:00,2023-10-24
1940,2023-10-24 05:00:00,False,05:00:00,2023-10-24
1941,2023-10-24 05:15:00,False,05:15:00,2023-10-24
1942,2023-10-24 05:30:00,False,05:30:00,2023-10-24
1943,2023-10-24 05:45:00,False,05:45:00,2023-10-24
1944,2023-10-24 06:00:00,False,06:00:00,2023-10-24
1945,2023-10-24 06:15:00,False,06:15:00,2023-10-24
1946,2023-10-24 06:30:00,False,06:30:00,2023-10-24
1947,2023-10-24 06:45:00,False,06:45:00,2023-10-24
1948,2023-10-24 07:00:00,False,07:00:00,2023-10-24
1949,2023-10-24 07:15:00,False,07:15:00,2023-10-24
1950,2023-10-24 07:30:00,False,07:30:00,2023-10-24
1951,2023-10-24 07:45:00,False,07:45:00,2023-10-24
1952,2023-10-24 08:00:00,False,08:00:00,2023-10-24
1953,2023-10-24 08:15:00,False,08:15:00,2023-10-24
1954,2023-10-24 08:30:00,False,08:30:00,2023-10-24
1955,2023-10-24 08:45:00,False,08:45:00,2023-10-24
1956,2023-10-24 09:00:00,False,09:00:00,2023-10-24
1957,2023-10-24 09:15:00,False,09:15:00,2023-10-24
1958,2023-10-24 09:30:00,False,09:30:00,2023-10-24
1959,2023-10-24 09:45:00,False,09:45:00,2023-10-24
1960,2023-10-24 10:00:00,False,10:00:00,2023-10-24
1961,2023-10-24 10:15:00,False,10:15:00,2023-10-24
1962,2023-10-24 10:30:00,False,10:30:00,2023-10-24
1963,2023-10-24 10:45:00,False,10:45:00,2023-10-24
1964,2023-10-24 11:00:00,False,11:00:00,2023-10-24
1965,2023-10-24 11:15:00,False,11:15:00,2023-10-24
1966,2023-10-24 11:30:00,False,11:30:00,2023-10-24
1967,2023-10-24 11:45:00,False,11:45:00,2023-10-24
1968,2023-10-24 12:00:00,False,12:00:00,2023-10-24
1969,2023-10-24 12:15:00,False,12:15:00,2023-10-24
1970,2023-10-24 12:30:00,False,12:30:00,2023-10-24
1971,2023-10-24 12:45:00,False,12:45:00,2023-10-24
1972,2023-10-24 13:00:00,False,13:00:00,2023-10-24
1973,2023-10-24 13:15:00,False,13:15:00,2023-10-24
1974,2023-10-24 13:30:00,False,13:30:00,2023-10-24
1975,2023-10-24 13:45:00,False,13:45:00,2023-10-24
1976,2023-10-24 14:00:00,False,14:00:00,2023-10-24
1977,2023-10-24 14:15:00,False,14:15:00,2023-10-24
1978,2023-10-24 14:30:00,False,14:30:00,2023-10-24
1979,2023-10-24 14:45:00,False,14:45:00,2023-10-24
1980,2023-10-24 15:00:00,False,15:00:00,2023-10-24
1981,2023-10-24 15:15:00,False,15:15:00,2023-10-24
1982,2023-10-24 15:30:00,False,15:30:00,2023-10-24
1983,2023-10-24 15:45:00,False,15:45:00,2023-10-24
1984,2023-10-24 16:00:00,False,16:00:00,2023-10-24
1985,2023-10-24 16:15:00,False,16:15:00,2023-10-24
1986,2023-10-24 16:30:00,False,16:30:00,2023-10-24
1987,2023-10-24 16:45:00,False,16:45:00,2023-10-24
1988,2023-10-24 17:00:00,False,17:00:00,2023-10-24
1989,2023-10-24 17:15:00,False,17:15:00,2023-10-24
1990,2023-10-24 17:30:00,False,17:30:00,2023-10-24
1991,2023-10-24 17:45:00,False,17:45:00,2023-10-24
1992,2023-10-24 18:00:00,False,18:00:00,2023-10-24
1993,2023-10-24 18:15:00,False,18:15:00,2023-10-24
1994,2023-10-24 18:30:00,False,18:30:00,2023-10-24
1995,2023-10-24 18:45:00,True,18:45:00,2023-10-24
1996,2023-10-24 19:00:00,False,19:00:00,2023-10-24
1997,2023-10-24 19:15:00,False,19:15:00,2023-10-24
1998,2023-10-24 19:30:00,False,19:30:00,2023-10-24
1999,2023-10-24 19:45:00,False,19:45:00,2023-10-24
2000,2023-10-24 20:00:00,False,20:00:00,2023-10-24
2001,2023-10-24 20:15:00,False,20:15:00,2023-10-24
2002,2023-10-24 20:30:00,True,20:30:00,2023-10-24
2003,2023-10-24 20:45:00,False,20:45:00,2023-10-24
2004,2023-10-24 21:00:00,False,21:00:00,2023-10-24
2005,2023-10-24 21:15:00,False,21:15:00,2023-10-24
2006,2023-10-24 21:30:00,False,21:30:00,2023-10-24
2007,2023-10-24 21:45:00,False,21:45:00,2023-10-24
2008,2023-10-24 22:00:00,False,22:00:00,2023-10-24
2009,2023-10-24 22:15:00,False,22:15:00,2023-10-24
2010,2023-10-24 22:30:00,False,22:30:00,2023-10-24
2011,2023-10-24 22:45:00,False,22:45:00,2023-10-24
2012,2023-10-24 23:00:00,False,23:00:00,2023-10-24
2013,2023-10-24 23:15:00,False,23:15:00,2023-10-24
2014,2023-10-24 23:30:00,False,23:30:00,2023-10-24
2015,2023-10-24 23:45:00,False,23:45:00,2023-10-24
2016,2023-10-25 00:00:00,False,00:00:00,2023-10-25
2017,2023-10-25 00:15:00,False,00:15:00,2023-10-25
2018,2023-10-25 00:30:00,False,00:30:00,2023-10-25
2019,2023-10-25 00:45:00,False,00:45:00,2023-10-25
2020,2023-10-25 01:00:00,False,01:00:00,2023-10-25
2021,2023-10-25 01:15:00,False,01:15:00,2023-10-25
2022,2023-10-25 01:30:00,False,01:30:00,2023-10-25
2023,2023-10-25 01:45:00,False,01:45:00,2023-10-25
2024,2023-10-25 02:00:00,False,02:00:00,2023-10-25
2025,2023-10-25 02:15:00,False,02:15:00,2023-10-25
2026,2023-10-25 02:30:00,False,02:30:00,2023-10-25
2027,2023-10-25 02:45:00,False,02:45:00,2023-10-25
2028,2023-10-25 03:00:00,False,03:00:00,2023-10-25
2029,2023-10-25 03:15:00,False,03:15:00,2023-10-25
2030,2023-10-25 03:30:00,False,03:30:00,2023-10-25
2031,2023-10-25 03:45:00,False,03:45:00,2023-10-25
2032,2023-10-25 04:00:00,False,04:00:00,2023-10-25
2033,2023-10-25 04:15:00,False,04:15:00,2023-10-25
2034,2023-10-25 04:30:00,False,04:30:00,2023-10-25
2035,2023-10-25 04:45:00,False,04:45:00,2023-10-25
2036,2023-10-25 05:00:00,False,05:00:00,2023-10-25
2037,2023-10-25 05:15:00,False,05:15:00,2023-10-25
2038,2023-10-25 05:30:00,False,05:30:00,2023-10-25
2039,2023-10-25 05:45:00,False,05:45:00,2023-10-25
2040,2023-10-25 06:00:00,False,06:00:00,2023-10-25
2041,2023-10-25 06:15:00,False,06:15:00,2023-10-25
2042,2023-10-25 06:30:00,False,06:30:00,2023-10-25
2043,2023-10-25 06:45:00,False,06:45:00,2023-10-25
2044,2023-10-25 07:00:00,False,07:00:00,2023-10-25
2045,2023-10-25 07:15:00,False,07:15:00,2023-10-25
2046,2023-10-25 07:30:00,False,07:30:00,2023-10-25
2047,2023-10-25 07:45:00,False,07:45:00,2023-10-25
2048,2023-10-25 08:00:00,False,08:00:00,2023-10-25
2049,2023-10-25 08:15:00,False,08:15:00,2023-10-25
2050,2023-10-25 08:30:00,False,08:30:00,2023-10-25
2051,2023-10-25 08:45:00,False,08:45:00,2023-10-25
2052,2023-10-25 09:00:00,False,09:00:00,2023-10-25
2053,2023-10-25 09:15:00,False,09:15:00,2023-10-25
2054,2023-10-25 09:30:00,False,09:30:00,2023-10-25
2055,2023-10-25 09:45:00,False,09:45:00,2023-10-25
2056,2023-10-25 10:00:00,False,10:00:00,2023-10-25
2057,2023-10-25 10:15:00,False,10:15:00,2023-10-25
2058,2023-10-25 10:30:00,False,10:30:00,2023-10-25
2059,2023-10-25 10:45:00,False,10:45:00,2023-10-25
2060,2023-10-25 11:00:00,False,11:00:00,2023-10-25
2061,2023-10-25 11:15:00,False,11:15:00,2023-10-25
2062,2023-10-25 11:30:00,False,11:30:00,2023-10-25
2063,2023-10-25 11:45:00,False,11:45:00,2023-10-25
2064,2023-10-25 12:00:00,False,12:00:00,2023-10-25
2065,2023-10-25 12:15:00,False,12:15:00,2023-10-25
2066,2023-10-25 12:30:00,False,12:30:00,2023-10-25
2067,2023-10-25 12:45:00,False,12:45:00,2023-10-25
2068,2023-10-25 13:00:00,False,13:00:00,2023-10-25
2069,2023-10-25 13:15:00,False,13:15:00,2023-10-25
2070,2023-10-25 13:30:00,False,13:30:00,2023-10-25
2071,2023-10-25 13:45:00,False,13:45:00,2023-10-25
2072,2023-10-25 14:00:00,False,14:00:00,2023-10-25
2073,2023-10-25 14:15:00,False,14:15:00,2023-10-25
2074,2023-10-25 14:30:00,False,14:30:00,2023-10-25
2075,2023-10-25 14:45:00,False,14:45:00,2023-10-25
2076,2023-10-25 15:00:00,False,15:00:00,2023-10-25
2077,2023-10-25 15:15:00,False,15:15:00,2023-10-25
2078,2023-10-25 15:30:00,False,15:30:00,2023-10-25
2079,2023-10-25 15:45:00,False,15:45:00,2023-10-25
2080,2023-10-25 16:00:00,False,16:00:00,2023-10-25
2081,2023-10-25 16:15:00,False,16:15:00,2023-10-25
2082,2023-10-25 16:30:00,False,16:30:00,2023-10-25
2083,2023-10-25 16:45:00,False,16:45:00,2023-10-25
2084,2023-10-25 17:00:00,False,17:00:00,2023-10-25
2085,2023-10-25 17:15:00,False,17:15:00,2023-10-25
2086,2023-10-25 17:30:00,False,17:30:00,2023-10-25
2087,2023-10-25 17:45:00,False,17:45:00,2023-10-25
2088,2023-10-25 18:00:00,False,18:00:00,2023-10-25
2089,2023-10-25 18:15:00,False,18:15:00,2023-10-25
2090,2023-10-25 18:30:00,False,18:30:00,2023-10-25
2091,2023-10-25 18:45:00,False,18:45:00,2023-10-25
2092,2023-10-25 19:00:00,False,19:00:00,2023-10-25
2093,2023-10-25 19:15:00,False,19:15:00,2023-10-25
2094,2023-10-25 19:30:00,False,19:30:00,2023-10-25
2095,2023-10-25 19:45:00,False,19:45:00,2023-10-25
2096,2023-10-25 20:00:00,False,20:00:00,2023-10-25
2097,2023-10-25 20:15:00,False,20:15:00,2023-10-25
2098,2023-10-25 20:30:00,False,20:30:00,2023-10-25
2099,2023-10-25 20:45:00,False,20:45:00,2023-10-25
2100,2023-10-25 21:00:00,False,21:00:00,2023-10-25
2101,2023-10-25 21:15:00,False,21:15:00,2023-10-25
2102,2023-10-25 21:30:00,False,21:30:00,2023-10-25
2103,2023-10-25 21:45:00,False,21:45:00,2023-10-25
2104,2023-10-25 22:00:00,False,22:00:00,2023-10-25
2105,2023-10-25 22:15:00,False,22:15:00,2023-10-25
2106,2023-10-25 22:30:00,False,22:30:00,2023-10-25
2107,2023-10-25 22:45:00,False,22:45:00,2023-10-25
2108,2023-10-25 23:00:00,False,23:00:00,2023-10-25
2109,2023-10-25 23:15:00,False,23:15:00,2023-10-25
2110,2023-10-25 23:30:00,False,23:30:00,2023-10-25
2111,2023-10-25 23:45:00,False,23:45:00,2023-10-25
2112,2023-10-26 00:00:00,False,00:00:00,2023-10-26
2113,2023-10-26 00:15:00,False,00:15:00,2023-10-26
2114,2023-10-26 00:30:00,False,00:30:00,2023-10-26
2115,2023-10-26 00:45:00,False,00:45:00,2023-10-26
2116,2023-10-26 01:00:00,False,01:00:00,2023-10-26
2117,2023-10-26 01:15:00,False,01:15:00,2023-10-26
2118,2023-10-26 01:30:00,False,01:30:00,2023-10-26
2119,2023-10-26 01:45:00,False,01:45:00,2023-10-26
2120,2023-10-26 02:00:00,False,02:00:00,2023-10-26
2121,2023-10-26 02:15:00,False,02:15:00,2023-10-26
2122,2023-10-26 02:30:00,False,02:30:00,2023-10-26
2123,2023-10-26 02:45:00,False,02:45:00,2023-10-26
2124,2023-10-26 03:00:00,False,03:00:00,2023-10-26
2125,2023-10-26 03:15:00,False,03:15:00,2023-10-26
2126,2023-10-26 03:30:00,False,03:30:00,2023-10-26
2127,2023-10-26 03:45:00,False,03:45:00,2023-10-26
2128,2023-10-26 04:00:00,False,04:00:00,2023-10-26
2129,2023-10-26 04:15:00,False,04:15:00,2023-10-26
2130,2023-10-26 04:30:00,False,04:30:00,2023-10-26
2131,2023-10-26 04:45:00,False,04:45:00,2023-10-26
2132,2023-10-26 05:00:00,False,05:00:00,2023-10-26
2133,2023-10-26 05:15:00,False,05:15:00,2023-10-26
2134,2023-10-26 05:30:00,False,05:30:00,2023-10-26
2135,2023-10-26 05:45:00,False,05:45:00,2023-10-26
2136,2023-10-26 06:00:00,False,06:00:00,2023-10-26
2137,2023-10-26 06:15:00,False,06:15:00,2023-10-26
2138,2023-10-26 06:30:00,False,06:30:00,2023-10-26
2139,2023-10-26 06:45:00,False,06:45:00,2023-10-26
2140,2023-10-26 07:00:00,False,07:00:00,2023-10-26
2141,2023-10-26 07:15:00,False,07:15:00,2023-10-26
2142,2023-10-26 07:30:00,False,07:30:00,2023-10-26
2143,2023-10-26 07:45:00,False,07:45:00,2023-10-26
2144,2023-10-26 08:00:00,False,08:00:00,2023-10-26
2145,2023-10-26 08:15:00,False,08:15:00,2023-10-26
2146,2023-10-26 08:30:00,False,08:30:00,2023-10-26
2147,2023-10-26 08:45:00,False,08:45:00,2023-10-26
2148,2023-10-26 09:00:00,False,09:00:00,2023-10-26
2149,2023-10-26 09:15:00,False,09:15:00,2023-10-26
2150,2023-10-26 09:30:00,False,09:30:00,2023-10-26
2151,2023-10-26 09:45:00,False,09:45:00,2023-10-26
2152,2023-10-26 10:00:00,False,10:00:00,2023-10-26
2153,2023-10-26 10:15:00,False,10:15:00,2023-10-26
2154,2023-10-26 10:30:00,False,10:30:00,2023-10-26
2155,2023-10-26 10:45:00,False,10:45:00,2023-10-26
2156,2023-10-26 11:00:00,False,11:00:00,2023-10-26
2157,2023-10-26 11:15:00,False,11:15:00,2023-10-26
2158,2023-10-26 11:30:00,False,11:30:00,2023-10-26
2159,2023-10-26 11:45:00,False,11:45:00,2023-10-26
2160,2023-10-26 12:00:00,False,12:00:00,2023-10-26
2161,2023-10-26 12:15:00,False,12:15:00,2023-10-26
2162,2023-10-26 12:30:00,False,12:30:00,2023-10-26
2163,2023-10-26 12:45:00,False,12:45:00,2023-10-26
2164,2023-10-26 13:00:00,False,13:00:00,2023-10-26
2165,2023-10-26 13:15:00,False,13:15:00,2023-10-26
2166,2023-10-26 13:30:00,False,13:30:00,2023-10-26
2167,2023-10-26 13:45:00,False,13:45:00,2023-10-26
2168,2023-10-26 14:00:00,False,14:00:00,2023-10-26
2169,2023-10-26 14:15:00,False,14:15:00,2023-10-26
2170,2023-10-26 14:30:00,True,14:30:00,2023-10-26
2171,2023-10-26 14:45:00,True,14:45:00,2023-10-26
2172,2023-10-26 15:00:00,True,15:00:00,2023-10-26
2173,2023-10-26 15:15:00,True,15:15:00,2023-10-26
2174,2023-10-26 15:30:00,True,15:30:00,2023-10-26
2175,2023-10-26 15:45:00,True,15:45:00,2023-10-26
2176,2023-10-26 16:00:00,True,16:00:00,2023-10-26
2177,2023-10-26 16:15:00,True,16:15:00,2023-10-26
2178,2023-10-26 16:30:00,True,16:30:00,2023-10-26
2179,2023-10-26 16:45:00,True,16:45:00,2023-10-26
2180,2023-10-26 17:00:00,False,17:00:00,2023-10-26
2181,2023-10-26 17:15:00,False,17:15:00,2023-10-26
2182,2023-10-26 17:30:00,False,17:30:00,2023-10-26
2183,2023-10-26 17:45:00,False,17:45:00,2023-10-26
2184,2023-10-26 18:00:00,False,18:00:00,2023-10-26
2185,2023-10-26 18:15:00,False,18:15:00,2023-10-26
2186,2023-10-26 18:30:00,False,18:30:00,2023-10-26
2187,2023-10-26 18:45:00,False,18:45:00,2023-10-26
2188,2023-10-26 19:00:00,False,19:00:00,2023-10-26
2189,2023-10-26 19:15:00,False,19:15:00,2023-10-26
2190,2023-10-26 19:30:00,False,19:30:00,2023-10-26
2191,2023-10-26 19:45:00,False,19:45:00,2023-10-26
2192,2023-10-26 20:00:00,False,20:00:00,2023-10-26
2193,2023-10-26 20:15:00,False,20:15:00,2023-10-26
2194,2023-10-26 20:30:00,False,20:30:00,2023-10-26
2195,2023-10-26 20:45:00,False,20:45:00,2023-10-26
2196,2023-10-26 21:00:00,False,21:00:00,2023-10-26
2197,2023-10-26 21:15:00,False,21:15:00,2023-10-26
2198,2023-10-26 21:30:00,False,21:30:00,2023-10-26
2199,2023-10-26 21:45:00,False,21:45:00,2023-10-26
2200,2023-10-26 22:00:00,False,22:00:00,2023-10-26
2201,2023-10-26 22:15:00,False,22:15:00,2023-10-26
2202,2023-10-26 22:30:00,False,22:30:00,2023-10-26
2203,2023-10-26 22:45:00,False,22:45:00,2023-10-26
2204,2023-10-26 23:00:00,False,23:00:00,2023-10-26
2205,2023-10-26 23:15:00,False,23:15:00,2023-10-26
2206,2023-10-26 23:30:00,False,23:30:00,2023-10-26
2207,2023-10-26 23:45:00,False,23:45:00,2023-10-26
2208,2023-10-27 00:00:00,False,00:00:00,2023-10-27
2209,2023-10-27 00:15:00,False,00:15:00,2023-10-27
2210,2023-10-27 00:30:00,False,00:30:00,2023-10-27
2211,2023-10-27 00:45:00,False,00:45:00,2023-10-27
2212,2023-10-27 01:00:00,False,01:00:00,2023-10-27
2213,2023-10-27 01:15:00,False,01:15:00,2023-10-27
2214,2023-10-27 01:30:00,False,01:30:00,2023-10-27
2215,2023-10-27 01:45:00,False,01:45:00,2023-10-27
2216,2023-10-27 02:00:00,False,02:00:00,2023-10-27
2217,2023-10-27 02:15:00,False,02:15:00,2023-10-27
2218,2023-10-27 02:30:00,False,02:30:00,2023-10-27
2219,2023-10-27 02:45:00,False,02:45:00,2023-10-27
2220,2023-10-27 03:00:00,False,03:00:00,2023-10-27
2221,2023-10-27 03:15:00,False,03:15:00,2023-10-27
2222,2023-10-27 03:30:00,False,03:30:00,2023-10-27
2223,2023-10-27 03:45:00,False,03:45:00,2023-10-27
2224,2023-10-27 04:00:00,False,04:00:00,2023-10-27
2225,2023-10-27 04:15:00,False,04:15:00,2023-10-27
2226,2023-10-27 04:30:00,False,04:30:00,2023-10-27
2227,2023-10-27 04:45:00,False,04:45:00,2023-10-27
2228,2023-10-27 05:00:00,False,05:00:00,2023-10-27
2229,2023-10-27 05:15:00,False,05:15:00,2023-10-27
2230,2023-10-27 05:30:00,False,05:30:00,2023-10-27
2231,2023-10-27 05:45:00,False,05:45:00,2023-10-27
2232,2023-10-27 06:00:00,False,06:00:00,2023-10-27
2233,2023-10-27 06:15:00,False,06:15:00,2023-10-27
2234,2023-10-27 06:30:00,False,06:30:00,2023-10-27
2235,2023-10-27 06:45:00,False,06:45:00,2023-10-27
2236,2023-10-27 07:00:00,False,07:00:00,2023-10-27
2237,2023-10-27 07:15:00,False,07:15:00,2023-10-27
2238,2023-10-27 07:30:00,False,07:30:00,2023-10-27
2239,2023-10-27 07:45:00,False,07:45:00,2023-10-27
2240,2023-10-27 08:00:00,False,08:00:00,2023-10-27
2241,2023-10-27 08:15:00,False,08:15:00,2023-10-27
2242,2023-10-27 08:30:00,False,08:30:00,2023-10-27
2243,2023-10-27 08:45:00,False,08:45:00,2023-10-27
2244,2023-10-27 09:00:00,False,09:00:00,2023-10-27
2245,2023-10-27 09:15:00,False,09:15:00,2023-10-27
2246,2023-10-27 09:30:00,False,09:30:00,2023-10-27
2247,2023-10-27 09:45:00,False,09:45:00,2023-10-27
2248,2023-10-27 10:00:00,False,10:00:00,2023-10-27
2249,2023-10-27 10:15:00,False,10:15:00,2023-10-27
2250,2023-10-27 10:30:00,False,10:30:00,2023-10-27
2251,2023-10-27 10:45:00,False,10:45:00,2023-10-27
2252,2023-10-27 11:00:00,False,11:00:00,2023-10-27
2253,2023-10-27 11:15:00,False,11:15:00,2023-10-27
2254,2023-10-27 11:30:00,False,11:30:00,2023-10-27
2255,2023-10-27 11:45:00,False,11:45:00,2023-10-27
2256,2023-10-27 12:00:00,False,12:00:00,2023-10-27
2257,2023-10-27 12:15:00,False,12:15:00,2023-10-27
2258,2023-10-27 12:30:00,False,12:30:00,2023-10-27
2259,2023-10-27 12:45:00,False,12:45:00,2023-10-27
2260,2023-10-27 13:00:00,False,13:00:00,2023-10-27
2261,2023-10-27 13:15:00,False,13:15:00,2023-10-27
2262,2023-10-27 13:30:00,False,13:30:00,2023-10-27
2263,2023-10-27 13:45:00,False,13:45:00,2023-10-27
2264,2023-10-27 14:00:00,False,14:00:00,2023-10-27
2265,2023-10-27 14:15:00,False,14:15:00,2023-10-27
2266,2023-10-27 14:30:00,False,14:30:00,2023-10-27
2267,2023-10-27 14:45:00,False,14:45:00,2023-10-27
2268,2023-10-27 15:00:00,False,15:00:00,2023-10-27
2269,2023-10-27 15:15:00,False,15:15:00,2023-10-27
2270,2023-10-27 15:30:00,False,15:30:00,2023-10-27
2271,2023-10-27 15:45:00,False,15:45:00,2023-10-27
2272,2023-10-27 16:00:00,False,16:00:00,2023-10-27
2273,2023-10-27 16:15:00,False,16:15:00,2023-10-27
2274,2023-10-27 16:30:00,False,16:30:00,2023-10-27
2275,2023-10-27 16:45:00,False,16:45:00,2023-10-27
2276,2023-10-27 17:00:00,False,17:00:00,2023-10-27
2277,2023-10-27 17:15:00,False,17:15:00,2023-10-27
2278,2023-10-27 17:30:00,False,17:30:00,2023-10-27
2279,2023-10-27 17:45:00,False,17:45:00,2023-10-27
2280,2023-10-27 18:00:00,False,18:00:00,2023-10-27
2281,2023-10-27 18:15:00,False,18:15:00,2023-10-27
2282,2023-10-27 18:30:00,False,18:30:00,2023-10-27
2283,2023-10-27 18:45:00,False,18:45:00,2023-10-27
2284,2023-10-27 19:00:00,False,19:00:00,2023-10-27
2285,2023-10-27 19:15:00,False,19:15:00,2023-10-27
2286,2023-10-27 19:30:00,False,19:30:00,2023-10-27
2287,2023-10-27 19:45:00,False,19:45:00,2023-10-27
2288,2023-10-27 20:00:00,False,20:00:00,2023-10-27
2289,2023-10-27 20:15:00,False,20:15:00,2023-10-27
2290,2023-10-27 20:30:00,False,20:30:00,2023-10-27
2291,2023-10-27 20:45:00,True,20:45:00,2023-10-27
2292,2023-10-27 21:00:00,False,21:00:00,2023-10-27
2293,2023-10-27 21:15:00,False,21:15:00,2023-10-27
2294,2023-10-27 21:30:00,True,21:30:00,2023-10-27
2295,2023-10-27 21:45:00,True,21:45:00,2023-10-27
2296,2023-10-27 22:00:00,True,22:00:00,2023-10-27
2297,2023-10-27 22:15:00,True,22:15:00,2023-10-27
2298,2023-10-27 22:30:00,True,22:30:00,2023-10-27
2299,2023-10-27 22:45:00,True,22:45:00,2023-10-27
2300,2023-10-27 23:00:00,True,23:00:00,2023-10-27
2301,2023-10-27 23:15:00,True,23:15:00,2023-10-27
2302,2023-10-27 23:30:00,True,23:30:00,2023-10-27
2303,2023-10-27 23:45:00,True,23:45:00,2023-10-27
2304,2023-10-28 00:00:00,True,00:00:00,2023-10-28
2305,2023-10-28 00:15:00,False,00:15:00,2023-10-28
2306,2023-10-28 00:30:00,False,00:30:00,2023-10-28
2307,2023-10-28 00:45:00,False,00:45:00,2023-10-28
2308,2023-10-28 01:00:00,False,01:00:00,2023-10-28
2309,2023-10-28 01:15:00,False,01:15:00,2023-10-28
2310,2023-10-28 01:30:00,False,01:30:00,2023-10-28
2311,2023-10-28 01:45:00,False,01:45:00,2023-10-28
2312,2023-10-28 02:00:00,False,02:00:00,2023-10-28
2313,2023-10-28 02:15:00,False,02:15:00,2023-10-28
2314,2023-10-28 02:30:00,False,02:30:00,2023-10-28
2315,2023-10-28 02:45:00,False,02:45:00,2023-10-28
2316,2023-10-28 03:00:00,False,03:00:00,2023-10-28
2317,2023-10-28 03:15:00,False,03:15:00,2023-10-28
2318,2023-10-28 03:30:00,False,03:30:00,2023-10-28
2319,2023-10-28 03:45:00,False,03:45:00,2023-10-28
2320,2023-10-28 04:00:00,False,04:00:00,2023-10-28
2321,2023-10-28 04:15:00,False,04:15:00,2023-10-28
2322,2023-10-28 04:30:00,False,04:30:00,2023-10-28
2323,2023-10-28 04:45:00,False,04:45:00,2023-10-28
2324,2023-10-28 05:00:00,False,05:00:00,2023-10-28
2325,2023-10-28 05:15:00,False,05:15:00,2023-10-28
2326,2023-10-28 05:30:00,False,05:30:00,2023-10-28
2327,2023-10-28 05:45:00,False,05:45:00,2023-10-28
2328,2023-10-28 06:00:00,False,06:00:00,2023-10-28
2329,2023-10-28 06:15:00,False,06:15:00,2023-10-28
2330,2023-10-28 06:30:00,False,06:30:00,2023-10-28
2331,2023-10-28 06:45:00,False,06:45:00,2023-10-28
2332,2023-10-28 07:00:00,False,07:00:00,2023-10-28
2333,2023-10-28 07:15:00,False,07:15:00,2023-10-28
2334,2023-10-28 07:30:00,False,07:30:00,2023-10-28
2335,2023-10-28 07:45:00,False,07:45:00,2023-10-28
2336,2023-10-28 08:00:00,False,08:00:00,2023-10-28
2337,2023-10-28 08:15:00,False,08:15:00,2023-10-28
2338,2023-10-28 08:30:00,False,08:30:00,2023-10-28
2339,2023-10-28 08:45:00,False,08:45:00,2023-10-28
2340,2023-10-28 09:00:00,False,09:00:00,2023-10-28
2341,2023-10-28 09:15:00,False,09:15:00,2023-10-28
2342,2023-10-28 09:30:00,False,09:30:00,2023-10-28
2343,2023-10-28 09:45:00,False,09:45:00,2023-10-28
2344,2023-10-28 10:00:00,False,10:00:00,2023-10-28
2345,2023-10-28 10:15:00,False,10:15:00,2023-10-28
2346,2023-10-28 10:30:00,False,10:30:00,2023-10-28
2347,2023-10-28 10:45:00,False,10:45:00,2023-10-28
2348,2023-10-28 11:00:00,False,11:00:00,2023-10-28
2349,2023-10-28 11:15:00,False,11:15:00,2023-10-28
2350,2023-10-28 11:30:00,False,11:30:00,2023-10-28
2351,2023-10-28 11:45:00,False,11:45:00,2023-10-28
2352,2023-10-28 12:00:00,False,12:00:00,2023-10-28
2353,2023-10-28 12:15:00,False,12:15:00,2023-10-28
2354,2023-10-28 12:30:00,False,12:30:00,2023-10-28
2355,2023-10-28 12:45:00,False,12:45:00,2023-10-28
2356,2023-10-28 13:00:00,False,13:00:00,2023-10-28
2357,2023-10-28 13:15:00,False,13:15:00,2023-10-28
2358,2023-10-28 13:30:00,False,13:30:00,2023-10-28
2359,2023-10-28 13:45:00,False,13:45:00,2023-10-28
2360,2023-10-28 14:00:00,False,14:00:00,2023-10-28
2361,2023-10-28 14:15:00,True,14:15:00,2023-10-28
2362,2023-10-28 14:30:00,True,14:30:00,2023-10-28
2363,2023-10-28 14:45:00,True,14:45:00,2023-10-28
2364,2023-10-28 15:00:00,True,15:00:00,2023-10-28
2365,2023-10-28 15:15:00,False,15:15:00,2023-10-28
2366,2023-10-28 15:30:00,False,15:30:00,2023-10-28
2367,2023-10-28 15:45:00,False,15:45:00,2023-10-28
2368,2023-10-28 16:00:00,False,16:00:00,2023-10-28
2369,2023-10-28 16:15:00,False,16:15:00,2023-10-28
2370,2023-10-28 16:30:00,False,16:30:00,2023-10-28
2371,2023-10-28 16:45:00,False,16:45:00,2023-10-28
2372,2023-10-28 17:00:00,False,17:00:00,2023-10-28
2373,2023-10-28 17:15:00,False,17:15:00,2023-10-28
2374,2023-10-28 17:30:00,False,17:30:00,2023-10-28
2375,2023-10-28 17:45:00,False,17:45:00,2023-10-28
2376,2023-10-28 18:00:00,False,18:00:00,2023-10-28
2377,2023-10-28 18:15:00,False,18:15:00,2023-10-28
2378,2023-10-28 18:30:00,False,18:30:00,2023-10-28
2379,2023-10-28 18:45:00,False,18:45:00,2023-10-28
2380,2023-10-28 19:00:00,False,19:00:00,2023-10-28
2381,2023-10-28 19:15:00,False,19:15:00,2023-10-28
2382,2023-10-28 19:30:00,False,19:30:00,2023-10-28
2383,2023-10-28 19:45:00,False,19:45:00,2023-10-28
2384,2023-10-28 20:00:00,False,20:00:00,2023-10-28
2385,2023-10-28 20:15:00,False,20:15:00,2023-10-28
2386,2023-10-28 20:30:00,False,20:30:00,2023-10-28
2387,2023-10-28 20:45:00,False,20:45:00,2023-10-28
2388,2023-10-28 21:00:00,False,21:00:00,2023-10-28
2389,2023-10-28 21:15:00,False,21:15:00,2023-10-28
2390,2023-10-28 21:30:00,False,21:30:00,2023-10-28
2391,2023-10-28 21:45:00,False,21:45:00,2023-10-28
2392,2023-10-28 22:00:00,False,22:00:00,2023-10-28
2393,2023-10-28 22:15:00,False,22:15:00,2023-10-28
2394,2023-10-28 22:30:00,False,22:30:00,2023-10-28
2395,2023-10-28 22:45:00,False,22:45:00,2023-10-28
2396,2023-10-28 23:00:00,False,23:00:00,2023-10-28
2397,2023-10-28 23:15:00,False,23:15:00,2023-10-28
2398,2023-10-28 23:30:00,False,23:30:00,2023-10-28
2399,2023-10-28 23:45:00,False,23:45:00,2023-10-28
2400,2023-10-29 00:00:00,False,00:00:00,2023-10-29
2401,2023-10-29 00:15:00,False,00:15:00,2023-10-29
2402,2023-10-29 00:30:00,False,00:30:00,2023-10-29
2403,2023-10-29 00:45:00,False,00:45:00,2023-10-29
2404,2023-10-29 01:00:00,False,01:00:00,2023-10-29
2405,2023-10-29 01:15:00,False,01:15:00,2023-10-29
2406,2023-10-29 01:30:00,False,01:30:00,2023-10-29
2407,2023-10-29 01:45:00,False,01:45:00,2023-10-29
2408,2023-10-29 02:00:00,False,02:00:00,2023-10-29
2409,2023-10-29 02:15:00,False,02:15:00,2023-10-29
2410,2023-10-29 02:30:00,False,02:30:00,2023-10-29
2411,2023-10-29 02:45:00,False,02:45:00,2023-10-29
2412,2023-10-29 03:00:00,False,03:00:00,2023-10-29
2413,2023-10-29 03:15:00,False,03:15:00,2023-10-29
2414,2023-10-29 03:30:00,False,03:30:00,2023-10-29
2415,2023-10-29 03:45:00,False,03:45:00,2023-10-29
2416,2023-10-29 04:00:00,False,04:00:00,2023-10-29
2417,2023-10-29 04:15:00,False,04:15:00,2023-10-29
2418,2023-10-29 04:30:00,False,04:30:00,2023-10-29
2419,2023-10-29 04:45:00,False,04:45:00,2023-10-29
2420,2023-10-29 05:00:00,False,05:00:00,2023-10-29
2421,2023-10-29 05:15:00,False,05:15:00,2023-10-29
2422,2023-10-29 05:30:00,False,05:30:00,2023-10-29
2423,2023-10-29 05:45:00,False,05:45:00,2023-10-29
2424,2023-10-29 06:00:00,False,06:00:00,2023-10-29
2425,2023-10-29 06:15:00,False,06:15:00,2023-10-29
2426,2023-10-29 06:30:00,False,06:30:00,2023-10-29
2427,2023-10-29 06:45:00,False,06:45:00,2023-10-29
2428,2023-10-29 07:00:00,False,07:00:00,2023-10-29
2429,2023-10-29 07:15:00,False,07:15:00,2023-10-29
2430,2023-10-29 07:30:00,False,07:30:00,2023-10-29
2431,2023-10-29 07:45:00,False,07:45:00,2023-10-29
2432,2023-10-29 08:00:00,False,08:00:00,2023-10-29
2433,2023-10-29 08:15:00,True,08:15:00,2023-10-29
2434,2023-10-29 08:30:00,True,08:30:00,2023-10-29
2435,2023-10-29 08:45:00,True,08:45:00,2023-10-29
2436,2023-10-29 09:00:00,True,09:00:00,2023-10-29
2437,2023-10-29 09:15:00,True,09:15:00,2023-10-29
2438,2023-10-29 09:30:00,True,09:30:00,2023-10-29
2439,2023-10-29 09:45:00,False,09:45:00,2023-10-29
2440,2023-10-29 10:00:00,False,10:00:00,2023-10-29
2441,2023-10-29 10:15:00,False,10:15:00,2023-10-29
2442,2023-10-29 10:30:00,False,10:30:00,2023-10-29
2443,2023-10-29 10:45:00,False,10:45:00,2023-10-29
2444,2023-10-29 11:00:00,False,11:00:00,2023-10-29
2445,2023-10-29 11:15:00,False,11:15:00,2023-10-29
2446,2023-10-29 11:30:00,False,11:30:00,2023-10-29
2447,2023-10-29 11:45:00,False,11:45:00,2023-10-29
2448,2023-10-29 12:00:00,False,12:00:00,2023-10-29
2449,2023-10-29 12:15:00,False,12:15:00,2023-10-29
2450,2023-10-29 12:30:00,False,12:30:00,2023-10-29
2451,2023-10-29 12:45:00,False,12:45:00,2023-10-29
2452,2023-10-29 13:00:00,False,13:00:00,2023-10-29
2453,2023-10-29 13:15:00,False,13:15:00,2023-10-29
2454,2023-10-29 13:30:00,False,13:30:00,2023-10-29
2455,2023-10-29 13:45:00,False,13:45:00,2023-10-29
2456,2023-10-29 14:00:00,False,14:00:00,2023-10-29
2457,2023-10-29 14:15:00,False,14:15:00,2023-10-29
2458,2023-10-29 14:30:00,False,14:30:00,2023-10-29
2459,2023-10-29 14:45:00,False,14:45:00,2023-10-29
2460,2023-10-29 15:00:00,False,15:00:00,2023-10-29
2461,2023-10-29 15:15:00,False,15:15:00,2023-10-29
2462,2023-10-29 15:30:00,False,15:30:00,2023-10-29
2463,2023-10-29 15:45:00,False,15:45:00,2023-10-29
2464,2023-10-29 16:00:00,False,16:00:00,2023-10-29
2465,2023-10-29 16:15:00,False,16:15:00,2023-10-29
2466,2023-10-29 16:30:00,False,16:30:00,2023-10-29
2467,2023-10-29 16:45:00,False,16:45:00,2023-10-29
2468,2023-10-29 17:00:00,False,17:00:00,2023-10-29
2469,2023-10-29 17:15:00,False,17:15:00,2023-10-29
2470,2023-10-29 17:30:00,False,17:30:00,2023-10-29
2471,2023-10-29 17:45:00,False,17:45:00,2023-10-29
2472,2023-10-29 18:00:00,False,18:00:00,2023-10-29
2473,2023-10-29 18:15:00,False,18:15:00,2023-10-29
2474,2023-10-29 18:30:00,False,18:30:00,2023-10-29
2475,2023-10-29 18:45:00,False,18:45:00,2023-10-29
2476,2023-10-29 19:00:00,False,19:00:00,2023-10-29
2477,2023-10-29 19:15:00,False,19:15:00,2023-10-29
2478,2023-10-29 19:30:00,False,19:30:00,2023-10-29
2479,2023-10-29 19:45:00,False,19:45:00,2023-10-29
2480,2023-10-29 20:00:00,False,20:00:00,2023-10-29
2481,2023-10-29 20:15:00,False,20:15:00,2023-10-29
2482,2023-10-29 20:30:00,False,20:30:00,2023-10-29
2483,2023-10-29 20:45:00,False,20:45:00,2023-10-29
2484,2023-10-29 21:00:00,False,21:00:00,2023-10-29
2485,2023-10-29 21:15:00,False,21:15:00,2023-10-29
2486,2023-10-29 21:30:00,False,21:30:00,2023-10-29
2487,2023-10-29 21:45:00,False,21:45:00,2023-10-29
2488,2023-10-29 22:00:00,False,22:00:00,2023-10-29
2489,2023-10-29 22:15:00,False,22:15:00,2023-10-29
2490,2023-10-29 22:30:00,False,22:30:00,2023-10-29
2491,2023-10-29 22:45:00,False,22:45:00,2023-10-29
2492,2023-10-29 23:00:00,False,23:00:00,2023-10-29
2493,2023-10-29 23:15:00,False,23:15:00,2023-10-29
2494,2023-10-29 23:30:00,False,23:30:00,2023-10-29
2495,2023-10-29 23:45:00,False,23:45:00,2023-10-29
2496,2023-10-30 00:00:00,False,00:00:00,2023-10-30
2497,2023-10-30 00:15:00,False,00:15:00,2023-10-30
2498,2023-10-30 00:30:00,False,00:30:00,2023-10-30
2499,2023-10-30 00:45:00,False,00:45:00,2023-10-30
2500,2023-10-30 01:00:00,False,01:00:00,2023-10-30
2501,2023-10-30 01:15:00,False,01:15:00,2023-10-30
2502,2023-10-30 01:30:00,False,01:30:00,2023-10-30
2503,2023-10-30 01:45:00,False,01:45:00,2023-10-30
2504,2023-10-30 02:00:00,False,02:00:00,2023-10-30
2505,2023-10-30 02:15:00,False,02:15:00,2023-10-30
2506,2023-10-30 02:30:00,False,02:30:00,2023-10-30
2507,2023-10-30 02:45:00,False,02:45:00,2023-10-30
2508,2023-10-30 03:00:00,False,03:00:00,2023-10-30
2509,2023-10-30 03:15:00,False,03:15:00,2023-10-30
2510,2023-10-30 03:30:00,False,03:30:00,2023-10-30
2511,2023-10-30 03:45:00,False,03:45:00,2023-10-30
2512,2023-10-30 04:00:00,False,04:00:00,2023-10-30
2513,2023-10-30 04:15:00,False,04:15:00,2023-10-30
2514,2023-10-30 04:30:00,False,04:30:00,2023-10-30
2515,2023-10-30 04:45:00,False,04:45:00,2023-10-30
2516,2023-10-30 05:00:00,False,05:00:00,2023-10-30
2517,2023-10-30 05:15:00,False,05:15:00,2023-10-30
2518,2023-10-30 05:30:00,False,05:30:00,2023-10-30
2519,2023-10-30 05:45:00,False,05:45:00,2023-10-30
2520,2023-10-30 06:00:00,False,06:00:00,2023-10-30
2521,2023-10-30 06:15:00,False,06:15:00,2023-10-30
2522,2023-10-30 06:30:00,False,06:30:00,2023-10-30
2523,2023-10-30 06:45:00,False,06:45:00,2023-10-30
2524,2023-10-30 07:00:00,False,07:00:00,2023-10-30
2525,2023-10-30 07:15:00,False,07:15:00,2023-10-30
2526,2023-10-30 07:30:00,False,07:30:00,2023-10-30
2527,2023-10-30 07:45:00,False,07:45:00,2023-10-30
2528,2023-10-30 08:00:00,False,08:00:00,2023-10-30
2529,2023-10-30 08:15:00,False,08:15:00,2023-10-30
2530,2023-10-30 08:30:00,False,08:30:00,2023-10-30
2531,2023-10-30 08:45:00,False,08:45:00,2023-10-30
2532,2023-10-30 09:00:00,False,09:00:00,2023-10-30
2533,2023-10-30 09:15:00,False,09:15:00,2023-10-30
2534,2023-10-30 09:30:00,False,09:30:00,2023-10-30
2535,2023-10-30 09:45:00,False,09:45:00,2023-10-30
2536,2023-10-30 10:00:00,False,10:00:00,2023-10-30
2537,2023-10-30 10:15:00,False,10:15:00,2023-10-30
2538,2023-10-30 10:30:00,False,10:30:00,2023-10-30
2539,2023-10-30 10:45:00,False,10:45:00,2023-10-30
2540,2023-10-30 11:00:00,False,11:00:00,2023-10-30
2541,2023-10-30 11:15:00,False,11:15:00,2023-10-30
2542,2023-10-30 11:30:00,False,11:30:00,2023-10-30
2543,2023-10-30 11:45:00,False,11:45:00,2023-10-30
2544,2023-10-30 12:00:00,False,12:00:00,2023-10-30
2545,2023-10-30 12:15:00,False,12:15:00,2023-10-30
2546,2023-10-30 12:30:00,False,12:30:00,2023-10-30
2547,2023-10-30 12:45:00,False,12:45:00,2023-10-30
2548,2023-10-30 13:00:00,False,13:00:00,2023-10-30
2549,2023-10-30 13:15:00,False,13:15:00,2023-10-30
2550,2023-10-30 13:30:00,False,13:30:00,2023-10-30
2551,2023-10-30 13:45:00,False,13:45:00,2023-10-30
2552,2023-10-30 14:00:00,False,14:00:00,2023-10-30
2553,2023-10-30 14:15:00,False,14:15:00,2023-10-30
2554,2023-10-30 14:30:00,False,14:30:00,2023-10-30
2555,2023-10-30 14:45:00,False,14:45:00,2023-10-30
2556,2023-10-30 15:00:00,False,15:00:00,2023-10-30
2557,2023-10-30 15:15:00,False,15:15:00,2023-10-30
2558,2023-10-30 15:30:00,False,15:30:00,2023-10-30
2559,2023-10-30 15:45:00,False,15:45:00,2023-10-30
2560,2023-10-30 16:00:00,False,16:00:00,2023-10-30
2561,2023-10-30 16:15:00,False,16:15:00,2023-10-30
2562,2023-10-30 16:30:00,False,16:30:00,2023-10-30
2563,2023-10-30 16:45:00,False,16:45:00,2023-10-30
2564,2023-10-30 17:00:00,False,17:00:00,2023-10-30
2565,2023-10-30 17:15:00,False,17:15:00,2023-10-30
2566,2023-10-30 17:30:00,False,17:30:00,2023-10-30
2567,2023-10-30 17:45:00,False,17:45:00,2023-10-30
2568,2023-10-30 18:00:00,False,18:00:00,2023-10-30
2569,2023-10-30 18:15:00,False,18:15:00,2023-10-30
2570,2023-10-30 18:30:00,False,18:30:00,2023-10-30
2571,2023-10-30 18:45:00,False,18:45:00,2023-10-30
2572,2023-10-30 19:00:00,False,19:00:00,2023-10-30
2573,2023-10-30 19:15:00,False,19:15:00,2023-10-30
2574,2023-10-30 19:30:00,False,19:30:00,2023-10-30
2575,2023-10-30 19:45:00,False,19:45:00,2023-10-30
2576,2023-10-30 20:00:00,False,20:00:00,2023-10-30
2577,2023-10-30 20:15:00,False,20:15:00,2023-10-30
2578,2023-10-30 20:30:00,False,20:30:00,2023-10-30
2579,2023-10-30 20:45:00,False,20:45:00,2023-10-30
2580,2023-10-30 21:00:00,False,21:00:00,2023-10-30
2581,2023-10-30 21:15:00,False,21:15:00,2023-10-30
2582,2023-10-30 21:30:00,False,21:30:00,2023-10-30
2583,2023-10-30 21:45:00,False,21:45:00,2023-10-30
2584,2023-10-30 22:00:00,False,22:00:00,2023-10-30
2585,2023-10-30 22:15:00,False,22:15:00,2023-10-30
2586,2023-10-30 22:30:00,False,22:30:00,2023-10-30
2587,2023-10-30 22:45:00,False,22:45:00,2023-10-30
2588,2023-10-30 23:00:00,False,23:00:00,2023-10-30
2589,2023-10-30 23:15:00,False,23:15:00,2023-10-30
2590,2023-10-30 23:30:00,False,23:30:00,2023-10-30
2591,2023-10-30 23:45:00,False,23:45:00,2023-10-30
2592,2023-10-31 00:00:00,False,00:00:00,2023-10-31
2593,2023-10-31 00:15:00,False,00:15:00,2023-10-31
2594,2023-10-31 00:30:00,False,00:30:00,2023-10-31
2595,2023-10-31 00:45:00,False,00:45:00,2023-10-31
2596,2023-10-31 01:00:00,False,01:00:00,2023-10-31
2597,2023-10-31 01:15:00,False,01:15:00,2023-10-31
2598,2023-10-31 01:30:00,False,01:30:00,2023-10-31
2599,2023-10-31 01:45:00,False,01:45:00,2023-10-31
2600,2023-10-31 02:00:00,False,02:00:00,2023-10-31
2601,2023-10-31 02:15:00,False,02:15:00,2023-10-31
2602,2023-10-31 02:30:00,False,02:30:00,2023-10-31
2603,2023-10-31 02:45:00,False,02:45:00,2023-10-31
2604,2023-10-31 03:00:00,False,03:00:00,2023-10-31
2605,2023-10-31 03:15:00,False,03:15:00,2023-10-31
2606,2023-10-31 03:30:00,False,03:30:00,2023-10-31
2607,2023-10-31 03:45:00,False,03:45:00,2023-10-31
2608,2023-10-31 04:00:00,False,04:00:00,2023-10-31
2609,2023-10-31 04:15:00,False,04:15:00,2023-10-31
2610,2023-10-31 04:30:00,False,04:30:00,2023-10-31
2611,2023-10-31 04:45:00,False,04:45:00,2023-10-31
2612,2023-10-31 05:00:00,False,05:00:00,2023-10-31
2613,2023-10-31 05:15:00,False,05:15:00,2023-10-31
2614,2023-10-31 05:30:00,False,05:30:00,2023-10-31
2615,2023-10-31 05:45:00,False,05:45:00,2023-10-31
2616,2023-10-31 06:00:00,False,06:00:00,2023-10-31
2617,2023-10-31 06:15:00,False,06:15:00,2023-10-31
2618,2023-10-31 06:30:00,False,06:30:00,2023-10-31
2619,2023-10-31 06:45:00,False,06:45:00,2023-10-31
2620,2023-10-31 07:00:00,False,07:00:00,2023-10-31
2621,2023-10-31 07:15:00,False,07:15:00,2023-10-31
2622,2023-10-31 07:30:00,False,07:30:00,2023-10-31
2623,2023-10-31 07:45:00,False,07:45:00,2023-10-31
2624,2023-10-31 08:00:00,False,08:00:00,2023-10-31
2625,2023-10-31 08:15:00,False,08:15:00,2023-10-31
2626,2023-10-31 08:30:00,False,08:30:00,2023-10-31
2627,2023-10-31 08:45:00,False,08:45:00,2023-10-31
2628,2023-10-31 09:00:00,False,09:00:00,2023-10-31
2629,2023-10-31 09:15:00,False,09:15:00,2023-10-31
2630,2023-10-31 09:30:00,False,09:30:00,2023-10-31
2631,2023-10-31 09:45:00,False,09:45:00,2023-10-31
2632,2023-10-31 10:00:00,False,10:00:00,2023-10-31
2633,2023-10-31 10:15:00,False,10:15:00,2023-10-31
2634,2023-10-31 10:30:00,False,10:30:00,2023-10-31
2635,2023-10-31 10:45:00,False,10:45:00,2023-10-31
2636,2023-10-31 11:00:00,False,11:00:00,2023-10-31
2637,2023-10-31 11:15:00,False,11:15:00,2023-10-31
2638,2023-10-31 11:30:00,False,11:30:00,2023-10-31
2639,2023-10-31 11:45:00,False,11:45:00,2023-10-31
2640,2023-10-31 12:00:00,False,12:00:00,2023-10-31
2641,2023-10-31 12:15:00,False,12:15:00,2023-10-31
2642,2023-10-31 12:30:00,False,12:30:00,2023-10-31
2643,2023-10-31 12:45:00,False,12:45:00,2023-10-31
2644,2023-10-31 13:00:00,False,13:00:00,2023-10-31
2645,2023-10-31 13:15:00,False,13:15:00,2023-10-31
2646,2023-10-31 13:30:00,False,13:30:00,2023-10-31
2647,2023-10-31 13:45:00,False,13:45:00,2023-10-31
2648,2023-10-31 14:00:00,False,14:00:00,2023-10-31
2649,2023-10-31 14:15:00,False,14:15:00,2023-10-31
2650,2023-10-31 14:30:00,False,14:30:00,2023-10-31
2651,2023-10-31 14:45:00,False,14:45:00,2023-10-31
2652,2023-10-31 15:00:00,False,15:00:00,2023-10-31
2653,2023-10-31 15:15:00,False,15:15:00,2023-10-31
2654,2023-10-31 15:30:00,False,15:30:00,2023-10-31
2655,2023-10-31 15:45:00,False,15:45:00,2023-10-31
2656,2023-10-31 16:00:00,False,16:00:00,2023-10-31
2657,2023-10-31 16:15:00,False,16:15:00,2023-10-31
2658,2023-10-31 16:30:00,False,16:30:00,2023-10-31
2659,2023-10-31 16:45:00,False,16:45:00,2023-10-31
2660,2023-10-31 17:00:00,False,17:00:00,2023-10-31
2661,2023-10-31 17:15:00,False,17:15:00,2023-10-31
2662,2023-10-31 17:30:00,False,17:30:00,2023-10-31
2663,2023-10-31 17:45:00,False,17:45:00,2023-10-31
2664,2023-10-31 18:00:00,False,18:00:00,2023-10-31
2665,2023-10-31 18:15:00,False,18:15:00,2023-10-31
2666,2023-10-31 18:30:00,False,18:30:00,2023-10-31
2667,2023-10-31 18:45:00,False,18:45:00,2023-10-31
2668,2023-10-31 19:00:00,False,19:00:00,2023-10-31
2669,2023-10-31 19:15:00,False,19:15:00,2023-10-31
2670,2023-10-31 19:30:00,False,19:30:00,2023-10-31
2671,2023-10-31 19:45:00,False,19:45:00,2023-10-31
2672,2023-10-31 20:00:00,False,20:00:00,2023-10-31
2673,2023-10-31 20:15:00,False,20:15:00,2023-10-31
2674,2023-10-31 20:30:00,False,20:30:00,2023-10-31
2675,2023-10-31 20:45:00,False,20:45:00,2023-10-31
2676,2023-10-31 21:00:00,False,21:00:00,2023-10-31
2677,2023-10-31 21:15:00,False,21:15:00,2023-10-31
2678,2023-10-31 21:30:00,False,21:30:00,2023-10-31
2679,2023-10-31 21:45:00,False,21:45:00,2023-10-31
2680,2023-10-31 22:00:00,False,22:00:00,2023-10-31
2681,2023-10-31 22:15:00,False,22:15:00,2023-10-31
2682,2023-10-31 22:30:00,False,22:30:00,2023-10-31
2683,2023-10-31 22:45:00,False,22:45:00,2023-10-31
2684,2023-10-31 23:00:00,False,23:00:00,2023-10-31
2685,2023-10-31 23:15:00,False,23:15:00,2023-10-31
2686,2023-10-31 23:30:00,False,23:30:00,2023-10-31
2687,2023-10-31 23:45:00,False,23:45:00,2023-10-31
2688,2023-11-01 00:00:00,False,00:00:00,2023-11-01
2689,2023-11-01 00:15:00,False,00:15:00,2023-11-01
2690,2023-11-01 00:30:00,False,00:30:00,2023-11-01
2691,2023-11-01 00:45:00,False,00:45:00,2023-11-01
2692,2023-11-01 01:00:00,False,01:00:00,2023-11-01
2693,2023-11-01 01:15:00,False,01:15:00,2023-11-01
2694,2023-11-01 01:30:00,False,01:30:00,2023-11-01
2695,2023-11-01 01:45:00,False,01:45:00,2023-11-01
2696,2023-11-01 02:00:00,False,02:00:00,2023-11-01
2697,2023-11-01 02:15:00,False,02:15:00,2023-11-01
2698,2023-11-01 02:30:00,False,02:30:00,2023-11-01
2699,2023-11-01 02:45:00,False,02:45:00,2023-11-01
2700,2023-11-01 03:00:00,False,03:00:00,2023-11-01
2701,2023-11-01 03:15:00,False,03:15:00,2023-11-01
2702,2023-11-01 03:30:00,False,03:30:00,2023-11-01
2703,2023-11-01 03:45:00,False,03:45:00,2023-11-01
2704,2023-11-01 04:00:00,False,04:00:00,2023-11-01
2705,2023-11-01 04:15:00,False,04:15:00,2023-11-01
2706,2023-11-01 04:30:00,False,04:30:00,2023-11-01
2707,2023-11-01 04:45:00,False,04:45:00,2023-11-01
2708,2023-11-01 05:00:00,False,05:00:00,2023-11-01
2709,2023-11-01 05:15:00,False,05:15:00,2023-11-01
2710,2023-11-01 05:30:00,False,05:30:00,2023-11-01
2711,2023-11-01 05:45:00,False,05:45:00,2023-11-01
2712,2023-11-01 06:00:00,False,06:00:00,2023-11-01
2713,2023-11-01 06:15:00,False,06:15:00,2023-11-01
2714,2023-11-01 06:30:00,False,06:30:00,2023-11-01
2715,2023-11-01 06:45:00,False,06:45:00,2023-11-01
2716,2023-11-01 07:00:00,False,07:00:00,2023-11-01
2717,2023-11-01 07:15:00,False,07:15:00,2023-11-01
2718,2023-11-01 07:30:00,False,07:30:00,2023-11-01
2719,2023-11-01 07:45:00,False,07:45:00,2023-11-01
2720,2023-11-01 08:00:00,False,08:00:00,2023-11-01
2721,2023-11-01 08:15:00,False,08:15:00,2023-11-01
2722,2023-11-01 08:30:00,False,08:30:00,2023-11-01
2723,2023-11-01 08:45:00,False,08:45:00,2023-11-01
2724,2023-11-01 09:00:00,False,09:00:00,2023-11-01
2725,2023-11-01 09:15:00,False,09:15:00,2023-11-01
2726,2023-11-01 09:30:00,False,09:30:00,2023-11-01
2727,2023-11-01 09:45:00,False,09:45:00,2023-11-01
2728,2023-11-01 10:00:00,False,10:00:00,2023-11-01
2729,2023-11-01 10:15:00,False,10:15:00,2023-11-01
2730,2023-11-01 10:30:00,False,10:30:00,2023-11-01
2731,2023-11-01 10:45:00,False,10:45:00,2023-11-01
2732,2023-11-01 11:00:00,False,11:00:00,2023-11-01
2733,2023-11-01 11:15:00,False,11:15:00,2023-11-01
2734,2023-11-01 11:30:00,False,11:30:00,2023-11-01
2735,2023-11-01 11:45:00,False,11:45:00,2023-11-01
2736,2023-11-01 12:00:00,False,12:00:00,2023-11-01
2737,2023-11-01 12:15:00,False,12:15:00,2023-11-01
2738,2023-11-01 12:30:00,False,12:30:00,2023-11-01
2739,2023-11-01 12:45:00,False,12:45:00,2023-11-01
2740,2023-11-01 13:00:00,False,13:00:00,2023-11-01
2741,2023-11-01 13:15:00,False,13:15:00,2023-11-01
2742,2023-11-01 13:30:00,False,13:30:00,2023-11-01
2743,2023-11-01 13:45:00,False,13:45:00,2023-11-01
2744,2023-11-01 14:00:00,False,14:00:00,2023-11-01
2745,2023-11-01 14:15:00,False,14:15:00,2023-11-01
2746,2023-11-01 14:30:00,False,14:30:00,2023-11-01
2747,2023-11-01 14:45:00,False,14:45:00,2023-11-01
2748,2023-11-01 15:00:00,False,15:00:00,2023-11-01
2749,2023-11-01 15:15:00,False,15:15:00,2023-11-01
2750,2023-11-01 15:30:00,False,15:30:00,2023-11-01
2751,2023-11-01 15:45:00,False,15:45:00,2023-11-01
2752,2023-11-01 16:00:00,False,16:00:00,2023-11-01
2753,2023-11-01 16:15:00,False,16:15:00,2023-11-01
2754,2023-11-01 16:30:00,False,16:30:00,2023-11-01
2755,2023-11-01 16:45:00,False,16:45:00,2023-11-01
2756,2023-11-01 17:00:00,False,17:00:00,2023-11-01
2757,2023-11-01 17:15:00,False,17:15:00,2023-11-01
2758,2023-11-01 17:30:00,False,17:30:00,2023-11-01
2759,2023-11-01 17:45:00,True,17:45:00,2023-11-01
2760,2023-11-01 18:00:00,True,18:00:00,2023-11-01
2761,2023-11-01 18:15:00,True,18:15:00,2023-11-01
2762,2023-11-01 18:30:00,True,18:30:00,2023-11-01
2763,2023-11-01 18:45:00,True,18:45:00,2023-11-01
2764,2023-11-01 19:00:00,True,19:00:00,2023-11-01
2765,2023-11-01 19:15:00,True,19:15:00,2023-11-01
2766,2023-11-01 19:30:00,True,19:30:00,2023-11-01
2767,2023-11-01 19:45:00,False,19:45:00,2023-11-01
2768,2023-11-01 20:00:00,False,20:00:00,2023-11-01
2769,2023-11-01 20:15:00,True,20:15:00,2023-11-01
2770,2023-11-01 20:30:00,True,20:30:00,2023-11-01
2771,2023-11-01 20:45:00,True,20:45:00,2023-11-01
2772,2023-11-01 21:00:00,True,21:00:00,2023-11-01
2773,2023-11-01 21:15:00,True,21:15:00,2023-11-01
2774,2023-11-01 21:30:00,True,21:30:00,2023-11-01
2775,2023-11-01 21:45:00,False,21:45:00,2023-11-01
2776,2023-11-01 22:00:00,False,22:00:00,2023-11-01
2777,2023-11-01 22:15:00,False,22:15:00,2023-11-01
2778,2023-11-01 22:30:00,False,22:30:00,2023-11-01
2779,2023-11-01 22:45:00,False,22:45:00,2023-11-01
2780,2023-11-01 23:00:00,False,23:00:00,2023-11-01
2781,2023-11-01 23:15:00,False,23:15:00,2023-11-01
2782,2023-11-01 23:30:00,False,23:30:00,2023-11-01
2783,2023-11-01 23:45:00,False,23:45:00,2023-11-01
2784,2023-11-02 00:00:00,False,00:00:00,2023-11-02
2785,2023-11-02 00:15:00,False,00:15:00,2023-11-02
2786,2023-11-02 00:30:00,False,00:30:00,2023-11-02
2787,2023-11-02 00:45:00,False,00:45:00,2023-11-02
2788,2023-11-02 01:00:00,False,01:00:00,2023-11-02
2789,2023-11-02 01:15:00,False,01:15:00,2023-11-02
2790,2023-11-02 01:30:00,False,01:30:00,2023-11-02
2791,2023-11-02 01:45:00,False,01:45:00,2023-11-02
2792,2023-11-02 02:00:00,False,02:00:00,2023-11-02
2793,2023-11-02 02:15:00,False,02:15:00,2023-11-02
2794,2023-11-02 02:30:00,False,02:30:00,2023-11-02
2795,2023-11-02 02:45:00,False,02:45:00,2023-11-02
2796,2023-11-02 03:00:00,False,03:00:00,2023-11-02
2797,2023-11-02 03:15:00,False,03:15:00,2023-11-02
2798,2023-11-02 03:30:00,False,03:30:00,2023-11-02
2799,2023-11-02 03:45:00,False,03:45:00,2023-11-02
2800,2023-11-02 04:00:00,False,04:00:00,2023-11-02
2801,2023-11-02 04:15:00,False,04:15:00,2023-11-02
2802,2023-11-02 04:30:00,False,04:30:00,2023-11-02
2803,2023-11-02 04:45:00,False,04:45:00,2023-11-02
2804,2023-11-02 05:00:00,False,05:00:00,2023-11-02
2805,2023-11-02 05:15:00,False,05:15:00,2023-11-02
2806,2023-11-02 05:30:00,False,05:30:00,2023-11-02
2807,2023-11-02 05:45:00,False,05:45:00,2023-11-02
2808,2023-11-02 06:00:00,False,06:00:00,2023-11-02
2809,2023-11-02 06:15:00,False,06:15:00,2023-11-02
2810,2023-11-02 06:30:00,False,06:30:00,2023-11-02
2811,2023-11-02 06:45:00,False,06:45:00,2023-11-02
2812,2023-11-02 07:00:00,False,07:00:00,2023-11-02
2813,2023-11-02 07:15:00,False,07:15:00,2023-11-02
2814,2023-11-02 07:30:00,False,07:30:00,2023-11-02
2815,2023-11-02 07:45:00,False,07:45:00,2023-11-02
2816,2023-11-02 08:00:00,False,08:00:00,2023-11-02
2817,2023-11-02 08:15:00,False,08:15:00,2023-11-02
2818,2023-11-02 08:30:00,False,08:30:00,2023-11-02
2819,2023-11-02 08:45:00,False,08:45:00,2023-11-02
2820,2023-11-02 09:00:00,False,09:00:00,2023-11-02
2821,2023-11-02 09:15:00,False,09:15:00,2023-11-02
2822,2023-11-02 09:30:00,False,09:30:00,2023-11-02
2823,2023-11-02 09:45:00,False,09:45:00,2023-11-02
2824,2023-11-02 10:00:00,False,10:00:00,2023-11-02
2825,2023-11-02 10:15:00,False,10:15:00,2023-11-02
2826,2023-11-02 10:30:00,False,10:30:00,2023-11-02
2827,2023-11-02 10:45:00,False,10:45:00,2023-11-02
2828,2023-11-02 11:00:00,False,11:00:00,2023-11-02
2829,2023-11-02 11:15:00,False,11:15:00,2023-11-02
2830,2023-11-02 11:30:00,False,11:30:00,2023-11-02
2831,2023-11-02 11:45:00,False,11:45:00,2023-11-02
2832,2023-11-02 12:00:00,False,12:00:00,2023-11-02
2833,2023-11-02 12:15:00,False,12:15:00,2023-11-02
2834,2023-11-02 12:30:00,False,12:30:00,2023-11-02
2835,2023-11-02 12:45:00,False,12:45:00,2023-11-02
2836,2023-11-02 13:00:00,False,13:00:00,2023-11-02
2837,2023-11-02 13:15:00,False,13:15:00,2023-11-02
2838,2023-11-02 13:30:00,False,13:30:00,2023-11-02
2839,2023-11-02 13:45:00,False,13:45:00,2023-11-02
2840,2023-11-02 14:00:00,False,14:00:00,2023-11-02
2841,2023-11-02 14:15:00,False,14:15:00,2023-11-02
2842,2023-11-02 14:30:00,False,14:30:00,2023-11-02
2843,2023-11-02 14:45:00,False,14:45:00,2023-11-02
2844,2023-11-02 15:00:00,False,15:00:00,2023-11-02
2845,2023-11-02 15:15:00,False,15:15:00,2023-11-02
2846,2023-11-02 15:30:00,False,15:30:00,2023-11-02
2847,2023-11-02 15:45:00,False,15:45:00,2023-11-02
2848,2023-11-02 16:00:00,False,16:00:00,2023-11-02
2849,2023-11-02 16:15:00,False,16:15:00,2023-11-02
2850,2023-11-02 16:30:00,False,16:30:00,2023-11-02
2851,2023-11-02 16:45:00,True,16:45:00,2023-11-02
2852,2023-11-02 17:00:00,True,17:00:00,2023-11-02
2853,2023-11-02 17:15:00,True,17:15:00,2023-11-02
2854,2023-11-02 17:30:00,True,17:30:00,2023-11-02
2855,2023-11-02 17:45:00,False,17:45:00,2023-11-02
2856,2023-11-02 18:00:00,False,18:00:00,2023-11-02
2857,2023-11-02 18:15:00,False,18:15:00,2023-11-02
2858,2023-11-02 18:30:00,False,18:30:00,2023-11-02
2859,2023-11-02 18:45:00,False,18:45:00,2023-11-02
2860,2023-11-02 19:00:00,False,19:00:00,2023-11-02
2861,2023-11-02 19:15:00,False,19:15:00,2023-11-02
2862,2023-11-02 19:30:00,False,19:30:00,2023-11-02
2863,2023-11-02 19:45:00,False,19:45:00,2023-11-02
2864,2023-11-02 20:00:00,False,20:00:00,2023-11-02
2865,2023-11-02 20:15:00,False,20:15:00,2023-11-02
2866,2023-11-02 20:30:00,False,20:30:00,2023-11-02
2867,2023-11-02 20:45:00,False,20:45:00,2023-11-02
2868,2023-11-02 21:00:00,False,21:00:00,2023-11-02
2869,2023-11-02 21:15:00,False,21:15:00,2023-11-02
2870,2023-11-02 21:30:00,False,21:30:00,2023-11-02
2871,2023-11-02 21:45:00,False,21:45:00,2023-11-02
2872,2023-11-02 22:00:00,False,22:00:00,2023-11-02
2873,2023-11-02 22:15:00,False,22:15:00,2023-11-02
2874,2023-11-02 22:30:00,False,22:30:00,2023-11-02
2875,2023-11-02 22:45:00,False,22:45:00,2023-11-02
2876,2023-11-02 23:00:00,False,23:00:00,2023-11-02
2877,2023-11-02 23:15:00,False,23:15:00,2023-11-02
2878,2023-11-02 23:30:00,False,23:30:00,2023-11-02
2879,2023-11-02 23:45:00,False,23:45:00,2023-11-02
2880,2023-11-03 00:00:00,False,00:00:00,2023-11-03
2881,2023-11-03 00:15:00,False,00:15:00,2023-11-03
2882,2023-11-03 00:30:00,False,00:30:00,2023-11-03
2883,2023-11-03 00:45:00,False,00:45:00,2023-11-03
2884,2023-11-03 01:00:00,False,01:00:00,2023-11-03
2885,2023-11-03 01:15:00,False,01:15:00,2023-11-03
2886,2023-11-03 01:30:00,False,01:30:00,2023-11-03
2887,2023-11-03 01:45:00,False,01:45:00,2023-11-03
2888,2023-11-03 02:00:00,False,02:00:00,2023-11-03
2889,2023-11-03 02:15:00,False,02:15:00,2023-11-03
2890,2023-11-03 02:30:00,False,02:30:00,2023-11-03
2891,2023-11-03 02:45:00,False,02:45:00,2023-11-03
2892,2023-11-03 03:00:00,False,03:00:00,2023-11-03
2893,2023-11-03 03:15:00,False,03:15:00,2023-11-03
2894,2023-11-03 03:30:00,False,03:30:00,2023-11-03
2895,2023-11-03 03:45:00,False,03:45:00,2023-11-03
2896,2023-11-03 04:00:00,False,04:00:00,2023-11-03
2897,2023-11-03 04:15:00,False,04:15:00,2023-11-03
2898,2023-11-03 04:30:00,False,04:30:00,2023-11-03
2899,2023-11-03 04:45:00,False,04:45:00,2023-11-03
2900,2023-11-03 05:00:00,False,05:00:00,2023-11-03
2901,2023-11-03 05:15:00,False,05:15:00,2023-11-03
2902,2023-11-03 05:30:00,False,05:30:00,2023-11-03
2903,2023-11-03 05:45:00,False,05:45:00,2023-11-03
2904,2023-11-03 06:00:00,False,06:00:00,2023-11-03
2905,2023-11-03 06:15:00,False,06:15:00,2023-11-03
2906,2023-11-03 06:30:00,False,06:30:00,2023-11-03
2907,2023-11-03 06:45:00,False,06:45:00,2023-11-03
2908,2023-11-03 07:00:00,False,07:00:00,2023-11-03
2909,2023-11-03 07:15:00,False,07:15:00,2023-11-03
2910,2023-11-03 07:30:00,False,07:30:00,2023-11-03
2911,2023-11-03 07:45:00,False,07:45:00,2023-11-03
2912,2023-11-03 08:00:00,False,08:00:00,2023-11-03
2913,2023-11-03 08:15:00,False,08:15:00,2023-11-03
2914,2023-11-03 08:30:00,False,08:30:00,2023-11-03
2915,2023-11-03 08:45:00,False,08:45:00,2023-11-03
2916,2023-11-03 09:00:00,False,09:00:00,2023-11-03
2917,2023-11-03 09:15:00,False,09:15:00,2023-11-03
2918,2023-11-03 09:30:00,False,09:30:00,2023-11-03
2919,2023-11-03 09:45:00,False,09:45:00,2023-11-03
2920,2023-11-03 10:00:00,False,10:00:00,2023-11-03
2921,2023-11-03 10:15:00,False,10:15:00,2023-11-03
2922,2023-11-03 10:30:00,False,10:30:00,2023-11-03
2923,2023-11-03 10:45:00,False,10:45:00,2023-11-03
2924,2023-11-03 11:00:00,False,11:00:00,2023-11-03
2925,2023-11-03 11:15:00,False,11:15:00,2023-11-03
2926,2023-11-03 11:30:00,False,11:30:00,2023-11-03
2927,2023-11-03 11:45:00,False,11:45:00,2023-11-03
2928,2023-11-03 12:00:00,False,12:00:00,2023-11-03
2929,2023-11-03 12:15:00,False,12:15:00,2023-11-03
2930,2023-11-03 12:30:00,False,12:30:00,2023-11-03
2931,2023-11-03 12:45:00,False,12:45:00,2023-11-03
2932,2023-11-03 13:00:00,False,13:00:00,2023-11-03
2933,2023-11-03 13:15:00,False,13:15:00,2023-11-03
2934,2023-11-03 13:30:00,False,13:30:00,2023-11-03
2935,2023-11-03 13:45:00,False,13:45:00,2023-11-03
2936,2023-11-03 14:00:00,False,14:00:00,2023-11-03
2937,2023-11-03 14:15:00,False,14:15:00,2023-11-03
2938,2023-11-03 14:30:00,False,14:30:00,2023-11-03
2939,2023-11-03 14:45:00,False,14:45:00,2023-11-03
2940,2023-11-03 15:00:00,False,15:00:00,2023-11-03
2941,2023-11-03 15:15:00,False,15:15:00,2023-11-03
2942,2023-11-03 15:30:00,False,15:30:00,2023-11-03
2943,2023-11-03 15:45:00,False,15:45:00,2023-11-03
2944,2023-11-03 16:00:00,False,16:00:00,2023-11-03
2945,2023-11-03 16:15:00,False,16:15:00,2023-11-03
2946,2023-11-03 16:30:00,False,16:30:00,2023-11-03
2947,2023-11-03 16:45:00,False,16:45:00,2023-11-03
2948,2023-11-03 17:00:00,False,17:00:00,2023-11-03
2949,2023-11-03 17:15:00,False,17:15:00,2023-11-03
2950,2023-11-03 17:30:00,False,17:30:00,2023-11-03
2951,2023-11-03 17:45:00,False,17:45:00,2023-11-03
2952,2023-11-03 18:00:00,False,18:00:00,2023-11-03
2953,2023-11-03 18:15:00,False,18:15:00,2023-11-03
2954,2023-11-03 18:30:00,False,18:30:00,2023-11-03
2955,2023-11-03 18:45:00,False,18:45:00,2023-11-03
2956,2023-11-03 19:00:00,False,19:00:00,2023-11-03
2957,2023-11-03 19:15:00,False,19:15:00,2023-11-03
2958,2023-11-03 19:30:00,False,19:30:00,2023-11-03
2959,2023-11-03 19:45:00,False,19:45:00,2023-11-03
2960,2023-11-03 20:00:00,True,20:00:00,2023-11-03
2961,2023-11-03 20:15:00,True,20:15:00,2023-11-03
2962,2023-11-03 20:30:00,True,20:30:00,2023-11-03
2963,2023-11-03 20:45:00,True,20:45:00,2023-11-03
2964,2023-11-03 21:00:00,True,21:00:00,2023-11-03
2965,2023-11-03 21:15:00,False,21:15:00,2023-11-03
2966,2023-11-03 21:30:00,False,21:30:00,2023-11-03
2967,2023-11-03 21:45:00,False,21:45:00,2023-11-03
2968,2023-11-03 22:00:00,False,22:00:00,2023-11-03
2969,2023-11-03 22:15:00,False,22:15:00,2023-11-03
2970,2023-11-03 22:30:00,False,22:30:00,2023-11-03
2971,2023-11-03 22:45:00,False,22:45:00,2023-11-03
2972,2023-11-03 23:00:00,False,23:00:00,2023-11-03
2973,2023-11-03 23:15:00,False,23:15:00,2023-11-03
2974,2023-11-03 23:30:00,False,23:30:00,2023-11-03
2975,2023-11-03 23:45:00,False,23:45:00,2023-11-03
2976,2023-11-04 00:00:00,False,00:00:00,2023-11-04
2977,2023-11-04 00:15:00,False,00:15:00,2023-11-04
2978,2023-11-04 00:30:00,False,00:30:00,2023-11-04
2979,2023-11-04 00:45:00,False,00:45:00,2023-11-04
2980,2023-11-04 01:00:00,False,01:00:00,2023-11-04
2981,2023-11-04 01:15:00,False,01:15:00,2023-11-04
2982,2023-11-04 01:30:00,False,01:30:00,2023-11-04
2983,2023-11-04 01:45:00,False,01:45:00,2023-11-04
2984,2023-11-04 02:00:00,False,02:00:00,2023-11-04
2985,2023-11-04 02:15:00,False,02:15:00,2023-11-04
2986,2023-11-04 02:30:00,False,02:30:00,2023-11-04
2987,2023-11-04 02:45:00,False,02:45:00,2023-11-04
2988,2023-11-04 03:00:00,False,03:00:00,2023-11-04
2989,2023-11-04 03:15:00,False,03:15:00,2023-11-04
2990,2023-11-04 03:30:00,False,03:30:00,2023-11-04
2991,2023-11-04 03:45:00,False,03:45:00,2023-11-04
2992,2023-11-04 04:00:00,False,04:00:00,2023-11-04
2993,2023-11-04 04:15:00,False,04:15:00,2023-11-04
2994,2023-11-04 04:30:00,False,04:30:00,2023-11-04
2995,2023-11-04 04:45:00,False,04:45:00,2023-11-04
2996,2023-11-04 05:00:00,False,05:00:00,2023-11-04
2997,2023-11-04 05:15:00,False,05:15:00,2023-11-04
2998,2023-11-04 05:30:00,False,05:30:00,2023-11-04
2999,2023-11-04 05:45:00,False,05:45:00,2023-11-04
3000,2023-11-04 06:00:00,False,06:00:00,2023-11-04
3001,2023-11-04 06:15:00,False,06:15:00,2023-11-04
3002,2023-11-04 06:30:00,False,06:30:00,2023-11-04
3003,2023-11-04 06:45:00,False,06:45:00,2023-11-04
3004,2023-11-04 07:00:00,False,07:00:00,2023-11-04
3005,2023-11-04 07:15:00,False,07:15:00,2023-11-04
3006,2023-11-04 07:30:00,False,07:30:00,2023-11-04
3007,2023-11-04 07:45:00,False,07:45:00,2023-11-04
3008,2023-11-04 08:00:00,False,08:00:00,2023-11-04
3009,2023-11-04 08:15:00,False,08:15:00,2023-11-04
3010,2023-11-04 08:30:00,False,08:30:00,2023-11-04
3011,2023-11-04 08:45:00,False,08:45:00,2023-11-04
3012,2023-11-04 09:00:00,False,09:00:00,2023-11-04
3013,2023-11-04 09:15:00,False,09:15:00,2023-11-04
3014,2023-11-04 09:30:00,False,09:30:00,2023-11-04
3015,2023-11-04 09:45:00,False,09:45:00,2023-11-04
3016,2023-11-04 10:00:00,False,10:00:00,2023-11-04
3017,2023-11-04 10:15:00,False,10:15:00,2023-11-04
3018,2023-11-04 10:30:00,False,10:30:00,2023-11-04
3019,2023-11-04 10:45:00,False,10:45:00,2023-11-04
3020,2023-11-04 11:00:00,False,11:00:00,2023-11-04
3021,2023-11-04 11:15:00,False,11:15:00,2023-11-04
3022,2023-11-04 11:30:00,False,11:30:00,2023-11-04
3023,2023-11-04 11:45:00,False,11:45:00,2023-11-04
3024,2023-11-04 12:00:00,False,12:00:00,2023-11-04
3025,2023-11-04 12:15:00,False,12:15:00,2023-11-04
3026,2023-11-04 12:30:00,False,12:30:00,2023-11-04
3027,2023-11-04 12:45:00,False,12:45:00,2023-11-04
3028,2023-11-04 13:00:00,False,13:00:00,2023-11-04
3029,2023-11-04 13:15:00,False,13:15:00,2023-11-04
3030,2023-11-04 13:30:00,False,13:30:00,2023-11-04
3031,2023-11-04 13:45:00,False,13:45:00,2023-11-04
3032,2023-11-04 14:00:00,False,14:00:00,2023-11-04
3033,2023-11-04 14:15:00,False,14:15:00,2023-11-04
3034,2023-11-04 14:30:00,False,14:30:00,2023-11-04
3035,2023-11-04 14:45:00,False,14:45:00,2023-11-04
3036,2023-11-04 15:00:00,False,15:00:00,2023-11-04
3037,2023-11-04 15:15:00,False,15:15:00,2023-11-04
3038,2023-11-04 15:30:00,False,15:30:00,2023-11-04
3039,2023-11-04 15:45:00,False,15:45:00,2023-11-04
3040,2023-11-04 16:00:00,False,16:00:00,2023-11-04
3041,2023-11-04 16:15:00,False,16:15:00,2023-11-04
3042,2023-11-04 16:30:00,False,16:30:00,2023-11-04
3043,2023-11-04 16:45:00,False,16:45:00,2023-11-04
3044,2023-11-04 17:00:00,False,17:00:00,2023-11-04
3045,2023-11-04 17:15:00,False,17:15:00,2023-11-04
3046,2023-11-04 17:30:00,False,17:30:00,2023-11-04
3047,2023-11-04 17:45:00,False,17:45:00,2023-11-04
3048,2023-11-04 18:00:00,False,18:00:00,2023-11-04
3049,2023-11-04 18:15:00,False,18:15:00,2023-11-04
3050,2023-11-04 18:30:00,False,18:30:00,2023-11-04
3051,2023-11-04 18:45:00,False,18:45:00,2023-11-04
3052,2023-11-04 19:00:00,True,19:00:00,2023-11-04
3053,2023-11-04 19:15:00,False,19:15:00,2023-11-04
3054,2023-11-04 19:30:00,False,19:30:00,2023-11-04
3055,2023-11-04 19:45:00,False,19:45:00,2023-11-04
3056,2023-11-04 20:00:00,False,20:00:00,2023-11-04
3057,2023-11-04 20:15:00,False,20:15:00,2023-11-04
3058,2023-11-04 20:30:00,False,20:30:00,2023-11-04
3059,2023-11-04 20:45:00,False,20:45:00,2023-11-04
3060,2023-11-04 21:00:00,False,21:00:00,2023-11-04
3061,2023-11-04 21:15:00,False,21:15:00,2023-11-04
3062,2023-11-04 21:30:00,False,21:30:00,2023-11-04
3063,2023-11-04 21:45:00,False,21:45:00,2023-11-04
3064,2023-11-04 22:00:00,False,22:00:00,2023-11-04
3065,2023-11-04 22:15:00,False,22:15:00,2023-11-04
3066,2023-11-04 22:30:00,False,22:30:00,2023-11-04
3067,2023-11-04 22:45:00,False,22:45:00,2023-11-04
3068,2023-11-04 23:00:00,False,23:00:00,2023-11-04
3069,2023-11-04 23:15:00,False,23:15:00,2023-11-04
3070,2023-11-04 23:30:00,False,23:30:00,2023-11-04
3071,2023-11-04 23:45:00,False,23:45:00,2023-11-04
3072,2023-11-05 00:00:00,False,00:00:00,2023-11-05
3073,2023-11-05 00:15:00,False,00:15:00,2023-11-05
3074,2023-11-05 00:30:00,False,00:30:00,2023-11-05
3075,2023-11-05 00:45:00,False,00:45:00,2023-11-05
3076,2023-11-05 01:00:00,False,01:00:00,2023-11-05
3077,2023-11-05 01:15:00,False,01:15:00,2023-11-05
3078,2023-11-05 01:30:00,False,01:30:00,2023-11-05
3079,2023-11-05 01:45:00,False,01:45:00,2023-11-05
3080,2023-11-05 02:00:00,False,02:00:00,2023-11-05
3081,2023-11-05 02:15:00,False,02:15:00,2023-11-05
3082,2023-11-05 02:30:00,False,02:30:00,2023-11-05
3083,2023-11-05 02:45:00,False,02:45:00,2023-11-05
3084,2023-11-05 03:00:00,False,03:00:00,2023-11-05
3085,2023-11-05 03:15:00,False,03:15:00,2023-11-05
3086,2023-11-05 03:30:00,False,03:30:00,2023-11-05
3087,2023-11-05 03:45:00,False,03:45:00,2023-11-05
3088,2023-11-05 04:00:00,False,04:00:00,2023-11-05
3089,2023-11-05 04:15:00,False,04:15:00,2023-11-05
3090,2023-11-05 04:30:00,False,04:30:00,2023-11-05
3091,2023-11-05 04:45:00,False,04:45:00,2023-11-05
3092,2023-11-05 05:00:00,False,05:00:00,2023-11-05
3093,2023-11-05 05:15:00,False,05:15:00,2023-11-05
3094,2023-11-05 05:30:00,False,05:30:00,2023-11-05
3095,2023-11-05 05:45:00,False,05:45:00,2023-11-05
3096,2023-11-05 06:00:00,False,06:00:00,2023-11-05
3097,2023-11-05 06:15:00,False,06:15:00,2023-11-05
3098,2023-11-05 06:30:00,False,06:30:00,2023-11-05
3099,2023-11-05 06:45:00,False,06:45:00,2023-11-05
3100,2023-11-05 07:00:00,False,07:00:00,2023-11-05
3101,2023-11-05 07:15:00,False,07:15:00,2023-11-05
3102,2023-11-05 07:30:00,False,07:30:00,2023-11-05
3103,2023-11-05 07:45:00,False,07:45:00,2023-11-05
3104,2023-11-05 08:00:00,False,08:00:00,2023-11-05
3105,2023-11-05 08:15:00,False,08:15:00,2023-11-05
3106,2023-11-05 08:30:00,False,08:30:00,2023-11-05
3107,2023-11-05 08:45:00,False,08:45:00,2023-11-05
3108,2023-11-05 09:00:00,False,09:00:00,2023-11-05
3109,2023-11-05 09:15:00,False,09:15:00,2023-11-05
3110,2023-11-05 09:30:00,False,09:30:00,2023-11-05
3111,2023-11-05 09:45:00,False,09:45:00,2023-11-05
3112,2023-11-05 10:00:00,False,10:00:00,2023-11-05
3113,2023-11-05 10:15:00,False,10:15:00,2023-11-05
3114,2023-11-05 10:30:00,False,10:30:00,2023-11-05
3115,2023-11-05 10:45:00,False,10:45:00,2023-11-05
3116,2023-11-05 11:00:00,False,11:00:00,2023-11-05
3117,2023-11-05 11:15:00,False,11:15:00,2023-11-05
3118,2023-11-05 11:30:00,False,11:30:00,2023-11-05
3119,2023-11-05 11:45:00,False,11:45:00,2023-11-05
3120,2023-11-05 12:00:00,False,12:00:00,2023-11-05
3121,2023-11-05 12:15:00,False,12:15:00,2023-11-05
3122,2023-11-05 12:30:00,False,12:30:00,2023-11-05
3123,2023-11-05 12:45:00,False,12:45:00,2023-11-05
3124,2023-11-05 13:00:00,False,13:00:00,2023-11-05
3125,2023-11-05 13:15:00,False,13:15:00,2023-11-05
3126,2023-11-05 13:30:00,False,13:30:00,2023-11-05
3127,2023-11-05 13:45:00,False,13:45:00,2023-11-05
3128,2023-11-05 14:00:00,False,14:00:00,2023-11-05
3129,2023-11-05 14:15:00,False,14:15:00,2023-11-05
3130,2023-11-05 14:30:00,False,14:30:00,2023-11-05
3131,2023-11-05 14:45:00,False,14:45:00,2023-11-05
3132,2023-11-05 15:00:00,False,15:00:00,2023-11-05
3133,2023-11-05 15:15:00,False,15:15:00,2023-11-05
3134,2023-11-05 15:30:00,False,15:30:00,2023-11-05
3135,2023-11-05 15:45:00,False,15:45:00,2023-11-05
3136,2023-11-05 16:00:00,False,16:00:00,2023-11-05
3137,2023-11-05 16:15:00,False,16:15:00,2023-11-05
3138,2023-11-05 16:30:00,False,16:30:00,2023-11-05
3139,2023-11-05 16:45:00,False,16:45:00,2023-11-05
3140,2023-11-05 17:00:00,False,17:00:00,2023-11-05
3141,2023-11-05 17:15:00,False,17:15:00,2023-11-05
3142,2023-11-05 17:30:00,False,17:30:00,2023-11-05
3143,2023-11-05 17:45:00,False,17:45:00,2023-11-05
3144,2023-11-05 18:00:00,False,18:00:00,2023-11-05
3145,2023-11-05 18:15:00,False,18:15:00,2023-11-05
3146,2023-11-05 18:30:00,False,18:30:00,2023-11-05
3147,2023-11-05 18:45:00,False,18:45:00,2023-11-05
3148,2023-11-05 19:00:00,False,19:00:00,2023-11-05
3149,2023-11-05 19:15:00,False,19:15:00,2023-11-05
3150,2023-11-05 19:30:00,False,19:30:00,2023-11-05
3151,2023-11-05 19:45:00,False,19:45:00,2023-11-05
3152,2023-11-05 20:00:00,False,20:00:00,2023-11-05
3153,2023-11-05 20:15:00,False,20:15:00,2023-11-05
3154,2023-11-05 20:30:00,False,20:30:00,2023-11-05
3155,2023-11-05 20:45:00,False,20:45:00,2023-11-05
3156,2023-11-05 21:00:00,False,21:00:00,2023-11-05
3157,2023-11-05 21:15:00,False,21:15:00,2023-11-05
3158,2023-11-05 21:30:00,False,21:30:00,2023-11-05
3159,2023-11-05 21:45:00,False,21:45:00,2023-11-05
3160,2023-11-05 22:00:00,False,22:00:00,2023-11-05
3161,2023-11-05 22:15:00,False,22:15:00,2023-11-05
3162,2023-11-05 22:30:00,False,22:30:00,2023-11-05
3163,2023-11-05 22:45:00,False,22:45:00,2023-11-05
3164,2023-11-05 23:00:00,False,23:00:00,2023-11-05
3165,2023-11-05 23:15:00,False,23:15:00,2023-11-05
3166,2023-11-05 23:30:00,False,23:30:00,2023-11-05
3167,2023-11-05 23:45:00,False,23:45:00,2023-11-05
3168,2023-11-06 00:00:00,False,00:00:00,2023-11-06
3169,2023-11-06 00:15:00,False,00:15:00,2023-11-06
3170,2023-11-06 00:30:00,False,00:30:00,2023-11-06
3171,2023-11-06 00:45:00,False,00:45:00,2023-11-06
3172,2023-11-06 01:00:00,False,01:00:00,2023-11-06
3173,2023-11-06 01:15:00,False,01:15:00,2023-11-06
3174,2023-11-06 01:30:00,False,01:30:00,2023-11-06
3175,2023-11-06 01:45:00,False,01:45:00,2023-11-06
3176,2023-11-06 02:00:00,False,02:00:00,2023-11-06
3177,2023-11-06 02:15:00,False,02:15:00,2023-11-06
3178,2023-11-06 02:30:00,False,02:30:00,2023-11-06
3179,2023-11-06 02:45:00,False,02:45:00,2023-11-06
3180,2023-11-06 03:00:00,False,03:00:00,2023-11-06
3181,2023-11-06 03:15:00,False,03:15:00,2023-11-06
3182,2023-11-06 03:30:00,False,03:30:00,2023-11-06
3183,2023-11-06 03:45:00,False,03:45:00,2023-11-06
3184,2023-11-06 04:00:00,False,04:00:00,2023-11-06
3185,2023-11-06 04:15:00,False,04:15:00,2023-11-06
3186,2023-11-06 04:30:00,False,04:30:00,2023-11-06
3187,2023-11-06 04:45:00,False,04:45:00,2023-11-06
3188,2023-11-06 05:00:00,False,05:00:00,2023-11-06
3189,2023-11-06 05:15:00,False,05:15:00,2023-11-06
3190,2023-11-06 05:30:00,False,05:30:00,2023-11-06
3191,2023-11-06 05:45:00,False,05:45:00,2023-11-06
3192,2023-11-06 06:00:00,False,06:00:00,2023-11-06
3193,2023-11-06 06:15:00,False,06:15:00,2023-11-06
3194,2023-11-06 06:30:00,False,06:30:00,2023-11-06
3195,2023-11-06 06:45:00,False,06:45:00,2023-11-06
3196,2023-11-06 07:00:00,False,07:00:00,2023-11-06
3197,2023-11-06 07:15:00,False,07:15:00,2023-11-06
3198,2023-11-06 07:30:00,False,07:30:00,2023-11-06
3199,2023-11-06 07:45:00,False,07:45:00,2023-11-06
3200,2023-11-06 08:00:00,False,08:00:00,2023-11-06
3201,2023-11-06 08:15:00,False,08:15:00,2023-11-06
3202,2023-11-06 08:30:00,False,08:30:00,2023-11-06
3203,2023-11-06 08:45:00,False,08:45:00,2023-11-06
3204,2023-11-06 09:00:00,False,09:00:00,2023-11-06
3205,2023-11-06 09:15:00,False,09:15:00,2023-11-06
3206,2023-11-06 09:30:00,False,09:30:00,2023-11-06
3207,2023-11-06 09:45:00,False,09:45:00,2023-11-06
3208,2023-11-06 10:00:00,False,10:00:00,2023-11-06
3209,2023-11-06 10:15:00,False,10:15:00,2023-11-06
3210,2023-11-06 10:30:00,False,10:30:00,2023-11-06
3211,2023-11-06 10:45:00,False,10:45:00,2023-11-06
3212,2023-11-06 11:00:00,False,11:00:00,2023-11-06
3213,2023-11-06 11:15:00,False,11:15:00,2023-11-06
3214,2023-11-06 11:30:00,False,11:30:00,2023-11-06
3215,2023-11-06 11:45:00,False,11:45:00,2023-11-06
3216,2023-11-06 12:00:00,False,12:00:00,2023-11-06
3217,2023-11-06 12:15:00,False,12:15:00,2023-11-06
3218,2023-11-06 12:30:00,False,12:30:00,2023-11-06
3219,2023-11-06 12:45:00,False,12:45:00,2023-11-06
3220,2023-11-06 13:00:00,False,13:00:00,2023-11-06
3221,2023-11-06 13:15:00,False,13:15:00,2023-11-06
3222,2023-11-06 13:30:00,False,13:30:00,2023-11-06
3223,2023-11-06 13:45:00,False,13:45:00,2023-11-06
3224,2023-11-06 14:00:00,False,14:00:00,2023-11-06
3225,2023-11-06 14:15:00,False,14:15:00,2023-11-06
3226,2023-11-06 14:30:00,False,14:30:00,2023-11-06
3227,2023-11-06 14:45:00,False,14:45:00,2023-11-06
3228,2023-11-06 15:00:00,False,15:00:00,2023-11-06
3229,2023-11-06 15:15:00,False,15:15:00,2023-11-06
3230,2023-11-06 15:30:00,False,15:30:00,2023-11-06
3231,2023-11-06 15:45:00,False,15:45:00,2023-11-06
3232,2023-11-06 16:00:00,False,16:00:00,2023-11-06
3233,2023-11-06 16:15:00,False,16:15:00,2023-11-06
3234,2023-11-06 16:30:00,False,16:30:00,2023-11-06
3235,2023-11-06 16:45:00,False,16:45:00,2023-11-06
3236,2023-11-06 17:00:00,False,17:00:00,2023-11-06
3237,2023-11-06 17:15:00,False,17:15:00,2023-11-06
3238,2023-11-06 17:30:00,False,17:30:00,2023-11-06
3239,2023-11-06 17:45:00,False,17:45:00,2023-11-06
3240,2023-11-06 18:00:00,False,18:00:00,2023-11-06
3241,2023-11-06 18:15:00,False,18:15:00,2023-11-06
3242,2023-11-06 18:30:00,False,18:30:00,2023-11-06
3243,2023-11-06 18:45:00,False,18:45:00,2023-11-06
3244,2023-11-06 19:00:00,False,19:00:00,2023-11-06
3245,2023-11-06 19:15:00,False,19:15:00,2023-11-06
3246,2023-11-06 19:30:00,False,19:30:00,2023-11-06
3247,2023-11-06 19:45:00,False,19:45:00,2023-11-06
3248,2023-11-06 20:00:00,False,20:00:00,2023-11-06
3249,2023-11-06 20:15:00,False,20:15:00,2023-11-06
3250,2023-11-06 20:30:00,False,20:30:00,2023-11-06
3251,2023-11-06 20:45:00,False,20:45:00,2023-11-06
3252,2023-11-06 21:00:00,False,21:00:00,2023-11-06
3253,2023-11-06 21:15:00,False,21:15:00,2023-11-06
3254,2023-11-06 21:30:00,True,21:30:00,2023-11-06
3255,2023-11-06 21:45:00,True,21:45:00,2023-11-06
3256,2023-11-06 22:00:00,False,22:00:00,2023-11-06
3257,2023-11-06 22:15:00,False,22:15:00,2023-11-06
3258,2023-11-06 22:30:00,False,22:30:00,2023-11-06
3259,2023-11-06 22:45:00,False,22:45:00,2023-11-06
3260,2023-11-06 23:00:00,False,23:00:00,2023-11-06
3261,2023-11-06 23:15:00,False,23:15:00,2023-11-06
3262,2023-11-06 23:30:00,False,23:30:00,2023-11-06
3263,2023-11-06 23:45:00,False,23:45:00,2023-11-06
3264,2023-11-07 00:00:00,False,00:00:00,2023-11-07
3265,2023-11-07 00:15:00,False,00:15:00,2023-11-07
3266,2023-11-07 00:30:00,False,00:30:00,2023-11-07
3267,2023-11-07 00:45:00,False,00:45:00,2023-11-07
3268,2023-11-07 01:00:00,False,01:00:00,2023-11-07
3269,2023-11-07 01:15:00,False,01:15:00,2023-11-07
3270,2023-11-07 01:30:00,False,01:30:00,2023-11-07
3271,2023-11-07 01:45:00,False,01:45:00,2023-11-07
3272,2023-11-07 02:00:00,False,02:00:00,2023-11-07
3273,2023-11-07 02:15:00,False,02:15:00,2023-11-07
3274,2023-11-07 02:30:00,False,02:30:00,2023-11-07
3275,2023-11-07 02:45:00,False,02:45:00,2023-11-07
3276,2023-11-07 03:00:00,False,03:00:00,2023-11-07
3277,2023-11-07 03:15:00,False,03:15:00,2023-11-07
3278,2023-11-07 03:30:00,False,03:30:00,2023-11-07
3279,2023-11-07 03:45:00,False,03:45:00,2023-11-07
3280,2023-11-07 04:00:00,False,04:00:00,2023-11-07
3281,2023-11-07 04:15:00,False,04:15:00,2023-11-07
3282,2023-11-07 04:30:00,False,04:30:00,2023-11-07
3283,2023-11-07 04:45:00,False,04:45:00,2023-11-07
3284,2023-11-07 05:00:00,False,05:00:00,2023-11-07
3285,2023-11-07 05:15:00,False,05:15:00,2023-11-07
3286,2023-11-07 05:30:00,False,05:30:00,2023-11-07
3287,2023-11-07 05:45:00,False,05:45:00,2023-11-07
3288,2023-11-07 06:00:00,False,06:00:00,2023-11-07
3289,2023-11-07 06:15:00,False,06:15:00,2023-11-07
3290,2023-11-07 06:30:00,False,06:30:00,2023-11-07
3291,2023-11-07 06:45:00,False,06:45:00,2023-11-07
3292,2023-11-07 07:00:00,False,07:00:00,2023-11-07
3293,2023-11-07 07:15:00,False,07:15:00,2023-11-07
3294,2023-11-07 07:30:00,False,07:30:00,2023-11-07
3295,2023-11-07 07:45:00,False,07:45:00,2023-11-07
3296,2023-11-07 08:00:00,False,08:00:00,2023-11-07
3297,2023-11-07 08:15:00,False,08:15:00,2023-11-07
3298,2023-11-07 08:30:00,False,08:30:00,2023-11-07
3299,2023-11-07 08:45:00,False,08:45:00,2023-11-07
3300,2023-11-07 09:00:00,False,09:00:00,2023-11-07
3301,2023-11-07 09:15:00,False,09:15:00,2023-11-07
3302,2023-11-07 09:30:00,False,09:30:00,2023-11-07
3303,2023-11-07 09:45:00,False,09:45:00,2023-11-07
3304,2023-11-07 10:00:00,False,10:00:00,2023-11-07
3305,2023-11-07 10:15:00,False,10:15:00,2023-11-07
3306,2023-11-07 10:30:00,False,10:30:00,2023-11-07
3307,2023-11-07 10:45:00,False,10:45:00,2023-11-07
3308,2023-11-07 11:00:00,False,11:00:00,2023-11-07
3309,2023-11-07 11:15:00,False,11:15:00,2023-11-07
3310,2023-11-07 11:30:00,False,11:30:00,2023-11-07
3311,2023-11-07 11:45:00,False,11:45:00,2023-11-07
3312,2023-11-07 12:00:00,False,12:00:00,2023-11-07
3313,2023-11-07 12:15:00,False,12:15:00,2023-11-07
3314,2023-11-07 12:30:00,False,12:30:00,2023-11-07
3315,2023-11-07 12:45:00,False,12:45:00,2023-11-07
3316,2023-11-07 13:00:00,False,13:00:00,2023-11-07
3317,2023-11-07 13:15:00,False,13:15:00,2023-11-07
3318,2023-11-07 13:30:00,False,13:30:00,2023-11-07
3319,2023-11-07 13:45:00,False,13:45:00,2023-11-07
3320,2023-11-07 14:00:00,False,14:00:00,2023-11-07
3321,2023-11-07 14:15:00,False,14:15:00,2023-11-07
3322,2023-11-07 14:30:00,False,14:30:00,2023-11-07
3323,2023-11-07 14:45:00,False,14:45:00,2023-11-07
3324,2023-11-07 15:00:00,False,15:00:00,2023-11-07
3325,2023-11-07 15:15:00,False,15:15:00,2023-11-07
3326,2023-11-07 15:30:00,False,15:30:00,2023-11-07
3327,2023-11-07 15:45:00,False,15:45:00,2023-11-07
3328,2023-11-07 16:00:00,False,16:00:00,2023-11-07
3329,2023-11-07 16:15:00,False,16:15:00,2023-11-07
3330,2023-11-07 16:30:00,False,16:30:00,2023-11-07
3331,2023-11-07 16:45:00,False,16:45:00,2023-11-07
3332,2023-11-07 17:00:00,False,17:00:00,2023-11-07
3333,2023-11-07 17:15:00,False,17:15:00,2023-11-07
3334,2023-11-07 17:30:00,False,17:30:00,2023-11-07
3335,2023-11-07 17:45:00,False,17:45:00,2023-11-07
3336,2023-11-07 18:00:00,False,18:00:00,2023-11-07
3337,2023-11-07 18:15:00,False,18:15:00,2023-11-07
3338,2023-11-07 18:30:00,False,18:30:00,2023-11-07
3339,2023-11-07 18:45:00,False,18:45:00,2023-11-07
3340,2023-11-07 19:00:00,False,19:00:00,2023-11-07
3341,2023-11-07 19:15:00,False,19:15:00,2023-11-07
3342,2023-11-07 19:30:00,False,19:30:00,2023-11-07
3343,2023-11-07 19:45:00,False,19:45:00,2023-11-07
3344,2023-11-07 20:00:00,False,20:00:00,2023-11-07
3345,2023-11-07 20:15:00,False,20:15:00,2023-11-07
3346,2023-11-07 20:30:00,False,20:30:00,2023-11-07
3347,2023-11-07 20:45:00,False,20:45:00,2023-11-07
3348,2023-11-07 21:00:00,False,21:00:00,2023-11-07
3349,2023-11-07 21:15:00,False,21:15:00,2023-11-07
3350,2023-11-07 21:30:00,False,21:30:00,2023-11-07
3351,2023-11-07 21:45:00,False,21:45:00,2023-11-07
3352,2023-11-07 22:00:00,False,22:00:00,2023-11-07
3353,2023-11-07 22:15:00,False,22:15:00,2023-11-07
3354,2023-11-07 22:30:00,False,22:30:00,2023-11-07
3355,2023-11-07 22:45:00,False,22:45:00,2023-11-07
3356,2023-11-07 23:00:00,False,23:00:00,2023-11-07
3357,2023-11-07 23:15:00,False,23:15:00,2023-11-07
3358,2023-11-07 23:30:00,False,23:30:00,2023-11-07
3359,2023-11-07 23:45:00,False,23:45:00,2023-11-07
3360,2023-11-08 00:00:00,False,00:00:00,2023-11-08
3361,2023-11-08 00:15:00,False,00:15:00,2023-11-08
3362,2023-11-08 00:30:00,False,00:30:00,2023-11-08
3363,2023-11-08 00:45:00,False,00:45:00,2023-11-08
3364,2023-11-08 01:00:00,False,01:00:00,2023-11-08
3365,2023-11-08 01:15:00,False,01:15:00,2023-11-08
3366,2023-11-08 01:30:00,False,01:30:00,2023-11-08
3367,2023-11-08 01:45:00,False,01:45:00,2023-11-08
3368,2023-11-08 02:00:00,False,02:00:00,2023-11-08
3369,2023-11-08 02:15:00,False,02:15:00,2023-11-08
3370,2023-11-08 02:30:00,False,02:30:00,2023-11-08
3371,2023-11-08 02:45:00,False,02:45:00,2023-11-08
3372,2023-11-08 03:00:00,False,03:00:00,2023-11-08
3373,2023-11-08 03:15:00,False,03:15:00,2023-11-08
3374,2023-11-08 03:30:00,False,03:30:00,2023-11-08
3375,2023-11-08 03:45:00,False,03:45:00,2023-11-08
3376,2023-11-08 04:00:00,False,04:00:00,2023-11-08
3377,2023-11-08 04:15:00,False,04:15:00,2023-11-08
3378,2023-11-08 04:30:00,False,04:30:00,2023-11-08
3379,2023-11-08 04:45:00,False,04:45:00,2023-11-08
3380,2023-11-08 05:00:00,False,05:00:00,2023-11-08
3381,2023-11-08 05:15:00,False,05:15:00,2023-11-08
3382,2023-11-08 05:30:00,False,05:30:00,2023-11-08
3383,2023-11-08 05:45:00,False,05:45:00,2023-11-08
3384,2023-11-08 06:00:00,False,06:00:00,2023-11-08
3385,2023-11-08 06:15:00,False,06:15:00,2023-11-08
3386,2023-11-08 06:30:00,False,06:30:00,2023-11-08
3387,2023-11-08 06:45:00,False,06:45:00,2023-11-08
3388,2023-11-08 07:00:00,True,07:00:00,2023-11-08
3389,2023-11-08 07:15:00,True,07:15:00,2023-11-08
3390,2023-11-08 07:30:00,False,07:30:00,2023-11-08
3391,2023-11-08 07:45:00,False,07:45:00,2023-11-08
3392,2023-11-08 08:00:00,False,08:00:00,2023-11-08
3393,2023-11-08 08:15:00,False,08:15:00,2023-11-08
3394,2023-11-08 08:30:00,False,08:30:00,2023-11-08
3395,2023-11-08 08:45:00,False,08:45:00,2023-11-08
3396,2023-11-08 09:00:00,False,09:00:00,2023-11-08
3397,2023-11-08 09:15:00,False,09:15:00,2023-11-08
3398,2023-11-08 09:30:00,False,09:30:00,2023-11-08
3399,2023-11-08 09:45:00,False,09:45:00,2023-11-08
3400,2023-11-08 10:00:00,False,10:00:00,2023-11-08
3401,2023-11-08 10:15:00,False,10:15:00,2023-11-08
3402,2023-11-08 10:30:00,False,10:30:00,2023-11-08
3403,2023-11-08 10:45:00,False,10:45:00,2023-11-08
3404,2023-11-08 11:00:00,False,11:00:00,2023-11-08
3405,2023-11-08 11:15:00,False,11:15:00,2023-11-08
3406,2023-11-08 11:30:00,False,11:30:00,2023-11-08
3407,2023-11-08 11:45:00,False,11:45:00,2023-11-08
3408,2023-11-08 12:00:00,False,12:00:00,2023-11-08
3409,2023-11-08 12:15:00,False,12:15:00,2023-11-08
3410,2023-11-08 12:30:00,False,12:30:00,2023-11-08
3411,2023-11-08 12:45:00,False,12:45:00,2023-11-08
3412,2023-11-08 13:00:00,False,13:00:00,2023-11-08
3413,2023-11-08 13:15:00,False,13:15:00,2023-11-08
3414,2023-11-08 13:30:00,False,13:30:00,2023-11-08
3415,2023-11-08 13:45:00,False,13:45:00,2023-11-08
3416,2023-11-08 14:00:00,False,14:00:00,2023-11-08
3417,2023-11-08 14:15:00,False,14:15:00,2023-11-08
3418,2023-11-08 14:30:00,False,14:30:00,2023-11-08
3419,2023-11-08 14:45:00,False,14:45:00,2023-11-08
3420,2023-11-08 15:00:00,False,15:00:00,2023-11-08
3421,2023-11-08 15:15:00,False,15:15:00,2023-11-08
3422,2023-11-08 15:30:00,False,15:30:00,2023-11-08
3423,2023-11-08 15:45:00,False,15:45:00,2023-11-08
3424,2023-11-08 16:00:00,False,16:00:00,2023-11-08
3425,2023-11-08 16:15:00,False,16:15:00,2023-11-08
3426,2023-11-08 16:30:00,False,16:30:00,2023-11-08
3427,2023-11-08 16:45:00,False,16:45:00,2023-11-08
3428,2023-11-08 17:00:00,False,17:00:00,2023-11-08
3429,2023-11-08 17:15:00,False,17:15:00,2023-11-08
3430,2023-11-08 17:30:00,False,17:30:00,2023-11-08
3431,2023-11-08 17:45:00,False,17:45:00,2023-11-08
3432,2023-11-08 18:00:00,False,18:00:00,2023-11-08
3433,2023-11-08 18:15:00,False,18:15:00,2023-11-08
3434,2023-11-08 18:30:00,False,18:30:00,2023-11-08
3435,2023-11-08 18:45:00,False,18:45:00,2023-11-08
3436,2023-11-08 19:00:00,False,19:00:00,2023-11-08
3437,2023-11-08 19:15:00,False,19:15:00,2023-11-08
3438,2023-11-08 19:30:00,False,19:30:00,2023-11-08
3439,2023-11-08 19:45:00,False,19:45:00,2023-11-08
3440,2023-11-08 20:00:00,False,20:00:00,2023-11-08
3441,2023-11-08 20:15:00,False,20:15:00,2023-11-08
3442,2023-11-08 20:30:00,False,20:30:00,2023-11-08
3443,2023-11-08 20:45:00,False,20:45:00,2023-11-08
3444,2023-11-08 21:00:00,False,21:00:00,2023-11-08
3445,2023-11-08 21:15:00,False,21:15:00,2023-11-08
3446,2023-11-08 21:30:00,False,21:30:00,2023-11-08
3447,2023-11-08 21:45:00,False,21:45:00,2023-11-08
3448,2023-11-08 22:00:00,False,22:00:00,2023-11-08
3449,2023-11-08 22:15:00,False,22:15:00,2023-11-08
3450,2023-11-08 22:30:00,False,22:30:00,2023-11-08
3451,2023-11-08 22:45:00,False,22:45:00,2023-11-08
3452,2023-11-08 23:00:00,False,23:00:00,2023-11-08
3453,2023-11-08 23:15:00,False,23:15:00,2023-11-08
3454,2023-11-08 23:30:00,False,23:30:00,2023-11-08
3455,2023-11-08 23:45:00,False,23:45:00,2023-11-08
3456,2023-11-09 00:00:00,False,00:00:00,2023-11-09
3457,2023-11-09 00:15:00,False,00:15:00,2023-11-09
3458,2023-11-09 00:30:00,False,00:30:00,2023-11-09
3459,2023-11-09 00:45:00,False,00:45:00,2023-11-09
3460,2023-11-09 01:00:00,False,01:00:00,2023-11-09
3461,2023-11-09 01:15:00,False,01:15:00,2023-11-09
3462,2023-11-09 01:30:00,False,01:30:00,2023-11-09
3463,2023-11-09 01:45:00,False,01:45:00,2023-11-09
3464,2023-11-09 02:00:00,False,02:00:00,2023-11-09
3465,2023-11-09 02:15:00,False,02:15:00,2023-11-09
3466,2023-11-09 02:30:00,False,02:30:00,2023-11-09
3467,2023-11-09 02:45:00,False,02:45:00,2023-11-09
3468,2023-11-09 03:00:00,False,03:00:00,2023-11-09
3469,2023-11-09 03:15:00,False,03:15:00,2023-11-09
3470,2023-11-09 03:30:00,False,03:30:00,2023-11-09
3471,2023-11-09 03:45:00,False,03:45:00,2023-11-09
3472,2023-11-09 04:00:00,False,04:00:00,2023-11-09
3473,2023-11-09 04:15:00,False,04:15:00,2023-11-09
3474,2023-11-09 04:30:00,False,04:30:00,2023-11-09
3475,2023-11-09 04:45:00,False,04:45:00,2023-11-09
3476,2023-11-09 05:00:00,False,05:00:00,2023-11-09
3477,2023-11-09 05:15:00,False,05:15:00,2023-11-09
3478,2023-11-09 05:30:00,False,05:30:00,2023-11-09
3479,2023-11-09 05:45:00,False,05:45:00,2023-11-09
3480,2023-11-09 06:00:00,False,06:00:00,2023-11-09
3481,2023-11-09 06:15:00,False,06:15:00,2023-11-09
3482,2023-11-09 06:30:00,False,06:30:00,2023-11-09
3483,2023-11-09 06:45:00,False,06:45:00,2023-11-09
3484,2023-11-09 07:00:00,False,07:00:00,2023-11-09
3485,2023-11-09 07:15:00,False,07:15:00,2023-11-09
3486,2023-11-09 07:30:00,False,07:30:00,2023-11-09
3487,2023-11-09 07:45:00,False,07:45:00,2023-11-09
3488,2023-11-09 08:00:00,False,08:00:00,2023-11-09
3489,2023-11-09 08:15:00,False,08:15:00,2023-11-09
3490,2023-11-09 08:30:00,False,08:30:00,2023-11-09
3491,2023-11-09 08:45:00,False,08:45:00,2023-11-09
3492,2023-11-09 09:00:00,False,09:00:00,2023-11-09
3493,2023-11-09 09:15:00,False,09:15:00,2023-11-09
3494,2023-11-09 09:30:00,False,09:30:00,2023-11-09
3495,2023-11-09 09:45:00,False,09:45:00,2023-11-09
3496,2023-11-09 10:00:00,False,10:00:00,2023-11-09
3497,2023-11-09 10:15:00,False,10:15:00,2023-11-09
3498,2023-11-09 10:30:00,False,10:30:00,2023-11-09
3499,2023-11-09 10:45:00,False,10:45:00,2023-11-09
3500,2023-11-09 11:00:00,False,11:00:00,2023-11-09
3501,2023-11-09 11:15:00,False,11:15:00,2023-11-09
3502,2023-11-09 11:30:00,False,11:30:00,2023-11-09
3503,2023-11-09 11:45:00,False,11:45:00,2023-11-09
3504,2023-11-09 12:00:00,False,12:00:00,2023-11-09
3505,2023-11-09 12:15:00,False,12:15:00,2023-11-09
3506,2023-11-09 12:30:00,False,12:30:00,2023-11-09
3507,2023-11-09 12:45:00,False,12:45:00,2023-11-09
3508,2023-11-09 13:00:00,False,13:00:00,2023-11-09
3509,2023-11-09 13:15:00,False,13:15:00,2023-11-09
3510,2023-11-09 13:30:00,False,13:30:00,2023-11-09
3511,2023-11-09 13:45:00,False,13:45:00,2023-11-09
3512,2023-11-09 14:00:00,False,14:00:00,2023-11-09
3513,2023-11-09 14:15:00,False,14:15:00,2023-11-09
3514,2023-11-09 14:30:00,False,14:30:00,2023-11-09
3515,2023-11-09 14:45:00,False,14:45:00,2023-11-09
3516,2023-11-09 15:00:00,False,15:00:00,2023-11-09
3517,2023-11-09 15:15:00,False,15:15:00,2023-11-09
3518,2023-11-09 15:30:00,False,15:30:00,2023-11-09
3519,2023-11-09 15:45:00,False,15:45:00,2023-11-09
3520,2023-11-09 16:00:00,False,16:00:00,2023-11-09
3521,2023-11-09 16:15:00,False,16:15:00,2023-11-09
3522,2023-11-09 16:30:00,False,16:30:00,2023-11-09
3523,2023-11-09 16:45:00,False,16:45:00,2023-11-09
3524,2023-11-09 17:00:00,False,17:00:00,2023-11-09
3525,2023-11-09 17:15:00,False,17:15:00,2023-11-09
3526,2023-11-09 17:30:00,False,17:30:00,2023-11-09
3527,2023-11-09 17:45:00,False,17:45:00,2023-11-09
3528,2023-11-09 18:00:00,False,18:00:00,2023-11-09
3529,2023-11-09 18:15:00,False,18:15:00,2023-11-09
3530,2023-11-09 18:30:00,False,18:30:00,2023-11-09
3531,2023-11-09 18:45:00,False,18:45:00,2023-11-09
3532,2023-11-09 19:00:00,False,19:00:00,2023-11-09
3533,2023-11-09 19:15:00,False,19:15:00,2023-11-09
3534,2023-11-09 19:30:00,False,19:30:00,2023-11-09
3535,2023-11-09 19:45:00,False,19:45:00,2023-11-09
3536,2023-11-09 20:00:00,True,20:00:00,2023-11-09
3537,2023-11-09 20:15:00,False,20:15:00,2023-11-09
3538,2023-11-09 20:30:00,False,20:30:00,2023-11-09
3539,2023-11-09 20:45:00,False,20:45:00,2023-11-09
3540,2023-11-09 21:00:00,False,21:00:00,2023-11-09
3541,2023-11-09 21:15:00,False,21:15:00,2023-11-09
3542,2023-11-09 21:30:00,False,21:30:00,2023-11-09
3543,2023-11-09 21:45:00,False,21:45:00,2023-11-09
3544,2023-11-09 22:00:00,False,22:00:00,2023-11-09
3545,2023-11-09 22:15:00,False,22:15:00,2023-11-09
3546,2023-11-09 22:30:00,False,22:30:00,2023-11-09
3547,2023-11-09 22:45:00,False,22:45:00,2023-11-09
3548,2023-11-09 23:00:00,False,23:00:00,2023-11-09
3549,2023-11-09 23:15:00,False,23:15:00,2023-11-09
3550,2023-11-09 23:30:00,False,23:30:00,2023-11-09
3551,2023-11-09 23:45:00,False,23:45:00,2023-11-09
3552,2023-11-10 00:00:00,False,00:00:00,2023-11-10
3553,2023-11-10 00:15:00,False,00:15:00,2023-11-10
3554,2023-11-10 00:30:00,False,00:30:00,2023-11-10
3555,2023-11-10 00:45:00,False,00:45:00,2023-11-10
3556,2023-11-10 01:00:00,False,01:00:00,2023-11-10
3557,2023-11-10 01:15:00,False,01:15:00,2023-11-10
3558,2023-11-10 01:30:00,False,01:30:00,2023-11-10
3559,2023-11-10 01:45:00,False,01:45:00,2023-11-10
3560,2023-11-10 02:00:00,False,02:00:00,2023-11-10
3561,2023-11-10 02:15:00,False,02:15:00,2023-11-10
3562,2023-11-10 02:30:00,False,02:30:00,2023-11-10
3563,2023-11-10 02:45:00,False,02:45:00,2023-11-10
3564,2023-11-10 03:00:00,False,03:00:00,2023-11-10
3565,2023-11-10 03:15:00,False,03:15:00,2023-11-10
3566,2023-11-10 03:30:00,False,03:30:00,2023-11-10
3567,2023-11-10 03:45:00,False,03:45:00,2023-11-10
3568,2023-11-10 04:00:00,False,04:00:00,2023-11-10
3569,2023-11-10 04:15:00,False,04:15:00,2023-11-10
3570,2023-11-10 04:30:00,False,04:30:00,2023-11-10
3571,2023-11-10 04:45:00,False,04:45:00,2023-11-10
3572,2023-11-10 05:00:00,False,05:00:00,2023-11-10
3573,2023-11-10 05:15:00,False,05:15:00,2023-11-10
3574,2023-11-10 05:30:00,False,05:30:00,2023-11-10
3575,2023-11-10 05:45:00,False,05:45:00,2023-11-10
3576,2023-11-10 06:00:00,False,06:00:00,2023-11-10
3577,2023-11-10 06:15:00,False,06:15:00,2023-11-10
3578,2023-11-10 06:30:00,False,06:30:00,2023-11-10
3579,2023-11-10 06:45:00,False,06:45:00,2023-11-10
3580,2023-11-10 07:00:00,False,07:00:00,2023-11-10
3581,2023-11-10 07:15:00,False,07:15:00,2023-11-10
3582,2023-11-10 07:30:00,False,07:30:00,2023-11-10
3583,2023-11-10 07:45:00,False,07:45:00,2023-11-10
3584,2023-11-10 08:00:00,False,08:00:00,2023-11-10
3585,2023-11-10 08:15:00,False,08:15:00,2023-11-10
3586,2023-11-10 08:30:00,False,08:30:00,2023-11-10
3587,2023-11-10 08:45:00,False,08:45:00,2023-11-10
3588,2023-11-10 09:00:00,False,09:00:00,2023-11-10
3589,2023-11-10 09:15:00,False,09:15:00,2023-11-10
3590,2023-11-10 09:30:00,False,09:30:00,2023-11-10
3591,2023-11-10 09:45:00,False,09:45:00,2023-11-10
3592,2023-11-10 10:00:00,False,10:00:00,2023-11-10
3593,2023-11-10 10:15:00,False,10:15:00,2023-11-10
3594,2023-11-10 10:30:00,False,10:30:00,2023-11-10
3595,2023-11-10 10:45:00,False,10:45:00,2023-11-10
3596,2023-11-10 11:00:00,False,11:00:00,2023-11-10
3597,2023-11-10 11:15:00,False,11:15:00,2023-11-10
3598,2023-11-10 11:30:00,False,11:30:00,2023-11-10
3599,2023-11-10 11:45:00,False,11:45:00,2023-11-10
3600,2023-11-10 12:00:00,False,12:00:00,2023-11-10
3601,2023-11-10 12:15:00,False,12:15:00,2023-11-10
3602,2023-11-10 12:30:00,False,12:30:00,2023-11-10
3603,2023-11-10 12:45:00,False,12:45:00,2023-11-10
3604,2023-11-10 13:00:00,False,13:00:00,2023-11-10
3605,2023-11-10 13:15:00,False,13:15:00,2023-11-10
3606,2023-11-10 13:30:00,False,13:30:00,2023-11-10
3607,2023-11-10 13:45:00,False,13:45:00,2023-11-10
3608,2023-11-10 14:00:00,False,14:00:00,2023-11-10
3609,2023-11-10 14:15:00,False,14:15:00,2023-11-10
3610,2023-11-10 14:30:00,False,14:30:00,2023-11-10
3611,2023-11-10 14:45:00,False,14:45:00,2023-11-10
3612,2023-11-10 15:00:00,False,15:00:00,2023-11-10
3613,2023-11-10 15:15:00,False,15:15:00,2023-11-10
3614,2023-11-10 15:30:00,False,15:30:00,2023-11-10
3615,2023-11-10 15:45:00,False,15:45:00,2023-11-10
3616,2023-11-10 16:00:00,False,16:00:00,2023-11-10
3617,2023-11-10 16:15:00,False,16:15:00,2023-11-10
3618,2023-11-10 16:30:00,False,16:30:00,2023-11-10
3619,2023-11-10 16:45:00,False,16:45:00,2023-11-10
3620,2023-11-10 17:00:00,False,17:00:00,2023-11-10
3621,2023-11-10 17:15:00,False,17:15:00,2023-11-10
3622,2023-11-10 17:30:00,False,17:30:00,2023-11-10
3623,2023-11-10 17:45:00,False,17:45:00,2023-11-10
3624,2023-11-10 18:00:00,False,18:00:00,2023-11-10
3625,2023-11-10 18:15:00,False,18:15:00,2023-11-10
3626,2023-11-10 18:30:00,False,18:30:00,2023-11-10
3627,2023-11-10 18:45:00,False,18:45:00,2023-11-10
3628,2023-11-10 19:00:00,False,19:00:00,2023-11-10
3629,2023-11-10 19:15:00,False,19:15:00,2023-11-10
3630,2023-11-10 19:30:00,False,19:30:00,2023-11-10
3631,2023-11-10 19:45:00,False,19:45:00,2023-11-10
3632,2023-11-10 20:00:00,False,20:00:00,2023-11-10
3633,2023-11-10 20:15:00,True,20:15:00,2023-11-10
3634,2023-11-10 20:30:00,True,20:30:00,2023-11-10
3635,2023-11-10 20:45:00,True,20:45:00,2023-11-10
3636,2023-11-10 21:00:00,True,21:00:00,2023-11-10
3637,2023-11-10 21:15:00,False,21:15:00,2023-11-10
3638,2023-11-10 21:30:00,False,21:30:00,2023-11-10
3639,2023-11-10 21:45:00,False,21:45:00,2023-11-10
3640,2023-11-10 22:00:00,False,22:00:00,2023-11-10
3641,2023-11-10 22:15:00,False,22:15:00,2023-11-10
3642,2023-11-10 22:30:00,False,22:30:00,2023-11-10
3643,2023-11-10 22:45:00,False,22:45:00,2023-11-10
3644,2023-11-10 23:00:00,False,23:00:00,2023-11-10
3645,2023-11-10 23:15:00,False,23:15:00,2023-11-10
3646,2023-11-10 23:30:00,False,23:30:00,2023-11-10
3647,2023-11-10 23:45:00,False,23:45:00,2023-11-10
3648,2023-11-11 00:00:00,False,00:00:00,2023-11-11
3649,2023-11-11 00:15:00,False,00:15:00,2023-11-11
3650,2023-11-11 00:30:00,False,00:30:00,2023-11-11
3651,2023-11-11 00:45:00,False,00:45:00,2023-11-11
3652,2023-11-11 01:00:00,False,01:00:00,2023-11-11
3653,2023-11-11 01:15:00,False,01:15:00,2023-11-11
3654,2023-11-11 01:30:00,False,01:30:00,2023-11-11
3655,2023-11-11 01:45:00,False,01:45:00,2023-11-11
3656,2023-11-11 02:00:00,False,02:00:00,2023-11-11
3657,2023-11-11 02:15:00,False,02:15:00,2023-11-11
3658,2023-11-11 02:30:00,False,02:30:00,2023-11-11
3659,2023-11-11 02:45:00,False,02:45:00,2023-11-11
3660,2023-11-11 03:00:00,False,03:00:00,2023-11-11
3661,2023-11-11 03:15:00,False,03:15:00,2023-11-11
3662,2023-11-11 03:30:00,False,03:30:00,2023-11-11
3663,2023-11-11 03:45:00,False,03:45:00,2023-11-11
3664,2023-11-11 04:00:00,False,04:00:00,2023-11-11
3665,2023-11-11 04:15:00,False,04:15:00,2023-11-11
3666,2023-11-11 04:30:00,False,04:30:00,2023-11-11
3667,2023-11-11 04:45:00,False,04:45:00,2023-11-11
3668,2023-11-11 05:00:00,False,05:00:00,2023-11-11
3669,2023-11-11 05:15:00,False,05:15:00,2023-11-11
3670,2023-11-11 05:30:00,False,05:30:00,2023-11-11
3671,2023-11-11 05:45:00,False,05:45:00,2023-11-11
3672,2023-11-11 06:00:00,False,06:00:00,2023-11-11
3673,2023-11-11 06:15:00,False,06:15:00,2023-11-11
3674,2023-11-11 06:30:00,False,06:30:00,2023-11-11
3675,2023-11-11 06:45:00,False,06:45:00,2023-11-11
3676,2023-11-11 07:00:00,False,07:00:00,2023-11-11
3677,2023-11-11 07:15:00,False,07:15:00,2023-11-11
3678,2023-11-11 07:30:00,False,07:30:00,2023-11-11
3679,2023-11-11 07:45:00,False,07:45:00,2023-11-11
3680,2023-11-11 08:00:00,False,08:00:00,2023-11-11
3681,2023-11-11 08:15:00,False,08:15:00,2023-11-11
3682,2023-11-11 08:30:00,False,08:30:00,2023-11-11
3683,2023-11-11 08:45:00,False,08:45:00,2023-11-11
3684,2023-11-11 09:00:00,False,09:00:00,2023-11-11
3685,2023-11-11 09:15:00,False,09:15:00,2023-11-11
3686,2023-11-11 09:30:00,False,09:30:00,2023-11-11
3687,2023-11-11 09:45:00,False,09:45:00,2023-11-11
3688,2023-11-11 10:00:00,False,10:00:00,2023-11-11
3689,2023-11-11 10:15:00,False,10:15:00,2023-11-11
3690,2023-11-11 10:30:00,False,10:30:00,2023-11-11
3691,2023-11-11 10:45:00,False,10:45:00,2023-11-11
3692,2023-11-11 11:00:00,False,11:00:00,2023-11-11
3693,2023-11-11 11:15:00,False,11:15:00,2023-11-11
3694,2023-11-11 11:30:00,False,11:30:00,2023-11-11
3695,2023-11-11 11:45:00,False,11:45:00,2023-11-11
3696,2023-11-11 12:00:00,False,12:00:00,2023-11-11
3697,2023-11-11 12:15:00,False,12:15:00,2023-11-11
3698,2023-11-11 12:30:00,False,12:30:00,2023-11-11
3699,2023-11-11 12:45:00,False,12:45:00,2023-11-11
3700,2023-11-11 13:00:00,False,13:00:00,2023-11-11
3701,2023-11-11 13:15:00,False,13:15:00,2023-11-11
3702,2023-11-11 13:30:00,False,13:30:00,2023-11-11
3703,2023-11-11 13:45:00,False,13:45:00,2023-11-11
3704,2023-11-11 14:00:00,False,14:00:00,2023-11-11
3705,2023-11-11 14:15:00,False,14:15:00,2023-11-11
3706,2023-11-11 14:30:00,False,14:30:00,2023-11-11
3707,2023-11-11 14:45:00,False,14:45:00,2023-11-11
3708,2023-11-11 15:00:00,False,15:00:00,2023-11-11
3709,2023-11-11 15:15:00,False,15:15:00,2023-11-11
3710,2023-11-11 15:30:00,False,15:30:00,2023-11-11
3711,2023-11-11 15:45:00,False,15:45:00,2023-11-11
3712,2023-11-11 16:00:00,False,16:00:00,2023-11-11
3713,2023-11-11 16:15:00,False,16:15:00,2023-11-11
3714,2023-11-11 16:30:00,False,16:30:00,2023-11-11
3715,2023-11-11 16:45:00,False,16:45:00,2023-11-11
3716,2023-11-11 17:00:00,False,17:00:00,2023-11-11
3717,2023-11-11 17:15:00,False,17:15:00,2023-11-11
3718,2023-11-11 17:30:00,False,17:30:00,2023-11-11
3719,2023-11-11 17:45:00,False,17:45:00,2023-11-11
3720,2023-11-11 18:00:00,False,18:00:00,2023-11-11
3721,2023-11-11 18:15:00,False,18:15:00,2023-11-11
3722,2023-11-11 18:30:00,False,18:30:00,2023-11-11
3723,2023-11-11 18:45:00,False,18:45:00,2023-11-11
3724,2023-11-11 19:00:00,False,19:00:00,2023-11-11
3725,2023-11-11 19:15:00,False,19:15:00,2023-11-11
3726,2023-11-11 19:30:00,False,19:30:00,2023-11-11
3727,2023-11-11 19:45:00,False,19:45:00,2023-11-11
3728,2023-11-11 20:00:00,False,20:00:00,2023-11-11
3729,2023-11-11 20:15:00,False,20:15:00,2023-11-11
3730,2023-11-11 20:30:00,False,20:30:00,2023-11-11
3731,2023-11-11 20:45:00,False,20:45:00,2023-11-11
3732,2023-11-11 21:00:00,True,21:00:00,2023-11-11
3733,2023-11-11 21:15:00,True,21:15:00,2023-11-11
3734,2023-11-11 21:30:00,True,21:30:00,2023-11-11
3735,2023-11-11 21:45:00,True,21:45:00,2023-11-11
3736,2023-11-11 22:00:00,False,22:00:00,2023-11-11
3737,2023-11-11 22:15:00,False,22:15:00,2023-11-11
3738,2023-11-11 22:30:00,False,22:30:00,2023-11-11
3739,2023-11-11 22:45:00,False,22:45:00,2023-11-11
3740,2023-11-11 23:00:00,False,23:00:00,2023-11-11
3741,2023-11-11 23:15:00,False,23:15:00,2023-11-11
3742,2023-11-11 23:30:00,False,23:30:00,2023-11-11
3743,2023-11-11 23:45:00,False,23:45:00,2023-11-11
3744,2023-11-12 00:00:00,False,00:00:00,2023-11-12
3745,2023-11-12 00:15:00,False,00:15:00,2023-11-12
3746,2023-11-12 00:30:00,False,00:30:00,2023-11-12
3747,2023-11-12 00:45:00,False,00:45:00,2023-11-12
3748,2023-11-12 01:00:00,False,01:00:00,2023-11-12
3749,2023-11-12 01:15:00,False,01:15:00,2023-11-12
3750,2023-11-12 01:30:00,False,01:30:00,2023-11-12
3751,2023-11-12 01:45:00,False,01:45:00,2023-11-12
3752,2023-11-12 02:00:00,False,02:00:00,2023-11-12
3753,2023-11-12 02:15:00,False,02:15:00,2023-11-12
3754,2023-11-12 02:30:00,False,02:30:00,2023-11-12
3755,2023-11-12 02:45:00,False,02:45:00,2023-11-12
3756,2023-11-12 03:00:00,False,03:00:00,2023-11-12
3757,2023-11-12 03:15:00,False,03:15:00,2023-11-12
3758,2023-11-12 03:30:00,False,03:30:00,2023-11-12
3759,2023-11-12 03:45:00,False,03:45:00,2023-11-12
3760,2023-11-12 04:00:00,False,04:00:00,2023-11-12
3761,2023-11-12 04:15:00,False,04:15:00,2023-11-12
3762,2023-11-12 04:30:00,False,04:30:00,2023-11-12
3763,2023-11-12 04:45:00,False,04:45:00,2023-11-12
3764,2023-11-12 05:00:00,False,05:00:00,2023-11-12
3765,2023-11-12 05:15:00,False,05:15:00,2023-11-12
3766,2023-11-12 05:30:00,False,05:30:00,2023-11-12
3767,2023-11-12 05:45:00,False,05:45:00,2023-11-12
3768,2023-11-12 06:00:00,False,06:00:00,2023-11-12
3769,2023-11-12 06:15:00,False,06:15:00,2023-11-12
3770,2023-11-12 06:30:00,False,06:30:00,2023-11-12
3771,2023-11-12 06:45:00,False,06:45:00,2023-11-12
3772,2023-11-12 07:00:00,False,07:00:00,2023-11-12
3773,2023-11-12 07:15:00,False,07:15:00,2023-11-12
3774,2023-11-12 07:30:00,False,07:30:00,2023-11-12
3775,2023-11-12 07:45:00,False,07:45:00,2023-11-12
3776,2023-11-12 08:00:00,False,08:00:00,2023-11-12
3777,2023-11-12 08:15:00,False,08:15:00,2023-11-12
3778,2023-11-12 08:30:00,False,08:30:00,2023-11-12
3779,2023-11-12 08:45:00,False,08:45:00,2023-11-12
3780,2023-11-12 09:00:00,False,09:00:00,2023-11-12
3781,2023-11-12 09:15:00,False,09:15:00,2023-11-12
3782,2023-11-12 09:30:00,False,09:30:00,2023-11-12
3783,2023-11-12 09:45:00,False,09:45:00,2023-11-12
3784,2023-11-12 10:00:00,False,10:00:00,2023-11-12
3785,2023-11-12 10:15:00,False,10:15:00,2023-11-12
3786,2023-11-12 10:30:00,False,10:30:00,2023-11-12
3787,2023-11-12 10:45:00,False,10:45:00,2023-11-12
3788,2023-11-12 11:00:00,False,11:00:00,2023-11-12
3789,2023-11-12 11:15:00,False,11:15:00,2023-11-12
3790,2023-11-12 11:30:00,False,11:30:00,2023-11-12
3791,2023-11-12 11:45:00,False,11:45:00,2023-11-12
3792,2023-11-12 12:00:00,False,12:00:00,2023-11-12
3793,2023-11-12 12:15:00,False,12:15:00,2023-11-12
3794,2023-11-12 12:30:00,False,12:30:00,2023-11-12
3795,2023-11-12 12:45:00,False,12:45:00,2023-11-12
3796,2023-11-12 13:00:00,False,13:00:00,2023-11-12
3797,2023-11-12 13:15:00,False,13:15:00,2023-11-12
3798,2023-11-12 13:30:00,False,13:30:00,2023-11-12
3799,2023-11-12 13:45:00,False,13:45:00,2023-11-12
3800,2023-11-12 14:00:00,False,14:00:00,2023-11-12
3801,2023-11-12 14:15:00,False,14:15:00,2023-11-12
3802,2023-11-12 14:30:00,False,14:30:00,2023-11-12
3803,2023-11-12 14:45:00,False,14:45:00,2023-11-12
3804,2023-11-12 15:00:00,False,15:00:00,2023-11-12
3805,2023-11-12 15:15:00,False,15:15:00,2023-11-12
3806,2023-11-12 15:30:00,False,15:30:00,2023-11-12
3807,2023-11-12 15:45:00,False,15:45:00,2023-11-12
3808,2023-11-12 16:00:00,False,16:00:00,2023-11-12
3809,2023-11-12 16:15:00,False,16:15:00,2023-11-12
3810,2023-11-12 16:30:00,False,16:30:00,2023-11-12
3811,2023-11-12 16:45:00,False,16:45:00,2023-11-12
3812,2023-11-12 17:00:00,False,17:00:00,2023-11-12
3813,2023-11-12 17:15:00,False,17:15:00,2023-11-12
3814,2023-11-12 17:30:00,False,17:30:00,2023-11-12
3815,2023-11-12 17:45:00,False,17:45:00,2023-11-12
3816,2023-11-12 18:00:00,False,18:00:00,2023-11-12
3817,2023-11-12 18:15:00,False,18:15:00,2023-11-12
3818,2023-11-12 18:30:00,False,18:30:00,2023-11-12
3819,2023-11-12 18:45:00,False,18:45:00,2023-11-12
3820,2023-11-12 19:00:00,False,19:00:00,2023-11-12
3821,2023-11-12 19:15:00,False,19:15:00,2023-11-12
3822,2023-11-12 19:30:00,False,19:30:00,2023-11-12
3823,2023-11-12 19:45:00,False,19:45:00,2023-11-12
3824,2023-11-12 20:00:00,False,20:00:00,2023-11-12
3825,2023-11-12 20:15:00,False,20:15:00,2023-11-12
3826,2023-11-12 20:30:00,False,20:30:00,2023-11-12
3827,2023-11-12 20:45:00,False,20:45:00,2023-11-12
3828,2023-11-12 21:00:00,False,21:00:00,2023-11-12
3829,2023-11-12 21:15:00,False,21:15:00,2023-11-12
3830,2023-11-12 21:30:00,False,21:30:00,2023-11-12
3831,2023-11-12 21:45:00,False,21:45:00,2023-11-12
3832,2023-11-12 22:00:00,False,22:00:00,2023-11-12
3833,2023-11-12 22:15:00,False,22:15:00,2023-11-12
3834,2023-11-12 22:30:00,False,22:30:00,2023-11-12
3835,2023-11-12 22:45:00,False,22:45:00,2023-11-12
3836,2023-11-12 23:00:00,False,23:00:00,2023-11-12
3837,2023-11-12 23:15:00,False,23:15:00,2023-11-12
3838,2023-11-12 23:30:00,False,23:30:00,2023-11-12
3839,2023-11-12 23:45:00,False,23:45:00,2023-11-12
3840,2023-11-13 00:00:00,False,00:00:00,2023-11-13
3841,2023-11-13 00:15:00,False,00:15:00,2023-11-13
3842,2023-11-13 00:30:00,False,00:30:00,2023-11-13
3843,2023-11-13 00:45:00,False,00:45:00,2023-11-13
3844,2023-11-13 01:00:00,False,01:00:00,2023-11-13
3845,2023-11-13 01:15:00,False,01:15:00,2023-11-13
3846,2023-11-13 01:30:00,False,01:30:00,2023-11-13
3847,2023-11-13 01:45:00,False,01:45:00,2023-11-13
3848,2023-11-13 02:00:00,False,02:00:00,2023-11-13
3849,2023-11-13 02:15:00,False,02:15:00,2023-11-13
3850,2023-11-13 02:30:00,False,02:30:00,2023-11-13
3851,2023-11-13 02:45:00,False,02:45:00,2023-11-13
3852,2023-11-13 03:00:00,False,03:00:00,2023-11-13
3853,2023-11-13 03:15:00,False,03:15:00,2023-11-13
3854,2023-11-13 03:30:00,False,03:30:00,2023-11-13
3855,2023-11-13 03:45:00,False,03:45:00,2023-11-13
3856,2023-11-13 04:00:00,False,04:00:00,2023-11-13
3857,2023-11-13 04:15:00,False,04:15:00,2023-11-13
3858,2023-11-13 04:30:00,False,04:30:00,2023-11-13
3859,2023-11-13 04:45:00,False,04:45:00,2023-11-13
3860,2023-11-13 05:00:00,False,05:00:00,2023-11-13
3861,2023-11-13 05:15:00,False,05:15:00,2023-11-13
3862,2023-11-13 05:30:00,False,05:30:00,2023-11-13
3863,2023-11-13 05:45:00,False,05:45:00,2023-11-13
3864,2023-11-13 06:00:00,False,06:00:00,2023-11-13
3865,2023-11-13 06:15:00,False,06:15:00,2023-11-13
3866,2023-11-13 06:30:00,False,06:30:00,2023-11-13
3867,2023-11-13 06:45:00,False,06:45:00,2023-11-13
3868,2023-11-13 07:00:00,False,07:00:00,2023-11-13
3869,2023-11-13 07:15:00,False,07:15:00,2023-11-13
3870,2023-11-13 07:30:00,False,07:30:00,2023-11-13
3871,2023-11-13 07:45:00,False,07:45:00,2023-11-13
3872,2023-11-13 08:00:00,False,08:00:00,2023-11-13
3873,2023-11-13 08:15:00,False,08:15:00,2023-11-13
3874,2023-11-13 08:30:00,False,08:30:00,2023-11-13
3875,2023-11-13 08:45:00,False,08:45:00,2023-11-13
3876,2023-11-13 09:00:00,False,09:00:00,2023-11-13
3877,2023-11-13 09:15:00,False,09:15:00,2023-11-13
3878,2023-11-13 09:30:00,False,09:30:00,2023-11-13
3879,2023-11-13 09:45:00,False,09:45:00,2023-11-13
3880,2023-11-13 10:00:00,False,10:00:00,2023-11-13
3881,2023-11-13 10:15:00,False,10:15:00,2023-11-13
3882,2023-11-13 10:30:00,False,10:30:00,2023-11-13
3883,2023-11-13 10:45:00,False,10:45:00,2023-11-13
3884,2023-11-13 11:00:00,False,11:00:00,2023-11-13
3885,2023-11-13 11:15:00,False,11:15:00,2023-11-13
3886,2023-11-13 11:30:00,False,11:30:00,2023-11-13
3887,2023-11-13 11:45:00,False,11:45:00,2023-11-13
3888,2023-11-13 12:00:00,False,12:00:00,2023-11-13
3889,2023-11-13 12:15:00,False,12:15:00,2023-11-13
3890,2023-11-13 12:30:00,False,12:30:00,2023-11-13
3891,2023-11-13 12:45:00,False,12:45:00,2023-11-13
3892,2023-11-13 13:00:00,False,13:00:00,2023-11-13
3893,2023-11-13 13:15:00,False,13:15:00,2023-11-13
3894,2023-11-13 13:30:00,False,13:30:00,2023-11-13
3895,2023-11-13 13:45:00,False,13:45:00,2023-11-13
3896,2023-11-13 14:00:00,False,14:00:00,2023-11-13
3897,2023-11-13 14:15:00,False,14:15:00,2023-11-13
3898,2023-11-13 14:30:00,False,14:30:00,2023-11-13
3899,2023-11-13 14:45:00,False,14:45:00,2023-11-13
3900,2023-11-13 15:00:00,False,15:00:00,2023-11-13
3901,2023-11-13 15:15:00,False,15:15:00,2023-11-13
3902,2023-11-13 15:30:00,False,15:30:00,2023-11-13
3903,2023-11-13 15:45:00,False,15:45:00,2023-11-13
3904,2023-11-13 16:00:00,False,16:00:00,2023-11-13
3905,2023-11-13 16:15:00,False,16:15:00,2023-11-13
3906,2023-11-13 16:30:00,False,16:30:00,2023-11-13
3907,2023-11-13 16:45:00,False,16:45:00,2023-11-13
3908,2023-11-13 17:00:00,False,17:00:00,2023-11-13
3909,2023-11-13 17:15:00,False,17:15:00,2023-11-13
3910,2023-11-13 17:30:00,False,17:30:00,2023-11-13
3911,2023-11-13 17:45:00,False,17:45:00,2023-11-13
3912,2023-11-13 18:00:00,False,18:00:00,2023-11-13
3913,2023-11-13 18:15:00,False,18:15:00,2023-11-13
3914,2023-11-13 18:30:00,False,18:30:00,2023-11-13
3915,2023-11-13 18:45:00,False,18:45:00,2023-11-13
3916,2023-11-13 19:00:00,False,19:00:00,2023-11-13
3917,2023-11-13 19:15:00,False,19:15:00,2023-11-13
3918,2023-11-13 19:30:00,False,19:30:00,2023-11-13
3919,2023-11-13 19:45:00,False,19:45:00,2023-11-13
3920,2023-11-13 20:00:00,False,20:00:00,2023-11-13
3921,2023-11-13 20:15:00,False,20:15:00,2023-11-13
3922,2023-11-13 20:30:00,False,20:30:00,2023-11-13
3923,2023-11-13 20:45:00,False,20:45:00,2023-11-13
3924,2023-11-13 21:00:00,False,21:00:00,2023-11-13
3925,2023-11-13 21:15:00,False,21:15:00,2023-11-13
3926,2023-11-13 21:30:00,True,21:30:00,2023-11-13
3927,2023-11-13 21:45:00,True,21:45:00,2023-11-13
3928,2023-11-13 22:00:00,False,22:00:00,2023-11-13
3929,2023-11-13 22:15:00,False,22:15:00,2023-11-13
3930,2023-11-13 22:30:00,False,22:30:00,2023-11-13
3931,2023-11-13 22:45:00,False,22:45:00,2023-11-13
3932,2023-11-13 23:00:00,False,23:00:00,2023-11-13
3933,2023-11-13 23:15:00,False,23:15:00,2023-11-13
3934,2023-11-13 23:30:00,False,23:30:00,2023-11-13
3935,2023-11-13 23:45:00,False,23:45:00,2023-11-13
3936,2023-11-14 00:00:00,False,00:00:00,2023-11-14
3937,2023-11-14 00:15:00,False,00:15:00,2023-11-14
3938,2023-11-14 00:30:00,False,00:30:00,2023-11-14
3939,2023-11-14 00:45:00,False,00:45:00,2023-11-14
3940,2023-11-14 01:00:00,False,01:00:00,2023-11-14
3941,2023-11-14 01:15:00,False,01:15:00,2023-11-14
3942,2023-11-14 01:30:00,False,01:30:00,2023-11-14
3943,2023-11-14 01:45:00,False,01:45:00,2023-11-14
3944,2023-11-14 02:00:00,False,02:00:00,2023-11-14
3945,2023-11-14 02:15:00,False,02:15:00,2023-11-14
3946,2023-11-14 02:30:00,False,02:30:00,2023-11-14
3947,2023-11-14 02:45:00,False,02:45:00,2023-11-14
3948,2023-11-14 03:00:00,False,03:00:00,2023-11-14
3949,2023-11-14 03:15:00,False,03:15:00,2023-11-14
3950,2023-11-14 03:30:00,False,03:30:00,2023-11-14
3951,2023-11-14 03:45:00,False,03:45:00,2023-11-14
3952,2023-11-14 04:00:00,False,04:00:00,2023-11-14
3953,2023-11-14 04:15:00,False,04:15:00,2023-11-14
3954,2023-11-14 04:30:00,False,04:30:00,2023-11-14
3955,2023-11-14 04:45:00,False,04:45:00,2023-11-14
3956,2023-11-14 05:00:00,False,05:00:00,2023-11-14
3957,2023-11-14 05:15:00,False,05:15:00,2023-11-14
3958,2023-11-14 05:30:00,False,05:30:00,2023-11-14
3959,2023-11-14 05:45:00,False,05:45:00,2023-11-14
3960,2023-11-14 06:00:00,False,06:00:00,2023-11-14
3961,2023-11-14 06:15:00,False,06:15:00,2023-11-14
3962,2023-11-14 06:30:00,False,06:30:00,2023-11-14
3963,2023-11-14 06:45:00,False,06:45:00,2023-11-14
3964,2023-11-14 07:00:00,False,07:00:00,2023-11-14
3965,2023-11-14 07:15:00,False,07:15:00,2023-11-14
3966,2023-11-14 07:30:00,False,07:30:00,2023-11-14
3967,2023-11-14 07:45:00,False,07:45:00,2023-11-14
3968,2023-11-14 08:00:00,False,08:00:00,2023-11-14
3969,2023-11-14 08:15:00,False,08:15:00,2023-11-14
3970,2023-11-14 08:30:00,False,08:30:00,2023-11-14
3971,2023-11-14 08:45:00,False,08:45:00,2023-11-14
3972,2023-11-14 09:00:00,False,09:00:00,2023-11-14
3973,2023-11-14 09:15:00,False,09:15:00,2023-11-14
3974,2023-11-14 09:30:00,False,09:30:00,2023-11-14
3975,2023-11-14 09:45:00,False,09:45:00,2023-11-14
3976,2023-11-14 10:00:00,False,10:00:00,2023-11-14
3977,2023-11-14 10:15:00,False,10:15:00,2023-11-14
3978,2023-11-14 10:30:00,False,10:30:00,2023-11-14
3979,2023-11-14 10:45:00,False,10:45:00,2023-11-14
3980,2023-11-14 11:00:00,False,11:00:00,2023-11-14
3981,2023-11-14 11:15:00,False,11:15:00,2023-11-14
3982,2023-11-14 11:30:00,False,11:30:00,2023-11-14
3983,2023-11-14 11:45:00,False,11:45:00,2023-11-14
3984,2023-11-14 12:00:00,False,12:00:00,2023-11-14
3985,2023-11-14 12:15:00,False,12:15:00,2023-11-14
3986,2023-11-14 12:30:00,False,12:30:00,2023-11-14
3987,2023-11-14 12:45:00,False,12:45:00,2023-11-14
3988,2023-11-14 13:00:00,False,13:00:00,2023-11-14
3989,2023-11-14 13:15:00,False,13:15:00,2023-11-14
3990,2023-11-14 13:30:00,False,13:30:00,2023-11-14
3991,2023-11-14 13:45:00,False,13:45:00,2023-11-14
3992,2023-11-14 14:00:00,False,14:00:00,2023-11-14
3993,2023-11-14 14:15:00,False,14:15:00,2023-11-14
3994,2023-11-14 14:30:00,False,14:30:00,2023-11-14
3995,2023-11-14 14:45:00,False,14:45:00,2023-11-14
3996,2023-11-14 15:00:00,False,15:00:00,2023-11-14
3997,2023-11-14 15:15:00,False,15:15:00,2023-11-14
3998,2023-11-14 15:30:00,False,15:30:00,2023-11-14
3999,2023-11-14 15:45:00,False,15:45:00,2023-11-14
4000,2023-11-14 16:00:00,False,16:00:00,2023-11-14
4001,2023-11-14 16:15:00,False,16:15:00,2023-11-14
4002,2023-11-14 16:30:00,False,16:30:00,2023-11-14
4003,2023-11-14 16:45:00,False,16:45:00,2023-11-14
4004,2023-11-14 17:00:00,False,17:00:00,2023-11-14
4005,2023-11-14 17:15:00,False,17:15:00,2023-11-14
4006,2023-11-14 17:30:00,False,17:30:00,2023-11-14
4007,2023-11-14 17:45:00,False,17:45:00,2023-11-14
4008,2023-11-14 18:00:00,False,18:00:00,2023-11-14
4009,2023-11-14 18:15:00,False,18:15:00,2023-11-14
4010,2023-11-14 18:30:00,False,18:30:00,2023-11-14
4011,2023-11-14 18:45:00,False,18:45:00,2023-11-14
4012,2023-11-14 19:00:00,False,19:00:00,2023-11-14
4013,2023-11-14 19:15:00,False,19:15:00,2023-11-14
4014,2023-11-14 19:30:00,False,19:30:00,2023-11-14
4015,2023-11-14 19:45:00,False,19:45:00,2023-11-14
4016,2023-11-14 20:00:00,False,20:00:00,2023-11-14
4017,2023-11-14 20:15:00,False,20:15:00,2023-11-14
4018,2023-11-14 20:30:00,False,20:30:00,2023-11-14
4019,2023-11-14 20:45:00,False,20:45:00,2023-11-14
4020,2023-11-14 21:00:00,False,21:00:00,2023-11-14
4021,2023-11-14 21:15:00,False,21:15:00,2023-11-14
4022,2023-11-14 21:30:00,False,21:30:00,2023-11-14
4023,2023-11-14 21:45:00,False,21:45:00,2023-11-14
4024,2023-11-14 22:00:00,False,22:00:00,2023-11-14
4025,2023-11-14 22:15:00,False,22:15:00,2023-11-14
4026,2023-11-14 22:30:00,False,22:30:00,2023-11-14
4027,2023-11-14 22:45:00,False,22:45:00,2023-11-14
4028,2023-11-14 23:00:00,False,23:00:00,2023-11-14
4029,2023-11-14 23:15:00,False,23:15:00,2023-11-14
4030,2023-11-14 23:30:00,False,23:30:00,2023-11-14
4031,2023-11-14 23:45:00,False,23:45:00,2023-11-14
4032,2023-11-15 00:00:00,False,00:00:00,2023-11-15
4033,2023-11-15 00:15:00,False,00:15:00,2023-11-15
4034,2023-11-15 00:30:00,False,00:30:00,2023-11-15
4035,2023-11-15 00:45:00,False,00:45:00,2023-11-15
4036,2023-11-15 01:00:00,False,01:00:00,2023-11-15
4037,2023-11-15 01:15:00,False,01:15:00,2023-11-15
4038,2023-11-15 01:30:00,False,01:30:00,2023-11-15
4039,2023-11-15 01:45:00,False,01:45:00,2023-11-15
4040,2023-11-15 02:00:00,False,02:00:00,2023-11-15
4041,2023-11-15 02:15:00,False,02:15:00,2023-11-15
4042,2023-11-15 02:30:00,False,02:30:00,2023-11-15
4043,2023-11-15 02:45:00,False,02:45:00,2023-11-15
4044,2023-11-15 03:00:00,False,03:00:00,2023-11-15
4045,2023-11-15 03:15:00,False,03:15:00,2023-11-15
4046,2023-11-15 03:30:00,False,03:30:00,2023-11-15
4047,2023-11-15 03:45:00,False,03:45:00,2023-11-15
4048,2023-11-15 04:00:00,False,04:00:00,2023-11-15
4049,2023-11-15 04:15:00,False,04:15:00,2023-11-15
4050,2023-11-15 04:30:00,False,04:30:00,2023-11-15
4051,2023-11-15 04:45:00,False,04:45:00,2023-11-15
4052,2023-11-15 05:00:00,False,05:00:00,2023-11-15
4053,2023-11-15 05:15:00,False,05:15:00,2023-11-15
4054,2023-11-15 05:30:00,False,05:30:00,2023-11-15
4055,2023-11-15 05:45:00,False,05:45:00,2023-11-15
4056,2023-11-15 06:00:00,False,06:00:00,2023-11-15
4057,2023-11-15 06:15:00,False,06:15:00,2023-11-15
4058,2023-11-15 06:30:00,False,06:30:00,2023-11-15
4059,2023-11-15 06:45:00,False,06:45:00,2023-11-15
4060,2023-11-15 07:00:00,False,07:00:00,2023-11-15
4061,2023-11-15 07:15:00,False,07:15:00,2023-11-15
4062,2023-11-15 07:30:00,False,07:30:00,2023-11-15
4063,2023-11-15 07:45:00,False,07:45:00,2023-11-15
4064,2023-11-15 08:00:00,False,08:00:00,2023-11-15
4065,2023-11-15 08:15:00,False,08:15:00,2023-11-15
4066,2023-11-15 08:30:00,False,08:30:00,2023-11-15
4067,2023-11-15 08:45:00,False,08:45:00,2023-11-15
4068,2023-11-15 09:00:00,False,09:00:00,2023-11-15
4069,2023-11-15 09:15:00,False,09:15:00,2023-11-15
4070,2023-11-15 09:30:00,False,09:30:00,2023-11-15
4071,2023-11-15 09:45:00,False,09:45:00,2023-11-15
4072,2023-11-15 10:00:00,False,10:00:00,2023-11-15
4073,2023-11-15 10:15:00,False,10:15:00,2023-11-15
4074,2023-11-15 10:30:00,False,10:30:00,2023-11-15
4075,2023-11-15 10:45:00,False,10:45:00,2023-11-15
4076,2023-11-15 11:00:00,False,11:00:00,2023-11-15
4077,2023-11-15 11:15:00,False,11:15:00,2023-11-15
4078,2023-11-15 11:30:00,False,11:30:00,2023-11-15
4079,2023-11-15 11:45:00,False,11:45:00,2023-11-15
4080,2023-11-15 12:00:00,False,12:00:00,2023-11-15
4081,2023-11-15 12:15:00,False,12:15:00,2023-11-15
4082,2023-11-15 12:30:00,False,12:30:00,2023-11-15
4083,2023-11-15 12:45:00,False,12:45:00,2023-11-15
4084,2023-11-15 13:00:00,False,13:00:00,2023-11-15
4085,2023-11-15 13:15:00,False,13:15:00,2023-11-15
4086,2023-11-15 13:30:00,False,13:30:00,2023-11-15
4087,2023-11-15 13:45:00,False,13:45:00,2023-11-15
4088,2023-11-15 14:00:00,False,14:00:00,2023-11-15
4089,2023-11-15 14:15:00,False,14:15:00,2023-11-15
4090,2023-11-15 14:30:00,False,14:30:00,2023-11-15
4091,2023-11-15 14:45:00,False,14:45:00,2023-11-15
4092,2023-11-15 15:00:00,False,15:00:00,2023-11-15
4093,2023-11-15 15:15:00,False,15:15:00,2023-11-15
4094,2023-11-15 15:30:00,False,15:30:00,2023-11-15
4095,2023-11-15 15:45:00,False,15:45:00,2023-11-15
4096,2023-11-15 16:00:00,False,16:00:00,2023-11-15
4097,2023-11-15 16:15:00,False,16:15:00,2023-11-15
4098,2023-11-15 16:30:00,False,16:30:00,2023-11-15
4099,2023-11-15 16:45:00,False,16:45:00,2023-11-15
4100,2023-11-15 17:00:00,False,17:00:00,2023-11-15
4101,2023-11-15 17:15:00,False,17:15:00,2023-11-15
4102,2023-11-15 17:30:00,False,17:30:00,2023-11-15
4103,2023-11-15 17:45:00,False,17:45:00,2023-11-15
4104,2023-11-15 18:00:00,False,18:00:00,2023-11-15
4105,2023-11-15 18:15:00,False,18:15:00,2023-11-15
4106,2023-11-15 18:30:00,False,18:30:00,2023-11-15
4107,2023-11-15 18:45:00,False,18:45:00,2023-11-15
4108,2023-11-15 19:00:00,False,19:00:00,2023-11-15
4109,2023-11-15 19:15:00,False,19:15:00,2023-11-15
4110,2023-11-15 19:30:00,False,19:30:00,2023-11-15
4111,2023-11-15 19:45:00,False,19:45:00,2023-11-15
4112,2023-11-15 20:00:00,False,20:00:00,2023-11-15
4113,2023-11-15 20:15:00,False,20:15:00,2023-11-15
4114,2023-11-15 20:30:00,False,20:30:00,2023-11-15
4115,2023-11-15 20:45:00,False,20:45:00,2023-11-15
4116,2023-11-15 21:00:00,False,21:00:00,2023-11-15
4117,2023-11-15 21:15:00,False,21:15:00,2023-11-15
4118,2023-11-15 21:30:00,False,21:30:00,2023-11-15
4119,2023-11-15 21:45:00,False,21:45:00,2023-11-15
4120,2023-11-15 22:00:00,False,22:00:00,2023-11-15
4121,2023-11-15 22:15:00,False,22:15:00,2023-11-15
4122,2023-11-15 22:30:00,False,22:30:00,2023-11-15
4123,2023-11-15 22:45:00,False,22:45:00,2023-11-15
4124,2023-11-15 23:00:00,False,23:00:00,2023-11-15
4125,2023-11-15 23:15:00,False,23:15:00,2023-11-15
4126,2023-11-15 23:30:00,False,23:30:00,2023-11-15
4127,2023-11-15 23:45:00,False,23:45:00,2023-11-15
4128,2023-11-16 00:00:00,False,00:00:00,2023-11-16
4129,2023-11-16 00:15:00,False,00:15:00,2023-11-16
4130,2023-11-16 00:30:00,False,00:30:00,2023-11-16
4131,2023-11-16 00:45:00,False,00:45:00,2023-11-16
4132,2023-11-16 01:00:00,False,01:00:00,2023-11-16
4133,2023-11-16 01:15:00,False,01:15:00,2023-11-16
4134,2023-11-16 01:30:00,False,01:30:00,2023-11-16
4135,2023-11-16 01:45:00,False,01:45:00,2023-11-16
4136,2023-11-16 02:00:00,False,02:00:00,2023-11-16
4137,2023-11-16 02:15:00,False,02:15:00,2023-11-16
4138,2023-11-16 02:30:00,False,02:30:00,2023-11-16
4139,2023-11-16 02:45:00,False,02:45:00,2023-11-16
4140,2023-11-16 03:00:00,False,03:00:00,2023-11-16
4141,2023-11-16 03:15:00,False,03:15:00,2023-11-16
4142,2023-11-16 03:30:00,False,03:30:00,2023-11-16
4143,2023-11-16 03:45:00,False,03:45:00,2023-11-16
4144,2023-11-16 04:00:00,False,04:00:00,2023-11-16
4145,2023-11-16 04:15:00,False,04:15:00,2023-11-16
4146,2023-11-16 04:30:00,False,04:30:00,2023-11-16
4147,2023-11-16 04:45:00,False,04:45:00,2023-11-16
4148,2023-11-16 05:00:00,False,05:00:00,2023-11-16
4149,2023-11-16 05:15:00,False,05:15:00,2023-11-16
4150,2023-11-16 05:30:00,False,05:30:00,2023-11-16
4151,2023-11-16 05:45:00,False,05:45:00,2023-11-16
4152,2023-11-16 06:00:00,False,06:00:00,2023-11-16
4153,2023-11-16 06:15:00,False,06:15:00,2023-11-16
4154,2023-11-16 06:30:00,False,06:30:00,2023-11-16
4155,2023-11-16 06:45:00,False,06:45:00,2023-11-16
4156,2023-11-16 07:00:00,False,07:00:00,2023-11-16
4157,2023-11-16 07:15:00,False,07:15:00,2023-11-16
4158,2023-11-16 07:30:00,False,07:30:00,2023-11-16
4159,2023-11-16 07:45:00,False,07:45:00,2023-11-16
4160,2023-11-16 08:00:00,False,08:00:00,2023-11-16
4161,2023-11-16 08:15:00,False,08:15:00,2023-11-16
4162,2023-11-16 08:30:00,False,08:30:00,2023-11-16
4163,2023-11-16 08:45:00,False,08:45:00,2023-11-16
4164,2023-11-16 09:00:00,False,09:00:00,2023-11-16
4165,2023-11-16 09:15:00,False,09:15:00,2023-11-16
4166,2023-11-16 09:30:00,False,09:30:00,2023-11-16
4167,2023-11-16 09:45:00,False,09:45:00,2023-11-16
4168,2023-11-16 10:00:00,False,10:00:00,2023-11-16
4169,2023-11-16 10:15:00,False,10:15:00,2023-11-16
4170,2023-11-16 10:30:00,False,10:30:00,2023-11-16
4171,2023-11-16 10:45:00,False,10:45:00,2023-11-16
4172,2023-11-16 11:00:00,False,11:00:00,2023-11-16
4173,2023-11-16 11:15:00,False,11:15:00,2023-11-16
4174,2023-11-16 11:30:00,False,11:30:00,2023-11-16
4175,2023-11-16 11:45:00,False,11:45:00,2023-11-16
4176,2023-11-16 12:00:00,False,12:00:00,2023-11-16
4177,2023-11-16 12:15:00,False,12:15:00,2023-11-16
4178,2023-11-16 12:30:00,True,12:30:00,2023-11-16
4179,2023-11-16 12:45:00,False,12:45:00,2023-11-16
4180,2023-11-16 13:00:00,False,13:00:00,2023-11-16
4181,2023-11-16 13:15:00,False,13:15:00,2023-11-16
4182,2023-11-16 13:30:00,False,13:30:00,2023-11-16
4183,2023-11-16 13:45:00,False,13:45:00,2023-11-16
4184,2023-11-16 14:00:00,False,14:00:00,2023-11-16
4185,2023-11-16 14:15:00,False,14:15:00,2023-11-16
4186,2023-11-16 14:30:00,False,14:30:00,2023-11-16
4187,2023-11-16 14:45:00,False,14:45:00,2023-11-16
4188,2023-11-16 15:00:00,False,15:00:00,2023-11-16
4189,2023-11-16 15:15:00,False,15:15:00,2023-11-16
4190,2023-11-16 15:30:00,False,15:30:00,2023-11-16
4191,2023-11-16 15:45:00,False,15:45:00,2023-11-16
4192,2023-11-16 16:00:00,False,16:00:00,2023-11-16
4193,2023-11-16 16:15:00,False,16:15:00,2023-11-16
4194,2023-11-16 16:30:00,False,16:30:00,2023-11-16
4195,2023-11-16 16:45:00,False,16:45:00,2023-11-16
4196,2023-11-16 17:00:00,False,17:00:00,2023-11-16
4197,2023-11-16 17:15:00,False,17:15:00,2023-11-16
4198,2023-11-16 17:30:00,False,17:30:00,2023-11-16
4199,2023-11-16 17:45:00,False,17:45:00,2023-11-16
4200,2023-11-16 18:00:00,False,18:00:00,2023-11-16
4201,2023-11-16 18:15:00,False,18:15:00,2023-11-16
4202,2023-11-16 18:30:00,False,18:30:00,2023-11-16
4203,2023-11-16 18:45:00,False,18:45:00,2023-11-16
4204,2023-11-16 19:00:00,False,19:00:00,2023-11-16
4205,2023-11-16 19:15:00,False,19:15:00,2023-11-16
4206,2023-11-16 19:30:00,False,19:30:00,2023-11-16
4207,2023-11-16 19:45:00,False,19:45:00,2023-11-16
4208,2023-11-16 20:00:00,False,20:00:00,2023-11-16
4209,2023-11-16 20:15:00,False,20:15:00,2023-11-16
4210,2023-11-16 20:30:00,False,20:30:00,2023-11-16
4211,2023-11-16 20:45:00,False,20:45:00,2023-11-16
4212,2023-11-16 21:00:00,False,21:00:00,2023-11-16
4213,2023-11-16 21:15:00,False,21:15:00,2023-11-16
4214,2023-11-16 21:30:00,False,21:30:00,2023-11-16
4215,2023-11-16 21:45:00,False,21:45:00,2023-11-16
4216,2023-11-16 22:00:00,False,22:00:00,2023-11-16
4217,2023-11-16 22:15:00,False,22:15:00,2023-11-16
4218,2023-11-16 22:30:00,False,22:30:00,2023-11-16
4219,2023-11-16 22:45:00,False,22:45:00,2023-11-16
4220,2023-11-16 23:00:00,False,23:00:00,2023-11-16
4221,2023-11-16 23:15:00,False,23:15:00,2023-11-16
4222,2023-11-16 23:30:00,False,23:30:00,2023-11-16
4223,2023-11-16 23:45:00,False,23:45:00,2023-11-16
4224,2023-11-17 00:00:00,False,00:00:00,2023-11-17
4225,2023-11-17 00:15:00,False,00:15:00,2023-11-17
4226,2023-11-17 00:30:00,False,00:30:00,2023-11-17
4227,2023-11-17 00:45:00,False,00:45:00,2023-11-17
4228,2023-11-17 01:00:00,False,01:00:00,2023-11-17
4229,2023-11-17 01:15:00,False,01:15:00,2023-11-17
4230,2023-11-17 01:30:00,False,01:30:00,2023-11-17
4231,2023-11-17 01:45:00,False,01:45:00,2023-11-17
4232,2023-11-17 02:00:00,False,02:00:00,2023-11-17
4233,2023-11-17 02:15:00,False,02:15:00,2023-11-17
4234,2023-11-17 02:30:00,False,02:30:00,2023-11-17
4235,2023-11-17 02:45:00,False,02:45:00,2023-11-17
4236,2023-11-17 03:00:00,False,03:00:00,2023-11-17
4237,2023-11-17 03:15:00,False,03:15:00,2023-11-17
4238,2023-11-17 03:30:00,False,03:30:00,2023-11-17
4239,2023-11-17 03:45:00,False,03:45:00,2023-11-17
4240,2023-11-17 04:00:00,False,04:00:00,2023-11-17
4241,2023-11-17 04:15:00,False,04:15:00,2023-11-17
4242,2023-11-17 04:30:00,False,04:30:00,2023-11-17
4243,2023-11-17 04:45:00,False,04:45:00,2023-11-17
4244,2023-11-17 05:00:00,False,05:00:00,2023-11-17
4245,2023-11-17 05:15:00,False,05:15:00,2023-11-17
4246,2023-11-17 05:30:00,False,05:30:00,2023-11-17
4247,2023-11-17 05:45:00,False,05:45:00,2023-11-17
4248,2023-11-17 06:00:00,False,06:00:00,2023-11-17
4249,2023-11-17 06:15:00,False,06:15:00,2023-11-17
4250,2023-11-17 06:30:00,False,06:30:00,2023-11-17
4251,2023-11-17 06:45:00,False,06:45:00,2023-11-17
4252,2023-11-17 07:00:00,False,07:00:00,2023-11-17
4253,2023-11-17 07:15:00,True,07:15:00,2023-11-17
4254,2023-11-17 07:30:00,False,07:30:00,2023-11-17
4255,2023-11-17 07:45:00,False,07:45:00,2023-11-17
4256,2023-11-17 08:00:00,False,08:00:00,2023-11-17
4257,2023-11-17 08:15:00,False,08:15:00,2023-11-17
4258,2023-11-17 08:30:00,False,08:30:00,2023-11-17
4259,2023-11-17 08:45:00,False,08:45:00,2023-11-17
4260,2023-11-17 09:00:00,False,09:00:00,2023-11-17
4261,2023-11-17 09:15:00,False,09:15:00,2023-11-17
4262,2023-11-17 09:30:00,False,09:30:00,2023-11-17
4263,2023-11-17 09:45:00,False,09:45:00,2023-11-17
4264,2023-11-17 10:00:00,False,10:00:00,2023-11-17
4265,2023-11-17 10:15:00,False,10:15:00,2023-11-17
4266,2023-11-17 10:30:00,False,10:30:00,2023-11-17
4267,2023-11-17 10:45:00,False,10:45:00,2023-11-17
4268,2023-11-17 11:00:00,False,11:00:00,2023-11-17
4269,2023-11-17 11:15:00,False,11:15:00,2023-11-17
4270,2023-11-17 11:30:00,False,11:30:00,2023-11-17
4271,2023-11-17 11:45:00,False,11:45:00,2023-11-17
4272,2023-11-17 12:00:00,False,12:00:00,2023-11-17
4273,2023-11-17 12:15:00,False,12:15:00,2023-11-17
4274,2023-11-17 12:30:00,False,12:30:00,2023-11-17
4275,2023-11-17 12:45:00,False,12:45:00,2023-11-17
4276,2023-11-17 13:00:00,False,13:00:00,2023-11-17
4277,2023-11-17 13:15:00,False,13:15:00,2023-11-17
4278,2023-11-17 13:30:00,False,13:30:00,2023-11-17
4279,2023-11-17 13:45:00,False,13:45:00,2023-11-17
4280,2023-11-17 14:00:00,False,14:00:00,2023-11-17
4281,2023-11-17 14:15:00,False,14:15:00,2023-11-17
4282,2023-11-17 14:30:00,False,14:30:00,2023-11-17
4283,2023-11-17 14:45:00,False,14:45:00,2023-11-17
4284,2023-11-17 15:00:00,False,15:00:00,2023-11-17
4285,2023-11-17 15:15:00,False,15:15:00,2023-11-17
4286,2023-11-17 15:30:00,False,15:30:00,2023-11-17
4287,2023-11-17 15:45:00,False,15:45:00,2023-11-17
4288,2023-11-17 16:00:00,False,16:00:00,2023-11-17
4289,2023-11-17 16:15:00,False,16:15:00,2023-11-17
4290,2023-11-17 16:30:00,False,16:30:00,2023-11-17
4291,2023-11-17 16:45:00,False,16:45:00,2023-11-17
4292,2023-11-17 17:00:00,False,17:00:00,2023-11-17
4293,2023-11-17 17:15:00,False,17:15:00,2023-11-17
4294,2023-11-17 17:30:00,False,17:30:00,2023-11-17
4295,2023-11-17 17:45:00,False,17:45:00,2023-11-17
4296,2023-11-17 18:00:00,False,18:00:00,2023-11-17
4297,2023-11-17 18:15:00,False,18:15:00,2023-11-17
4298,2023-11-17 18:30:00,False,18:30:00,2023-11-17
4299,2023-11-17 18:45:00,True,18:45:00,2023-11-17
4300,2023-11-17 19:00:00,True,19:00:00,2023-11-17
4301,2023-11-17 19:15:00,True,19:15:00,2023-11-17
4302,2023-11-17 19:30:00,True,19:30:00,2023-11-17
4303,2023-11-17 19:45:00,True,19:45:00,2023-11-17
4304,2023-11-17 20:00:00,True,20:00:00,2023-11-17
4305,2023-11-17 20:15:00,True,20:15:00,2023-11-17
4306,2023-11-17 20:30:00,True,20:30:00,2023-11-17
4307,2023-11-17 20:45:00,True,20:45:00,2023-11-17
4308,2023-11-17 21:00:00,True,21:00:00,2023-11-17
4309,2023-11-17 21:15:00,False,21:15:00,2023-11-17
4310,2023-11-17 21:30:00,False,21:30:00,2023-11-17
4311,2023-11-17 21:45:00,False,21:45:00,2023-11-17
4312,2023-11-17 22:00:00,False,22:00:00,2023-11-17
4313,2023-11-17 22:15:00,False,22:15:00,2023-11-17
4314,2023-11-17 22:30:00,False,22:30:00,2023-11-17
4315,2023-11-17 22:45:00,False,22:45:00,2023-11-17
4316,2023-11-17 23:00:00,False,23:00:00,2023-11-17
4317,2023-11-17 23:15:00,False,23:15:00,2023-11-17
4318,2023-11-17 23:30:00,False,23:30:00,2023-11-17
4319,2023-11-17 23:45:00,False,23:45:00,2023-11-17
4320,2023-11-18 00:00:00,False,00:00:00,2023-11-18
4321,2023-11-18 00:15:00,False,00:15:00,2023-11-18
4322,2023-11-18 00:30:00,False,00:30:00,2023-11-18
4323,2023-11-18 00:45:00,False,00:45:00,2023-11-18
4324,2023-11-18 01:00:00,False,01:00:00,2023-11-18
4325,2023-11-18 01:15:00,False,01:15:00,2023-11-18
4326,2023-11-18 01:30:00,False,01:30:00,2023-11-18
4327,2023-11-18 01:45:00,False,01:45:00,2023-11-18
4328,2023-11-18 02:00:00,False,02:00:00,2023-11-18
4329,2023-11-18 02:15:00,False,02:15:00,2023-11-18
4330,2023-11-18 02:30:00,False,02:30:00,2023-11-18
4331,2023-11-18 02:45:00,False,02:45:00,2023-11-18
4332,2023-11-18 03:00:00,False,03:00:00,2023-11-18
4333,2023-11-18 03:15:00,False,03:15:00,2023-11-18
4334,2023-11-18 03:30:00,False,03:30:00,2023-11-18
4335,2023-11-18 03:45:00,False,03:45:00,2023-11-18
4336,2023-11-18 04:00:00,False,04:00:00,2023-11-18
4337,2023-11-18 04:15:00,False,04:15:00,2023-11-18
4338,2023-11-18 04:30:00,False,04:30:00,2023-11-18
4339,2023-11-18 04:45:00,False,04:45:00,2023-11-18
4340,2023-11-18 05:00:00,False,05:00:00,2023-11-18
4341,2023-11-18 05:15:00,False,05:15:00,2023-11-18
4342,2023-11-18 05:30:00,False,05:30:00,2023-11-18
4343,2023-11-18 05:45:00,False,05:45:00,2023-11-18
4344,2023-11-18 06:00:00,False,06:00:00,2023-11-18
4345,2023-11-18 06:15:00,False,06:15:00,2023-11-18
4346,2023-11-18 06:30:00,False,06:30:00,2023-11-18
4347,2023-11-18 06:45:00,False,06:45:00,2023-11-18
4348,2023-11-18 07:00:00,False,07:00:00,2023-11-18
4349,2023-11-18 07:15:00,False,07:15:00,2023-11-18
4350,2023-11-18 07:30:00,False,07:30:00,2023-11-18
4351,2023-11-18 07:45:00,False,07:45:00,2023-11-18
4352,2023-11-18 08:00:00,False,08:00:00,2023-11-18
4353,2023-11-18 08:15:00,False,08:15:00,2023-11-18
4354,2023-11-18 08:30:00,False,08:30:00,2023-11-18
4355,2023-11-18 08:45:00,False,08:45:00,2023-11-18
4356,2023-11-18 09:00:00,False,09:00:00,2023-11-18
4357,2023-11-18 09:15:00,False,09:15:00,2023-11-18
4358,2023-11-18 09:30:00,False,09:30:00,2023-11-18
4359,2023-11-18 09:45:00,False,09:45:00,2023-11-18
4360,2023-11-18 10:00:00,False,10:00:00,2023-11-18
4361,2023-11-18 10:15:00,False,10:15:00,2023-11-18
4362,2023-11-18 10:30:00,False,10:30:00,2023-11-18
4363,2023-11-18 10:45:00,False,10:45:00,2023-11-18
4364,2023-11-18 11:00:00,False,11:00:00,2023-11-18
4365,2023-11-18 11:15:00,False,11:15:00,2023-11-18
4366,2023-11-18 11:30:00,False,11:30:00,2023-11-18
4367,2023-11-18 11:45:00,False,11:45:00,2023-11-18
4368,2023-11-18 12:00:00,False,12:00:00,2023-11-18
4369,2023-11-18 12:15:00,False,12:15:00,2023-11-18
4370,2023-11-18 12:30:00,False,12:30:00,2023-11-18
4371,2023-11-18 12:45:00,False,12:45:00,2023-11-18
4372,2023-11-18 13:00:00,False,13:00:00,2023-11-18
4373,2023-11-18 13:15:00,False,13:15:00,2023-11-18
4374,2023-11-18 13:30:00,False,13:30:00,2023-11-18
4375,2023-11-18 13:45:00,False,13:45:00,2023-11-18
4376,2023-11-18 14:00:00,False,14:00:00,2023-11-18
4377,2023-11-18 14:15:00,False,14:15:00,2023-11-18
4378,2023-11-18 14:30:00,False,14:30:00,2023-11-18
4379,2023-11-18 14:45:00,False,14:45:00,2023-11-18
4380,2023-11-18 15:00:00,False,15:00:00,2023-11-18
4381,2023-11-18 15:15:00,False,15:15:00,2023-11-18
4382,2023-11-18 15:30:00,False,15:30:00,2023-11-18
4383,2023-11-18 15:45:00,False,15:45:00,2023-11-18
4384,2023-11-18 16:00:00,False,16:00:00,2023-11-18
4385,2023-11-18 16:15:00,False,16:15:00,2023-11-18
4386,2023-11-18 16:30:00,False,16:30:00,2023-11-18
4387,2023-11-18 16:45:00,False,16:45:00,2023-11-18
4388,2023-11-18 17:00:00,False,17:00:00,2023-11-18
4389,2023-11-18 17:15:00,False,17:15:00,2023-11-18
4390,2023-11-18 17:30:00,False,17:30:00,2023-11-18
4391,2023-11-18 17:45:00,False,17:45:00,2023-11-18
4392,2023-11-18 18:00:00,False,18:00:00,2023-11-18
4393,2023-11-18 18:15:00,False,18:15:00,2023-11-18
4394,2023-11-18 18:30:00,False,18:30:00,2023-11-18
4395,2023-11-18 18:45:00,False,18:45:00,2023-11-18
4396,2023-11-18 19:00:00,False,19:00:00,2023-11-18
4397,2023-11-18 19:15:00,False,19:15:00,2023-11-18
4398,2023-11-18 19:30:00,False,19:30:00,2023-11-18
4399,2023-11-18 19:45:00,False,19:45:00,2023-11-18
4400,2023-11-18 20:00:00,False,20:00:00,2023-11-18
4401,2023-11-18 20:15:00,False,20:15:00,2023-11-18
4402,2023-11-18 20:30:00,False,20:30:00,2023-11-18
4403,2023-11-18 20:45:00,False,20:45:00,2023-11-18
4404,2023-11-18 21:00:00,False,21:00:00,2023-11-18
4405,2023-11-18 21:15:00,False,21:15:00,2023-11-18
4406,2023-11-18 21:30:00,False,21:30:00,2023-11-18
4407,2023-11-18 21:45:00,False,21:45:00,2023-11-18
4408,2023-11-18 22:00:00,False,22:00:00,2023-11-18
4409,2023-11-18 22:15:00,False,22:15:00,2023-11-18
4410,2023-11-18 22:30:00,False,22:30:00,2023-11-18
4411,2023-11-18 22:45:00,False,22:45:00,2023-11-18
4412,2023-11-18 23:00:00,False,23:00:00,2023-11-18
4413,2023-11-18 23:15:00,False,23:15:00,2023-11-18
4414,2023-11-18 23:30:00,False,23:30:00,2023-11-18
4415,2023-11-18 23:45:00,False,23:45:00,2023-11-18
4416,2023-11-19 00:00:00,False,00:00:00,2023-11-19
4417,2023-11-19 00:15:00,False,00:15:00,2023-11-19
4418,2023-11-19 00:30:00,False,00:30:00,2023-11-19
4419,2023-11-19 00:45:00,False,00:45:00,2023-11-19
4420,2023-11-19 01:00:00,False,01:00:00,2023-11-19
4421,2023-11-19 01:15:00,False,01:15:00,2023-11-19
4422,2023-11-19 01:30:00,False,01:30:00,2023-11-19
4423,2023-11-19 01:45:00,False,01:45:00,2023-11-19
4424,2023-11-19 02:00:00,False,02:00:00,2023-11-19
4425,2023-11-19 02:15:00,False,02:15:00,2023-11-19
4426,2023-11-19 02:30:00,False,02:30:00,2023-11-19
4427,2023-11-19 02:45:00,False,02:45:00,2023-11-19
4428,2023-11-19 03:00:00,False,03:00:00,2023-11-19
4429,2023-11-19 03:15:00,False,03:15:00,2023-11-19
4430,2023-11-19 03:30:00,False,03:30:00,2023-11-19
4431,2023-11-19 03:45:00,False,03:45:00,2023-11-19
4432,2023-11-19 04:00:00,False,04:00:00,2023-11-19
4433,2023-11-19 04:15:00,False,04:15:00,2023-11-19
4434,2023-11-19 04:30:00,False,04:30:00,2023-11-19
4435,2023-11-19 04:45:00,False,04:45:00,2023-11-19
4436,2023-11-19 05:00:00,False,05:00:00,2023-11-19
4437,2023-11-19 05:15:00,False,05:15:00,2023-11-19
4438,2023-11-19 05:30:00,False,05:30:00,2023-11-19
4439,2023-11-19 05:45:00,False,05:45:00,2023-11-19
4440,2023-11-19 06:00:00,False,06:00:00,2023-11-19
4441,2023-11-19 06:15:00,False,06:15:00,2023-11-19
4442,2023-11-19 06:30:00,False,06:30:00,2023-11-19
4443,2023-11-19 06:45:00,False,06:45:00,2023-11-19
4444,2023-11-19 07:00:00,False,07:00:00,2023-11-19
4445,2023-11-19 07:15:00,False,07:15:00,2023-11-19
4446,2023-11-19 07:30:00,False,07:30:00,2023-11-19
4447,2023-11-19 07:45:00,False,07:45:00,2023-11-19
4448,2023-11-19 08:00:00,False,08:00:00,2023-11-19
4449,2023-11-19 08:15:00,False,08:15:00,2023-11-19
4450,2023-11-19 08:30:00,False,08:30:00,2023-11-19
4451,2023-11-19 08:45:00,False,08:45:00,2023-11-19
4452,2023-11-19 09:00:00,False,09:00:00,2023-11-19
4453,2023-11-19 09:15:00,False,09:15:00,2023-11-19
4454,2023-11-19 09:30:00,False,09:30:00,2023-11-19
4455,2023-11-19 09:45:00,False,09:45:00,2023-11-19
4456,2023-11-19 10:00:00,False,10:00:00,2023-11-19
4457,2023-11-19 10:15:00,False,10:15:00,2023-11-19
4458,2023-11-19 10:30:00,False,10:30:00,2023-11-19
4459,2023-11-19 10:45:00,False,10:45:00,2023-11-19
4460,2023-11-19 11:00:00,False,11:00:00,2023-11-19
4461,2023-11-19 11:15:00,False,11:15:00,2023-11-19
4462,2023-11-19 11:30:00,False,11:30:00,2023-11-19
4463,2023-11-19 11:45:00,False,11:45:00,2023-11-19
4464,2023-11-19 12:00:00,False,12:00:00,2023-11-19
4465,2023-11-19 12:15:00,False,12:15:00,2023-11-19
4466,2023-11-19 12:30:00,False,12:30:00,2023-11-19
4467,2023-11-19 12:45:00,False,12:45:00,2023-11-19
4468,2023-11-19 13:00:00,False,13:00:00,2023-11-19
4469,2023-11-19 13:15:00,False,13:15:00,2023-11-19
4470,2023-11-19 13:30:00,False,13:30:00,2023-11-19
4471,2023-11-19 13:45:00,False,13:45:00,2023-11-19
4472,2023-11-19 14:00:00,False,14:00:00,2023-11-19
4473,2023-11-19 14:15:00,False,14:15:00,2023-11-19
4474,2023-11-19 14:30:00,False,14:30:00,2023-11-19
4475,2023-11-19 14:45:00,False,14:45:00,2023-11-19
4476,2023-11-19 15:00:00,False,15:00:00,2023-11-19
4477,2023-11-19 15:15:00,False,15:15:00,2023-11-19
4478,2023-11-19 15:30:00,False,15:30:00,2023-11-19
4479,2023-11-19 15:45:00,False,15:45:00,2023-11-19
4480,2023-11-19 16:00:00,False,16:00:00,2023-11-19
4481,2023-11-19 16:15:00,False,16:15:00,2023-11-19
4482,2023-11-19 16:30:00,False,16:30:00,2023-11-19
4483,2023-11-19 16:45:00,False,16:45:00,2023-11-19
4484,2023-11-19 17:00:00,False,17:00:00,2023-11-19
4485,2023-11-19 17:15:00,False,17:15:00,2023-11-19
4486,2023-11-19 17:30:00,False,17:30:00,2023-11-19
4487,2023-11-19 17:45:00,False,17:45:00,2023-11-19
4488,2023-11-19 18:00:00,False,18:00:00,2023-11-19
4489,2023-11-19 18:15:00,False,18:15:00,2023-11-19
4490,2023-11-19 18:30:00,False,18:30:00,2023-11-19
4491,2023-11-19 18:45:00,False,18:45:00,2023-11-19
4492,2023-11-19 19:00:00,False,19:00:00,2023-11-19
4493,2023-11-19 19:15:00,False,19:15:00,2023-11-19
4494,2023-11-19 19:30:00,False,19:30:00,2023-11-19
4495,2023-11-19 19:45:00,False,19:45:00,2023-11-19
4496,2023-11-19 20:00:00,False,20:00:00,2023-11-19
4497,2023-11-19 20:15:00,False,20:15:00,2023-11-19
4498,2023-11-19 20:30:00,False,20:30:00,2023-11-19
4499,2023-11-19 20:45:00,False,20:45:00,2023-11-19
4500,2023-11-19 21:00:00,False,21:00:00,2023-11-19
4501,2023-11-19 21:15:00,False,21:15:00,2023-11-19
4502,2023-11-19 21:30:00,False,21:30:00,2023-11-19
4503,2023-11-19 21:45:00,False,21:45:00,2023-11-19
4504,2023-11-19 22:00:00,False,22:00:00,2023-11-19
4505,2023-11-19 22:15:00,False,22:15:00,2023-11-19
4506,2023-11-19 22:30:00,False,22:30:00,2023-11-19
4507,2023-11-19 22:45:00,False,22:45:00,2023-11-19
4508,2023-11-19 23:00:00,False,23:00:00,2023-11-19
4509,2023-11-19 23:15:00,False,23:15:00,2023-11-19
4510,2023-11-19 23:30:00,False,23:30:00,2023-11-19
4511,2023-11-19 23:45:00,False,23:45:00,2023-11-19
4512,2023-11-20 00:00:00,False,00:00:00,2023-11-20
4513,2023-11-20 00:15:00,False,00:15:00,2023-11-20
4514,2023-11-20 00:30:00,False,00:30:00,2023-11-20
4515,2023-11-20 00:45:00,False,00:45:00,2023-11-20
4516,2023-11-20 01:00:00,False,01:00:00,2023-11-20
4517,2023-11-20 01:15:00,False,01:15:00,2023-11-20
4518,2023-11-20 01:30:00,False,01:30:00,2023-11-20
4519,2023-11-20 01:45:00,False,01:45:00,2023-11-20
4520,2023-11-20 02:00:00,False,02:00:00,2023-11-20
4521,2023-11-20 02:15:00,False,02:15:00,2023-11-20
4522,2023-11-20 02:30:00,False,02:30:00,2023-11-20
4523,2023-11-20 02:45:00,False,02:45:00,2023-11-20
4524,2023-11-20 03:00:00,False,03:00:00,2023-11-20
4525,2023-11-20 03:15:00,False,03:15:00,2023-11-20
4526,2023-11-20 03:30:00,False,03:30:00,2023-11-20
4527,2023-11-20 03:45:00,False,03:45:00,2023-11-20
4528,2023-11-20 04:00:00,False,04:00:00,2023-11-20
4529,2023-11-20 04:15:00,False,04:15:00,2023-11-20
4530,2023-11-20 04:30:00,False,04:30:00,2023-11-20
4531,2023-11-20 04:45:00,False,04:45:00,2023-11-20
4532,2023-11-20 05:00:00,False,05:00:00,2023-11-20
4533,2023-11-20 05:15:00,False,05:15:00,2023-11-20
4534,2023-11-20 05:30:00,False,05:30:00,2023-11-20
4535,2023-11-20 05:45:00,False,05:45:00,2023-11-20
4536,2023-11-20 06:00:00,False,06:00:00,2023-11-20
4537,2023-11-20 06:15:00,False,06:15:00,2023-11-20
4538,2023-11-20 06:30:00,False,06:30:00,2023-11-20
4539,2023-11-20 06:45:00,False,06:45:00,2023-11-20
4540,2023-11-20 07:00:00,False,07:00:00,2023-11-20
4541,2023-11-20 07:15:00,False,07:15:00,2023-11-20
4542,2023-11-20 07:30:00,False,07:30:00,2023-11-20
4543,2023-11-20 07:45:00,False,07:45:00,2023-11-20
4544,2023-11-20 08:00:00,False,08:00:00,2023-11-20
4545,2023-11-20 08:15:00,False,08:15:00,2023-11-20
4546,2023-11-20 08:30:00,False,08:30:00,2023-11-20
4547,2023-11-20 08:45:00,False,08:45:00,2023-11-20
4548,2023-11-20 09:00:00,False,09:00:00,2023-11-20
4549,2023-11-20 09:15:00,False,09:15:00,2023-11-20
4550,2023-11-20 09:30:00,False,09:30:00,2023-11-20
4551,2023-11-20 09:45:00,False,09:45:00,2023-11-20
4552,2023-11-20 10:00:00,False,10:00:00,2023-11-20
4553,2023-11-20 10:15:00,False,10:15:00,2023-11-20
4554,2023-11-20 10:30:00,False,10:30:00,2023-11-20
4555,2023-11-20 10:45:00,False,10:45:00,2023-11-20
4556,2023-11-20 11:00:00,False,11:00:00,2023-11-20
4557,2023-11-20 11:15:00,False,11:15:00,2023-11-20
4558,2023-11-20 11:30:00,False,11:30:00,2023-11-20
4559,2023-11-20 11:45:00,False,11:45:00,2023-11-20
4560,2023-11-20 12:00:00,False,12:00:00,2023-11-20
4561,2023-11-20 12:15:00,False,12:15:00,2023-11-20
4562,2023-11-20 12:30:00,False,12:30:00,2023-11-20
4563,2023-11-20 12:45:00,False,12:45:00,2023-11-20
4564,2023-11-20 13:00:00,False,13:00:00,2023-11-20
4565,2023-11-20 13:15:00,False,13:15:00,2023-11-20
4566,2023-11-20 13:30:00,False,13:30:00,2023-11-20
4567,2023-11-20 13:45:00,False,13:45:00,2023-11-20
4568,2023-11-20 14:00:00,False,14:00:00,2023-11-20
4569,2023-11-20 14:15:00,False,14:15:00,2023-11-20
4570,2023-11-20 14:30:00,False,14:30:00,2023-11-20
4571,2023-11-20 14:45:00,False,14:45:00,2023-11-20
4572,2023-11-20 15:00:00,False,15:00:00,2023-11-20
4573,2023-11-20 15:15:00,False,15:15:00,2023-11-20
4574,2023-11-20 15:30:00,False,15:30:00,2023-11-20
4575,2023-11-20 15:45:00,False,15:45:00,2023-11-20
4576,2023-11-20 16:00:00,False,16:00:00,2023-11-20
4577,2023-11-20 16:15:00,False,16:15:00,2023-11-20
4578,2023-11-20 16:30:00,False,16:30:00,2023-11-20
4579,2023-11-20 16:45:00,False,16:45:00,2023-11-20
4580,2023-11-20 17:00:00,False,17:00:00,2023-11-20
4581,2023-11-20 17:15:00,False,17:15:00,2023-11-20
4582,2023-11-20 17:30:00,False,17:30:00,2023-11-20
4583,2023-11-20 17:45:00,False,17:45:00,2023-11-20
4584,2023-11-20 18:00:00,False,18:00:00,2023-11-20
4585,2023-11-20 18:15:00,False,18:15:00,2023-11-20
4586,2023-11-20 18:30:00,False,18:30:00,2023-11-20
4587,2023-11-20 18:45:00,False,18:45:00,2023-11-20
4588,2023-11-20 19:00:00,False,19:00:00,2023-11-20
4589,2023-11-20 19:15:00,False,19:15:00,2023-11-20
4590,2023-11-20 19:30:00,False,19:30:00,2023-11-20
4591,2023-11-20 19:45:00,False,19:45:00,2023-11-20
4592,2023-11-20 20:00:00,False,20:00:00,2023-11-20
4593,2023-11-20 20:15:00,False,20:15:00,2023-11-20
4594,2023-11-20 20:30:00,False,20:30:00,2023-11-20
4595,2023-11-20 20:45:00,False,20:45:00,2023-11-20
4596,2023-11-20 21:00:00,False,21:00:00,2023-11-20
4597,2023-11-20 21:15:00,False,21:15:00,2023-11-20
4598,2023-11-20 21:30:00,False,21:30:00,2023-11-20
4599,2023-11-20 21:45:00,False,21:45:00,2023-11-20
4600,2023-11-20 22:00:00,False,22:00:00,2023-11-20
4601,2023-11-20 22:15:00,False,22:15:00,2023-11-20
4602,2023-11-20 22:30:00,False,22:30:00,2023-11-20
4603,2023-11-20 22:45:00,False,22:45:00,2023-11-20
4604,2023-11-20 23:00:00,False,23:00:00,2023-11-20
4605,2023-11-20 23:15:00,False,23:15:00,2023-11-20
4606,2023-11-20 23:30:00,False,23:30:00,2023-11-20
4607,2023-11-20 23:45:00,False,23:45:00,2023-11-20
4608,2023-11-21 00:00:00,False,00:00:00,2023-11-21
4609,2023-11-21 00:15:00,False,00:15:00,2023-11-21
4610,2023-11-21 00:30:00,False,00:30:00,2023-11-21
4611,2023-11-21 00:45:00,False,00:45:00,2023-11-21
4612,2023-11-21 01:00:00,False,01:00:00,2023-11-21
4613,2023-11-21 01:15:00,False,01:15:00,2023-11-21
4614,2023-11-21 01:30:00,False,01:30:00,2023-11-21
4615,2023-11-21 01:45:00,False,01:45:00,2023-11-21
4616,2023-11-21 02:00:00,False,02:00:00,2023-11-21
4617,2023-11-21 02:15:00,False,02:15:00,2023-11-21
4618,2023-11-21 02:30:00,False,02:30:00,2023-11-21
4619,2023-11-21 02:45:00,False,02:45:00,2023-11-21
4620,2023-11-21 03:00:00,False,03:00:00,2023-11-21
4621,2023-11-21 03:15:00,False,03:15:00,2023-11-21
4622,2023-11-21 03:30:00,False,03:30:00,2023-11-21
4623,2023-11-21 03:45:00,False,03:45:00,2023-11-21
4624,2023-11-21 04:00:00,False,04:00:00,2023-11-21
4625,2023-11-21 04:15:00,False,04:15:00,2023-11-21
4626,2023-11-21 04:30:00,False,04:30:00,2023-11-21
4627,2023-11-21 04:45:00,False,04:45:00,2023-11-21
4628,2023-11-21 05:00:00,False,05:00:00,2023-11-21
4629,2023-11-21 05:15:00,False,05:15:00,2023-11-21
4630,2023-11-21 05:30:00,False,05:30:00,2023-11-21
4631,2023-11-21 05:45:00,False,05:45:00,2023-11-21
4632,2023-11-21 06:00:00,False,06:00:00,2023-11-21
4633,2023-11-21 06:15:00,False,06:15:00,2023-11-21
4634,2023-11-21 06:30:00,False,06:30:00,2023-11-21
4635,2023-11-21 06:45:00,False,06:45:00,2023-11-21
4636,2023-11-21 07:00:00,False,07:00:00,2023-11-21
4637,2023-11-21 07:15:00,False,07:15:00,2023-11-21
4638,2023-11-21 07:30:00,False,07:30:00,2023-11-21
4639,2023-11-21 07:45:00,False,07:45:00,2023-11-21
4640,2023-11-21 08:00:00,False,08:00:00,2023-11-21
4641,2023-11-21 08:15:00,False,08:15:00,2023-11-21
4642,2023-11-21 08:30:00,False,08:30:00,2023-11-21
4643,2023-11-21 08:45:00,False,08:45:00,2023-11-21
4644,2023-11-21 09:00:00,False,09:00:00,2023-11-21
4645,2023-11-21 09:15:00,False,09:15:00,2023-11-21
4646,2023-11-21 09:30:00,False,09:30:00,2023-11-21
4647,2023-11-21 09:45:00,False,09:45:00,2023-11-21
4648,2023-11-21 10:00:00,False,10:00:00,2023-11-21
4649,2023-11-21 10:15:00,False,10:15:00,2023-11-21
4650,2023-11-21 10:30:00,False,10:30:00,2023-11-21
4651,2023-11-21 10:45:00,False,10:45:00,2023-11-21
4652,2023-11-21 11:00:00,False,11:00:00,2023-11-21
4653,2023-11-21 11:15:00,False,11:15:00,2023-11-21
4654,2023-11-21 11:30:00,False,11:30:00,2023-11-21
4655,2023-11-21 11:45:00,False,11:45:00,2023-11-21
4656,2023-11-21 12:00:00,False,12:00:00,2023-11-21
4657,2023-11-21 12:15:00,False,12:15:00,2023-11-21
4658,2023-11-21 12:30:00,False,12:30:00,2023-11-21
4659,2023-11-21 12:45:00,False,12:45:00,2023-11-21
4660,2023-11-21 13:00:00,False,13:00:00,2023-11-21
4661,2023-11-21 13:15:00,False,13:15:00,2023-11-21
4662,2023-11-21 13:30:00,False,13:30:00,2023-11-21
4663,2023-11-21 13:45:00,False,13:45:00,2023-11-21
4664,2023-11-21 14:00:00,False,14:00:00,2023-11-21
4665,2023-11-21 14:15:00,False,14:15:00,2023-11-21
4666,2023-11-21 14:30:00,False,14:30:00,2023-11-21
4667,2023-11-21 14:45:00,False,14:45:00,2023-11-21
4668,2023-11-21 15:00:00,False,15:00:00,2023-11-21
4669,2023-11-21 15:15:00,False,15:15:00,2023-11-21
4670,2023-11-21 15:30:00,False,15:30:00,2023-11-21
4671,2023-11-21 15:45:00,False,15:45:00,2023-11-21
4672,2023-11-21 16:00:00,False,16:00:00,2023-11-21
4673,2023-11-21 16:15:00,False,16:15:00,2023-11-21
4674,2023-11-21 16:30:00,True,16:30:00,2023-11-21
4675,2023-11-21 16:45:00,True,16:45:00,2023-11-21
4676,2023-11-21 17:00:00,True,17:00:00,2023-11-21
4677,2023-11-21 17:15:00,True,17:15:00,2023-11-21
4678,2023-11-21 17:30:00,False,17:30:00,2023-11-21
4679,2023-11-21 17:45:00,False,17:45:00,2023-11-21
4680,2023-11-21 18:00:00,False,18:00:00,2023-11-21
4681,2023-11-21 18:15:00,False,18:15:00,2023-11-21
4682,2023-11-21 18:30:00,False,18:30:00,2023-11-21
4683,2023-11-21 18:45:00,False,18:45:00,2023-11-21
4684,2023-11-21 19:00:00,False,19:00:00,2023-11-21
4685,2023-11-21 19:15:00,False,19:15:00,2023-11-21
4686,2023-11-21 19:30:00,False,19:30:00,2023-11-21
4687,2023-11-21 19:45:00,False,19:45:00,2023-11-21
4688,2023-11-21 20:00:00,False,20:00:00,2023-11-21
4689,2023-11-21 20:15:00,False,20:15:00,2023-11-21
4690,2023-11-21 20:30:00,False,20:30:00,2023-11-21
4691,2023-11-21 20:45:00,False,20:45:00,2023-11-21
4692,2023-11-21 21:00:00,False,21:00:00,2023-11-21
4693,2023-11-21 21:15:00,False,21:15:00,2023-11-21
4694,2023-11-21 21:30:00,False,21:30:00,2023-11-21
4695,2023-11-21 21:45:00,False,21:45:00,2023-11-21
4696,2023-11-21 22:00:00,False,22:00:00,2023-11-21
4697,2023-11-21 22:15:00,False,22:15:00,2023-11-21
4698,2023-11-21 22:30:00,False,22:30:00,2023-11-21
4699,2023-11-21 22:45:00,False,22:45:00,2023-11-21
4700,2023-11-21 23:00:00,False,23:00:00,2023-11-21
4701,2023-11-21 23:15:00,False,23:15:00,2023-11-21
4702,2023-11-21 23:30:00,False,23:30:00,2023-11-21
4703,2023-11-21 23:45:00,False,23:45:00,2023-11-21
4704,2023-11-22 00:00:00,False,00:00:00,2023-11-22
4705,2023-11-22 00:15:00,False,00:15:00,2023-11-22
4706,2023-11-22 00:30:00,False,00:30:00,2023-11-22
4707,2023-11-22 00:45:00,False,00:45:00,2023-11-22
4708,2023-11-22 01:00:00,False,01:00:00,2023-11-22
4709,2023-11-22 01:15:00,False,01:15:00,2023-11-22
4710,2023-11-22 01:30:00,False,01:30:00,2023-11-22
4711,2023-11-22 01:45:00,False,01:45:00,2023-11-22
4712,2023-11-22 02:00:00,False,02:00:00,2023-11-22
4713,2023-11-22 02:15:00,False,02:15:00,2023-11-22
4714,2023-11-22 02:30:00,False,02:30:00,2023-11-22
4715,2023-11-22 02:45:00,False,02:45:00,2023-11-22
4716,2023-11-22 03:00:00,False,03:00:00,2023-11-22
4717,2023-11-22 03:15:00,False,03:15:00,2023-11-22
4718,2023-11-22 03:30:00,False,03:30:00,2023-11-22
4719,2023-11-22 03:45:00,False,03:45:00,2023-11-22
4720,2023-11-22 04:00:00,False,04:00:00,2023-11-22
4721,2023-11-22 04:15:00,False,04:15:00,2023-11-22
4722,2023-11-22 04:30:00,False,04:30:00,2023-11-22
4723,2023-11-22 04:45:00,False,04:45:00,2023-11-22
4724,2023-11-22 05:00:00,False,05:00:00,2023-11-22
4725,2023-11-22 05:15:00,False,05:15:00,2023-11-22
4726,2023-11-22 05:30:00,False,05:30:00,2023-11-22
4727,2023-11-22 05:45:00,False,05:45:00,2023-11-22
4728,2023-11-22 06:00:00,False,06:00:00,2023-11-22
4729,2023-11-22 06:15:00,False,06:15:00,2023-11-22
4730,2023-11-22 06:30:00,False,06:30:00,2023-11-22
4731,2023-11-22 06:45:00,False,06:45:00,2023-11-22
4732,2023-11-22 07:00:00,False,07:00:00,2023-11-22
4733,2023-11-22 07:15:00,False,07:15:00,2023-11-22
4734,2023-11-22 07:30:00,False,07:30:00,2023-11-22
4735,2023-11-22 07:45:00,False,07:45:00,2023-11-22
4736,2023-11-22 08:00:00,False,08:00:00,2023-11-22
4737,2023-11-22 08:15:00,False,08:15:00,2023-11-22
4738,2023-11-22 08:30:00,False,08:30:00,2023-11-22
4739,2023-11-22 08:45:00,False,08:45:00,2023-11-22
4740,2023-11-22 09:00:00,False,09:00:00,2023-11-22
4741,2023-11-22 09:15:00,False,09:15:00,2023-11-22
4742,2023-11-22 09:30:00,False,09:30:00,2023-11-22
4743,2023-11-22 09:45:00,False,09:45:00,2023-11-22
4744,2023-11-22 10:00:00,False,10:00:00,2023-11-22
4745,2023-11-22 10:15:00,False,10:15:00,2023-11-22
4746,2023-11-22 10:30:00,False,10:30:00,2023-11-22
4747,2023-11-22 10:45:00,False,10:45:00,2023-11-22
4748,2023-11-22 11:00:00,False,11:00:00,2023-11-22
4749,2023-11-22 11:15:00,False,11:15:00,2023-11-22
4750,2023-11-22 11:30:00,False,11:30:00,2023-11-22
4751,2023-11-22 11:45:00,False,11:45:00,2023-11-22
4752,2023-11-22 12:00:00,False,12:00:00,2023-11-22
4753,2023-11-22 12:15:00,False,12:15:00,2023-11-22
4754,2023-11-22 12:30:00,False,12:30:00,2023-11-22
4755,2023-11-22 12:45:00,False,12:45:00,2023-11-22
4756,2023-11-22 13:00:00,False,13:00:00,2023-11-22
4757,2023-11-22 13:15:00,False,13:15:00,2023-11-22
4758,2023-11-22 13:30:00,False,13:30:00,2023-11-22
4759,2023-11-22 13:45:00,False,13:45:00,2023-11-22
4760,2023-11-22 14:00:00,False,14:00:00,2023-11-22
4761,2023-11-22 14:15:00,False,14:15:00,2023-11-22
4762,2023-11-22 14:30:00,False,14:30:00,2023-11-22
4763,2023-11-22 14:45:00,False,14:45:00,2023-11-22
4764,2023-11-22 15:00:00,False,15:00:00,2023-11-22
4765,2023-11-22 15:15:00,False,15:15:00,2023-11-22
4766,2023-11-22 15:30:00,False,15:30:00,2023-11-22
4767,2023-11-22 15:45:00,False,15:45:00,2023-11-22
4768,2023-11-22 16:00:00,False,16:00:00,2023-11-22
4769,2023-11-22 16:15:00,False,16:15:00,2023-11-22
4770,2023-11-22 16:30:00,False,16:30:00,2023-11-22
4771,2023-11-22 16:45:00,False,16:45:00,2023-11-22
4772,2023-11-22 17:00:00,False,17:00:00,2023-11-22
4773,2023-11-22 17:15:00,False,17:15:00,2023-11-22
4774,2023-11-22 17:30:00,False,17:30:00,2023-11-22
4775,2023-11-22 17:45:00,False,17:45:00,2023-11-22
4776,2023-11-22 18:00:00,False,18:00:00,2023-11-22
4777,2023-11-22 18:15:00,False,18:15:00,2023-11-22
4778,2023-11-22 18:30:00,False,18:30:00,2023-11-22
4779,2023-11-22 18:45:00,False,18:45:00,2023-11-22
4780,2023-11-22 19:00:00,False,19:00:00,2023-11-22
4781,2023-11-22 19:15:00,False,19:15:00,2023-11-22
4782,2023-11-22 19:30:00,False,19:30:00,2023-11-22
4783,2023-11-22 19:45:00,False,19:45:00,2023-11-22
4784,2023-11-22 20:00:00,False,20:00:00,2023-11-22
4785,2023-11-22 20:15:00,False,20:15:00,2023-11-22
4786,2023-11-22 20:30:00,False,20:30:00,2023-11-22
4787,2023-11-22 20:45:00,False,20:45:00,2023-11-22
4788,2023-11-22 21:00:00,False,21:00:00,2023-11-22
4789,2023-11-22 21:15:00,False,21:15:00,2023-11-22
4790,2023-11-22 21:30:00,False,21:30:00,2023-11-22
4791,2023-11-22 21:45:00,False,21:45:00,2023-11-22
4792,2023-11-22 22:00:00,False,22:00:00,2023-11-22
4793,2023-11-22 22:15:00,False,22:15:00,2023-11-22
4794,2023-11-22 22:30:00,False,22:30:00,2023-11-22
4795,2023-11-22 22:45:00,False,22:45:00,2023-11-22
4796,2023-11-22 23:00:00,False,23:00:00,2023-11-22
4797,2023-11-22 23:15:00,False,23:15:00,2023-11-22
4798,2023-11-22 23:30:00,False,23:30:00,2023-11-22
4799,2023-11-22 23:45:00,False,23:45:00,2023-11-22
4800,2023-11-23 00:00:00,False,00:00:00,2023-11-23
4801,2023-11-23 00:15:00,False,00:15:00,2023-11-23
4802,2023-11-23 00:30:00,False,00:30:00,2023-11-23
4803,2023-11-23 00:45:00,False,00:45:00,2023-11-23
4804,2023-11-23 01:00:00,False,01:00:00,2023-11-23
4805,2023-11-23 01:15:00,False,01:15:00,2023-11-23
4806,2023-11-23 01:30:00,False,01:30:00,2023-11-23
4807,2023-11-23 01:45:00,False,01:45:00,2023-11-23
4808,2023-11-23 02:00:00,False,02:00:00,2023-11-23
4809,2023-11-23 02:15:00,False,02:15:00,2023-11-23
4810,2023-11-23 02:30:00,False,02:30:00,2023-11-23
4811,2023-11-23 02:45:00,False,02:45:00,2023-11-23
4812,2023-11-23 03:00:00,False,03:00:00,2023-11-23
4813,2023-11-23 03:15:00,False,03:15:00,2023-11-23
4814,2023-11-23 03:30:00,False,03:30:00,2023-11-23
4815,2023-11-23 03:45:00,False,03:45:00,2023-11-23
4816,2023-11-23 04:00:00,False,04:00:00,2023-11-23
4817,2023-11-23 04:15:00,False,04:15:00,2023-11-23
4818,2023-11-23 04:30:00,False,04:30:00,2023-11-23
4819,2023-11-23 04:45:00,False,04:45:00,2023-11-23
4820,2023-11-23 05:00:00,False,05:00:00,2023-11-23
4821,2023-11-23 05:15:00,False,05:15:00,2023-11-23
4822,2023-11-23 05:30:00,False,05:30:00,2023-11-23
4823,2023-11-23 05:45:00,False,05:45:00,2023-11-23
4824,2023-11-23 06:00:00,False,06:00:00,2023-11-23
4825,2023-11-23 06:15:00,False,06:15:00,2023-11-23
4826,2023-11-23 06:30:00,False,06:30:00,2023-11-23
4827,2023-11-23 06:45:00,False,06:45:00,2023-11-23
4828,2023-11-23 07:00:00,False,07:00:00,2023-11-23
4829,2023-11-23 07:15:00,False,07:15:00,2023-11-23
4830,2023-11-23 07:30:00,False,07:30:00,2023-11-23
4831,2023-11-23 07:45:00,False,07:45:00,2023-11-23
4832,2023-11-23 08:00:00,False,08:00:00,2023-11-23
4833,2023-11-23 08:15:00,False,08:15:00,2023-11-23
4834,2023-11-23 08:30:00,False,08:30:00,2023-11-23
4835,2023-11-23 08:45:00,False,08:45:00,2023-11-23
4836,2023-11-23 09:00:00,False,09:00:00,2023-11-23
4837,2023-11-23 09:15:00,False,09:15:00,2023-11-23
4838,2023-11-23 09:30:00,False,09:30:00,2023-11-23
4839,2023-11-23 09:45:00,False,09:45:00,2023-11-23
4840,2023-11-23 10:00:00,False,10:00:00,2023-11-23
4841,2023-11-23 10:15:00,False,10:15:00,2023-11-23
4842,2023-11-23 10:30:00,False,10:30:00,2023-11-23
4843,2023-11-23 10:45:00,False,10:45:00,2023-11-23
4844,2023-11-23 11:00:00,False,11:00:00,2023-11-23
4845,2023-11-23 11:15:00,False,11:15:00,2023-11-23
4846,2023-11-23 11:30:00,False,11:30:00,2023-11-23
4847,2023-11-23 11:45:00,False,11:45:00,2023-11-23
4848,2023-11-23 12:00:00,True,12:00:00,2023-11-23
4849,2023-11-23 12:15:00,True,12:15:00,2023-11-23
4850,2023-11-23 12:30:00,False,12:30:00,2023-11-23
4851,2023-11-23 12:45:00,False,12:45:00,2023-11-23
4852,2023-11-23 13:00:00,False,13:00:00,2023-11-23
4853,2023-11-23 13:15:00,False,13:15:00,2023-11-23
4854,2023-11-23 13:30:00,False,13:30:00,2023-11-23
4855,2023-11-23 13:45:00,False,13:45:00,2023-11-23
4856,2023-11-23 14:00:00,False,14:00:00,2023-11-23
4857,2023-11-23 14:15:00,False,14:15:00,2023-11-23
4858,2023-11-23 14:30:00,False,14:30:00,2023-11-23
4859,2023-11-23 14:45:00,False,14:45:00,2023-11-23
4860,2023-11-23 15:00:00,False,15:00:00,2023-11-23
4861,2023-11-23 15:15:00,False,15:15:00,2023-11-23
4862,2023-11-23 15:30:00,False,15:30:00,2023-11-23
4863,2023-11-23 15:45:00,False,15:45:00,2023-11-23
4864,2023-11-23 16:00:00,False,16:00:00,2023-11-23
4865,2023-11-23 16:15:00,False,16:15:00,2023-11-23
4866,2023-11-23 16:30:00,False,16:30:00,2023-11-23
4867,2023-11-23 16:45:00,False,16:45:00,2023-11-23
4868,2023-11-23 17:00:00,False,17:00:00,2023-11-23
4869,2023-11-23 17:15:00,False,17:15:00,2023-11-23
4870,2023-11-23 17:30:00,False,17:30:00,2023-11-23
4871,2023-11-23 17:45:00,False,17:45:00,2023-11-23
4872,2023-11-23 18:00:00,False,18:00:00,2023-11-23
4873,2023-11-23 18:15:00,False,18:15:00,2023-11-23
4874,2023-11-23 18:30:00,False,18:30:00,2023-11-23
4875,2023-11-23 18:45:00,False,18:45:00,2023-11-23
4876,2023-11-23 19:00:00,False,19:00:00,2023-11-23
4877,2023-11-23 19:15:00,False,19:15:00,2023-11-23
4878,2023-11-23 19:30:00,False,19:30:00,2023-11-23
4879,2023-11-23 19:45:00,False,19:45:00,2023-11-23
4880,2023-11-23 20:00:00,False,20:00:00,2023-11-23
4881,2023-11-23 20:15:00,False,20:15:00,2023-11-23
4882,2023-11-23 20:30:00,False,20:30:00,2023-11-23
4883,2023-11-23 20:45:00,False,20:45:00,2023-11-23
4884,2023-11-23 21:00:00,False,21:00:00,2023-11-23
4885,2023-11-23 21:15:00,False,21:15:00,2023-11-23
4886,2023-11-23 21:30:00,False,21:30:00,2023-11-23
4887,2023-11-23 21:45:00,False,21:45:00,2023-11-23
4888,2023-11-23 22:00:00,False,22:00:00,2023-11-23
4889,2023-11-23 22:15:00,False,22:15:00,2023-11-23
4890,2023-11-23 22:30:00,False,22:30:00,2023-11-23
4891,2023-11-23 22:45:00,False,22:45:00,2023-11-23
4892,2023-11-23 23:00:00,False,23:00:00,2023-11-23
4893,2023-11-23 23:15:00,False,23:15:00,2023-11-23
4894,2023-11-23 23:30:00,False,23:30:00,2023-11-23
4895,2023-11-23 23:45:00,False,23:45:00,2023-11-23
4896,2023-11-24 00:00:00,False,00:00:00,2023-11-24
4897,2023-11-24 00:15:00,False,00:15:00,2023-11-24
4898,2023-11-24 00:30:00,False,00:30:00,2023-11-24
4899,2023-11-24 00:45:00,False,00:45:00,2023-11-24
4900,2023-11-24 01:00:00,False,01:00:00,2023-11-24
4901,2023-11-24 01:15:00,False,01:15:00,2023-11-24
4902,2023-11-24 01:30:00,False,01:30:00,2023-11-24
4903,2023-11-24 01:45:00,False,01:45:00,2023-11-24
4904,2023-11-24 02:00:00,False,02:00:00,2023-11-24
4905,2023-11-24 02:15:00,False,02:15:00,2023-11-24
4906,2023-11-24 02:30:00,False,02:30:00,2023-11-24
4907,2023-11-24 02:45:00,False,02:45:00,2023-11-24
4908,2023-11-24 03:00:00,False,03:00:00,2023-11-24
4909,2023-11-24 03:15:00,False,03:15:00,2023-11-24
4910,2023-11-24 03:30:00,False,03:30:00,2023-11-24
4911,2023-11-24 03:45:00,False,03:45:00,2023-11-24
4912,2023-11-24 04:00:00,False,04:00:00,2023-11-24
4913,2023-11-24 04:15:00,False,04:15:00,2023-11-24
4914,2023-11-24 04:30:00,False,04:30:00,2023-11-24
4915,2023-11-24 04:45:00,False,04:45:00,2023-11-24
4916,2023-11-24 05:00:00,False,05:00:00,2023-11-24
4917,2023-11-24 05:15:00,False,05:15:00,2023-11-24
4918,2023-11-24 05:30:00,False,05:30:00,2023-11-24
4919,2023-11-24 05:45:00,False,05:45:00,2023-11-24
4920,2023-11-24 06:00:00,False,06:00:00,2023-11-24
4921,2023-11-24 06:15:00,False,06:15:00,2023-11-24
4922,2023-11-24 06:30:00,False,06:30:00,2023-11-24
4923,2023-11-24 06:45:00,False,06:45:00,2023-11-24
4924,2023-11-24 07:00:00,False,07:00:00,2023-11-24
4925,2023-11-24 07:15:00,False,07:15:00,2023-11-24
4926,2023-11-24 07:30:00,False,07:30:00,2023-11-24
4927,2023-11-24 07:45:00,False,07:45:00,2023-11-24
4928,2023-11-24 08:00:00,False,08:00:00,2023-11-24
4929,2023-11-24 08:15:00,False,08:15:00,2023-11-24
4930,2023-11-24 08:30:00,False,08:30:00,2023-11-24
4931,2023-11-24 08:45:00,False,08:45:00,2023-11-24
4932,2023-11-24 09:00:00,False,09:00:00,2023-11-24
4933,2023-11-24 09:15:00,False,09:15:00,2023-11-24
4934,2023-11-24 09:30:00,False,09:30:00,2023-11-24
4935,2023-11-24 09:45:00,False,09:45:00,2023-11-24
4936,2023-11-24 10:00:00,False,10:00:00,2023-11-24
4937,2023-11-24 10:15:00,False,10:15:00,2023-11-24
4938,2023-11-24 10:30:00,False,10:30:00,2023-11-24
4939,2023-11-24 10:45:00,False,10:45:00,2023-11-24
4940,2023-11-24 11:00:00,False,11:00:00,2023-11-24
4941,2023-11-24 11:15:00,False,11:15:00,2023-11-24
4942,2023-11-24 11:30:00,False,11:30:00,2023-11-24
4943,2023-11-24 11:45:00,False,11:45:00,2023-11-24
4944,2023-11-24 12:00:00,False,12:00:00,2023-11-24
4945,2023-11-24 12:15:00,False,12:15:00,2023-11-24
4946,2023-11-24 12:30:00,False,12:30:00,2023-11-24
4947,2023-11-24 12:45:00,False,12:45:00,2023-11-24
4948,2023-11-24 13:00:00,False,13:00:00,2023-11-24
4949,2023-11-24 13:15:00,False,13:15:00,2023-11-24
4950,2023-11-24 13:30:00,False,13:30:00,2023-11-24
4951,2023-11-24 13:45:00,True,13:45:00,2023-11-24
4952,2023-11-24 14:00:00,False,14:00:00,2023-11-24
4953,2023-11-24 14:15:00,False,14:15:00,2023-11-24
4954,2023-11-24 14:30:00,False,14:30:00,2023-11-24
4955,2023-11-24 14:45:00,False,14:45:00,2023-11-24
4956,2023-11-24 15:00:00,False,15:00:00,2023-11-24
4957,2023-11-24 15:15:00,False,15:15:00,2023-11-24
4958,2023-11-24 15:30:00,False,15:30:00,2023-11-24
4959,2023-11-24 15:45:00,False,15:45:00,2023-11-24
4960,2023-11-24 16:00:00,False,16:00:00,2023-11-24
4961,2023-11-24 16:15:00,False,16:15:00,2023-11-24
4962,2023-11-24 16:30:00,False,16:30:00,2023-11-24
4963,2023-11-24 16:45:00,False,16:45:00,2023-11-24
4964,2023-11-24 17:00:00,False,17:00:00,2023-11-24
4965,2023-11-24 17:15:00,False,17:15:00,2023-11-24
4966,2023-11-24 17:30:00,False,17:30:00,2023-11-24
4967,2023-11-24 17:45:00,False,17:45:00,2023-11-24
4968,2023-11-24 18:00:00,False,18:00:00,2023-11-24
4969,2023-11-24 18:15:00,False,18:15:00,2023-11-24
4970,2023-11-24 18:30:00,False,18:30:00,2023-11-24
4971,2023-11-24 18:45:00,False,18:45:00,2023-11-24
4972,2023-11-24 19:00:00,False,19:00:00,2023-11-24
4973,2023-11-24 19:15:00,False,19:15:00,2023-11-24
4974,2023-11-24 19:30:00,False,19:30:00,2023-11-24
4975,2023-11-24 19:45:00,False,19:45:00,2023-11-24
4976,2023-11-24 20:00:00,False,20:00:00,2023-11-24
4977,2023-11-24 20:15:00,False,20:15:00,2023-11-24
4978,2023-11-24 20:30:00,False,20:30:00,2023-11-24
4979,2023-11-24 20:45:00,True,20:45:00,2023-11-24
4980,2023-11-24 21:00:00,True,21:00:00,2023-11-24
4981,2023-11-24 21:15:00,True,21:15:00,2023-11-24
4982,2023-11-24 21:30:00,True,21:30:00,2023-11-24
4983,2023-11-24 21:45:00,True,21:45:00,2023-11-24
4984,2023-11-24 22:00:00,True,22:00:00,2023-11-24
4985,2023-11-24 22:15:00,True,22:15:00,2023-11-24
4986,2023-11-24 22:30:00,True,22:30:00,2023-11-24
4987,2023-11-24 22:45:00,True,22:45:00,2023-11-24
4988,2023-11-24 23:00:00,True,23:00:00,2023-11-24
4989,2023-11-24 23:15:00,True,23:15:00,2023-11-24
4990,2023-11-24 23:30:00,True,23:30:00,2023-11-24
4991,2023-11-24 23:45:00,True,23:45:00,2023-11-24
4992,2023-11-25 00:00:00,True,00:00:00,2023-11-25
4993,2023-11-25 00:15:00,True,00:15:00,2023-11-25
4994,2023-11-25 00:30:00,True,00:30:00,2023-11-25
4995,2023-11-25 00:45:00,True,00:45:00,2023-11-25
4996,2023-11-25 01:00:00,True,01:00:00,2023-11-25
4997,2023-11-25 01:15:00,True,01:15:00,2023-11-25
4998,2023-11-25 01:30:00,True,01:30:00,2023-11-25
4999,2023-11-25 01:45:00,False,01:45:00,2023-11-25
5000,2023-11-25 02:00:00,False,02:00:00,2023-11-25
5001,2023-11-25 02:15:00,False,02:15:00,2023-11-25
5002,2023-11-25 02:30:00,False,02:30:00,2023-11-25
5003,2023-11-25 02:45:00,False,02:45:00,2023-11-25
5004,2023-11-25 03:00:00,False,03:00:00,2023-11-25
5005,2023-11-25 03:15:00,False,03:15:00,2023-11-25
5006,2023-11-25 03:30:00,False,03:30:00,2023-11-25
5007,2023-11-25 03:45:00,False,03:45:00,2023-11-25
5008,2023-11-25 04:00:00,False,04:00:00,2023-11-25
5009,2023-11-25 04:15:00,False,04:15:00,2023-11-25
5010,2023-11-25 04:30:00,False,04:30:00,2023-11-25
5011,2023-11-25 04:45:00,False,04:45:00,2023-11-25
5012,2023-11-25 05:00:00,False,05:00:00,2023-11-25
5013,2023-11-25 05:15:00,False,05:15:00,2023-11-25
5014,2023-11-25 05:30:00,False,05:30:00,2023-11-25
5015,2023-11-25 05:45:00,False,05:45:00,2023-11-25
5016,2023-11-25 06:00:00,False,06:00:00,2023-11-25
5017,2023-11-25 06:15:00,False,06:15:00,2023-11-25
5018,2023-11-25 06:30:00,False,06:30:00,2023-11-25
5019,2023-11-25 06:45:00,False,06:45:00,2023-11-25
5020,2023-11-25 07:00:00,False,07:00:00,2023-11-25
5021,2023-11-25 07:15:00,False,07:15:00,2023-11-25
5022,2023-11-25 07:30:00,False,07:30:00,2023-11-25
5023,2023-11-25 07:45:00,False,07:45:00,2023-11-25
5024,2023-11-25 08:00:00,False,08:00:00,2023-11-25
5025,2023-11-25 08:15:00,False,08:15:00,2023-11-25
5026,2023-11-25 08:30:00,False,08:30:00,2023-11-25
5027,2023-11-25 08:45:00,False,08:45:00,2023-11-25
5028,2023-11-25 09:00:00,False,09:00:00,2023-11-25
5029,2023-11-25 09:15:00,False,09:15:00,2023-11-25
5030,2023-11-25 09:30:00,False,09:30:00,2023-11-25
5031,2023-11-25 09:45:00,False,09:45:00,2023-11-25
5032,2023-11-25 10:00:00,False,10:00:00,2023-11-25
5033,2023-11-25 10:15:00,False,10:15:00,2023-11-25
5034,2023-11-25 10:30:00,False,10:30:00,2023-11-25
5035,2023-11-25 10:45:00,False,10:45:00,2023-11-25
5036,2023-11-25 11:00:00,False,11:00:00,2023-11-25
5037,2023-11-25 11:15:00,False,11:15:00,2023-11-25
5038,2023-11-25 11:30:00,False,11:30:00,2023-11-25
5039,2023-11-25 11:45:00,False,11:45:00,2023-11-25
5040,2023-11-25 12:00:00,False,12:00:00,2023-11-25
5041,2023-11-25 12:15:00,False,12:15:00,2023-11-25
5042,2023-11-25 12:30:00,False,12:30:00,2023-11-25
5043,2023-11-25 12:45:00,False,12:45:00,2023-11-25
5044,2023-11-25 13:00:00,False,13:00:00,2023-11-25
5045,2023-11-25 13:15:00,False,13:15:00,2023-11-25
5046,2023-11-25 13:30:00,False,13:30:00,2023-11-25
5047,2023-11-25 13:45:00,False,13:45:00,2023-11-25
5048,2023-11-25 14:00:00,False,14:00:00,2023-11-25
5049,2023-11-25 14:15:00,False,14:15:00,2023-11-25
5050,2023-11-25 14:30:00,False,14:30:00,2023-11-25
5051,2023-11-25 14:45:00,False,14:45:00,2023-11-25
5052,2023-11-25 15:00:00,False,15:00:00,2023-11-25
5053,2023-11-25 15:15:00,False,15:15:00,2023-11-25
5054,2023-11-25 15:30:00,False,15:30:00,2023-11-25
5055,2023-11-25 15:45:00,False,15:45:00,2023-11-25
5056,2023-11-25 16:00:00,False,16:00:00,2023-11-25
5057,2023-11-25 16:15:00,False,16:15:00,2023-11-25
5058,2023-11-25 16:30:00,False,16:30:00,2023-11-25
5059,2023-11-25 16:45:00,False,16:45:00,2023-11-25
5060,2023-11-25 17:00:00,False,17:00:00,2023-11-25
5061,2023-11-25 17:15:00,False,17:15:00,2023-11-25
5062,2023-11-25 17:30:00,False,17:30:00,2023-11-25
5063,2023-11-25 17:45:00,False,17:45:00,2023-11-25
5064,2023-11-25 18:00:00,False,18:00:00,2023-11-25
5065,2023-11-25 18:15:00,False,18:15:00,2023-11-25
5066,2023-11-25 18:30:00,False,18:30:00,2023-11-25
5067,2023-11-25 18:45:00,False,18:45:00,2023-11-25
5068,2023-11-25 19:00:00,False,19:00:00,2023-11-25
5069,2023-11-25 19:15:00,False,19:15:00,2023-11-25
5070,2023-11-25 19:30:00,False,19:30:00,2023-11-25
5071,2023-11-25 19:45:00,False,19:45:00,2023-11-25
5072,2023-11-25 20:00:00,False,20:00:00,2023-11-25
5073,2023-11-25 20:15:00,False,20:15:00,2023-11-25
5074,2023-11-25 20:30:00,False,20:30:00,2023-11-25
5075,2023-11-25 20:45:00,False,20:45:00,2023-11-25
5076,2023-11-25 21:00:00,False,21:00:00,2023-11-25
5077,2023-11-25 21:15:00,False,21:15:00,2023-11-25
5078,2023-11-25 21:30:00,False,21:30:00,2023-11-25
5079,2023-11-25 21:45:00,False,21:45:00,2023-11-25
5080,2023-11-25 22:00:00,False,22:00:00,2023-11-25
5081,2023-11-25 22:15:00,False,22:15:00,2023-11-25
5082,2023-11-25 22:30:00,False,22:30:00,2023-11-25
5083,2023-11-25 22:45:00,False,22:45:00,2023-11-25
5084,2023-11-25 23:00:00,False,23:00:00,2023-11-25
5085,2023-11-25 23:15:00,False,23:15:00,2023-11-25
5086,2023-11-25 23:30:00,False,23:30:00,2023-11-25
5087,2023-11-25 23:45:00,False,23:45:00,2023-11-25
5088,2023-11-26 00:00:00,False,00:00:00,2023-11-26
5089,2023-11-26 00:15:00,False,00:15:00,2023-11-26
5090,2023-11-26 00:30:00,False,00:30:00,2023-11-26
5091,2023-11-26 00:45:00,False,00:45:00,2023-11-26
5092,2023-11-26 01:00:00,False,01:00:00,2023-11-26
5093,2023-11-26 01:15:00,False,01:15:00,2023-11-26
5094,2023-11-26 01:30:00,False,01:30:00,2023-11-26
5095,2023-11-26 01:45:00,False,01:45:00,2023-11-26
5096,2023-11-26 02:00:00,False,02:00:00,2023-11-26
5097,2023-11-26 02:15:00,False,02:15:00,2023-11-26
5098,2023-11-26 02:30:00,False,02:30:00,2023-11-26
5099,2023-11-26 02:45:00,False,02:45:00,2023-11-26
5100,2023-11-26 03:00:00,False,03:00:00,2023-11-26
5101,2023-11-26 03:15:00,False,03:15:00,2023-11-26
5102,2023-11-26 03:30:00,False,03:30:00,2023-11-26
5103,2023-11-26 03:45:00,False,03:45:00,2023-11-26
5104,2023-11-26 04:00:00,False,04:00:00,2023-11-26
5105,2023-11-26 04:15:00,False,04:15:00,2023-11-26
5106,2023-11-26 04:30:00,False,04:30:00,2023-11-26
5107,2023-11-26 04:45:00,False,04:45:00,2023-11-26
5108,2023-11-26 05:00:00,False,05:00:00,2023-11-26
5109,2023-11-26 05:15:00,False,05:15:00,2023-11-26
5110,2023-11-26 05:30:00,False,05:30:00,2023-11-26
5111,2023-11-26 05:45:00,False,05:45:00,2023-11-26
5112,2023-11-26 06:00:00,False,06:00:00,2023-11-26
5113,2023-11-26 06:15:00,False,06:15:00,2023-11-26
5114,2023-11-26 06:30:00,False,06:30:00,2023-11-26
5115,2023-11-26 06:45:00,False,06:45:00,2023-11-26
5116,2023-11-26 07:00:00,False,07:00:00,2023-11-26
5117,2023-11-26 07:15:00,False,07:15:00,2023-11-26
5118,2023-11-26 07:30:00,False,07:30:00,2023-11-26
5119,2023-11-26 07:45:00,False,07:45:00,2023-11-26
5120,2023-11-26 08:00:00,False,08:00:00,2023-11-26
5121,2023-11-26 08:15:00,False,08:15:00,2023-11-26
5122,2023-11-26 08:30:00,False,08:30:00,2023-11-26
5123,2023-11-26 08:45:00,False,08:45:00,2023-11-26
5124,2023-11-26 09:00:00,False,09:00:00,2023-11-26
5125,2023-11-26 09:15:00,False,09:15:00,2023-11-26
5126,2023-11-26 09:30:00,False,09:30:00,2023-11-26
5127,2023-11-26 09:45:00,False,09:45:00,2023-11-26
5128,2023-11-26 10:00:00,False,10:00:00,2023-11-26
5129,2023-11-26 10:15:00,False,10:15:00,2023-11-26
5130,2023-11-26 10:30:00,False,10:30:00,2023-11-26
5131,2023-11-26 10:45:00,False,10:45:00,2023-11-26
5132,2023-11-26 11:00:00,False,11:00:00,2023-11-26
5133,2023-11-26 11:15:00,False,11:15:00,2023-11-26
5134,2023-11-26 11:30:00,False,11:30:00,2023-11-26
5135,2023-11-26 11:45:00,False,11:45:00,2023-11-26
5136,2023-11-26 12:00:00,False,12:00:00,2023-11-26
5137,2023-11-26 12:15:00,False,12:15:00,2023-11-26
5138,2023-11-26 12:30:00,False,12:30:00,2023-11-26
5139,2023-11-26 12:45:00,False,12:45:00,2023-11-26
5140,2023-11-26 13:00:00,False,13:00:00,2023-11-26
5141,2023-11-26 13:15:00,False,13:15:00,2023-11-26
5142,2023-11-26 13:30:00,False,13:30:00,2023-11-26
5143,2023-11-26 13:45:00,False,13:45:00,2023-11-26
5144,2023-11-26 14:00:00,False,14:00:00,2023-11-26
5145,2023-11-26 14:15:00,False,14:15:00,2023-11-26
5146,2023-11-26 14:30:00,False,14:30:00,2023-11-26
5147,2023-11-26 14:45:00,False,14:45:00,2023-11-26
5148,2023-11-26 15:00:00,False,15:00:00,2023-11-26
5149,2023-11-26 15:15:00,False,15:15:00,2023-11-26
5150,2023-11-26 15:30:00,False,15:30:00,2023-11-26
5151,2023-11-26 15:45:00,False,15:45:00,2023-11-26
5152,2023-11-26 16:00:00,False,16:00:00,2023-11-26
5153,2023-11-26 16:15:00,False,16:15:00,2023-11-26
5154,2023-11-26 16:30:00,False,16:30:00,2023-11-26
5155,2023-11-26 16:45:00,False,16:45:00,2023-11-26
5156,2023-11-26 17:00:00,False,17:00:00,2023-11-26
5157,2023-11-26 17:15:00,False,17:15:00,2023-11-26
5158,2023-11-26 17:30:00,False,17:30:00,2023-11-26
5159,2023-11-26 17:45:00,False,17:45:00,2023-11-26
5160,2023-11-26 18:00:00,False,18:00:00,2023-11-26
5161,2023-11-26 18:15:00,False,18:15:00,2023-11-26
5162,2023-11-26 18:30:00,False,18:30:00,2023-11-26
5163,2023-11-26 18:45:00,False,18:45:00,2023-11-26
5164,2023-11-26 19:00:00,False,19:00:00,2023-11-26
5165,2023-11-26 19:15:00,False,19:15:00,2023-11-26
5166,2023-11-26 19:30:00,False,19:30:00,2023-11-26
5167,2023-11-26 19:45:00,False,19:45:00,2023-11-26
5168,2023-11-26 20:00:00,False,20:00:00,2023-11-26
5169,2023-11-26 20:15:00,False,20:15:00,2023-11-26
5170,2023-11-26 20:30:00,False,20:30:00,2023-11-26
5171,2023-11-26 20:45:00,False,20:45:00,2023-11-26
5172,2023-11-26 21:00:00,False,21:00:00,2023-11-26
5173,2023-11-26 21:15:00,False,21:15:00,2023-11-26
5174,2023-11-26 21:30:00,False,21:30:00,2023-11-26
5175,2023-11-26 21:45:00,False,21:45:00,2023-11-26
5176,2023-11-26 22:00:00,False,22:00:00,2023-11-26
5177,2023-11-26 22:15:00,False,22:15:00,2023-11-26
5178,2023-11-26 22:30:00,False,22:30:00,2023-11-26
5179,2023-11-26 22:45:00,False,22:45:00,2023-11-26
5180,2023-11-26 23:00:00,False,23:00:00,2023-11-26
5181,2023-11-26 23:15:00,False,23:15:00,2023-11-26
5182,2023-11-26 23:30:00,False,23:30:00,2023-11-26
5183,2023-11-26 23:45:00,False,23:45:00,2023-11-26
5184,2023-11-27 00:00:00,False,00:00:00,2023-11-27
5185,2023-11-27 00:15:00,False,00:15:00,2023-11-27
5186,2023-11-27 00:30:00,False,00:30:00,2023-11-27
5187,2023-11-27 00:45:00,False,00:45:00,2023-11-27
5188,2023-11-27 01:00:00,False,01:00:00,2023-11-27
5189,2023-11-27 01:15:00,False,01:15:00,2023-11-27
5190,2023-11-27 01:30:00,False,01:30:00,2023-11-27
5191,2023-11-27 01:45:00,False,01:45:00,2023-11-27
5192,2023-11-27 02:00:00,False,02:00:00,2023-11-27
5193,2023-11-27 02:15:00,False,02:15:00,2023-11-27
5194,2023-11-27 02:30:00,False,02:30:00,2023-11-27
5195,2023-11-27 02:45:00,False,02:45:00,2023-11-27
5196,2023-11-27 03:00:00,False,03:00:00,2023-11-27
5197,2023-11-27 03:15:00,False,03:15:00,2023-11-27
5198,2023-11-27 03:30:00,False,03:30:00,2023-11-27
5199,2023-11-27 03:45:00,False,03:45:00,2023-11-27
5200,2023-11-27 04:00:00,False,04:00:00,2023-11-27
5201,2023-11-27 04:15:00,False,04:15:00,2023-11-27
5202,2023-11-27 04:30:00,False,04:30:00,2023-11-27
5203,2023-11-27 04:45:00,False,04:45:00,2023-11-27
5204,2023-11-27 05:00:00,False,05:00:00,2023-11-27
5205,2023-11-27 05:15:00,False,05:15:00,2023-11-27
5206,2023-11-27 05:30:00,False,05:30:00,2023-11-27
5207,2023-11-27 05:45:00,False,05:45:00,2023-11-27
5208,2023-11-27 06:00:00,False,06:00:00,2023-11-27
5209,2023-11-27 06:15:00,False,06:15:00,2023-11-27
5210,2023-11-27 06:30:00,False,06:30:00,2023-11-27
5211,2023-11-27 06:45:00,False,06:45:00,2023-11-27
5212,2023-11-27 07:00:00,False,07:00:00,2023-11-27
5213,2023-11-27 07:15:00,False,07:15:00,2023-11-27
5214,2023-11-27 07:30:00,False,07:30:00,2023-11-27
5215,2023-11-27 07:45:00,False,07:45:00,2023-11-27
5216,2023-11-27 08:00:00,False,08:00:00,2023-11-27
5217,2023-11-27 08:15:00,False,08:15:00,2023-11-27
5218,2023-11-27 08:30:00,False,08:30:00,2023-11-27
5219,2023-11-27 08:45:00,False,08:45:00,2023-11-27
5220,2023-11-27 09:00:00,False,09:00:00,2023-11-27
5221,2023-11-27 09:15:00,False,09:15:00,2023-11-27
5222,2023-11-27 09:30:00,False,09:30:00,2023-11-27
5223,2023-11-27 09:45:00,False,09:45:00,2023-11-27
5224,2023-11-27 10:00:00,False,10:00:00,2023-11-27
5225,2023-11-27 10:15:00,False,10:15:00,2023-11-27
5226,2023-11-27 10:30:00,False,10:30:00,2023-11-27
5227,2023-11-27 10:45:00,False,10:45:00,2023-11-27
5228,2023-11-27 11:00:00,False,11:00:00,2023-11-27
5229,2023-11-27 11:15:00,False,11:15:00,2023-11-27
5230,2023-11-27 11:30:00,False,11:30:00,2023-11-27
5231,2023-11-27 11:45:00,False,11:45:00,2023-11-27
5232,2023-11-27 12:00:00,True,12:00:00,2023-11-27
5233,2023-11-27 12:15:00,True,12:15:00,2023-11-27
5234,2023-11-27 12:30:00,False,12:30:00,2023-11-27
5235,2023-11-27 12:45:00,False,12:45:00,2023-11-27
5236,2023-11-27 13:00:00,False,13:00:00,2023-11-27
5237,2023-11-27 13:15:00,False,13:15:00,2023-11-27
5238,2023-11-27 13:30:00,False,13:30:00,2023-11-27
5239,2023-11-27 13:45:00,False,13:45:00,2023-11-27
5240,2023-11-27 14:00:00,False,14:00:00,2023-11-27
5241,2023-11-27 14:15:00,False,14:15:00,2023-11-27
5242,2023-11-27 14:30:00,False,14:30:00,2023-11-27
5243,2023-11-27 14:45:00,False,14:45:00,2023-11-27
5244,2023-11-27 15:00:00,False,15:00:00,2023-11-27
5245,2023-11-27 15:15:00,False,15:15:00,2023-11-27
5246,2023-11-27 15:30:00,False,15:30:00,2023-11-27
5247,2023-11-27 15:45:00,False,15:45:00,2023-11-27
5248,2023-11-27 16:00:00,False,16:00:00,2023-11-27
5249,2023-11-27 16:15:00,True,16:15:00,2023-11-27
5250,2023-11-27 16:30:00,False,16:30:00,2023-11-27
5251,2023-11-27 16:45:00,False,16:45:00,2023-11-27
5252,2023-11-27 17:00:00,False,17:00:00,2023-11-27
5253,2023-11-27 17:15:00,False,17:15:00,2023-11-27
5254,2023-11-27 17:30:00,False,17:30:00,2023-11-27
5255,2023-11-27 17:45:00,False,17:45:00,2023-11-27
5256,2023-11-27 18:00:00,False,18:00:00,2023-11-27
5257,2023-11-27 18:15:00,False,18:15:00,2023-11-27
5258,2023-11-27 18:30:00,False,18:30:00,2023-11-27
5259,2023-11-27 18:45:00,False,18:45:00,2023-11-27
5260,2023-11-27 19:00:00,False,19:00:00,2023-11-27
5261,2023-11-27 19:15:00,False,19:15:00,2023-11-27
5262,2023-11-27 19:30:00,False,19:30:00,2023-11-27
5263,2023-11-27 19:45:00,False,19:45:00,2023-11-27
5264,2023-11-27 20:00:00,False,20:00:00,2023-11-27
5265,2023-11-27 20:15:00,False,20:15:00,2023-11-27
5266,2023-11-27 20:30:00,False,20:30:00,2023-11-27
5267,2023-11-27 20:45:00,False,20:45:00,2023-11-27
5268,2023-11-27 21:00:00,False,21:00:00,2023-11-27
5269,2023-11-27 21:15:00,False,21:15:00,2023-11-27
5270,2023-11-27 21:30:00,False,21:30:00,2023-11-27
5271,2023-11-27 21:45:00,False,21:45:00,2023-11-27
5272,2023-11-27 22:00:00,False,22:00:00,2023-11-27
5273,2023-11-27 22:15:00,False,22:15:00,2023-11-27
5274,2023-11-27 22:30:00,False,22:30:00,2023-11-27
5275,2023-11-27 22:45:00,False,22:45:00,2023-11-27
5276,2023-11-27 23:00:00,False,23:00:00,2023-11-27
5277,2023-11-27 23:15:00,False,23:15:00,2023-11-27
5278,2023-11-27 23:30:00,False,23:30:00,2023-11-27
5279,2023-11-27 23:45:00,False,23:45:00,2023-11-27
5280,2023-11-28 00:00:00,False,00:00:00,2023-11-28
5281,2023-11-28 00:15:00,False,00:15:00,2023-11-28
5282,2023-11-28 00:30:00,False,00:30:00,2023-11-28
5283,2023-11-28 00:45:00,False,00:45:00,2023-11-28
5284,2023-11-28 01:00:00,False,01:00:00,2023-11-28
5285,2023-11-28 01:15:00,False,01:15:00,2023-11-28
5286,2023-11-28 01:30:00,False,01:30:00,2023-11-28
5287,2023-11-28 01:45:00,False,01:45:00,2023-11-28
5288,2023-11-28 02:00:00,False,02:00:00,2023-11-28
5289,2023-11-28 02:15:00,False,02:15:00,2023-11-28
5290,2023-11-28 02:30:00,False,02:30:00,2023-11-28
5291,2023-11-28 02:45:00,False,02:45:00,2023-11-28
5292,2023-11-28 03:00:00,False,03:00:00,2023-11-28
5293,2023-11-28 03:15:00,False,03:15:00,2023-11-28
5294,2023-11-28 03:30:00,False,03:30:00,2023-11-28
5295,2023-11-28 03:45:00,False,03:45:00,2023-11-28
5296,2023-11-28 04:00:00,False,04:00:00,2023-11-28
5297,2023-11-28 04:15:00,False,04:15:00,2023-11-28
5298,2023-11-28 04:30:00,False,04:30:00,2023-11-28
5299,2023-11-28 04:45:00,False,04:45:00,2023-11-28
5300,2023-11-28 05:00:00,False,05:00:00,2023-11-28
5301,2023-11-28 05:15:00,False,05:15:00,2023-11-28
5302,2023-11-28 05:30:00,False,05:30:00,2023-11-28
5303,2023-11-28 05:45:00,False,05:45:00,2023-11-28
5304,2023-11-28 06:00:00,False,06:00:00,2023-11-28
5305,2023-11-28 06:15:00,False,06:15:00,2023-11-28
5306,2023-11-28 06:30:00,False,06:30:00,2023-11-28
5307,2023-11-28 06:45:00,False,06:45:00,2023-11-28
5308,2023-11-28 07:00:00,False,07:00:00,2023-11-28
5309,2023-11-28 07:15:00,False,07:15:00,2023-11-28
5310,2023-11-28 07:30:00,False,07:30:00,2023-11-28
5311,2023-11-28 07:45:00,False,07:45:00,2023-11-28
5312,2023-11-28 08:00:00,False,08:00:00,2023-11-28
5313,2023-11-28 08:15:00,False,08:15:00,2023-11-28
5314,2023-11-28 08:30:00,False,08:30:00,2023-11-28
5315,2023-11-28 08:45:00,False,08:45:00,2023-11-28
5316,2023-11-28 09:00:00,False,09:00:00,2023-11-28
5317,2023-11-28 09:15:00,False,09:15:00,2023-11-28
5318,2023-11-28 09:30:00,False,09:30:00,2023-11-28
5319,2023-11-28 09:45:00,False,09:45:00,2023-11-28
5320,2023-11-28 10:00:00,False,10:00:00,2023-11-28
5321,2023-11-28 10:15:00,False,10:15:00,2023-11-28
5322,2023-11-28 10:30:00,False,10:30:00,2023-11-28
5323,2023-11-28 10:45:00,False,10:45:00,2023-11-28
5324,2023-11-28 11:00:00,False,11:00:00,2023-11-28
5325,2023-11-28 11:15:00,False,11:15:00,2023-11-28
5326,2023-11-28 11:30:00,False,11:30:00,2023-11-28
5327,2023-11-28 11:45:00,False,11:45:00,2023-11-28
5328,2023-11-28 12:00:00,False,12:00:00,2023-11-28
5329,2023-11-28 12:15:00,False,12:15:00,2023-11-28
5330,2023-11-28 12:30:00,False,12:30:00,2023-11-28
5331,2023-11-28 12:45:00,False,12:45:00,2023-11-28
5332,2023-11-28 13:00:00,False,13:00:00,2023-11-28
5333,2023-11-28 13:15:00,False,13:15:00,2023-11-28
5334,2023-11-28 13:30:00,False,13:30:00,2023-11-28
5335,2023-11-28 13:45:00,False,13:45:00,2023-11-28
5336,2023-11-28 14:00:00,False,14:00:00,2023-11-28
5337,2023-11-28 14:15:00,False,14:15:00,2023-11-28
5338,2023-11-28 14:30:00,False,14:30:00,2023-11-28
5339,2023-11-28 14:45:00,False,14:45:00,2023-11-28
5340,2023-11-28 15:00:00,False,15:00:00,2023-11-28
5341,2023-11-28 15:15:00,False,15:15:00,2023-11-28
5342,2023-11-28 15:30:00,False,15:30:00,2023-11-28
5343,2023-11-28 15:45:00,False,15:45:00,2023-11-28
5344,2023-11-28 16:00:00,False,16:00:00,2023-11-28
5345,2023-11-28 16:15:00,False,16:15:00,2023-11-28
5346,2023-11-28 16:30:00,False,16:30:00,2023-11-28
5347,2023-11-28 16:45:00,False,16:45:00,2023-11-28
5348,2023-11-28 17:00:00,False,17:00:00,2023-11-28
5349,2023-11-28 17:15:00,False,17:15:00,2023-11-28
5350,2023-11-28 17:30:00,False,17:30:00,2023-11-28
5351,2023-11-28 17:45:00,False,17:45:00,2023-11-28
5352,2023-11-28 18:00:00,False,18:00:00,2023-11-28
5353,2023-11-28 18:15:00,False,18:15:00,2023-11-28
5354,2023-11-28 18:30:00,False,18:30:00,2023-11-28
5355,2023-11-28 18:45:00,False,18:45:00,2023-11-28
5356,2023-11-28 19:00:00,False,19:00:00,2023-11-28
5357,2023-11-28 19:15:00,False,19:15:00,2023-11-28
5358,2023-11-28 19:30:00,False,19:30:00,2023-11-28
5359,2023-11-28 19:45:00,True,19:45:00,2023-11-28
5360,2023-11-28 20:00:00,True,20:00:00,2023-11-28
5361,2023-11-28 20:15:00,True,20:15:00,2023-11-28
5362,2023-11-28 20:30:00,True,20:30:00,2023-11-28
5363,2023-11-28 20:45:00,True,20:45:00,2023-11-28
5364,2023-11-28 21:00:00,True,21:00:00,2023-11-28
5365,2023-11-28 21:15:00,False,21:15:00,2023-11-28
5366,2023-11-28 21:30:00,False,21:30:00,2023-11-28
5367,2023-11-28 21:45:00,False,21:45:00,2023-11-28
5368,2023-11-28 22:00:00,False,22:00:00,2023-11-28
5369,2023-11-28 22:15:00,False,22:15:00,2023-11-28
5370,2023-11-28 22:30:00,False,22:30:00,2023-11-28
5371,2023-11-28 22:45:00,False,22:45:00,2023-11-28
5372,2023-11-28 23:00:00,False,23:00:00,2023-11-28
5373,2023-11-28 23:15:00,False,23:15:00,2023-11-28
5374,2023-11-28 23:30:00,False,23:30:00,2023-11-28
5375,2023-11-28 23:45:00,False,23:45:00,2023-11-28
5376,2023-11-29 00:00:00,False,00:00:00,2023-11-29
5377,2023-11-29 00:15:00,False,00:15:00,2023-11-29
5378,2023-11-29 00:30:00,False,00:30:00,2023-11-29
5379,2023-11-29 00:45:00,False,00:45:00,2023-11-29
5380,2023-11-29 01:00:00,False,01:00:00,2023-11-29
5381,2023-11-29 01:15:00,False,01:15:00,2023-11-29
5382,2023-11-29 01:30:00,False,01:30:00,2023-11-29
5383,2023-11-29 01:45:00,False,01:45:00,2023-11-29
5384,2023-11-29 02:00:00,False,02:00:00,2023-11-29
5385,2023-11-29 02:15:00,False,02:15:00,2023-11-29
5386,2023-11-29 02:30:00,False,02:30:00,2023-11-29
5387,2023-11-29 02:45:00,False,02:45:00,2023-11-29
5388,2023-11-29 03:00:00,False,03:00:00,2023-11-29
5389,2023-11-29 03:15:00,False,03:15:00,2023-11-29
5390,2023-11-29 03:30:00,False,03:30:00,2023-11-29
5391,2023-11-29 03:45:00,False,03:45:00,2023-11-29
5392,2023-11-29 04:00:00,False,04:00:00,2023-11-29
5393,2023-11-29 04:15:00,False,04:15:00,2023-11-29
5394,2023-11-29 04:30:00,False,04:30:00,2023-11-29
5395,2023-11-29 04:45:00,False,04:45:00,2023-11-29
5396,2023-11-29 05:00:00,False,05:00:00,2023-11-29
5397,2023-11-29 05:15:00,False,05:15:00,2023-11-29
5398,2023-11-29 05:30:00,False,05:30:00,2023-11-29
5399,2023-11-29 05:45:00,False,05:45:00,2023-11-29
5400,2023-11-29 06:00:00,False,06:00:00,2023-11-29
5401,2023-11-29 06:15:00,False,06:15:00,2023-11-29
5402,2023-11-29 06:30:00,False,06:30:00,2023-11-29
5403,2023-11-29 06:45:00,False,06:45:00,2023-11-29
5404,2023-11-29 07:00:00,False,07:00:00,2023-11-29
5405,2023-11-29 07:15:00,False,07:15:00,2023-11-29
5406,2023-11-29 07:30:00,False,07:30:00,2023-11-29
5407,2023-11-29 07:45:00,False,07:45:00,2023-11-29
5408,2023-11-29 08:00:00,False,08:00:00,2023-11-29
5409,2023-11-29 08:15:00,False,08:15:00,2023-11-29
5410,2023-11-29 08:30:00,False,08:30:00,2023-11-29
5411,2023-11-29 08:45:00,False,08:45:00,2023-11-29
5412,2023-11-29 09:00:00,False,09:00:00,2023-11-29
5413,2023-11-29 09:15:00,False,09:15:00,2023-11-29
5414,2023-11-29 09:30:00,False,09:30:00,2023-11-29
5415,2023-11-29 09:45:00,False,09:45:00,2023-11-29
5416,2023-11-29 10:00:00,False,10:00:00,2023-11-29
5417,2023-11-29 10:15:00,False,10:15:00,2023-11-29
5418,2023-11-29 10:30:00,False,10:30:00,2023-11-29
5419,2023-11-29 10:45:00,False,10:45:00,2023-11-29
5420,2023-11-29 11:00:00,False,11:00:00,2023-11-29
5421,2023-11-29 11:15:00,False,11:15:00,2023-11-29
5422,2023-11-29 11:30:00,False,11:30:00,2023-11-29
5423,2023-11-29 11:45:00,False,11:45:00,2023-11-29
5424,2023-11-29 12:00:00,False,12:00:00,2023-11-29
5425,2023-11-29 12:15:00,False,12:15:00,2023-11-29
5426,2023-11-29 12:30:00,False,12:30:00,2023-11-29
5427,2023-11-29 12:45:00,False,12:45:00,2023-11-29
5428,2023-11-29 13:00:00,False,13:00:00,2023-11-29
5429,2023-11-29 13:15:00,False,13:15:00,2023-11-29
5430,2023-11-29 13:30:00,False,13:30:00,2023-11-29
5431,2023-11-29 13:45:00,False,13:45:00,2023-11-29
5432,2023-11-29 14:00:00,False,14:00:00,2023-11-29
5433,2023-11-29 14:15:00,False,14:15:00,2023-11-29
5434,2023-11-29 14:30:00,False,14:30:00,2023-11-29
5435,2023-11-29 14:45:00,False,14:45:00,2023-11-29
5436,2023-11-29 15:00:00,False,15:00:00,2023-11-29
5437,2023-11-29 15:15:00,False,15:15:00,2023-11-29
5438,2023-11-29 15:30:00,False,15:30:00,2023-11-29
5439,2023-11-29 15:45:00,False,15:45:00,2023-11-29
5440,2023-11-29 16:00:00,False,16:00:00,2023-11-29
5441,2023-11-29 16:15:00,False,16:15:00,2023-11-29
5442,2023-11-29 16:30:00,False,16:30:00,2023-11-29
5443,2023-11-29 16:45:00,False,16:45:00,2023-11-29
5444,2023-11-29 17:00:00,False,17:00:00,2023-11-29
5445,2023-11-29 17:15:00,False,17:15:00,2023-11-29
5446,2023-11-29 17:30:00,False,17:30:00,2023-11-29
5447,2023-11-29 17:45:00,False,17:45:00,2023-11-29
5448,2023-11-29 18:00:00,False,18:00:00,2023-11-29
5449,2023-11-29 18:15:00,False,18:15:00,2023-11-29
5450,2023-11-29 18:30:00,False,18:30:00,2023-11-29
5451,2023-11-29 18:45:00,False,18:45:00,2023-11-29
5452,2023-11-29 19:00:00,False,19:00:00,2023-11-29
5453,2023-11-29 19:15:00,False,19:15:00,2023-11-29
5454,2023-11-29 19:30:00,False,19:30:00,2023-11-29
5455,2023-11-29 19:45:00,False,19:45:00,2023-11-29
5456,2023-11-29 20:00:00,False,20:00:00,2023-11-29
5457,2023-11-29 20:15:00,False,20:15:00,2023-11-29
5458,2023-11-29 20:30:00,False,20:30:00,2023-11-29
5459,2023-11-29 20:45:00,False,20:45:00,2023-11-29
5460,2023-11-29 21:00:00,False,21:00:00,2023-11-29
5461,2023-11-29 21:15:00,False,21:15:00,2023-11-29
5462,2023-11-29 21:30:00,True,21:30:00,2023-11-29
5463,2023-11-29 21:45:00,True,21:45:00,2023-11-29
5464,2023-11-29 22:00:00,False,22:00:00,2023-11-29
5465,2023-11-29 22:15:00,False,22:15:00,2023-11-29
5466,2023-11-29 22:30:00,False,22:30:00,2023-11-29
5467,2023-11-29 22:45:00,False,22:45:00,2023-11-29
5468,2023-11-29 23:00:00,False,23:00:00,2023-11-29
5469,2023-11-29 23:15:00,False,23:15:00,2023-11-29
5470,2023-11-29 23:30:00,False,23:30:00,2023-11-29
5471,2023-11-29 23:45:00,False,23:45:00,2023-11-29
5472,2023-11-30 00:00:00,False,00:00:00,2023-11-30
5473,2023-11-30 00:15:00,False,00:15:00,2023-11-30
5474,2023-11-30 00:30:00,False,00:30:00,2023-11-30
5475,2023-11-30 00:45:00,False,00:45:00,2023-11-30
5476,2023-11-30 01:00:00,False,01:00:00,2023-11-30
5477,2023-11-30 01:15:00,False,01:15:00,2023-11-30
5478,2023-11-30 01:30:00,False,01:30:00,2023-11-30
5479,2023-11-30 01:45:00,False,01:45:00,2023-11-30
5480,2023-11-30 02:00:00,False,02:00:00,2023-11-30
5481,2023-11-30 02:15:00,False,02:15:00,2023-11-30
5482,2023-11-30 02:30:00,False,02:30:00,2023-11-30
5483,2023-11-30 02:45:00,False,02:45:00,2023-11-30
5484,2023-11-30 03:00:00,False,03:00:00,2023-11-30
5485,2023-11-30 03:15:00,False,03:15:00,2023-11-30
5486,2023-11-30 03:30:00,False,03:30:00,2023-11-30
5487,2023-11-30 03:45:00,False,03:45:00,2023-11-30
5488,2023-11-30 04:00:00,False,04:00:00,2023-11-30
5489,2023-11-30 04:15:00,False,04:15:00,2023-11-30
5490,2023-11-30 04:30:00,False,04:30:00,2023-11-30
5491,2023-11-30 04:45:00,False,04:45:00,2023-11-30
5492,2023-11-30 05:00:00,False,05:00:00,2023-11-30
5493,2023-11-30 05:15:00,False,05:15:00,2023-11-30
5494,2023-11-30 05:30:00,False,05:30:00,2023-11-30
5495,2023-11-30 05:45:00,False,05:45:00,2023-11-30
5496,2023-11-30 06:00:00,False,06:00:00,2023-11-30
5497,2023-11-30 06:15:00,False,06:15:00,2023-11-30
5498,2023-11-30 06:30:00,False,06:30:00,2023-11-30
5499,2023-11-30 06:45:00,False,06:45:00,2023-11-30
5500,2023-11-30 07:00:00,False,07:00:00,2023-11-30
5501,2023-11-30 07:15:00,False,07:15:00,2023-11-30
5502,2023-11-30 07:30:00,False,07:30:00,2023-11-30
5503,2023-11-30 07:45:00,False,07:45:00,2023-11-30
5504,2023-11-30 08:00:00,False,08:00:00,2023-11-30
5505,2023-11-30 08:15:00,False,08:15:00,2023-11-30
5506,2023-11-30 08:30:00,False,08:30:00,2023-11-30
5507,2023-11-30 08:45:00,False,08:45:00,2023-11-30
5508,2023-11-30 09:00:00,False,09:00:00,2023-11-30
5509,2023-11-30 09:15:00,False,09:15:00,2023-11-30
5510,2023-11-30 09:30:00,False,09:30:00,2023-11-30
5511,2023-11-30 09:45:00,False,09:45:00,2023-11-30
5512,2023-11-30 10:00:00,False,10:00:00,2023-11-30
5513,2023-11-30 10:15:00,False,10:15:00,2023-11-30
5514,2023-11-30 10:30:00,False,10:30:00,2023-11-30
5515,2023-11-30 10:45:00,False,10:45:00,2023-11-30
5516,2023-11-30 11:00:00,False,11:00:00,2023-11-30
5517,2023-11-30 11:15:00,False,11:15:00,2023-11-30
5518,2023-11-30 11:30:00,False,11:30:00,2023-11-30
5519,2023-11-30 11:45:00,False,11:45:00,2023-11-30
5520,2023-11-30 12:00:00,False,12:00:00,2023-11-30
5521,2023-11-30 12:15:00,False,12:15:00,2023-11-30
5522,2023-11-30 12:30:00,False,12:30:00,2023-11-30
5523,2023-11-30 12:45:00,False,12:45:00,2023-11-30
5524,2023-11-30 13:00:00,False,13:00:00,2023-11-30
5525,2023-11-30 13:15:00,False,13:15:00,2023-11-30
5526,2023-11-30 13:30:00,False,13:30:00,2023-11-30
5527,2023-11-30 13:45:00,False,13:45:00,2023-11-30
5528,2023-11-30 14:00:00,False,14:00:00,2023-11-30
5529,2023-11-30 14:15:00,False,14:15:00,2023-11-30
5530,2023-11-30 14:30:00,False,14:30:00,2023-11-30
5531,2023-11-30 14:45:00,False,14:45:00,2023-11-30
5532,2023-11-30 15:00:00,False,15:00:00,2023-11-30
5533,2023-11-30 15:15:00,False,15:15:00,2023-11-30
5534,2023-11-30 15:30:00,False,15:30:00,2023-11-30
5535,2023-11-30 15:45:00,False,15:45:00,2023-11-30
5536,2023-11-30 16:00:00,False,16:00:00,2023-11-30
5537,2023-11-30 16:15:00,False,16:15:00,2023-11-30
5538,2023-11-30 16:30:00,False,16:30:00,2023-11-30
5539,2023-11-30 16:45:00,False,16:45:00,2023-11-30
5540,2023-11-30 17:00:00,False,17:00:00,2023-11-30
5541,2023-11-30 17:15:00,False,17:15:00,2023-11-30
5542,2023-11-30 17:30:00,False,17:30:00,2023-11-30
5543,2023-11-30 17:45:00,False,17:45:00,2023-11-30
5544,2023-11-30 18:00:00,False,18:00:00,2023-11-30
5545,2023-11-30 18:15:00,False,18:15:00,2023-11-30
5546,2023-11-30 18:30:00,False,18:30:00,2023-11-30
5547,2023-11-30 18:45:00,False,18:45:00,2023-11-30
5548,2023-11-30 19:00:00,False,19:00:00,2023-11-30
5549,2023-11-30 19:15:00,False,19:15:00,2023-11-30
5550,2023-11-30 19:30:00,False,19:30:00,2023-11-30
5551,2023-11-30 19:45:00,False,19:45:00,2023-11-30
5552,2023-11-30 20:00:00,False,20:00:00,2023-11-30
5553,2023-11-30 20:15:00,False,20:15:00,2023-11-30
5554,2023-11-30 20:30:00,False,20:30:00,2023-11-30
5555,2023-11-30 20:45:00,False,20:45:00,2023-11-30
5556,2023-11-30 21:00:00,False,21:00:00,2023-11-30
5557,2023-11-30 21:15:00,False,21:15:00,2023-11-30
5558,2023-11-30 21:30:00,False,21:30:00,2023-11-30
5559,2023-11-30 21:45:00,False,21:45:00,2023-11-30
5560,2023-11-30 22:00:00,False,22:00:00,2023-11-30
5561,2023-11-30 22:15:00,False,22:15:00,2023-11-30
5562,2023-11-30 22:30:00,False,22:30:00,2023-11-30
5563,2023-11-30 22:45:00,False,22:45:00,2023-11-30
5564,2023-11-30 23:00:00,False,23:00:00,2023-11-30
5565,2023-11-30 23:15:00,False,23:15:00,2023-11-30
5566,2023-11-30 23:30:00,False,23:30:00,2023-11-30
5567,2023-11-30 23:45:00,False,23:45:00,2023-11-30
5568,2023-12-01 00:00:00,False,00:00:00,2023-12-01
5569,2023-12-01 00:15:00,False,00:15:00,2023-12-01
5570,2023-12-01 00:30:00,False,00:30:00,2023-12-01
5571,2023-12-01 00:45:00,False,00:45:00,2023-12-01
5572,2023-12-01 01:00:00,False,01:00:00,2023-12-01
5573,2023-12-01 01:15:00,False,01:15:00,2023-12-01
5574,2023-12-01 01:30:00,False,01:30:00,2023-12-01
5575,2023-12-01 01:45:00,False,01:45:00,2023-12-01
5576,2023-12-01 02:00:00,False,02:00:00,2023-12-01
5577,2023-12-01 02:15:00,False,02:15:00,2023-12-01
5578,2023-12-01 02:30:00,False,02:30:00,2023-12-01
5579,2023-12-01 02:45:00,False,02:45:00,2023-12-01
5580,2023-12-01 03:00:00,False,03:00:00,2023-12-01
5581,2023-12-01 03:15:00,False,03:15:00,2023-12-01
5582,2023-12-01 03:30:00,False,03:30:00,2023-12-01
5583,2023-12-01 03:45:00,False,03:45:00,2023-12-01
5584,2023-12-01 04:00:00,False,04:00:00,2023-12-01
5585,2023-12-01 04:15:00,False,04:15:00,2023-12-01
5586,2023-12-01 04:30:00,False,04:30:00,2023-12-01
5587,2023-12-01 04:45:00,False,04:45:00,2023-12-01
5588,2023-12-01 05:00:00,False,05:00:00,2023-12-01
5589,2023-12-01 05:15:00,False,05:15:00,2023-12-01
5590,2023-12-01 05:30:00,False,05:30:00,2023-12-01
5591,2023-12-01 05:45:00,False,05:45:00,2023-12-01
5592,2023-12-01 06:00:00,False,06:00:00,2023-12-01
5593,2023-12-01 06:15:00,False,06:15:00,2023-12-01
5594,2023-12-01 06:30:00,False,06:30:00,2023-12-01
5595,2023-12-01 06:45:00,False,06:45:00,2023-12-01
5596,2023-12-01 07:00:00,False,07:00:00,2023-12-01
5597,2023-12-01 07:15:00,False,07:15:00,2023-12-01
5598,2023-12-01 07:30:00,False,07:30:00,2023-12-01
5599,2023-12-01 07:45:00,False,07:45:00,2023-12-01
5600,2023-12-01 08:00:00,False,08:00:00,2023-12-01
5601,2023-12-01 08:15:00,False,08:15:00,2023-12-01
5602,2023-12-01 08:30:00,False,08:30:00,2023-12-01
5603,2023-12-01 08:45:00,False,08:45:00,2023-12-01
5604,2023-12-01 09:00:00,False,09:00:00,2023-12-01
5605,2023-12-01 09:15:00,False,09:15:00,2023-12-01
5606,2023-12-01 09:30:00,False,09:30:00,2023-12-01
5607,2023-12-01 09:45:00,False,09:45:00,2023-12-01
5608,2023-12-01 10:00:00,False,10:00:00,2023-12-01
5609,2023-12-01 10:15:00,False,10:15:00,2023-12-01
5610,2023-12-01 10:30:00,False,10:30:00,2023-12-01
5611,2023-12-01 10:45:00,False,10:45:00,2023-12-01
5612,2023-12-01 11:00:00,False,11:00:00,2023-12-01
5613,2023-12-01 11:15:00,False,11:15:00,2023-12-01
5614,2023-12-01 11:30:00,False,11:30:00,2023-12-01
5615,2023-12-01 11:45:00,False,11:45:00,2023-12-01
5616,2023-12-01 12:00:00,False,12:00:00,2023-12-01
5617,2023-12-01 12:15:00,False,12:15:00,2023-12-01
5618,2023-12-01 12:30:00,False,12:30:00,2023-12-01
5619,2023-12-01 12:45:00,False,12:45:00,2023-12-01
5620,2023-12-01 13:00:00,False,13:00:00,2023-12-01
5621,2023-12-01 13:15:00,False,13:15:00,2023-12-01
5622,2023-12-01 13:30:00,False,13:30:00,2023-12-01
5623,2023-12-01 13:45:00,False,13:45:00,2023-12-01
5624,2023-12-01 14:00:00,False,14:00:00,2023-12-01
5625,2023-12-01 14:15:00,False,14:15:00,2023-12-01
5626,2023-12-01 14:30:00,False,14:30:00,2023-12-01
5627,2023-12-01 14:45:00,False,14:45:00,2023-12-01
5628,2023-12-01 15:00:00,False,15:00:00,2023-12-01
5629,2023-12-01 15:15:00,False,15:15:00,2023-12-01
5630,2023-12-01 15:30:00,False,15:30:00,2023-12-01
5631,2023-12-01 15:45:00,False,15:45:00,2023-12-01
5632,2023-12-01 16:00:00,False,16:00:00,2023-12-01
5633,2023-12-01 16:15:00,False,16:15:00,2023-12-01
5634,2023-12-01 16:30:00,False,16:30:00,2023-12-01
5635,2023-12-01 16:45:00,False,16:45:00,2023-12-01
5636,2023-12-01 17:00:00,False,17:00:00,2023-12-01
5637,2023-12-01 17:15:00,False,17:15:00,2023-12-01
5638,2023-12-01 17:30:00,False,17:30:00,2023-12-01
5639,2023-12-01 17:45:00,False,17:45:00,2023-12-01
5640,2023-12-01 18:00:00,False,18:00:00,2023-12-01
5641,2023-12-01 18:15:00,False,18:15:00,2023-12-01
5642,2023-12-01 18:30:00,False,18:30:00,2023-12-01
5643,2023-12-01 18:45:00,False,18:45:00,2023-12-01
5644,2023-12-01 19:00:00,False,19:00:00,2023-12-01
5645,2023-12-01 19:15:00,False,19:15:00,2023-12-01
5646,2023-12-01 19:30:00,False,19:30:00,2023-12-01
5647,2023-12-01 19:45:00,True,19:45:00,2023-12-01
5648,2023-12-01 20:00:00,False,20:00:00,2023-12-01
5649,2023-12-01 20:15:00,False,20:15:00,2023-12-01
5650,2023-12-01 20:30:00,False,20:30:00,2023-12-01
5651,2023-12-01 20:45:00,False,20:45:00,2023-12-01
5652,2023-12-01 21:00:00,False,21:00:00,2023-12-01
5653,2023-12-01 21:15:00,False,21:15:00,2023-12-01
5654,2023-12-01 21:30:00,False,21:30:00,2023-12-01
5655,2023-12-01 21:45:00,False,21:45:00,2023-12-01
5656,2023-12-01 22:00:00,False,22:00:00,2023-12-01
5657,2023-12-01 22:15:00,False,22:15:00,2023-12-01
5658,2023-12-01 22:30:00,False,22:30:00,2023-12-01
5659,2023-12-01 22:45:00,False,22:45:00,2023-12-01
5660,2023-12-01 23:00:00,False,23:00:00,2023-12-01
5661,2023-12-01 23:15:00,False,23:15:00,2023-12-01
5662,2023-12-01 23:30:00,False,23:30:00,2023-12-01
5663,2023-12-01 23:45:00,False,23:45:00,2023-12-01
5664,2023-12-02 00:00:00,False,00:00:00,2023-12-02
5665,2023-12-02 00:15:00,False,00:15:00,2023-12-02
5666,2023-12-02 00:30:00,False,00:30:00,2023-12-02
5667,2023-12-02 00:45:00,False,00:45:00,2023-12-02
5668,2023-12-02 01:00:00,False,01:00:00,2023-12-02
5669,2023-12-02 01:15:00,False,01:15:00,2023-12-02
5670,2023-12-02 01:30:00,False,01:30:00,2023-12-02
5671,2023-12-02 01:45:00,False,01:45:00,2023-12-02
5672,2023-12-02 02:00:00,False,02:00:00,2023-12-02
5673,2023-12-02 02:15:00,False,02:15:00,2023-12-02
5674,2023-12-02 02:30:00,False,02:30:00,2023-12-02
5675,2023-12-02 02:45:00,False,02:45:00,2023-12-02
5676,2023-12-02 03:00:00,False,03:00:00,2023-12-02
5677,2023-12-02 03:15:00,False,03:15:00,2023-12-02
5678,2023-12-02 03:30:00,False,03:30:00,2023-12-02
5679,2023-12-02 03:45:00,False,03:45:00,2023-12-02
5680,2023-12-02 04:00:00,False,04:00:00,2023-12-02
5681,2023-12-02 04:15:00,False,04:15:00,2023-12-02
5682,2023-12-02 04:30:00,False,04:30:00,2023-12-02
5683,2023-12-02 04:45:00,False,04:45:00,2023-12-02
5684,2023-12-02 05:00:00,False,05:00:00,2023-12-02
5685,2023-12-02 05:15:00,False,05:15:00,2023-12-02
5686,2023-12-02 05:30:00,False,05:30:00,2023-12-02
5687,2023-12-02 05:45:00,False,05:45:00,2023-12-02
5688,2023-12-02 06:00:00,False,06:00:00,2023-12-02
5689,2023-12-02 06:15:00,False,06:15:00,2023-12-02
5690,2023-12-02 06:30:00,False,06:30:00,2023-12-02
5691,2023-12-02 06:45:00,False,06:45:00,2023-12-02
5692,2023-12-02 07:00:00,False,07:00:00,2023-12-02
5693,2023-12-02 07:15:00,True,07:15:00,2023-12-02
5694,2023-12-02 07:30:00,True,07:30:00,2023-12-02
5695,2023-12-02 07:45:00,False,07:45:00,2023-12-02
5696,2023-12-02 08:00:00,False,08:00:00,2023-12-02
5697,2023-12-02 08:15:00,True,08:15:00,2023-12-02
5698,2023-12-02 08:30:00,False,08:30:00,2023-12-02
5699,2023-12-02 08:45:00,False,08:45:00,2023-12-02
5700,2023-12-02 09:00:00,False,09:00:00,2023-12-02
5701,2023-12-02 09:15:00,False,09:15:00,2023-12-02
5702,2023-12-02 09:30:00,False,09:30:00,2023-12-02
5703,2023-12-02 09:45:00,False,09:45:00,2023-12-02
5704,2023-12-02 10:00:00,False,10:00:00,2023-12-02
5705,2023-12-02 10:15:00,False,10:15:00,2023-12-02
5706,2023-12-02 10:30:00,False,10:30:00,2023-12-02
5707,2023-12-02 10:45:00,False,10:45:00,2023-12-02
5708,2023-12-02 11:00:00,False,11:00:00,2023-12-02
5709,2023-12-02 11:15:00,False,11:15:00,2023-12-02
5710,2023-12-02 11:30:00,False,11:30:00,2023-12-02
5711,2023-12-02 11:45:00,False,11:45:00,2023-12-02
5712,2023-12-02 12:00:00,False,12:00:00,2023-12-02
5713,2023-12-02 12:15:00,False,12:15:00,2023-12-02
5714,2023-12-02 12:30:00,False,12:30:00,2023-12-02
5715,2023-12-02 12:45:00,False,12:45:00,2023-12-02
5716,2023-12-02 13:00:00,False,13:00:00,2023-12-02
5717,2023-12-02 13:15:00,False,13:15:00,2023-12-02
5718,2023-12-02 13:30:00,False,13:30:00,2023-12-02
5719,2023-12-02 13:45:00,False,13:45:00,2023-12-02
5720,2023-12-02 14:00:00,False,14:00:00,2023-12-02
5721,2023-12-02 14:15:00,False,14:15:00,2023-12-02
5722,2023-12-02 14:30:00,False,14:30:00,2023-12-02
5723,2023-12-02 14:45:00,False,14:45:00,2023-12-02
5724,2023-12-02 15:00:00,False,15:00:00,2023-12-02
5725,2023-12-02 15:15:00,False,15:15:00,2023-12-02
5726,2023-12-02 15:30:00,False,15:30:00,2023-12-02
5727,2023-12-02 15:45:00,False,15:45:00,2023-12-02
5728,2023-12-02 16:00:00,False,16:00:00,2023-12-02
5729,2023-12-02 16:15:00,False,16:15:00,2023-12-02
5730,2023-12-02 16:30:00,False,16:30:00,2023-12-02
5731,2023-12-02 16:45:00,False,16:45:00,2023-12-02
5732,2023-12-02 17:00:00,False,17:00:00,2023-12-02
5733,2023-12-02 17:15:00,False,17:15:00,2023-12-02
5734,2023-12-02 17:30:00,False,17:30:00,2023-12-02
5735,2023-12-02 17:45:00,False,17:45:00,2023-12-02
5736,2023-12-02 18:00:00,False,18:00:00,2023-12-02
5737,2023-12-02 18:15:00,False,18:15:00,2023-12-02
5738,2023-12-02 18:30:00,False,18:30:00,2023-12-02
5739,2023-12-02 18:45:00,False,18:45:00,2023-12-02
5740,2023-12-02 19:00:00,False,19:00:00,2023-12-02
5741,2023-12-02 19:15:00,False,19:15:00,2023-12-02
5742,2023-12-02 19:30:00,False,19:30:00,2023-12-02
5743,2023-12-02 19:45:00,False,19:45:00,2023-12-02
5744,2023-12-02 20:00:00,False,20:00:00,2023-12-02
5745,2023-12-02 20:15:00,False,20:15:00,2023-12-02
5746,2023-12-02 20:30:00,False,20:30:00,2023-12-02
5747,2023-12-02 20:45:00,False,20:45:00,2023-12-02
5748,2023-12-02 21:00:00,False,21:00:00,2023-12-02
5749,2023-12-02 21:15:00,False,21:15:00,2023-12-02
5750,2023-12-02 21:30:00,False,21:30:00,2023-12-02
5751,2023-12-02 21:45:00,False,21:45:00,2023-12-02
5752,2023-12-02 22:00:00,False,22:00:00,2023-12-02
5753,2023-12-02 22:15:00,False,22:15:00,2023-12-02
5754,2023-12-02 22:30:00,False,22:30:00,2023-12-02
5755,2023-12-02 22:45:00,False,22:45:00,2023-12-02
5756,2023-12-02 23:00:00,False,23:00:00,2023-12-02
5757,2023-12-02 23:15:00,False,23:15:00,2023-12-02
5758,2023-12-02 23:30:00,False,23:30:00,2023-12-02
5759,2023-12-02 23:45:00,False,23:45:00,2023-12-02
5760,2023-12-03 00:00:00,False,00:00:00,2023-12-03
5761,2023-12-03 00:15:00,False,00:15:00,2023-12-03
5762,2023-12-03 00:30:00,False,00:30:00,2023-12-03
5763,2023-12-03 00:45:00,False,00:45:00,2023-12-03
5764,2023-12-03 01:00:00,False,01:00:00,2023-12-03
5765,2023-12-03 01:15:00,False,01:15:00,2023-12-03
5766,2023-12-03 01:30:00,False,01:30:00,2023-12-03
5767,2023-12-03 01:45:00,False,01:45:00,2023-12-03
5768,2023-12-03 02:00:00,False,02:00:00,2023-12-03
5769,2023-12-03 02:15:00,False,02:15:00,2023-12-03
5770,2023-12-03 02:30:00,False,02:30:00,2023-12-03
5771,2023-12-03 02:45:00,False,02:45:00,2023-12-03
5772,2023-12-03 03:00:00,False,03:00:00,2023-12-03
5773,2023-12-03 03:15:00,False,03:15:00,2023-12-03
5774,2023-12-03 03:30:00,False,03:30:00,2023-12-03
5775,2023-12-03 03:45:00,False,03:45:00,2023-12-03
5776,2023-12-03 04:00:00,False,04:00:00,2023-12-03
5777,2023-12-03 04:15:00,False,04:15:00,2023-12-03
5778,2023-12-03 04:30:00,False,04:30:00,2023-12-03
5779,2023-12-03 04:45:00,False,04:45:00,2023-12-03
5780,2023-12-03 05:00:00,False,05:00:00,2023-12-03
5781,2023-12-03 05:15:00,False,05:15:00,2023-12-03
5782,2023-12-03 05:30:00,False,05:30:00,2023-12-03
5783,2023-12-03 05:45:00,False,05:45:00,2023-12-03
5784,2023-12-03 06:00:00,False,06:00:00,2023-12-03
5785,2023-12-03 06:15:00,False,06:15:00,2023-12-03
5786,2023-12-03 06:30:00,False,06:30:00,2023-12-03
5787,2023-12-03 06:45:00,False,06:45:00,2023-12-03
5788,2023-12-03 07:00:00,False,07:00:00,2023-12-03
5789,2023-12-03 07:15:00,False,07:15:00,2023-12-03
5790,2023-12-03 07:30:00,False,07:30:00,2023-12-03
5791,2023-12-03 07:45:00,False,07:45:00,2023-12-03
5792,2023-12-03 08:00:00,False,08:00:00,2023-12-03
5793,2023-12-03 08:15:00,False,08:15:00,2023-12-03
5794,2023-12-03 08:30:00,False,08:30:00,2023-12-03
5795,2023-12-03 08:45:00,False,08:45:00,2023-12-03
5796,2023-12-03 09:00:00,False,09:00:00,2023-12-03
5797,2023-12-03 09:15:00,False,09:15:00,2023-12-03
5798,2023-12-03 09:30:00,False,09:30:00,2023-12-03
5799,2023-12-03 09:45:00,False,09:45:00,2023-12-03
5800,2023-12-03 10:00:00,False,10:00:00,2023-12-03
5801,2023-12-03 10:15:00,False,10:15:00,2023-12-03
5802,2023-12-03 10:30:00,False,10:30:00,2023-12-03
5803,2023-12-03 10:45:00,False,10:45:00,2023-12-03
5804,2023-12-03 11:00:00,False,11:00:00,2023-12-03
5805,2023-12-03 11:15:00,False,11:15:00,2023-12-03
5806,2023-12-03 11:30:00,False,11:30:00,2023-12-03
5807,2023-12-03 11:45:00,False,11:45:00,2023-12-03
5808,2023-12-03 12:00:00,False,12:00:00,2023-12-03
5809,2023-12-03 12:15:00,False,12:15:00,2023-12-03
5810,2023-12-03 12:30:00,False,12:30:00,2023-12-03
5811,2023-12-03 12:45:00,False,12:45:00,2023-12-03
5812,2023-12-03 13:00:00,False,13:00:00,2023-12-03
5813,2023-12-03 13:15:00,False,13:15:00,2023-12-03
5814,2023-12-03 13:30:00,False,13:30:00,2023-12-03
5815,2023-12-03 13:45:00,False,13:45:00,2023-12-03
5816,2023-12-03 14:00:00,False,14:00:00,2023-12-03
5817,2023-12-03 14:15:00,False,14:15:00,2023-12-03
5818,2023-12-03 14:30:00,False,14:30:00,2023-12-03
5819,2023-12-03 14:45:00,False,14:45:00,2023-12-03
5820,2023-12-03 15:00:00,False,15:00:00,2023-12-03
5821,2023-12-03 15:15:00,False,15:15:00,2023-12-03
5822,2023-12-03 15:30:00,False,15:30:00,2023-12-03
5823,2023-12-03 15:45:00,False,15:45:00,2023-12-03
5824,2023-12-03 16:00:00,False,16:00:00,2023-12-03
5825,2023-12-03 16:15:00,False,16:15:00,2023-12-03
5826,2023-12-03 16:30:00,False,16:30:00,2023-12-03
5827,2023-12-03 16:45:00,False,16:45:00,2023-12-03
5828,2023-12-03 17:00:00,False,17:00:00,2023-12-03
5829,2023-12-03 17:15:00,False,17:15:00,2023-12-03
5830,2023-12-03 17:30:00,False,17:30:00,2023-12-03
5831,2023-12-03 17:45:00,False,17:45:00,2023-12-03
5832,2023-12-03 18:00:00,False,18:00:00,2023-12-03
5833,2023-12-03 18:15:00,False,18:15:00,2023-12-03
5834,2023-12-03 18:30:00,False,18:30:00,2023-12-03
5835,2023-12-03 18:45:00,False,18:45:00,2023-12-03
5836,2023-12-03 19:00:00,False,19:00:00,2023-12-03
5837,2023-12-03 19:15:00,False,19:15:00,2023-12-03
5838,2023-12-03 19:30:00,False,19:30:00,2023-12-03
5839,2023-12-03 19:45:00,False,19:45:00,2023-12-03
5840,2023-12-03 20:00:00,False,20:00:00,2023-12-03
5841,2023-12-03 20:15:00,False,20:15:00,2023-12-03
5842,2023-12-03 20:30:00,False,20:30:00,2023-12-03
5843,2023-12-03 20:45:00,False,20:45:00,2023-12-03
5844,2023-12-03 21:00:00,False,21:00:00,2023-12-03
5845,2023-12-03 21:15:00,False,21:15:00,2023-12-03
5846,2023-12-03 21:30:00,False,21:30:00,2023-12-03
5847,2023-12-03 21:45:00,False,21:45:00,2023-12-03
5848,2023-12-03 22:00:00,False,22:00:00,2023-12-03
5849,2023-12-03 22:15:00,False,22:15:00,2023-12-03
5850,2023-12-03 22:30:00,False,22:30:00,2023-12-03
5851,2023-12-03 22:45:00,False,22:45:00,2023-12-03
5852,2023-12-03 23:00:00,False,23:00:00,2023-12-03
5853,2023-12-03 23:15:00,False,23:15:00,2023-12-03
5854,2023-12-03 23:30:00,False,23:30:00,2023-12-03
5855,2023-12-03 23:45:00,False,23:45:00,2023-12-03
5856,2023-12-04 00:00:00,False,00:00:00,2023-12-04
5857,2023-12-04 00:15:00,False,00:15:00,2023-12-04
5858,2023-12-04 00:30:00,False,00:30:00,2023-12-04
5859,2023-12-04 00:45:00,False,00:45:00,2023-12-04
5860,2023-12-04 01:00:00,False,01:00:00,2023-12-04
5861,2023-12-04 01:15:00,False,01:15:00,2023-12-04
5862,2023-12-04 01:30:00,False,01:30:00,2023-12-04
5863,2023-12-04 01:45:00,False,01:45:00,2023-12-04
5864,2023-12-04 02:00:00,False,02:00:00,2023-12-04
5865,2023-12-04 02:15:00,False,02:15:00,2023-12-04
5866,2023-12-04 02:30:00,False,02:30:00,2023-12-04
5867,2023-12-04 02:45:00,False,02:45:00,2023-12-04
5868,2023-12-04 03:00:00,False,03:00:00,2023-12-04
5869,2023-12-04 03:15:00,False,03:15:00,2023-12-04
5870,2023-12-04 03:30:00,False,03:30:00,2023-12-04
5871,2023-12-04 03:45:00,False,03:45:00,2023-12-04
5872,2023-12-04 04:00:00,False,04:00:00,2023-12-04
5873,2023-12-04 04:15:00,False,04:15:00,2023-12-04
5874,2023-12-04 04:30:00,False,04:30:00,2023-12-04
5875,2023-12-04 04:45:00,False,04:45:00,2023-12-04
5876,2023-12-04 05:00:00,False,05:00:00,2023-12-04
5877,2023-12-04 05:15:00,False,05:15:00,2023-12-04
5878,2023-12-04 05:30:00,False,05:30:00,2023-12-04
5879,2023-12-04 05:45:00,False,05:45:00,2023-12-04
5880,2023-12-04 06:00:00,False,06:00:00,2023-12-04
5881,2023-12-04 06:15:00,False,06:15:00,2023-12-04
5882,2023-12-04 06:30:00,False,06:30:00,2023-12-04
5883,2023-12-04 06:45:00,False,06:45:00,2023-12-04
5884,2023-12-04 07:00:00,False,07:00:00,2023-12-04
5885,2023-12-04 07:15:00,False,07:15:00,2023-12-04
5886,2023-12-04 07:30:00,False,07:30:00,2023-12-04
5887,2023-12-04 07:45:00,False,07:45:00,2023-12-04
5888,2023-12-04 08:00:00,False,08:00:00,2023-12-04
5889,2023-12-04 08:15:00,False,08:15:00,2023-12-04
5890,2023-12-04 08:30:00,False,08:30:00,2023-12-04
5891,2023-12-04 08:45:00,False,08:45:00,2023-12-04
5892,2023-12-04 09:00:00,False,09:00:00,2023-12-04
5893,2023-12-04 09:15:00,False,09:15:00,2023-12-04
5894,2023-12-04 09:30:00,False,09:30:00,2023-12-04
5895,2023-12-04 09:45:00,False,09:45:00,2023-12-04
5896,2023-12-04 10:00:00,False,10:00:00,2023-12-04
5897,2023-12-04 10:15:00,False,10:15:00,2023-12-04
5898,2023-12-04 10:30:00,False,10:30:00,2023-12-04
5899,2023-12-04 10:45:00,False,10:45:00,2023-12-04
5900,2023-12-04 11:00:00,False,11:00:00,2023-12-04
5901,2023-12-04 11:15:00,False,11:15:00,2023-12-04
5902,2023-12-04 11:30:00,False,11:30:00,2023-12-04
5903,2023-12-04 11:45:00,False,11:45:00,2023-12-04
5904,2023-12-04 12:00:00,False,12:00:00,2023-12-04
5905,2023-12-04 12:15:00,False,12:15:00,2023-12-04
5906,2023-12-04 12:30:00,False,12:30:00,2023-12-04
5907,2023-12-04 12:45:00,False,12:45:00,2023-12-04
5908,2023-12-04 13:00:00,False,13:00:00,2023-12-04
5909,2023-12-04 13:15:00,False,13:15:00,2023-12-04
5910,2023-12-04 13:30:00,False,13:30:00,2023-12-04
5911,2023-12-04 13:45:00,False,13:45:00,2023-12-04
5912,2023-12-04 14:00:00,False,14:00:00,2023-12-04
5913,2023-12-04 14:15:00,False,14:15:00,2023-12-04
5914,2023-12-04 14:30:00,False,14:30:00,2023-12-04
5915,2023-12-04 14:45:00,False,14:45:00,2023-12-04
5916,2023-12-04 15:00:00,False,15:00:00,2023-12-04
5917,2023-12-04 15:15:00,False,15:15:00,2023-12-04
5918,2023-12-04 15:30:00,False,15:30:00,2023-12-04
5919,2023-12-04 15:45:00,False,15:45:00,2023-12-04
5920,2023-12-04 16:00:00,False,16:00:00,2023-12-04
5921,2023-12-04 16:15:00,False,16:15:00,2023-12-04
5922,2023-12-04 16:30:00,False,16:30:00,2023-12-04
5923,2023-12-04 16:45:00,False,16:45:00,2023-12-04
5924,2023-12-04 17:00:00,False,17:00:00,2023-12-04
5925,2023-12-04 17:15:00,False,17:15:00,2023-12-04
5926,2023-12-04 17:30:00,False,17:30:00,2023-12-04
5927,2023-12-04 17:45:00,False,17:45:00,2023-12-04
5928,2023-12-04 18:00:00,False,18:00:00,2023-12-04
5929,2023-12-04 18:15:00,False,18:15:00,2023-12-04
5930,2023-12-04 18:30:00,False,18:30:00,2023-12-04
5931,2023-12-04 18:45:00,False,18:45:00,2023-12-04
5932,2023-12-04 19:00:00,False,19:00:00,2023-12-04
5933,2023-12-04 19:15:00,False,19:15:00,2023-12-04
5934,2023-12-04 19:30:00,False,19:30:00,2023-12-04
5935,2023-12-04 19:45:00,False,19:45:00,2023-12-04
5936,2023-12-04 20:00:00,False,20:00:00,2023-12-04
5937,2023-12-04 20:15:00,False,20:15:00,2023-12-04
5938,2023-12-04 20:30:00,True,20:30:00,2023-12-04
5939,2023-12-04 20:45:00,True,20:45:00,2023-12-04
5940,2023-12-04 21:00:00,False,21:00:00,2023-12-04
5941,2023-12-04 21:15:00,False,21:15:00,2023-12-04
5942,2023-12-04 21:30:00,False,21:30:00,2023-12-04
5943,2023-12-04 21:45:00,True,21:45:00,2023-12-04
5944,2023-12-04 22:00:00,True,22:00:00,2023-12-04
5945,2023-12-04 22:15:00,False,22:15:00,2023-12-04
5946,2023-12-04 22:30:00,False,22:30:00,2023-12-04
5947,2023-12-04 22:45:00,False,22:45:00,2023-12-04
5948,2023-12-04 23:00:00,False,23:00:00,2023-12-04
5949,2023-12-04 23:15:00,False,23:15:00,2023-12-04
5950,2023-12-04 23:30:00,False,23:30:00,2023-12-04
5951,2023-12-04 23:45:00,False,23:45:00,2023-12-04
5952,2023-12-05 00:00:00,False,00:00:00,2023-12-05
5953,2023-12-05 00:15:00,False,00:15:00,2023-12-05
5954,2023-12-05 00:30:00,False,00:30:00,2023-12-05
5955,2023-12-05 00:45:00,False,00:45:00,2023-12-05
5956,2023-12-05 01:00:00,False,01:00:00,2023-12-05
5957,2023-12-05 01:15:00,False,01:15:00,2023-12-05
5958,2023-12-05 01:30:00,False,01:30:00,2023-12-05
5959,2023-12-05 01:45:00,False,01:45:00,2023-12-05
5960,2023-12-05 02:00:00,False,02:00:00,2023-12-05
5961,2023-12-05 02:15:00,False,02:15:00,2023-12-05
5962,2023-12-05 02:30:00,False,02:30:00,2023-12-05
5963,2023-12-05 02:45:00,False,02:45:00,2023-12-05
5964,2023-12-05 03:00:00,False,03:00:00,2023-12-05
5965,2023-12-05 03:15:00,False,03:15:00,2023-12-05
5966,2023-12-05 03:30:00,False,03:30:00,2023-12-05
5967,2023-12-05 03:45:00,False,03:45:00,2023-12-05
5968,2023-12-05 04:00:00,False,04:00:00,2023-12-05
5969,2023-12-05 04:15:00,False,04:15:00,2023-12-05
5970,2023-12-05 04:30:00,False,04:30:00,2023-12-05
5971,2023-12-05 04:45:00,False,04:45:00,2023-12-05
5972,2023-12-05 05:00:00,False,05:00:00,2023-12-05
5973,2023-12-05 05:15:00,False,05:15:00,2023-12-05
5974,2023-12-05 05:30:00,False,05:30:00,2023-12-05
5975,2023-12-05 05:45:00,False,05:45:00,2023-12-05
5976,2023-12-05 06:00:00,False,06:00:00,2023-12-05
5977,2023-12-05 06:15:00,False,06:15:00,2023-12-05
5978,2023-12-05 06:30:00,False,06:30:00,2023-12-05
5979,2023-12-05 06:45:00,False,06:45:00,2023-12-05
5980,2023-12-05 07:00:00,True,07:00:00,2023-12-05
5981,2023-12-05 07:15:00,True,07:15:00,2023-12-05
5982,2023-12-05 07:30:00,True,07:30:00,2023-12-05
5983,2023-12-05 07:45:00,True,07:45:00,2023-12-05
5984,2023-12-05 08:00:00,False,08:00:00,2023-12-05
5985,2023-12-05 08:15:00,False,08:15:00,2023-12-05
5986,2023-12-05 08:30:00,False,08:30:00,2023-12-05
5987,2023-12-05 08:45:00,False,08:45:00,2023-12-05
5988,2023-12-05 09:00:00,False,09:00:00,2023-12-05
5989,2023-12-05 09:15:00,False,09:15:00,2023-12-05
5990,2023-12-05 09:30:00,False,09:30:00,2023-12-05
5991,2023-12-05 09:45:00,False,09:45:00,2023-12-05
5992,2023-12-05 10:00:00,False,10:00:00,2023-12-05
5993,2023-12-05 10:15:00,False,10:15:00,2023-12-05
5994,2023-12-05 10:30:00,False,10:30:00,2023-12-05
5995,2023-12-05 10:45:00,False,10:45:00,2023-12-05
5996,2023-12-05 11:00:00,False,11:00:00,2023-12-05
5997,2023-12-05 11:15:00,False,11:15:00,2023-12-05
5998,2023-12-05 11:30:00,False,11:30:00,2023-12-05
5999,2023-12-05 11:45:00,False,11:45:00,2023-12-05
6000,2023-12-05 12:00:00,False,12:00:00,2023-12-05
6001,2023-12-05 12:15:00,False,12:15:00,2023-12-05
6002,2023-12-05 12:30:00,False,12:30:00,2023-12-05
6003,2023-12-05 12:45:00,False,12:45:00,2023-12-05
6004,2023-12-05 13:00:00,False,13:00:00,2023-12-05
6005,2023-12-05 13:15:00,False,13:15:00,2023-12-05
6006,2023-12-05 13:30:00,False,13:30:00,2023-12-05
6007,2023-12-05 13:45:00,False,13:45:00,2023-12-05
6008,2023-12-05 14:00:00,False,14:00:00,2023-12-05
6009,2023-12-05 14:15:00,False,14:15:00,2023-12-05
6010,2023-12-05 14:30:00,False,14:30:00,2023-12-05
6011,2023-12-05 14:45:00,False,14:45:00,2023-12-05
6012,2023-12-05 15:00:00,False,15:00:00,2023-12-05
6013,2023-12-05 15:15:00,False,15:15:00,2023-12-05
6014,2023-12-05 15:30:00,False,15:30:00,2023-12-05
6015,2023-12-05 15:45:00,False,15:45:00,2023-12-05
6016,2023-12-05 16:00:00,False,16:00:00,2023-12-05
6017,2023-12-05 16:15:00,False,16:15:00,2023-12-05
6018,2023-12-05 16:30:00,False,16:30:00,2023-12-05
6019,2023-12-05 16:45:00,False,16:45:00,2023-12-05
6020,2023-12-05 17:00:00,False,17:00:00,2023-12-05
6021,2023-12-05 17:15:00,False,17:15:00,2023-12-05
6022,2023-12-05 17:30:00,False,17:30:00,2023-12-05
6023,2023-12-05 17:45:00,False,17:45:00,2023-12-05
6024,2023-12-05 18:00:00,False,18:00:00,2023-12-05
6025,2023-12-05 18:15:00,False,18:15:00,2023-12-05
6026,2023-12-05 18:30:00,False,18:30:00,2023-12-05
6027,2023-12-05 18:45:00,False,18:45:00,2023-12-05
6028,2023-12-05 19:00:00,False,19:00:00,2023-12-05
6029,2023-12-05 19:15:00,False,19:15:00,2023-12-05
6030,2023-12-05 19:30:00,False,19:30:00,2023-12-05
6031,2023-12-05 19:45:00,False,19:45:00,2023-12-05
6032,2023-12-05 20:00:00,False,20:00:00,2023-12-05
6033,2023-12-05 20:15:00,True,20:15:00,2023-12-05
6034,2023-12-05 20:30:00,True,20:30:00,2023-12-05
6035,2023-12-05 20:45:00,True,20:45:00,2023-12-05
6036,2023-12-05 21:00:00,False,21:00:00,2023-12-05
6037,2023-12-05 21:15:00,False,21:15:00,2023-12-05
6038,2023-12-05 21:30:00,False,21:30:00,2023-12-05
6039,2023-12-05 21:45:00,False,21:45:00,2023-12-05
6040,2023-12-05 22:00:00,False,22:00:00,2023-12-05
6041,2023-12-05 22:15:00,False,22:15:00,2023-12-05
6042,2023-12-05 22:30:00,False,22:30:00,2023-12-05
6043,2023-12-05 22:45:00,False,22:45:00,2023-12-05
6044,2023-12-05 23:00:00,False,23:00:00,2023-12-05
6045,2023-12-05 23:15:00,False,23:15:00,2023-12-05
6046,2023-12-05 23:30:00,False,23:30:00,2023-12-05
6047,2023-12-05 23:45:00,False,23:45:00,2023-12-05
6048,2023-12-06 00:00:00,False,00:00:00,2023-12-06
6049,2023-12-06 00:15:00,False,00:15:00,2023-12-06
6050,2023-12-06 00:30:00,False,00:30:00,2023-12-06
6051,2023-12-06 00:45:00,False,00:45:00,2023-12-06
6052,2023-12-06 01:00:00,False,01:00:00,2023-12-06
6053,2023-12-06 01:15:00,False,01:15:00,2023-12-06
6054,2023-12-06 01:30:00,False,01:30:00,2023-12-06
6055,2023-12-06 01:45:00,False,01:45:00,2023-12-06
6056,2023-12-06 02:00:00,False,02:00:00,2023-12-06
6057,2023-12-06 02:15:00,False,02:15:00,2023-12-06
6058,2023-12-06 02:30:00,False,02:30:00,2023-12-06
6059,2023-12-06 02:45:00,False,02:45:00,2023-12-06
6060,2023-12-06 03:00:00,False,03:00:00,2023-12-06
6061,2023-12-06 03:15:00,False,03:15:00,2023-12-06
6062,2023-12-06 03:30:00,False,03:30:00,2023-12-06
6063,2023-12-06 03:45:00,False,03:45:00,2023-12-06
6064,2023-12-06 04:00:00,False,04:00:00,2023-12-06
6065,2023-12-06 04:15:00,False,04:15:00,2023-12-06
6066,2023-12-06 04:30:00,False,04:30:00,2023-12-06
6067,2023-12-06 04:45:00,False,04:45:00,2023-12-06
6068,2023-12-06 05:00:00,False,05:00:00,2023-12-06
6069,2023-12-06 05:15:00,False,05:15:00,2023-12-06
6070,2023-12-06 05:30:00,False,05:30:00,2023-12-06
6071,2023-12-06 05:45:00,False,05:45:00,2023-12-06
6072,2023-12-06 06:00:00,False,06:00:00,2023-12-06
6073,2023-12-06 06:15:00,False,06:15:00,2023-12-06
6074,2023-12-06 06:30:00,False,06:30:00,2023-12-06
6075,2023-12-06 06:45:00,False,06:45:00,2023-12-06
6076,2023-12-06 07:00:00,False,07:00:00,2023-12-06
6077,2023-12-06 07:15:00,False,07:15:00,2023-12-06
6078,2023-12-06 07:30:00,False,07:30:00,2023-12-06
6079,2023-12-06 07:45:00,False,07:45:00,2023-12-06
6080,2023-12-06 08:00:00,False,08:00:00,2023-12-06
6081,2023-12-06 08:15:00,False,08:15:00,2023-12-06
6082,2023-12-06 08:30:00,False,08:30:00,2023-12-06
6083,2023-12-06 08:45:00,False,08:45:00,2023-12-06
6084,2023-12-06 09:00:00,False,09:00:00,2023-12-06
6085,2023-12-06 09:15:00,False,09:15:00,2023-12-06
6086,2023-12-06 09:30:00,False,09:30:00,2023-12-06
6087,2023-12-06 09:45:00,False,09:45:00,2023-12-06
6088,2023-12-06 10:00:00,False,10:00:00,2023-12-06
6089,2023-12-06 10:15:00,False,10:15:00,2023-12-06
6090,2023-12-06 10:30:00,False,10:30:00,2023-12-06
6091,2023-12-06 10:45:00,False,10:45:00,2023-12-06
6092,2023-12-06 11:00:00,False,11:00:00,2023-12-06
6093,2023-12-06 11:15:00,False,11:15:00,2023-12-06
6094,2023-12-06 11:30:00,False,11:30:00,2023-12-06
6095,2023-12-06 11:45:00,False,11:45:00,2023-12-06
6096,2023-12-06 12:00:00,False,12:00:00,2023-12-06
6097,2023-12-06 12:15:00,False,12:15:00,2023-12-06
6098,2023-12-06 12:30:00,False,12:30:00,2023-12-06
6099,2023-12-06 12:45:00,False,12:45:00,2023-12-06
6100,2023-12-06 13:00:00,False,13:00:00,2023-12-06
6101,2023-12-06 13:15:00,False,13:15:00,2023-12-06
6102,2023-12-06 13:30:00,False,13:30:00,2023-12-06
6103,2023-12-06 13:45:00,False,13:45:00,2023-12-06
6104,2023-12-06 14:00:00,False,14:00:00,2023-12-06
6105,2023-12-06 14:15:00,False,14:15:00,2023-12-06
6106,2023-12-06 14:30:00,False,14:30:00,2023-12-06
6107,2023-12-06 14:45:00,False,14:45:00,2023-12-06
6108,2023-12-06 15:00:00,False,15:00:00,2023-12-06
6109,2023-12-06 15:15:00,False,15:15:00,2023-12-06
6110,2023-12-06 15:30:00,False,15:30:00,2023-12-06
6111,2023-12-06 15:45:00,False,15:45:00,2023-12-06
6112,2023-12-06 16:00:00,False,16:00:00,2023-12-06
6113,2023-12-06 16:15:00,False,16:15:00,2023-12-06
6114,2023-12-06 16:30:00,False,16:30:00,2023-12-06
6115,2023-12-06 16:45:00,False,16:45:00,2023-12-06
6116,2023-12-06 17:00:00,False,17:00:00,2023-12-06
6117,2023-12-06 17:15:00,False,17:15:00,2023-12-06
6118,2023-12-06 17:30:00,False,17:30:00,2023-12-06
6119,2023-12-06 17:45:00,False,17:45:00,2023-12-06
6120,2023-12-06 18:00:00,False,18:00:00,2023-12-06
6121,2023-12-06 18:15:00,False,18:15:00,2023-12-06
6122,2023-12-06 18:30:00,False,18:30:00,2023-12-06
6123,2023-12-06 18:45:00,False,18:45:00,2023-12-06
6124,2023-12-06 19:00:00,False,19:00:00,2023-12-06
6125,2023-12-06 19:15:00,False,19:15:00,2023-12-06
6126,2023-12-06 19:30:00,False,19:30:00,2023-12-06
6127,2023-12-06 19:45:00,False,19:45:00,2023-12-06
6128,2023-12-06 20:00:00,False,20:00:00,2023-12-06
6129,2023-12-06 20:15:00,False,20:15:00,2023-12-06
6130,2023-12-06 20:30:00,False,20:30:00,2023-12-06
6131,2023-12-06 20:45:00,False,20:45:00,2023-12-06
6132,2023-12-06 21:00:00,False,21:00:00,2023-12-06
6133,2023-12-06 21:15:00,False,21:15:00,2023-12-06
6134,2023-12-06 21:30:00,False,21:30:00,2023-12-06
6135,2023-12-06 21:45:00,False,21:45:00,2023-12-06
6136,2023-12-06 22:00:00,False,22:00:00,2023-12-06
6137,2023-12-06 22:15:00,False,22:15:00,2023-12-06
6138,2023-12-06 22:30:00,False,22:30:00,2023-12-06
6139,2023-12-06 22:45:00,False,22:45:00,2023-12-06
6140,2023-12-06 23:00:00,False,23:00:00,2023-12-06
6141,2023-12-06 23:15:00,False,23:15:00,2023-12-06
6142,2023-12-06 23:30:00,False,23:30:00,2023-12-06
6143,2023-12-06 23:45:00,False,23:45:00,2023-12-06
6144,2023-12-07 00:00:00,False,00:00:00,2023-12-07
6145,2023-12-07 00:15:00,False,00:15:00,2023-12-07
6146,2023-12-07 00:30:00,False,00:30:00,2023-12-07
6147,2023-12-07 00:45:00,False,00:45:00,2023-12-07
6148,2023-12-07 01:00:00,False,01:00:00,2023-12-07
6149,2023-12-07 01:15:00,False,01:15:00,2023-12-07
6150,2023-12-07 01:30:00,False,01:30:00,2023-12-07
6151,2023-12-07 01:45:00,False,01:45:00,2023-12-07
6152,2023-12-07 02:00:00,False,02:00:00,2023-12-07
6153,2023-12-07 02:15:00,False,02:15:00,2023-12-07
6154,2023-12-07 02:30:00,False,02:30:00,2023-12-07
6155,2023-12-07 02:45:00,False,02:45:00,2023-12-07
6156,2023-12-07 03:00:00,False,03:00:00,2023-12-07
6157,2023-12-07 03:15:00,False,03:15:00,2023-12-07
6158,2023-12-07 03:30:00,False,03:30:00,2023-12-07
6159,2023-12-07 03:45:00,False,03:45:00,2023-12-07
6160,2023-12-07 04:00:00,False,04:00:00,2023-12-07
6161,2023-12-07 04:15:00,False,04:15:00,2023-12-07
6162,2023-12-07 04:30:00,False,04:30:00,2023-12-07
6163,2023-12-07 04:45:00,False,04:45:00,2023-12-07
6164,2023-12-07 05:00:00,False,05:00:00,2023-12-07
6165,2023-12-07 05:15:00,False,05:15:00,2023-12-07
6166,2023-12-07 05:30:00,False,05:30:00,2023-12-07
6167,2023-12-07 05:45:00,False,05:45:00,2023-12-07
6168,2023-12-07 06:00:00,False,06:00:00,2023-12-07
6169,2023-12-07 06:15:00,False,06:15:00,2023-12-07
6170,2023-12-07 06:30:00,False,06:30:00,2023-12-07
6171,2023-12-07 06:45:00,False,06:45:00,2023-12-07
6172,2023-12-07 07:00:00,False,07:00:00,2023-12-07
6173,2023-12-07 07:15:00,False,07:15:00,2023-12-07
6174,2023-12-07 07:30:00,False,07:30:00,2023-12-07
6175,2023-12-07 07:45:00,False,07:45:00,2023-12-07
6176,2023-12-07 08:00:00,False,08:00:00,2023-12-07
6177,2023-12-07 08:15:00,False,08:15:00,2023-12-07
6178,2023-12-07 08:30:00,False,08:30:00,2023-12-07
6179,2023-12-07 08:45:00,False,08:45:00,2023-12-07
6180,2023-12-07 09:00:00,False,09:00:00,2023-12-07
6181,2023-12-07 09:15:00,False,09:15:00,2023-12-07
6182,2023-12-07 09:30:00,False,09:30:00,2023-12-07
6183,2023-12-07 09:45:00,False,09:45:00,2023-12-07
6184,2023-12-07 10:00:00,False,10:00:00,2023-12-07
6185,2023-12-07 10:15:00,False,10:15:00,2023-12-07
6186,2023-12-07 10:30:00,False,10:30:00,2023-12-07
6187,2023-12-07 10:45:00,False,10:45:00,2023-12-07
6188,2023-12-07 11:00:00,False,11:00:00,2023-12-07
6189,2023-12-07 11:15:00,False,11:15:00,2023-12-07
6190,2023-12-07 11:30:00,False,11:30:00,2023-12-07
6191,2023-12-07 11:45:00,False,11:45:00,2023-12-07
6192,2023-12-07 12:00:00,False,12:00:00,2023-12-07
6193,2023-12-07 12:15:00,False,12:15:00,2023-12-07
6194,2023-12-07 12:30:00,False,12:30:00,2023-12-07
6195,2023-12-07 12:45:00,False,12:45:00,2023-12-07
6196,2023-12-07 13:00:00,False,13:00:00,2023-12-07
6197,2023-12-07 13:15:00,False,13:15:00,2023-12-07
6198,2023-12-07 13:30:00,False,13:30:00,2023-12-07
6199,2023-12-07 13:45:00,False,13:45:00,2023-12-07
6200,2023-12-07 14:00:00,False,14:00:00,2023-12-07
6201,2023-12-07 14:15:00,False,14:15:00,2023-12-07
6202,2023-12-07 14:30:00,False,14:30:00,2023-12-07
6203,2023-12-07 14:45:00,False,14:45:00,2023-12-07
6204,2023-12-07 15:00:00,False,15:00:00,2023-12-07
6205,2023-12-07 15:15:00,False,15:15:00,2023-12-07
6206,2023-12-07 15:30:00,False,15:30:00,2023-12-07
6207,2023-12-07 15:45:00,False,15:45:00,2023-12-07
6208,2023-12-07 16:00:00,False,16:00:00,2023-12-07
6209,2023-12-07 16:15:00,False,16:15:00,2023-12-07
6210,2023-12-07 16:30:00,False,16:30:00,2023-12-07
6211,2023-12-07 16:45:00,False,16:45:00,2023-12-07
6212,2023-12-07 17:00:00,False,17:00:00,2023-12-07
6213,2023-12-07 17:15:00,False,17:15:00,2023-12-07
6214,2023-12-07 17:30:00,False,17:30:00,2023-12-07
6215,2023-12-07 17:45:00,False,17:45:00,2023-12-07
6216,2023-12-07 18:00:00,False,18:00:00,2023-12-07
6217,2023-12-07 18:15:00,False,18:15:00,2023-12-07
6218,2023-12-07 18:30:00,False,18:30:00,2023-12-07
6219,2023-12-07 18:45:00,False,18:45:00,2023-12-07
6220,2023-12-07 19:00:00,False,19:00:00,2023-12-07
6221,2023-12-07 19:15:00,False,19:15:00,2023-12-07
6222,2023-12-07 19:30:00,False,19:30:00,2023-12-07
6223,2023-12-07 19:45:00,False,19:45:00,2023-12-07
6224,2023-12-07 20:00:00,False,20:00:00,2023-12-07
6225,2023-12-07 20:15:00,False,20:15:00,2023-12-07
6226,2023-12-07 20:30:00,False,20:30:00,2023-12-07
6227,2023-12-07 20:45:00,True,20:45:00,2023-12-07
6228,2023-12-07 21:00:00,False,21:00:00,2023-12-07
6229,2023-12-07 21:15:00,False,21:15:00,2023-12-07
6230,2023-12-07 21:30:00,False,21:30:00,2023-12-07
6231,2023-12-07 21:45:00,False,21:45:00,2023-12-07
6232,2023-12-07 22:00:00,False,22:00:00,2023-12-07
6233,2023-12-07 22:15:00,False,22:15:00,2023-12-07
6234,2023-12-07 22:30:00,False,22:30:00,2023-12-07
6235,2023-12-07 22:45:00,False,22:45:00,2023-12-07
6236,2023-12-07 23:00:00,False,23:00:00,2023-12-07
6237,2023-12-07 23:15:00,False,23:15:00,2023-12-07
6238,2023-12-07 23:30:00,False,23:30:00,2023-12-07
6239,2023-12-07 23:45:00,False,23:45:00,2023-12-07
6240,2023-12-08 00:00:00,False,00:00:00,2023-12-08
6241,2023-12-08 00:15:00,False,00:15:00,2023-12-08
6242,2023-12-08 00:30:00,False,00:30:00,2023-12-08
6243,2023-12-08 00:45:00,False,00:45:00,2023-12-08
6244,2023-12-08 01:00:00,False,01:00:00,2023-12-08
6245,2023-12-08 01:15:00,False,01:15:00,2023-12-08
6246,2023-12-08 01:30:00,False,01:30:00,2023-12-08
6247,2023-12-08 01:45:00,False,01:45:00,2023-12-08
6248,2023-12-08 02:00:00,False,02:00:00,2023-12-08
6249,2023-12-08 02:15:00,False,02:15:00,2023-12-08
6250,2023-12-08 02:30:00,False,02:30:00,2023-12-08
6251,2023-12-08 02:45:00,False,02:45:00,2023-12-08
6252,2023-12-08 03:00:00,False,03:00:00,2023-12-08
6253,2023-12-08 03:15:00,False,03:15:00,2023-12-08
6254,2023-12-08 03:30:00,False,03:30:00,2023-12-08
6255,2023-12-08 03:45:00,False,03:45:00,2023-12-08
6256,2023-12-08 04:00:00,False,04:00:00,2023-12-08
6257,2023-12-08 04:15:00,False,04:15:00,2023-12-08
6258,2023-12-08 04:30:00,False,04:30:00,2023-12-08
6259,2023-12-08 04:45:00,False,04:45:00,2023-12-08
6260,2023-12-08 05:00:00,False,05:00:00,2023-12-08
6261,2023-12-08 05:15:00,False,05:15:00,2023-12-08
6262,2023-12-08 05:30:00,False,05:30:00,2023-12-08
6263,2023-12-08 05:45:00,False,05:45:00,2023-12-08
6264,2023-12-08 06:00:00,False,06:00:00,2023-12-08
6265,2023-12-08 06:15:00,False,06:15:00,2023-12-08
6266,2023-12-08 06:30:00,False,06:30:00,2023-12-08
6267,2023-12-08 06:45:00,False,06:45:00,2023-12-08
6268,2023-12-08 07:00:00,False,07:00:00,2023-12-08
6269,2023-12-08 07:15:00,False,07:15:00,2023-12-08
6270,2023-12-08 07:30:00,False,07:30:00,2023-12-08
6271,2023-12-08 07:45:00,False,07:45:00,2023-12-08
6272,2023-12-08 08:00:00,False,08:00:00,2023-12-08
6273,2023-12-08 08:15:00,False,08:15:00,2023-12-08
6274,2023-12-08 08:30:00,False,08:30:00,2023-12-08
6275,2023-12-08 08:45:00,False,08:45:00,2023-12-08
6276,2023-12-08 09:00:00,False,09:00:00,2023-12-08
6277,2023-12-08 09:15:00,False,09:15:00,2023-12-08
6278,2023-12-08 09:30:00,False,09:30:00,2023-12-08
6279,2023-12-08 09:45:00,False,09:45:00,2023-12-08
6280,2023-12-08 10:00:00,False,10:00:00,2023-12-08
6281,2023-12-08 10:15:00,False,10:15:00,2023-12-08
6282,2023-12-08 10:30:00,False,10:30:00,2023-12-08
6283,2023-12-08 10:45:00,False,10:45:00,2023-12-08
6284,2023-12-08 11:00:00,False,11:00:00,2023-12-08
6285,2023-12-08 11:15:00,False,11:15:00,2023-12-08
6286,2023-12-08 11:30:00,False,11:30:00,2023-12-08
6287,2023-12-08 11:45:00,False,11:45:00,2023-12-08
6288,2023-12-08 12:00:00,False,12:00:00,2023-12-08
6289,2023-12-08 12:15:00,False,12:15:00,2023-12-08
6290,2023-12-08 12:30:00,False,12:30:00,2023-12-08
6291,2023-12-08 12:45:00,False,12:45:00,2023-12-08
6292,2023-12-08 13:00:00,False,13:00:00,2023-12-08
6293,2023-12-08 13:15:00,False,13:15:00,2023-12-08
6294,2023-12-08 13:30:00,False,13:30:00,2023-12-08
6295,2023-12-08 13:45:00,False,13:45:00,2023-12-08
6296,2023-12-08 14:00:00,False,14:00:00,2023-12-08
6297,2023-12-08 14:15:00,False,14:15:00,2023-12-08
6298,2023-12-08 14:30:00,False,14:30:00,2023-12-08
6299,2023-12-08 14:45:00,False,14:45:00,2023-12-08
6300,2023-12-08 15:00:00,False,15:00:00,2023-12-08
6301,2023-12-08 15:15:00,False,15:15:00,2023-12-08
6302,2023-12-08 15:30:00,False,15:30:00,2023-12-08
6303,2023-12-08 15:45:00,False,15:45:00,2023-12-08
6304,2023-12-08 16:00:00,False,16:00:00,2023-12-08
6305,2023-12-08 16:15:00,False,16:15:00,2023-12-08
6306,2023-12-08 16:30:00,False,16:30:00,2023-12-08
6307,2023-12-08 16:45:00,False,16:45:00,2023-12-08
6308,2023-12-08 17:00:00,False,17:00:00,2023-12-08
6309,2023-12-08 17:15:00,False,17:15:00,2023-12-08
6310,2023-12-08 17:30:00,False,17:30:00,2023-12-08
6311,2023-12-08 17:45:00,False,17:45:00,2023-12-08
6312,2023-12-08 18:00:00,False,18:00:00,2023-12-08
6313,2023-12-08 18:15:00,False,18:15:00,2023-12-08
6314,2023-12-08 18:30:00,False,18:30:00,2023-12-08
6315,2023-12-08 18:45:00,False,18:45:00,2023-12-08
6316,2023-12-08 19:00:00,False,19:00:00,2023-12-08
6317,2023-12-08 19:15:00,False,19:15:00,2023-12-08
6318,2023-12-08 19:30:00,False,19:30:00,2023-12-08
6319,2023-12-08 19:45:00,True,19:45:00,2023-12-08
6320,2023-12-08 20:00:00,True,20:00:00,2023-12-08
6321,2023-12-08 20:15:00,True,20:15:00,2023-12-08
6322,2023-12-08 20:30:00,True,20:30:00,2023-12-08
6323,2023-12-08 20:45:00,True,20:45:00,2023-12-08
6324,2023-12-08 21:00:00,False,21:00:00,2023-12-08
6325,2023-12-08 21:15:00,False,21:15:00,2023-12-08
6326,2023-12-08 21:30:00,False,21:30:00,2023-12-08
6327,2023-12-08 21:45:00,False,21:45:00,2023-12-08
6328,2023-12-08 22:00:00,False,22:00:00,2023-12-08
6329,2023-12-08 22:15:00,False,22:15:00,2023-12-08
6330,2023-12-08 22:30:00,False,22:30:00,2023-12-08
6331,2023-12-08 22:45:00,False,22:45:00,2023-12-08
6332,2023-12-08 23:00:00,False,23:00:00,2023-12-08
6333,2023-12-08 23:15:00,False,23:15:00,2023-12-08
6334,2023-12-08 23:30:00,False,23:30:00,2023-12-08
6335,2023-12-08 23:45:00,False,23:45:00,2023-12-08
6336,2023-12-09 00:00:00,False,00:00:00,2023-12-09
6337,2023-12-09 00:15:00,False,00:15:00,2023-12-09
6338,2023-12-09 00:30:00,False,00:30:00,2023-12-09
6339,2023-12-09 00:45:00,False,00:45:00,2023-12-09
6340,2023-12-09 01:00:00,False,01:00:00,2023-12-09
6341,2023-12-09 01:15:00,False,01:15:00,2023-12-09
6342,2023-12-09 01:30:00,False,01:30:00,2023-12-09
6343,2023-12-09 01:45:00,False,01:45:00,2023-12-09
6344,2023-12-09 02:00:00,False,02:00:00,2023-12-09
6345,2023-12-09 02:15:00,False,02:15:00,2023-12-09
6346,2023-12-09 02:30:00,False,02:30:00,2023-12-09
6347,2023-12-09 02:45:00,False,02:45:00,2023-12-09
6348,2023-12-09 03:00:00,False,03:00:00,2023-12-09
6349,2023-12-09 03:15:00,False,03:15:00,2023-12-09
6350,2023-12-09 03:30:00,False,03:30:00,2023-12-09
6351,2023-12-09 03:45:00,False,03:45:00,2023-12-09
6352,2023-12-09 04:00:00,False,04:00:00,2023-12-09
6353,2023-12-09 04:15:00,False,04:15:00,2023-12-09
6354,2023-12-09 04:30:00,False,04:30:00,2023-12-09
6355,2023-12-09 04:45:00,False,04:45:00,2023-12-09
6356,2023-12-09 05:00:00,False,05:00:00,2023-12-09
6357,2023-12-09 05:15:00,False,05:15:00,2023-12-09
6358,2023-12-09 05:30:00,False,05:30:00,2023-12-09
6359,2023-12-09 05:45:00,False,05:45:00,2023-12-09
6360,2023-12-09 06:00:00,False,06:00:00,2023-12-09
6361,2023-12-09 06:15:00,False,06:15:00,2023-12-09
6362,2023-12-09 06:30:00,False,06:30:00,2023-12-09
6363,2023-12-09 06:45:00,False,06:45:00,2023-12-09
6364,2023-12-09 07:00:00,False,07:00:00,2023-12-09
6365,2023-12-09 07:15:00,False,07:15:00,2023-12-09
6366,2023-12-09 07:30:00,False,07:30:00,2023-12-09
6367,2023-12-09 07:45:00,False,07:45:00,2023-12-09
6368,2023-12-09 08:00:00,False,08:00:00,2023-12-09
6369,2023-12-09 08:15:00,False,08:15:00,2023-12-09
6370,2023-12-09 08:30:00,False,08:30:00,2023-12-09
6371,2023-12-09 08:45:00,False,08:45:00,2023-12-09
6372,2023-12-09 09:00:00,False,09:00:00,2023-12-09
6373,2023-12-09 09:15:00,False,09:15:00,2023-12-09
6374,2023-12-09 09:30:00,False,09:30:00,2023-12-09
6375,2023-12-09 09:45:00,False,09:45:00,2023-12-09
6376,2023-12-09 10:00:00,False,10:00:00,2023-12-09
6377,2023-12-09 10:15:00,False,10:15:00,2023-12-09
6378,2023-12-09 10:30:00,False,10:30:00,2023-12-09
6379,2023-12-09 10:45:00,False,10:45:00,2023-12-09
6380,2023-12-09 11:00:00,False,11:00:00,2023-12-09
6381,2023-12-09 11:15:00,False,11:15:00,2023-12-09
6382,2023-12-09 11:30:00,False,11:30:00,2023-12-09
6383,2023-12-09 11:45:00,False,11:45:00,2023-12-09
6384,2023-12-09 12:00:00,False,12:00:00,2023-12-09
6385,2023-12-09 12:15:00,False,12:15:00,2023-12-09
6386,2023-12-09 12:30:00,False,12:30:00,2023-12-09
6387,2023-12-09 12:45:00,False,12:45:00,2023-12-09
6388,2023-12-09 13:00:00,False,13:00:00,2023-12-09
6389,2023-12-09 13:15:00,False,13:15:00,2023-12-09
6390,2023-12-09 13:30:00,False,13:30:00,2023-12-09
6391,2023-12-09 13:45:00,False,13:45:00,2023-12-09
6392,2023-12-09 14:00:00,False,14:00:00,2023-12-09
6393,2023-12-09 14:15:00,False,14:15:00,2023-12-09
6394,2023-12-09 14:30:00,False,14:30:00,2023-12-09
6395,2023-12-09 14:45:00,False,14:45:00,2023-12-09
6396,2023-12-09 15:00:00,False,15:00:00,2023-12-09
6397,2023-12-09 15:15:00,False,15:15:00,2023-12-09
6398,2023-12-09 15:30:00,False,15:30:00,2023-12-09
6399,2023-12-09 15:45:00,False,15:45:00,2023-12-09
6400,2023-12-09 16:00:00,False,16:00:00,2023-12-09
6401,2023-12-09 16:15:00,False,16:15:00,2023-12-09
6402,2023-12-09 16:30:00,False,16:30:00,2023-12-09
6403,2023-12-09 16:45:00,False,16:45:00,2023-12-09
6404,2023-12-09 17:00:00,False,17:00:00,2023-12-09
6405,2023-12-09 17:15:00,False,17:15:00,2023-12-09
6406,2023-12-09 17:30:00,False,17:30:00,2023-12-09
6407,2023-12-09 17:45:00,False,17:45:00,2023-12-09
6408,2023-12-09 18:00:00,False,18:00:00,2023-12-09
6409,2023-12-09 18:15:00,False,18:15:00,2023-12-09
6410,2023-12-09 18:30:00,False,18:30:00,2023-12-09
6411,2023-12-09 18:45:00,False,18:45:00,2023-12-09
6412,2023-12-09 19:00:00,False,19:00:00,2023-12-09
6413,2023-12-09 19:15:00,False,19:15:00,2023-12-09
6414,2023-12-09 19:30:00,False,19:30:00,2023-12-09
6415,2023-12-09 19:45:00,False,19:45:00,2023-12-09
6416,2023-12-09 20:00:00,False,20:00:00,2023-12-09
6417,2023-12-09 20:15:00,False,20:15:00,2023-12-09
6418,2023-12-09 20:30:00,False,20:30:00,2023-12-09
6419,2023-12-09 20:45:00,False,20:45:00,2023-12-09
6420,2023-12-09 21:00:00,False,21:00:00,2023-12-09
6421,2023-12-09 21:15:00,False,21:15:00,2023-12-09
6422,2023-12-09 21:30:00,True,21:30:00,2023-12-09
6423,2023-12-09 21:45:00,True,21:45:00,2023-12-09
6424,2023-12-09 22:00:00,False,22:00:00,2023-12-09
6425,2023-12-09 22:15:00,False,22:15:00,2023-12-09
6426,2023-12-09 22:30:00,False,22:30:00,2023-12-09
6427,2023-12-09 22:45:00,False,22:45:00,2023-12-09
6428,2023-12-09 23:00:00,False,23:00:00,2023-12-09
6429,2023-12-09 23:15:00,False,23:15:00,2023-12-09
6430,2023-12-09 23:30:00,False,23:30:00,2023-12-09
6431,2023-12-09 23:45:00,False,23:45:00,2023-12-09
6432,2023-12-10 00:00:00,False,00:00:00,2023-12-10
6433,2023-12-10 00:15:00,False,00:15:00,2023-12-10
6434,2023-12-10 00:30:00,False,00:30:00,2023-12-10
6435,2023-12-10 00:45:00,False,00:45:00,2023-12-10
6436,2023-12-10 01:00:00,False,01:00:00,2023-12-10
6437,2023-12-10 01:15:00,False,01:15:00,2023-12-10
6438,2023-12-10 01:30:00,False,01:30:00,2023-12-10
6439,2023-12-10 01:45:00,False,01:45:00,2023-12-10
6440,2023-12-10 02:00:00,False,02:00:00,2023-12-10
6441,2023-12-10 02:15:00,False,02:15:00,2023-12-10
6442,2023-12-10 02:30:00,False,02:30:00,2023-12-10
6443,2023-12-10 02:45:00,False,02:45:00,2023-12-10
6444,2023-12-10 03:00:00,False,03:00:00,2023-12-10
6445,2023-12-10 03:15:00,False,03:15:00,2023-12-10
6446,2023-12-10 03:30:00,False,03:30:00,2023-12-10
6447,2023-12-10 03:45:00,False,03:45:00,2023-12-10
6448,2023-12-10 04:00:00,False,04:00:00,2023-12-10
6449,2023-12-10 04:15:00,False,04:15:00,2023-12-10
6450,2023-12-10 04:30:00,False,04:30:00,2023-12-10
6451,2023-12-10 04:45:00,False,04:45:00,2023-12-10
6452,2023-12-10 05:00:00,False,05:00:00,2023-12-10
6453,2023-12-10 05:15:00,False,05:15:00,2023-12-10
6454,2023-12-10 05:30:00,False,05:30:00,2023-12-10
6455,2023-12-10 05:45:00,False,05:45:00,2023-12-10
6456,2023-12-10 06:00:00,False,06:00:00,2023-12-10
6457,2023-12-10 06:15:00,False,06:15:00,2023-12-10
6458,2023-12-10 06:30:00,False,06:30:00,2023-12-10
6459,2023-12-10 06:45:00,False,06:45:00,2023-12-10
6460,2023-12-10 07:00:00,False,07:00:00,2023-12-10
6461,2023-12-10 07:15:00,False,07:15:00,2023-12-10
6462,2023-12-10 07:30:00,False,07:30:00,2023-12-10
6463,2023-12-10 07:45:00,False,07:45:00,2023-12-10
6464,2023-12-10 08:00:00,False,08:00:00,2023-12-10
6465,2023-12-10 08:15:00,False,08:15:00,2023-12-10
6466,2023-12-10 08:30:00,False,08:30:00,2023-12-10
6467,2023-12-10 08:45:00,False,08:45:00,2023-12-10
6468,2023-12-10 09:00:00,False,09:00:00,2023-12-10
6469,2023-12-10 09:15:00,False,09:15:00,2023-12-10
6470,2023-12-10 09:30:00,False,09:30:00,2023-12-10
6471,2023-12-10 09:45:00,False,09:45:00,2023-12-10
6472,2023-12-10 10:00:00,False,10:00:00,2023-12-10
6473,2023-12-10 10:15:00,False,10:15:00,2023-12-10
6474,2023-12-10 10:30:00,False,10:30:00,2023-12-10
6475,2023-12-10 10:45:00,False,10:45:00,2023-12-10
6476,2023-12-10 11:00:00,False,11:00:00,2023-12-10
6477,2023-12-10 11:15:00,False,11:15:00,2023-12-10
6478,2023-12-10 11:30:00,False,11:30:00,2023-12-10
6479,2023-12-10 11:45:00,False,11:45:00,2023-12-10
6480,2023-12-10 12:00:00,False,12:00:00,2023-12-10
6481,2023-12-10 12:15:00,False,12:15:00,2023-12-10
6482,2023-12-10 12:30:00,False,12:30:00,2023-12-10
6483,2023-12-10 12:45:00,False,12:45:00,2023-12-10
6484,2023-12-10 13:00:00,False,13:00:00,2023-12-10
6485,2023-12-10 13:15:00,False,13:15:00,2023-12-10
6486,2023-12-10 13:30:00,False,13:30:00,2023-12-10
6487,2023-12-10 13:45:00,False,13:45:00,2023-12-10
6488,2023-12-10 14:00:00,False,14:00:00,2023-12-10
6489,2023-12-10 14:15:00,False,14:15:00,2023-12-10
6490,2023-12-10 14:30:00,False,14:30:00,2023-12-10
6491,2023-12-10 14:45:00,False,14:45:00,2023-12-10
6492,2023-12-10 15:00:00,False,15:00:00,2023-12-10
6493,2023-12-10 15:15:00,False,15:15:00,2023-12-10
6494,2023-12-10 15:30:00,False,15:30:00,2023-12-10
6495,2023-12-10 15:45:00,False,15:45:00,2023-12-10
6496,2023-12-10 16:00:00,False,16:00:00,2023-12-10
6497,2023-12-10 16:15:00,False,16:15:00,2023-12-10
6498,2023-12-10 16:30:00,False,16:30:00,2023-12-10
6499,2023-12-10 16:45:00,False,16:45:00,2023-12-10
6500,2023-12-10 17:00:00,False,17:00:00,2023-12-10
6501,2023-12-10 17:15:00,False,17:15:00,2023-12-10
6502,2023-12-10 17:30:00,False,17:30:00,2023-12-10
6503,2023-12-10 17:45:00,False,17:45:00,2023-12-10
6504,2023-12-10 18:00:00,False,18:00:00,2023-12-10
6505,2023-12-10 18:15:00,False,18:15:00,2023-12-10
6506,2023-12-10 18:30:00,False,18:30:00,2023-12-10
6507,2023-12-10 18:45:00,False,18:45:00,2023-12-10
6508,2023-12-10 19:00:00,False,19:00:00,2023-12-10
6509,2023-12-10 19:15:00,False,19:15:00,2023-12-10
6510,2023-12-10 19:30:00,False,19:30:00,2023-12-10
6511,2023-12-10 19:45:00,False,19:45:00,2023-12-10
6512,2023-12-10 20:00:00,False,20:00:00,2023-12-10
6513,2023-12-10 20:15:00,False,20:15:00,2023-12-10
6514,2023-12-10 20:30:00,False,20:30:00,2023-12-10
6515,2023-12-10 20:45:00,False,20:45:00,2023-12-10
6516,2023-12-10 21:00:00,False,21:00:00,2023-12-10
6517,2023-12-10 21:15:00,False,21:15:00,2023-12-10
6518,2023-12-10 21:30:00,False,21:30:00,2023-12-10
6519,2023-12-10 21:45:00,False,21:45:00,2023-12-10
6520,2023-12-10 22:00:00,False,22:00:00,2023-12-10
6521,2023-12-10 22:15:00,False,22:15:00,2023-12-10
6522,2023-12-10 22:30:00,False,22:30:00,2023-12-10
6523,2023-12-10 22:45:00,False,22:45:00,2023-12-10
6524,2023-12-10 23:00:00,False,23:00:00,2023-12-10
6525,2023-12-10 23:15:00,False,23:15:00,2023-12-10
6526,2023-12-10 23:30:00,False,23:30:00,2023-12-10
6527,2023-12-10 23:45:00,False,23:45:00,2023-12-10
6528,2023-12-11 00:00:00,False,00:00:00,2023-12-11
6529,2023-12-11 00:15:00,False,00:15:00,2023-12-11
6530,2023-12-11 00:30:00,False,00:30:00,2023-12-11
6531,2023-12-11 00:45:00,False,00:45:00,2023-12-11
6532,2023-12-11 01:00:00,False,01:00:00,2023-12-11
6533,2023-12-11 01:15:00,False,01:15:00,2023-12-11
6534,2023-12-11 01:30:00,False,01:30:00,2023-12-11
6535,2023-12-11 01:45:00,False,01:45:00,2023-12-11
6536,2023-12-11 02:00:00,False,02:00:00,2023-12-11
6537,2023-12-11 02:15:00,False,02:15:00,2023-12-11
6538,2023-12-11 02:30:00,False,02:30:00,2023-12-11
6539,2023-12-11 02:45:00,False,02:45:00,2023-12-11
6540,2023-12-11 03:00:00,False,03:00:00,2023-12-11
6541,2023-12-11 03:15:00,False,03:15:00,2023-12-11
6542,2023-12-11 03:30:00,False,03:30:00,2023-12-11
6543,2023-12-11 03:45:00,False,03:45:00,2023-12-11
6544,2023-12-11 04:00:00,False,04:00:00,2023-12-11
6545,2023-12-11 04:15:00,False,04:15:00,2023-12-11
6546,2023-12-11 04:30:00,False,04:30:00,2023-12-11
6547,2023-12-11 04:45:00,False,04:45:00,2023-12-11
6548,2023-12-11 05:00:00,False,05:00:00,2023-12-11
6549,2023-12-11 05:15:00,False,05:15:00,2023-12-11
6550,2023-12-11 05:30:00,False,05:30:00,2023-12-11
6551,2023-12-11 05:45:00,False,05:45:00,2023-12-11
6552,2023-12-11 06:00:00,False,06:00:00,2023-12-11
6553,2023-12-11 06:15:00,False,06:15:00,2023-12-11
6554,2023-12-11 06:30:00,False,06:30:00,2023-12-11
6555,2023-12-11 06:45:00,False,06:45:00,2023-12-11
6556,2023-12-11 07:00:00,False,07:00:00,2023-12-11
6557,2023-12-11 07:15:00,False,07:15:00,2023-12-11
6558,2023-12-11 07:30:00,False,07:30:00,2023-12-11
6559,2023-12-11 07:45:00,False,07:45:00,2023-12-11
6560,2023-12-11 08:00:00,False,08:00:00,2023-12-11
6561,2023-12-11 08:15:00,False,08:15:00,2023-12-11
6562,2023-12-11 08:30:00,False,08:30:00,2023-12-11
6563,2023-12-11 08:45:00,False,08:45:00,2023-12-11
6564,2023-12-11 09:00:00,False,09:00:00,2023-12-11
6565,2023-12-11 09:15:00,False,09:15:00,2023-12-11
6566,2023-12-11 09:30:00,False,09:30:00,2023-12-11
6567,2023-12-11 09:45:00,True,09:45:00,2023-12-11
6568,2023-12-11 10:00:00,True,10:00:00,2023-12-11
6569,2023-12-11 10:15:00,True,10:15:00,2023-12-11
6570,2023-12-11 10:30:00,True,10:30:00,2023-12-11
6571,2023-12-11 10:45:00,True,10:45:00,2023-12-11
6572,2023-12-11 11:00:00,True,11:00:00,2023-12-11
6573,2023-12-11 11:15:00,False,11:15:00,2023-12-11
6574,2023-12-11 11:30:00,False,11:30:00,2023-12-11
6575,2023-12-11 11:45:00,False,11:45:00,2023-12-11
6576,2023-12-11 12:00:00,False,12:00:00,2023-12-11
6577,2023-12-11 12:15:00,False,12:15:00,2023-12-11
6578,2023-12-11 12:30:00,False,12:30:00,2023-12-11
6579,2023-12-11 12:45:00,False,12:45:00,2023-12-11
6580,2023-12-11 13:00:00,False,13:00:00,2023-12-11
6581,2023-12-11 13:15:00,False,13:15:00,2023-12-11
6582,2023-12-11 13:30:00,False,13:30:00,2023-12-11
6583,2023-12-11 13:45:00,False,13:45:00,2023-12-11
6584,2023-12-11 14:00:00,False,14:00:00,2023-12-11
6585,2023-12-11 14:15:00,False,14:15:00,2023-12-11
6586,2023-12-11 14:30:00,False,14:30:00,2023-12-11
6587,2023-12-11 14:45:00,False,14:45:00,2023-12-11
6588,2023-12-11 15:00:00,False,15:00:00,2023-12-11
6589,2023-12-11 15:15:00,False,15:15:00,2023-12-11
6590,2023-12-11 15:30:00,False,15:30:00,2023-12-11
6591,2023-12-11 15:45:00,False,15:45:00,2023-12-11
6592,2023-12-11 16:00:00,False,16:00:00,2023-12-11
6593,2023-12-11 16:15:00,False,16:15:00,2023-12-11
6594,2023-12-11 16:30:00,False,16:30:00,2023-12-11
6595,2023-12-11 16:45:00,False,16:45:00,2023-12-11
6596,2023-12-11 17:00:00,False,17:00:00,2023-12-11
6597,2023-12-11 17:15:00,False,17:15:00,2023-12-11
6598,2023-12-11 17:30:00,False,17:30:00,2023-12-11
6599,2023-12-11 17:45:00,False,17:45:00,2023-12-11
6600,2023-12-11 18:00:00,False,18:00:00,2023-12-11
6601,2023-12-11 18:15:00,False,18:15:00,2023-12-11
6602,2023-12-11 18:30:00,False,18:30:00,2023-12-11
6603,2023-12-11 18:45:00,False,18:45:00,2023-12-11
6604,2023-12-11 19:00:00,False,19:00:00,2023-12-11
6605,2023-12-11 19:15:00,False,19:15:00,2023-12-11
6606,2023-12-11 19:30:00,False,19:30:00,2023-12-11
6607,2023-12-11 19:45:00,False,19:45:00,2023-12-11
6608,2023-12-11 20:00:00,False,20:00:00,2023-12-11
6609,2023-12-11 20:15:00,False,20:15:00,2023-12-11
6610,2023-12-11 20:30:00,False,20:30:00,2023-12-11
6611,2023-12-11 20:45:00,False,20:45:00,2023-12-11
6612,2023-12-11 21:00:00,False,21:00:00,2023-12-11
6613,2023-12-11 21:15:00,False,21:15:00,2023-12-11
6614,2023-12-11 21:30:00,False,21:30:00,2023-12-11
6615,2023-12-11 21:45:00,False,21:45:00,2023-12-11
6616,2023-12-11 22:00:00,False,22:00:00,2023-12-11
6617,2023-12-11 22:15:00,False,22:15:00,2023-12-11
6618,2023-12-11 22:30:00,False,22:30:00,2023-12-11
6619,2023-12-11 22:45:00,False,22:45:00,2023-12-11
6620,2023-12-11 23:00:00,False,23:00:00,2023-12-11
6621,2023-12-11 23:15:00,False,23:15:00,2023-12-11
6622,2023-12-11 23:30:00,False,23:30:00,2023-12-11
6623,2023-12-11 23:45:00,False,23:45:00,2023-12-11
6624,2023-12-12 00:00:00,False,00:00:00,2023-12-12
6625,2023-12-12 00:15:00,False,00:15:00,2023-12-12
6626,2023-12-12 00:30:00,False,00:30:00,2023-12-12
6627,2023-12-12 00:45:00,False,00:45:00,2023-12-12
6628,2023-12-12 01:00:00,False,01:00:00,2023-12-12
6629,2023-12-12 01:15:00,False,01:15:00,2023-12-12
6630,2023-12-12 01:30:00,False,01:30:00,2023-12-12
6631,2023-12-12 01:45:00,False,01:45:00,2023-12-12
6632,2023-12-12 02:00:00,False,02:00:00,2023-12-12
6633,2023-12-12 02:15:00,False,02:15:00,2023-12-12
6634,2023-12-12 02:30:00,False,02:30:00,2023-12-12
6635,2023-12-12 02:45:00,False,02:45:00,2023-12-12
6636,2023-12-12 03:00:00,False,03:00:00,2023-12-12
6637,2023-12-12 03:15:00,False,03:15:00,2023-12-12
6638,2023-12-12 03:30:00,False,03:30:00,2023-12-12
6639,2023-12-12 03:45:00,False,03:45:00,2023-12-12
6640,2023-12-12 04:00:00,False,04:00:00,2023-12-12
6641,2023-12-12 04:15:00,False,04:15:00,2023-12-12
6642,2023-12-12 04:30:00,False,04:30:00,2023-12-12
6643,2023-12-12 04:45:00,False,04:45:00,2023-12-12
6644,2023-12-12 05:00:00,False,05:00:00,2023-12-12
6645,2023-12-12 05:15:00,False,05:15:00,2023-12-12
6646,2023-12-12 05:30:00,False,05:30:00,2023-12-12
6647,2023-12-12 05:45:00,False,05:45:00,2023-12-12
6648,2023-12-12 06:00:00,False,06:00:00,2023-12-12
6649,2023-12-12 06:15:00,False,06:15:00,2023-12-12
6650,2023-12-12 06:30:00,False,06:30:00,2023-12-12
6651,2023-12-12 06:45:00,False,06:45:00,2023-12-12
6652,2023-12-12 07:00:00,False,07:00:00,2023-12-12
6653,2023-12-12 07:15:00,False,07:15:00,2023-12-12
6654,2023-12-12 07:30:00,False,07:30:00,2023-12-12
6655,2023-12-12 07:45:00,False,07:45:00,2023-12-12
6656,2023-12-12 08:00:00,False,08:00:00,2023-12-12
6657,2023-12-12 08:15:00,True,08:15:00,2023-12-12
6658,2023-12-12 08:30:00,False,08:30:00,2023-12-12
6659,2023-12-12 08:45:00,False,08:45:00,2023-12-12
6660,2023-12-12 09:00:00,False,09:00:00,2023-12-12
6661,2023-12-12 09:15:00,False,09:15:00,2023-12-12
6662,2023-12-12 09:30:00,False,09:30:00,2023-12-12
6663,2023-12-12 09:45:00,False,09:45:00,2023-12-12
6664,2023-12-12 10:00:00,False,10:00:00,2023-12-12
6665,2023-12-12 10:15:00,False,10:15:00,2023-12-12
6666,2023-12-12 10:30:00,False,10:30:00,2023-12-12
6667,2023-12-12 10:45:00,False,10:45:00,2023-12-12
6668,2023-12-12 11:00:00,False,11:00:00,2023-12-12
6669,2023-12-12 11:15:00,False,11:15:00,2023-12-12
6670,2023-12-12 11:30:00,False,11:30:00,2023-12-12
6671,2023-12-12 11:45:00,False,11:45:00,2023-12-12
6672,2023-12-12 12:00:00,False,12:00:00,2023-12-12
6673,2023-12-12 12:15:00,False,12:15:00,2023-12-12
6674,2023-12-12 12:30:00,False,12:30:00,2023-12-12
6675,2023-12-12 12:45:00,False,12:45:00,2023-12-12
6676,2023-12-12 13:00:00,False,13:00:00,2023-12-12
6677,2023-12-12 13:15:00,False,13:15:00,2023-12-12
6678,2023-12-12 13:30:00,False,13:30:00,2023-12-12
6679,2023-12-12 13:45:00,False,13:45:00,2023-12-12
6680,2023-12-12 14:00:00,False,14:00:00,2023-12-12
6681,2023-12-12 14:15:00,False,14:15:00,2023-12-12
6682,2023-12-12 14:30:00,False,14:30:00,2023-12-12
6683,2023-12-12 14:45:00,False,14:45:00,2023-12-12
6684,2023-12-12 15:00:00,False,15:00:00,2023-12-12
6685,2023-12-12 15:15:00,False,15:15:00,2023-12-12
6686,2023-12-12 15:30:00,False,15:30:00,2023-12-12
6687,2023-12-12 15:45:00,False,15:45:00,2023-12-12
6688,2023-12-12 16:00:00,False,16:00:00,2023-12-12
6689,2023-12-12 16:15:00,False,16:15:00,2023-12-12
6690,2023-12-12 16:30:00,False,16:30:00,2023-12-12
6691,2023-12-12 16:45:00,False,16:45:00,2023-12-12
6692,2023-12-12 17:00:00,False,17:00:00,2023-12-12
6693,2023-12-12 17:15:00,False,17:15:00,2023-12-12
6694,2023-12-12 17:30:00,False,17:30:00,2023-12-12
6695,2023-12-12 17:45:00,False,17:45:00,2023-12-12
6696,2023-12-12 18:00:00,False,18:00:00,2023-12-12
6697,2023-12-12 18:15:00,False,18:15:00,2023-12-12
6698,2023-12-12 18:30:00,False,18:30:00,2023-12-12
6699,2023-12-12 18:45:00,False,18:45:00,2023-12-12
6700,2023-12-12 19:00:00,False,19:00:00,2023-12-12
6701,2023-12-12 19:15:00,False,19:15:00,2023-12-12
6702,2023-12-12 19:30:00,False,19:30:00,2023-12-12
6703,2023-12-12 19:45:00,False,19:45:00,2023-12-12
6704,2023-12-12 20:00:00,False,20:00:00,2023-12-12
6705,2023-12-12 20:15:00,False,20:15:00,2023-12-12
6706,2023-12-12 20:30:00,False,20:30:00,2023-12-12
6707,2023-12-12 20:45:00,False,20:45:00,2023-12-12
6708,2023-12-12 21:00:00,False,21:00:00,2023-12-12
6709,2023-12-12 21:15:00,False,21:15:00,2023-12-12
6710,2023-12-12 21:30:00,False,21:30:00,2023-12-12
6711,2023-12-12 21:45:00,False,21:45:00,2023-12-12
6712,2023-12-12 22:00:00,False,22:00:00,2023-12-12
6713,2023-12-12 22:15:00,False,22:15:00,2023-12-12
6714,2023-12-12 22:30:00,False,22:30:00,2023-12-12
6715,2023-12-12 22:45:00,False,22:45:00,2023-12-12
6716,2023-12-12 23:00:00,False,23:00:00,2023-12-12
6717,2023-12-12 23:15:00,False,23:15:00,2023-12-12
6718,2023-12-12 23:30:00,False,23:30:00,2023-12-12
6719,2023-12-12 23:45:00,False,23:45:00,2023-12-12
6720,2023-12-13 00:00:00,False,00:00:00,2023-12-13
6721,2023-12-13 00:15:00,False,00:15:00,2023-12-13
6722,2023-12-13 00:30:00,False,00:30:00,2023-12-13
6723,2023-12-13 00:45:00,False,00:45:00,2023-12-13
6724,2023-12-13 01:00:00,False,01:00:00,2023-12-13
6725,2023-12-13 01:15:00,False,01:15:00,2023-12-13
6726,2023-12-13 01:30:00,False,01:30:00,2023-12-13
6727,2023-12-13 01:45:00,False,01:45:00,2023-12-13
6728,2023-12-13 02:00:00,False,02:00:00,2023-12-13
6729,2023-12-13 02:15:00,False,02:15:00,2023-12-13
6730,2023-12-13 02:30:00,False,02:30:00,2023-12-13
6731,2023-12-13 02:45:00,False,02:45:00,2023-12-13
6732,2023-12-13 03:00:00,False,03:00:00,2023-12-13
6733,2023-12-13 03:15:00,False,03:15:00,2023-12-13
6734,2023-12-13 03:30:00,False,03:30:00,2023-12-13
6735,2023-12-13 03:45:00,False,03:45:00,2023-12-13
6736,2023-12-13 04:00:00,False,04:00:00,2023-12-13
6737,2023-12-13 04:15:00,False,04:15:00,2023-12-13
6738,2023-12-13 04:30:00,False,04:30:00,2023-12-13
6739,2023-12-13 04:45:00,False,04:45:00,2023-12-13
6740,2023-12-13 05:00:00,False,05:00:00,2023-12-13
6741,2023-12-13 05:15:00,False,05:15:00,2023-12-13
6742,2023-12-13 05:30:00,False,05:30:00,2023-12-13
6743,2023-12-13 05:45:00,False,05:45:00,2023-12-13
6744,2023-12-13 06:00:00,False,06:00:00,2023-12-13
6745,2023-12-13 06:15:00,False,06:15:00,2023-12-13
6746,2023-12-13 06:30:00,False,06:30:00,2023-12-13
6747,2023-12-13 06:45:00,False,06:45:00,2023-12-13
6748,2023-12-13 07:00:00,False,07:00:00,2023-12-13
6749,2023-12-13 07:15:00,False,07:15:00,2023-12-13
6750,2023-12-13 07:30:00,False,07:30:00,2023-12-13
6751,2023-12-13 07:45:00,False,07:45:00,2023-12-13
6752,2023-12-13 08:00:00,False,08:00:00,2023-12-13
6753,2023-12-13 08:15:00,False,08:15:00,2023-12-13
6754,2023-12-13 08:30:00,False,08:30:00,2023-12-13
6755,2023-12-13 08:45:00,False,08:45:00,2023-12-13
6756,2023-12-13 09:00:00,False,09:00:00,2023-12-13
6757,2023-12-13 09:15:00,False,09:15:00,2023-12-13
6758,2023-12-13 09:30:00,False,09:30:00,2023-12-13
6759,2023-12-13 09:45:00,False,09:45:00,2023-12-13
6760,2023-12-13 10:00:00,False,10:00:00,2023-12-13
6761,2023-12-13 10:15:00,False,10:15:00,2023-12-13
6762,2023-12-13 10:30:00,False,10:30:00,2023-12-13
6763,2023-12-13 10:45:00,False,10:45:00,2023-12-13
6764,2023-12-13 11:00:00,False,11:00:00,2023-12-13
6765,2023-12-13 11:15:00,False,11:15:00,2023-12-13
6766,2023-12-13 11:30:00,False,11:30:00,2023-12-13
6767,2023-12-13 11:45:00,False,11:45:00,2023-12-13
6768,2023-12-13 12:00:00,False,12:00:00,2023-12-13
6769,2023-12-13 12:15:00,False,12:15:00,2023-12-13
6770,2023-12-13 12:30:00,False,12:30:00,2023-12-13
6771,2023-12-13 12:45:00,False,12:45:00,2023-12-13
6772,2023-12-13 13:00:00,False,13:00:00,2023-12-13
6773,2023-12-13 13:15:00,False,13:15:00,2023-12-13
6774,2023-12-13 13:30:00,False,13:30:00,2023-12-13
6775,2023-12-13 13:45:00,False,13:45:00,2023-12-13
6776,2023-12-13 14:00:00,False,14:00:00,2023-12-13
6777,2023-12-13 14:15:00,False,14:15:00,2023-12-13
6778,2023-12-13 14:30:00,False,14:30:00,2023-12-13
6779,2023-12-13 14:45:00,False,14:45:00,2023-12-13
6780,2023-12-13 15:00:00,False,15:00:00,2023-12-13
6781,2023-12-13 15:15:00,False,15:15:00,2023-12-13
6782,2023-12-13 15:30:00,False,15:30:00,2023-12-13
6783,2023-12-13 15:45:00,False,15:45:00,2023-12-13
6784,2023-12-13 16:00:00,False,16:00:00,2023-12-13
6785,2023-12-13 16:15:00,False,16:15:00,2023-12-13
6786,2023-12-13 16:30:00,False,16:30:00,2023-12-13
6787,2023-12-13 16:45:00,False,16:45:00,2023-12-13
6788,2023-12-13 17:00:00,False,17:00:00,2023-12-13
6789,2023-12-13 17:15:00,False,17:15:00,2023-12-13
6790,2023-12-13 17:30:00,False,17:30:00,2023-12-13
6791,2023-12-13 17:45:00,False,17:45:00,2023-12-13
6792,2023-12-13 18:00:00,False,18:00:00,2023-12-13
6793,2023-12-13 18:15:00,False,18:15:00,2023-12-13
6794,2023-12-13 18:30:00,False,18:30:00,2023-12-13
6795,2023-12-13 18:45:00,False,18:45:00,2023-12-13
6796,2023-12-13 19:00:00,False,19:00:00,2023-12-13
6797,2023-12-13 19:15:00,False,19:15:00,2023-12-13
6798,2023-12-13 19:30:00,False,19:30:00,2023-12-13
6799,2023-12-13 19:45:00,False,19:45:00,2023-12-13
6800,2023-12-13 20:00:00,True,20:00:00,2023-12-13
6801,2023-12-13 20:15:00,True,20:15:00,2023-12-13
6802,2023-12-13 20:30:00,True,20:30:00,2023-12-13
6803,2023-12-13 20:45:00,True,20:45:00,2023-12-13
6804,2023-12-13 21:00:00,True,21:00:00,2023-12-13
6805,2023-12-13 21:15:00,True,21:15:00,2023-12-13
6806,2023-12-13 21:30:00,True,21:30:00,2023-12-13
6807,2023-12-13 21:45:00,True,21:45:00,2023-12-13
6808,2023-12-13 22:00:00,True,22:00:00,2023-12-13
6809,2023-12-13 22:15:00,True,22:15:00,2023-12-13
6810,2023-12-13 22:30:00,False,22:30:00,2023-12-13
6811,2023-12-13 22:45:00,False,22:45:00,2023-12-13
6812,2023-12-13 23:00:00,False,23:00:00,2023-12-13
6813,2023-12-13 23:15:00,False,23:15:00,2023-12-13
6814,2023-12-13 23:30:00,False,23:30:00,2023-12-13
6815,2023-12-13 23:45:00,False,23:45:00,2023-12-13
6816,2023-12-14 00:00:00,False,00:00:00,2023-12-14
6817,2023-12-14 00:15:00,False,00:15:00,2023-12-14
6818,2023-12-14 00:30:00,False,00:30:00,2023-12-14
6819,2023-12-14 00:45:00,False,00:45:00,2023-12-14
6820,2023-12-14 01:00:00,False,01:00:00,2023-12-14
6821,2023-12-14 01:15:00,False,01:15:00,2023-12-14
6822,2023-12-14 01:30:00,False,01:30:00,2023-12-14
6823,2023-12-14 01:45:00,False,01:45:00,2023-12-14
6824,2023-12-14 02:00:00,False,02:00:00,2023-12-14
6825,2023-12-14 02:15:00,False,02:15:00,2023-12-14
6826,2023-12-14 02:30:00,False,02:30:00,2023-12-14
6827,2023-12-14 02:45:00,False,02:45:00,2023-12-14
6828,2023-12-14 03:00:00,False,03:00:00,2023-12-14
6829,2023-12-14 03:15:00,False,03:15:00,2023-12-14
6830,2023-12-14 03:30:00,False,03:30:00,2023-12-14
6831,2023-12-14 03:45:00,False,03:45:00,2023-12-14
6832,2023-12-14 04:00:00,False,04:00:00,2023-12-14
6833,2023-12-14 04:15:00,False,04:15:00,2023-12-14
6834,2023-12-14 04:30:00,False,04:30:00,2023-12-14
6835,2023-12-14 04:45:00,False,04:45:00,2023-12-14
6836,2023-12-14 05:00:00,False,05:00:00,2023-12-14
6837,2023-12-14 05:15:00,False,05:15:00,2023-12-14
6838,2023-12-14 05:30:00,False,05:30:00,2023-12-14
6839,2023-12-14 05:45:00,False,05:45:00,2023-12-14
6840,2023-12-14 06:00:00,False,06:00:00,2023-12-14
6841,2023-12-14 06:15:00,False,06:15:00,2023-12-14
6842,2023-12-14 06:30:00,False,06:30:00,2023-12-14
6843,2023-12-14 06:45:00,False,06:45:00,2023-12-14
6844,2023-12-14 07:00:00,False,07:00:00,2023-12-14
6845,2023-12-14 07:15:00,False,07:15:00,2023-12-14
6846,2023-12-14 07:30:00,False,07:30:00,2023-12-14
6847,2023-12-14 07:45:00,False,07:45:00,2023-12-14
6848,2023-12-14 08:00:00,False,08:00:00,2023-12-14
6849,2023-12-14 08:15:00,False,08:15:00,2023-12-14
6850,2023-12-14 08:30:00,False,08:30:00,2023-12-14
6851,2023-12-14 08:45:00,False,08:45:00,2023-12-14
6852,2023-12-14 09:00:00,False,09:00:00,2023-12-14
6853,2023-12-14 09:15:00,False,09:15:00,2023-12-14
6854,2023-12-14 09:30:00,False,09:30:00,2023-12-14
6855,2023-12-14 09:45:00,False,09:45:00,2023-12-14
6856,2023-12-14 10:00:00,False,10:00:00,2023-12-14
6857,2023-12-14 10:15:00,False,10:15:00,2023-12-14
6858,2023-12-14 10:30:00,False,10:30:00,2023-12-14
6859,2023-12-14 10:45:00,False,10:45:00,2023-12-14
6860,2023-12-14 11:00:00,False,11:00:00,2023-12-14
6861,2023-12-14 11:15:00,False,11:15:00,2023-12-14
6862,2023-12-14 11:30:00,False,11:30:00,2023-12-14
6863,2023-12-14 11:45:00,False,11:45:00,2023-12-14
6864,2023-12-14 12:00:00,False,12:00:00,2023-12-14
6865,2023-12-14 12:15:00,False,12:15:00,2023-12-14
6866,2023-12-14 12:30:00,False,12:30:00,2023-12-14
6867,2023-12-14 12:45:00,False,12:45:00,2023-12-14
6868,2023-12-14 13:00:00,False,13:00:00,2023-12-14
6869,2023-12-14 13:15:00,False,13:15:00,2023-12-14
6870,2023-12-14 13:30:00,False,13:30:00,2023-12-14
6871,2023-12-14 13:45:00,False,13:45:00,2023-12-14
6872,2023-12-14 14:00:00,False,14:00:00,2023-12-14
6873,2023-12-14 14:15:00,False,14:15:00,2023-12-14
6874,2023-12-14 14:30:00,False,14:30:00,2023-12-14
6875,2023-12-14 14:45:00,False,14:45:00,2023-12-14
6876,2023-12-14 15:00:00,False,15:00:00,2023-12-14
6877,2023-12-14 15:15:00,False,15:15:00,2023-12-14
6878,2023-12-14 15:30:00,False,15:30:00,2023-12-14
6879,2023-12-14 15:45:00,False,15:45:00,2023-12-14
6880,2023-12-14 16:00:00,False,16:00:00,2023-12-14
6881,2023-12-14 16:15:00,False,16:15:00,2023-12-14
6882,2023-12-14 16:30:00,False,16:30:00,2023-12-14
6883,2023-12-14 16:45:00,False,16:45:00,2023-12-14
6884,2023-12-14 17:00:00,False,17:00:00,2023-12-14
6885,2023-12-14 17:15:00,False,17:15:00,2023-12-14
6886,2023-12-14 17:30:00,False,17:30:00,2023-12-14
6887,2023-12-14 17:45:00,False,17:45:00,2023-12-14
6888,2023-12-14 18:00:00,False,18:00:00,2023-12-14
6889,2023-12-14 18:15:00,False,18:15:00,2023-12-14
6890,2023-12-14 18:30:00,False,18:30:00,2023-12-14
6891,2023-12-14 18:45:00,False,18:45:00,2023-12-14
6892,2023-12-14 19:00:00,False,19:00:00,2023-12-14
6893,2023-12-14 19:15:00,False,19:15:00,2023-12-14
6894,2023-12-14 19:30:00,False,19:30:00,2023-12-14
6895,2023-12-14 19:45:00,False,19:45:00,2023-12-14
6896,2023-12-14 20:00:00,False,20:00:00,2023-12-14
6897,2023-12-14 20:15:00,False,20:15:00,2023-12-14
6898,2023-12-14 20:30:00,False,20:30:00,2023-12-14
6899,2023-12-14 20:45:00,False,20:45:00,2023-12-14
6900,2023-12-14 21:00:00,False,21:00:00,2023-12-14
6901,2023-12-14 21:15:00,False,21:15:00,2023-12-14
6902,2023-12-14 21:30:00,False,21:30:00,2023-12-14
6903,2023-12-14 21:45:00,False,21:45:00,2023-12-14
6904,2023-12-14 22:00:00,False,22:00:00,2023-12-14
6905,2023-12-14 22:15:00,False,22:15:00,2023-12-14
6906,2023-12-14 22:30:00,False,22:30:00,2023-12-14
6907,2023-12-14 22:45:00,False,22:45:00,2023-12-14
6908,2023-12-14 23:00:00,False,23:00:00,2023-12-14
6909,2023-12-14 23:15:00,False,23:15:00,2023-12-14
6910,2023-12-14 23:30:00,False,23:30:00,2023-12-14
6911,2023-12-14 23:45:00,False,23:45:00,2023-12-14
6912,2023-12-15 00:00:00,False,00:00:00,2023-12-15
6913,2023-12-15 00:15:00,False,00:15:00,2023-12-15
6914,2023-12-15 00:30:00,False,00:30:00,2023-12-15
6915,2023-12-15 00:45:00,False,00:45:00,2023-12-15
6916,2023-12-15 01:00:00,False,01:00:00,2023-12-15
6917,2023-12-15 01:15:00,False,01:15:00,2023-12-15
6918,2023-12-15 01:30:00,False,01:30:00,2023-12-15
6919,2023-12-15 01:45:00,False,01:45:00,2023-12-15
6920,2023-12-15 02:00:00,False,02:00:00,2023-12-15
6921,2023-12-15 02:15:00,False,02:15:00,2023-12-15
6922,2023-12-15 02:30:00,False,02:30:00,2023-12-15
6923,2023-12-15 02:45:00,False,02:45:00,2023-12-15
6924,2023-12-15 03:00:00,False,03:00:00,2023-12-15
6925,2023-12-15 03:15:00,False,03:15:00,2023-12-15
6926,2023-12-15 03:30:00,False,03:30:00,2023-12-15
6927,2023-12-15 03:45:00,False,03:45:00,2023-12-15
6928,2023-12-15 04:00:00,False,04:00:00,2023-12-15
6929,2023-12-15 04:15:00,False,04:15:00,2023-12-15
6930,2023-12-15 04:30:00,False,04:30:00,2023-12-15
6931,2023-12-15 04:45:00,False,04:45:00,2023-12-15
6932,2023-12-15 05:00:00,False,05:00:00,2023-12-15
6933,2023-12-15 05:15:00,False,05:15:00,2023-12-15
6934,2023-12-15 05:30:00,False,05:30:00,2023-12-15
6935,2023-12-15 05:45:00,False,05:45:00,2023-12-15
6936,2023-12-15 06:00:00,False,06:00:00,2023-12-15
6937,2023-12-15 06:15:00,False,06:15:00,2023-12-15
6938,2023-12-15 06:30:00,False,06:30:00,2023-12-15
6939,2023-12-15 06:45:00,False,06:45:00,2023-12-15
6940,2023-12-15 07:00:00,False,07:00:00,2023-12-15
6941,2023-12-15 07:15:00,False,07:15:00,2023-12-15
6942,2023-12-15 07:30:00,False,07:30:00,2023-12-15
6943,2023-12-15 07:45:00,False,07:45:00,2023-12-15
6944,2023-12-15 08:00:00,False,08:00:00,2023-12-15
6945,2023-12-15 08:15:00,False,08:15:00,2023-12-15
6946,2023-12-15 08:30:00,False,08:30:00,2023-12-15
6947,2023-12-15 08:45:00,False,08:45:00,2023-12-15
6948,2023-12-15 09:00:00,False,09:00:00,2023-12-15
6949,2023-12-15 09:15:00,False,09:15:00,2023-12-15
6950,2023-12-15 09:30:00,False,09:30:00,2023-12-15
6951,2023-12-15 09:45:00,False,09:45:00,2023-12-15
6952,2023-12-15 10:00:00,False,10:00:00,2023-12-15
6953,2023-12-15 10:15:00,False,10:15:00,2023-12-15
6954,2023-12-15 10:30:00,False,10:30:00,2023-12-15
6955,2023-12-15 10:45:00,False,10:45:00,2023-12-15
6956,2023-12-15 11:00:00,False,11:00:00,2023-12-15
6957,2023-12-15 11:15:00,False,11:15:00,2023-12-15
6958,2023-12-15 11:30:00,False,11:30:00,2023-12-15
6959,2023-12-15 11:45:00,False,11:45:00,2023-12-15
6960,2023-12-15 12:00:00,False,12:00:00,2023-12-15
6961,2023-12-15 12:15:00,False,12:15:00,2023-12-15
6962,2023-12-15 12:30:00,False,12:30:00,2023-12-15
6963,2023-12-15 12:45:00,False,12:45:00,2023-12-15
6964,2023-12-15 13:00:00,False,13:00:00,2023-12-15
6965,2023-12-15 13:15:00,False,13:15:00,2023-12-15
6966,2023-12-15 13:30:00,False,13:30:00,2023-12-15
6967,2023-12-15 13:45:00,False,13:45:00,2023-12-15
6968,2023-12-15 14:00:00,False,14:00:00,2023-12-15
6969,2023-12-15 14:15:00,False,14:15:00,2023-12-15
6970,2023-12-15 14:30:00,False,14:30:00,2023-12-15
6971,2023-12-15 14:45:00,False,14:45:00,2023-12-15
6972,2023-12-15 15:00:00,False,15:00:00,2023-12-15
6973,2023-12-15 15:15:00,False,15:15:00,2023-12-15
6974,2023-12-15 15:30:00,False,15:30:00,2023-12-15
6975,2023-12-15 15:45:00,False,15:45:00,2023-12-15
6976,2023-12-15 16:00:00,False,16:00:00,2023-12-15
6977,2023-12-15 16:15:00,False,16:15:00,2023-12-15
6978,2023-12-15 16:30:00,False,16:30:00,2023-12-15
6979,2023-12-15 16:45:00,False,16:45:00,2023-12-15
6980,2023-12-15 17:00:00,False,17:00:00,2023-12-15
6981,2023-12-15 17:15:00,False,17:15:00,2023-12-15
6982,2023-12-15 17:30:00,False,17:30:00,2023-12-15
6983,2023-12-15 17:45:00,False,17:45:00,2023-12-15
6984,2023-12-15 18:00:00,False,18:00:00,2023-12-15
6985,2023-12-15 18:15:00,False,18:15:00,2023-12-15
6986,2023-12-15 18:30:00,False,18:30:00,2023-12-15
6987,2023-12-15 18:45:00,False,18:45:00,2023-12-15
6988,2023-12-15 19:00:00,False,19:00:00,2023-12-15
6989,2023-12-15 19:15:00,False,19:15:00,2023-12-15
6990,2023-12-15 19:30:00,False,19:30:00,2023-12-15
6991,2023-12-15 19:45:00,False,19:45:00,2023-12-15
6992,2023-12-15 20:00:00,False,20:00:00,2023-12-15
6993,2023-12-15 20:15:00,True,20:15:00,2023-12-15
6994,2023-12-15 20:30:00,False,20:30:00,2023-12-15
6995,2023-12-15 20:45:00,True,20:45:00,2023-12-15
6996,2023-12-15 21:00:00,True,21:00:00,2023-12-15
6997,2023-12-15 21:15:00,False,21:15:00,2023-12-15
6998,2023-12-15 21:30:00,False,21:30:00,2023-12-15
6999,2023-12-15 21:45:00,False,21:45:00,2023-12-15
7000,2023-12-15 22:00:00,False,22:00:00,2023-12-15
7001,2023-12-15 22:15:00,False,22:15:00,2023-12-15
7002,2023-12-15 22:30:00,False,22:30:00,2023-12-15
7003,2023-12-15 22:45:00,False,22:45:00,2023-12-15
7004,2023-12-15 23:00:00,False,23:00:00,2023-12-15
7005,2023-12-15 23:15:00,False,23:15:00,2023-12-15
7006,2023-12-15 23:30:00,False,23:30:00,2023-12-15
7007,2023-12-15 23:45:00,False,23:45:00,2023-12-15
7008,2023-12-16 00:00:00,False,00:00:00,2023-12-16
7009,2023-12-16 00:15:00,False,00:15:00,2023-12-16
7010,2023-12-16 00:30:00,False,00:30:00,2023-12-16
7011,2023-12-16 00:45:00,False,00:45:00,2023-12-16
7012,2023-12-16 01:00:00,False,01:00:00,2023-12-16
7013,2023-12-16 01:15:00,False,01:15:00,2023-12-16
7014,2023-12-16 01:30:00,False,01:30:00,2023-12-16
7015,2023-12-16 01:45:00,False,01:45:00,2023-12-16
7016,2023-12-16 02:00:00,False,02:00:00,2023-12-16
7017,2023-12-16 02:15:00,False,02:15:00,2023-12-16
7018,2023-12-16 02:30:00,False,02:30:00,2023-12-16
7019,2023-12-16 02:45:00,False,02:45:00,2023-12-16
7020,2023-12-16 03:00:00,False,03:00:00,2023-12-16
7021,2023-12-16 03:15:00,False,03:15:00,2023-12-16
7022,2023-12-16 03:30:00,False,03:30:00,2023-12-16
7023,2023-12-16 03:45:00,False,03:45:00,2023-12-16
7024,2023-12-16 04:00:00,False,04:00:00,2023-12-16
7025,2023-12-16 04:15:00,False,04:15:00,2023-12-16
7026,2023-12-16 04:30:00,False,04:30:00,2023-12-16
7027,2023-12-16 04:45:00,False,04:45:00,2023-12-16
7028,2023-12-16 05:00:00,False,05:00:00,2023-12-16
7029,2023-12-16 05:15:00,False,05:15:00,2023-12-16
7030,2023-12-16 05:30:00,False,05:30:00,2023-12-16
7031,2023-12-16 05:45:00,False,05:45:00,2023-12-16
7032,2023-12-16 06:00:00,False,06:00:00,2023-12-16
7033,2023-12-16 06:15:00,False,06:15:00,2023-12-16
7034,2023-12-16 06:30:00,False,06:30:00,2023-12-16
7035,2023-12-16 06:45:00,False,06:45:00,2023-12-16
7036,2023-12-16 07:00:00,False,07:00:00,2023-12-16
7037,2023-12-16 07:15:00,False,07:15:00,2023-12-16
7038,2023-12-16 07:30:00,False,07:30:00,2023-12-16
7039,2023-12-16 07:45:00,False,07:45:00,2023-12-16
7040,2023-12-16 08:00:00,False,08:00:00,2023-12-16
7041,2023-12-16 08:15:00,False,08:15:00,2023-12-16
7042,2023-12-16 08:30:00,False,08:30:00,2023-12-16
7043,2023-12-16 08:45:00,False,08:45:00,2023-12-16
7044,2023-12-16 09:00:00,False,09:00:00,2023-12-16
7045,2023-12-16 09:15:00,False,09:15:00,2023-12-16
7046,2023-12-16 09:30:00,False,09:30:00,2023-12-16
7047,2023-12-16 09:45:00,False,09:45:00,2023-12-16
7048,2023-12-16 10:00:00,False,10:00:00,2023-12-16
7049,2023-12-16 10:15:00,False,10:15:00,2023-12-16
7050,2023-12-16 10:30:00,False,10:30:00,2023-12-16
7051,2023-12-16 10:45:00,False,10:45:00,2023-12-16
7052,2023-12-16 11:00:00,False,11:00:00,2023-12-16
7053,2023-12-16 11:15:00,False,11:15:00,2023-12-16
7054,2023-12-16 11:30:00,False,11:30:00,2023-12-16
7055,2023-12-16 11:45:00,False,11:45:00,2023-12-16
7056,2023-12-16 12:00:00,False,12:00:00,2023-12-16
7057,2023-12-16 12:15:00,False,12:15:00,2023-12-16
7058,2023-12-16 12:30:00,False,12:30:00,2023-12-16
7059,2023-12-16 12:45:00,False,12:45:00,2023-12-16
7060,2023-12-16 13:00:00,False,13:00:00,2023-12-16
7061,2023-12-16 13:15:00,False,13:15:00,2023-12-16
7062,2023-12-16 13:30:00,False,13:30:00,2023-12-16
7063,2023-12-16 13:45:00,False,13:45:00,2023-12-16
7064,2023-12-16 14:00:00,False,14:00:00,2023-12-16
7065,2023-12-16 14:15:00,False,14:15:00,2023-12-16
7066,2023-12-16 14:30:00,False,14:30:00,2023-12-16
7067,2023-12-16 14:45:00,False,14:45:00,2023-12-16
7068,2023-12-16 15:00:00,False,15:00:00,2023-12-16
7069,2023-12-16 15:15:00,False,15:15:00,2023-12-16
7070,2023-12-16 15:30:00,False,15:30:00,2023-12-16
7071,2023-12-16 15:45:00,False,15:45:00,2023-12-16
7072,2023-12-16 16:00:00,False,16:00:00,2023-12-16
7073,2023-12-16 16:15:00,False,16:15:00,2023-12-16
7074,2023-12-16 16:30:00,False,16:30:00,2023-12-16
7075,2023-12-16 16:45:00,False,16:45:00,2023-12-16
7076,2023-12-16 17:00:00,False,17:00:00,2023-12-16
7077,2023-12-16 17:15:00,False,17:15:00,2023-12-16
7078,2023-12-16 17:30:00,False,17:30:00,2023-12-16
7079,2023-12-16 17:45:00,False,17:45:00,2023-12-16
7080,2023-12-16 18:00:00,False,18:00:00,2023-12-16
7081,2023-12-16 18:15:00,False,18:15:00,2023-12-16
7082,2023-12-16 18:30:00,False,18:30:00,2023-12-16
7083,2023-12-16 18:45:00,False,18:45:00,2023-12-16
7084,2023-12-16 19:00:00,False,19:00:00,2023-12-16
7085,2023-12-16 19:15:00,False,19:15:00,2023-12-16
7086,2023-12-16 19:30:00,False,19:30:00,2023-12-16
7087,2023-12-16 19:45:00,False,19:45:00,2023-12-16
7088,2023-12-16 20:00:00,False,20:00:00,2023-12-16
7089,2023-12-16 20:15:00,False,20:15:00,2023-12-16
7090,2023-12-16 20:30:00,False,20:30:00,2023-12-16
7091,2023-12-16 20:45:00,False,20:45:00,2023-12-16
7092,2023-12-16 21:00:00,False,21:00:00,2023-12-16
7093,2023-12-16 21:15:00,False,21:15:00,2023-12-16
7094,2023-12-16 21:30:00,False,21:30:00,2023-12-16
7095,2023-12-16 21:45:00,False,21:45:00,2023-12-16
7096,2023-12-16 22:00:00,False,22:00:00,2023-12-16
7097,2023-12-16 22:15:00,False,22:15:00,2023-12-16
7098,2023-12-16 22:30:00,False,22:30:00,2023-12-16
7099,2023-12-16 22:45:00,False,22:45:00,2023-12-16
7100,2023-12-16 23:00:00,False,23:00:00,2023-12-16
7101,2023-12-16 23:15:00,False,23:15:00,2023-12-16
7102,2023-12-16 23:30:00,False,23:30:00,2023-12-16
7103,2023-12-16 23:45:00,False,23:45:00,2023-12-16
7104,2023-12-17 00:00:00,False,00:00:00,2023-12-17
7105,2023-12-17 00:15:00,False,00:15:00,2023-12-17
7106,2023-12-17 00:30:00,False,00:30:00,2023-12-17
7107,2023-12-17 00:45:00,False,00:45:00,2023-12-17
7108,2023-12-17 01:00:00,False,01:00:00,2023-12-17
7109,2023-12-17 01:15:00,False,01:15:00,2023-12-17
7110,2023-12-17 01:30:00,False,01:30:00,2023-12-17
7111,2023-12-17 01:45:00,False,01:45:00,2023-12-17
7112,2023-12-17 02:00:00,False,02:00:00,2023-12-17
7113,2023-12-17 02:15:00,False,02:15:00,2023-12-17
7114,2023-12-17 02:30:00,False,02:30:00,2023-12-17
7115,2023-12-17 02:45:00,False,02:45:00,2023-12-17
7116,2023-12-17 03:00:00,False,03:00:00,2023-12-17
7117,2023-12-17 03:15:00,False,03:15:00,2023-12-17
7118,2023-12-17 03:30:00,False,03:30:00,2023-12-17
7119,2023-12-17 03:45:00,False,03:45:00,2023-12-17
7120,2023-12-17 04:00:00,False,04:00:00,2023-12-17
7121,2023-12-17 04:15:00,False,04:15:00,2023-12-17
7122,2023-12-17 04:30:00,False,04:30:00,2023-12-17
7123,2023-12-17 04:45:00,False,04:45:00,2023-12-17
7124,2023-12-17 05:00:00,False,05:00:00,2023-12-17
7125,2023-12-17 05:15:00,False,05:15:00,2023-12-17
7126,2023-12-17 05:30:00,False,05:30:00,2023-12-17
7127,2023-12-17 05:45:00,False,05:45:00,2023-12-17
7128,2023-12-17 06:00:00,False,06:00:00,2023-12-17
7129,2023-12-17 06:15:00,False,06:15:00,2023-12-17
7130,2023-12-17 06:30:00,False,06:30:00,2023-12-17
7131,2023-12-17 06:45:00,False,06:45:00,2023-12-17
7132,2023-12-17 07:00:00,False,07:00:00,2023-12-17
7133,2023-12-17 07:15:00,False,07:15:00,2023-12-17
7134,2023-12-17 07:30:00,False,07:30:00,2023-12-17
7135,2023-12-17 07:45:00,False,07:45:00,2023-12-17
7136,2023-12-17 08:00:00,False,08:00:00,2023-12-17
7137,2023-12-17 08:15:00,False,08:15:00,2023-12-17
7138,2023-12-17 08:30:00,False,08:30:00,2023-12-17
7139,2023-12-17 08:45:00,False,08:45:00,2023-12-17
7140,2023-12-17 09:00:00,False,09:00:00,2023-12-17
7141,2023-12-17 09:15:00,False,09:15:00,2023-12-17
7142,2023-12-17 09:30:00,False,09:30:00,2023-12-17
7143,2023-12-17 09:45:00,False,09:45:00,2023-12-17
7144,2023-12-17 10:00:00,False,10:00:00,2023-12-17
7145,2023-12-17 10:15:00,False,10:15:00,2023-12-17
7146,2023-12-17 10:30:00,False,10:30:00,2023-12-17
7147,2023-12-17 10:45:00,False,10:45:00,2023-12-17
7148,2023-12-17 11:00:00,False,11:00:00,2023-12-17
7149,2023-12-17 11:15:00,False,11:15:00,2023-12-17
7150,2023-12-17 11:30:00,False,11:30:00,2023-12-17
7151,2023-12-17 11:45:00,False,11:45:00,2023-12-17
7152,2023-12-17 12:00:00,False,12:00:00,2023-12-17
7153,2023-12-17 12:15:00,False,12:15:00,2023-12-17
7154,2023-12-17 12:30:00,False,12:30:00,2023-12-17
7155,2023-12-17 12:45:00,False,12:45:00,2023-12-17
7156,2023-12-17 13:00:00,False,13:00:00,2023-12-17
7157,2023-12-17 13:15:00,False,13:15:00,2023-12-17
7158,2023-12-17 13:30:00,False,13:30:00,2023-12-17
7159,2023-12-17 13:45:00,False,13:45:00,2023-12-17
7160,2023-12-17 14:00:00,False,14:00:00,2023-12-17
7161,2023-12-17 14:15:00,False,14:15:00,2023-12-17
7162,2023-12-17 14:30:00,False,14:30:00,2023-12-17
7163,2023-12-17 14:45:00,False,14:45:00,2023-12-17
7164,2023-12-17 15:00:00,False,15:00:00,2023-12-17
7165,2023-12-17 15:15:00,False,15:15:00,2023-12-17
7166,2023-12-17 15:30:00,False,15:30:00,2023-12-17
7167,2023-12-17 15:45:00,False,15:45:00,2023-12-17
7168,2023-12-17 16:00:00,False,16:00:00,2023-12-17
7169,2023-12-17 16:15:00,False,16:15:00,2023-12-17
7170,2023-12-17 16:30:00,False,16:30:00,2023-12-17
7171,2023-12-17 16:45:00,False,16:45:00,2023-12-17
7172,2023-12-17 17:00:00,False,17:00:00,2023-12-17
7173,2023-12-17 17:15:00,False,17:15:00,2023-12-17
7174,2023-12-17 17:30:00,False,17:30:00,2023-12-17
7175,2023-12-17 17:45:00,False,17:45:00,2023-12-17
7176,2023-12-17 18:00:00,False,18:00:00,2023-12-17
7177,2023-12-17 18:15:00,False,18:15:00,2023-12-17
7178,2023-12-17 18:30:00,False,18:30:00,2023-12-17
7179,2023-12-17 18:45:00,False,18:45:00,2023-12-17
7180,2023-12-17 19:00:00,False,19:00:00,2023-12-17
7181,2023-12-17 19:15:00,False,19:15:00,2023-12-17
7182,2023-12-17 19:30:00,False,19:30:00,2023-12-17
7183,2023-12-17 19:45:00,False,19:45:00,2023-12-17
7184,2023-12-17 20:00:00,False,20:00:00,2023-12-17
7185,2023-12-17 20:15:00,False,20:15:00,2023-12-17
7186,2023-12-17 20:30:00,False,20:30:00,2023-12-17
7187,2023-12-17 20:45:00,False,20:45:00,2023-12-17
7188,2023-12-17 21:00:00,False,21:00:00,2023-12-17
7189,2023-12-17 21:15:00,False,21:15:00,2023-12-17
7190,2023-12-17 21:30:00,False,21:30:00,2023-12-17
7191,2023-12-17 21:45:00,False,21:45:00,2023-12-17
7192,2023-12-17 22:00:00,False,22:00:00,2023-12-17
7193,2023-12-17 22:15:00,False,22:15:00,2023-12-17
7194,2023-12-17 22:30:00,False,22:30:00,2023-12-17
7195,2023-12-17 22:45:00,False,22:45:00,2023-12-17
7196,2023-12-17 23:00:00,False,23:00:00,2023-12-17
7197,2023-12-17 23:15:00,False,23:15:00,2023-12-17
7198,2023-12-17 23:30:00,False,23:30:00,2023-12-17
7199,2023-12-17 23:45:00,False,23:45:00,2023-12-17
7200,2023-12-18 00:00:00,False,00:00:00,2023-12-18
7201,2023-12-18 00:15:00,False,00:15:00,2023-12-18
7202,2023-12-18 00:30:00,False,00:30:00,2023-12-18
7203,2023-12-18 00:45:00,False,00:45:00,2023-12-18
7204,2023-12-18 01:00:00,False,01:00:00,2023-12-18
7205,2023-12-18 01:15:00,False,01:15:00,2023-12-18
7206,2023-12-18 01:30:00,False,01:30:00,2023-12-18
7207,2023-12-18 01:45:00,False,01:45:00,2023-12-18
7208,2023-12-18 02:00:00,False,02:00:00,2023-12-18
7209,2023-12-18 02:15:00,False,02:15:00,2023-12-18
7210,2023-12-18 02:30:00,False,02:30:00,2023-12-18
7211,2023-12-18 02:45:00,False,02:45:00,2023-12-18
7212,2023-12-18 03:00:00,False,03:00:00,2023-12-18
7213,2023-12-18 03:15:00,False,03:15:00,2023-12-18
7214,2023-12-18 03:30:00,False,03:30:00,2023-12-18
7215,2023-12-18 03:45:00,False,03:45:00,2023-12-18
7216,2023-12-18 04:00:00,False,04:00:00,2023-12-18
7217,2023-12-18 04:15:00,False,04:15:00,2023-12-18
7218,2023-12-18 04:30:00,False,04:30:00,2023-12-18
7219,2023-12-18 04:45:00,False,04:45:00,2023-12-18
7220,2023-12-18 05:00:00,False,05:00:00,2023-12-18
7221,2023-12-18 05:15:00,False,05:15:00,2023-12-18
7222,2023-12-18 05:30:00,False,05:30:00,2023-12-18
7223,2023-12-18 05:45:00,False,05:45:00,2023-12-18
7224,2023-12-18 06:00:00,False,06:00:00,2023-12-18
7225,2023-12-18 06:15:00,False,06:15:00,2023-12-18
7226,2023-12-18 06:30:00,False,06:30:00,2023-12-18
7227,2023-12-18 06:45:00,False,06:45:00,2023-12-18
7228,2023-12-18 07:00:00,False,07:00:00,2023-12-18
7229,2023-12-18 07:15:00,False,07:15:00,2023-12-18
7230,2023-12-18 07:30:00,False,07:30:00,2023-12-18
7231,2023-12-18 07:45:00,False,07:45:00,2023-12-18
7232,2023-12-18 08:00:00,False,08:00:00,2023-12-18
7233,2023-12-18 08:15:00,False,08:15:00,2023-12-18
7234,2023-12-18 08:30:00,False,08:30:00,2023-12-18
7235,2023-12-18 08:45:00,False,08:45:00,2023-12-18
7236,2023-12-18 09:00:00,False,09:00:00,2023-12-18
7237,2023-12-18 09:15:00,False,09:15:00,2023-12-18
7238,2023-12-18 09:30:00,False,09:30:00,2023-12-18
7239,2023-12-18 09:45:00,True,09:45:00,2023-12-18
7240,2023-12-18 10:00:00,True,10:00:00,2023-12-18
7241,2023-12-18 10:15:00,False,10:15:00,2023-12-18
7242,2023-12-18 10:30:00,False,10:30:00,2023-12-18
7243,2023-12-18 10:45:00,False,10:45:00,2023-12-18
7244,2023-12-18 11:00:00,False,11:00:00,2023-12-18
7245,2023-12-18 11:15:00,False,11:15:00,2023-12-18
7246,2023-12-18 11:30:00,False,11:30:00,2023-12-18
7247,2023-12-18 11:45:00,False,11:45:00,2023-12-18
7248,2023-12-18 12:00:00,False,12:00:00,2023-12-18
7249,2023-12-18 12:15:00,False,12:15:00,2023-12-18
7250,2023-12-18 12:30:00,False,12:30:00,2023-12-18
7251,2023-12-18 12:45:00,False,12:45:00,2023-12-18
7252,2023-12-18 13:00:00,False,13:00:00,2023-12-18
7253,2023-12-18 13:15:00,False,13:15:00,2023-12-18
7254,2023-12-18 13:30:00,False,13:30:00,2023-12-18
7255,2023-12-18 13:45:00,False,13:45:00,2023-12-18
7256,2023-12-18 14:00:00,False,14:00:00,2023-12-18
7257,2023-12-18 14:15:00,False,14:15:00,2023-12-18
7258,2023-12-18 14:30:00,False,14:30:00,2023-12-18
7259,2023-12-18 14:45:00,False,14:45:00,2023-12-18
7260,2023-12-18 15:00:00,False,15:00:00,2023-12-18
7261,2023-12-18 15:15:00,False,15:15:00,2023-12-18
7262,2023-12-18 15:30:00,False,15:30:00,2023-12-18
7263,2023-12-18 15:45:00,False,15:45:00,2023-12-18
7264,2023-12-18 16:00:00,False,16:00:00,2023-12-18
7265,2023-12-18 16:15:00,False,16:15:00,2023-12-18
7266,2023-12-18 16:30:00,False,16:30:00,2023-12-18
7267,2023-12-18 16:45:00,False,16:45:00,2023-12-18
7268,2023-12-18 17:00:00,False,17:00:00,2023-12-18
7269,2023-12-18 17:15:00,False,17:15:00,2023-12-18
7270,2023-12-18 17:30:00,False,17:30:00,2023-12-18
7271,2023-12-18 17:45:00,False,17:45:00,2023-12-18
7272,2023-12-18 18:00:00,False,18:00:00,2023-12-18
7273,2023-12-18 18:15:00,False,18:15:00,2023-12-18
7274,2023-12-18 18:30:00,False,18:30:00,2023-12-18
7275,2023-12-18 18:45:00,False,18:45:00,2023-12-18
7276,2023-12-18 19:00:00,False,19:00:00,2023-12-18
7277,2023-12-18 19:15:00,False,19:15:00,2023-12-18
7278,2023-12-18 19:30:00,False,19:30:00,2023-12-18
7279,2023-12-18 19:45:00,False,19:45:00,2023-12-18
7280,2023-12-18 20:00:00,False,20:00:00,2023-12-18
7281,2023-12-18 20:15:00,False,20:15:00,2023-12-18
7282,2023-12-18 20:30:00,False,20:30:00,2023-12-18
7283,2023-12-18 20:45:00,False,20:45:00,2023-12-18
7284,2023-12-18 21:00:00,False,21:00:00,2023-12-18
7285,2023-12-18 21:15:00,False,21:15:00,2023-12-18
7286,2023-12-18 21:30:00,True,21:30:00,2023-12-18
7287,2023-12-18 21:45:00,True,21:45:00,2023-12-18
7288,2023-12-18 22:00:00,False,22:00:00,2023-12-18
7289,2023-12-18 22:15:00,False,22:15:00,2023-12-18
7290,2023-12-18 22:30:00,False,22:30:00,2023-12-18
7291,2023-12-18 22:45:00,False,22:45:00,2023-12-18
7292,2023-12-18 23:00:00,False,23:00:00,2023-12-18
7293,2023-12-18 23:15:00,False,23:15:00,2023-12-18
7294,2023-12-18 23:30:00,False,23:30:00,2023-12-18
7295,2023-12-18 23:45:00,False,23:45:00,2023-12-18
7296,2023-12-19 00:00:00,False,00:00:00,2023-12-19
7297,2023-12-19 00:15:00,False,00:15:00,2023-12-19
7298,2023-12-19 00:30:00,False,00:30:00,2023-12-19
7299,2023-12-19 00:45:00,False,00:45:00,2023-12-19
7300,2023-12-19 01:00:00,False,01:00:00,2023-12-19
7301,2023-12-19 01:15:00,False,01:15:00,2023-12-19
7302,2023-12-19 01:30:00,False,01:30:00,2023-12-19
7303,2023-12-19 01:45:00,False,01:45:00,2023-12-19
7304,2023-12-19 02:00:00,False,02:00:00,2023-12-19
7305,2023-12-19 02:15:00,False,02:15:00,2023-12-19
7306,2023-12-19 02:30:00,False,02:30:00,2023-12-19
7307,2023-12-19 02:45:00,False,02:45:00,2023-12-19
7308,2023-12-19 03:00:00,False,03:00:00,2023-12-19
7309,2023-12-19 03:15:00,False,03:15:00,2023-12-19
7310,2023-12-19 03:30:00,False,03:30:00,2023-12-19
7311,2023-12-19 03:45:00,False,03:45:00,2023-12-19
7312,2023-12-19 04:00:00,False,04:00:00,2023-12-19
7313,2023-12-19 04:15:00,False,04:15:00,2023-12-19
7314,2023-12-19 04:30:00,False,04:30:00,2023-12-19
7315,2023-12-19 04:45:00,False,04:45:00,2023-12-19
7316,2023-12-19 05:00:00,False,05:00:00,2023-12-19
7317,2023-12-19 05:15:00,False,05:15:00,2023-12-19
7318,2023-12-19 05:30:00,False,05:30:00,2023-12-19
7319,2023-12-19 05:45:00,False,05:45:00,2023-12-19
7320,2023-12-19 06:00:00,False,06:00:00,2023-12-19
7321,2023-12-19 06:15:00,False,06:15:00,2023-12-19
7322,2023-12-19 06:30:00,False,06:30:00,2023-12-19
7323,2023-12-19 06:45:00,False,06:45:00,2023-12-19
7324,2023-12-19 07:00:00,False,07:00:00,2023-12-19
7325,2023-12-19 07:15:00,False,07:15:00,2023-12-19
7326,2023-12-19 07:30:00,False,07:30:00,2023-12-19
7327,2023-12-19 07:45:00,False,07:45:00,2023-12-19
7328,2023-12-19 08:00:00,False,08:00:00,2023-12-19
7329,2023-12-19 08:15:00,False,08:15:00,2023-12-19
7330,2023-12-19 08:30:00,False,08:30:00,2023-12-19
7331,2023-12-19 08:45:00,False,08:45:00,2023-12-19
7332,2023-12-19 09:00:00,False,09:00:00,2023-12-19
7333,2023-12-19 09:15:00,False,09:15:00,2023-12-19
7334,2023-12-19 09:30:00,False,09:30:00,2023-12-19
7335,2023-12-19 09:45:00,False,09:45:00,2023-12-19
7336,2023-12-19 10:00:00,False,10:00:00,2023-12-19
7337,2023-12-19 10:15:00,False,10:15:00,2023-12-19
7338,2023-12-19 10:30:00,False,10:30:00,2023-12-19
7339,2023-12-19 10:45:00,False,10:45:00,2023-12-19
7340,2023-12-19 11:00:00,False,11:00:00,2023-12-19
7341,2023-12-19 11:15:00,False,11:15:00,2023-12-19
7342,2023-12-19 11:30:00,False,11:30:00,2023-12-19
7343,2023-12-19 11:45:00,False,11:45:00,2023-12-19
7344,2023-12-19 12:00:00,False,12:00:00,2023-12-19
7345,2023-12-19 12:15:00,False,12:15:00,2023-12-19
7346,2023-12-19 12:30:00,False,12:30:00,2023-12-19
7347,2023-12-19 12:45:00,False,12:45:00,2023-12-19
7348,2023-12-19 13:00:00,False,13:00:00,2023-12-19
7349,2023-12-19 13:15:00,False,13:15:00,2023-12-19
7350,2023-12-19 13:30:00,False,13:30:00,2023-12-19
7351,2023-12-19 13:45:00,False,13:45:00,2023-12-19
7352,2023-12-19 14:00:00,False,14:00:00,2023-12-19
7353,2023-12-19 14:15:00,False,14:15:00,2023-12-19
7354,2023-12-19 14:30:00,False,14:30:00,2023-12-19
7355,2023-12-19 14:45:00,False,14:45:00,2023-12-19
7356,2023-12-19 15:00:00,False,15:00:00,2023-12-19
7357,2023-12-19 15:15:00,False,15:15:00,2023-12-19
7358,2023-12-19 15:30:00,False,15:30:00,2023-12-19
7359,2023-12-19 15:45:00,False,15:45:00,2023-12-19
7360,2023-12-19 16:00:00,False,16:00:00,2023-12-19
7361,2023-12-19 16:15:00,False,16:15:00,2023-12-19
7362,2023-12-19 16:30:00,False,16:30:00,2023-12-19
7363,2023-12-19 16:45:00,False,16:45:00,2023-12-19
7364,2023-12-19 17:00:00,False,17:00:00,2023-12-19
7365,2023-12-19 17:15:00,False,17:15:00,2023-12-19
7366,2023-12-19 17:30:00,False,17:30:00,2023-12-19
7367,2023-12-19 17:45:00,False,17:45:00,2023-12-19
7368,2023-12-19 18:00:00,False,18:00:00,2023-12-19
7369,2023-12-19 18:15:00,False,18:15:00,2023-12-19
7370,2023-12-19 18:30:00,False,18:30:00,2023-12-19
7371,2023-12-19 18:45:00,False,18:45:00,2023-12-19
7372,2023-12-19 19:00:00,False,19:00:00,2023-12-19
7373,2023-12-19 19:15:00,False,19:15:00,2023-12-19
7374,2023-12-19 19:30:00,False,19:30:00,2023-12-19
7375,2023-12-19 19:45:00,False,19:45:00,2023-12-19
7376,2023-12-19 20:00:00,False,20:00:00,2023-12-19
7377,2023-12-19 20:15:00,False,20:15:00,2023-12-19
7378,2023-12-19 20:30:00,False,20:30:00,2023-12-19
7379,2023-12-19 20:45:00,False,20:45:00,2023-12-19
7380,2023-12-19 21:00:00,False,21:00:00,2023-12-19
7381,2023-12-19 21:15:00,False,21:15:00,2023-12-19
7382,2023-12-19 21:30:00,False,21:30:00,2023-12-19
7383,2023-12-19 21:45:00,False,21:45:00,2023-12-19
7384,2023-12-19 22:00:00,False,22:00:00,2023-12-19
7385,2023-12-19 22:15:00,False,22:15:00,2023-12-19
7386,2023-12-19 22:30:00,False,22:30:00,2023-12-19
7387,2023-12-19 22:45:00,False,22:45:00,2023-12-19
7388,2023-12-19 23:00:00,False,23:00:00,2023-12-19
7389,2023-12-19 23:15:00,False,23:15:00,2023-12-19
7390,2023-12-19 23:30:00,False,23:30:00,2023-12-19
7391,2023-12-19 23:45:00,False,23:45:00,2023-12-19
7392,2023-12-20 00:00:00,False,00:00:00,2023-12-20
7393,2023-12-20 00:15:00,False,00:15:00,2023-12-20
7394,2023-12-20 00:30:00,False,00:30:00,2023-12-20
7395,2023-12-20 00:45:00,False,00:45:00,2023-12-20
7396,2023-12-20 01:00:00,False,01:00:00,2023-12-20
7397,2023-12-20 01:15:00,False,01:15:00,2023-12-20
7398,2023-12-20 01:30:00,False,01:30:00,2023-12-20
7399,2023-12-20 01:45:00,False,01:45:00,2023-12-20
7400,2023-12-20 02:00:00,False,02:00:00,2023-12-20
7401,2023-12-20 02:15:00,False,02:15:00,2023-12-20
7402,2023-12-20 02:30:00,False,02:30:00,2023-12-20
7403,2023-12-20 02:45:00,False,02:45:00,2023-12-20
7404,2023-12-20 03:00:00,False,03:00:00,2023-12-20
7405,2023-12-20 03:15:00,False,03:15:00,2023-12-20
7406,2023-12-20 03:30:00,False,03:30:00,2023-12-20
7407,2023-12-20 03:45:00,False,03:45:00,2023-12-20
7408,2023-12-20 04:00:00,False,04:00:00,2023-12-20
7409,2023-12-20 04:15:00,False,04:15:00,2023-12-20
7410,2023-12-20 04:30:00,False,04:30:00,2023-12-20
7411,2023-12-20 04:45:00,False,04:45:00,2023-12-20
7412,2023-12-20 05:00:00,False,05:00:00,2023-12-20
7413,2023-12-20 05:15:00,False,05:15:00,2023-12-20
7414,2023-12-20 05:30:00,False,05:30:00,2023-12-20
7415,2023-12-20 05:45:00,False,05:45:00,2023-12-20
7416,2023-12-20 06:00:00,False,06:00:00,2023-12-20
7417,2023-12-20 06:15:00,False,06:15:00,2023-12-20
7418,2023-12-20 06:30:00,False,06:30:00,2023-12-20
7419,2023-12-20 06:45:00,False,06:45:00,2023-12-20
7420,2023-12-20 07:00:00,False,07:00:00,2023-12-20
7421,2023-12-20 07:15:00,False,07:15:00,2023-12-20
7422,2023-12-20 07:30:00,False,07:30:00,2023-12-20
7423,2023-12-20 07:45:00,False,07:45:00,2023-12-20
7424,2023-12-20 08:00:00,False,08:00:00,2023-12-20
7425,2023-12-20 08:15:00,False,08:15:00,2023-12-20
7426,2023-12-20 08:30:00,False,08:30:00,2023-12-20
7427,2023-12-20 08:45:00,False,08:45:00,2023-12-20
7428,2023-12-20 09:00:00,False,09:00:00,2023-12-20
7429,2023-12-20 09:15:00,False,09:15:00,2023-12-20
7430,2023-12-20 09:30:00,False,09:30:00,2023-12-20
7431,2023-12-20 09:45:00,False,09:45:00,2023-12-20
7432,2023-12-20 10:00:00,False,10:00:00,2023-12-20
7433,2023-12-20 10:15:00,False,10:15:00,2023-12-20
7434,2023-12-20 10:30:00,False,10:30:00,2023-12-20
7435,2023-12-20 10:45:00,False,10:45:00,2023-12-20
7436,2023-12-20 11:00:00,False,11:00:00,2023-12-20
7437,2023-12-20 11:15:00,False,11:15:00,2023-12-20
7438,2023-12-20 11:30:00,False,11:30:00,2023-12-20
7439,2023-12-20 11:45:00,False,11:45:00,2023-12-20
7440,2023-12-20 12:00:00,False,12:00:00,2023-12-20
7441,2023-12-20 12:15:00,False,12:15:00,2023-12-20
7442,2023-12-20 12:30:00,False,12:30:00,2023-12-20
7443,2023-12-20 12:45:00,False,12:45:00,2023-12-20
7444,2023-12-20 13:00:00,False,13:00:00,2023-12-20
7445,2023-12-20 13:15:00,False,13:15:00,2023-12-20
7446,2023-12-20 13:30:00,False,13:30:00,2023-12-20
7447,2023-12-20 13:45:00,False,13:45:00,2023-12-20
7448,2023-12-20 14:00:00,False,14:00:00,2023-12-20
7449,2023-12-20 14:15:00,False,14:15:00,2023-12-20
7450,2023-12-20 14:30:00,False,14:30:00,2023-12-20
7451,2023-12-20 14:45:00,False,14:45:00,2023-12-20
7452,2023-12-20 15:00:00,False,15:00:00,2023-12-20
7453,2023-12-20 15:15:00,False,15:15:00,2023-12-20
7454,2023-12-20 15:30:00,False,15:30:00,2023-12-20
7455,2023-12-20 15:45:00,False,15:45:00,2023-12-20
7456,2023-12-20 16:00:00,False,16:00:00,2023-12-20
7457,2023-12-20 16:15:00,False,16:15:00,2023-12-20
7458,2023-12-20 16:30:00,False,16:30:00,2023-12-20
7459,2023-12-20 16:45:00,False,16:45:00,2023-12-20
7460,2023-12-20 17:00:00,False,17:00:00,2023-12-20
7461,2023-12-20 17:15:00,False,17:15:00,2023-12-20
7462,2023-12-20 17:30:00,False,17:30:00,2023-12-20
7463,2023-12-20 17:45:00,False,17:45:00,2023-12-20
7464,2023-12-20 18:00:00,False,18:00:00,2023-12-20
7465,2023-12-20 18:15:00,False,18:15:00,2023-12-20
7466,2023-12-20 18:30:00,False,18:30:00,2023-12-20
7467,2023-12-20 18:45:00,False,18:45:00,2023-12-20
7468,2023-12-20 19:00:00,False,19:00:00,2023-12-20
7469,2023-12-20 19:15:00,False,19:15:00,2023-12-20
7470,2023-12-20 19:30:00,False,19:30:00,2023-12-20
7471,2023-12-20 19:45:00,False,19:45:00,2023-12-20
7472,2023-12-20 20:00:00,False,20:00:00,2023-12-20
7473,2023-12-20 20:15:00,False,20:15:00,2023-12-20
7474,2023-12-20 20:30:00,False,20:30:00,2023-12-20
7475,2023-12-20 20:45:00,False,20:45:00,2023-12-20
7476,2023-12-20 21:00:00,False,21:00:00,2023-12-20
7477,2023-12-20 21:15:00,False,21:15:00,2023-12-20
7478,2023-12-20 21:30:00,False,21:30:00,2023-12-20
7479,2023-12-20 21:45:00,False,21:45:00,2023-12-20
7480,2023-12-20 22:00:00,False,22:00:00,2023-12-20
7481,2023-12-20 22:15:00,False,22:15:00,2023-12-20
7482,2023-12-20 22:30:00,False,22:30:00,2023-12-20
7483,2023-12-20 22:45:00,False,22:45:00,2023-12-20
7484,2023-12-20 23:00:00,False,23:00:00,2023-12-20
7485,2023-12-20 23:15:00,False,23:15:00,2023-12-20
7486,2023-12-20 23:30:00,False,23:30:00,2023-12-20
7487,2023-12-20 23:45:00,False,23:45:00,2023-12-20
7488,2023-12-21 00:00:00,False,00:00:00,2023-12-21
7489,2023-12-21 00:15:00,False,00:15:00,2023-12-21
7490,2023-12-21 00:30:00,False,00:30:00,2023-12-21
7491,2023-12-21 00:45:00,False,00:45:00,2023-12-21
7492,2023-12-21 01:00:00,False,01:00:00,2023-12-21
7493,2023-12-21 01:15:00,False,01:15:00,2023-12-21
7494,2023-12-21 01:30:00,False,01:30:00,2023-12-21
7495,2023-12-21 01:45:00,False,01:45:00,2023-12-21
7496,2023-12-21 02:00:00,False,02:00:00,2023-12-21
7497,2023-12-21 02:15:00,False,02:15:00,2023-12-21
7498,2023-12-21 02:30:00,False,02:30:00,2023-12-21
7499,2023-12-21 02:45:00,False,02:45:00,2023-12-21
7500,2023-12-21 03:00:00,False,03:00:00,2023-12-21
7501,2023-12-21 03:15:00,False,03:15:00,2023-12-21
7502,2023-12-21 03:30:00,False,03:30:00,2023-12-21
7503,2023-12-21 03:45:00,False,03:45:00,2023-12-21
7504,2023-12-21 04:00:00,False,04:00:00,2023-12-21
7505,2023-12-21 04:15:00,False,04:15:00,2023-12-21
7506,2023-12-21 04:30:00,False,04:30:00,2023-12-21
7507,2023-12-21 04:45:00,False,04:45:00,2023-12-21
7508,2023-12-21 05:00:00,False,05:00:00,2023-12-21
7509,2023-12-21 05:15:00,False,05:15:00,2023-12-21
7510,2023-12-21 05:30:00,False,05:30:00,2023-12-21
7511,2023-12-21 05:45:00,False,05:45:00,2023-12-21
7512,2023-12-21 06:00:00,False,06:00:00,2023-12-21
7513,2023-12-21 06:15:00,False,06:15:00,2023-12-21
7514,2023-12-21 06:30:00,False,06:30:00,2023-12-21
7515,2023-12-21 06:45:00,False,06:45:00,2023-12-21
7516,2023-12-21 07:00:00,False,07:00:00,2023-12-21
7517,2023-12-21 07:15:00,False,07:15:00,2023-12-21
7518,2023-12-21 07:30:00,False,07:30:00,2023-12-21
7519,2023-12-21 07:45:00,False,07:45:00,2023-12-21
7520,2023-12-21 08:00:00,False,08:00:00,2023-12-21
7521,2023-12-21 08:15:00,False,08:15:00,2023-12-21
7522,2023-12-21 08:30:00,False,08:30:00,2023-12-21
7523,2023-12-21 08:45:00,False,08:45:00,2023-12-21
7524,2023-12-21 09:00:00,False,09:00:00,2023-12-21
7525,2023-12-21 09:15:00,False,09:15:00,2023-12-21
7526,2023-12-21 09:30:00,False,09:30:00,2023-12-21
7527,2023-12-21 09:45:00,False,09:45:00,2023-12-21
7528,2023-12-21 10:00:00,False,10:00:00,2023-12-21
7529,2023-12-21 10:15:00,False,10:15:00,2023-12-21
7530,2023-12-21 10:30:00,False,10:30:00,2023-12-21
7531,2023-12-21 10:45:00,False,10:45:00,2023-12-21
7532,2023-12-21 11:00:00,True,11:00:00,2023-12-21
7533,2023-12-21 11:15:00,False,11:15:00,2023-12-21
7534,2023-12-21 11:30:00,False,11:30:00,2023-12-21
7535,2023-12-21 11:45:00,False,11:45:00,2023-12-21
7536,2023-12-21 12:00:00,False,12:00:00,2023-12-21
7537,2023-12-21 12:15:00,False,12:15:00,2023-12-21
7538,2023-12-21 12:30:00,False,12:30:00,2023-12-21
7539,2023-12-21 12:45:00,False,12:45:00,2023-12-21
7540,2023-12-21 13:00:00,False,13:00:00,2023-12-21
7541,2023-12-21 13:15:00,False,13:15:00,2023-12-21
7542,2023-12-21 13:30:00,False,13:30:00,2023-12-21
7543,2023-12-21 13:45:00,False,13:45:00,2023-12-21
7544,2023-12-21 14:00:00,False,14:00:00,2023-12-21
7545,2023-12-21 14:15:00,False,14:15:00,2023-12-21
7546,2023-12-21 14:30:00,False,14:30:00,2023-12-21
7547,2023-12-21 14:45:00,False,14:45:00,2023-12-21
7548,2023-12-21 15:00:00,False,15:00:00,2023-12-21
7549,2023-12-21 15:15:00,False,15:15:00,2023-12-21
7550,2023-12-21 15:30:00,False,15:30:00,2023-12-21
7551,2023-12-21 15:45:00,False,15:45:00,2023-12-21
7552,2023-12-21 16:00:00,False,16:00:00,2023-12-21
7553,2023-12-21 16:15:00,False,16:15:00,2023-12-21
7554,2023-12-21 16:30:00,False,16:30:00,2023-12-21
7555,2023-12-21 16:45:00,False,16:45:00,2023-12-21
7556,2023-12-21 17:00:00,False,17:00:00,2023-12-21
7557,2023-12-21 17:15:00,False,17:15:00,2023-12-21
7558,2023-12-21 17:30:00,False,17:30:00,2023-12-21
7559,2023-12-21 17:45:00,False,17:45:00,2023-12-21
7560,2023-12-21 18:00:00,False,18:00:00,2023-12-21
7561,2023-12-21 18:15:00,False,18:15:00,2023-12-21
7562,2023-12-21 18:30:00,False,18:30:00,2023-12-21
7563,2023-12-21 18:45:00,False,18:45:00,2023-12-21
7564,2023-12-21 19:00:00,False,19:00:00,2023-12-21
7565,2023-12-21 19:15:00,False,19:15:00,2023-12-21
7566,2023-12-21 19:30:00,False,19:30:00,2023-12-21
7567,2023-12-21 19:45:00,False,19:45:00,2023-12-21
7568,2023-12-21 20:00:00,False,20:00:00,2023-12-21
7569,2023-12-21 20:15:00,False,20:15:00,2023-12-21
7570,2023-12-21 20:30:00,False,20:30:00,2023-12-21
7571,2023-12-21 20:45:00,False,20:45:00,2023-12-21
7572,2023-12-21 21:00:00,False,21:00:00,2023-12-21
7573,2023-12-21 21:15:00,False,21:15:00,2023-12-21
7574,2023-12-21 21:30:00,False,21:30:00,2023-12-21
7575,2023-12-21 21:45:00,False,21:45:00,2023-12-21
7576,2023-12-21 22:00:00,False,22:00:00,2023-12-21
7577,2023-12-21 22:15:00,False,22:15:00,2023-12-21
7578,2023-12-21 22:30:00,False,22:30:00,2023-12-21
7579,2023-12-21 22:45:00,False,22:45:00,2023-12-21
7580,2023-12-21 23:00:00,False,23:00:00,2023-12-21
7581,2023-12-21 23:15:00,False,23:15:00,2023-12-21
7582,2023-12-21 23:30:00,False,23:30:00,2023-12-21
7583,2023-12-21 23:45:00,False,23:45:00,2023-12-21
7584,2023-12-22 00:00:00,False,00:00:00,2023-12-22
7585,2023-12-22 00:15:00,False,00:15:00,2023-12-22
7586,2023-12-22 00:30:00,False,00:30:00,2023-12-22
7587,2023-12-22 00:45:00,False,00:45:00,2023-12-22
7588,2023-12-22 01:00:00,False,01:00:00,2023-12-22
7589,2023-12-22 01:15:00,False,01:15:00,2023-12-22
7590,2023-12-22 01:30:00,False,01:30:00,2023-12-22
7591,2023-12-22 01:45:00,False,01:45:00,2023-12-22
7592,2023-12-22 02:00:00,False,02:00:00,2023-12-22
7593,2023-12-22 02:15:00,False,02:15:00,2023-12-22
7594,2023-12-22 02:30:00,False,02:30:00,2023-12-22
7595,2023-12-22 02:45:00,False,02:45:00,2023-12-22
7596,2023-12-22 03:00:00,False,03:00:00,2023-12-22
7597,2023-12-22 03:15:00,False,03:15:00,2023-12-22
7598,2023-12-22 03:30:00,False,03:30:00,2023-12-22
7599,2023-12-22 03:45:00,False,03:45:00,2023-12-22
7600,2023-12-22 04:00:00,False,04:00:00,2023-12-22
7601,2023-12-22 04:15:00,False,04:15:00,2023-12-22
7602,2023-12-22 04:30:00,False,04:30:00,2023-12-22
7603,2023-12-22 04:45:00,False,04:45:00,2023-12-22
7604,2023-12-22 05:00:00,False,05:00:00,2023-12-22
7605,2023-12-22 05:15:00,False,05:15:00,2023-12-22
7606,2023-12-22 05:30:00,False,05:30:00,2023-12-22
7607,2023-12-22 05:45:00,False,05:45:00,2023-12-22
7608,2023-12-22 06:00:00,False,06:00:00,2023-12-22
7609,2023-12-22 06:15:00,False,06:15:00,2023-12-22
7610,2023-12-22 06:30:00,False,06:30:00,2023-12-22
7611,2023-12-22 06:45:00,False,06:45:00,2023-12-22
7612,2023-12-22 07:00:00,False,07:00:00,2023-12-22
7613,2023-12-22 07:15:00,False,07:15:00,2023-12-22
7614,2023-12-22 07:30:00,False,07:30:00,2023-12-22
7615,2023-12-22 07:45:00,False,07:45:00,2023-12-22
7616,2023-12-22 08:00:00,False,08:00:00,2023-12-22
7617,2023-12-22 08:15:00,False,08:15:00,2023-12-22
7618,2023-12-22 08:30:00,False,08:30:00,2023-12-22
7619,2023-12-22 08:45:00,False,08:45:00,2023-12-22
7620,2023-12-22 09:00:00,False,09:00:00,2023-12-22
7621,2023-12-22 09:15:00,False,09:15:00,2023-12-22
7622,2023-12-22 09:30:00,False,09:30:00,2023-12-22
7623,2023-12-22 09:45:00,False,09:45:00,2023-12-22
7624,2023-12-22 10:00:00,False,10:00:00,2023-12-22
7625,2023-12-22 10:15:00,False,10:15:00,2023-12-22
7626,2023-12-22 10:30:00,False,10:30:00,2023-12-22
7627,2023-12-22 10:45:00,False,10:45:00,2023-12-22
7628,2023-12-22 11:00:00,False,11:00:00,2023-12-22
7629,2023-12-22 11:15:00,False,11:15:00,2023-12-22
7630,2023-12-22 11:30:00,False,11:30:00,2023-12-22
7631,2023-12-22 11:45:00,False,11:45:00,2023-12-22
7632,2023-12-22 12:00:00,False,12:00:00,2023-12-22
7633,2023-12-22 12:15:00,False,12:15:00,2023-12-22
7634,2023-12-22 12:30:00,False,12:30:00,2023-12-22
7635,2023-12-22 12:45:00,False,12:45:00,2023-12-22
7636,2023-12-22 13:00:00,False,13:00:00,2023-12-22
7637,2023-12-22 13:15:00,False,13:15:00,2023-12-22
7638,2023-12-22 13:30:00,False,13:30:00,2023-12-22
7639,2023-12-22 13:45:00,False,13:45:00,2023-12-22
7640,2023-12-22 14:00:00,False,14:00:00,2023-12-22
7641,2023-12-22 14:15:00,False,14:15:00,2023-12-22
7642,2023-12-22 14:30:00,False,14:30:00,2023-12-22
7643,2023-12-22 14:45:00,False,14:45:00,2023-12-22
7644,2023-12-22 15:00:00,False,15:00:00,2023-12-22
7645,2023-12-22 15:15:00,False,15:15:00,2023-12-22
7646,2023-12-22 15:30:00,False,15:30:00,2023-12-22
7647,2023-12-22 15:45:00,False,15:45:00,2023-12-22
7648,2023-12-22 16:00:00,False,16:00:00,2023-12-22
7649,2023-12-22 16:15:00,False,16:15:00,2023-12-22
7650,2023-12-22 16:30:00,False,16:30:00,2023-12-22
7651,2023-12-22 16:45:00,False,16:45:00,2023-12-22
7652,2023-12-22 17:00:00,False,17:00:00,2023-12-22
7653,2023-12-22 17:15:00,False,17:15:00,2023-12-22
7654,2023-12-22 17:30:00,False,17:30:00,2023-12-22
7655,2023-12-22 17:45:00,False,17:45:00,2023-12-22
7656,2023-12-22 18:00:00,False,18:00:00,2023-12-22
7657,2023-12-22 18:15:00,False,18:15:00,2023-12-22
7658,2023-12-22 18:30:00,False,18:30:00,2023-12-22
7659,2023-12-22 18:45:00,False,18:45:00,2023-12-22
7660,2023-12-22 19:00:00,False,19:00:00,2023-12-22
7661,2023-12-22 19:15:00,False,19:15:00,2023-12-22
7662,2023-12-22 19:30:00,False,19:30:00,2023-12-22
7663,2023-12-22 19:45:00,True,19:45:00,2023-12-22
7664,2023-12-22 20:00:00,True,20:00:00,2023-12-22
7665,2023-12-22 20:15:00,False,20:15:00,2023-12-22
7666,2023-12-22 20:30:00,False,20:30:00,2023-12-22
7667,2023-12-22 20:45:00,False,20:45:00,2023-12-22
7668,2023-12-22 21:00:00,False,21:00:00,2023-12-22
7669,2023-12-22 21:15:00,False,21:15:00,2023-12-22
7670,2023-12-22 21:30:00,False,21:30:00,2023-12-22
7671,2023-12-22 21:45:00,False,21:45:00,2023-12-22
7672,2023-12-22 22:00:00,False,22:00:00,2023-12-22
7673,2023-12-22 22:15:00,False,22:15:00,2023-12-22
7674,2023-12-22 22:30:00,False,22:30:00,2023-12-22
7675,2023-12-22 22:45:00,False,22:45:00,2023-12-22
7676,2023-12-22 23:00:00,False,23:00:00,2023-12-22
7677,2023-12-22 23:15:00,False,23:15:00,2023-12-22
7678,2023-12-22 23:30:00,False,23:30:00,2023-12-22
7679,2023-12-22 23:45:00,False,23:45:00,2023-12-22
7680,2023-12-23 00:00:00,False,00:00:00,2023-12-23
7681,2023-12-23 00:15:00,False,00:15:00,2023-12-23
7682,2023-12-23 00:30:00,False,00:30:00,2023-12-23
7683,2023-12-23 00:45:00,False,00:45:00,2023-12-23
7684,2023-12-23 01:00:00,False,01:00:00,2023-12-23
7685,2023-12-23 01:15:00,False,01:15:00,2023-12-23
7686,2023-12-23 01:30:00,False,01:30:00,2023-12-23
7687,2023-12-23 01:45:00,False,01:45:00,2023-12-23
7688,2023-12-23 02:00:00,False,02:00:00,2023-12-23
7689,2023-12-23 02:15:00,False,02:15:00,2023-12-23
7690,2023-12-23 02:30:00,False,02:30:00,2023-12-23
7691,2023-12-23 02:45:00,False,02:45:00,2023-12-23
7692,2023-12-23 03:00:00,False,03:00:00,2023-12-23
7693,2023-12-23 03:15:00,False,03:15:00,2023-12-23
7694,2023-12-23 03:30:00,False,03:30:00,2023-12-23
7695,2023-12-23 03:45:00,False,03:45:00,2023-12-23
7696,2023-12-23 04:00:00,False,04:00:00,2023-12-23
7697,2023-12-23 04:15:00,False,04:15:00,2023-12-23
7698,2023-12-23 04:30:00,False,04:30:00,2023-12-23
7699,2023-12-23 04:45:00,False,04:45:00,2023-12-23
7700,2023-12-23 05:00:00,False,05:00:00,2023-12-23
7701,2023-12-23 05:15:00,False,05:15:00,2023-12-23
7702,2023-12-23 05:30:00,False,05:30:00,2023-12-23
7703,2023-12-23 05:45:00,False,05:45:00,2023-12-23
7704,2023-12-23 06:00:00,False,06:00:00,2023-12-23
7705,2023-12-23 06:15:00,False,06:15:00,2023-12-23
7706,2023-12-23 06:30:00,False,06:30:00,2023-12-23
7707,2023-12-23 06:45:00,False,06:45:00,2023-12-23
7708,2023-12-23 07:00:00,False,07:00:00,2023-12-23
7709,2023-12-23 07:15:00,False,07:15:00,2023-12-23
7710,2023-12-23 07:30:00,False,07:30:00,2023-12-23
7711,2023-12-23 07:45:00,False,07:45:00,2023-12-23
7712,2023-12-23 08:00:00,False,08:00:00,2023-12-23
7713,2023-12-23 08:15:00,False,08:15:00,2023-12-23
7714,2023-12-23 08:30:00,False,08:30:00,2023-12-23
7715,2023-12-23 08:45:00,False,08:45:00,2023-12-23
7716,2023-12-23 09:00:00,False,09:00:00,2023-12-23
7717,2023-12-23 09:15:00,False,09:15:00,2023-12-23
7718,2023-12-23 09:30:00,False,09:30:00,2023-12-23
7719,2023-12-23 09:45:00,False,09:45:00,2023-12-23
7720,2023-12-23 10:00:00,False,10:00:00,2023-12-23
7721,2023-12-23 10:15:00,False,10:15:00,2023-12-23
7722,2023-12-23 10:30:00,False,10:30:00,2023-12-23
7723,2023-12-23 10:45:00,False,10:45:00,2023-12-23
7724,2023-12-23 11:00:00,False,11:00:00,2023-12-23
7725,2023-12-23 11:15:00,False,11:15:00,2023-12-23
7726,2023-12-23 11:30:00,False,11:30:00,2023-12-23
7727,2023-12-23 11:45:00,False,11:45:00,2023-12-23
7728,2023-12-23 12:00:00,False,12:00:00,2023-12-23
7729,2023-12-23 12:15:00,False,12:15:00,2023-12-23
7730,2023-12-23 12:30:00,False,12:30:00,2023-12-23
7731,2023-12-23 12:45:00,False,12:45:00,2023-12-23
7732,2023-12-23 13:00:00,False,13:00:00,2023-12-23
7733,2023-12-23 13:15:00,False,13:15:00,2023-12-23
7734,2023-12-23 13:30:00,False,13:30:00,2023-12-23
7735,2023-12-23 13:45:00,False,13:45:00,2023-12-23
7736,2023-12-23 14:00:00,False,14:00:00,2023-12-23
7737,2023-12-23 14:15:00,False,14:15:00,2023-12-23
7738,2023-12-23 14:30:00,False,14:30:00,2023-12-23
7739,2023-12-23 14:45:00,False,14:45:00,2023-12-23
7740,2023-12-23 15:00:00,False,15:00:00,2023-12-23
7741,2023-12-23 15:15:00,False,15:15:00,2023-12-23
7742,2023-12-23 15:30:00,False,15:30:00,2023-12-23
7743,2023-12-23 15:45:00,False,15:45:00,2023-12-23
7744,2023-12-23 16:00:00,False,16:00:00,2023-12-23
7745,2023-12-23 16:15:00,False,16:15:00,2023-12-23
7746,2023-12-23 16:30:00,False,16:30:00,2023-12-23
7747,2023-12-23 16:45:00,False,16:45:00,2023-12-23
7748,2023-12-23 17:00:00,False,17:00:00,2023-12-23
7749,2023-12-23 17:15:00,False,17:15:00,2023-12-23
7750,2023-12-23 17:30:00,False,17:30:00,2023-12-23
7751,2023-12-23 17:45:00,False,17:45:00,2023-12-23
7752,2023-12-23 18:00:00,False,18:00:00,2023-12-23
7753,2023-12-23 18:15:00,False,18:15:00,2023-12-23
7754,2023-12-23 18:30:00,False,18:30:00,2023-12-23
7755,2023-12-23 18:45:00,False,18:45:00,2023-12-23
7756,2023-12-23 19:00:00,False,19:00:00,2023-12-23
7757,2023-12-23 19:15:00,False,19:15:00,2023-12-23
7758,2023-12-23 19:30:00,False,19:30:00,2023-12-23
7759,2023-12-23 19:45:00,False,19:45:00,2023-12-23
7760,2023-12-23 20:00:00,False,20:00:00,2023-12-23
7761,2023-12-23 20:15:00,False,20:15:00,2023-12-23
7762,2023-12-23 20:30:00,False,20:30:00,2023-12-23
7763,2023-12-23 20:45:00,False,20:45:00,2023-12-23
7764,2023-12-23 21:00:00,False,21:00:00,2023-12-23
7765,2023-12-23 21:15:00,False,21:15:00,2023-12-23
7766,2023-12-23 21:30:00,False,21:30:00,2023-12-23
7767,2023-12-23 21:45:00,False,21:45:00,2023-12-23
7768,2023-12-23 22:00:00,False,22:00:00,2023-12-23
7769,2023-12-23 22:15:00,False,22:15:00,2023-12-23
7770,2023-12-23 22:30:00,False,22:30:00,2023-12-23
7771,2023-12-23 22:45:00,False,22:45:00,2023-12-23
7772,2023-12-23 23:00:00,False,23:00:00,2023-12-23
7773,2023-12-23 23:15:00,False,23:15:00,2023-12-23
7774,2023-12-23 23:30:00,False,23:30:00,2023-12-23
7775,2023-12-23 23:45:00,False,23:45:00,2023-12-23
7776,2023-12-24 00:00:00,False,00:00:00,2023-12-24
7777,2023-12-24 00:15:00,False,00:15:00,2023-12-24
7778,2023-12-24 00:30:00,False,00:30:00,2023-12-24
7779,2023-12-24 00:45:00,False,00:45:00,2023-12-24
7780,2023-12-24 01:00:00,False,01:00:00,2023-12-24
7781,2023-12-24 01:15:00,False,01:15:00,2023-12-24
7782,2023-12-24 01:30:00,False,01:30:00,2023-12-24
7783,2023-12-24 01:45:00,False,01:45:00,2023-12-24
7784,2023-12-24 02:00:00,False,02:00:00,2023-12-24
7785,2023-12-24 02:15:00,False,02:15:00,2023-12-24
7786,2023-12-24 02:30:00,False,02:30:00,2023-12-24
7787,2023-12-24 02:45:00,False,02:45:00,2023-12-24
7788,2023-12-24 03:00:00,False,03:00:00,2023-12-24
7789,2023-12-24 03:15:00,False,03:15:00,2023-12-24
7790,2023-12-24 03:30:00,False,03:30:00,2023-12-24
7791,2023-12-24 03:45:00,False,03:45:00,2023-12-24
7792,2023-12-24 04:00:00,False,04:00:00,2023-12-24
7793,2023-12-24 04:15:00,False,04:15:00,2023-12-24
7794,2023-12-24 04:30:00,False,04:30:00,2023-12-24
7795,2023-12-24 04:45:00,False,04:45:00,2023-12-24
7796,2023-12-24 05:00:00,False,05:00:00,2023-12-24
7797,2023-12-24 05:15:00,False,05:15:00,2023-12-24
7798,2023-12-24 05:30:00,False,05:30:00,2023-12-24
7799,2023-12-24 05:45:00,False,05:45:00,2023-12-24
7800,2023-12-24 06:00:00,False,06:00:00,2023-12-24
7801,2023-12-24 06:15:00,False,06:15:00,2023-12-24
7802,2023-12-24 06:30:00,False,06:30:00,2023-12-24
7803,2023-12-24 06:45:00,False,06:45:00,2023-12-24
7804,2023-12-24 07:00:00,False,07:00:00,2023-12-24
7805,2023-12-24 07:15:00,False,07:15:00,2023-12-24
7806,2023-12-24 07:30:00,False,07:30:00,2023-12-24
7807,2023-12-24 07:45:00,False,07:45:00,2023-12-24
7808,2023-12-24 08:00:00,False,08:00:00,2023-12-24
7809,2023-12-24 08:15:00,False,08:15:00,2023-12-24
7810,2023-12-24 08:30:00,False,08:30:00,2023-12-24
7811,2023-12-24 08:45:00,False,08:45:00,2023-12-24
7812,2023-12-24 09:00:00,False,09:00:00,2023-12-24
7813,2023-12-24 09:15:00,False,09:15:00,2023-12-24
7814,2023-12-24 09:30:00,False,09:30:00,2023-12-24
7815,2023-12-24 09:45:00,False,09:45:00,2023-12-24
7816,2023-12-24 10:00:00,False,10:00:00,2023-12-24
7817,2023-12-24 10:15:00,False,10:15:00,2023-12-24
7818,2023-12-24 10:30:00,False,10:30:00,2023-12-24
7819,2023-12-24 10:45:00,False,10:45:00,2023-12-24
7820,2023-12-24 11:00:00,False,11:00:00,2023-12-24
7821,2023-12-24 11:15:00,False,11:15:00,2023-12-24
7822,2023-12-24 11:30:00,False,11:30:00,2023-12-24
7823,2023-12-24 11:45:00,False,11:45:00,2023-12-24
7824,2023-12-24 12:00:00,False,12:00:00,2023-12-24
7825,2023-12-24 12:15:00,True,12:15:00,2023-12-24
7826,2023-12-24 12:30:00,False,12:30:00,2023-12-24
7827,2023-12-24 12:45:00,False,12:45:00,2023-12-24
7828,2023-12-24 13:00:00,False,13:00:00,2023-12-24
7829,2023-12-24 13:15:00,False,13:15:00,2023-12-24
7830,2023-12-24 13:30:00,False,13:30:00,2023-12-24
7831,2023-12-24 13:45:00,False,13:45:00,2023-12-24
7832,2023-12-24 14:00:00,False,14:00:00,2023-12-24
7833,2023-12-24 14:15:00,False,14:15:00,2023-12-24
7834,2023-12-24 14:30:00,False,14:30:00,2023-12-24
7835,2023-12-24 14:45:00,False,14:45:00,2023-12-24
7836,2023-12-24 15:00:00,False,15:00:00,2023-12-24
7837,2023-12-24 15:15:00,False,15:15:00,2023-12-24
7838,2023-12-24 15:30:00,False,15:30:00,2023-12-24
7839,2023-12-24 15:45:00,False,15:45:00,2023-12-24
7840,2023-12-24 16:00:00,False,16:00:00,2023-12-24
7841,2023-12-24 16:15:00,False,16:15:00,2023-12-24
7842,2023-12-24 16:30:00,False,16:30:00,2023-12-24
7843,2023-12-24 16:45:00,False,16:45:00,2023-12-24
7844,2023-12-24 17:00:00,False,17:00:00,2023-12-24
7845,2023-12-24 17:15:00,False,17:15:00,2023-12-24
7846,2023-12-24 17:30:00,False,17:30:00,2023-12-24
7847,2023-12-24 17:45:00,False,17:45:00,2023-12-24
7848,2023-12-24 18:00:00,False,18:00:00,2023-12-24
7849,2023-12-24 18:15:00,False,18:15:00,2023-12-24
7850,2023-12-24 18:30:00,False,18:30:00,2023-12-24
7851,2023-12-24 18:45:00,False,18:45:00,2023-12-24
7852,2023-12-24 19:00:00,False,19:00:00,2023-12-24
7853,2023-12-24 19:15:00,False,19:15:00,2023-12-24
7854,2023-12-24 19:30:00,False,19:30:00,2023-12-24
7855,2023-12-24 19:45:00,False,19:45:00,2023-12-24
7856,2023-12-24 20:00:00,False,20:00:00,2023-12-24
7857,2023-12-24 20:15:00,False,20:15:00,2023-12-24
7858,2023-12-24 20:30:00,False,20:30:00,2023-12-24
7859,2023-12-24 20:45:00,False,20:45:00,2023-12-24
7860,2023-12-24 21:00:00,False,21:00:00,2023-12-24
7861,2023-12-24 21:15:00,False,21:15:00,2023-12-24
7862,2023-12-24 21:30:00,False,21:30:00,2023-12-24
7863,2023-12-24 21:45:00,False,21:45:00,2023-12-24
7864,2023-12-24 22:00:00,False,22:00:00,2023-12-24
7865,2023-12-24 22:15:00,False,22:15:00,2023-12-24
7866,2023-12-24 22:30:00,False,22:30:00,2023-12-24
7867,2023-12-24 22:45:00,False,22:45:00,2023-12-24
7868,2023-12-24 23:00:00,False,23:00:00,2023-12-24
7869,2023-12-24 23:15:00,False,23:15:00,2023-12-24
7870,2023-12-24 23:30:00,False,23:30:00,2023-12-24
7871,2023-12-24 23:45:00,False,23:45:00,2023-12-24
7872,2023-12-25 00:00:00,False,00:00:00,2023-12-25
7873,2023-12-25 00:15:00,False,00:15:00,2023-12-25
7874,2023-12-25 00:30:00,False,00:30:00,2023-12-25
7875,2023-12-25 00:45:00,False,00:45:00,2023-12-25
7876,2023-12-25 01:00:00,False,01:00:00,2023-12-25
7877,2023-12-25 01:15:00,False,01:15:00,2023-12-25
7878,2023-12-25 01:30:00,False,01:30:00,2023-12-25
7879,2023-12-25 01:45:00,False,01:45:00,2023-12-25
7880,2023-12-25 02:00:00,False,02:00:00,2023-12-25
7881,2023-12-25 02:15:00,False,02:15:00,2023-12-25
7882,2023-12-25 02:30:00,False,02:30:00,2023-12-25
7883,2023-12-25 02:45:00,False,02:45:00,2023-12-25
7884,2023-12-25 03:00:00,False,03:00:00,2023-12-25
7885,2023-12-25 03:15:00,False,03:15:00,2023-12-25
7886,2023-12-25 03:30:00,False,03:30:00,2023-12-25
7887,2023-12-25 03:45:00,False,03:45:00,2023-12-25
7888,2023-12-25 04:00:00,False,04:00:00,2023-12-25
7889,2023-12-25 04:15:00,False,04:15:00,2023-12-25
7890,2023-12-25 04:30:00,False,04:30:00,2023-12-25
7891,2023-12-25 04:45:00,False,04:45:00,2023-12-25
7892,2023-12-25 05:00:00,False,05:00:00,2023-12-25
7893,2023-12-25 05:15:00,False,05:15:00,2023-12-25
7894,2023-12-25 05:30:00,False,05:30:00,2023-12-25
7895,2023-12-25 05:45:00,False,05:45:00,2023-12-25
7896,2023-12-25 06:00:00,False,06:00:00,2023-12-25
7897,2023-12-25 06:15:00,False,06:15:00,2023-12-25
7898,2023-12-25 06:30:00,False,06:30:00,2023-12-25
7899,2023-12-25 06:45:00,False,06:45:00,2023-12-25
7900,2023-12-25 07:00:00,False,07:00:00,2023-12-25
7901,2023-12-25 07:15:00,False,07:15:00,2023-12-25
7902,2023-12-25 07:30:00,True,07:30:00,2023-12-25
7903,2023-12-25 07:45:00,True,07:45:00,2023-12-25
7904,2023-12-25 08:00:00,True,08:00:00,2023-12-25
7905,2023-12-25 08:15:00,True,08:15:00,2023-12-25
7906,2023-12-25 08:30:00,True,08:30:00,2023-12-25
7907,2023-12-25 08:45:00,True,08:45:00,2023-12-25
7908,2023-12-25 09:00:00,True,09:00:00,2023-12-25
7909,2023-12-25 09:15:00,True,09:15:00,2023-12-25
7910,2023-12-25 09:30:00,True,09:30:00,2023-12-25
7911,2023-12-25 09:45:00,True,09:45:00,2023-12-25
7912,2023-12-25 10:00:00,True,10:00:00,2023-12-25
7913,2023-12-25 10:15:00,False,10:15:00,2023-12-25
7914,2023-12-25 10:30:00,False,10:30:00,2023-12-25
7915,2023-12-25 10:45:00,False,10:45:00,2023-12-25
7916,2023-12-25 11:00:00,False,11:00:00,2023-12-25
7917,2023-12-25 11:15:00,False,11:15:00,2023-12-25
7918,2023-12-25 11:30:00,False,11:30:00,2023-12-25
7919,2023-12-25 11:45:00,False,11:45:00,2023-12-25
7920,2023-12-25 12:00:00,False,12:00:00,2023-12-25
7921,2023-12-25 12:15:00,False,12:15:00,2023-12-25
7922,2023-12-25 12:30:00,False,12:30:00,2023-12-25
7923,2023-12-25 12:45:00,False,12:45:00,2023-12-25
7924,2023-12-25 13:00:00,False,13:00:00,2023-12-25
7925,2023-12-25 13:15:00,False,13:15:00,2023-12-25
7926,2023-12-25 13:30:00,False,13:30:00,2023-12-25
7927,2023-12-25 13:45:00,False,13:45:00,2023-12-25
7928,2023-12-25 14:00:00,False,14:00:00,2023-12-25
7929,2023-12-25 14:15:00,False,14:15:00,2023-12-25
7930,2023-12-25 14:30:00,False,14:30:00,2023-12-25
7931,2023-12-25 14:45:00,False,14:45:00,2023-12-25
7932,2023-12-25 15:00:00,False,15:00:00,2023-12-25
7933,2023-12-25 15:15:00,False,15:15:00,2023-12-25
7934,2023-12-25 15:30:00,True,15:30:00,2023-12-25
7935,2023-12-25 15:45:00,True,15:45:00,2023-12-25
7936,2023-12-25 16:00:00,True,16:00:00,2023-12-25
7937,2023-12-25 16:15:00,True,16:15:00,2023-12-25
7938,2023-12-25 16:30:00,True,16:30:00,2023-12-25
7939,2023-12-25 16:45:00,True,16:45:00,2023-12-25
7940,2023-12-25 17:00:00,True,17:00:00,2023-12-25
7941,2023-12-25 17:15:00,True,17:15:00,2023-12-25
7942,2023-12-25 17:30:00,True,17:30:00,2023-12-25
7943,2023-12-25 17:45:00,True,17:45:00,2023-12-25
7944,2023-12-25 18:00:00,True,18:00:00,2023-12-25
7945,2023-12-25 18:15:00,True,18:15:00,2023-12-25
7946,2023-12-25 18:30:00,True,18:30:00,2023-12-25
7947,2023-12-25 18:45:00,True,18:45:00,2023-12-25
7948,2023-12-25 19:00:00,True,19:00:00,2023-12-25
7949,2023-12-25 19:15:00,True,19:15:00,2023-12-25
7950,2023-12-25 19:30:00,True,19:30:00,2023-12-25
7951,2023-12-25 19:45:00,True,19:45:00,2023-12-25
7952,2023-12-25 20:00:00,True,20:00:00,2023-12-25
7953,2023-12-25 20:15:00,True,20:15:00,2023-12-25
7954,2023-12-25 20:30:00,True,20:30:00,2023-12-25
7955,2023-12-25 20:45:00,True,20:45:00,2023-12-25
7956,2023-12-25 21:00:00,True,21:00:00,2023-12-25
7957,2023-12-25 21:15:00,True,21:15:00,2023-12-25
7958,2023-12-25 21:30:00,True,21:30:00,2023-12-25
7959,2023-12-25 21:45:00,True,21:45:00,2023-12-25
7960,2023-12-25 22:00:00,True,22:00:00,2023-12-25
7961,2023-12-25 22:15:00,True,22:15:00,2023-12-25
7962,2023-12-25 22:30:00,True,22:30:00,2023-12-25
7963,2023-12-25 22:45:00,True,22:45:00,2023-12-25
7964,2023-12-25 23:00:00,True,23:00:00,2023-12-25
7965,2023-12-25 23:15:00,True,23:15:00,2023-12-25
7966,2023-12-25 23:30:00,True,23:30:00,2023-12-25
7967,2023-12-25 23:45:00,True,23:45:00,2023-12-25
7968,2023-12-26 00:00:00,True,00:00:00,2023-12-26
7969,2023-12-26 00:15:00,True,00:15:00,2023-12-26
7970,2023-12-26 00:30:00,True,00:30:00,2023-12-26
7971,2023-12-26 00:45:00,True,00:45:00,2023-12-26
7972,2023-12-26 01:00:00,True,01:00:00,2023-12-26
7973,2023-12-26 01:15:00,True,01:15:00,2023-12-26
7974,2023-12-26 01:30:00,True,01:30:00,2023-12-26
7975,2023-12-26 01:45:00,True,01:45:00,2023-12-26
7976,2023-12-26 02:00:00,True,02:00:00,2023-12-26
7977,2023-12-26 02:15:00,True,02:15:00,2023-12-26
7978,2023-12-26 02:30:00,True,02:30:00,2023-12-26
7979,2023-12-26 02:45:00,True,02:45:00,2023-12-26
7980,2023-12-26 03:00:00,True,03:00:00,2023-12-26
7981,2023-12-26 03:15:00,True,03:15:00,2023-12-26
7982,2023-12-26 03:30:00,True,03:30:00,2023-12-26
7983,2023-12-26 03:45:00,True,03:45:00,2023-12-26
7984,2023-12-26 04:00:00,True,04:00:00,2023-12-26
7985,2023-12-26 04:15:00,True,04:15:00,2023-12-26
7986,2023-12-26 04:30:00,True,04:30:00,2023-12-26
7987,2023-12-26 04:45:00,True,04:45:00,2023-12-26
7988,2023-12-26 05:00:00,True,05:00:00,2023-12-26
7989,2023-12-26 05:15:00,True,05:15:00,2023-12-26
7990,2023-12-26 05:30:00,True,05:30:00,2023-12-26
7991,2023-12-26 05:45:00,True,05:45:00,2023-12-26
7992,2023-12-26 06:00:00,True,06:00:00,2023-12-26
7993,2023-12-26 06:15:00,True,06:15:00,2023-12-26
7994,2023-12-26 06:30:00,True,06:30:00,2023-12-26
7995,2023-12-26 06:45:00,True,06:45:00,2023-12-26
7996,2023-12-26 07:00:00,True,07:00:00,2023-12-26
7997,2023-12-26 07:15:00,True,07:15:00,2023-12-26
7998,2023-12-26 07:30:00,True,07:30:00,2023-12-26
7999,2023-12-26 07:45:00,True,07:45:00,2023-12-26
8000,2023-12-26 08:00:00,True,08:00:00,2023-12-26
8001,2023-12-26 08:15:00,True,08:15:00,2023-12-26
8002,2023-12-26 08:30:00,True,08:30:00,2023-12-26
8003,2023-12-26 08:45:00,True,08:45:00,2023-12-26
8004,2023-12-26 09:00:00,True,09:00:00,2023-12-26
8005,2023-12-26 09:15:00,True,09:15:00,2023-12-26
8006,2023-12-26 09:30:00,True,09:30:00,2023-12-26
8007,2023-12-26 09:45:00,True,09:45:00,2023-12-26
8008,2023-12-26 10:00:00,True,10:00:00,2023-12-26
8009,2023-12-26 10:15:00,True,10:15:00,2023-12-26
8010,2023-12-26 10:30:00,True,10:30:00,2023-12-26
8011,2023-12-26 10:45:00,True,10:45:00,2023-12-26
8012,2023-12-26 11:00:00,True,11:00:00,2023-12-26
8013,2023-12-26 11:15:00,True,11:15:00,2023-12-26
8014,2023-12-26 11:30:00,True,11:30:00,2023-12-26
8015,2023-12-26 11:45:00,True,11:45:00,2023-12-26
8016,2023-12-26 12:00:00,True,12:00:00,2023-12-26
8017,2023-12-26 12:15:00,True,12:15:00,2023-12-26
8018,2023-12-26 12:30:00,True,12:30:00,2023-12-26
8019,2023-12-26 12:45:00,True,12:45:00,2023-12-26
8020,2023-12-26 13:00:00,True,13:00:00,2023-12-26
8021,2023-12-26 13:15:00,True,13:15:00,2023-12-26
8022,2023-12-26 13:30:00,True,13:30:00,2023-12-26
8023,2023-12-26 13:45:00,True,13:45:00,2023-12-26
8024,2023-12-26 14:00:00,True,14:00:00,2023-12-26
8025,2023-12-26 14:15:00,True,14:15:00,2023-12-26
8026,2023-12-26 14:30:00,True,14:30:00,2023-12-26
8027,2023-12-26 14:45:00,True,14:45:00,2023-12-26
8028,2023-12-26 15:00:00,True,15:00:00,2023-12-26
8029,2023-12-26 15:15:00,True,15:15:00,2023-12-26
8030,2023-12-26 15:30:00,True,15:30:00,2023-12-26
8031,2023-12-26 15:45:00,True,15:45:00,2023-12-26
8032,2023-12-26 16:00:00,True,16:00:00,2023-12-26
8033,2023-12-26 16:15:00,True,16:15:00,2023-12-26
8034,2023-12-26 16:30:00,True,16:30:00,2023-12-26
8035,2023-12-26 16:45:00,True,16:45:00,2023-12-26
8036,2023-12-26 17:00:00,True,17:00:00,2023-12-26
8037,2023-12-26 17:15:00,True,17:15:00,2023-12-26
8038,2023-12-26 17:30:00,True,17:30:00,2023-12-26
8039,2023-12-26 17:45:00,True,17:45:00,2023-12-26
8040,2023-12-26 18:00:00,True,18:00:00,2023-12-26
8041,2023-12-26 18:15:00,True,18:15:00,2023-12-26
8042,2023-12-26 18:30:00,True,18:30:00,2023-12-26
8043,2023-12-26 18:45:00,True,18:45:00,2023-12-26
8044,2023-12-26 19:00:00,True,19:00:00,2023-12-26
8045,2023-12-26 19:15:00,True,19:15:00,2023-12-26
8046,2023-12-26 19:30:00,True,19:30:00,2023-12-26
8047,2023-12-26 19:45:00,True,19:45:00,2023-12-26
8048,2023-12-26 20:00:00,True,20:00:00,2023-12-26
8049,2023-12-26 20:15:00,True,20:15:00,2023-12-26
8050,2023-12-26 20:30:00,True,20:30:00,2023-12-26
8051,2023-12-26 20:45:00,True,20:45:00,2023-12-26
8052,2023-12-26 21:00:00,True,21:00:00,2023-12-26
8053,2023-12-26 21:15:00,True,21:15:00,2023-12-26
8054,2023-12-26 21:30:00,True,21:30:00,2023-12-26
8055,2023-12-26 21:45:00,True,21:45:00,2023-12-26
8056,2023-12-26 22:00:00,True,22:00:00,2023-12-26
8057,2023-12-26 22:15:00,True,22:15:00,2023-12-26
8058,2023-12-26 22:30:00,True,22:30:00,2023-12-26
8059,2023-12-26 22:45:00,True,22:45:00,2023-12-26
8060,2023-12-26 23:00:00,True,23:00:00,2023-12-26
8061,2023-12-26 23:15:00,True,23:15:00,2023-12-26
8062,2023-12-26 23:30:00,True,23:30:00,2023-12-26
8063,2023-12-26 23:45:00,True,23:45:00,2023-12-26
8064,2023-12-27 00:00:00,True,00:00:00,2023-12-27
8065,2023-12-27 00:15:00,True,00:15:00,2023-12-27
8066,2023-12-27 00:30:00,True,00:30:00,2023-12-27
8067,2023-12-27 00:45:00,True,00:45:00,2023-12-27
8068,2023-12-27 01:00:00,True,01:00:00,2023-12-27
8069,2023-12-27 01:15:00,True,01:15:00,2023-12-27
8070,2023-12-27 01:30:00,True,01:30:00,2023-12-27
8071,2023-12-27 01:45:00,True,01:45:00,2023-12-27
8072,2023-12-27 02:00:00,True,02:00:00,2023-12-27
8073,2023-12-27 02:15:00,True,02:15:00,2023-12-27
8074,2023-12-27 02:30:00,True,02:30:00,2023-12-27
8075,2023-12-27 02:45:00,True,02:45:00,2023-12-27
8076,2023-12-27 03:00:00,True,03:00:00,2023-12-27
8077,2023-12-27 03:15:00,True,03:15:00,2023-12-27
8078,2023-12-27 03:30:00,True,03:30:00,2023-12-27
8079,2023-12-27 03:45:00,True,03:45:00,2023-12-27
8080,2023-12-27 04:00:00,True,04:00:00,2023-12-27
8081,2023-12-27 04:15:00,True,04:15:00,2023-12-27
8082,2023-12-27 04:30:00,True,04:30:00,2023-12-27
8083,2023-12-27 04:45:00,True,04:45:00,2023-12-27
8084,2023-12-27 05:00:00,True,05:00:00,2023-12-27
8085,2023-12-27 05:15:00,True,05:15:00,2023-12-27
8086,2023-12-27 05:30:00,True,05:30:00,2023-12-27
8087,2023-12-27 05:45:00,True,05:45:00,2023-12-27
8088,2023-12-27 06:00:00,True,06:00:00,2023-12-27
8089,2023-12-27 06:15:00,True,06:15:00,2023-12-27
8090,2023-12-27 06:30:00,True,06:30:00,2023-12-27
8091,2023-12-27 06:45:00,True,06:45:00,2023-12-27
8092,2023-12-27 07:00:00,True,07:00:00,2023-12-27
8093,2023-12-27 07:15:00,True,07:15:00,2023-12-27
8094,2023-12-27 07:30:00,True,07:30:00,2023-12-27
8095,2023-12-27 07:45:00,True,07:45:00,2023-12-27
8096,2023-12-27 08:00:00,True,08:00:00,2023-12-27
8097,2023-12-27 08:15:00,True,08:15:00,2023-12-27
8098,2023-12-27 08:30:00,True,08:30:00,2023-12-27
8099,2023-12-27 08:45:00,True,08:45:00,2023-12-27
8100,2023-12-27 09:00:00,True,09:00:00,2023-12-27
8101,2023-12-27 09:15:00,True,09:15:00,2023-12-27
8102,2023-12-27 09:30:00,True,09:30:00,2023-12-27
8103,2023-12-27 09:45:00,True,09:45:00,2023-12-27
8104,2023-12-27 10:00:00,True,10:00:00,2023-12-27
8105,2023-12-27 10:15:00,True,10:15:00,2023-12-27
8106,2023-12-27 10:30:00,True,10:30:00,2023-12-27
8107,2023-12-27 10:45:00,True,10:45:00,2023-12-27
8108,2023-12-27 11:00:00,True,11:00:00,2023-12-27
8109,2023-12-27 11:15:00,True,11:15:00,2023-12-27
8110,2023-12-27 11:30:00,True,11:30:00,2023-12-27
8111,2023-12-27 11:45:00,True,11:45:00,2023-12-27
8112,2023-12-27 12:00:00,True,12:00:00,2023-12-27
8113,2023-12-27 12:15:00,True,12:15:00,2023-12-27
8114,2023-12-27 12:30:00,True,12:30:00,2023-12-27
8115,2023-12-27 12:45:00,True,12:45:00,2023-12-27
8116,2023-12-27 13:00:00,True,13:00:00,2023-12-27
8117,2023-12-27 13:15:00,True,13:15:00,2023-12-27
8118,2023-12-27 13:30:00,True,13:30:00,2023-12-27
8119,2023-12-27 13:45:00,True,13:45:00,2023-12-27
8120,2023-12-27 14:00:00,True,14:00:00,2023-12-27
8121,2023-12-27 14:15:00,True,14:15:00,2023-12-27
8122,2023-12-27 14:30:00,True,14:30:00,2023-12-27
8123,2023-12-27 14:45:00,True,14:45:00,2023-12-27
8124,2023-12-27 15:00:00,True,15:00:00,2023-12-27
8125,2023-12-27 15:15:00,True,15:15:00,2023-12-27
8126,2023-12-27 15:30:00,True,15:30:00,2023-12-27
8127,2023-12-27 15:45:00,True,15:45:00,2023-12-27
8128,2023-12-27 16:00:00,True,16:00:00,2023-12-27
8129,2023-12-27 16:15:00,True,16:15:00,2023-12-27
8130,2023-12-27 16:30:00,True,16:30:00,2023-12-27
8131,2023-12-27 16:45:00,True,16:45:00,2023-12-27
8132,2023-12-27 17:00:00,True,17:00:00,2023-12-27
8133,2023-12-27 17:15:00,True,17:15:00,2023-12-27
8134,2023-12-27 17:30:00,True,17:30:00,2023-12-27
8135,2023-12-27 17:45:00,True,17:45:00,2023-12-27
8136,2023-12-27 18:00:00,True,18:00:00,2023-12-27
8137,2023-12-27 18:15:00,True,18:15:00,2023-12-27
8138,2023-12-27 18:30:00,True,18:30:00,2023-12-27
8139,2023-12-27 18:45:00,True,18:45:00,2023-12-27
8140,2023-12-27 19:00:00,True,19:00:00,2023-12-27
8141,2023-12-27 19:15:00,True,19:15:00,2023-12-27
8142,2023-12-27 19:30:00,True,19:30:00,2023-12-27
8143,2023-12-27 19:45:00,True,19:45:00,2023-12-27
8144,2023-12-27 20:00:00,True,20:00:00,2023-12-27
8145,2023-12-27 20:15:00,True,20:15:00,2023-12-27
8146,2023-12-27 20:30:00,True,20:30:00,2023-12-27
8147,2023-12-27 20:45:00,True,20:45:00,2023-12-27
8148,2023-12-27 21:00:00,True,21:00:00,2023-12-27
8149,2023-12-27 21:15:00,True,21:15:00,2023-12-27
8150,2023-12-27 21:30:00,True,21:30:00,2023-12-27
8151,2023-12-27 21:45:00,True,21:45:00,2023-12-27
8152,2023-12-27 22:00:00,True,22:00:00,2023-12-27
8153,2023-12-27 22:15:00,True,22:15:00,2023-12-27
8154,2023-12-27 22:30:00,True,22:30:00,2023-12-27
8155,2023-12-27 22:45:00,True,22:45:00,2023-12-27
8156,2023-12-27 23:00:00,True,23:00:00,2023-12-27
8157,2023-12-27 23:15:00,True,23:15:00,2023-12-27
8158,2023-12-27 23:30:00,True,23:30:00,2023-12-27
8159,2023-12-27 23:45:00,True,23:45:00,2023-12-27
8160,2023-12-28 00:00:00,True,00:00:00,2023-12-28
8161,2023-12-28 00:15:00,True,00:15:00,2023-12-28
8162,2023-12-28 00:30:00,True,00:30:00,2023-12-28
8163,2023-12-28 00:45:00,True,00:45:00,2023-12-28
8164,2023-12-28 01:00:00,True,01:00:00,2023-12-28
8165,2023-12-28 01:15:00,True,01:15:00,2023-12-28
8166,2023-12-28 01:30:00,True,01:30:00,2023-12-28
8167,2023-12-28 01:45:00,True,01:45:00,2023-12-28
8168,2023-12-28 02:00:00,True,02:00:00,2023-12-28
8169,2023-12-28 02:15:00,True,02:15:00,2023-12-28
8170,2023-12-28 02:30:00,True,02:30:00,2023-12-28
8171,2023-12-28 02:45:00,True,02:45:00,2023-12-28
8172,2023-12-28 03:00:00,True,03:00:00,2023-12-28
8173,2023-12-28 03:15:00,True,03:15:00,2023-12-28
8174,2023-12-28 03:30:00,True,03:30:00,2023-12-28
8175,2023-12-28 03:45:00,True,03:45:00,2023-12-28
8176,2023-12-28 04:00:00,True,04:00:00,2023-12-28
8177,2023-12-28 04:15:00,True,04:15:00,2023-12-28
8178,2023-12-28 04:30:00,True,04:30:00,2023-12-28
8179,2023-12-28 04:45:00,True,04:45:00,2023-12-28
8180,2023-12-28 05:00:00,True,05:00:00,2023-12-28
8181,2023-12-28 05:15:00,True,05:15:00,2023-12-28
8182,2023-12-28 05:30:00,True,05:30:00,2023-12-28
8183,2023-12-28 05:45:00,True,05:45:00,2023-12-28
8184,2023-12-28 06:00:00,True,06:00:00,2023-12-28
8185,2023-12-28 06:15:00,True,06:15:00,2023-12-28
8186,2023-12-28 06:30:00,True,06:30:00,2023-12-28
8187,2023-12-28 06:45:00,True,06:45:00,2023-12-28
8188,2023-12-28 07:00:00,True,07:00:00,2023-12-28
8189,2023-12-28 07:15:00,True,07:15:00,2023-12-28
8190,2023-12-28 07:30:00,True,07:30:00,2023-12-28
8191,2023-12-28 07:45:00,True,07:45:00,2023-12-28
8192,2023-12-28 08:00:00,True,08:00:00,2023-12-28
8193,2023-12-28 08:15:00,True,08:15:00,2023-12-28
8194,2023-12-28 08:30:00,True,08:30:00,2023-12-28
8195,2023-12-28 08:45:00,True,08:45:00,2023-12-28
8196,2023-12-28 09:00:00,True,09:00:00,2023-12-28
8197,2023-12-28 09:15:00,True,09:15:00,2023-12-28
8198,2023-12-28 09:30:00,True,09:30:00,2023-12-28
8199,2023-12-28 09:45:00,True,09:45:00,2023-12-28
8200,2023-12-28 10:00:00,True,10:00:00,2023-12-28
8201,2023-12-28 10:15:00,True,10:15:00,2023-12-28
8202,2023-12-28 10:30:00,True,10:30:00,2023-12-28
8203,2023-12-28 10:45:00,True,10:45:00,2023-12-28
8204,2023-12-28 11:00:00,True,11:00:00,2023-12-28
8205,2023-12-28 11:15:00,True,11:15:00,2023-12-28
8206,2023-12-28 11:30:00,True,11:30:00,2023-12-28
8207,2023-12-28 11:45:00,True,11:45:00,2023-12-28
8208,2023-12-28 12:00:00,True,12:00:00,2023-12-28
8209,2023-12-28 12:15:00,True,12:15:00,2023-12-28
8210,2023-12-28 12:30:00,True,12:30:00,2023-12-28
8211,2023-12-28 12:45:00,True,12:45:00,2023-12-28
8212,2023-12-28 13:00:00,True,13:00:00,2023-12-28
8213,2023-12-28 13:15:00,True,13:15:00,2023-12-28
8214,2023-12-28 13:30:00,True,13:30:00,2023-12-28
8215,2023-12-28 13:45:00,True,13:45:00,2023-12-28
8216,2023-12-28 14:00:00,True,14:00:00,2023-12-28
8217,2023-12-28 14:15:00,True,14:15:00,2023-12-28
8218,2023-12-28 14:30:00,True,14:30:00,2023-12-28
8219,2023-12-28 14:45:00,True,14:45:00,2023-12-28
8220,2023-12-28 15:00:00,True,15:00:00,2023-12-28
8221,2023-12-28 15:15:00,True,15:15:00,2023-12-28
8222,2023-12-28 15:30:00,True,15:30:00,2023-12-28
8223,2023-12-28 15:45:00,True,15:45:00,2023-12-28
8224,2023-12-28 16:00:00,True,16:00:00,2023-12-28
8225,2023-12-28 16:15:00,True,16:15:00,2023-12-28
8226,2023-12-28 16:30:00,True,16:30:00,2023-12-28
8227,2023-12-28 16:45:00,True,16:45:00,2023-12-28
8228,2023-12-28 17:00:00,True,17:00:00,2023-12-28
8229,2023-12-28 17:15:00,True,17:15:00,2023-12-28
8230,2023-12-28 17:30:00,True,17:30:00,2023-12-28
8231,2023-12-28 17:45:00,True,17:45:00,2023-12-28
8232,2023-12-28 18:00:00,True,18:00:00,2023-12-28
8233,2023-12-28 18:15:00,True,18:15:00,2023-12-28
8234,2023-12-28 18:30:00,True,18:30:00,2023-12-28
8235,2023-12-28 18:45:00,True,18:45:00,2023-12-28
8236,2023-12-28 19:00:00,True,19:00:00,2023-12-28
8237,2023-12-28 19:15:00,True,19:15:00,2023-12-28
8238,2023-12-28 19:30:00,True,19:30:00,2023-12-28
8239,2023-12-28 19:45:00,True,19:45:00,2023-12-28
8240,2023-12-28 20:00:00,True,20:00:00,2023-12-28
8241,2023-12-28 20:15:00,True,20:15:00,2023-12-28
8242,2023-12-28 20:30:00,True,20:30:00,2023-12-28
8243,2023-12-28 20:45:00,True,20:45:00,2023-12-28
8244,2023-12-28 21:00:00,True,21:00:00,2023-12-28
8245,2023-12-28 21:15:00,True,21:15:00,2023-12-28
8246,2023-12-28 21:30:00,True,21:30:00,2023-12-28
8247,2023-12-28 21:45:00,True,21:45:00,2023-12-28
8248,2023-12-28 22:00:00,True,22:00:00,2023-12-28
8249,2023-12-28 22:15:00,True,22:15:00,2023-12-28
8250,2023-12-28 22:30:00,True,22:30:00,2023-12-28
8251,2023-12-28 22:45:00,True,22:45:00,2023-12-28
8252,2023-12-28 23:00:00,True,23:00:00,2023-12-28
8253,2023-12-28 23:15:00,True,23:15:00,2023-12-28
8254,2023-12-28 23:30:00,True,23:30:00,2023-12-28
8255,2023-12-28 23:45:00,True,23:45:00,2023-12-28
8256,2023-12-29 00:00:00,True,00:00:00,2023-12-29
8257,2023-12-29 00:15:00,True,00:15:00,2023-12-29
8258,2023-12-29 00:30:00,True,00:30:00,2023-12-29
8259,2023-12-29 00:45:00,True,00:45:00,2023-12-29
8260,2023-12-29 01:00:00,True,01:00:00,2023-12-29
8261,2023-12-29 01:15:00,True,01:15:00,2023-12-29
8262,2023-12-29 01:30:00,True,01:30:00,2023-12-29
8263,2023-12-29 01:45:00,True,01:45:00,2023-12-29
8264,2023-12-29 02:00:00,True,02:00:00,2023-12-29
8265,2023-12-29 02:15:00,True,02:15:00,2023-12-29
8266,2023-12-29 02:30:00,True,02:30:00,2023-12-29
8267,2023-12-29 02:45:00,True,02:45:00,2023-12-29
8268,2023-12-29 03:00:00,True,03:00:00,2023-12-29
8269,2023-12-29 03:15:00,True,03:15:00,2023-12-29
8270,2023-12-29 03:30:00,True,03:30:00,2023-12-29
8271,2023-12-29 03:45:00,True,03:45:00,2023-12-29
8272,2023-12-29 04:00:00,True,04:00:00,2023-12-29
8273,2023-12-29 04:15:00,True,04:15:00,2023-12-29
8274,2023-12-29 04:30:00,True,04:30:00,2023-12-29
8275,2023-12-29 04:45:00,True,04:45:00,2023-12-29
8276,2023-12-29 05:00:00,True,05:00:00,2023-12-29
8277,2023-12-29 05:15:00,True,05:15:00,2023-12-29
8278,2023-12-29 05:30:00,True,05:30:00,2023-12-29
8279,2023-12-29 05:45:00,True,05:45:00,2023-12-29
8280,2023-12-29 06:00:00,True,06:00:00,2023-12-29
8281,2023-12-29 06:15:00,True,06:15:00,2023-12-29
8282,2023-12-29 06:30:00,True,06:30:00,2023-12-29
8283,2023-12-29 06:45:00,True,06:45:00,2023-12-29
8284,2023-12-29 07:00:00,True,07:00:00,2023-12-29
8285,2023-12-29 07:15:00,True,07:15:00,2023-12-29
8286,2023-12-29 07:30:00,True,07:30:00,2023-12-29
8287,2023-12-29 07:45:00,True,07:45:00,2023-12-29
8288,2023-12-29 08:00:00,True,08:00:00,2023-12-29
8289,2023-12-29 08:15:00,True,08:15:00,2023-12-29
8290,2023-12-29 08:30:00,True,08:30:00,2023-12-29
8291,2023-12-29 08:45:00,True,08:45:00,2023-12-29
8292,2023-12-29 09:00:00,True,09:00:00,2023-12-29
8293,2023-12-29 09:15:00,True,09:15:00,2023-12-29
8294,2023-12-29 09:30:00,True,09:30:00,2023-12-29
8295,2023-12-29 09:45:00,True,09:45:00,2023-12-29
8296,2023-12-29 10:00:00,True,10:00:00,2023-12-29
8297,2023-12-29 10:15:00,True,10:15:00,2023-12-29
8298,2023-12-29 10:30:00,True,10:30:00,2023-12-29
8299,2023-12-29 10:45:00,True,10:45:00,2023-12-29
8300,2023-12-29 11:00:00,True,11:00:00,2023-12-29
8301,2023-12-29 11:15:00,True,11:15:00,2023-12-29
8302,2023-12-29 11:30:00,True,11:30:00,2023-12-29
8303,2023-12-29 11:45:00,True,11:45:00,2023-12-29
8304,2023-12-29 12:00:00,True,12:00:00,2023-12-29
8305,2023-12-29 12:15:00,True,12:15:00,2023-12-29
8306,2023-12-29 12:30:00,True,12:30:00,2023-12-29
8307,2023-12-29 12:45:00,True,12:45:00,2023-12-29
8308,2023-12-29 13:00:00,True,13:00:00,2023-12-29
8309,2023-12-29 13:15:00,True,13:15:00,2023-12-29
8310,2023-12-29 13:30:00,True,13:30:00,2023-12-29
8311,2023-12-29 13:45:00,True,13:45:00,2023-12-29
8312,2023-12-29 14:00:00,True,14:00:00,2023-12-29
8313,2023-12-29 14:15:00,True,14:15:00,2023-12-29
8314,2023-12-29 14:30:00,True,14:30:00,2023-12-29
8315,2023-12-29 14:45:00,True,14:45:00,2023-12-29
8316,2023-12-29 15:00:00,True,15:00:00,2023-12-29
8317,2023-12-29 15:15:00,True,15:15:00,2023-12-29
8318,2023-12-29 15:30:00,True,15:30:00,2023-12-29
8319,2023-12-29 15:45:00,True,15:45:00,2023-12-29
8320,2023-12-29 16:00:00,True,16:00:00,2023-12-29
8321,2023-12-29 16:15:00,True,16:15:00,2023-12-29
8322,2023-12-29 16:30:00,True,16:30:00,2023-12-29
8323,2023-12-29 16:45:00,True,16:45:00,2023-12-29
8324,2023-12-29 17:00:00,True,17:00:00,2023-12-29
8325,2023-12-29 17:15:00,True,17:15:00,2023-12-29
8326,2023-12-29 17:30:00,True,17:30:00,2023-12-29
8327,2023-12-29 17:45:00,True,17:45:00,2023-12-29
8328,2023-12-29 18:00:00,True,18:00:00,2023-12-29
8329,2023-12-29 18:15:00,True,18:15:00,2023-12-29
8330,2023-12-29 18:30:00,True,18:30:00,2023-12-29
8331,2023-12-29 18:45:00,True,18:45:00,2023-12-29
8332,2023-12-29 19:00:00,True,19:00:00,2023-12-29
8333,2023-12-29 19:15:00,True,19:15:00,2023-12-29
8334,2023-12-29 19:30:00,True,19:30:00,2023-12-29
8335,2023-12-29 19:45:00,True,19:45:00,2023-12-29
8336,2023-12-29 20:00:00,True,20:00:00,2023-12-29
8337,2023-12-29 20:15:00,True,20:15:00,2023-12-29
8338,2023-12-29 20:30:00,True,20:30:00,2023-12-29
8339,2023-12-29 20:45:00,True,20:45:00,2023-12-29
8340,2023-12-29 21:00:00,True,21:00:00,2023-12-29
8341,2023-12-29 21:15:00,True,21:15:00,2023-12-29
8342,2023-12-29 21:30:00,True,21:30:00,2023-12-29
8343,2023-12-29 21:45:00,True,21:45:00,2023-12-29
8344,2023-12-29 22:00:00,True,22:00:00,2023-12-29
8345,2023-12-29 22:15:00,True,22:15:00,2023-12-29
8346,2023-12-29 22:30:00,True,22:30:00,2023-12-29
8347,2023-12-29 22:45:00,True,22:45:00,2023-12-29
8348,2023-12-29 23:00:00,True,23:00:00,2023-12-29
8349,2023-12-29 23:15:00,True,23:15:00,2023-12-29
8350,2023-12-29 23:30:00,True,23:30:00,2023-12-29
8351,2023-12-29 23:45:00,True,23:45:00,2023-12-29
8352,2023-12-30 00:00:00,True,00:00:00,2023-12-30
8353,2023-12-30 00:15:00,True,00:15:00,2023-12-30
8354,2023-12-30 00:30:00,True,00:30:00,2023-12-30
8355,2023-12-30 00:45:00,True,00:45:00,2023-12-30
8356,2023-12-30 01:00:00,True,01:00:00,2023-12-30
8357,2023-12-30 01:15:00,True,01:15:00,2023-12-30
8358,2023-12-30 01:30:00,True,01:30:00,2023-12-30
8359,2023-12-30 01:45:00,True,01:45:00,2023-12-30
8360,2023-12-30 02:00:00,True,02:00:00,2023-12-30
8361,2023-12-30 02:15:00,True,02:15:00,2023-12-30
8362,2023-12-30 02:30:00,True,02:30:00,2023-12-30
8363,2023-12-30 02:45:00,True,02:45:00,2023-12-30
8364,2023-12-30 03:00:00,True,03:00:00,2023-12-30
8365,2023-12-30 03:15:00,True,03:15:00,2023-12-30
8366,2023-12-30 03:30:00,True,03:30:00,2023-12-30
8367,2023-12-30 03:45:00,True,03:45:00,2023-12-30
8368,2023-12-30 04:00:00,True,04:00:00,2023-12-30
8369,2023-12-30 04:15:00,True,04:15:00,2023-12-30
8370,2023-12-30 04:30:00,True,04:30:00,2023-12-30
8371,2023-12-30 04:45:00,True,04:45:00,2023-12-30
8372,2023-12-30 05:00:00,True,05:00:00,2023-12-30
8373,2023-12-30 05:15:00,True,05:15:00,2023-12-30
8374,2023-12-30 05:30:00,True,05:30:00,2023-12-30
8375,2023-12-30 05:45:00,True,05:45:00,2023-12-30
8376,2023-12-30 06:00:00,True,06:00:00,2023-12-30
8377,2023-12-30 06:15:00,True,06:15:00,2023-12-30
8378,2023-12-30 06:30:00,True,06:30:00,2023-12-30
8379,2023-12-30 06:45:00,True,06:45:00,2023-12-30
8380,2023-12-30 07:00:00,True,07:00:00,2023-12-30
8381,2023-12-30 07:15:00,True,07:15:00,2023-12-30
8382,2023-12-30 07:30:00,True,07:30:00,2023-12-30
8383,2023-12-30 07:45:00,True,07:45:00,2023-12-30
8384,2023-12-30 08:00:00,True,08:00:00,2023-12-30
8385,2023-12-30 08:15:00,True,08:15:00,2023-12-30
8386,2023-12-30 08:30:00,True,08:30:00,2023-12-30
8387,2023-12-30 08:45:00,True,08:45:00,2023-12-30
8388,2023-12-30 09:00:00,True,09:00:00,2023-12-30
8389,2023-12-30 09:15:00,True,09:15:00,2023-12-30
8390,2023-12-30 09:30:00,True,09:30:00,2023-12-30
8391,2023-12-30 09:45:00,True,09:45:00,2023-12-30
8392,2023-12-30 10:00:00,True,10:00:00,2023-12-30
8393,2023-12-30 10:15:00,True,10:15:00,2023-12-30
8394,2023-12-30 10:30:00,True,10:30:00,2023-12-30
8395,2023-12-30 10:45:00,True,10:45:00,2023-12-30
8396,2023-12-30 11:00:00,True,11:00:00,2023-12-30
8397,2023-12-30 11:15:00,True,11:15:00,2023-12-30
8398,2023-12-30 11:30:00,True,11:30:00,2023-12-30
8399,2023-12-30 11:45:00,True,11:45:00,2023-12-30
8400,2023-12-30 12:00:00,True,12:00:00,2023-12-30
8401,2023-12-30 12:15:00,True,12:15:00,2023-12-30
8402,2023-12-30 12:30:00,True,12:30:00,2023-12-30
8403,2023-12-30 12:45:00,True,12:45:00,2023-12-30
8404,2023-12-30 13:00:00,True,13:00:00,2023-12-30
8405,2023-12-30 13:15:00,True,13:15:00,2023-12-30
8406,2023-12-30 13:30:00,True,13:30:00,2023-12-30
8407,2023-12-30 13:45:00,True,13:45:00,2023-12-30
8408,2023-12-30 14:00:00,True,14:00:00,2023-12-30
8409,2023-12-30 14:15:00,True,14:15:00,2023-12-30
8410,2023-12-30 14:30:00,True,14:30:00,2023-12-30
8411,2023-12-30 14:45:00,True,14:45:00,2023-12-30
8412,2023-12-30 15:00:00,True,15:00:00,2023-12-30
8413,2023-12-30 15:15:00,True,15:15:00,2023-12-30
8414,2023-12-30 15:30:00,True,15:30:00,2023-12-30
8415,2023-12-30 15:45:00,True,15:45:00,2023-12-30
8416,2023-12-30 16:00:00,True,16:00:00,2023-12-30
8417,2023-12-30 16:15:00,True,16:15:00,2023-12-30
8418,2023-12-30 16:30:00,True,16:30:00,2023-12-30
8419,2023-12-30 16:45:00,True,16:45:00,2023-12-30
8420,2023-12-30 17:00:00,True,17:00:00,2023-12-30
8421,2023-12-30 17:15:00,True,17:15:00,2023-12-30
8422,2023-12-30 17:30:00,True,17:30:00,2023-12-30
8423,2023-12-30 17:45:00,True,17:45:00,2023-12-30
8424,2023-12-30 18:00:00,True,18:00:00,2023-12-30
8425,2023-12-30 18:15:00,True,18:15:00,2023-12-30
8426,2023-12-30 18:30:00,True,18:30:00,2023-12-30
8427,2023-12-30 18:45:00,True,18:45:00,2023-12-30
8428,2023-12-30 19:00:00,True,19:00:00,2023-12-30
8429,2023-12-30 19:15:00,True,19:15:00,2023-12-30
8430,2023-12-30 19:30:00,True,19:30:00,2023-12-30
8431,2023-12-30 19:45:00,True,19:45:00,2023-12-30
8432,2023-12-30 20:00:00,True,20:00:00,2023-12-30
8433,2023-12-30 20:15:00,True,20:15:00,2023-12-30
8434,2023-12-30 20:30:00,True,20:30:00,2023-12-30
8435,2023-12-30 20:45:00,True,20:45:00,2023-12-30
8436,2023-12-30 21:00:00,True,21:00:00,2023-12-30
8437,2023-12-30 21:15:00,True,21:15:00,2023-12-30
8438,2023-12-30 21:30:00,True,21:30:00,2023-12-30
8439,2023-12-30 21:45:00,True,21:45:00,2023-12-30
8440,2023-12-30 22:00:00,True,22:00:00,2023-12-30
8441,2023-12-30 22:15:00,True,22:15:00,2023-12-30
8442,2023-12-30 22:30:00,True,22:30:00,2023-12-30
8443,2023-12-30 22:45:00,True,22:45:00,2023-12-30
8444,2023-12-30 23:00:00,True,23:00:00,2023-12-30
8445,2023-12-30 23:15:00,True,23:15:00,2023-12-30
8446,2023-12-30 23:30:00,True,23:30:00,2023-12-30
8447,2023-12-30 23:45:00,True,23:45:00,2023-12-30
8448,2023-12-31 00:00:00,True,00:00:00,2023-12-31
8449,2023-12-31 00:15:00,True,00:15:00,2023-12-31
8450,2023-12-31 00:30:00,True,00:30:00,2023-12-31
8451,2023-12-31 00:45:00,True,00:45:00,2023-12-31
8452,2023-12-31 01:00:00,True,01:00:00,2023-12-31
8453,2023-12-31 01:15:00,True,01:15:00,2023-12-31
8454,2023-12-31 01:30:00,True,01:30:00,2023-12-31
8455,2023-12-31 01:45:00,True,01:45:00,2023-12-31
8456,2023-12-31 02:00:00,True,02:00:00,2023-12-31
8457,2023-12-31 02:15:00,True,02:15:00,2023-12-31
8458,2023-12-31 02:30:00,True,02:30:00,2023-12-31
8459,2023-12-31 02:45:00,True,02:45:00,2023-12-31
8460,2023-12-31 03:00:00,True,03:00:00,2023-12-31
8461,2023-12-31 03:15:00,True,03:15:00,2023-12-31
8462,2023-12-31 03:30:00,True,03:30:00,2023-12-31
8463,2023-12-31 03:45:00,True,03:45:00,2023-12-31
8464,2023-12-31 04:00:00,True,04:00:00,2023-12-31
8465,2023-12-31 04:15:00,True,04:15:00,2023-12-31
8466,2023-12-31 04:30:00,True,04:30:00,2023-12-31
8467,2023-12-31 04:45:00,True,04:45:00,2023-12-31
8468,2023-12-31 05:00:00,True,05:00:00,2023-12-31
8469,2023-12-31 05:15:00,True,05:15:00,2023-12-31
8470,2023-12-31 05:30:00,True,05:30:00,2023-12-31
8471,2023-12-31 05:45:00,True,05:45:00,2023-12-31
8472,2023-12-31 06:00:00,True,06:00:00,2023-12-31
8473,2023-12-31 06:15:00,True,06:15:00,2023-12-31
8474,2023-12-31 06:30:00,True,06:30:00,2023-12-31
8475,2023-12-31 06:45:00,True,06:45:00,2023-12-31
8476,2023-12-31 07:00:00,True,07:00:00,2023-12-31
8477,2023-12-31 07:15:00,True,07:15:00,2023-12-31
8478,2023-12-31 07:30:00,True,07:30:00,2023-12-31
8479,2023-12-31 07:45:00,True,07:45:00,2023-12-31
8480,2023-12-31 08:00:00,True,08:00:00,2023-12-31
8481,2023-12-31 08:15:00,True,08:15:00,2023-12-31
8482,2023-12-31 08:30:00,True,08:30:00,2023-12-31
8483,2023-12-31 08:45:00,True,08:45:00,2023-12-31
8484,2023-12-31 09:00:00,True,09:00:00,2023-12-31
8485,2023-12-31 09:15:00,True,09:15:00,2023-12-31
8486,2023-12-31 09:30:00,True,09:30:00,2023-12-31
8487,2023-12-31 09:45:00,True,09:45:00,2023-12-31
8488,2023-12-31 10:00:00,True,10:00:00,2023-12-31
8489,2023-12-31 10:15:00,True,10:15:00,2023-12-31
8490,2023-12-31 10:30:00,True,10:30:00,2023-12-31
8491,2023-12-31 10:45:00,True,10:45:00,2023-12-31
8492,2023-12-31 11:00:00,True,11:00:00,2023-12-31
8493,2023-12-31 11:15:00,True,11:15:00,2023-12-31
8494,2023-12-31 11:30:00,True,11:30:00,2023-12-31
8495,2023-12-31 11:45:00,True,11:45:00,2023-12-31
8496,2023-12-31 12:00:00,True,12:00:00,2023-12-31
8497,2023-12-31 12:15:00,True,12:15:00,2023-12-31
8498,2023-12-31 12:30:00,True,12:30:00,2023-12-31
8499,2023-12-31 12:45:00,True,12:45:00,2023-12-31
8500,2023-12-31 13:00:00,True,13:00:00,2023-12-31
8501,2023-12-31 13:15:00,True,13:15:00,2023-12-31
8502,2023-12-31 13:30:00,True,13:30:00,2023-12-31
8503,2023-12-31 13:45:00,True,13:45:00,2023-12-31
8504,2023-12-31 14:00:00,True,14:00:00,2023-12-31
8505,2023-12-31 14:15:00,True,14:15:00,2023-12-31
8506,2023-12-31 14:30:00,True,14:30:00,2023-12-31
8507,2023-12-31 14:45:00,True,14:45:00,2023-12-31
8508,2023-12-31 15:00:00,True,15:00:00,2023-12-31
8509,2023-12-31 15:15:00,True,15:15:00,2023-12-31
8510,2023-12-31 15:30:00,True,15:30:00,2023-12-31
8511,2023-12-31 15:45:00,True,15:45:00,2023-12-31
8512,2023-12-31 16:00:00,True,16:00:00,2023-12-31
8513,2023-12-31 16:15:00,True,16:15:00,2023-12-31
8514,2023-12-31 16:30:00,True,16:30:00,2023-12-31
8515,2023-12-31 16:45:00,True,16:45:00,2023-12-31
8516,2023-12-31 17:00:00,True,17:00:00,2023-12-31
8517,2023-12-31 17:15:00,True,17:15:00,2023-12-31
8518,2023-12-31 17:30:00,True,17:30:00,2023-12-31
8519,2023-12-31 17:45:00,True,17:45:00,2023-12-31
8520,2023-12-31 18:00:00,True,18:00:00,2023-12-31
8521,2023-12-31 18:15:00,True,18:15:00,2023-12-31
8522,2023-12-31 18:30:00,True,18:30:00,2023-12-31
8523,2023-12-31 18:45:00,True,18:45:00,2023-12-31
8524,2023-12-31 19:00:00,True,19:00:00,2023-12-31
8525,2023-12-31 19:15:00,True,19:15:00,2023-12-31
8526,2023-12-31 19:30:00,True,19:30:00,2023-12-31
8527,2023-12-31 19:45:00,True,19:45:00,2023-12-31
8528,2023-12-31 20:00:00,True,20:00:00,2023-12-31
8529,2023-12-31 20:15:00,True,20:15:00,2023-12-31
8530,2023-12-31 20:30:00,True,20:30:00,2023-12-31
8531,2023-12-31 20:45:00,True,20:45:00,2023-12-31
8532,2023-12-31 21:00:00,True,21:00:00,2023-12-31
8533,2023-12-31 21:15:00,True,21:15:00,2023-12-31
8534,2023-12-31 21:30:00,True,21:30:00,2023-12-31
8535,2023-12-31 21:45:00,True,21:45:00,2023-12-31
8536,2023-12-31 22:00:00,True,22:00:00,2023-12-31
8537,2023-12-31 22:15:00,True,22:15:00,2023-12-31
8538,2023-12-31 22:30:00,True,22:30:00,2023-12-31
8539,2023-12-31 22:45:00,True,22:45:00,2023-12-31
8540,2023-12-31 23:00:00,True,23:00:00,2023-12-31
8541,2023-12-31 23:15:00,True,23:15:00,2023-12-31
8542,2023-12-31 23:30:00,True,23:30:00,2023-12-31
8543,2023-12-31 23:45:00,True,23:45:00,2023-12-31
8544,2024-01-01 00:00:00,True,00:00:00,2024-01-01
8545,2024-01-01 00:15:00,True,00:15:00,2024-01-01
8546,2024-01-01 00:30:00,True,00:30:00,2024-01-01
8547,2024-01-01 00:45:00,True,00:45:00,2024-01-01
8548,2024-01-01 01:00:00,True,01:00:00,2024-01-01
8549,2024-01-01 01:15:00,True,01:15:00,2024-01-01
8550,2024-01-01 01:30:00,True,01:30:00,2024-01-01
8551,2024-01-01 01:45:00,True,01:45:00,2024-01-01
8552,2024-01-01 02:00:00,True,02:00:00,2024-01-01
8553,2024-01-01 02:15:00,True,02:15:00,2024-01-01
8554,2024-01-01 02:30:00,True,02:30:00,2024-01-01
8555,2024-01-01 02:45:00,True,02:45:00,2024-01-01
8556,2024-01-01 03:00:00,True,03:00:00,2024-01-01
8557,2024-01-01 03:15:00,True,03:15:00,2024-01-01
8558,2024-01-01 03:30:00,True,03:30:00,2024-01-01
8559,2024-01-01 03:45:00,True,03:45:00,2024-01-01
8560,2024-01-01 04:00:00,True,04:00:00,2024-01-01
8561,2024-01-01 04:15:00,True,04:15:00,2024-01-01
8562,2024-01-01 04:30:00,True,04:30:00,2024-01-01
8563,2024-01-01 04:45:00,True,04:45:00,2024-01-01
8564,2024-01-01 05:00:00,True,05:00:00,2024-01-01
8565,2024-01-01 05:15:00,True,05:15:00,2024-01-01
8566,2024-01-01 05:30:00,True,05:30:00,2024-01-01
8567,2024-01-01 05:45:00,True,05:45:00,2024-01-01
8568,2024-01-01 06:00:00,True,06:00:00,2024-01-01
8569,2024-01-01 06:15:00,True,06:15:00,2024-01-01
8570,2024-01-01 06:30:00,True,06:30:00,2024-01-01
8571,2024-01-01 06:45:00,True,06:45:00,2024-01-01
8572,2024-01-01 07:00:00,True,07:00:00,2024-01-01
8573,2024-01-01 07:15:00,True,07:15:00,2024-01-01
8574,2024-01-01 07:30:00,True,07:30:00,2024-01-01
8575,2024-01-01 07:45:00,True,07:45:00,2024-01-01
8576,2024-01-01 08:00:00,True,08:00:00,2024-01-01
8577,2024-01-01 08:15:00,True,08:15:00,2024-01-01
8578,2024-01-01 08:30:00,True,08:30:00,2024-01-01
8579,2024-01-01 08:45:00,True,08:45:00,2024-01-01
8580,2024-01-01 09:00:00,True,09:00:00,2024-01-01
8581,2024-01-01 09:15:00,True,09:15:00,2024-01-01
8582,2024-01-01 09:30:00,True,09:30:00,2024-01-01
8583,2024-01-01 09:45:00,True,09:45:00,2024-01-01
8584,2024-01-01 10:00:00,True,10:00:00,2024-01-01
8585,2024-01-01 10:15:00,True,10:15:00,2024-01-01
8586,2024-01-01 10:30:00,True,10:30:00,2024-01-01
8587,2024-01-01 10:45:00,True,10:45:00,2024-01-01
8588,2024-01-01 11:00:00,True,11:00:00,2024-01-01
8589,2024-01-01 11:15:00,True,11:15:00,2024-01-01
8590,2024-01-01 11:30:00,True,11:30:00,2024-01-01
8591,2024-01-01 11:45:00,True,11:45:00,2024-01-01
8592,2024-01-01 12:00:00,True,12:00:00,2024-01-01
8593,2024-01-01 12:15:00,True,12:15:00,2024-01-01
8594,2024-01-01 12:30:00,True,12:30:00,2024-01-01
8595,2024-01-01 12:45:00,True,12:45:00,2024-01-01
8596,2024-01-01 13:00:00,True,13:00:00,2024-01-01
8597,2024-01-01 13:15:00,True,13:15:00,2024-01-01
8598,2024-01-01 13:30:00,True,13:30:00,2024-01-01
8599,2024-01-01 13:45:00,True,13:45:00,2024-01-01
8600,2024-01-01 14:00:00,True,14:00:00,2024-01-01
8601,2024-01-01 14:15:00,True,14:15:00,2024-01-01
8602,2024-01-01 14:30:00,True,14:30:00,2024-01-01
8603,2024-01-01 14:45:00,True,14:45:00,2024-01-01
8604,2024-01-01 15:00:00,True,15:00:00,2024-01-01
8605,2024-01-01 15:15:00,True,15:15:00,2024-01-01
8606,2024-01-01 15:30:00,True,15:30:00,2024-01-01
8607,2024-01-01 15:45:00,True,15:45:00,2024-01-01
8608,2024-01-01 16:00:00,True,16:00:00,2024-01-01
8609,2024-01-01 16:15:00,True,16:15:00,2024-01-01
8610,2024-01-01 16:30:00,True,16:30:00,2024-01-01
8611,2024-01-01 16:45:00,True,16:45:00,2024-01-01
8612,2024-01-01 17:00:00,True,17:00:00,2024-01-01
8613,2024-01-01 17:15:00,True,17:15:00,2024-01-01
8614,2024-01-01 17:30:00,True,17:30:00,2024-01-01
8615,2024-01-01 17:45:00,True,17:45:00,2024-01-01
8616,2024-01-01 18:00:00,True,18:00:00,2024-01-01
8617,2024-01-01 18:15:00,True,18:15:00,2024-01-01
8618,2024-01-01 18:30:00,True,18:30:00,2024-01-01
8619,2024-01-01 18:45:00,True,18:45:00,2024-01-01
8620,2024-01-01 19:00:00,True,19:00:00,2024-01-01
8621,2024-01-01 19:15:00,True,19:15:00,2024-01-01
8622,2024-01-01 19:30:00,True,19:30:00,2024-01-01
8623,2024-01-01 19:45:00,True,19:45:00,2024-01-01
8624,2024-01-01 20:00:00,True,20:00:00,2024-01-01
8625,2024-01-01 20:15:00,True,20:15:00,2024-01-01
8626,2024-01-01 20:30:00,True,20:30:00,2024-01-01
8627,2024-01-01 20:45:00,True,20:45:00,2024-01-01
8628,2024-01-01 21:00:00,True,21:00:00,2024-01-01
8629,2024-01-01 21:15:00,True,21:15:00,2024-01-01
8630,2024-01-01 21:30:00,True,21:30:00,2024-01-01
8631,2024-01-01 21:45:00,True,21:45:00,2024-01-01
8632,2024-01-01 22:00:00,True,22:00:00,2024-01-01
8633,2024-01-01 22:15:00,True,22:15:00,2024-01-01
8634,2024-01-01 22:30:00,True,22:30:00,2024-01-01
8635,2024-01-01 22:45:00,True,22:45:00,2024-01-01
8636,2024-01-01 23:00:00,True,23:00:00,2024-01-01
8637,2024-01-01 23:15:00,True,23:15:00,2024-01-01
8638,2024-01-01 23:30:00,True,23:30:00,2024-01-01
8639,2024-01-01 23:45:00,True,23:45:00,2024-01-01
8640,2024-01-02 00:00:00,True,00:00:00,2024-01-02
8641,2024-01-02 00:15:00,True,00:15:00,2024-01-02
8642,2024-01-02 00:30:00,True,00:30:00,2024-01-02
8643,2024-01-02 00:45:00,True,00:45:00,2024-01-02
8644,2024-01-02 01:00:00,True,01:00:00,2024-01-02
8645,2024-01-02 01:15:00,True,01:15:00,2024-01-02
8646,2024-01-02 01:30:00,True,01:30:00,2024-01-02
8647,2024-01-02 01:45:00,True,01:45:00,2024-01-02
8648,2024-01-02 02:00:00,True,02:00:00,2024-01-02
8649,2024-01-02 02:15:00,True,02:15:00,2024-01-02
8650,2024-01-02 02:30:00,True,02:30:00,2024-01-02
8651,2024-01-02 02:45:00,True,02:45:00,2024-01-02
8652,2024-01-02 03:00:00,True,03:00:00,2024-01-02
8653,2024-01-02 03:15:00,True,03:15:00,2024-01-02
8654,2024-01-02 03:30:00,True,03:30:00,2024-01-02
8655,2024-01-02 03:45:00,True,03:45:00,2024-01-02
8656,2024-01-02 04:00:00,True,04:00:00,2024-01-02
8657,2024-01-02 04:15:00,True,04:15:00,2024-01-02
8658,2024-01-02 04:30:00,True,04:30:00,2024-01-02
8659,2024-01-02 04:45:00,True,04:45:00,2024-01-02
8660,2024-01-02 05:00:00,True,05:00:00,2024-01-02
8661,2024-01-02 05:15:00,True,05:15:00,2024-01-02
8662,2024-01-02 05:30:00,True,05:30:00,2024-01-02
8663,2024-01-02 05:45:00,True,05:45:00,2024-01-02
8664,2024-01-02 06:00:00,True,06:00:00,2024-01-02
8665,2024-01-02 06:15:00,True,06:15:00,2024-01-02
8666,2024-01-02 06:30:00,True,06:30:00,2024-01-02
8667,2024-01-02 06:45:00,True,06:45:00,2024-01-02
8668,2024-01-02 07:00:00,True,07:00:00,2024-01-02
8669,2024-01-02 07:15:00,True,07:15:00,2024-01-02
8670,2024-01-02 07:30:00,True,07:30:00,2024-01-02
8671,2024-01-02 07:45:00,True,07:45:00,2024-01-02
8672,2024-01-02 08:00:00,True,08:00:00,2024-01-02
8673,2024-01-02 08:15:00,True,08:15:00,2024-01-02
8674,2024-01-02 08:30:00,True,08:30:00,2024-01-02
8675,2024-01-02 08:45:00,True,08:45:00,2024-01-02
8676,2024-01-02 09:00:00,True,09:00:00,2024-01-02
8677,2024-01-02 09:15:00,True,09:15:00,2024-01-02
8678,2024-01-02 09:30:00,True,09:30:00,2024-01-02
8679,2024-01-02 09:45:00,True,09:45:00,2024-01-02
8680,2024-01-02 10:00:00,True,10:00:00,2024-01-02
8681,2024-01-02 10:15:00,True,10:15:00,2024-01-02
8682,2024-01-02 10:30:00,True,10:30:00,2024-01-02
8683,2024-01-02 10:45:00,True,10:45:00,2024-01-02
8684,2024-01-02 11:00:00,True,11:00:00,2024-01-02
8685,2024-01-02 11:15:00,True,11:15:00,2024-01-02
8686,2024-01-02 11:30:00,True,11:30:00,2024-01-02
8687,2024-01-02 11:45:00,True,11:45:00,2024-01-02
8688,2024-01-02 12:00:00,True,12:00:00,2024-01-02
8689,2024-01-02 12:15:00,True,12:15:00,2024-01-02
8690,2024-01-02 12:30:00,True,12:30:00,2024-01-02
8691,2024-01-02 12:45:00,True,12:45:00,2024-01-02
8692,2024-01-02 13:00:00,True,13:00:00,2024-01-02
8693,2024-01-02 13:15:00,True,13:15:00,2024-01-02
8694,2024-01-02 13:30:00,True,13:30:00,2024-01-02
8695,2024-01-02 13:45:00,True,13:45:00,2024-01-02
8696,2024-01-02 14:00:00,True,14:00:00,2024-01-02
8697,2024-01-02 14:15:00,True,14:15:00,2024-01-02
8698,2024-01-02 14:30:00,True,14:30:00,2024-01-02
8699,2024-01-02 14:45:00,True,14:45:00,2024-01-02
8700,2024-01-02 15:00:00,True,15:00:00,2024-01-02
8701,2024-01-02 15:15:00,True,15:15:00,2024-01-02
8702,2024-01-02 15:30:00,True,15:30:00,2024-01-02
8703,2024-01-02 15:45:00,True,15:45:00,2024-01-02
8704,2024-01-02 16:00:00,True,16:00:00,2024-01-02
8705,2024-01-02 16:15:00,True,16:15:00,2024-01-02
8706,2024-01-02 16:30:00,True,16:30:00,2024-01-02
8707,2024-01-02 16:45:00,True,16:45:00,2024-01-02
8708,2024-01-02 17:00:00,True,17:00:00,2024-01-02
8709,2024-01-02 17:15:00,True,17:15:00,2024-01-02
8710,2024-01-02 17:30:00,True,17:30:00,2024-01-02
8711,2024-01-02 17:45:00,True,17:45:00,2024-01-02
8712,2024-01-02 18:00:00,True,18:00:00,2024-01-02
8713,2024-01-02 18:15:00,True,18:15:00,2024-01-02
8714,2024-01-02 18:30:00,True,18:30:00,2024-01-02
8715,2024-01-02 18:45:00,True,18:45:00,2024-01-02
8716,2024-01-02 19:00:00,True,19:00:00,2024-01-02
8717,2024-01-02 19:15:00,True,19:15:00,2024-01-02
8718,2024-01-02 19:30:00,True,19:30:00,2024-01-02
8719,2024-01-02 19:45:00,True,19:45:00,2024-01-02
8720,2024-01-02 20:00:00,True,20:00:00,2024-01-02
8721,2024-01-02 20:15:00,True,20:15:00,2024-01-02
8722,2024-01-02 20:30:00,True,20:30:00,2024-01-02
8723,2024-01-02 20:45:00,True,20:45:00,2024-01-02
8724,2024-01-02 21:00:00,True,21:00:00,2024-01-02
8725,2024-01-02 21:15:00,True,21:15:00,2024-01-02
8726,2024-01-02 21:30:00,True,21:30:00,2024-01-02
8727,2024-01-02 21:45:00,True,21:45:00,2024-01-02
8728,2024-01-02 22:00:00,True,22:00:00,2024-01-02
8729,2024-01-02 22:15:00,True,22:15:00,2024-01-02
8730,2024-01-02 22:30:00,True,22:30:00,2024-01-02
8731,2024-01-02 22:45:00,True,22:45:00,2024-01-02
8732,2024-01-02 23:00:00,True,23:00:00,2024-01-02
8733,2024-01-02 23:15:00,True,23:15:00,2024-01-02
8734,2024-01-02 23:30:00,True,23:30:00,2024-01-02
8735,2024-01-02 23:45:00,True,23:45:00,2024-01-02
8736,2024-01-03 00:00:00,True,00:00:00,2024-01-03
8737,2024-01-03 00:15:00,True,00:15:00,2024-01-03
8738,2024-01-03 00:30:00,True,00:30:00,2024-01-03
8739,2024-01-03 00:45:00,True,00:45:00,2024-01-03
8740,2024-01-03 01:00:00,True,01:00:00,2024-01-03
8741,2024-01-03 01:15:00,True,01:15:00,2024-01-03
8742,2024-01-03 01:30:00,True,01:30:00,2024-01-03
8743,2024-01-03 01:45:00,True,01:45:00,2024-01-03
8744,2024-01-03 02:00:00,True,02:00:00,2024-01-03
8745,2024-01-03 02:15:00,True,02:15:00,2024-01-03
8746,2024-01-03 02:30:00,True,02:30:00,2024-01-03
8747,2024-01-03 02:45:00,True,02:45:00,2024-01-03
8748,2024-01-03 03:00:00,True,03:00:00,2024-01-03
8749,2024-01-03 03:15:00,True,03:15:00,2024-01-03
8750,2024-01-03 03:30:00,True,03:30:00,2024-01-03
8751,2024-01-03 03:45:00,True,03:45:00,2024-01-03
8752,2024-01-03 04:00:00,True,04:00:00,2024-01-03
8753,2024-01-03 04:15:00,True,04:15:00,2024-01-03
8754,2024-01-03 04:30:00,True,04:30:00,2024-01-03
8755,2024-01-03 04:45:00,True,04:45:00,2024-01-03
8756,2024-01-03 05:00:00,True,05:00:00,2024-01-03
8757,2024-01-03 05:15:00,True,05:15:00,2024-01-03
8758,2024-01-03 05:30:00,True,05:30:00,2024-01-03
8759,2024-01-03 05:45:00,True,05:45:00,2024-01-03
8760,2024-01-03 06:00:00,True,06:00:00,2024-01-03
8761,2024-01-03 06:15:00,True,06:15:00,2024-01-03
8762,2024-01-03 06:30:00,True,06:30:00,2024-01-03
8763,2024-01-03 06:45:00,True,06:45:00,2024-01-03
8764,2024-01-03 07:00:00,True,07:00:00,2024-01-03
8765,2024-01-03 07:15:00,True,07:15:00,2024-01-03
8766,2024-01-03 07:30:00,True,07:30:00,2024-01-03
8767,2024-01-03 07:45:00,True,07:45:00,2024-01-03
8768,2024-01-03 08:00:00,True,08:00:00,2024-01-03
8769,2024-01-03 08:15:00,True,08:15:00,2024-01-03
8770,2024-01-03 08:30:00,True,08:30:00,2024-01-03
8771,2024-01-03 08:45:00,True,08:45:00,2024-01-03
8772,2024-01-03 09:00:00,True,09:00:00,2024-01-03
8773,2024-01-03 09:15:00,True,09:15:00,2024-01-03
8774,2024-01-03 09:30:00,True,09:30:00,2024-01-03
8775,2024-01-03 09:45:00,True,09:45:00,2024-01-03
8776,2024-01-03 10:00:00,True,10:00:00,2024-01-03
8777,2024-01-03 10:15:00,True,10:15:00,2024-01-03
8778,2024-01-03 10:30:00,True,10:30:00,2024-01-03
8779,2024-01-03 10:45:00,True,10:45:00,2024-01-03
8780,2024-01-03 11:00:00,True,11:00:00,2024-01-03
8781,2024-01-03 11:15:00,True,11:15:00,2024-01-03
8782,2024-01-03 11:30:00,True,11:30:00,2024-01-03
8783,2024-01-03 11:45:00,True,11:45:00,2024-01-03
8784,2024-01-03 12:00:00,True,12:00:00,2024-01-03
8785,2024-01-03 12:15:00,True,12:15:00,2024-01-03
8786,2024-01-03 12:30:00,True,12:30:00,2024-01-03
8787,2024-01-03 12:45:00,True,12:45:00,2024-01-03
8788,2024-01-03 13:00:00,True,13:00:00,2024-01-03
8789,2024-01-03 13:15:00,True,13:15:00,2024-01-03
8790,2024-01-03 13:30:00,True,13:30:00,2024-01-03
8791,2024-01-03 13:45:00,True,13:45:00,2024-01-03
8792,2024-01-03 14:00:00,True,14:00:00,2024-01-03
8793,2024-01-03 14:15:00,True,14:15:00,2024-01-03
8794,2024-01-03 14:30:00,True,14:30:00,2024-01-03
8795,2024-01-03 14:45:00,True,14:45:00,2024-01-03
8796,2024-01-03 15:00:00,True,15:00:00,2024-01-03
8797,2024-01-03 15:15:00,True,15:15:00,2024-01-03
8798,2024-01-03 15:30:00,True,15:30:00,2024-01-03
8799,2024-01-03 15:45:00,True,15:45:00,2024-01-03
8800,2024-01-03 16:00:00,True,16:00:00,2024-01-03
8801,2024-01-03 16:15:00,True,16:15:00,2024-01-03
8802,2024-01-03 16:30:00,True,16:30:00,2024-01-03
8803,2024-01-03 16:45:00,True,16:45:00,2024-01-03
8804,2024-01-03 17:00:00,True,17:00:00,2024-01-03
8805,2024-01-03 17:15:00,True,17:15:00,2024-01-03
8806,2024-01-03 17:30:00,True,17:30:00,2024-01-03
8807,2024-01-03 17:45:00,True,17:45:00,2024-01-03
8808,2024-01-03 18:00:00,True,18:00:00,2024-01-03
8809,2024-01-03 18:15:00,True,18:15:00,2024-01-03
8810,2024-01-03 18:30:00,True,18:30:00,2024-01-03
8811,2024-01-03 18:45:00,True,18:45:00,2024-01-03
8812,2024-01-03 19:00:00,True,19:00:00,2024-01-03
8813,2024-01-03 19:15:00,True,19:15:00,2024-01-03
8814,2024-01-03 19:30:00,True,19:30:00,2024-01-03
8815,2024-01-03 19:45:00,True,19:45:00,2024-01-03
8816,2024-01-03 20:00:00,True,20:00:00,2024-01-03
8817,2024-01-03 20:15:00,True,20:15:00,2024-01-03
8818,2024-01-03 20:30:00,True,20:30:00,2024-01-03
8819,2024-01-03 20:45:00,True,20:45:00,2024-01-03
8820,2024-01-03 21:00:00,True,21:00:00,2024-01-03
8821,2024-01-03 21:15:00,True,21:15:00,2024-01-03
8822,2024-01-03 21:30:00,True,21:30:00,2024-01-03
8823,2024-01-03 21:45:00,True,21:45:00,2024-01-03
8824,2024-01-03 22:00:00,True,22:00:00,2024-01-03
8825,2024-01-03 22:15:00,True,22:15:00,2024-01-03
8826,2024-01-03 22:30:00,True,22:30:00,2024-01-03
8827,2024-01-03 22:45:00,True,22:45:00,2024-01-03
8828,2024-01-03 23:00:00,True,23:00:00,2024-01-03
8829,2024-01-03 23:15:00,True,23:15:00,2024-01-03
8830,2024-01-03 23:30:00,True,23:30:00,2024-01-03
8831,2024-01-03 23:45:00,True,23:45:00,2024-01-03
8832,2024-01-04 00:00:00,True,00:00:00,2024-01-04
8833,2024-01-04 00:15:00,True,00:15:00,2024-01-04
8834,2024-01-04 00:30:00,True,00:30:00,2024-01-04
8835,2024-01-04 00:45:00,True,00:45:00,2024-01-04
8836,2024-01-04 01:00:00,True,01:00:00,2024-01-04
8837,2024-01-04 01:15:00,True,01:15:00,2024-01-04
8838,2024-01-04 01:30:00,True,01:30:00,2024-01-04
8839,2024-01-04 01:45:00,True,01:45:00,2024-01-04
8840,2024-01-04 02:00:00,True,02:00:00,2024-01-04
8841,2024-01-04 02:15:00,True,02:15:00,2024-01-04
8842,2024-01-04 02:30:00,True,02:30:00,2024-01-04
8843,2024-01-04 02:45:00,True,02:45:00,2024-01-04
8844,2024-01-04 03:00:00,True,03:00:00,2024-01-04
8845,2024-01-04 03:15:00,True,03:15:00,2024-01-04
8846,2024-01-04 03:30:00,True,03:30:00,2024-01-04
8847,2024-01-04 03:45:00,True,03:45:00,2024-01-04
8848,2024-01-04 04:00:00,True,04:00:00,2024-01-04
8849,2024-01-04 04:15:00,True,04:15:00,2024-01-04
8850,2024-01-04 04:30:00,True,04:30:00,2024-01-04
8851,2024-01-04 04:45:00,True,04:45:00,2024-01-04
8852,2024-01-04 05:00:00,True,05:00:00,2024-01-04
8853,2024-01-04 05:15:00,True,05:15:00,2024-01-04
8854,2024-01-04 05:30:00,True,05:30:00,2024-01-04
8855,2024-01-04 05:45:00,True,05:45:00,2024-01-04
8856,2024-01-04 06:00:00,True,06:00:00,2024-01-04
8857,2024-01-04 06:15:00,True,06:15:00,2024-01-04
8858,2024-01-04 06:30:00,True,06:30:00,2024-01-04
8859,2024-01-04 06:45:00,True,06:45:00,2024-01-04
8860,2024-01-04 07:00:00,True,07:00:00,2024-01-04
8861,2024-01-04 07:15:00,True,07:15:00,2024-01-04
8862,2024-01-04 07:30:00,True,07:30:00,2024-01-04
8863,2024-01-04 07:45:00,True,07:45:00,2024-01-04
8864,2024-01-04 08:00:00,True,08:00:00,2024-01-04
8865,2024-01-04 08:15:00,True,08:15:00,2024-01-04
8866,2024-01-04 08:30:00,True,08:30:00,2024-01-04
8867,2024-01-04 08:45:00,True,08:45:00,2024-01-04
8868,2024-01-04 09:00:00,True,09:00:00,2024-01-04
8869,2024-01-04 09:15:00,True,09:15:00,2024-01-04
8870,2024-01-04 09:30:00,True,09:30:00,2024-01-04
8871,2024-01-04 09:45:00,True,09:45:00,2024-01-04
8872,2024-01-04 10:00:00,True,10:00:00,2024-01-04
8873,2024-01-04 10:15:00,True,10:15:00,2024-01-04
8874,2024-01-04 10:30:00,True,10:30:00,2024-01-04
8875,2024-01-04 10:45:00,True,10:45:00,2024-01-04
8876,2024-01-04 11:00:00,True,11:00:00,2024-01-04
8877,2024-01-04 11:15:00,True,11:15:00,2024-01-04
8878,2024-01-04 11:30:00,True,11:30:00,2024-01-04
8879,2024-01-04 11:45:00,True,11:45:00,2024-01-04
8880,2024-01-04 12:00:00,True,12:00:00,2024-01-04
8881,2024-01-04 12:15:00,True,12:15:00,2024-01-04
8882,2024-01-04 12:30:00,True,12:30:00,2024-01-04
8883,2024-01-04 12:45:00,True,12:45:00,2024-01-04
8884,2024-01-04 13:00:00,True,13:00:00,2024-01-04
8885,2024-01-04 13:15:00,True,13:15:00,2024-01-04
8886,2024-01-04 13:30:00,True,13:30:00,2024-01-04
8887,2024-01-04 13:45:00,True,13:45:00,2024-01-04
8888,2024-01-04 14:00:00,True,14:00:00,2024-01-04
8889,2024-01-04 14:15:00,True,14:15:00,2024-01-04
8890,2024-01-04 14:30:00,True,14:30:00,2024-01-04
8891,2024-01-04 14:45:00,True,14:45:00,2024-01-04
8892,2024-01-04 15:00:00,True,15:00:00,2024-01-04
8893,2024-01-04 15:15:00,True,15:15:00,2024-01-04
8894,2024-01-04 15:30:00,True,15:30:00,2024-01-04
8895,2024-01-04 15:45:00,True,15:45:00,2024-01-04
8896,2024-01-04 16:00:00,True,16:00:00,2024-01-04
8897,2024-01-04 16:15:00,True,16:15:00,2024-01-04
8898,2024-01-04 16:30:00,True,16:30:00,2024-01-04
8899,2024-01-04 16:45:00,True,16:45:00,2024-01-04
8900,2024-01-04 17:00:00,True,17:00:00,2024-01-04
8901,2024-01-04 17:15:00,True,17:15:00,2024-01-04
8902,2024-01-04 17:30:00,True,17:30:00,2024-01-04
8903,2024-01-04 17:45:00,True,17:45:00,2024-01-04
8904,2024-01-04 18:00:00,True,18:00:00,2024-01-04
8905,2024-01-04 18:15:00,True,18:15:00,2024-01-04
8906,2024-01-04 18:30:00,True,18:30:00,2024-01-04
8907,2024-01-04 18:45:00,True,18:45:00,2024-01-04
8908,2024-01-04 19:00:00,True,19:00:00,2024-01-04
8909,2024-01-04 19:15:00,True,19:15:00,2024-01-04
8910,2024-01-04 19:30:00,True,19:30:00,2024-01-04
8911,2024-01-04 19:45:00,True,19:45:00,2024-01-04
8912,2024-01-04 20:00:00,True,20:00:00,2024-01-04
8913,2024-01-04 20:15:00,True,20:15:00,2024-01-04
8914,2024-01-04 20:30:00,True,20:30:00,2024-01-04
8915,2024-01-04 20:45:00,True,20:45:00,2024-01-04
8916,2024-01-04 21:00:00,True,21:00:00,2024-01-04
8917,2024-01-04 21:15:00,True,21:15:00,2024-01-04
8918,2024-01-04 21:30:00,True,21:30:00,2024-01-04
8919,2024-01-04 21:45:00,True,21:45:00,2024-01-04
8920,2024-01-04 22:00:00,True,22:00:00,2024-01-04
8921,2024-01-04 22:15:00,True,22:15:00,2024-01-04
8922,2024-01-04 22:30:00,True,22:30:00,2024-01-04
8923,2024-01-04 22:45:00,True,22:45:00,2024-01-04
8924,2024-01-04 23:00:00,True,23:00:00,2024-01-04
8925,2024-01-04 23:15:00,True,23:15:00,2024-01-04
8926,2024-01-04 23:30:00,True,23:30:00,2024-01-04
8927,2024-01-04 23:45:00,True,23:45:00,2024-01-04
8928,2024-01-05 00:00:00,True,00:00:00,2024-01-05
8929,2024-01-05 00:15:00,True,00:15:00,2024-01-05
8930,2024-01-05 00:30:00,True,00:30:00,2024-01-05
8931,2024-01-05 00:45:00,True,00:45:00,2024-01-05
8932,2024-01-05 01:00:00,True,01:00:00,2024-01-05
8933,2024-01-05 01:15:00,True,01:15:00,2024-01-05
8934,2024-01-05 01:30:00,True,01:30:00,2024-01-05
8935,2024-01-05 01:45:00,True,01:45:00,2024-01-05
8936,2024-01-05 02:00:00,True,02:00:00,2024-01-05
8937,2024-01-05 02:15:00,True,02:15:00,2024-01-05
8938,2024-01-05 02:30:00,True,02:30:00,2024-01-05
8939,2024-01-05 02:45:00,True,02:45:00,2024-01-05
8940,2024-01-05 03:00:00,True,03:00:00,2024-01-05
8941,2024-01-05 03:15:00,True,03:15:00,2024-01-05
8942,2024-01-05 03:30:00,True,03:30:00,2024-01-05
8943,2024-01-05 03:45:00,True,03:45:00,2024-01-05
8944,2024-01-05 04:00:00,True,04:00:00,2024-01-05
8945,2024-01-05 04:15:00,True,04:15:00,2024-01-05
8946,2024-01-05 04:30:00,True,04:30:00,2024-01-05
8947,2024-01-05 04:45:00,True,04:45:00,2024-01-05
8948,2024-01-05 05:00:00,True,05:00:00,2024-01-05
8949,2024-01-05 05:15:00,True,05:15:00,2024-01-05
8950,2024-01-05 05:30:00,True,05:30:00,2024-01-05
8951,2024-01-05 05:45:00,True,05:45:00,2024-01-05
8952,2024-01-05 06:00:00,True,06:00:00,2024-01-05
8953,2024-01-05 06:15:00,True,06:15:00,2024-01-05
8954,2024-01-05 06:30:00,True,06:30:00,2024-01-05
8955,2024-01-05 06:45:00,True,06:45:00,2024-01-05
8956,2024-01-05 07:00:00,True,07:00:00,2024-01-05
8957,2024-01-05 07:15:00,True,07:15:00,2024-01-05
8958,2024-01-05 07:30:00,True,07:30:00,2024-01-05
8959,2024-01-05 07:45:00,True,07:45:00,2024-01-05
8960,2024-01-05 08:00:00,True,08:00:00,2024-01-05
8961,2024-01-05 08:15:00,True,08:15:00,2024-01-05
8962,2024-01-05 08:30:00,True,08:30:00,2024-01-05
8963,2024-01-05 08:45:00,True,08:45:00,2024-01-05
8964,2024-01-05 09:00:00,True,09:00:00,2024-01-05
8965,2024-01-05 09:15:00,True,09:15:00,2024-01-05
8966,2024-01-05 09:30:00,True,09:30:00,2024-01-05
8967,2024-01-05 09:45:00,True,09:45:00,2024-01-05
8968,2024-01-05 10:00:00,True,10:00:00,2024-01-05
8969,2024-01-05 10:15:00,True,10:15:00,2024-01-05
8970,2024-01-05 10:30:00,True,10:30:00,2024-01-05
8971,2024-01-05 10:45:00,True,10:45:00,2024-01-05
8972,2024-01-05 11:00:00,True,11:00:00,2024-01-05
8973,2024-01-05 11:15:00,True,11:15:00,2024-01-05
8974,2024-01-05 11:30:00,True,11:30:00,2024-01-05
8975,2024-01-05 11:45:00,True,11:45:00,2024-01-05
8976,2024-01-05 12:00:00,True,12:00:00,2024-01-05
8977,2024-01-05 12:15:00,True,12:15:00,2024-01-05
8978,2024-01-05 12:30:00,True,12:30:00,2024-01-05
8979,2024-01-05 12:45:00,True,12:45:00,2024-01-05
8980,2024-01-05 13:00:00,True,13:00:00,2024-01-05
8981,2024-01-05 13:15:00,True,13:15:00,2024-01-05
8982,2024-01-05 13:30:00,True,13:30:00,2024-01-05
8983,2024-01-05 13:45:00,True,13:45:00,2024-01-05
8984,2024-01-05 14:00:00,True,14:00:00,2024-01-05
8985,2024-01-05 14:15:00,True,14:15:00,2024-01-05
8986,2024-01-05 14:30:00,True,14:30:00,2024-01-05
8987,2024-01-05 14:45:00,True,14:45:00,2024-01-05
8988,2024-01-05 15:00:00,True,15:00:00,2024-01-05
8989,2024-01-05 15:15:00,True,15:15:00,2024-01-05
8990,2024-01-05 15:30:00,True,15:30:00,2024-01-05
8991,2024-01-05 15:45:00,True,15:45:00,2024-01-05
8992,2024-01-05 16:00:00,True,16:00:00,2024-01-05
8993,2024-01-05 16:15:00,True,16:15:00,2024-01-05
8994,2024-01-05 16:30:00,True,16:30:00,2024-01-05
8995,2024-01-05 16:45:00,True,16:45:00,2024-01-05
8996,2024-01-05 17:00:00,True,17:00:00,2024-01-05
8997,2024-01-05 17:15:00,True,17:15:00,2024-01-05
8998,2024-01-05 17:30:00,True,17:30:00,2024-01-05
8999,2024-01-05 17:45:00,True,17:45:00,2024-01-05
9000,2024-01-05 18:00:00,True,18:00:00,2024-01-05
9001,2024-01-05 18:15:00,True,18:15:00,2024-01-05
9002,2024-01-05 18:30:00,True,18:30:00,2024-01-05
9003,2024-01-05 18:45:00,True,18:45:00,2024-01-05
9004,2024-01-05 19:00:00,True,19:00:00,2024-01-05
9005,2024-01-05 19:15:00,True,19:15:00,2024-01-05
9006,2024-01-05 19:30:00,True,19:30:00,2024-01-05
9007,2024-01-05 19:45:00,True,19:45:00,2024-01-05
9008,2024-01-05 20:00:00,True,20:00:00,2024-01-05
9009,2024-01-05 20:15:00,True,20:15:00,2024-01-05
9010,2024-01-05 20:30:00,True,20:30:00,2024-01-05
9011,2024-01-05 20:45:00,True,20:45:00,2024-01-05
9012,2024-01-05 21:00:00,True,21:00:00,2024-01-05
9013,2024-01-05 21:15:00,True,21:15:00,2024-01-05
9014,2024-01-05 21:30:00,True,21:30:00,2024-01-05
9015,2024-01-05 21:45:00,True,21:45:00,2024-01-05
9016,2024-01-05 22:00:00,True,22:00:00,2024-01-05
9017,2024-01-05 22:15:00,True,22:15:00,2024-01-05
9018,2024-01-05 22:30:00,True,22:30:00,2024-01-05
9019,2024-01-05 22:45:00,True,22:45:00,2024-01-05
9020,2024-01-05 23:00:00,True,23:00:00,2024-01-05
9021,2024-01-05 23:15:00,True,23:15:00,2024-01-05
9022,2024-01-05 23:30:00,True,23:30:00,2024-01-05
9023,2024-01-05 23:45:00,True,23:45:00,2024-01-05
9024,2024-01-06 00:00:00,True,00:00:00,2024-01-06
9025,2024-01-06 00:15:00,True,00:15:00,2024-01-06
9026,2024-01-06 00:30:00,True,00:30:00,2024-01-06
9027,2024-01-06 00:45:00,True,00:45:00,2024-01-06
9028,2024-01-06 01:00:00,True,01:00:00,2024-01-06
9029,2024-01-06 01:15:00,True,01:15:00,2024-01-06
9030,2024-01-06 01:30:00,True,01:30:00,2024-01-06
9031,2024-01-06 01:45:00,True,01:45:00,2024-01-06
9032,2024-01-06 02:00:00,True,02:00:00,2024-01-06
9033,2024-01-06 02:15:00,True,02:15:00,2024-01-06
9034,2024-01-06 02:30:00,True,02:30:00,2024-01-06
9035,2024-01-06 02:45:00,True,02:45:00,2024-01-06
9036,2024-01-06 03:00:00,True,03:00:00,2024-01-06
9037,2024-01-06 03:15:00,True,03:15:00,2024-01-06
9038,2024-01-06 03:30:00,True,03:30:00,2024-01-06
9039,2024-01-06 03:45:00,True,03:45:00,2024-01-06
9040,2024-01-06 04:00:00,True,04:00:00,2024-01-06
9041,2024-01-06 04:15:00,True,04:15:00,2024-01-06
9042,2024-01-06 04:30:00,True,04:30:00,2024-01-06
9043,2024-01-06 04:45:00,True,04:45:00,2024-01-06
9044,2024-01-06 05:00:00,True,05:00:00,2024-01-06
9045,2024-01-06 05:15:00,True,05:15:00,2024-01-06
9046,2024-01-06 05:30:00,True,05:30:00,2024-01-06
9047,2024-01-06 05:45:00,True,05:45:00,2024-01-06
9048,2024-01-06 06:00:00,True,06:00:00,2024-01-06
9049,2024-01-06 06:15:00,True,06:15:00,2024-01-06
9050,2024-01-06 06:30:00,True,06:30:00,2024-01-06
9051,2024-01-06 06:45:00,True,06:45:00,2024-01-06
9052,2024-01-06 07:00:00,True,07:00:00,2024-01-06
9053,2024-01-06 07:15:00,True,07:15:00,2024-01-06
9054,2024-01-06 07:30:00,True,07:30:00,2024-01-06
9055,2024-01-06 07:45:00,True,07:45:00,2024-01-06
9056,2024-01-06 08:00:00,True,08:00:00,2024-01-06
9057,2024-01-06 08:15:00,True,08:15:00,2024-01-06
9058,2024-01-06 08:30:00,True,08:30:00,2024-01-06
9059,2024-01-06 08:45:00,True,08:45:00,2024-01-06
9060,2024-01-06 09:00:00,True,09:00:00,2024-01-06
9061,2024-01-06 09:15:00,True,09:15:00,2024-01-06
9062,2024-01-06 09:30:00,True,09:30:00,2024-01-06
9063,2024-01-06 09:45:00,True,09:45:00,2024-01-06
9064,2024-01-06 10:00:00,True,10:00:00,2024-01-06
9065,2024-01-06 10:15:00,True,10:15:00,2024-01-06
9066,2024-01-06 10:30:00,True,10:30:00,2024-01-06
9067,2024-01-06 10:45:00,True,10:45:00,2024-01-06
9068,2024-01-06 11:00:00,True,11:00:00,2024-01-06
9069,2024-01-06 11:15:00,True,11:15:00,2024-01-06
9070,2024-01-06 11:30:00,True,11:30:00,2024-01-06
9071,2024-01-06 11:45:00,True,11:45:00,2024-01-06
9072,2024-01-06 12:00:00,True,12:00:00,2024-01-06
9073,2024-01-06 12:15:00,True,12:15:00,2024-01-06
9074,2024-01-06 12:30:00,True,12:30:00,2024-01-06
9075,2024-01-06 12:45:00,True,12:45:00,2024-01-06
9076,2024-01-06 13:00:00,True,13:00:00,2024-01-06
9077,2024-01-06 13:15:00,True,13:15:00,2024-01-06
9078,2024-01-06 13:30:00,True,13:30:00,2024-01-06
9079,2024-01-06 13:45:00,True,13:45:00,2024-01-06
9080,2024-01-06 14:00:00,True,14:00:00,2024-01-06
9081,2024-01-06 14:15:00,True,14:15:00,2024-01-06
9082,2024-01-06 14:30:00,True,14:30:00,2024-01-06
9083,2024-01-06 14:45:00,True,14:45:00,2024-01-06
9084,2024-01-06 15:00:00,True,15:00:00,2024-01-06
9085,2024-01-06 15:15:00,True,15:15:00,2024-01-06
9086,2024-01-06 15:30:00,True,15:30:00,2024-01-06
9087,2024-01-06 15:45:00,True,15:45:00,2024-01-06
9088,2024-01-06 16:00:00,True,16:00:00,2024-01-06
9089,2024-01-06 16:15:00,True,16:15:00,2024-01-06
9090,2024-01-06 16:30:00,True,16:30:00,2024-01-06
9091,2024-01-06 16:45:00,True,16:45:00,2024-01-06
9092,2024-01-06 17:00:00,True,17:00:00,2024-01-06
9093,2024-01-06 17:15:00,True,17:15:00,2024-01-06
9094,2024-01-06 17:30:00,True,17:30:00,2024-01-06
9095,2024-01-06 17:45:00,True,17:45:00,2024-01-06
9096,2024-01-06 18:00:00,True,18:00:00,2024-01-06
9097,2024-01-06 18:15:00,True,18:15:00,2024-01-06
9098,2024-01-06 18:30:00,True,18:30:00,2024-01-06
9099,2024-01-06 18:45:00,True,18:45:00,2024-01-06
9100,2024-01-06 19:00:00,True,19:00:00,2024-01-06
9101,2024-01-06 19:15:00,True,19:15:00,2024-01-06
9102,2024-01-06 19:30:00,True,19:30:00,2024-01-06
9103,2024-01-06 19:45:00,True,19:45:00,2024-01-06
9104,2024-01-06 20:00:00,True,20:00:00,2024-01-06
9105,2024-01-06 20:15:00,True,20:15:00,2024-01-06
9106,2024-01-06 20:30:00,True,20:30:00,2024-01-06
9107,2024-01-06 20:45:00,True,20:45:00,2024-01-06
9108,2024-01-06 21:00:00,True,21:00:00,2024-01-06
9109,2024-01-06 21:15:00,True,21:15:00,2024-01-06
9110,2024-01-06 21:30:00,True,21:30:00,2024-01-06
9111,2024-01-06 21:45:00,True,21:45:00,2024-01-06
9112,2024-01-06 22:00:00,True,22:00:00,2024-01-06
9113,2024-01-06 22:15:00,True,22:15:00,2024-01-06
9114,2024-01-06 22:30:00,True,22:30:00,2024-01-06
9115,2024-01-06 22:45:00,True,22:45:00,2024-01-06
9116,2024-01-06 23:00:00,True,23:00:00,2024-01-06
9117,2024-01-06 23:15:00,True,23:15:00,2024-01-06
9118,2024-01-06 23:30:00,True,23:30:00,2024-01-06
9119,2024-01-06 23:45:00,True,23:45:00,2024-01-06
9120,2024-01-07 00:00:00,True,00:00:00,2024-01-07
9121,2024-01-07 00:15:00,True,00:15:00,2024-01-07
9122,2024-01-07 00:30:00,True,00:30:00,2024-01-07
9123,2024-01-07 00:45:00,True,00:45:00,2024-01-07
9124,2024-01-07 01:00:00,True,01:00:00,2024-01-07
9125,2024-01-07 01:15:00,True,01:15:00,2024-01-07
9126,2024-01-07 01:30:00,True,01:30:00,2024-01-07
9127,2024-01-07 01:45:00,True,01:45:00,2024-01-07
9128,2024-01-07 02:00:00,True,02:00:00,2024-01-07
9129,2024-01-07 02:15:00,True,02:15:00,2024-01-07
9130,2024-01-07 02:30:00,True,02:30:00,2024-01-07
9131,2024-01-07 02:45:00,True,02:45:00,2024-01-07
9132,2024-01-07 03:00:00,True,03:00:00,2024-01-07
9133,2024-01-07 03:15:00,True,03:15:00,2024-01-07
9134,2024-01-07 03:30:00,True,03:30:00,2024-01-07
9135,2024-01-07 03:45:00,True,03:45:00,2024-01-07
9136,2024-01-07 04:00:00,True,04:00:00,2024-01-07
9137,2024-01-07 04:15:00,True,04:15:00,2024-01-07
9138,2024-01-07 04:30:00,True,04:30:00,2024-01-07
9139,2024-01-07 04:45:00,True,04:45:00,2024-01-07
9140,2024-01-07 05:00:00,True,05:00:00,2024-01-07
9141,2024-01-07 05:15:00,True,05:15:00,2024-01-07
9142,2024-01-07 05:30:00,True,05:30:00,2024-01-07
9143,2024-01-07 05:45:00,True,05:45:00,2024-01-07
9144,2024-01-07 06:00:00,True,06:00:00,2024-01-07
9145,2024-01-07 06:15:00,True,06:15:00,2024-01-07
9146,2024-01-07 06:30:00,True,06:30:00,2024-01-07
9147,2024-01-07 06:45:00,True,06:45:00,2024-01-07
9148,2024-01-07 07:00:00,True,07:00:00,2024-01-07
9149,2024-01-07 07:15:00,True,07:15:00,2024-01-07
9150,2024-01-07 07:30:00,True,07:30:00,2024-01-07
9151,2024-01-07 07:45:00,True,07:45:00,2024-01-07
9152,2024-01-07 08:00:00,True,08:00:00,2024-01-07
9153,2024-01-07 08:15:00,True,08:15:00,2024-01-07
9154,2024-01-07 08:30:00,True,08:30:00,2024-01-07
9155,2024-01-07 08:45:00,True,08:45:00,2024-01-07
9156,2024-01-07 09:00:00,True,09:00:00,2024-01-07
9157,2024-01-07 09:15:00,True,09:15:00,2024-01-07
9158,2024-01-07 09:30:00,True,09:30:00,2024-01-07
9159,2024-01-07 09:45:00,True,09:45:00,2024-01-07
9160,2024-01-07 10:00:00,True,10:00:00,2024-01-07
9161,2024-01-07 10:15:00,True,10:15:00,2024-01-07
9162,2024-01-07 10:30:00,True,10:30:00,2024-01-07
9163,2024-01-07 10:45:00,True,10:45:00,2024-01-07
9164,2024-01-07 11:00:00,True,11:00:00,2024-01-07
9165,2024-01-07 11:15:00,True,11:15:00,2024-01-07
9166,2024-01-07 11:30:00,True,11:30:00,2024-01-07
9167,2024-01-07 11:45:00,True,11:45:00,2024-01-07
9168,2024-01-07 12:00:00,True,12:00:00,2024-01-07
9169,2024-01-07 12:15:00,True,12:15:00,2024-01-07
9170,2024-01-07 12:30:00,True,12:30:00,2024-01-07
9171,2024-01-07 12:45:00,True,12:45:00,2024-01-07
9172,2024-01-07 13:00:00,True,13:00:00,2024-01-07
9173,2024-01-07 13:15:00,True,13:15:00,2024-01-07
9174,2024-01-07 13:30:00,True,13:30:00,2024-01-07
9175,2024-01-07 13:45:00,True,13:45:00,2024-01-07
9176,2024-01-07 14:00:00,True,14:00:00,2024-01-07
9177,2024-01-07 14:15:00,True,14:15:00,2024-01-07
9178,2024-01-07 14:30:00,True,14:30:00,2024-01-07
9179,2024-01-07 14:45:00,True,14:45:00,2024-01-07
9180,2024-01-07 15:00:00,True,15:00:00,2024-01-07
9181,2024-01-07 15:15:00,True,15:15:00,2024-01-07
9182,2024-01-07 15:30:00,True,15:30:00,2024-01-07
9183,2024-01-07 15:45:00,True,15:45:00,2024-01-07
9184,2024-01-07 16:00:00,True,16:00:00,2024-01-07
9185,2024-01-07 16:15:00,True,16:15:00,2024-01-07
9186,2024-01-07 16:30:00,True,16:30:00,2024-01-07
9187,2024-01-07 16:45:00,True,16:45:00,2024-01-07
9188,2024-01-07 17:00:00,True,17:00:00,2024-01-07
9189,2024-01-07 17:15:00,True,17:15:00,2024-01-07
9190,2024-01-07 17:30:00,True,17:30:00,2024-01-07
9191,2024-01-07 17:45:00,True,17:45:00,2024-01-07
9192,2024-01-07 18:00:00,True,18:00:00,2024-01-07
9193,2024-01-07 18:15:00,True,18:15:00,2024-01-07
9194,2024-01-07 18:30:00,True,18:30:00,2024-01-07
9195,2024-01-07 18:45:00,True,18:45:00,2024-01-07
9196,2024-01-07 19:00:00,True,19:00:00,2024-01-07
9197,2024-01-07 19:15:00,True,19:15:00,2024-01-07
9198,2024-01-07 19:30:00,True,19:30:00,2024-01-07
9199,2024-01-07 19:45:00,True,19:45:00,2024-01-07
9200,2024-01-07 20:00:00,True,20:00:00,2024-01-07
9201,2024-01-07 20:15:00,True,20:15:00,2024-01-07
9202,2024-01-07 20:30:00,True,20:30:00,2024-01-07
9203,2024-01-07 20:45:00,True,20:45:00,2024-01-07
9204,2024-01-07 21:00:00,True,21:00:00,2024-01-07
9205,2024-01-07 21:15:00,True,21:15:00,2024-01-07
9206,2024-01-07 21:30:00,True,21:30:00,2024-01-07
9207,2024-01-07 21:45:00,True,21:45:00,2024-01-07
9208,2024-01-07 22:00:00,True,22:00:00,2024-01-07
9209,2024-01-07 22:15:00,True,22:15:00,2024-01-07
9210,2024-01-07 22:30:00,True,22:30:00,2024-01-07
9211,2024-01-07 22:45:00,True,22:45:00,2024-01-07
9212,2024-01-07 23:00:00,True,23:00:00,2024-01-07
9213,2024-01-07 23:15:00,True,23:15:00,2024-01-07
9214,2024-01-07 23:30:00,True,23:30:00,2024-01-07
9215,2024-01-07 23:45:00,True,23:45:00,2024-01-07
9216,2024-01-08 00:00:00,True,00:00:00,2024-01-08
9217,2024-01-08 00:15:00,True,00:15:00,2024-01-08
9218,2024-01-08 00:30:00,True,00:30:00,2024-01-08
9219,2024-01-08 00:45:00,True,00:45:00,2024-01-08
9220,2024-01-08 01:00:00,True,01:00:00,2024-01-08
9221,2024-01-08 01:15:00,True,01:15:00,2024-01-08
9222,2024-01-08 01:30:00,True,01:30:00,2024-01-08
9223,2024-01-08 01:45:00,True,01:45:00,2024-01-08
9224,2024-01-08 02:00:00,True,02:00:00,2024-01-08
9225,2024-01-08 02:15:00,True,02:15:00,2024-01-08
9226,2024-01-08 02:30:00,True,02:30:00,2024-01-08
9227,2024-01-08 02:45:00,True,02:45:00,2024-01-08
9228,2024-01-08 03:00:00,True,03:00:00,2024-01-08
9229,2024-01-08 03:15:00,True,03:15:00,2024-01-08
9230,2024-01-08 03:30:00,True,03:30:00,2024-01-08
9231,2024-01-08 03:45:00,True,03:45:00,2024-01-08
9232,2024-01-08 04:00:00,True,04:00:00,2024-01-08
9233,2024-01-08 04:15:00,True,04:15:00,2024-01-08
9234,2024-01-08 04:30:00,True,04:30:00,2024-01-08
9235,2024-01-08 04:45:00,True,04:45:00,2024-01-08
9236,2024-01-08 05:00:00,True,05:00:00,2024-01-08
9237,2024-01-08 05:15:00,True,05:15:00,2024-01-08
9238,2024-01-08 05:30:00,True,05:30:00,2024-01-08
9239,2024-01-08 05:45:00,True,05:45:00,2024-01-08
9240,2024-01-08 06:00:00,True,06:00:00,2024-01-08
9241,2024-01-08 06:15:00,True,06:15:00,2024-01-08
9242,2024-01-08 06:30:00,True,06:30:00,2024-01-08
9243,2024-01-08 06:45:00,True,06:45:00,2024-01-08
9244,2024-01-08 07:00:00,True,07:00:00,2024-01-08
9245,2024-01-08 07:15:00,True,07:15:00,2024-01-08
9246,2024-01-08 07:30:00,True,07:30:00,2024-01-08
9247,2024-01-08 07:45:00,True,07:45:00,2024-01-08
9248,2024-01-08 08:00:00,True,08:00:00,2024-01-08
9249,2024-01-08 08:15:00,True,08:15:00,2024-01-08
9250,2024-01-08 08:30:00,True,08:30:00,2024-01-08
9251,2024-01-08 08:45:00,True,08:45:00,2024-01-08
9252,2024-01-08 09:00:00,True,09:00:00,2024-01-08
9253,2024-01-08 09:15:00,True,09:15:00,2024-01-08
9254,2024-01-08 09:30:00,True,09:30:00,2024-01-08
9255,2024-01-08 09:45:00,True,09:45:00,2024-01-08
9256,2024-01-08 10:00:00,True,10:00:00,2024-01-08
9257,2024-01-08 10:15:00,True,10:15:00,2024-01-08
9258,2024-01-08 10:30:00,True,10:30:00,2024-01-08
9259,2024-01-08 10:45:00,True,10:45:00,2024-01-08
9260,2024-01-08 11:00:00,True,11:00:00,2024-01-08
9261,2024-01-08 11:15:00,True,11:15:00,2024-01-08
9262,2024-01-08 11:30:00,True,11:30:00,2024-01-08
9263,2024-01-08 11:45:00,True,11:45:00,2024-01-08
9264,2024-01-08 12:00:00,True,12:00:00,2024-01-08
9265,2024-01-08 12:15:00,True,12:15:00,2024-01-08
9266,2024-01-08 12:30:00,True,12:30:00,2024-01-08
9267,2024-01-08 12:45:00,True,12:45:00,2024-01-08
9268,2024-01-08 13:00:00,True,13:00:00,2024-01-08
9269,2024-01-08 13:15:00,True,13:15:00,2024-01-08
9270,2024-01-08 13:30:00,True,13:30:00,2024-01-08
9271,2024-01-08 13:45:00,True,13:45:00,2024-01-08
9272,2024-01-08 14:00:00,True,14:00:00,2024-01-08
9273,2024-01-08 14:15:00,True,14:15:00,2024-01-08
9274,2024-01-08 14:30:00,True,14:30:00,2024-01-08
9275,2024-01-08 14:45:00,True,14:45:00,2024-01-08
9276,2024-01-08 15:00:00,True,15:00:00,2024-01-08
9277,2024-01-08 15:15:00,True,15:15:00,2024-01-08
9278,2024-01-08 15:30:00,True,15:30:00,2024-01-08
9279,2024-01-08 15:45:00,True,15:45:00,2024-01-08
9280,2024-01-08 16:00:00,True,16:00:00,2024-01-08
9281,2024-01-08 16:15:00,True,16:15:00,2024-01-08
9282,2024-01-08 16:30:00,True,16:30:00,2024-01-08
9283,2024-01-08 16:45:00,True,16:45:00,2024-01-08
9284,2024-01-08 17:00:00,True,17:00:00,2024-01-08
9285,2024-01-08 17:15:00,True,17:15:00,2024-01-08
9286,2024-01-08 17:30:00,True,17:30:00,2024-01-08
9287,2024-01-08 17:45:00,True,17:45:00,2024-01-08
9288,2024-01-08 18:00:00,True,18:00:00,2024-01-08
9289,2024-01-08 18:15:00,True,18:15:00,2024-01-08
9290,2024-01-08 18:30:00,True,18:30:00,2024-01-08
9291,2024-01-08 18:45:00,True,18:45:00,2024-01-08
9292,2024-01-08 19:00:00,True,19:00:00,2024-01-08
9293,2024-01-08 19:15:00,True,19:15:00,2024-01-08
9294,2024-01-08 19:30:00,True,19:30:00,2024-01-08
9295,2024-01-08 19:45:00,True,19:45:00,2024-01-08
9296,2024-01-08 20:00:00,True,20:00:00,2024-01-08
9297,2024-01-08 20:15:00,True,20:15:00,2024-01-08
9298,2024-01-08 20:30:00,True,20:30:00,2024-01-08
9299,2024-01-08 20:45:00,True,20:45:00,2024-01-08
9300,2024-01-08 21:00:00,True,21:00:00,2024-01-08
9301,2024-01-08 21:15:00,True,21:15:00,2024-01-08
9302,2024-01-08 21:30:00,True,21:30:00,2024-01-08
9303,2024-01-08 21:45:00,True,21:45:00,2024-01-08
9304,2024-01-08 22:00:00,True,22:00:00,2024-01-08
9305,2024-01-08 22:15:00,True,22:15:00,2024-01-08
9306,2024-01-08 22:30:00,True,22:30:00,2024-01-08
9307,2024-01-08 22:45:00,True,22:45:00,2024-01-08
9308,2024-01-08 23:00:00,True,23:00:00,2024-01-08
9309,2024-01-08 23:15:00,True,23:15:00,2024-01-08
9310,2024-01-08 23:30:00,True,23:30:00,2024-01-08
9311,2024-01-08 23:45:00,True,23:45:00,2024-01-08
9312,2024-01-09 00:00:00,True,00:00:00,2024-01-09
9313,2024-01-09 00:15:00,True,00:15:00,2024-01-09
9314,2024-01-09 00:30:00,True,00:30:00,2024-01-09
9315,2024-01-09 00:45:00,True,00:45:00,2024-01-09
9316,2024-01-09 01:00:00,True,01:00:00,2024-01-09
9317,2024-01-09 01:15:00,True,01:15:00,2024-01-09
9318,2024-01-09 01:30:00,True,01:30:00,2024-01-09
9319,2024-01-09 01:45:00,True,01:45:00,2024-01-09
9320,2024-01-09 02:00:00,True,02:00:00,2024-01-09
9321,2024-01-09 02:15:00,True,02:15:00,2024-01-09
9322,2024-01-09 02:30:00,True,02:30:00,2024-01-09
9323,2024-01-09 02:45:00,True,02:45:00,2024-01-09
9324,2024-01-09 03:00:00,True,03:00:00,2024-01-09
9325,2024-01-09 03:15:00,True,03:15:00,2024-01-09
9326,2024-01-09 03:30:00,True,03:30:00,2024-01-09
9327,2024-01-09 03:45:00,True,03:45:00,2024-01-09
9328,2024-01-09 04:00:00,True,04:00:00,2024-01-09
9329,2024-01-09 04:15:00,True,04:15:00,2024-01-09
9330,2024-01-09 04:30:00,True,04:30:00,2024-01-09
9331,2024-01-09 04:45:00,True,04:45:00,2024-01-09
9332,2024-01-09 05:00:00,True,05:00:00,2024-01-09
9333,2024-01-09 05:15:00,True,05:15:00,2024-01-09
9334,2024-01-09 05:30:00,True,05:30:00,2024-01-09
9335,2024-01-09 05:45:00,True,05:45:00,2024-01-09
9336,2024-01-09 06:00:00,True,06:00:00,2024-01-09
9337,2024-01-09 06:15:00,True,06:15:00,2024-01-09
9338,2024-01-09 06:30:00,True,06:30:00,2024-01-09
9339,2024-01-09 06:45:00,True,06:45:00,2024-01-09
9340,2024-01-09 07:00:00,True,07:00:00,2024-01-09
9341,2024-01-09 07:15:00,True,07:15:00,2024-01-09
9342,2024-01-09 07:30:00,True,07:30:00,2024-01-09
9343,2024-01-09 07:45:00,True,07:45:00,2024-01-09
9344,2024-01-09 08:00:00,True,08:00:00,2024-01-09
9345,2024-01-09 08:15:00,True,08:15:00,2024-01-09
9346,2024-01-09 08:30:00,True,08:30:00,2024-01-09
9347,2024-01-09 08:45:00,True,08:45:00,2024-01-09
9348,2024-01-09 09:00:00,True,09:00:00,2024-01-09
9349,2024-01-09 09:15:00,True,09:15:00,2024-01-09
9350,2024-01-09 09:30:00,True,09:30:00,2024-01-09
9351,2024-01-09 09:45:00,True,09:45:00,2024-01-09
9352,2024-01-09 10:00:00,True,10:00:00,2024-01-09
9353,2024-01-09 10:15:00,True,10:15:00,2024-01-09
9354,2024-01-09 10:30:00,True,10:30:00,2024-01-09
9355,2024-01-09 10:45:00,True,10:45:00,2024-01-09
9356,2024-01-09 11:00:00,True,11:00:00,2024-01-09
9357,2024-01-09 11:15:00,True,11:15:00,2024-01-09
9358,2024-01-09 11:30:00,True,11:30:00,2024-01-09
9359,2024-01-09 11:45:00,True,11:45:00,2024-01-09
9360,2024-01-09 12:00:00,True,12:00:00,2024-01-09
9361,2024-01-09 12:15:00,True,12:15:00,2024-01-09
9362,2024-01-09 12:30:00,True,12:30:00,2024-01-09
9363,2024-01-09 12:45:00,True,12:45:00,2024-01-09
9364,2024-01-09 13:00:00,True,13:00:00,2024-01-09
9365,2024-01-09 13:15:00,True,13:15:00,2024-01-09
9366,2024-01-09 13:30:00,True,13:30:00,2024-01-09
9367,2024-01-09 13:45:00,True,13:45:00,2024-01-09
9368,2024-01-09 14:00:00,True,14:00:00,2024-01-09
9369,2024-01-09 14:15:00,True,14:15:00,2024-01-09
9370,2024-01-09 14:30:00,True,14:30:00,2024-01-09
9371,2024-01-09 14:45:00,True,14:45:00,2024-01-09
9372,2024-01-09 15:00:00,True,15:00:00,2024-01-09
9373,2024-01-09 15:15:00,True,15:15:00,2024-01-09
9374,2024-01-09 15:30:00,True,15:30:00,2024-01-09
9375,2024-01-09 15:45:00,True,15:45:00,2024-01-09
9376,2024-01-09 16:00:00,True,16:00:00,2024-01-09
9377,2024-01-09 16:15:00,True,16:15:00,2024-01-09
9378,2024-01-09 16:30:00,True,16:30:00,2024-01-09
9379,2024-01-09 16:45:00,True,16:45:00,2024-01-09
9380,2024-01-09 17:00:00,True,17:00:00,2024-01-09
9381,2024-01-09 17:15:00,True,17:15:00,2024-01-09
9382,2024-01-09 17:30:00,True,17:30:00,2024-01-09
9383,2024-01-09 17:45:00,True,17:45:00,2024-01-09
9384,2024-01-09 18:00:00,True,18:00:00,2024-01-09
9385,2024-01-09 18:15:00,True,18:15:00,2024-01-09
9386,2024-01-09 18:30:00,True,18:30:00,2024-01-09
9387,2024-01-09 18:45:00,True,18:45:00,2024-01-09
9388,2024-01-09 19:00:00,True,19:00:00,2024-01-09
9389,2024-01-09 19:15:00,True,19:15:00,2024-01-09
9390,2024-01-09 19:30:00,True,19:30:00,2024-01-09
9391,2024-01-09 19:45:00,True,19:45:00,2024-01-09
9392,2024-01-09 20:00:00,True,20:00:00,2024-01-09
9393,2024-01-09 20:15:00,True,20:15:00,2024-01-09
9394,2024-01-09 20:30:00,True,20:30:00,2024-01-09
9395,2024-01-09 20:45:00,True,20:45:00,2024-01-09
9396,2024-01-09 21:00:00,True,21:00:00,2024-01-09
9397,2024-01-09 21:15:00,True,21:15:00,2024-01-09
9398,2024-01-09 21:30:00,True,21:30:00,2024-01-09
9399,2024-01-09 21:45:00,True,21:45:00,2024-01-09
9400,2024-01-09 22:00:00,True,22:00:00,2024-01-09
9401,2024-01-09 22:15:00,True,22:15:00,2024-01-09
9402,2024-01-09 22:30:00,True,22:30:00,2024-01-09
9403,2024-01-09 22:45:00,True,22:45:00,2024-01-09
9404,2024-01-09 23:00:00,True,23:00:00,2024-01-09
9405,2024-01-09 23:15:00,True,23:15:00,2024-01-09
9406,2024-01-09 23:30:00,True,23:30:00,2024-01-09
9407,2024-01-09 23:45:00,True,23:45:00,2024-01-09
9408,2024-01-10 00:00:00,True,00:00:00,2024-01-10
9409,2024-01-10 00:15:00,True,00:15:00,2024-01-10
9410,2024-01-10 00:30:00,True,00:30:00,2024-01-10
9411,2024-01-10 00:45:00,True,00:45:00,2024-01-10
9412,2024-01-10 01:00:00,True,01:00:00,2024-01-10
9413,2024-01-10 01:15:00,True,01:15:00,2024-01-10
9414,2024-01-10 01:30:00,True,01:30:00,2024-01-10
9415,2024-01-10 01:45:00,True,01:45:00,2024-01-10
9416,2024-01-10 02:00:00,True,02:00:00,2024-01-10
9417,2024-01-10 02:15:00,True,02:15:00,2024-01-10
9418,2024-01-10 02:30:00,True,02:30:00,2024-01-10
9419,2024-01-10 02:45:00,True,02:45:00,2024-01-10
9420,2024-01-10 03:00:00,True,03:00:00,2024-01-10
9421,2024-01-10 03:15:00,True,03:15:00,2024-01-10
9422,2024-01-10 03:30:00,True,03:30:00,2024-01-10
9423,2024-01-10 03:45:00,True,03:45:00,2024-01-10
9424,2024-01-10 04:00:00,True,04:00:00,2024-01-10
9425,2024-01-10 04:15:00,True,04:15:00,2024-01-10
9426,2024-01-10 04:30:00,True,04:30:00,2024-01-10
9427,2024-01-10 04:45:00,True,04:45:00,2024-01-10
9428,2024-01-10 05:00:00,True,05:00:00,2024-01-10
9429,2024-01-10 05:15:00,True,05:15:00,2024-01-10
9430,2024-01-10 05:30:00,True,05:30:00,2024-01-10
9431,2024-01-10 05:45:00,True,05:45:00,2024-01-10
9432,2024-01-10 06:00:00,True,06:00:00,2024-01-10
9433,2024-01-10 06:15:00,True,06:15:00,2024-01-10
9434,2024-01-10 06:30:00,True,06:30:00,2024-01-10
9435,2024-01-10 06:45:00,True,06:45:00,2024-01-10
9436,2024-01-10 07:00:00,True,07:00:00,2024-01-10
9437,2024-01-10 07:15:00,True,07:15:00,2024-01-10
9438,2024-01-10 07:30:00,True,07:30:00,2024-01-10
9439,2024-01-10 07:45:00,True,07:45:00,2024-01-10
9440,2024-01-10 08:00:00,True,08:00:00,2024-01-10
9441,2024-01-10 08:15:00,True,08:15:00,2024-01-10
9442,2024-01-10 08:30:00,True,08:30:00,2024-01-10
9443,2024-01-10 08:45:00,True,08:45:00,2024-01-10
9444,2024-01-10 09:00:00,True,09:00:00,2024-01-10
9445,2024-01-10 09:15:00,True,09:15:00,2024-01-10
9446,2024-01-10 09:30:00,True,09:30:00,2024-01-10
9447,2024-01-10 09:45:00,True,09:45:00,2024-01-10
9448,2024-01-10 10:00:00,True,10:00:00,2024-01-10
9449,2024-01-10 10:15:00,True,10:15:00,2024-01-10
9450,2024-01-10 10:30:00,True,10:30:00,2024-01-10
9451,2024-01-10 10:45:00,True,10:45:00,2024-01-10
9452,2024-01-10 11:00:00,True,11:00:00,2024-01-10
9453,2024-01-10 11:15:00,True,11:15:00,2024-01-10
9454,2024-01-10 11:30:00,True,11:30:00,2024-01-10
9455,2024-01-10 11:45:00,True,11:45:00,2024-01-10
9456,2024-01-10 12:00:00,True,12:00:00,2024-01-10
9457,2024-01-10 12:15:00,True,12:15:00,2024-01-10
9458,2024-01-10 12:30:00,True,12:30:00,2024-01-10
9459,2024-01-10 12:45:00,True,12:45:00,2024-01-10
9460,2024-01-10 13:00:00,True,13:00:00,2024-01-10
9461,2024-01-10 13:15:00,True,13:15:00,2024-01-10
9462,2024-01-10 13:30:00,True,13:30:00,2024-01-10
9463,2024-01-10 13:45:00,True,13:45:00,2024-01-10
9464,2024-01-10 14:00:00,True,14:00:00,2024-01-10
9465,2024-01-10 14:15:00,True,14:15:00,2024-01-10
9466,2024-01-10 14:30:00,True,14:30:00,2024-01-10
9467,2024-01-10 14:45:00,True,14:45:00,2024-01-10
9468,2024-01-10 15:00:00,True,15:00:00,2024-01-10
9469,2024-01-10 15:15:00,True,15:15:00,2024-01-10
9470,2024-01-10 15:30:00,True,15:30:00,2024-01-10
9471,2024-01-10 15:45:00,True,15:45:00,2024-01-10
9472,2024-01-10 16:00:00,True,16:00:00,2024-01-10
9473,2024-01-10 16:15:00,True,16:15:00,2024-01-10
9474,2024-01-10 16:30:00,True,16:30:00,2024-01-10
9475,2024-01-10 16:45:00,True,16:45:00,2024-01-10
9476,2024-01-10 17:00:00,True,17:00:00,2024-01-10
9477,2024-01-10 17:15:00,True,17:15:00,2024-01-10
9478,2024-01-10 17:30:00,True,17:30:00,2024-01-10
9479,2024-01-10 17:45:00,True,17:45:00,2024-01-10
9480,2024-01-10 18:00:00,True,18:00:00,2024-01-10
9481,2024-01-10 18:15:00,True,18:15:00,2024-01-10
9482,2024-01-10 18:30:00,True,18:30:00,2024-01-10
9483,2024-01-10 18:45:00,True,18:45:00,2024-01-10
9484,2024-01-10 19:00:00,True,19:00:00,2024-01-10
9485,2024-01-10 19:15:00,True,19:15:00,2024-01-10
9486,2024-01-10 19:30:00,True,19:30:00,2024-01-10
9487,2024-01-10 19:45:00,True,19:45:00,2024-01-10
9488,2024-01-10 20:00:00,True,20:00:00,2024-01-10
9489,2024-01-10 20:15:00,True,20:15:00,2024-01-10
9490,2024-01-10 20:30:00,True,20:30:00,2024-01-10
9491,2024-01-10 20:45:00,True,20:45:00,2024-01-10
9492,2024-01-10 21:00:00,True,21:00:00,2024-01-10
9493,2024-01-10 21:15:00,True,21:15:00,2024-01-10
9494,2024-01-10 21:30:00,True,21:30:00,2024-01-10
9495,2024-01-10 21:45:00,True,21:45:00,2024-01-10
9496,2024-01-10 22:00:00,True,22:00:00,2024-01-10
9497,2024-01-10 22:15:00,True,22:15:00,2024-01-10
9498,2024-01-10 22:30:00,True,22:30:00,2024-01-10
9499,2024-01-10 22:45:00,True,22:45:00,2024-01-10
9500,2024-01-10 23:00:00,True,23:00:00,2024-01-10
9501,2024-01-10 23:15:00,True,23:15:00,2024-01-10
9502,2024-01-10 23:30:00,True,23:30:00,2024-01-10
9503,2024-01-10 23:45:00,True,23:45:00,2024-01-10
9504,2024-01-11 00:00:00,True,00:00:00,2024-01-11
9505,2024-01-11 00:15:00,True,00:15:00,2024-01-11
9506,2024-01-11 00:30:00,True,00:30:00,2024-01-11
9507,2024-01-11 00:45:00,True,00:45:00,2024-01-11
9508,2024-01-11 01:00:00,True,01:00:00,2024-01-11
9509,2024-01-11 01:15:00,True,01:15:00,2024-01-11
9510,2024-01-11 01:30:00,True,01:30:00,2024-01-11
9511,2024-01-11 01:45:00,True,01:45:00,2024-01-11
9512,2024-01-11 02:00:00,True,02:00:00,2024-01-11
9513,2024-01-11 02:15:00,True,02:15:00,2024-01-11
9514,2024-01-11 02:30:00,True,02:30:00,2024-01-11
9515,2024-01-11 02:45:00,True,02:45:00,2024-01-11
9516,2024-01-11 03:00:00,True,03:00:00,2024-01-11
9517,2024-01-11 03:15:00,True,03:15:00,2024-01-11
9518,2024-01-11 03:30:00,True,03:30:00,2024-01-11
9519,2024-01-11 03:45:00,True,03:45:00,2024-01-11
9520,2024-01-11 04:00:00,True,04:00:00,2024-01-11
9521,2024-01-11 04:15:00,True,04:15:00,2024-01-11
9522,2024-01-11 04:30:00,True,04:30:00,2024-01-11
9523,2024-01-11 04:45:00,True,04:45:00,2024-01-11
9524,2024-01-11 05:00:00,True,05:00:00,2024-01-11
9525,2024-01-11 05:15:00,True,05:15:00,2024-01-11
9526,2024-01-11 05:30:00,True,05:30:00,2024-01-11
9527,2024-01-11 05:45:00,True,05:45:00,2024-01-11
9528,2024-01-11 06:00:00,True,06:00:00,2024-01-11
9529,2024-01-11 06:15:00,True,06:15:00,2024-01-11
9530,2024-01-11 06:30:00,True,06:30:00,2024-01-11
9531,2024-01-11 06:45:00,True,06:45:00,2024-01-11
9532,2024-01-11 07:00:00,True,07:00:00,2024-01-11
9533,2024-01-11 07:15:00,True,07:15:00,2024-01-11
9534,2024-01-11 07:30:00,True,07:30:00,2024-01-11
9535,2024-01-11 07:45:00,True,07:45:00,2024-01-11
9536,2024-01-11 08:00:00,True,08:00:00,2024-01-11
9537,2024-01-11 08:15:00,True,08:15:00,2024-01-11
9538,2024-01-11 08:30:00,True,08:30:00,2024-01-11
9539,2024-01-11 08:45:00,True,08:45:00,2024-01-11
9540,2024-01-11 09:00:00,True,09:00:00,2024-01-11
9541,2024-01-11 09:15:00,True,09:15:00,2024-01-11
9542,2024-01-11 09:30:00,True,09:30:00,2024-01-11
9543,2024-01-11 09:45:00,True,09:45:00,2024-01-11
9544,2024-01-11 10:00:00,True,10:00:00,2024-01-11
9545,2024-01-11 10:15:00,True,10:15:00,2024-01-11
9546,2024-01-11 10:30:00,True,10:30:00,2024-01-11
9547,2024-01-11 10:45:00,True,10:45:00,2024-01-11
9548,2024-01-11 11:00:00,True,11:00:00,2024-01-11
9549,2024-01-11 11:15:00,True,11:15:00,2024-01-11
9550,2024-01-11 11:30:00,True,11:30:00,2024-01-11
9551,2024-01-11 11:45:00,True,11:45:00,2024-01-11
9552,2024-01-11 12:00:00,True,12:00:00,2024-01-11
9553,2024-01-11 12:15:00,True,12:15:00,2024-01-11
9554,2024-01-11 12:30:00,True,12:30:00,2024-01-11
9555,2024-01-11 12:45:00,True,12:45:00,2024-01-11
9556,2024-01-11 13:00:00,True,13:00:00,2024-01-11
9557,2024-01-11 13:15:00,True,13:15:00,2024-01-11
9558,2024-01-11 13:30:00,True,13:30:00,2024-01-11
9559,2024-01-11 13:45:00,True,13:45:00,2024-01-11
9560,2024-01-11 14:00:00,True,14:00:00,2024-01-11
9561,2024-01-11 14:15:00,True,14:15:00,2024-01-11
9562,2024-01-11 14:30:00,True,14:30:00,2024-01-11
9563,2024-01-11 14:45:00,True,14:45:00,2024-01-11
9564,2024-01-11 15:00:00,True,15:00:00,2024-01-11
9565,2024-01-11 15:15:00,True,15:15:00,2024-01-11
9566,2024-01-11 15:30:00,True,15:30:00,2024-01-11
9567,2024-01-11 15:45:00,True,15:45:00,2024-01-11
9568,2024-01-11 16:00:00,True,16:00:00,2024-01-11
9569,2024-01-11 16:15:00,True,16:15:00,2024-01-11
9570,2024-01-11 16:30:00,True,16:30:00,2024-01-11
9571,2024-01-11 16:45:00,True,16:45:00,2024-01-11
9572,2024-01-11 17:00:00,True,17:00:00,2024-01-11
9573,2024-01-11 17:15:00,True,17:15:00,2024-01-11
9574,2024-01-11 17:30:00,True,17:30:00,2024-01-11
9575,2024-01-11 17:45:00,True,17:45:00,2024-01-11
9576,2024-01-11 18:00:00,True,18:00:00,2024-01-11
9577,2024-01-11 18:15:00,True,18:15:00,2024-01-11
9578,2024-01-11 18:30:00,True,18:30:00,2024-01-11
9579,2024-01-11 18:45:00,True,18:45:00,2024-01-11
9580,2024-01-11 19:00:00,True,19:00:00,2024-01-11
9581,2024-01-11 19:15:00,True,19:15:00,2024-01-11
9582,2024-01-11 19:30:00,True,19:30:00,2024-01-11
9583,2024-01-11 19:45:00,True,19:45:00,2024-01-11
9584,2024-01-11 20:00:00,True,20:00:00,2024-01-11
9585,2024-01-11 20:15:00,True,20:15:00,2024-01-11
9586,2024-01-11 20:30:00,True,20:30:00,2024-01-11
9587,2024-01-11 20:45:00,True,20:45:00,2024-01-11
9588,2024-01-11 21:00:00,True,21:00:00,2024-01-11
9589,2024-01-11 21:15:00,True,21:15:00,2024-01-11
9590,2024-01-11 21:30:00,True,21:30:00,2024-01-11
9591,2024-01-11 21:45:00,True,21:45:00,2024-01-11
9592,2024-01-11 22:00:00,True,22:00:00,2024-01-11
9593,2024-01-11 22:15:00,True,22:15:00,2024-01-11
9594,2024-01-11 22:30:00,True,22:30:00,2024-01-11
9595,2024-01-11 22:45:00,True,22:45:00,2024-01-11
9596,2024-01-11 23:00:00,True,23:00:00,2024-01-11
9597,2024-01-11 23:15:00,True,23:15:00,2024-01-11
9598,2024-01-11 23:30:00,True,23:30:00,2024-01-11
9599,2024-01-11 23:45:00,True,23:45:00,2024-01-11
9600,2024-01-12 00:00:00,True,00:00:00,2024-01-12
9601,2024-01-12 00:15:00,True,00:15:00,2024-01-12
9602,2024-01-12 00:30:00,True,00:30:00,2024-01-12
9603,2024-01-12 00:45:00,True,00:45:00,2024-01-12
9604,2024-01-12 01:00:00,True,01:00:00,2024-01-12
9605,2024-01-12 01:15:00,True,01:15:00,2024-01-12
9606,2024-01-12 01:30:00,True,01:30:00,2024-01-12
9607,2024-01-12 01:45:00,True,01:45:00,2024-01-12
9608,2024-01-12 02:00:00,True,02:00:00,2024-01-12
9609,2024-01-12 02:15:00,True,02:15:00,2024-01-12
9610,2024-01-12 02:30:00,True,02:30:00,2024-01-12
9611,2024-01-12 02:45:00,True,02:45:00,2024-01-12
9612,2024-01-12 03:00:00,True,03:00:00,2024-01-12
9613,2024-01-12 03:15:00,True,03:15:00,2024-01-12
9614,2024-01-12 03:30:00,True,03:30:00,2024-01-12
9615,2024-01-12 03:45:00,True,03:45:00,2024-01-12
9616,2024-01-12 04:00:00,True,04:00:00,2024-01-12
9617,2024-01-12 04:15:00,True,04:15:00,2024-01-12
9618,2024-01-12 04:30:00,True,04:30:00,2024-01-12
9619,2024-01-12 04:45:00,True,04:45:00,2024-01-12
9620,2024-01-12 05:00:00,True,05:00:00,2024-01-12
9621,2024-01-12 05:15:00,True,05:15:00,2024-01-12
9622,2024-01-12 05:30:00,True,05:30:00,2024-01-12
9623,2024-01-12 05:45:00,True,05:45:00,2024-01-12
9624,2024-01-12 06:00:00,True,06:00:00,2024-01-12
9625,2024-01-12 06:15:00,True,06:15:00,2024-01-12
9626,2024-01-12 06:30:00,True,06:30:00,2024-01-12
9627,2024-01-12 06:45:00,True,06:45:00,2024-01-12
9628,2024-01-12 07:00:00,True,07:00:00,2024-01-12
9629,2024-01-12 07:15:00,True,07:15:00,2024-01-12
9630,2024-01-12 07:30:00,True,07:30:00,2024-01-12
9631,2024-01-12 07:45:00,True,07:45:00,2024-01-12
9632,2024-01-12 08:00:00,True,08:00:00,2024-01-12
9633,2024-01-12 08:15:00,True,08:15:00,2024-01-12
9634,2024-01-12 08:30:00,True,08:30:00,2024-01-12
9635,2024-01-12 08:45:00,True,08:45:00,2024-01-12
9636,2024-01-12 09:00:00,True,09:00:00,2024-01-12
9637,2024-01-12 09:15:00,True,09:15:00,2024-01-12
9638,2024-01-12 09:30:00,True,09:30:00,2024-01-12
9639,2024-01-12 09:45:00,True,09:45:00,2024-01-12
9640,2024-01-12 10:00:00,True,10:00:00,2024-01-12
9641,2024-01-12 10:15:00,True,10:15:00,2024-01-12
9642,2024-01-12 10:30:00,True,10:30:00,2024-01-12
9643,2024-01-12 10:45:00,True,10:45:00,2024-01-12
9644,2024-01-12 11:00:00,True,11:00:00,2024-01-12
9645,2024-01-12 11:15:00,True,11:15:00,2024-01-12
9646,2024-01-12 11:30:00,True,11:30:00,2024-01-12
9647,2024-01-12 11:45:00,True,11:45:00,2024-01-12
9648,2024-01-12 12:00:00,True,12:00:00,2024-01-12
9649,2024-01-12 12:15:00,True,12:15:00,2024-01-12
9650,2024-01-12 12:30:00,True,12:30:00,2024-01-12
9651,2024-01-12 12:45:00,True,12:45:00,2024-01-12
9652,2024-01-12 13:00:00,True,13:00:00,2024-01-12
9653,2024-01-12 13:15:00,True,13:15:00,2024-01-12
9654,2024-01-12 13:30:00,True,13:30:00,2024-01-12
9655,2024-01-12 13:45:00,True,13:45:00,2024-01-12
9656,2024-01-12 14:00:00,True,14:00:00,2024-01-12
9657,2024-01-12 14:15:00,True,14:15:00,2024-01-12
9658,2024-01-12 14:30:00,True,14:30:00,2024-01-12
9659,2024-01-12 14:45:00,True,14:45:00,2024-01-12
9660,2024-01-12 15:00:00,True,15:00:00,2024-01-12
9661,2024-01-12 15:15:00,True,15:15:00,2024-01-12
9662,2024-01-12 15:30:00,True,15:30:00,2024-01-12
9663,2024-01-12 15:45:00,True,15:45:00,2024-01-12
9664,2024-01-12 16:00:00,True,16:00:00,2024-01-12
9665,2024-01-12 16:15:00,True,16:15:00,2024-01-12
9666,2024-01-12 16:30:00,True,16:30:00,2024-01-12
9667,2024-01-12 16:45:00,True,16:45:00,2024-01-12
9668,2024-01-12 17:00:00,True,17:00:00,2024-01-12
9669,2024-01-12 17:15:00,True,17:15:00,2024-01-12
9670,2024-01-12 17:30:00,True,17:30:00,2024-01-12
9671,2024-01-12 17:45:00,True,17:45:00,2024-01-12
9672,2024-01-12 18:00:00,True,18:00:00,2024-01-12
9673,2024-01-12 18:15:00,True,18:15:00,2024-01-12
9674,2024-01-12 18:30:00,True,18:30:00,2024-01-12
9675,2024-01-12 18:45:00,True,18:45:00,2024-01-12
9676,2024-01-12 19:00:00,True,19:00:00,2024-01-12
9677,2024-01-12 19:15:00,True,19:15:00,2024-01-12
9678,2024-01-12 19:30:00,True,19:30:00,2024-01-12
9679,2024-01-12 19:45:00,True,19:45:00,2024-01-12
9680,2024-01-12 20:00:00,True,20:00:00,2024-01-12
9681,2024-01-12 20:15:00,True,20:15:00,2024-01-12
9682,2024-01-12 20:30:00,True,20:30:00,2024-01-12
9683,2024-01-12 20:45:00,True,20:45:00,2024-01-12
9684,2024-01-12 21:00:00,True,21:00:00,2024-01-12
9685,2024-01-12 21:15:00,True,21:15:00,2024-01-12
9686,2024-01-12 21:30:00,True,21:30:00,2024-01-12
9687,2024-01-12 21:45:00,True,21:45:00,2024-01-12
9688,2024-01-12 22:00:00,True,22:00:00,2024-01-12
9689,2024-01-12 22:15:00,True,22:15:00,2024-01-12
9690,2024-01-12 22:30:00,True,22:30:00,2024-01-12
9691,2024-01-12 22:45:00,True,22:45:00,2024-01-12
9692,2024-01-12 23:00:00,True,23:00:00,2024-01-12
9693,2024-01-12 23:15:00,True,23:15:00,2024-01-12
9694,2024-01-12 23:30:00,True,23:30:00,2024-01-12
9695,2024-01-12 23:45:00,True,23:45:00,2024-01-12
9696,2024-01-13 00:00:00,True,00:00:00,2024-01-13
9697,2024-01-13 00:15:00,True,00:15:00,2024-01-13
9698,2024-01-13 00:30:00,True,00:30:00,2024-01-13
9699,2024-01-13 00:45:00,True,00:45:00,2024-01-13
9700,2024-01-13 01:00:00,True,01:00:00,2024-01-13
9701,2024-01-13 01:15:00,True,01:15:00,2024-01-13
9702,2024-01-13 01:30:00,True,01:30:00,2024-01-13
9703,2024-01-13 01:45:00,True,01:45:00,2024-01-13
9704,2024-01-13 02:00:00,True,02:00:00,2024-01-13
9705,2024-01-13 02:15:00,True,02:15:00,2024-01-13
9706,2024-01-13 02:30:00,True,02:30:00,2024-01-13
9707,2024-01-13 02:45:00,True,02:45:00,2024-01-13
9708,2024-01-13 03:00:00,True,03:00:00,2024-01-13
9709,2024-01-13 03:15:00,True,03:15:00,2024-01-13
9710,2024-01-13 03:30:00,True,03:30:00,2024-01-13
9711,2024-01-13 03:45:00,True,03:45:00,2024-01-13
9712,2024-01-13 04:00:00,True,04:00:00,2024-01-13
9713,2024-01-13 04:15:00,True,04:15:00,2024-01-13
9714,2024-01-13 04:30:00,True,04:30:00,2024-01-13
9715,2024-01-13 04:45:00,True,04:45:00,2024-01-13
9716,2024-01-13 05:00:00,True,05:00:00,2024-01-13
9717,2024-01-13 05:15:00,True,05:15:00,2024-01-13
9718,2024-01-13 05:30:00,True,05:30:00,2024-01-13
9719,2024-01-13 05:45:00,True,05:45:00,2024-01-13
9720,2024-01-13 06:00:00,True,06:00:00,2024-01-13
9721,2024-01-13 06:15:00,True,06:15:00,2024-01-13
9722,2024-01-13 06:30:00,True,06:30:00,2024-01-13
9723,2024-01-13 06:45:00,True,06:45:00,2024-01-13
9724,2024-01-13 07:00:00,True,07:00:00,2024-01-13
9725,2024-01-13 07:15:00,True,07:15:00,2024-01-13
9726,2024-01-13 07:30:00,True,07:30:00,2024-01-13
9727,2024-01-13 07:45:00,True,07:45:00,2024-01-13
9728,2024-01-13 08:00:00,True,08:00:00,2024-01-13
9729,2024-01-13 08:15:00,True,08:15:00,2024-01-13
9730,2024-01-13 08:30:00,True,08:30:00,2024-01-13
9731,2024-01-13 08:45:00,True,08:45:00,2024-01-13
9732,2024-01-13 09:00:00,True,09:00:00,2024-01-13
9733,2024-01-13 09:15:00,True,09:15:00,2024-01-13
9734,2024-01-13 09:30:00,True,09:30:00,2024-01-13
9735,2024-01-13 09:45:00,True,09:45:00,2024-01-13
9736,2024-01-13 10:00:00,True,10:00:00,2024-01-13
9737,2024-01-13 10:15:00,True,10:15:00,2024-01-13
9738,2024-01-13 10:30:00,True,10:30:00,2024-01-13
9739,2024-01-13 10:45:00,True,10:45:00,2024-01-13
9740,2024-01-13 11:00:00,True,11:00:00,2024-01-13
9741,2024-01-13 11:15:00,True,11:15:00,2024-01-13
9742,2024-01-13 11:30:00,True,11:30:00,2024-01-13
9743,2024-01-13 11:45:00,True,11:45:00,2024-01-13
9744,2024-01-13 12:00:00,True,12:00:00,2024-01-13
9745,2024-01-13 12:15:00,True,12:15:00,2024-01-13
9746,2024-01-13 12:30:00,True,12:30:00,2024-01-13
9747,2024-01-13 12:45:00,True,12:45:00,2024-01-13
9748,2024-01-13 13:00:00,True,13:00:00,2024-01-13
9749,2024-01-13 13:15:00,True,13:15:00,2024-01-13
9750,2024-01-13 13:30:00,True,13:30:00,2024-01-13
9751,2024-01-13 13:45:00,True,13:45:00,2024-01-13
9752,2024-01-13 14:00:00,True,14:00:00,2024-01-13
9753,2024-01-13 14:15:00,True,14:15:00,2024-01-13
9754,2024-01-13 14:30:00,True,14:30:00,2024-01-13
9755,2024-01-13 14:45:00,True,14:45:00,2024-01-13
9756,2024-01-13 15:00:00,True,15:00:00,2024-01-13
9757,2024-01-13 15:15:00,True,15:15:00,2024-01-13
9758,2024-01-13 15:30:00,True,15:30:00,2024-01-13
9759,2024-01-13 15:45:00,True,15:45:00,2024-01-13
9760,2024-01-13 16:00:00,True,16:00:00,2024-01-13
9761,2024-01-13 16:15:00,True,16:15:00,2024-01-13
9762,2024-01-13 16:30:00,True,16:30:00,2024-01-13
9763,2024-01-13 16:45:00,True,16:45:00,2024-01-13
9764,2024-01-13 17:00:00,True,17:00:00,2024-01-13
9765,2024-01-13 17:15:00,True,17:15:00,2024-01-13
9766,2024-01-13 17:30:00,True,17:30:00,2024-01-13
9767,2024-01-13 17:45:00,True,17:45:00,2024-01-13
9768,2024-01-13 18:00:00,True,18:00:00,2024-01-13
9769,2024-01-13 18:15:00,True,18:15:00,2024-01-13
9770,2024-01-13 18:30:00,True,18:30:00,2024-01-13
9771,2024-01-13 18:45:00,True,18:45:00,2024-01-13
9772,2024-01-13 19:00:00,True,19:00:00,2024-01-13
9773,2024-01-13 19:15:00,True,19:15:00,2024-01-13
9774,2024-01-13 19:30:00,True,19:30:00,2024-01-13
9775,2024-01-13 19:45:00,True,19:45:00,2024-01-13
9776,2024-01-13 20:00:00,True,20:00:00,2024-01-13
9777,2024-01-13 20:15:00,True,20:15:00,2024-01-13
9778,2024-01-13 20:30:00,True,20:30:00,2024-01-13
9779,2024-01-13 20:45:00,True,20:45:00,2024-01-13
9780,2024-01-13 21:00:00,True,21:00:00,2024-01-13
9781,2024-01-13 21:15:00,True,21:15:00,2024-01-13
9782,2024-01-13 21:30:00,True,21:30:00,2024-01-13
9783,2024-01-13 21:45:00,True,21:45:00,2024-01-13
9784,2024-01-13 22:00:00,True,22:00:00,2024-01-13
9785,2024-01-13 22:15:00,True,22:15:00,2024-01-13
9786,2024-01-13 22:30:00,True,22:30:00,2024-01-13
9787,2024-01-13 22:45:00,True,22:45:00,2024-01-13
9788,2024-01-13 23:00:00,True,23:00:00,2024-01-13
9789,2024-01-13 23:15:00,True,23:15:00,2024-01-13
9790,2024-01-13 23:30:00,True,23:30:00,2024-01-13
9791,2024-01-13 23:45:00,True,23:45:00,2024-01-13
9792,2024-01-14 00:00:00,True,00:00:00,2024-01-14
9793,2024-01-14 00:15:00,True,00:15:00,2024-01-14
9794,2024-01-14 00:30:00,True,00:30:00,2024-01-14
9795,2024-01-14 00:45:00,True,00:45:00,2024-01-14
9796,2024-01-14 01:00:00,True,01:00:00,2024-01-14
9797,2024-01-14 01:15:00,True,01:15:00,2024-01-14
9798,2024-01-14 01:30:00,True,01:30:00,2024-01-14
9799,2024-01-14 01:45:00,True,01:45:00,2024-01-14
9800,2024-01-14 02:00:00,True,02:00:00,2024-01-14
9801,2024-01-14 02:15:00,True,02:15:00,2024-01-14
9802,2024-01-14 02:30:00,True,02:30:00,2024-01-14
9803,2024-01-14 02:45:00,True,02:45:00,2024-01-14
9804,2024-01-14 03:00:00,True,03:00:00,2024-01-14
9805,2024-01-14 03:15:00,True,03:15:00,2024-01-14
9806,2024-01-14 03:30:00,True,03:30:00,2024-01-14
9807,2024-01-14 03:45:00,True,03:45:00,2024-01-14
9808,2024-01-14 04:00:00,True,04:00:00,2024-01-14
9809,2024-01-14 04:15:00,True,04:15:00,2024-01-14
9810,2024-01-14 04:30:00,True,04:30:00,2024-01-14
9811,2024-01-14 04:45:00,True,04:45:00,2024-01-14
9812,2024-01-14 05:00:00,True,05:00:00,2024-01-14
9813,2024-01-14 05:15:00,True,05:15:00,2024-01-14
9814,2024-01-14 05:30:00,True,05:30:00,2024-01-14
9815,2024-01-14 05:45:00,True,05:45:00,2024-01-14
9816,2024-01-14 06:00:00,True,06:00:00,2024-01-14
9817,2024-01-14 06:15:00,True,06:15:00,2024-01-14
9818,2024-01-14 06:30:00,True,06:30:00,2024-01-14
9819,2024-01-14 06:45:00,True,06:45:00,2024-01-14
9820,2024-01-14 07:00:00,True,07:00:00,2024-01-14
9821,2024-01-14 07:15:00,True,07:15:00,2024-01-14
9822,2024-01-14 07:30:00,True,07:30:00,2024-01-14
9823,2024-01-14 07:45:00,True,07:45:00,2024-01-14
9824,2024-01-14 08:00:00,True,08:00:00,2024-01-14
9825,2024-01-14 08:15:00,True,08:15:00,2024-01-14
9826,2024-01-14 08:30:00,True,08:30:00,2024-01-14
9827,2024-01-14 08:45:00,True,08:45:00,2024-01-14
9828,2024-01-14 09:00:00,True,09:00:00,2024-01-14
9829,2024-01-14 09:15:00,True,09:15:00,2024-01-14
9830,2024-01-14 09:30:00,True,09:30:00,2024-01-14
9831,2024-01-14 09:45:00,True,09:45:00,2024-01-14
9832,2024-01-14 10:00:00,True,10:00:00,2024-01-14
9833,2024-01-14 10:15:00,True,10:15:00,2024-01-14
9834,2024-01-14 10:30:00,True,10:30:00,2024-01-14
9835,2024-01-14 10:45:00,True,10:45:00,2024-01-14
9836,2024-01-14 11:00:00,True,11:00:00,2024-01-14
9837,2024-01-14 11:15:00,True,11:15:00,2024-01-14
9838,2024-01-14 11:30:00,True,11:30:00,2024-01-14
9839,2024-01-14 11:45:00,True,11:45:00,2024-01-14
9840,2024-01-14 12:00:00,True,12:00:00,2024-01-14
9841,2024-01-14 12:15:00,True,12:15:00,2024-01-14
9842,2024-01-14 12:30:00,True,12:30:00,2024-01-14
9843,2024-01-14 12:45:00,True,12:45:00,2024-01-14
9844,2024-01-14 13:00:00,True,13:00:00,2024-01-14
9845,2024-01-14 13:15:00,True,13:15:00,2024-01-14
9846,2024-01-14 13:30:00,True,13:30:00,2024-01-14
9847,2024-01-14 13:45:00,True,13:45:00,2024-01-14
9848,2024-01-14 14:00:00,True,14:00:00,2024-01-14
9849,2024-01-14 14:15:00,True,14:15:00,2024-01-14
9850,2024-01-14 14:30:00,True,14:30:00,2024-01-14
9851,2024-01-14 14:45:00,True,14:45:00,2024-01-14
9852,2024-01-14 15:00:00,True,15:00:00,2024-01-14
9853,2024-01-14 15:15:00,True,15:15:00,2024-01-14
9854,2024-01-14 15:30:00,True,15:30:00,2024-01-14
9855,2024-01-14 15:45:00,True,15:45:00,2024-01-14
9856,2024-01-14 16:00:00,True,16:00:00,2024-01-14
9857,2024-01-14 16:15:00,True,16:15:00,2024-01-14
9858,2024-01-14 16:30:00,True,16:30:00,2024-01-14
9859,2024-01-14 16:45:00,True,16:45:00,2024-01-14
9860,2024-01-14 17:00:00,True,17:00:00,2024-01-14
9861,2024-01-14 17:15:00,True,17:15:00,2024-01-14
9862,2024-01-14 17:30:00,True,17:30:00,2024-01-14
9863,2024-01-14 17:45:00,True,17:45:00,2024-01-14
9864,2024-01-14 18:00:00,True,18:00:00,2024-01-14
9865,2024-01-14 18:15:00,True,18:15:00,2024-01-14
9866,2024-01-14 18:30:00,True,18:30:00,2024-01-14
9867,2024-01-14 18:45:00,True,18:45:00,2024-01-14
9868,2024-01-14 19:00:00,True,19:00:00,2024-01-14
9869,2024-01-14 19:15:00,True,19:15:00,2024-01-14
9870,2024-01-14 19:30:00,True,19:30:00,2024-01-14
9871,2024-01-14 19:45:00,True,19:45:00,2024-01-14
9872,2024-01-14 20:00:00,True,20:00:00,2024-01-14
9873,2024-01-14 20:15:00,True,20:15:00,2024-01-14
9874,2024-01-14 20:30:00,True,20:30:00,2024-01-14
9875,2024-01-14 20:45:00,True,20:45:00,2024-01-14
9876,2024-01-14 21:00:00,True,21:00:00,2024-01-14
9877,2024-01-14 21:15:00,True,21:15:00,2024-01-14
9878,2024-01-14 21:30:00,True,21:30:00,2024-01-14
9879,2024-01-14 21:45:00,True,21:45:00,2024-01-14
9880,2024-01-14 22:00:00,True,22:00:00,2024-01-14
9881,2024-01-14 22:15:00,True,22:15:00,2024-01-14
9882,2024-01-14 22:30:00,True,22:30:00,2024-01-14
9883,2024-01-14 22:45:00,True,22:45:00,2024-01-14
9884,2024-01-14 23:00:00,True,23:00:00,2024-01-14
9885,2024-01-14 23:15:00,True,23:15:00,2024-01-14
9886,2024-01-14 23:30:00,True,23:30:00,2024-01-14
9887,2024-01-14 23:45:00,True,23:45:00,2024-01-14
9888,2024-01-15 00:00:00,True,00:00:00,2024-01-15
9889,2024-01-15 00:15:00,True,00:15:00,2024-01-15
9890,2024-01-15 00:30:00,True,00:30:00,2024-01-15
9891,2024-01-15 00:45:00,True,00:45:00,2024-01-15
9892,2024-01-15 01:00:00,True,01:00:00,2024-01-15
9893,2024-01-15 01:15:00,True,01:15:00,2024-01-15
9894,2024-01-15 01:30:00,True,01:30:00,2024-01-15
9895,2024-01-15 01:45:00,True,01:45:00,2024-01-15
9896,2024-01-15 02:00:00,True,02:00:00,2024-01-15
9897,2024-01-15 02:15:00,True,02:15:00,2024-01-15
9898,2024-01-15 02:30:00,True,02:30:00,2024-01-15
9899,2024-01-15 02:45:00,True,02:45:00,2024-01-15
9900,2024-01-15 03:00:00,True,03:00:00,2024-01-15
9901,2024-01-15 03:15:00,True,03:15:00,2024-01-15
9902,2024-01-15 03:30:00,True,03:30:00,2024-01-15
9903,2024-01-15 03:45:00,True,03:45:00,2024-01-15
9904,2024-01-15 04:00:00,True,04:00:00,2024-01-15
9905,2024-01-15 04:15:00,True,04:15:00,2024-01-15
9906,2024-01-15 04:30:00,True,04:30:00,2024-01-15
9907,2024-01-15 04:45:00,True,04:45:00,2024-01-15
9908,2024-01-15 05:00:00,True,05:00:00,2024-01-15
9909,2024-01-15 05:15:00,True,05:15:00,2024-01-15
9910,2024-01-15 05:30:00,True,05:30:00,2024-01-15
9911,2024-01-15 05:45:00,True,05:45:00,2024-01-15
9912,2024-01-15 06:00:00,True,06:00:00,2024-01-15
9913,2024-01-15 06:15:00,True,06:15:00,2024-01-15
9914,2024-01-15 06:30:00,True,06:30:00,2024-01-15
9915,2024-01-15 06:45:00,True,06:45:00,2024-01-15
9916,2024-01-15 07:00:00,True,07:00:00,2024-01-15
9917,2024-01-15 07:15:00,True,07:15:00,2024-01-15
9918,2024-01-15 07:30:00,True,07:30:00,2024-01-15
9919,2024-01-15 07:45:00,True,07:45:00,2024-01-15
9920,2024-01-15 08:00:00,True,08:00:00,2024-01-15
9921,2024-01-15 08:15:00,True,08:15:00,2024-01-15
9922,2024-01-15 08:30:00,True,08:30:00,2024-01-15
9923,2024-01-15 08:45:00,True,08:45:00,2024-01-15
9924,2024-01-15 09:00:00,True,09:00:00,2024-01-15
9925,2024-01-15 09:15:00,True,09:15:00,2024-01-15
9926,2024-01-15 09:30:00,True,09:30:00,2024-01-15
9927,2024-01-15 09:45:00,True,09:45:00,2024-01-15
9928,2024-01-15 10:00:00,True,10:00:00,2024-01-15
9929,2024-01-15 10:15:00,True,10:15:00,2024-01-15
9930,2024-01-15 10:30:00,True,10:30:00,2024-01-15
9931,2024-01-15 10:45:00,True,10:45:00,2024-01-15
9932,2024-01-15 11:00:00,True,11:00:00,2024-01-15
9933,2024-01-15 11:15:00,True,11:15:00,2024-01-15
9934,2024-01-15 11:30:00,True,11:30:00,2024-01-15
9935,2024-01-15 11:45:00,True,11:45:00,2024-01-15
9936,2024-01-15 12:00:00,True,12:00:00,2024-01-15
9937,2024-01-15 12:15:00,True,12:15:00,2024-01-15
9938,2024-01-15 12:30:00,True,12:30:00,2024-01-15
9939,2024-01-15 12:45:00,True,12:45:00,2024-01-15
9940,2024-01-15 13:00:00,True,13:00:00,2024-01-15
9941,2024-01-15 13:15:00,True,13:15:00,2024-01-15
9942,2024-01-15 13:30:00,True,13:30:00,2024-01-15
9943,2024-01-15 13:45:00,True,13:45:00,2024-01-15
9944,2024-01-15 14:00:00,True,14:00:00,2024-01-15
9945,2024-01-15 14:15:00,True,14:15:00,2024-01-15
9946,2024-01-15 14:30:00,True,14:30:00,2024-01-15
9947,2024-01-15 14:45:00,True,14:45:00,2024-01-15
9948,2024-01-15 15:00:00,True,15:00:00,2024-01-15
9949,2024-01-15 15:15:00,True,15:15:00,2024-01-15
9950,2024-01-15 15:30:00,True,15:30:00,2024-01-15
9951,2024-01-15 15:45:00,True,15:45:00,2024-01-15
9952,2024-01-15 16:00:00,True,16:00:00,2024-01-15
9953,2024-01-15 16:15:00,True,16:15:00,2024-01-15
9954,2024-01-15 16:30:00,True,16:30:00,2024-01-15
9955,2024-01-15 16:45:00,True,16:45:00,2024-01-15
9956,2024-01-15 17:00:00,True,17:00:00,2024-01-15
9957,2024-01-15 17:15:00,True,17:15:00,2024-01-15
9958,2024-01-15 17:30:00,True,17:30:00,2024-01-15
9959,2024-01-15 17:45:00,True,17:45:00,2024-01-15
9960,2024-01-15 18:00:00,True,18:00:00,2024-01-15
9961,2024-01-15 18:15:00,True,18:15:00,2024-01-15
9962,2024-01-15 18:30:00,True,18:30:00,2024-01-15
9963,2024-01-15 18:45:00,True,18:45:00,2024-01-15
9964,2024-01-15 19:00:00,True,19:00:00,2024-01-15
9965,2024-01-15 19:15:00,True,19:15:00,2024-01-15
9966,2024-01-15 19:30:00,True,19:30:00,2024-01-15
9967,2024-01-15 19:45:00,True,19:45:00,2024-01-15
9968,2024-01-15 20:00:00,True,20:00:00,2024-01-15
9969,2024-01-15 20:15:00,True,20:15:00,2024-01-15
9970,2024-01-15 20:30:00,True,20:30:00,2024-01-15
9971,2024-01-15 20:45:00,True,20:45:00,2024-01-15
9972,2024-01-15 21:00:00,True,21:00:00,2024-01-15
9973,2024-01-15 21:15:00,True,21:15:00,2024-01-15
9974,2024-01-15 21:30:00,True,21:30:00,2024-01-15
9975,2024-01-15 21:45:00,True,21:45:00,2024-01-15
9976,2024-01-15 22:00:00,True,22:00:00,2024-01-15
9977,2024-01-15 22:15:00,True,22:15:00,2024-01-15
9978,2024-01-15 22:30:00,True,22:30:00,2024-01-15
9979,2024-01-15 22:45:00,True,22:45:00,2024-01-15
9980,2024-01-15 23:00:00,True,23:00:00,2024-01-15
9981,2024-01-15 23:15:00,True,23:15:00,2024-01-15
9982,2024-01-15 23:30:00,True,23:30:00,2024-01-15
9983,2024-01-15 23:45:00,True,23:45:00,2024-01-15
9984,2024-01-16 00:00:00,True,00:00:00,2024-01-16
9985,2024-01-16 00:15:00,True,00:15:00,2024-01-16
9986,2024-01-16 00:30:00,True,00:30:00,2024-01-16
9987,2024-01-16 00:45:00,True,00:45:00,2024-01-16
9988,2024-01-16 01:00:00,True,01:00:00,2024-01-16
9989,2024-01-16 01:15:00,True,01:15:00,2024-01-16
9990,2024-01-16 01:30:00,True,01:30:00,2024-01-16
9991,2024-01-16 01:45:00,True,01:45:00,2024-01-16
9992,2024-01-16 02:00:00,True,02:00:00,2024-01-16
9993,2024-01-16 02:15:00,True,02:15:00,2024-01-16
9994,2024-01-16 02:30:00,True,02:30:00,2024-01-16
9995,2024-01-16 02:45:00,True,02:45:00,2024-01-16
9996,2024-01-16 03:00:00,True,03:00:00,2024-01-16
9997,2024-01-16 03:15:00,True,03:15:00,2024-01-16
9998,2024-01-16 03:30:00,True,03:30:00,2024-01-16
9999,2024-01-16 03:45:00,True,03:45:00,2024-01-16
10000,2024-01-16 04:00:00,True,04:00:00,2024-01-16
10001,2024-01-16 04:15:00,True,04:15:00,2024-01-16
10002,2024-01-16 04:30:00,True,04:30:00,2024-01-16
10003,2024-01-16 04:45:00,True,04:45:00,2024-01-16
10004,2024-01-16 05:00:00,True,05:00:00,2024-01-16
10005,2024-01-16 05:15:00,True,05:15:00,2024-01-16
10006,2024-01-16 05:30:00,True,05:30:00,2024-01-16
10007,2024-01-16 05:45:00,True,05:45:00,2024-01-16
10008,2024-01-16 06:00:00,True,06:00:00,2024-01-16
10009,2024-01-16 06:15:00,True,06:15:00,2024-01-16
10010,2024-01-16 06:30:00,True,06:30:00,2024-01-16
10011,2024-01-16 06:45:00,True,06:45:00,2024-01-16
10012,2024-01-16 07:00:00,True,07:00:00,2024-01-16
10013,2024-01-16 07:15:00,True,07:15:00,2024-01-16
10014,2024-01-16 07:30:00,True,07:30:00,2024-01-16
10015,2024-01-16 07:45:00,True,07:45:00,2024-01-16
10016,2024-01-16 08:00:00,True,08:00:00,2024-01-16
10017,2024-01-16 08:15:00,True,08:15:00,2024-01-16
10018,2024-01-16 08:30:00,True,08:30:00,2024-01-16
10019,2024-01-16 08:45:00,True,08:45:00,2024-01-16
10020,2024-01-16 09:00:00,True,09:00:00,2024-01-16
10021,2024-01-16 09:15:00,True,09:15:00,2024-01-16
10022,2024-01-16 09:30:00,True,09:30:00,2024-01-16
10023,2024-01-16 09:45:00,True,09:45:00,2024-01-16
10024,2024-01-16 10:00:00,True,10:00:00,2024-01-16
10025,2024-01-16 10:15:00,True,10:15:00,2024-01-16
10026,2024-01-16 10:30:00,True,10:30:00,2024-01-16
10027,2024-01-16 10:45:00,True,10:45:00,2024-01-16
10028,2024-01-16 11:00:00,True,11:00:00,2024-01-16
10029,2024-01-16 11:15:00,True,11:15:00,2024-01-16
10030,2024-01-16 11:30:00,True,11:30:00,2024-01-16
10031,2024-01-16 11:45:00,True,11:45:00,2024-01-16
10032,2024-01-16 12:00:00,True,12:00:00,2024-01-16
10033,2024-01-16 12:15:00,True,12:15:00,2024-01-16
10034,2024-01-16 12:30:00,True,12:30:00,2024-01-16
10035,2024-01-16 12:45:00,True,12:45:00,2024-01-16
10036,2024-01-16 13:00:00,True,13:00:00,2024-01-16
10037,2024-01-16 13:15:00,True,13:15:00,2024-01-16
10038,2024-01-16 13:30:00,True,13:30:00,2024-01-16
10039,2024-01-16 13:45:00,True,13:45:00,2024-01-16
10040,2024-01-16 14:00:00,True,14:00:00,2024-01-16
10041,2024-01-16 14:15:00,True,14:15:00,2024-01-16
10042,2024-01-16 14:30:00,True,14:30:00,2024-01-16
10043,2024-01-16 14:45:00,True,14:45:00,2024-01-16
10044,2024-01-16 15:00:00,True,15:00:00,2024-01-16
10045,2024-01-16 15:15:00,True,15:15:00,2024-01-16
10046,2024-01-16 15:30:00,True,15:30:00,2024-01-16
10047,2024-01-16 15:45:00,True,15:45:00,2024-01-16
10048,2024-01-16 16:00:00,True,16:00:00,2024-01-16
10049,2024-01-16 16:15:00,True,16:15:00,2024-01-16
10050,2024-01-16 16:30:00,True,16:30:00,2024-01-16
10051,2024-01-16 16:45:00,True,16:45:00,2024-01-16
10052,2024-01-16 17:00:00,True,17:00:00,2024-01-16
10053,2024-01-16 17:15:00,True,17:15:00,2024-01-16
10054,2024-01-16 17:30:00,True,17:30:00,2024-01-16
10055,2024-01-16 17:45:00,True,17:45:00,2024-01-16
10056,2024-01-16 18:00:00,True,18:00:00,2024-01-16
10057,2024-01-16 18:15:00,True,18:15:00,2024-01-16
10058,2024-01-16 18:30:00,True,18:30:00,2024-01-16
10059,2024-01-16 18:45:00,True,18:45:00,2024-01-16
10060,2024-01-16 19:00:00,True,19:00:00,2024-01-16
10061,2024-01-16 19:15:00,True,19:15:00,2024-01-16
10062,2024-01-16 19:30:00,True,19:30:00,2024-01-16
10063,2024-01-16 19:45:00,True,19:45:00,2024-01-16
10064,2024-01-16 20:00:00,True,20:00:00,2024-01-16
10065,2024-01-16 20:15:00,True,20:15:00,2024-01-16
10066,2024-01-16 20:30:00,True,20:30:00,2024-01-16
10067,2024-01-16 20:45:00,True,20:45:00,2024-01-16
10068,2024-01-16 21:00:00,True,21:00:00,2024-01-16
10069,2024-01-16 21:15:00,True,21:15:00,2024-01-16
10070,2024-01-16 21:30:00,True,21:30:00,2024-01-16
10071,2024-01-16 21:45:00,True,21:45:00,2024-01-16
10072,2024-01-16 22:00:00,True,22:00:00,2024-01-16
10073,2024-01-16 22:15:00,True,22:15:00,2024-01-16
10074,2024-01-16 22:30:00,True,22:30:00,2024-01-16
10075,2024-01-16 22:45:00,True,22:45:00,2024-01-16
10076,2024-01-16 23:00:00,True,23:00:00,2024-01-16
10077,2024-01-16 23:15:00,True,23:15:00,2024-01-16
10078,2024-01-16 23:30:00,True,23:30:00,2024-01-16
10079,2024-01-16 23:45:00,True,23:45:00,2024-01-16
10080,2024-01-17 00:00:00,True,00:00:00,2024-01-17
10081,2024-01-17 00:15:00,True,00:15:00,2024-01-17
10082,2024-01-17 00:30:00,True,00:30:00,2024-01-17
10083,2024-01-17 00:45:00,True,00:45:00,2024-01-17
10084,2024-01-17 01:00:00,True,01:00:00,2024-01-17
10085,2024-01-17 01:15:00,True,01:15:00,2024-01-17
10086,2024-01-17 01:30:00,True,01:30:00,2024-01-17
10087,2024-01-17 01:45:00,True,01:45:00,2024-01-17
10088,2024-01-17 02:00:00,True,02:00:00,2024-01-17
10089,2024-01-17 02:15:00,True,02:15:00,2024-01-17
10090,2024-01-17 02:30:00,True,02:30:00,2024-01-17
10091,2024-01-17 02:45:00,True,02:45:00,2024-01-17
10092,2024-01-17 03:00:00,True,03:00:00,2024-01-17
10093,2024-01-17 03:15:00,True,03:15:00,2024-01-17
10094,2024-01-17 03:30:00,True,03:30:00,2024-01-17
10095,2024-01-17 03:45:00,True,03:45:00,2024-01-17
10096,2024-01-17 04:00:00,True,04:00:00,2024-01-17
10097,2024-01-17 04:15:00,True,04:15:00,2024-01-17
10098,2024-01-17 04:30:00,True,04:30:00,2024-01-17
10099,2024-01-17 04:45:00,True,04:45:00,2024-01-17
10100,2024-01-17 05:00:00,True,05:00:00,2024-01-17
10101,2024-01-17 05:15:00,True,05:15:00,2024-01-17
10102,2024-01-17 05:30:00,True,05:30:00,2024-01-17
10103,2024-01-17 05:45:00,True,05:45:00,2024-01-17
10104,2024-01-17 06:00:00,True,06:00:00,2024-01-17
10105,2024-01-17 06:15:00,True,06:15:00,2024-01-17
10106,2024-01-17 06:30:00,True,06:30:00,2024-01-17
10107,2024-01-17 06:45:00,True,06:45:00,2024-01-17
10108,2024-01-17 07:00:00,True,07:00:00,2024-01-17
10109,2024-01-17 07:15:00,True,07:15:00,2024-01-17
10110,2024-01-17 07:30:00,True,07:30:00,2024-01-17
10111,2024-01-17 07:45:00,True,07:45:00,2024-01-17
10112,2024-01-17 08:00:00,True,08:00:00,2024-01-17
10113,2024-01-17 08:15:00,True,08:15:00,2024-01-17
10114,2024-01-17 08:30:00,True,08:30:00,2024-01-17
10115,2024-01-17 08:45:00,True,08:45:00,2024-01-17
10116,2024-01-17 09:00:00,True,09:00:00,2024-01-17
10117,2024-01-17 09:15:00,True,09:15:00,2024-01-17
10118,2024-01-17 09:30:00,True,09:30:00,2024-01-17
10119,2024-01-17 09:45:00,True,09:45:00,2024-01-17
10120,2024-01-17 10:00:00,True,10:00:00,2024-01-17
10121,2024-01-17 10:15:00,True,10:15:00,2024-01-17
10122,2024-01-17 10:30:00,True,10:30:00,2024-01-17
10123,2024-01-17 10:45:00,True,10:45:00,2024-01-17
10124,2024-01-17 11:00:00,True,11:00:00,2024-01-17
10125,2024-01-17 11:15:00,True,11:15:00,2024-01-17
10126,2024-01-17 11:30:00,True,11:30:00,2024-01-17
10127,2024-01-17 11:45:00,True,11:45:00,2024-01-17
10128,2024-01-17 12:00:00,True,12:00:00,2024-01-17
10129,2024-01-17 12:15:00,True,12:15:00,2024-01-17
10130,2024-01-17 12:30:00,True,12:30:00,2024-01-17
10131,2024-01-17 12:45:00,True,12:45:00,2024-01-17
10132,2024-01-17 13:00:00,True,13:00:00,2024-01-17
10133,2024-01-17 13:15:00,True,13:15:00,2024-01-17
10134,2024-01-17 13:30:00,True,13:30:00,2024-01-17
10135,2024-01-17 13:45:00,True,13:45:00,2024-01-17
10136,2024-01-17 14:00:00,True,14:00:00,2024-01-17
10137,2024-01-17 14:15:00,True,14:15:00,2024-01-17
10138,2024-01-17 14:30:00,True,14:30:00,2024-01-17
10139,2024-01-17 14:45:00,True,14:45:00,2024-01-17
10140,2024-01-17 15:00:00,True,15:00:00,2024-01-17
10141,2024-01-17 15:15:00,True,15:15:00,2024-01-17
10142,2024-01-17 15:30:00,True,15:30:00,2024-01-17
10143,2024-01-17 15:45:00,True,15:45:00,2024-01-17
10144,2024-01-17 16:00:00,True,16:00:00,2024-01-17
10145,2024-01-17 16:15:00,True,16:15:00,2024-01-17
10146,2024-01-17 16:30:00,True,16:30:00,2024-01-17
10147,2024-01-17 16:45:00,True,16:45:00,2024-01-17
10148,2024-01-17 17:00:00,True,17:00:00,2024-01-17
10149,2024-01-17 17:15:00,True,17:15:00,2024-01-17
10150,2024-01-17 17:30:00,True,17:30:00,2024-01-17
10151,2024-01-17 17:45:00,True,17:45:00,2024-01-17
10152,2024-01-17 18:00:00,True,18:00:00,2024-01-17
10153,2024-01-17 18:15:00,True,18:15:00,2024-01-17
10154,2024-01-17 18:30:00,True,18:30:00,2024-01-17
10155,2024-01-17 18:45:00,True,18:45:00,2024-01-17
10156,2024-01-17 19:00:00,True,19:00:00,2024-01-17
10157,2024-01-17 19:15:00,True,19:15:00,2024-01-17
10158,2024-01-17 19:30:00,True,19:30:00,2024-01-17
10159,2024-01-17 19:45:00,True,19:45:00,2024-01-17
10160,2024-01-17 20:00:00,True,20:00:00,2024-01-17
10161,2024-01-17 20:15:00,True,20:15:00,2024-01-17
10162,2024-01-17 20:30:00,True,20:30:00,2024-01-17
10163,2024-01-17 20:45:00,True,20:45:00,2024-01-17
10164,2024-01-17 21:00:00,True,21:00:00,2024-01-17
10165,2024-01-17 21:15:00,True,21:15:00,2024-01-17
10166,2024-01-17 21:30:00,True,21:30:00,2024-01-17
10167,2024-01-17 21:45:00,True,21:45:00,2024-01-17
10168,2024-01-17 22:00:00,True,22:00:00,2024-01-17
10169,2024-01-17 22:15:00,True,22:15:00,2024-01-17
10170,2024-01-17 22:30:00,True,22:30:00,2024-01-17
10171,2024-01-17 22:45:00,True,22:45:00,2024-01-17
10172,2024-01-17 23:00:00,True,23:00:00,2024-01-17
10173,2024-01-17 23:15:00,True,23:15:00,2024-01-17
10174,2024-01-17 23:30:00,True,23:30:00,2024-01-17
10175,2024-01-17 23:45:00,True,23:45:00,2024-01-17
10176,2024-01-18 00:00:00,True,00:00:00,2024-01-18
10177,2024-01-18 00:15:00,True,00:15:00,2024-01-18
10178,2024-01-18 00:30:00,True,00:30:00,2024-01-18
10179,2024-01-18 00:45:00,True,00:45:00,2024-01-18
10180,2024-01-18 01:00:00,True,01:00:00,2024-01-18
10181,2024-01-18 01:15:00,True,01:15:00,2024-01-18
10182,2024-01-18 01:30:00,True,01:30:00,2024-01-18
10183,2024-01-18 01:45:00,True,01:45:00,2024-01-18
10184,2024-01-18 02:00:00,True,02:00:00,2024-01-18
10185,2024-01-18 02:15:00,True,02:15:00,2024-01-18
10186,2024-01-18 02:30:00,True,02:30:00,2024-01-18
10187,2024-01-18 02:45:00,True,02:45:00,2024-01-18
10188,2024-01-18 03:00:00,True,03:00:00,2024-01-18
10189,2024-01-18 03:15:00,True,03:15:00,2024-01-18
10190,2024-01-18 03:30:00,True,03:30:00,2024-01-18
10191,2024-01-18 03:45:00,True,03:45:00,2024-01-18
10192,2024-01-18 04:00:00,True,04:00:00,2024-01-18
10193,2024-01-18 04:15:00,True,04:15:00,2024-01-18
10194,2024-01-18 04:30:00,True,04:30:00,2024-01-18
10195,2024-01-18 04:45:00,True,04:45:00,2024-01-18
10196,2024-01-18 05:00:00,True,05:00:00,2024-01-18
10197,2024-01-18 05:15:00,True,05:15:00,2024-01-18
10198,2024-01-18 05:30:00,True,05:30:00,2024-01-18
10199,2024-01-18 05:45:00,True,05:45:00,2024-01-18
10200,2024-01-18 06:00:00,True,06:00:00,2024-01-18
10201,2024-01-18 06:15:00,True,06:15:00,2024-01-18
10202,2024-01-18 06:30:00,True,06:30:00,2024-01-18
10203,2024-01-18 06:45:00,True,06:45:00,2024-01-18
10204,2024-01-18 07:00:00,True,07:00:00,2024-01-18
10205,2024-01-18 07:15:00,True,07:15:00,2024-01-18
10206,2024-01-18 07:30:00,True,07:30:00,2024-01-18
10207,2024-01-18 07:45:00,True,07:45:00,2024-01-18
10208,2024-01-18 08:00:00,True,08:00:00,2024-01-18
10209,2024-01-18 08:15:00,True,08:15:00,2024-01-18
10210,2024-01-18 08:30:00,True,08:30:00,2024-01-18
10211,2024-01-18 08:45:00,True,08:45:00,2024-01-18
10212,2024-01-18 09:00:00,True,09:00:00,2024-01-18
10213,2024-01-18 09:15:00,True,09:15:00,2024-01-18
10214,2024-01-18 09:30:00,True,09:30:00,2024-01-18
10215,2024-01-18 09:45:00,True,09:45:00,2024-01-18
10216,2024-01-18 10:00:00,True,10:00:00,2024-01-18
10217,2024-01-18 10:15:00,True,10:15:00,2024-01-18
10218,2024-01-18 10:30:00,True,10:30:00,2024-01-18
10219,2024-01-18 10:45:00,True,10:45:00,2024-01-18
10220,2024-01-18 11:00:00,True,11:00:00,2024-01-18
10221,2024-01-18 11:15:00,True,11:15:00,2024-01-18
10222,2024-01-18 11:30:00,True,11:30:00,2024-01-18
10223,2024-01-18 11:45:00,True,11:45:00,2024-01-18
10224,2024-01-18 12:00:00,True,12:00:00,2024-01-18
10225,2024-01-18 12:15:00,True,12:15:00,2024-01-18
10226,2024-01-18 12:30:00,True,12:30:00,2024-01-18
10227,2024-01-18 12:45:00,True,12:45:00,2024-01-18
10228,2024-01-18 13:00:00,True,13:00:00,2024-01-18
10229,2024-01-18 13:15:00,True,13:15:00,2024-01-18
10230,2024-01-18 13:30:00,True,13:30:00,2024-01-18
10231,2024-01-18 13:45:00,True,13:45:00,2024-01-18
10232,2024-01-18 14:00:00,True,14:00:00,2024-01-18
10233,2024-01-18 14:15:00,True,14:15:00,2024-01-18
10234,2024-01-18 14:30:00,True,14:30:00,2024-01-18
10235,2024-01-18 14:45:00,True,14:45:00,2024-01-18
10236,2024-01-18 15:00:00,True,15:00:00,2024-01-18
10237,2024-01-18 15:15:00,True,15:15:00,2024-01-18
10238,2024-01-18 15:30:00,True,15:30:00,2024-01-18
10239,2024-01-18 15:45:00,True,15:45:00,2024-01-18
10240,2024-01-18 16:00:00,True,16:00:00,2024-01-18
10241,2024-01-18 16:15:00,True,16:15:00,2024-01-18
10242,2024-01-18 16:30:00,True,16:30:00,2024-01-18
10243,2024-01-18 16:45:00,True,16:45:00,2024-01-18
10244,2024-01-18 17:00:00,True,17:00:00,2024-01-18
10245,2024-01-18 17:15:00,True,17:15:00,2024-01-18
10246,2024-01-18 17:30:00,True,17:30:00,2024-01-18
10247,2024-01-18 17:45:00,True,17:45:00,2024-01-18
10248,2024-01-18 18:00:00,True,18:00:00,2024-01-18
10249,2024-01-18 18:15:00,True,18:15:00,2024-01-18
10250,2024-01-18 18:30:00,True,18:30:00,2024-01-18
10251,2024-01-18 18:45:00,True,18:45:00,2024-01-18
10252,2024-01-18 19:00:00,True,19:00:00,2024-01-18
10253,2024-01-18 19:15:00,True,19:15:00,2024-01-18
10254,2024-01-18 19:30:00,True,19:30:00,2024-01-18
10255,2024-01-18 19:45:00,True,19:45:00,2024-01-18
10256,2024-01-18 20:00:00,True,20:00:00,2024-01-18
10257,2024-01-18 20:15:00,True,20:15:00,2024-01-18
10258,2024-01-18 20:30:00,True,20:30:00,2024-01-18
10259,2024-01-18 20:45:00,True,20:45:00,2024-01-18
10260,2024-01-18 21:00:00,True,21:00:00,2024-01-18
10261,2024-01-18 21:15:00,True,21:15:00,2024-01-18
10262,2024-01-18 21:30:00,True,21:30:00,2024-01-18
10263,2024-01-18 21:45:00,True,21:45:00,2024-01-18
10264,2024-01-18 22:00:00,True,22:00:00,2024-01-18
10265,2024-01-18 22:15:00,True,22:15:00,2024-01-18
10266,2024-01-18 22:30:00,True,22:30:00,2024-01-18
10267,2024-01-18 22:45:00,True,22:45:00,2024-01-18
10268,2024-01-18 23:00:00,True,23:00:00,2024-01-18
10269,2024-01-18 23:15:00,True,23:15:00,2024-01-18
10270,2024-01-18 23:30:00,True,23:30:00,2024-01-18
10271,2024-01-18 23:45:00,True,23:45:00,2024-01-18
10272,2024-01-19 00:00:00,True,00:00:00,2024-01-19
10273,2024-01-19 00:15:00,True,00:15:00,2024-01-19
10274,2024-01-19 00:30:00,True,00:30:00,2024-01-19
10275,2024-01-19 00:45:00,True,00:45:00,2024-01-19
10276,2024-01-19 01:00:00,True,01:00:00,2024-01-19
10277,2024-01-19 01:15:00,True,01:15:00,2024-01-19
10278,2024-01-19 01:30:00,True,01:30:00,2024-01-19
10279,2024-01-19 01:45:00,True,01:45:00,2024-01-19
10280,2024-01-19 02:00:00,True,02:00:00,2024-01-19
10281,2024-01-19 02:15:00,True,02:15:00,2024-01-19
10282,2024-01-19 02:30:00,True,02:30:00,2024-01-19
10283,2024-01-19 02:45:00,True,02:45:00,2024-01-19
10284,2024-01-19 03:00:00,True,03:00:00,2024-01-19
10285,2024-01-19 03:15:00,True,03:15:00,2024-01-19
10286,2024-01-19 03:30:00,True,03:30:00,2024-01-19
10287,2024-01-19 03:45:00,True,03:45:00,2024-01-19
10288,2024-01-19 04:00:00,True,04:00:00,2024-01-19
10289,2024-01-19 04:15:00,True,04:15:00,2024-01-19
10290,2024-01-19 04:30:00,True,04:30:00,2024-01-19
10291,2024-01-19 04:45:00,True,04:45:00,2024-01-19
10292,2024-01-19 05:00:00,True,05:00:00,2024-01-19
10293,2024-01-19 05:15:00,True,05:15:00,2024-01-19
10294,2024-01-19 05:30:00,True,05:30:00,2024-01-19
10295,2024-01-19 05:45:00,True,05:45:00,2024-01-19
10296,2024-01-19 06:00:00,True,06:00:00,2024-01-19
10297,2024-01-19 06:15:00,True,06:15:00,2024-01-19
10298,2024-01-19 06:30:00,True,06:30:00,2024-01-19
10299,2024-01-19 06:45:00,True,06:45:00,2024-01-19
10300,2024-01-19 07:00:00,True,07:00:00,2024-01-19
10301,2024-01-19 07:15:00,True,07:15:00,2024-01-19
10302,2024-01-19 07:30:00,True,07:30:00,2024-01-19
10303,2024-01-19 07:45:00,True,07:45:00,2024-01-19
10304,2024-01-19 08:00:00,True,08:00:00,2024-01-19
10305,2024-01-19 08:15:00,True,08:15:00,2024-01-19
10306,2024-01-19 08:30:00,True,08:30:00,2024-01-19
10307,2024-01-19 08:45:00,True,08:45:00,2024-01-19
10308,2024-01-19 09:00:00,True,09:00:00,2024-01-19
10309,2024-01-19 09:15:00,True,09:15:00,2024-01-19
10310,2024-01-19 09:30:00,True,09:30:00,2024-01-19
10311,2024-01-19 09:45:00,True,09:45:00,2024-01-19
10312,2024-01-19 10:00:00,True,10:00:00,2024-01-19
10313,2024-01-19 10:15:00,True,10:15:00,2024-01-19
10314,2024-01-19 10:30:00,True,10:30:00,2024-01-19
10315,2024-01-19 10:45:00,True,10:45:00,2024-01-19
10316,2024-01-19 11:00:00,True,11:00:00,2024-01-19
10317,2024-01-19 11:15:00,True,11:15:00,2024-01-19
10318,2024-01-19 11:30:00,True,11:30:00,2024-01-19
10319,2024-01-19 11:45:00,True,11:45:00,2024-01-19
10320,2024-01-19 12:00:00,True,12:00:00,2024-01-19
10321,2024-01-19 12:15:00,True,12:15:00,2024-01-19
10322,2024-01-19 12:30:00,True,12:30:00,2024-01-19
10323,2024-01-19 12:45:00,True,12:45:00,2024-01-19
10324,2024-01-19 13:00:00,True,13:00:00,2024-01-19
10325,2024-01-19 13:15:00,True,13:15:00,2024-01-19
10326,2024-01-19 13:30:00,True,13:30:00,2024-01-19
10327,2024-01-19 13:45:00,True,13:45:00,2024-01-19
10328,2024-01-19 14:00:00,True,14:00:00,2024-01-19
10329,2024-01-19 14:15:00,True,14:15:00,2024-01-19
10330,2024-01-19 14:30:00,True,14:30:00,2024-01-19
10331,2024-01-19 14:45:00,True,14:45:00,2024-01-19
10332,2024-01-19 15:00:00,True,15:00:00,2024-01-19
10333,2024-01-19 15:15:00,True,15:15:00,2024-01-19
10334,2024-01-19 15:30:00,True,15:30:00,2024-01-19
10335,2024-01-19 15:45:00,True,15:45:00,2024-01-19
10336,2024-01-19 16:00:00,True,16:00:00,2024-01-19
10337,2024-01-19 16:15:00,True,16:15:00,2024-01-19
10338,2024-01-19 16:30:00,True,16:30:00,2024-01-19
10339,2024-01-19 16:45:00,True,16:45:00,2024-01-19
10340,2024-01-19 17:00:00,True,17:00:00,2024-01-19
10341,2024-01-19 17:15:00,True,17:15:00,2024-01-19
10342,2024-01-19 17:30:00,True,17:30:00,2024-01-19
10343,2024-01-19 17:45:00,True,17:45:00,2024-01-19
10344,2024-01-19 18:00:00,True,18:00:00,2024-01-19
10345,2024-01-19 18:15:00,True,18:15:00,2024-01-19
10346,2024-01-19 18:30:00,True,18:30:00,2024-01-19
10347,2024-01-19 18:45:00,True,18:45:00,2024-01-19
10348,2024-01-19 19:00:00,True,19:00:00,2024-01-19
10349,2024-01-19 19:15:00,True,19:15:00,2024-01-19
10350,2024-01-19 19:30:00,True,19:30:00,2024-01-19
10351,2024-01-19 19:45:00,True,19:45:00,2024-01-19
10352,2024-01-19 20:00:00,True,20:00:00,2024-01-19
10353,2024-01-19 20:15:00,True,20:15:00,2024-01-19
10354,2024-01-19 20:30:00,True,20:30:00,2024-01-19
10355,2024-01-19 20:45:00,True,20:45:00,2024-01-19
10356,2024-01-19 21:00:00,True,21:00:00,2024-01-19
10357,2024-01-19 21:15:00,True,21:15:00,2024-01-19
10358,2024-01-19 21:30:00,True,21:30:00,2024-01-19
10359,2024-01-19 21:45:00,True,21:45:00,2024-01-19
10360,2024-01-19 22:00:00,True,22:00:00,2024-01-19
10361,2024-01-19 22:15:00,True,22:15:00,2024-01-19
10362,2024-01-19 22:30:00,True,22:30:00,2024-01-19
10363,2024-01-19 22:45:00,True,22:45:00,2024-01-19
10364,2024-01-19 23:00:00,True,23:00:00,2024-01-19
10365,2024-01-19 23:15:00,True,23:15:00,2024-01-19
10366,2024-01-19 23:30:00,True,23:30:00,2024-01-19
10367,2024-01-19 23:45:00,True,23:45:00,2024-01-19
10368,2024-01-20 00:00:00,True,00:00:00,2024-01-20
10369,2024-01-20 00:15:00,True,00:15:00,2024-01-20
10370,2024-01-20 00:30:00,True,00:30:00,2024-01-20
10371,2024-01-20 00:45:00,True,00:45:00,2024-01-20
10372,2024-01-20 01:00:00,True,01:00:00,2024-01-20
10373,2024-01-20 01:15:00,True,01:15:00,2024-01-20
10374,2024-01-20 01:30:00,True,01:30:00,2024-01-20
10375,2024-01-20 01:45:00,True,01:45:00,2024-01-20
10376,2024-01-20 02:00:00,True,02:00:00,2024-01-20
10377,2024-01-20 02:15:00,True,02:15:00,2024-01-20
10378,2024-01-20 02:30:00,True,02:30:00,2024-01-20
10379,2024-01-20 02:45:00,True,02:45:00,2024-01-20
10380,2024-01-20 03:00:00,True,03:00:00,2024-01-20
10381,2024-01-20 03:15:00,True,03:15:00,2024-01-20
10382,2024-01-20 03:30:00,True,03:30:00,2024-01-20
10383,2024-01-20 03:45:00,True,03:45:00,2024-01-20
10384,2024-01-20 04:00:00,True,04:00:00,2024-01-20
10385,2024-01-20 04:15:00,True,04:15:00,2024-01-20
10386,2024-01-20 04:30:00,True,04:30:00,2024-01-20
10387,2024-01-20 04:45:00,True,04:45:00,2024-01-20
10388,2024-01-20 05:00:00,True,05:00:00,2024-01-20
10389,2024-01-20 05:15:00,True,05:15:00,2024-01-20
10390,2024-01-20 05:30:00,True,05:30:00,2024-01-20
10391,2024-01-20 05:45:00,True,05:45:00,2024-01-20
10392,2024-01-20 06:00:00,True,06:00:00,2024-01-20
10393,2024-01-20 06:15:00,True,06:15:00,2024-01-20
10394,2024-01-20 06:30:00,True,06:30:00,2024-01-20
10395,2024-01-20 06:45:00,True,06:45:00,2024-01-20
10396,2024-01-20 07:00:00,True,07:00:00,2024-01-20
10397,2024-01-20 07:15:00,True,07:15:00,2024-01-20
10398,2024-01-20 07:30:00,True,07:30:00,2024-01-20
10399,2024-01-20 07:45:00,True,07:45:00,2024-01-20
10400,2024-01-20 08:00:00,True,08:00:00,2024-01-20
10401,2024-01-20 08:15:00,True,08:15:00,2024-01-20
10402,2024-01-20 08:30:00,True,08:30:00,2024-01-20
10403,2024-01-20 08:45:00,True,08:45:00,2024-01-20
10404,2024-01-20 09:00:00,True,09:00:00,2024-01-20
10405,2024-01-20 09:15:00,True,09:15:00,2024-01-20
10406,2024-01-20 09:30:00,True,09:30:00,2024-01-20
10407,2024-01-20 09:45:00,True,09:45:00,2024-01-20
10408,2024-01-20 10:00:00,True,10:00:00,2024-01-20
10409,2024-01-20 10:15:00,True,10:15:00,2024-01-20
10410,2024-01-20 10:30:00,True,10:30:00,2024-01-20
10411,2024-01-20 10:45:00,True,10:45:00,2024-01-20
10412,2024-01-20 11:00:00,True,11:00:00,2024-01-20
10413,2024-01-20 11:15:00,True,11:15:00,2024-01-20
10414,2024-01-20 11:30:00,True,11:30:00,2024-01-20
10415,2024-01-20 11:45:00,True,11:45:00,2024-01-20
10416,2024-01-20 12:00:00,True,12:00:00,2024-01-20
10417,2024-01-20 12:15:00,True,12:15:00,2024-01-20
10418,2024-01-20 12:30:00,True,12:30:00,2024-01-20
10419,2024-01-20 12:45:00,True,12:45:00,2024-01-20
10420,2024-01-20 13:00:00,True,13:00:00,2024-01-20
10421,2024-01-20 13:15:00,True,13:15:00,2024-01-20
10422,2024-01-20 13:30:00,True,13:30:00,2024-01-20
10423,2024-01-20 13:45:00,True,13:45:00,2024-01-20
10424,2024-01-20 14:00:00,True,14:00:00,2024-01-20
10425,2024-01-20 14:15:00,True,14:15:00,2024-01-20
10426,2024-01-20 14:30:00,True,14:30:00,2024-01-20
10427,2024-01-20 14:45:00,True,14:45:00,2024-01-20
10428,2024-01-20 15:00:00,True,15:00:00,2024-01-20
10429,2024-01-20 15:15:00,True,15:15:00,2024-01-20
10430,2024-01-20 15:30:00,True,15:30:00,2024-01-20
10431,2024-01-20 15:45:00,True,15:45:00,2024-01-20
10432,2024-01-20 16:00:00,True,16:00:00,2024-01-20
10433,2024-01-20 16:15:00,True,16:15:00,2024-01-20
10434,2024-01-20 16:30:00,True,16:30:00,2024-01-20
10435,2024-01-20 16:45:00,True,16:45:00,2024-01-20
10436,2024-01-20 17:00:00,True,17:00:00,2024-01-20
10437,2024-01-20 17:15:00,True,17:15:00,2024-01-20
10438,2024-01-20 17:30:00,True,17:30:00,2024-01-20
10439,2024-01-20 17:45:00,True,17:45:00,2024-01-20
10440,2024-01-20 18:00:00,True,18:00:00,2024-01-20
10441,2024-01-20 18:15:00,True,18:15:00,2024-01-20
10442,2024-01-20 18:30:00,True,18:30:00,2024-01-20
10443,2024-01-20 18:45:00,True,18:45:00,2024-01-20
10444,2024-01-20 19:00:00,True,19:00:00,2024-01-20
10445,2024-01-20 19:15:00,True,19:15:00,2024-01-20
10446,2024-01-20 19:30:00,True,19:30:00,2024-01-20
10447,2024-01-20 19:45:00,True,19:45:00,2024-01-20
10448,2024-01-20 20:00:00,True,20:00:00,2024-01-20
10449,2024-01-20 20:15:00,True,20:15:00,2024-01-20
10450,2024-01-20 20:30:00,True,20:30:00,2024-01-20
10451,2024-01-20 20:45:00,True,20:45:00,2024-01-20
10452,2024-01-20 21:00:00,True,21:00:00,2024-01-20
10453,2024-01-20 21:15:00,True,21:15:00,2024-01-20
10454,2024-01-20 21:30:00,True,21:30:00,2024-01-20
10455,2024-01-20 21:45:00,True,21:45:00,2024-01-20
10456,2024-01-20 22:00:00,True,22:00:00,2024-01-20
10457,2024-01-20 22:15:00,True,22:15:00,2024-01-20
10458,2024-01-20 22:30:00,True,22:30:00,2024-01-20
10459,2024-01-20 22:45:00,True,22:45:00,2024-01-20
10460,2024-01-20 23:00:00,True,23:00:00,2024-01-20
10461,2024-01-20 23:15:00,True,23:15:00,2024-01-20
10462,2024-01-20 23:30:00,True,23:30:00,2024-01-20
10463,2024-01-20 23:45:00,True,23:45:00,2024-01-20
10464,2024-01-21 00:00:00,True,00:00:00,2024-01-21
10465,2024-01-21 00:15:00,True,00:15:00,2024-01-21
10466,2024-01-21 00:30:00,True,00:30:00,2024-01-21
10467,2024-01-21 00:45:00,True,00:45:00,2024-01-21
10468,2024-01-21 01:00:00,True,01:00:00,2024-01-21
10469,2024-01-21 01:15:00,True,01:15:00,2024-01-21
10470,2024-01-21 01:30:00,True,01:30:00,2024-01-21
10471,2024-01-21 01:45:00,True,01:45:00,2024-01-21
10472,2024-01-21 02:00:00,True,02:00:00,2024-01-21
10473,2024-01-21 02:15:00,True,02:15:00,2024-01-21
10474,2024-01-21 02:30:00,True,02:30:00,2024-01-21
10475,2024-01-21 02:45:00,True,02:45:00,2024-01-21
10476,2024-01-21 03:00:00,True,03:00:00,2024-01-21
10477,2024-01-21 03:15:00,True,03:15:00,2024-01-21
10478,2024-01-21 03:30:00,True,03:30:00,2024-01-21
10479,2024-01-21 03:45:00,True,03:45:00,2024-01-21
10480,2024-01-21 04:00:00,True,04:00:00,2024-01-21
10481,2024-01-21 04:15:00,True,04:15:00,2024-01-21
10482,2024-01-21 04:30:00,True,04:30:00,2024-01-21
10483,2024-01-21 04:45:00,True,04:45:00,2024-01-21
10484,2024-01-21 05:00:00,True,05:00:00,2024-01-21
10485,2024-01-21 05:15:00,True,05:15:00,2024-01-21
10486,2024-01-21 05:30:00,True,05:30:00,2024-01-21
10487,2024-01-21 05:45:00,True,05:45:00,2024-01-21
10488,2024-01-21 06:00:00,True,06:00:00,2024-01-21
10489,2024-01-21 06:15:00,True,06:15:00,2024-01-21
10490,2024-01-21 06:30:00,True,06:30:00,2024-01-21
10491,2024-01-21 06:45:00,True,06:45:00,2024-01-21
10492,2024-01-21 07:00:00,True,07:00:00,2024-01-21
10493,2024-01-21 07:15:00,True,07:15:00,2024-01-21
10494,2024-01-21 07:30:00,True,07:30:00,2024-01-21
10495,2024-01-21 07:45:00,True,07:45:00,2024-01-21
10496,2024-01-21 08:00:00,True,08:00:00,2024-01-21
10497,2024-01-21 08:15:00,True,08:15:00,2024-01-21
10498,2024-01-21 08:30:00,True,08:30:00,2024-01-21
10499,2024-01-21 08:45:00,True,08:45:00,2024-01-21
10500,2024-01-21 09:00:00,True,09:00:00,2024-01-21
10501,2024-01-21 09:15:00,True,09:15:00,2024-01-21
10502,2024-01-21 09:30:00,True,09:30:00,2024-01-21
10503,2024-01-21 09:45:00,True,09:45:00,2024-01-21
10504,2024-01-21 10:00:00,True,10:00:00,2024-01-21
10505,2024-01-21 10:15:00,True,10:15:00,2024-01-21
10506,2024-01-21 10:30:00,True,10:30:00,2024-01-21
10507,2024-01-21 10:45:00,True,10:45:00,2024-01-21
10508,2024-01-21 11:00:00,True,11:00:00,2024-01-21
10509,2024-01-21 11:15:00,True,11:15:00,2024-01-21
10510,2024-01-21 11:30:00,True,11:30:00,2024-01-21
10511,2024-01-21 11:45:00,True,11:45:00,2024-01-21
10512,2024-01-21 12:00:00,True,12:00:00,2024-01-21
10513,2024-01-21 12:15:00,True,12:15:00,2024-01-21
10514,2024-01-21 12:30:00,True,12:30:00,2024-01-21
10515,2024-01-21 12:45:00,True,12:45:00,2024-01-21
10516,2024-01-21 13:00:00,True,13:00:00,2024-01-21
10517,2024-01-21 13:15:00,True,13:15:00,2024-01-21
10518,2024-01-21 13:30:00,True,13:30:00,2024-01-21
10519,2024-01-21 13:45:00,True,13:45:00,2024-01-21
10520,2024-01-21 14:00:00,True,14:00:00,2024-01-21
10521,2024-01-21 14:15:00,True,14:15:00,2024-01-21
10522,2024-01-21 14:30:00,True,14:30:00,2024-01-21
10523,2024-01-21 14:45:00,True,14:45:00,2024-01-21
10524,2024-01-21 15:00:00,True,15:00:00,2024-01-21
10525,2024-01-21 15:15:00,True,15:15:00,2024-01-21
10526,2024-01-21 15:30:00,True,15:30:00,2024-01-21
10527,2024-01-21 15:45:00,True,15:45:00,2024-01-21
10528,2024-01-21 16:00:00,True,16:00:00,2024-01-21
10529,2024-01-21 16:15:00,True,16:15:00,2024-01-21
10530,2024-01-21 16:30:00,True,16:30:00,2024-01-21
10531,2024-01-21 16:45:00,True,16:45:00,2024-01-21
10532,2024-01-21 17:00:00,True,17:00:00,2024-01-21
10533,2024-01-21 17:15:00,True,17:15:00,2024-01-21
10534,2024-01-21 17:30:00,True,17:30:00,2024-01-21
10535,2024-01-21 17:45:00,True,17:45:00,2024-01-21
10536,2024-01-21 18:00:00,True,18:00:00,2024-01-21
10537,2024-01-21 18:15:00,True,18:15:00,2024-01-21
10538,2024-01-21 18:30:00,True,18:30:00,2024-01-21
10539,2024-01-21 18:45:00,True,18:45:00,2024-01-21
10540,2024-01-21 19:00:00,True,19:00:00,2024-01-21
10541,2024-01-21 19:15:00,True,19:15:00,2024-01-21
10542,2024-01-21 19:30:00,True,19:30:00,2024-01-21
10543,2024-01-21 19:45:00,True,19:45:00,2024-01-21
10544,2024-01-21 20:00:00,True,20:00:00,2024-01-21
10545,2024-01-21 20:15:00,True,20:15:00,2024-01-21
10546,2024-01-21 20:30:00,True,20:30:00,2024-01-21
10547,2024-01-21 20:45:00,True,20:45:00,2024-01-21
10548,2024-01-21 21:00:00,True,21:00:00,2024-01-21
10549,2024-01-21 21:15:00,True,21:15:00,2024-01-21
10550,2024-01-21 21:30:00,True,21:30:00,2024-01-21
10551,2024-01-21 21:45:00,True,21:45:00,2024-01-21
10552,2024-01-21 22:00:00,True,22:00:00,2024-01-21
10553,2024-01-21 22:15:00,True,22:15:00,2024-01-21
10554,2024-01-21 22:30:00,True,22:30:00,2024-01-21
10555,2024-01-21 22:45:00,True,22:45:00,2024-01-21
10556,2024-01-21 23:00:00,True,23:00:00,2024-01-21
10557,2024-01-21 23:15:00,True,23:15:00,2024-01-21
10558,2024-01-21 23:30:00,True,23:30:00,2024-01-21
10559,2024-01-21 23:45:00,True,23:45:00,2024-01-21
10560,2024-01-22 00:00:00,True,00:00:00,2024-01-22
10561,2024-01-22 00:15:00,True,00:15:00,2024-01-22
10562,2024-01-22 00:30:00,True,00:30:00,2024-01-22
10563,2024-01-22 00:45:00,True,00:45:00,2024-01-22
10564,2024-01-22 01:00:00,True,01:00:00,2024-01-22
10565,2024-01-22 01:15:00,True,01:15:00,2024-01-22
10566,2024-01-22 01:30:00,True,01:30:00,2024-01-22
10567,2024-01-22 01:45:00,True,01:45:00,2024-01-22
10568,2024-01-22 02:00:00,True,02:00:00,2024-01-22
10569,2024-01-22 02:15:00,True,02:15:00,2024-01-22
10570,2024-01-22 02:30:00,True,02:30:00,2024-01-22
10571,2024-01-22 02:45:00,True,02:45:00,2024-01-22
10572,2024-01-22 03:00:00,True,03:00:00,2024-01-22
10573,2024-01-22 03:15:00,True,03:15:00,2024-01-22
10574,2024-01-22 03:30:00,True,03:30:00,2024-01-22
10575,2024-01-22 03:45:00,True,03:45:00,2024-01-22
10576,2024-01-22 04:00:00,True,04:00:00,2024-01-22
10577,2024-01-22 04:15:00,True,04:15:00,2024-01-22
10578,2024-01-22 04:30:00,True,04:30:00,2024-01-22
10579,2024-01-22 04:45:00,True,04:45:00,2024-01-22
10580,2024-01-22 05:00:00,True,05:00:00,2024-01-22
10581,2024-01-22 05:15:00,True,05:15:00,2024-01-22
10582,2024-01-22 05:30:00,True,05:30:00,2024-01-22
10583,2024-01-22 05:45:00,True,05:45:00,2024-01-22
10584,2024-01-22 06:00:00,True,06:00:00,2024-01-22
10585,2024-01-22 06:15:00,True,06:15:00,2024-01-22
10586,2024-01-22 06:30:00,True,06:30:00,2024-01-22
10587,2024-01-22 06:45:00,True,06:45:00,2024-01-22
10588,2024-01-22 07:00:00,True,07:00:00,2024-01-22
10589,2024-01-22 07:15:00,True,07:15:00,2024-01-22
10590,2024-01-22 07:30:00,True,07:30:00,2024-01-22
10591,2024-01-22 07:45:00,True,07:45:00,2024-01-22
10592,2024-01-22 08:00:00,True,08:00:00,2024-01-22
10593,2024-01-22 08:15:00,True,08:15:00,2024-01-22
10594,2024-01-22 08:30:00,True,08:30:00,2024-01-22
10595,2024-01-22 08:45:00,True,08:45:00,2024-01-22
10596,2024-01-22 09:00:00,True,09:00:00,2024-01-22
10597,2024-01-22 09:15:00,True,09:15:00,2024-01-22
10598,2024-01-22 09:30:00,True,09:30:00,2024-01-22
10599,2024-01-22 09:45:00,True,09:45:00,2024-01-22
10600,2024-01-22 10:00:00,True,10:00:00,2024-01-22
10601,2024-01-22 10:15:00,True,10:15:00,2024-01-22
10602,2024-01-22 10:30:00,True,10:30:00,2024-01-22
10603,2024-01-22 10:45:00,True,10:45:00,2024-01-22
10604,2024-01-22 11:00:00,True,11:00:00,2024-01-22
10605,2024-01-22 11:15:00,True,11:15:00,2024-01-22
10606,2024-01-22 11:30:00,True,11:30:00,2024-01-22
10607,2024-01-22 11:45:00,True,11:45:00,2024-01-22
10608,2024-01-22 12:00:00,True,12:00:00,2024-01-22
10609,2024-01-22 12:15:00,True,12:15:00,2024-01-22
10610,2024-01-22 12:30:00,True,12:30:00,2024-01-22
10611,2024-01-22 12:45:00,True,12:45:00,2024-01-22
10612,2024-01-22 13:00:00,True,13:00:00,2024-01-22
10613,2024-01-22 13:15:00,True,13:15:00,2024-01-22
10614,2024-01-22 13:30:00,True,13:30:00,2024-01-22
10615,2024-01-22 13:45:00,True,13:45:00,2024-01-22
10616,2024-01-22 14:00:00,True,14:00:00,2024-01-22
10617,2024-01-22 14:15:00,True,14:15:00,2024-01-22
10618,2024-01-22 14:30:00,True,14:30:00,2024-01-22
10619,2024-01-22 14:45:00,True,14:45:00,2024-01-22
10620,2024-01-22 15:00:00,True,15:00:00,2024-01-22
10621,2024-01-22 15:15:00,True,15:15:00,2024-01-22
10622,2024-01-22 15:30:00,True,15:30:00,2024-01-22
10623,2024-01-22 15:45:00,True,15:45:00,2024-01-22
10624,2024-01-22 16:00:00,True,16:00:00,2024-01-22
10625,2024-01-22 16:15:00,True,16:15:00,2024-01-22
10626,2024-01-22 16:30:00,True,16:30:00,2024-01-22
10627,2024-01-22 16:45:00,True,16:45:00,2024-01-22
10628,2024-01-22 17:00:00,True,17:00:00,2024-01-22
10629,2024-01-22 17:15:00,True,17:15:00,2024-01-22
10630,2024-01-22 17:30:00,True,17:30:00,2024-01-22
10631,2024-01-22 17:45:00,True,17:45:00,2024-01-22
10632,2024-01-22 18:00:00,True,18:00:00,2024-01-22
10633,2024-01-22 18:15:00,True,18:15:00,2024-01-22
10634,2024-01-22 18:30:00,True,18:30:00,2024-01-22
10635,2024-01-22 18:45:00,True,18:45:00,2024-01-22
10636,2024-01-22 19:00:00,True,19:00:00,2024-01-22
10637,2024-01-22 19:15:00,True,19:15:00,2024-01-22
10638,2024-01-22 19:30:00,True,19:30:00,2024-01-22
10639,2024-01-22 19:45:00,True,19:45:00,2024-01-22
10640,2024-01-22 20:00:00,True,20:00:00,2024-01-22
10641,2024-01-22 20:15:00,True,20:15:00,2024-01-22
10642,2024-01-22 20:30:00,True,20:30:00,2024-01-22
10643,2024-01-22 20:45:00,True,20:45:00,2024-01-22
10644,2024-01-22 21:00:00,True,21:00:00,2024-01-22
10645,2024-01-22 21:15:00,True,21:15:00,2024-01-22
10646,2024-01-22 21:30:00,True,21:30:00,2024-01-22
10647,2024-01-22 21:45:00,True,21:45:00,2024-01-22
10648,2024-01-22 22:00:00,True,22:00:00,2024-01-22
10649,2024-01-22 22:15:00,True,22:15:00,2024-01-22
10650,2024-01-22 22:30:00,True,22:30:00,2024-01-22
10651,2024-01-22 22:45:00,True,22:45:00,2024-01-22
10652,2024-01-22 23:00:00,True,23:00:00,2024-01-22
10653,2024-01-22 23:15:00,True,23:15:00,2024-01-22
10654,2024-01-22 23:30:00,True,23:30:00,2024-01-22
10655,2024-01-22 23:45:00,True,23:45:00,2024-01-22
10656,2024-01-23 00:00:00,True,00:00:00,2024-01-23
10657,2024-01-23 00:15:00,True,00:15:00,2024-01-23
10658,2024-01-23 00:30:00,True,00:30:00,2024-01-23
10659,2024-01-23 00:45:00,True,00:45:00,2024-01-23
10660,2024-01-23 01:00:00,True,01:00:00,2024-01-23
10661,2024-01-23 01:15:00,True,01:15:00,2024-01-23
10662,2024-01-23 01:30:00,True,01:30:00,2024-01-23
10663,2024-01-23 01:45:00,True,01:45:00,2024-01-23
10664,2024-01-23 02:00:00,True,02:00:00,2024-01-23
10665,2024-01-23 02:15:00,True,02:15:00,2024-01-23
10666,2024-01-23 02:30:00,True,02:30:00,2024-01-23
10667,2024-01-23 02:45:00,True,02:45:00,2024-01-23
10668,2024-01-23 03:00:00,True,03:00:00,2024-01-23
10669,2024-01-23 03:15:00,True,03:15:00,2024-01-23
10670,2024-01-23 03:30:00,True,03:30:00,2024-01-23
10671,2024-01-23 03:45:00,True,03:45:00,2024-01-23
10672,2024-01-23 04:00:00,True,04:00:00,2024-01-23
10673,2024-01-23 04:15:00,True,04:15:00,2024-01-23
10674,2024-01-23 04:30:00,True,04:30:00,2024-01-23
10675,2024-01-23 04:45:00,True,04:45:00,2024-01-23
10676,2024-01-23 05:00:00,True,05:00:00,2024-01-23
10677,2024-01-23 05:15:00,True,05:15:00,2024-01-23
10678,2024-01-23 05:30:00,True,05:30:00,2024-01-23
10679,2024-01-23 05:45:00,True,05:45:00,2024-01-23
10680,2024-01-23 06:00:00,True,06:00:00,2024-01-23
10681,2024-01-23 06:15:00,True,06:15:00,2024-01-23
10682,2024-01-23 06:30:00,True,06:30:00,2024-01-23
10683,2024-01-23 06:45:00,True,06:45:00,2024-01-23
10684,2024-01-23 07:00:00,True,07:00:00,2024-01-23
10685,2024-01-23 07:15:00,True,07:15:00,2024-01-23
10686,2024-01-23 07:30:00,True,07:30:00,2024-01-23
10687,2024-01-23 07:45:00,True,07:45:00,2024-01-23
10688,2024-01-23 08:00:00,True,08:00:00,2024-01-23
10689,2024-01-23 08:15:00,True,08:15:00,2024-01-23
10690,2024-01-23 08:30:00,True,08:30:00,2024-01-23
10691,2024-01-23 08:45:00,True,08:45:00,2024-01-23
10692,2024-01-23 09:00:00,True,09:00:00,2024-01-23
10693,2024-01-23 09:15:00,True,09:15:00,2024-01-23
10694,2024-01-23 09:30:00,True,09:30:00,2024-01-23
10695,2024-01-23 09:45:00,True,09:45:00,2024-01-23
10696,2024-01-23 10:00:00,True,10:00:00,2024-01-23
10697,2024-01-23 10:15:00,True,10:15:00,2024-01-23
10698,2024-01-23 10:30:00,True,10:30:00,2024-01-23
10699,2024-01-23 10:45:00,True,10:45:00,2024-01-23
10700,2024-01-23 11:00:00,True,11:00:00,2024-01-23
10701,2024-01-23 11:15:00,True,11:15:00,2024-01-23
10702,2024-01-23 11:30:00,True,11:30:00,2024-01-23
10703,2024-01-23 11:45:00,True,11:45:00,2024-01-23
10704,2024-01-23 12:00:00,True,12:00:00,2024-01-23
10705,2024-01-23 12:15:00,True,12:15:00,2024-01-23
10706,2024-01-23 12:30:00,True,12:30:00,2024-01-23
10707,2024-01-23 12:45:00,True,12:45:00,2024-01-23
10708,2024-01-23 13:00:00,True,13:00:00,2024-01-23
10709,2024-01-23 13:15:00,True,13:15:00,2024-01-23
10710,2024-01-23 13:30:00,True,13:30:00,2024-01-23
10711,2024-01-23 13:45:00,True,13:45:00,2024-01-23
10712,2024-01-23 14:00:00,True,14:00:00,2024-01-23
10713,2024-01-23 14:15:00,True,14:15:00,2024-01-23
10714,2024-01-23 14:30:00,True,14:30:00,2024-01-23
10715,2024-01-23 14:45:00,True,14:45:00,2024-01-23
10716,2024-01-23 15:00:00,True,15:00:00,2024-01-23
10717,2024-01-23 15:15:00,True,15:15:00,2024-01-23
10718,2024-01-23 15:30:00,True,15:30:00,2024-01-23
10719,2024-01-23 15:45:00,True,15:45:00,2024-01-23
10720,2024-01-23 16:00:00,True,16:00:00,2024-01-23
10721,2024-01-23 16:15:00,True,16:15:00,2024-01-23
10722,2024-01-23 16:30:00,True,16:30:00,2024-01-23
10723,2024-01-23 16:45:00,True,16:45:00,2024-01-23
10724,2024-01-23 17:00:00,True,17:00:00,2024-01-23
10725,2024-01-23 17:15:00,True,17:15:00,2024-01-23
10726,2024-01-23 17:30:00,True,17:30:00,2024-01-23
10727,2024-01-23 17:45:00,True,17:45:00,2024-01-23
10728,2024-01-23 18:00:00,True,18:00:00,2024-01-23
10729,2024-01-23 18:15:00,True,18:15:00,2024-01-23
10730,2024-01-23 18:30:00,True,18:30:00,2024-01-23
10731,2024-01-23 18:45:00,True,18:45:00,2024-01-23
10732,2024-01-23 19:00:00,True,19:00:00,2024-01-23
10733,2024-01-23 19:15:00,True,19:15:00,2024-01-23
10734,2024-01-23 19:30:00,True,19:30:00,2024-01-23
10735,2024-01-23 19:45:00,True,19:45:00,2024-01-23
10736,2024-01-23 20:00:00,True,20:00:00,2024-01-23
10737,2024-01-23 20:15:00,True,20:15:00,2024-01-23
10738,2024-01-23 20:30:00,True,20:30:00,2024-01-23
10739,2024-01-23 20:45:00,True,20:45:00,2024-01-23
10740,2024-01-23 21:00:00,True,21:00:00,2024-01-23
10741,2024-01-23 21:15:00,True,21:15:00,2024-01-23
10742,2024-01-23 21:30:00,True,21:30:00,2024-01-23
10743,2024-01-23 21:45:00,True,21:45:00,2024-01-23
10744,2024-01-23 22:00:00,True,22:00:00,2024-01-23
10745,2024-01-23 22:15:00,True,22:15:00,2024-01-23
10746,2024-01-23 22:30:00,True,22:30:00,2024-01-23
10747,2024-01-23 22:45:00,True,22:45:00,2024-01-23
10748,2024-01-23 23:00:00,True,23:00:00,2024-01-23
10749,2024-01-23 23:15:00,True,23:15:00,2024-01-23
10750,2024-01-23 23:30:00,True,23:30:00,2024-01-23
10751,2024-01-23 23:45:00,True,23:45:00,2024-01-23
10752,2024-01-24 00:00:00,True,00:00:00,2024-01-24
10753,2024-01-24 00:15:00,True,00:15:00,2024-01-24
10754,2024-01-24 00:30:00,True,00:30:00,2024-01-24
10755,2024-01-24 00:45:00,True,00:45:00,2024-01-24
10756,2024-01-24 01:00:00,True,01:00:00,2024-01-24
10757,2024-01-24 01:15:00,True,01:15:00,2024-01-24
10758,2024-01-24 01:30:00,True,01:30:00,2024-01-24
10759,2024-01-24 01:45:00,True,01:45:00,2024-01-24
10760,2024-01-24 02:00:00,True,02:00:00,2024-01-24
10761,2024-01-24 02:15:00,True,02:15:00,2024-01-24
10762,2024-01-24 02:30:00,True,02:30:00,2024-01-24
10763,2024-01-24 02:45:00,True,02:45:00,2024-01-24
10764,2024-01-24 03:00:00,True,03:00:00,2024-01-24
10765,2024-01-24 03:15:00,True,03:15:00,2024-01-24
10766,2024-01-24 03:30:00,True,03:30:00,2024-01-24
10767,2024-01-24 03:45:00,True,03:45:00,2024-01-24
10768,2024-01-24 04:00:00,True,04:00:00,2024-01-24
10769,2024-01-24 04:15:00,True,04:15:00,2024-01-24
10770,2024-01-24 04:30:00,True,04:30:00,2024-01-24
10771,2024-01-24 04:45:00,True,04:45:00,2024-01-24
10772,2024-01-24 05:00:00,True,05:00:00,2024-01-24
10773,2024-01-24 05:15:00,True,05:15:00,2024-01-24
10774,2024-01-24 05:30:00,True,05:30:00,2024-01-24
10775,2024-01-24 05:45:00,True,05:45:00,2024-01-24
10776,2024-01-24 06:00:00,True,06:00:00,2024-01-24
10777,2024-01-24 06:15:00,True,06:15:00,2024-01-24
10778,2024-01-24 06:30:00,True,06:30:00,2024-01-24
10779,2024-01-24 06:45:00,True,06:45:00,2024-01-24
10780,2024-01-24 07:00:00,True,07:00:00,2024-01-24
10781,2024-01-24 07:15:00,True,07:15:00,2024-01-24
10782,2024-01-24 07:30:00,True,07:30:00,2024-01-24
10783,2024-01-24 07:45:00,True,07:45:00,2024-01-24
10784,2024-01-24 08:00:00,True,08:00:00,2024-01-24
10785,2024-01-24 08:15:00,True,08:15:00,2024-01-24
10786,2024-01-24 08:30:00,True,08:30:00,2024-01-24
10787,2024-01-24 08:45:00,True,08:45:00,2024-01-24
10788,2024-01-24 09:00:00,True,09:00:00,2024-01-24
10789,2024-01-24 09:15:00,True,09:15:00,2024-01-24
10790,2024-01-24 09:30:00,True,09:30:00,2024-01-24
10791,2024-01-24 09:45:00,True,09:45:00,2024-01-24
10792,2024-01-24 10:00:00,True,10:00:00,2024-01-24
10793,2024-01-24 10:15:00,True,10:15:00,2024-01-24
10794,2024-01-24 10:30:00,True,10:30:00,2024-01-24
10795,2024-01-24 10:45:00,True,10:45:00,2024-01-24
10796,2024-01-24 11:00:00,True,11:00:00,2024-01-24
10797,2024-01-24 11:15:00,True,11:15:00,2024-01-24
10798,2024-01-24 11:30:00,True,11:30:00,2024-01-24
10799,2024-01-24 11:45:00,True,11:45:00,2024-01-24
10800,2024-01-24 12:00:00,True,12:00:00,2024-01-24
10801,2024-01-24 12:15:00,True,12:15:00,2024-01-24
10802,2024-01-24 12:30:00,True,12:30:00,2024-01-24
10803,2024-01-24 12:45:00,True,12:45:00,2024-01-24
10804,2024-01-24 13:00:00,True,13:00:00,2024-01-24
10805,2024-01-24 13:15:00,True,13:15:00,2024-01-24
10806,2024-01-24 13:30:00,True,13:30:00,2024-01-24
10807,2024-01-24 13:45:00,True,13:45:00,2024-01-24
10808,2024-01-24 14:00:00,True,14:00:00,2024-01-24
10809,2024-01-24 14:15:00,True,14:15:00,2024-01-24
10810,2024-01-24 14:30:00,True,14:30:00,2024-01-24
10811,2024-01-24 14:45:00,True,14:45:00,2024-01-24
10812,2024-01-24 15:00:00,True,15:00:00,2024-01-24
10813,2024-01-24 15:15:00,True,15:15:00,2024-01-24
10814,2024-01-24 15:30:00,True,15:30:00,2024-01-24
10815,2024-01-24 15:45:00,True,15:45:00,2024-01-24
10816,2024-01-24 16:00:00,True,16:00:00,2024-01-24
10817,2024-01-24 16:15:00,True,16:15:00,2024-01-24
10818,2024-01-24 16:30:00,True,16:30:00,2024-01-24
10819,2024-01-24 16:45:00,True,16:45:00,2024-01-24
10820,2024-01-24 17:00:00,True,17:00:00,2024-01-24
10821,2024-01-24 17:15:00,True,17:15:00,2024-01-24
10822,2024-01-24 17:30:00,True,17:30:00,2024-01-24
10823,2024-01-24 17:45:00,True,17:45:00,2024-01-24
10824,2024-01-24 18:00:00,True,18:00:00,2024-01-24
10825,2024-01-24 18:15:00,True,18:15:00,2024-01-24
10826,2024-01-24 18:30:00,True,18:30:00,2024-01-24
10827,2024-01-24 18:45:00,True,18:45:00,2024-01-24
10828,2024-01-24 19:00:00,True,19:00:00,2024-01-24
10829,2024-01-24 19:15:00,True,19:15:00,2024-01-24
10830,2024-01-24 19:30:00,True,19:30:00,2024-01-24
10831,2024-01-24 19:45:00,True,19:45:00,2024-01-24
10832,2024-01-24 20:00:00,True,20:00:00,2024-01-24
10833,2024-01-24 20:15:00,True,20:15:00,2024-01-24
10834,2024-01-24 20:30:00,True,20:30:00,2024-01-24
10835,2024-01-24 20:45:00,True,20:45:00,2024-01-24
10836,2024-01-24 21:00:00,True,21:00:00,2024-01-24
10837,2024-01-24 21:15:00,True,21:15:00,2024-01-24
10838,2024-01-24 21:30:00,True,21:30:00,2024-01-24
10839,2024-01-24 21:45:00,True,21:45:00,2024-01-24
10840,2024-01-24 22:00:00,True,22:00:00,2024-01-24
10841,2024-01-24 22:15:00,True,22:15:00,2024-01-24
10842,2024-01-24 22:30:00,True,22:30:00,2024-01-24
10843,2024-01-24 22:45:00,True,22:45:00,2024-01-24
10844,2024-01-24 23:00:00,True,23:00:00,2024-01-24
10845,2024-01-24 23:15:00,True,23:15:00,2024-01-24
10846,2024-01-24 23:30:00,True,23:30:00,2024-01-24
10847,2024-01-24 23:45:00,True,23:45:00,2024-01-24
10848,2024-01-25 00:00:00,True,00:00:00,2024-01-25
10849,2024-01-25 00:15:00,True,00:15:00,2024-01-25
10850,2024-01-25 00:30:00,True,00:30:00,2024-01-25
10851,2024-01-25 00:45:00,True,00:45:00,2024-01-25
10852,2024-01-25 01:00:00,True,01:00:00,2024-01-25
10853,2024-01-25 01:15:00,True,01:15:00,2024-01-25
10854,2024-01-25 01:30:00,True,01:30:00,2024-01-25
10855,2024-01-25 01:45:00,True,01:45:00,2024-01-25
10856,2024-01-25 02:00:00,True,02:00:00,2024-01-25
10857,2024-01-25 02:15:00,True,02:15:00,2024-01-25
10858,2024-01-25 02:30:00,True,02:30:00,2024-01-25
10859,2024-01-25 02:45:00,True,02:45:00,2024-01-25
10860,2024-01-25 03:00:00,True,03:00:00,2024-01-25
10861,2024-01-25 03:15:00,True,03:15:00,2024-01-25
10862,2024-01-25 03:30:00,True,03:30:00,2024-01-25
10863,2024-01-25 03:45:00,True,03:45:00,2024-01-25
10864,2024-01-25 04:00:00,True,04:00:00,2024-01-25
10865,2024-01-25 04:15:00,True,04:15:00,2024-01-25
10866,2024-01-25 04:30:00,True,04:30:00,2024-01-25
10867,2024-01-25 04:45:00,True,04:45:00,2024-01-25
10868,2024-01-25 05:00:00,True,05:00:00,2024-01-25
10869,2024-01-25 05:15:00,True,05:15:00,2024-01-25
10870,2024-01-25 05:30:00,True,05:30:00,2024-01-25
10871,2024-01-25 05:45:00,True,05:45:00,2024-01-25
10872,2024-01-25 06:00:00,True,06:00:00,2024-01-25
10873,2024-01-25 06:15:00,True,06:15:00,2024-01-25
10874,2024-01-25 06:30:00,True,06:30:00,2024-01-25
10875,2024-01-25 06:45:00,True,06:45:00,2024-01-25
10876,2024-01-25 07:00:00,True,07:00:00,2024-01-25
10877,2024-01-25 07:15:00,True,07:15:00,2024-01-25
10878,2024-01-25 07:30:00,True,07:30:00,2024-01-25
10879,2024-01-25 07:45:00,True,07:45:00,2024-01-25
10880,2024-01-25 08:00:00,True,08:00:00,2024-01-25
10881,2024-01-25 08:15:00,True,08:15:00,2024-01-25
10882,2024-01-25 08:30:00,True,08:30:00,2024-01-25
10883,2024-01-25 08:45:00,True,08:45:00,2024-01-25
10884,2024-01-25 09:00:00,True,09:00:00,2024-01-25
10885,2024-01-25 09:15:00,True,09:15:00,2024-01-25
10886,2024-01-25 09:30:00,True,09:30:00,2024-01-25
10887,2024-01-25 09:45:00,True,09:45:00,2024-01-25
10888,2024-01-25 10:00:00,True,10:00:00,2024-01-25
10889,2024-01-25 10:15:00,True,10:15:00,2024-01-25
10890,2024-01-25 10:30:00,True,10:30:00,2024-01-25
10891,2024-01-25 10:45:00,True,10:45:00,2024-01-25
10892,2024-01-25 11:00:00,True,11:00:00,2024-01-25
10893,2024-01-25 11:15:00,True,11:15:00,2024-01-25
10894,2024-01-25 11:30:00,True,11:30:00,2024-01-25
10895,2024-01-25 11:45:00,True,11:45:00,2024-01-25
10896,2024-01-25 12:00:00,True,12:00:00,2024-01-25
10897,2024-01-25 12:15:00,True,12:15:00,2024-01-25
10898,2024-01-25 12:30:00,True,12:30:00,2024-01-25
10899,2024-01-25 12:45:00,True,12:45:00,2024-01-25
10900,2024-01-25 13:00:00,True,13:00:00,2024-01-25
10901,2024-01-25 13:15:00,True,13:15:00,2024-01-25
10902,2024-01-25 13:30:00,True,13:30:00,2024-01-25
10903,2024-01-25 13:45:00,True,13:45:00,2024-01-25
10904,2024-01-25 14:00:00,True,14:00:00,2024-01-25
10905,2024-01-25 14:15:00,True,14:15:00,2024-01-25
10906,2024-01-25 14:30:00,True,14:30:00,2024-01-25
10907,2024-01-25 14:45:00,True,14:45:00,2024-01-25
10908,2024-01-25 15:00:00,True,15:00:00,2024-01-25
10909,2024-01-25 15:15:00,True,15:15:00,2024-01-25
10910,2024-01-25 15:30:00,True,15:30:00,2024-01-25
10911,2024-01-25 15:45:00,True,15:45:00,2024-01-25
10912,2024-01-25 16:00:00,True,16:00:00,2024-01-25
10913,2024-01-25 16:15:00,True,16:15:00,2024-01-25
10914,2024-01-25 16:30:00,True,16:30:00,2024-01-25
10915,2024-01-25 16:45:00,True,16:45:00,2024-01-25
10916,2024-01-25 17:00:00,True,17:00:00,2024-01-25
10917,2024-01-25 17:15:00,True,17:15:00,2024-01-25
10918,2024-01-25 17:30:00,True,17:30:00,2024-01-25
10919,2024-01-25 17:45:00,True,17:45:00,2024-01-25
10920,2024-01-25 18:00:00,True,18:00:00,2024-01-25
10921,2024-01-25 18:15:00,True,18:15:00,2024-01-25
10922,2024-01-25 18:30:00,True,18:30:00,2024-01-25
10923,2024-01-25 18:45:00,True,18:45:00,2024-01-25
10924,2024-01-25 19:00:00,True,19:00:00,2024-01-25
10925,2024-01-25 19:15:00,True,19:15:00,2024-01-25
10926,2024-01-25 19:30:00,True,19:30:00,2024-01-25
10927,2024-01-25 19:45:00,True,19:45:00,2024-01-25
10928,2024-01-25 20:00:00,True,20:00:00,2024-01-25
10929,2024-01-25 20:15:00,True,20:15:00,2024-01-25
10930,2024-01-25 20:30:00,True,20:30:00,2024-01-25
10931,2024-01-25 20:45:00,True,20:45:00,2024-01-25
10932,2024-01-25 21:00:00,True,21:00:00,2024-01-25
10933,2024-01-25 21:15:00,True,21:15:00,2024-01-25
10934,2024-01-25 21:30:00,True,21:30:00,2024-01-25
10935,2024-01-25 21:45:00,True,21:45:00,2024-01-25
10936,2024-01-25 22:00:00,True,22:00:00,2024-01-25
10937,2024-01-25 22:15:00,True,22:15:00,2024-01-25
10938,2024-01-25 22:30:00,True,22:30:00,2024-01-25
10939,2024-01-25 22:45:00,True,22:45:00,2024-01-25
10940,2024-01-25 23:00:00,True,23:00:00,2024-01-25
10941,2024-01-25 23:15:00,True,23:15:00,2024-01-25
10942,2024-01-25 23:30:00,True,23:30:00,2024-01-25
10943,2024-01-25 23:45:00,True,23:45:00,2024-01-25
10944,2024-01-26 00:00:00,True,00:00:00,2024-01-26
10945,2024-01-26 00:15:00,True,00:15:00,2024-01-26
10946,2024-01-26 00:30:00,True,00:30:00,2024-01-26
10947,2024-01-26 00:45:00,True,00:45:00,2024-01-26
10948,2024-01-26 01:00:00,True,01:00:00,2024-01-26
10949,2024-01-26 01:15:00,True,01:15:00,2024-01-26
10950,2024-01-26 01:30:00,True,01:30:00,2024-01-26
10951,2024-01-26 01:45:00,True,01:45:00,2024-01-26
10952,2024-01-26 02:00:00,True,02:00:00,2024-01-26
10953,2024-01-26 02:15:00,True,02:15:00,2024-01-26
10954,2024-01-26 02:30:00,True,02:30:00,2024-01-26
10955,2024-01-26 02:45:00,True,02:45:00,2024-01-26
10956,2024-01-26 03:00:00,True,03:00:00,2024-01-26
10957,2024-01-26 03:15:00,True,03:15:00,2024-01-26
10958,2024-01-26 03:30:00,True,03:30:00,2024-01-26
10959,2024-01-26 03:45:00,True,03:45:00,2024-01-26
10960,2024-01-26 04:00:00,True,04:00:00,2024-01-26
10961,2024-01-26 04:15:00,True,04:15:00,2024-01-26
10962,2024-01-26 04:30:00,True,04:30:00,2024-01-26
10963,2024-01-26 04:45:00,True,04:45:00,2024-01-26
10964,2024-01-26 05:00:00,True,05:00:00,2024-01-26
10965,2024-01-26 05:15:00,True,05:15:00,2024-01-26
10966,2024-01-26 05:30:00,True,05:30:00,2024-01-26
10967,2024-01-26 05:45:00,True,05:45:00,2024-01-26
10968,2024-01-26 06:00:00,True,06:00:00,2024-01-26
10969,2024-01-26 06:15:00,True,06:15:00,2024-01-26
10970,2024-01-26 06:30:00,True,06:30:00,2024-01-26
10971,2024-01-26 06:45:00,True,06:45:00,2024-01-26
10972,2024-01-26 07:00:00,True,07:00:00,2024-01-26
10973,2024-01-26 07:15:00,True,07:15:00,2024-01-26
10974,2024-01-26 07:30:00,True,07:30:00,2024-01-26
10975,2024-01-26 07:45:00,True,07:45:00,2024-01-26
10976,2024-01-26 08:00:00,True,08:00:00,2024-01-26
10977,2024-01-26 08:15:00,True,08:15:00,2024-01-26
10978,2024-01-26 08:30:00,True,08:30:00,2024-01-26
10979,2024-01-26 08:45:00,True,08:45:00,2024-01-26
10980,2024-01-26 09:00:00,True,09:00:00,2024-01-26
10981,2024-01-26 09:15:00,True,09:15:00,2024-01-26
10982,2024-01-26 09:30:00,True,09:30:00,2024-01-26
10983,2024-01-26 09:45:00,True,09:45:00,2024-01-26
10984,2024-01-26 10:00:00,True,10:00:00,2024-01-26
10985,2024-01-26 10:15:00,True,10:15:00,2024-01-26
10986,2024-01-26 10:30:00,True,10:30:00,2024-01-26
10987,2024-01-26 10:45:00,True,10:45:00,2024-01-26
10988,2024-01-26 11:00:00,True,11:00:00,2024-01-26
10989,2024-01-26 11:15:00,True,11:15:00,2024-01-26
10990,2024-01-26 11:30:00,True,11:30:00,2024-01-26
10991,2024-01-26 11:45:00,True,11:45:00,2024-01-26
10992,2024-01-26 12:00:00,True,12:00:00,2024-01-26
10993,2024-01-26 12:15:00,True,12:15:00,2024-01-26
10994,2024-01-26 12:30:00,True,12:30:00,2024-01-26
10995,2024-01-26 12:45:00,True,12:45:00,2024-01-26
10996,2024-01-26 13:00:00,True,13:00:00,2024-01-26
10997,2024-01-26 13:15:00,True,13:15:00,2024-01-26
10998,2024-01-26 13:30:00,True,13:30:00,2024-01-26
10999,2024-01-26 13:45:00,True,13:45:00,2024-01-26
11000,2024-01-26 14:00:00,True,14:00:00,2024-01-26
11001,2024-01-26 14:15:00,True,14:15:00,2024-01-26
11002,2024-01-26 14:30:00,True,14:30:00,2024-01-26
11003,2024-01-26 14:45:00,True,14:45:00,2024-01-26
11004,2024-01-26 15:00:00,True,15:00:00,2024-01-26
11005,2024-01-26 15:15:00,True,15:15:00,2024-01-26
11006,2024-01-26 15:30:00,True,15:30:00,2024-01-26
11007,2024-01-26 15:45:00,True,15:45:00,2024-01-26
11008,2024-01-26 16:00:00,True,16:00:00,2024-01-26
11009,2024-01-26 16:15:00,True,16:15:00,2024-01-26
11010,2024-01-26 16:30:00,True,16:30:00,2024-01-26
11011,2024-01-26 16:45:00,True,16:45:00,2024-01-26
11012,2024-01-26 17:00:00,True,17:00:00,2024-01-26
11013,2024-01-26 17:15:00,True,17:15:00,2024-01-26
11014,2024-01-26 17:30:00,True,17:30:00,2024-01-26
11015,2024-01-26 17:45:00,True,17:45:00,2024-01-26
11016,2024-01-26 18:00:00,True,18:00:00,2024-01-26
11017,2024-01-26 18:15:00,True,18:15:00,2024-01-26
11018,2024-01-26 18:30:00,True,18:30:00,2024-01-26
11019,2024-01-26 18:45:00,True,18:45:00,2024-01-26
11020,2024-01-26 19:00:00,True,19:00:00,2024-01-26
11021,2024-01-26 19:15:00,True,19:15:00,2024-01-26
11022,2024-01-26 19:30:00,True,19:30:00,2024-01-26
11023,2024-01-26 19:45:00,True,19:45:00,2024-01-26
11024,2024-01-26 20:00:00,True,20:00:00,2024-01-26
11025,2024-01-26 20:15:00,True,20:15:00,2024-01-26
11026,2024-01-26 20:30:00,True,20:30:00,2024-01-26
11027,2024-01-26 20:45:00,True,20:45:00,2024-01-26
11028,2024-01-26 21:00:00,True,21:00:00,2024-01-26
11029,2024-01-26 21:15:00,True,21:15:00,2024-01-26
11030,2024-01-26 21:30:00,True,21:30:00,2024-01-26
11031,2024-01-26 21:45:00,True,21:45:00,2024-01-26
11032,2024-01-26 22:00:00,True,22:00:00,2024-01-26
11033,2024-01-26 22:15:00,True,22:15:00,2024-01-26
11034,2024-01-26 22:30:00,True,22:30:00,2024-01-26
11035,2024-01-26 22:45:00,True,22:45:00,2024-01-26
11036,2024-01-26 23:00:00,True,23:00:00,2024-01-26
11037,2024-01-26 23:15:00,True,23:15:00,2024-01-26
11038,2024-01-26 23:30:00,True,23:30:00,2024-01-26
11039,2024-01-26 23:45:00,True,23:45:00,2024-01-26
11040,2024-01-27 00:00:00,True,00:00:00,2024-01-27
11041,2024-01-27 00:15:00,True,00:15:00,2024-01-27
11042,2024-01-27 00:30:00,True,00:30:00,2024-01-27
11043,2024-01-27 00:45:00,True,00:45:00,2024-01-27
11044,2024-01-27 01:00:00,True,01:00:00,2024-01-27
11045,2024-01-27 01:15:00,True,01:15:00,2024-01-27
11046,2024-01-27 01:30:00,True,01:30:00,2024-01-27
11047,2024-01-27 01:45:00,True,01:45:00,2024-01-27
11048,2024-01-27 02:00:00,True,02:00:00,2024-01-27
11049,2024-01-27 02:15:00,True,02:15:00,2024-01-27
11050,2024-01-27 02:30:00,True,02:30:00,2024-01-27
11051,2024-01-27 02:45:00,True,02:45:00,2024-01-27
11052,2024-01-27 03:00:00,True,03:00:00,2024-01-27
11053,2024-01-27 03:15:00,True,03:15:00,2024-01-27
11054,2024-01-27 03:30:00,True,03:30:00,2024-01-27
11055,2024-01-27 03:45:00,True,03:45:00,2024-01-27
11056,2024-01-27 04:00:00,True,04:00:00,2024-01-27
11057,2024-01-27 04:15:00,True,04:15:00,2024-01-27
11058,2024-01-27 04:30:00,True,04:30:00,2024-01-27
11059,2024-01-27 04:45:00,True,04:45:00,2024-01-27
11060,2024-01-27 05:00:00,True,05:00:00,2024-01-27
11061,2024-01-27 05:15:00,True,05:15:00,2024-01-27
11062,2024-01-27 05:30:00,True,05:30:00,2024-01-27
11063,2024-01-27 05:45:00,True,05:45:00,2024-01-27
11064,2024-01-27 06:00:00,True,06:00:00,2024-01-27
11065,2024-01-27 06:15:00,True,06:15:00,2024-01-27
11066,2024-01-27 06:30:00,True,06:30:00,2024-01-27
11067,2024-01-27 06:45:00,True,06:45:00,2024-01-27
11068,2024-01-27 07:00:00,True,07:00:00,2024-01-27
11069,2024-01-27 07:15:00,True,07:15:00,2024-01-27
11070,2024-01-27 07:30:00,True,07:30:00,2024-01-27
11071,2024-01-27 07:45:00,True,07:45:00,2024-01-27
11072,2024-01-27 08:00:00,True,08:00:00,2024-01-27
11073,2024-01-27 08:15:00,True,08:15:00,2024-01-27
11074,2024-01-27 08:30:00,True,08:30:00,2024-01-27
11075,2024-01-27 08:45:00,True,08:45:00,2024-01-27
11076,2024-01-27 09:00:00,True,09:00:00,2024-01-27
11077,2024-01-27 09:15:00,True,09:15:00,2024-01-27
11078,2024-01-27 09:30:00,True,09:30:00,2024-01-27
11079,2024-01-27 09:45:00,True,09:45:00,2024-01-27
11080,2024-01-27 10:00:00,True,10:00:00,2024-01-27
11081,2024-01-27 10:15:00,True,10:15:00,2024-01-27
11082,2024-01-27 10:30:00,True,10:30:00,2024-01-27
11083,2024-01-27 10:45:00,True,10:45:00,2024-01-27
11084,2024-01-27 11:00:00,True,11:00:00,2024-01-27
11085,2024-01-27 11:15:00,True,11:15:00,2024-01-27
11086,2024-01-27 11:30:00,True,11:30:00,2024-01-27
11087,2024-01-27 11:45:00,True,11:45:00,2024-01-27
11088,2024-01-27 12:00:00,True,12:00:00,2024-01-27
11089,2024-01-27 12:15:00,True,12:15:00,2024-01-27
11090,2024-01-27 12:30:00,True,12:30:00,2024-01-27
11091,2024-01-27 12:45:00,True,12:45:00,2024-01-27
11092,2024-01-27 13:00:00,True,13:00:00,2024-01-27
11093,2024-01-27 13:15:00,True,13:15:00,2024-01-27
11094,2024-01-27 13:30:00,True,13:30:00,2024-01-27
11095,2024-01-27 13:45:00,True,13:45:00,2024-01-27
11096,2024-01-27 14:00:00,True,14:00:00,2024-01-27
11097,2024-01-27 14:15:00,True,14:15:00,2024-01-27
11098,2024-01-27 14:30:00,True,14:30:00,2024-01-27
11099,2024-01-27 14:45:00,True,14:45:00,2024-01-27
11100,2024-01-27 15:00:00,True,15:00:00,2024-01-27
11101,2024-01-27 15:15:00,True,15:15:00,2024-01-27
11102,2024-01-27 15:30:00,True,15:30:00,2024-01-27
11103,2024-01-27 15:45:00,True,15:45:00,2024-01-27
11104,2024-01-27 16:00:00,True,16:00:00,2024-01-27
11105,2024-01-27 16:15:00,True,16:15:00,2024-01-27
11106,2024-01-27 16:30:00,True,16:30:00,2024-01-27
11107,2024-01-27 16:45:00,True,16:45:00,2024-01-27
11108,2024-01-27 17:00:00,True,17:00:00,2024-01-27
11109,2024-01-27 17:15:00,True,17:15:00,2024-01-27
11110,2024-01-27 17:30:00,True,17:30:00,2024-01-27
11111,2024-01-27 17:45:00,True,17:45:00,2024-01-27
11112,2024-01-27 18:00:00,True,18:00:00,2024-01-27
11113,2024-01-27 18:15:00,True,18:15:00,2024-01-27
11114,2024-01-27 18:30:00,True,18:30:00,2024-01-27
11115,2024-01-27 18:45:00,True,18:45:00,2024-01-27
11116,2024-01-27 19:00:00,True,19:00:00,2024-01-27
11117,2024-01-27 19:15:00,True,19:15:00,2024-01-27
11118,2024-01-27 19:30:00,True,19:30:00,2024-01-27
11119,2024-01-27 19:45:00,True,19:45:00,2024-01-27
11120,2024-01-27 20:00:00,True,20:00:00,2024-01-27
11121,2024-01-27 20:15:00,True,20:15:00,2024-01-27
11122,2024-01-27 20:30:00,True,20:30:00,2024-01-27
11123,2024-01-27 20:45:00,True,20:45:00,2024-01-27
11124,2024-01-27 21:00:00,True,21:00:00,2024-01-27
11125,2024-01-27 21:15:00,True,21:15:00,2024-01-27
11126,2024-01-27 21:30:00,True,21:30:00,2024-01-27
11127,2024-01-27 21:45:00,True,21:45:00,2024-01-27
11128,2024-01-27 22:00:00,True,22:00:00,2024-01-27
11129,2024-01-27 22:15:00,True,22:15:00,2024-01-27
11130,2024-01-27 22:30:00,True,22:30:00,2024-01-27
11131,2024-01-27 22:45:00,True,22:45:00,2024-01-27
11132,2024-01-27 23:00:00,True,23:00:00,2024-01-27
11133,2024-01-27 23:15:00,True,23:15:00,2024-01-27
11134,2024-01-27 23:30:00,True,23:30:00,2024-01-27
11135,2024-01-27 23:45:00,True,23:45:00,2024-01-27
11136,2024-01-28 00:00:00,True,00:00:00,2024-01-28
11137,2024-01-28 00:15:00,True,00:15:00,2024-01-28
11138,2024-01-28 00:30:00,True,00:30:00,2024-01-28
11139,2024-01-28 00:45:00,True,00:45:00,2024-01-28
11140,2024-01-28 01:00:00,True,01:00:00,2024-01-28
11141,2024-01-28 01:15:00,True,01:15:00,2024-01-28
11142,2024-01-28 01:30:00,True,01:30:00,2024-01-28
11143,2024-01-28 01:45:00,True,01:45:00,2024-01-28
11144,2024-01-28 02:00:00,True,02:00:00,2024-01-28
11145,2024-01-28 02:15:00,True,02:15:00,2024-01-28
11146,2024-01-28 02:30:00,True,02:30:00,2024-01-28
11147,2024-01-28 02:45:00,True,02:45:00,2024-01-28
11148,2024-01-28 03:00:00,True,03:00:00,2024-01-28
11149,2024-01-28 03:15:00,True,03:15:00,2024-01-28
11150,2024-01-28 03:30:00,True,03:30:00,2024-01-28
11151,2024-01-28 03:45:00,True,03:45:00,2024-01-28
11152,2024-01-28 04:00:00,True,04:00:00,2024-01-28
11153,2024-01-28 04:15:00,True,04:15:00,2024-01-28
11154,2024-01-28 04:30:00,True,04:30:00,2024-01-28
11155,2024-01-28 04:45:00,True,04:45:00,2024-01-28
11156,2024-01-28 05:00:00,True,05:00:00,2024-01-28
11157,2024-01-28 05:15:00,True,05:15:00,2024-01-28
11158,2024-01-28 05:30:00,True,05:30:00,2024-01-28
11159,2024-01-28 05:45:00,True,05:45:00,2024-01-28
11160,2024-01-28 06:00:00,True,06:00:00,2024-01-28
11161,2024-01-28 06:15:00,True,06:15:00,2024-01-28
11162,2024-01-28 06:30:00,True,06:30:00,2024-01-28
11163,2024-01-28 06:45:00,True,06:45:00,2024-01-28
11164,2024-01-28 07:00:00,True,07:00:00,2024-01-28
11165,2024-01-28 07:15:00,True,07:15:00,2024-01-28
11166,2024-01-28 07:30:00,True,07:30:00,2024-01-28
11167,2024-01-28 07:45:00,True,07:45:00,2024-01-28
11168,2024-01-28 08:00:00,True,08:00:00,2024-01-28
11169,2024-01-28 08:15:00,True,08:15:00,2024-01-28
11170,2024-01-28 08:30:00,True,08:30:00,2024-01-28
11171,2024-01-28 08:45:00,True,08:45:00,2024-01-28
11172,2024-01-28 09:00:00,True,09:00:00,2024-01-28
11173,2024-01-28 09:15:00,True,09:15:00,2024-01-28
11174,2024-01-28 09:30:00,True,09:30:00,2024-01-28
11175,2024-01-28 09:45:00,True,09:45:00,2024-01-28
11176,2024-01-28 10:00:00,True,10:00:00,2024-01-28
11177,2024-01-28 10:15:00,True,10:15:00,2024-01-28
11178,2024-01-28 10:30:00,True,10:30:00,2024-01-28
11179,2024-01-28 10:45:00,True,10:45:00,2024-01-28
11180,2024-01-28 11:00:00,True,11:00:00,2024-01-28
11181,2024-01-28 11:15:00,True,11:15:00,2024-01-28
11182,2024-01-28 11:30:00,True,11:30:00,2024-01-28
11183,2024-01-28 11:45:00,True,11:45:00,2024-01-28
11184,2024-01-28 12:00:00,True,12:00:00,2024-01-28
11185,2024-01-28 12:15:00,True,12:15:00,2024-01-28
11186,2024-01-28 12:30:00,True,12:30:00,2024-01-28
11187,2024-01-28 12:45:00,True,12:45:00,2024-01-28
11188,2024-01-28 13:00:00,True,13:00:00,2024-01-28
11189,2024-01-28 13:15:00,True,13:15:00,2024-01-28
11190,2024-01-28 13:30:00,True,13:30:00,2024-01-28
11191,2024-01-28 13:45:00,True,13:45:00,2024-01-28
11192,2024-01-28 14:00:00,True,14:00:00,2024-01-28
11193,2024-01-28 14:15:00,True,14:15:00,2024-01-28
11194,2024-01-28 14:30:00,True,14:30:00,2024-01-28
11195,2024-01-28 14:45:00,True,14:45:00,2024-01-28
11196,2024-01-28 15:00:00,True,15:00:00,2024-01-28
11197,2024-01-28 15:15:00,True,15:15:00,2024-01-28
11198,2024-01-28 15:30:00,True,15:30:00,2024-01-28
11199,2024-01-28 15:45:00,True,15:45:00,2024-01-28
11200,2024-01-28 16:00:00,True,16:00:00,2024-01-28
11201,2024-01-28 16:15:00,True,16:15:00,2024-01-28
11202,2024-01-28 16:30:00,True,16:30:00,2024-01-28
11203,2024-01-28 16:45:00,True,16:45:00,2024-01-28
11204,2024-01-28 17:00:00,True,17:00:00,2024-01-28
11205,2024-01-28 17:15:00,True,17:15:00,2024-01-28
11206,2024-01-28 17:30:00,True,17:30:00,2024-01-28
11207,2024-01-28 17:45:00,True,17:45:00,2024-01-28
11208,2024-01-28 18:00:00,True,18:00:00,2024-01-28
11209,2024-01-28 18:15:00,True,18:15:00,2024-01-28
11210,2024-01-28 18:30:00,True,18:30:00,2024-01-28
11211,2024-01-28 18:45:00,True,18:45:00,2024-01-28
11212,2024-01-28 19:00:00,True,19:00:00,2024-01-28
11213,2024-01-28 19:15:00,True,19:15:00,2024-01-28
11214,2024-01-28 19:30:00,True,19:30:00,2024-01-28
11215,2024-01-28 19:45:00,True,19:45:00,2024-01-28
11216,2024-01-28 20:00:00,True,20:00:00,2024-01-28
11217,2024-01-28 20:15:00,True,20:15:00,2024-01-28
11218,2024-01-28 20:30:00,True,20:30:00,2024-01-28
11219,2024-01-28 20:45:00,True,20:45:00,2024-01-28
11220,2024-01-28 21:00:00,True,21:00:00,2024-01-28
11221,2024-01-28 21:15:00,True,21:15:00,2024-01-28
11222,2024-01-28 21:30:00,True,21:30:00,2024-01-28
11223,2024-01-28 21:45:00,True,21:45:00,2024-01-28
11224,2024-01-28 22:00:00,True,22:00:00,2024-01-28
11225,2024-01-28 22:15:00,True,22:15:00,2024-01-28
11226,2024-01-28 22:30:00,True,22:30:00,2024-01-28
11227,2024-01-28 22:45:00,True,22:45:00,2024-01-28
11228,2024-01-28 23:00:00,True,23:00:00,2024-01-28
11229,2024-01-28 23:15:00,True,23:15:00,2024-01-28
11230,2024-01-28 23:30:00,True,23:30:00,2024-01-28
11231,2024-01-28 23:45:00,True,23:45:00,2024-01-28
11232,2024-01-29 00:00:00,True,00:00:00,2024-01-29
11233,2024-01-29 00:15:00,True,00:15:00,2024-01-29
11234,2024-01-29 00:30:00,True,00:30:00,2024-01-29
11235,2024-01-29 00:45:00,True,00:45:00,2024-01-29
11236,2024-01-29 01:00:00,True,01:00:00,2024-01-29
11237,2024-01-29 01:15:00,True,01:15:00,2024-01-29
11238,2024-01-29 01:30:00,True,01:30:00,2024-01-29
11239,2024-01-29 01:45:00,True,01:45:00,2024-01-29
11240,2024-01-29 02:00:00,True,02:00:00,2024-01-29
11241,2024-01-29 02:15:00,True,02:15:00,2024-01-29
11242,2024-01-29 02:30:00,True,02:30:00,2024-01-29
11243,2024-01-29 02:45:00,True,02:45:00,2024-01-29
11244,2024-01-29 03:00:00,True,03:00:00,2024-01-29
11245,2024-01-29 03:15:00,True,03:15:00,2024-01-29
11246,2024-01-29 03:30:00,True,03:30:00,2024-01-29
11247,2024-01-29 03:45:00,True,03:45:00,2024-01-29
11248,2024-01-29 04:00:00,True,04:00:00,2024-01-29
11249,2024-01-29 04:15:00,True,04:15:00,2024-01-29
11250,2024-01-29 04:30:00,True,04:30:00,2024-01-29
11251,2024-01-29 04:45:00,True,04:45:00,2024-01-29
11252,2024-01-29 05:00:00,True,05:00:00,2024-01-29
11253,2024-01-29 05:15:00,True,05:15:00,2024-01-29
11254,2024-01-29 05:30:00,True,05:30:00,2024-01-29
11255,2024-01-29 05:45:00,True,05:45:00,2024-01-29
11256,2024-01-29 06:00:00,True,06:00:00,2024-01-29
11257,2024-01-29 06:15:00,True,06:15:00,2024-01-29
11258,2024-01-29 06:30:00,True,06:30:00,2024-01-29
11259,2024-01-29 06:45:00,True,06:45:00,2024-01-29
11260,2024-01-29 07:00:00,True,07:00:00,2024-01-29
11261,2024-01-29 07:15:00,True,07:15:00,2024-01-29
11262,2024-01-29 07:30:00,True,07:30:00,2024-01-29
11263,2024-01-29 07:45:00,True,07:45:00,2024-01-29
11264,2024-01-29 08:00:00,True,08:00:00,2024-01-29
11265,2024-01-29 08:15:00,True,08:15:00,2024-01-29
11266,2024-01-29 08:30:00,True,08:30:00,2024-01-29
11267,2024-01-29 08:45:00,True,08:45:00,2024-01-29
11268,2024-01-29 09:00:00,True,09:00:00,2024-01-29
11269,2024-01-29 09:15:00,True,09:15:00,2024-01-29
11270,2024-01-29 09:30:00,True,09:30:00,2024-01-29
11271,2024-01-29 09:45:00,True,09:45:00,2024-01-29
11272,2024-01-29 10:00:00,True,10:00:00,2024-01-29
11273,2024-01-29 10:15:00,True,10:15:00,2024-01-29
11274,2024-01-29 10:30:00,True,10:30:00,2024-01-29
11275,2024-01-29 10:45:00,True,10:45:00,2024-01-29
11276,2024-01-29 11:00:00,True,11:00:00,2024-01-29
11277,2024-01-29 11:15:00,True,11:15:00,2024-01-29
11278,2024-01-29 11:30:00,True,11:30:00,2024-01-29
11279,2024-01-29 11:45:00,True,11:45:00,2024-01-29
11280,2024-01-29 12:00:00,True,12:00:00,2024-01-29
11281,2024-01-29 12:15:00,True,12:15:00,2024-01-29
11282,2024-01-29 12:30:00,True,12:30:00,2024-01-29
11283,2024-01-29 12:45:00,True,12:45:00,2024-01-29
11284,2024-01-29 13:00:00,True,13:00:00,2024-01-29
11285,2024-01-29 13:15:00,True,13:15:00,2024-01-29
11286,2024-01-29 13:30:00,True,13:30:00,2024-01-29
11287,2024-01-29 13:45:00,True,13:45:00,2024-01-29
11288,2024-01-29 14:00:00,True,14:00:00,2024-01-29
11289,2024-01-29 14:15:00,True,14:15:00,2024-01-29
11290,2024-01-29 14:30:00,True,14:30:00,2024-01-29
11291,2024-01-29 14:45:00,True,14:45:00,2024-01-29
11292,2024-01-29 15:00:00,True,15:00:00,2024-01-29
11293,2024-01-29 15:15:00,True,15:15:00,2024-01-29
11294,2024-01-29 15:30:00,True,15:30:00,2024-01-29
11295,2024-01-29 15:45:00,True,15:45:00,2024-01-29
11296,2024-01-29 16:00:00,True,16:00:00,2024-01-29
11297,2024-01-29 16:15:00,True,16:15:00,2024-01-29
11298,2024-01-29 16:30:00,True,16:30:00,2024-01-29
11299,2024-01-29 16:45:00,True,16:45:00,2024-01-29
11300,2024-01-29 17:00:00,True,17:00:00,2024-01-29
11301,2024-01-29 17:15:00,True,17:15:00,2024-01-29
11302,2024-01-29 17:30:00,True,17:30:00,2024-01-29
11303,2024-01-29 17:45:00,True,17:45:00,2024-01-29
11304,2024-01-29 18:00:00,True,18:00:00,2024-01-29
11305,2024-01-29 18:15:00,True,18:15:00,2024-01-29
11306,2024-01-29 18:30:00,True,18:30:00,2024-01-29
11307,2024-01-29 18:45:00,True,18:45:00,2024-01-29
11308,2024-01-29 19:00:00,True,19:00:00,2024-01-29
11309,2024-01-29 19:15:00,True,19:15:00,2024-01-29
11310,2024-01-29 19:30:00,True,19:30:00,2024-01-29
11311,2024-01-29 19:45:00,True,19:45:00,2024-01-29
11312,2024-01-29 20:00:00,True,20:00:00,2024-01-29
11313,2024-01-29 20:15:00,True,20:15:00,2024-01-29
11314,2024-01-29 20:30:00,True,20:30:00,2024-01-29
11315,2024-01-29 20:45:00,True,20:45:00,2024-01-29
11316,2024-01-29 21:00:00,True,21:00:00,2024-01-29
11317,2024-01-29 21:15:00,True,21:15:00,2024-01-29
11318,2024-01-29 21:30:00,True,21:30:00,2024-01-29
11319,2024-01-29 21:45:00,True,21:45:00,2024-01-29
11320,2024-01-29 22:00:00,True,22:00:00,2024-01-29
11321,2024-01-29 22:15:00,True,22:15:00,2024-01-29
11322,2024-01-29 22:30:00,True,22:30:00,2024-01-29
11323,2024-01-29 22:45:00,True,22:45:00,2024-01-29
11324,2024-01-29 23:00:00,True,23:00:00,2024-01-29
11325,2024-01-29 23:15:00,True,23:15:00,2024-01-29
11326,2024-01-29 23:30:00,True,23:30:00,2024-01-29
11327,2024-01-29 23:45:00,True,23:45:00,2024-01-29
11328,2024-01-30 00:00:00,True,00:00:00,2024-01-30
11329,2024-01-30 00:15:00,True,00:15:00,2024-01-30
11330,2024-01-30 00:30:00,True,00:30:00,2024-01-30
11331,2024-01-30 00:45:00,True,00:45:00,2024-01-30
11332,2024-01-30 01:00:00,True,01:00:00,2024-01-30
11333,2024-01-30 01:15:00,True,01:15:00,2024-01-30
11334,2024-01-30 01:30:00,True,01:30:00,2024-01-30
11335,2024-01-30 01:45:00,True,01:45:00,2024-01-30
11336,2024-01-30 02:00:00,True,02:00:00,2024-01-30
11337,2024-01-30 02:15:00,True,02:15:00,2024-01-30
11338,2024-01-30 02:30:00,True,02:30:00,2024-01-30
11339,2024-01-30 02:45:00,True,02:45:00,2024-01-30
11340,2024-01-30 03:00:00,True,03:00:00,2024-01-30
11341,2024-01-30 03:15:00,True,03:15:00,2024-01-30
11342,2024-01-30 03:30:00,True,03:30:00,2024-01-30
11343,2024-01-30 03:45:00,True,03:45:00,2024-01-30
11344,2024-01-30 04:00:00,True,04:00:00,2024-01-30
11345,2024-01-30 04:15:00,True,04:15:00,2024-01-30
11346,2024-01-30 04:30:00,True,04:30:00,2024-01-30
11347,2024-01-30 04:45:00,True,04:45:00,2024-01-30
11348,2024-01-30 05:00:00,True,05:00:00,2024-01-30
11349,2024-01-30 05:15:00,True,05:15:00,2024-01-30
11350,2024-01-30 05:30:00,True,05:30:00,2024-01-30
11351,2024-01-30 05:45:00,True,05:45:00,2024-01-30
11352,2024-01-30 06:00:00,True,06:00:00,2024-01-30
11353,2024-01-30 06:15:00,True,06:15:00,2024-01-30
11354,2024-01-30 06:30:00,True,06:30:00,2024-01-30
11355,2024-01-30 06:45:00,True,06:45:00,2024-01-30
11356,2024-01-30 07:00:00,True,07:00:00,2024-01-30
11357,2024-01-30 07:15:00,True,07:15:00,2024-01-30
11358,2024-01-30 07:30:00,True,07:30:00,2024-01-30
11359,2024-01-30 07:45:00,True,07:45:00,2024-01-30
11360,2024-01-30 08:00:00,True,08:00:00,2024-01-30
11361,2024-01-30 08:15:00,True,08:15:00,2024-01-30
11362,2024-01-30 08:30:00,True,08:30:00,2024-01-30
11363,2024-01-30 08:45:00,True,08:45:00,2024-01-30
11364,2024-01-30 09:00:00,True,09:00:00,2024-01-30
11365,2024-01-30 09:15:00,True,09:15:00,2024-01-30
11366,2024-01-30 09:30:00,True,09:30:00,2024-01-30
11367,2024-01-30 09:45:00,True,09:45:00,2024-01-30
11368,2024-01-30 10:00:00,True,10:00:00,2024-01-30
11369,2024-01-30 10:15:00,True,10:15:00,2024-01-30
11370,2024-01-30 10:30:00,True,10:30:00,2024-01-30
11371,2024-01-30 10:45:00,True,10:45:00,2024-01-30
11372,2024-01-30 11:00:00,True,11:00:00,2024-01-30
11373,2024-01-30 11:15:00,True,11:15:00,2024-01-30
11374,2024-01-30 11:30:00,True,11:30:00,2024-01-30
11375,2024-01-30 11:45:00,True,11:45:00,2024-01-30
11376,2024-01-30 12:00:00,True,12:00:00,2024-01-30
11377,2024-01-30 12:15:00,True,12:15:00,2024-01-30
11378,2024-01-30 12:30:00,True,12:30:00,2024-01-30
11379,2024-01-30 12:45:00,True,12:45:00,2024-01-30
11380,2024-01-30 13:00:00,True,13:00:00,2024-01-30
11381,2024-01-30 13:15:00,True,13:15:00,2024-01-30
11382,2024-01-30 13:30:00,True,13:30:00,2024-01-30
11383,2024-01-30 13:45:00,True,13:45:00,2024-01-30
11384,2024-01-30 14:00:00,True,14:00:00,2024-01-30
11385,2024-01-30 14:15:00,True,14:15:00,2024-01-30
11386,2024-01-30 14:30:00,True,14:30:00,2024-01-30
11387,2024-01-30 14:45:00,True,14:45:00,2024-01-30
11388,2024-01-30 15:00:00,True,15:00:00,2024-01-30
11389,2024-01-30 15:15:00,True,15:15:00,2024-01-30
11390,2024-01-30 15:30:00,True,15:30:00,2024-01-30
11391,2024-01-30 15:45:00,True,15:45:00,2024-01-30
11392,2024-01-30 16:00:00,True,16:00:00,2024-01-30
11393,2024-01-30 16:15:00,True,16:15:00,2024-01-30
11394,2024-01-30 16:30:00,True,16:30:00,2024-01-30
11395,2024-01-30 16:45:00,True,16:45:00,2024-01-30
11396,2024-01-30 17:00:00,True,17:00:00,2024-01-30
11397,2024-01-30 17:15:00,True,17:15:00,2024-01-30
11398,2024-01-30 17:30:00,True,17:30:00,2024-01-30
11399,2024-01-30 17:45:00,True,17:45:00,2024-01-30
11400,2024-01-30 18:00:00,True,18:00:00,2024-01-30
11401,2024-01-30 18:15:00,True,18:15:00,2024-01-30
11402,2024-01-30 18:30:00,True,18:30:00,2024-01-30
11403,2024-01-30 18:45:00,True,18:45:00,2024-01-30
11404,2024-01-30 19:00:00,True,19:00:00,2024-01-30
11405,2024-01-30 19:15:00,True,19:15:00,2024-01-30
11406,2024-01-30 19:30:00,True,19:30:00,2024-01-30
11407,2024-01-30 19:45:00,True,19:45:00,2024-01-30
11408,2024-01-30 20:00:00,True,20:00:00,2024-01-30
11409,2024-01-30 20:15:00,True,20:15:00,2024-01-30
11410,2024-01-30 20:30:00,True,20:30:00,2024-01-30
11411,2024-01-30 20:45:00,True,20:45:00,2024-01-30
11412,2024-01-30 21:00:00,True,21:00:00,2024-01-30
11413,2024-01-30 21:15:00,True,21:15:00,2024-01-30
11414,2024-01-30 21:30:00,True,21:30:00,2024-01-30
11415,2024-01-30 21:45:00,True,21:45:00,2024-01-30
11416,2024-01-30 22:00:00,True,22:00:00,2024-01-30
11417,2024-01-30 22:15:00,True,22:15:00,2024-01-30
11418,2024-01-30 22:30:00,True,22:30:00,2024-01-30
11419,2024-01-30 22:45:00,True,22:45:00,2024-01-30
11420,2024-01-30 23:00:00,True,23:00:00,2024-01-30
11421,2024-01-30 23:15:00,True,23:15:00,2024-01-30
11422,2024-01-30 23:30:00,True,23:30:00,2024-01-30
11423,2024-01-30 23:45:00,True,23:45:00,2024-01-30
11424,2024-01-31 00:00:00,True,00:00:00,2024-01-31
11425,2024-01-31 00:15:00,True,00:15:00,2024-01-31
11426,2024-01-31 00:30:00,True,00:30:00,2024-01-31
11427,2024-01-31 00:45:00,True,00:45:00,2024-01-31
11428,2024-01-31 01:00:00,True,01:00:00,2024-01-31
11429,2024-01-31 01:15:00,True,01:15:00,2024-01-31
11430,2024-01-31 01:30:00,True,01:30:00,2024-01-31
11431,2024-01-31 01:45:00,True,01:45:00,2024-01-31
11432,2024-01-31 02:00:00,True,02:00:00,2024-01-31
11433,2024-01-31 02:15:00,True,02:15:00,2024-01-31
11434,2024-01-31 02:30:00,True,02:30:00,2024-01-31
11435,2024-01-31 02:45:00,True,02:45:00,2024-01-31
11436,2024-01-31 03:00:00,True,03:00:00,2024-01-31
11437,2024-01-31 03:15:00,True,03:15:00,2024-01-31
11438,2024-01-31 03:30:00,True,03:30:00,2024-01-31
11439,2024-01-31 03:45:00,True,03:45:00,2024-01-31
11440,2024-01-31 04:00:00,True,04:00:00,2024-01-31
11441,2024-01-31 04:15:00,True,04:15:00,2024-01-31
11442,2024-01-31 04:30:00,True,04:30:00,2024-01-31
11443,2024-01-31 04:45:00,True,04:45:00,2024-01-31
11444,2024-01-31 05:00:00,True,05:00:00,2024-01-31
11445,2024-01-31 05:15:00,True,05:15:00,2024-01-31
11446,2024-01-31 05:30:00,True,05:30:00,2024-01-31
11447,2024-01-31 05:45:00,True,05:45:00,2024-01-31
11448,2024-01-31 06:00:00,True,06:00:00,2024-01-31
11449,2024-01-31 06:15:00,True,06:15:00,2024-01-31
11450,2024-01-31 06:30:00,True,06:30:00,2024-01-31
11451,2024-01-31 06:45:00,True,06:45:00,2024-01-31
11452,2024-01-31 07:00:00,True,07:00:00,2024-01-31
11453,2024-01-31 07:15:00,True,07:15:00,2024-01-31
11454,2024-01-31 07:30:00,True,07:30:00,2024-01-31
11455,2024-01-31 07:45:00,True,07:45:00,2024-01-31
11456,2024-01-31 08:00:00,True,08:00:00,2024-01-31
11457,2024-01-31 08:15:00,True,08:15:00,2024-01-31
11458,2024-01-31 08:30:00,True,08:30:00,2024-01-31
11459,2024-01-31 08:45:00,True,08:45:00,2024-01-31
11460,2024-01-31 09:00:00,True,09:00:00,2024-01-31
11461,2024-01-31 09:15:00,True,09:15:00,2024-01-31
11462,2024-01-31 09:30:00,True,09:30:00,2024-01-31
11463,2024-01-31 09:45:00,True,09:45:00,2024-01-31
11464,2024-01-31 10:00:00,True,10:00:00,2024-01-31
11465,2024-01-31 10:15:00,True,10:15:00,2024-01-31
11466,2024-01-31 10:30:00,True,10:30:00,2024-01-31
11467,2024-01-31 10:45:00,True,10:45:00,2024-01-31
11468,2024-01-31 11:00:00,True,11:00:00,2024-01-31
11469,2024-01-31 11:15:00,True,11:15:00,2024-01-31
11470,2024-01-31 11:30:00,True,11:30:00,2024-01-31
11471,2024-01-31 11:45:00,True,11:45:00,2024-01-31
11472,2024-01-31 12:00:00,True,12:00:00,2024-01-31
11473,2024-01-31 12:15:00,True,12:15:00,2024-01-31
11474,2024-01-31 12:30:00,True,12:30:00,2024-01-31
11475,2024-01-31 12:45:00,True,12:45:00,2024-01-31
11476,2024-01-31 13:00:00,True,13:00:00,2024-01-31
11477,2024-01-31 13:15:00,True,13:15:00,2024-01-31
11478,2024-01-31 13:30:00,True,13:30:00,2024-01-31
11479,2024-01-31 13:45:00,True,13:45:00,2024-01-31
11480,2024-01-31 14:00:00,True,14:00:00,2024-01-31
11481,2024-01-31 14:15:00,True,14:15:00,2024-01-31
11482,2024-01-31 14:30:00,True,14:30:00,2024-01-31
11483,2024-01-31 14:45:00,True,14:45:00,2024-01-31
11484,2024-01-31 15:00:00,True,15:00:00,2024-01-31
11485,2024-01-31 15:15:00,True,15:15:00,2024-01-31
11486,2024-01-31 15:30:00,True,15:30:00,2024-01-31
11487,2024-01-31 15:45:00,True,15:45:00,2024-01-31
11488,2024-01-31 16:00:00,True,16:00:00,2024-01-31
11489,2024-01-31 16:15:00,True,16:15:00,2024-01-31
11490,2024-01-31 16:30:00,True,16:30:00,2024-01-31
11491,2024-01-31 16:45:00,True,16:45:00,2024-01-31
11492,2024-01-31 17:00:00,True,17:00:00,2024-01-31
11493,2024-01-31 17:15:00,True,17:15:00,2024-01-31
11494,2024-01-31 17:30:00,True,17:30:00,2024-01-31
11495,2024-01-31 17:45:00,True,17:45:00,2024-01-31
11496,2024-01-31 18:00:00,True,18:00:00,2024-01-31
11497,2024-01-31 18:15:00,True,18:15:00,2024-01-31
11498,2024-01-31 18:30:00,True,18:30:00,2024-01-31
11499,2024-01-31 18:45:00,True,18:45:00,2024-01-31
11500,2024-01-31 19:00:00,True,19:00:00,2024-01-31
11501,2024-01-31 19:15:00,True,19:15:00,2024-01-31
11502,2024-01-31 19:30:00,True,19:30:00,2024-01-31
11503,2024-01-31 19:45:00,True,19:45:00,2024-01-31
11504,2024-01-31 20:00:00,True,20:00:00,2024-01-31
11505,2024-01-31 20:15:00,True,20:15:00,2024-01-31
11506,2024-01-31 20:30:00,True,20:30:00,2024-01-31
11507,2024-01-31 20:45:00,True,20:45:00,2024-01-31
11508,2024-01-31 21:00:00,True,21:00:00,2024-01-31
11509,2024-01-31 21:15:00,True,21:15:00,2024-01-31
11510,2024-01-31 21:30:00,True,21:30:00,2024-01-31
11511,2024-01-31 21:45:00,True,21:45:00,2024-01-31
11512,2024-01-31 22:00:00,True,22:00:00,2024-01-31
11513,2024-01-31 22:15:00,True,22:15:00,2024-01-31
11514,2024-01-31 22:30:00,True,22:30:00,2024-01-31
11515,2024-01-31 22:45:00,True,22:45:00,2024-01-31
11516,2024-01-31 23:00:00,True,23:00:00,2024-01-31
11517,2024-01-31 23:15:00,True,23:15:00,2024-01-31
11518,2024-01-31 23:30:00,True,23:30:00,2024-01-31
11519,2024-01-31 23:45:00,True,23:45:00,2024-01-31
11520,2024-02-01 00:00:00,True,00:00:00,2024-02-01
11521,2024-02-01 00:15:00,True,00:15:00,2024-02-01
11522,2024-02-01 00:30:00,True,00:30:00,2024-02-01
11523,2024-02-01 00:45:00,True,00:45:00,2024-02-01
11524,2024-02-01 01:00:00,True,01:00:00,2024-02-01
11525,2024-02-01 01:15:00,True,01:15:00,2024-02-01
11526,2024-02-01 01:30:00,True,01:30:00,2024-02-01
11527,2024-02-01 01:45:00,True,01:45:00,2024-02-01
11528,2024-02-01 02:00:00,True,02:00:00,2024-02-01
11529,2024-02-01 02:15:00,True,02:15:00,2024-02-01
11530,2024-02-01 02:30:00,True,02:30:00,2024-02-01
11531,2024-02-01 02:45:00,True,02:45:00,2024-02-01
11532,2024-02-01 03:00:00,True,03:00:00,2024-02-01
11533,2024-02-01 03:15:00,True,03:15:00,2024-02-01
11534,2024-02-01 03:30:00,True,03:30:00,2024-02-01
11535,2024-02-01 03:45:00,True,03:45:00,2024-02-01
11536,2024-02-01 04:00:00,True,04:00:00,2024-02-01
11537,2024-02-01 04:15:00,True,04:15:00,2024-02-01
11538,2024-02-01 04:30:00,True,04:30:00,2024-02-01
11539,2024-02-01 04:45:00,True,04:45:00,2024-02-01
11540,2024-02-01 05:00:00,True,05:00:00,2024-02-01
11541,2024-02-01 05:15:00,True,05:15:00,2024-02-01
11542,2024-02-01 05:30:00,True,05:30:00,2024-02-01
11543,2024-02-01 05:45:00,True,05:45:00,2024-02-01
11544,2024-02-01 06:00:00,True,06:00:00,2024-02-01
11545,2024-02-01 06:15:00,True,06:15:00,2024-02-01
11546,2024-02-01 06:30:00,True,06:30:00,2024-02-01
11547,2024-02-01 06:45:00,True,06:45:00,2024-02-01
11548,2024-02-01 07:00:00,True,07:00:00,2024-02-01
11549,2024-02-01 07:15:00,True,07:15:00,2024-02-01
11550,2024-02-01 07:30:00,True,07:30:00,2024-02-01
11551,2024-02-01 07:45:00,True,07:45:00,2024-02-01
11552,2024-02-01 08:00:00,True,08:00:00,2024-02-01
11553,2024-02-01 08:15:00,True,08:15:00,2024-02-01
11554,2024-02-01 08:30:00,True,08:30:00,2024-02-01
11555,2024-02-01 08:45:00,True,08:45:00,2024-02-01
11556,2024-02-01 09:00:00,True,09:00:00,2024-02-01
11557,2024-02-01 09:15:00,True,09:15:00,2024-02-01
11558,2024-02-01 09:30:00,True,09:30:00,2024-02-01
11559,2024-02-01 09:45:00,True,09:45:00,2024-02-01
11560,2024-02-01 10:00:00,True,10:00:00,2024-02-01
11561,2024-02-01 10:15:00,True,10:15:00,2024-02-01
11562,2024-02-01 10:30:00,True,10:30:00,2024-02-01
11563,2024-02-01 10:45:00,True,10:45:00,2024-02-01
11564,2024-02-01 11:00:00,True,11:00:00,2024-02-01
11565,2024-02-01 11:15:00,True,11:15:00,2024-02-01
11566,2024-02-01 11:30:00,True,11:30:00,2024-02-01
11567,2024-02-01 11:45:00,True,11:45:00,2024-02-01
11568,2024-02-01 12:00:00,True,12:00:00,2024-02-01
11569,2024-02-01 12:15:00,True,12:15:00,2024-02-01
11570,2024-02-01 12:30:00,True,12:30:00,2024-02-01
11571,2024-02-01 12:45:00,True,12:45:00,2024-02-01
11572,2024-02-01 13:00:00,True,13:00:00,2024-02-01
11573,2024-02-01 13:15:00,True,13:15:00,2024-02-01
11574,2024-02-01 13:30:00,True,13:30:00,2024-02-01
11575,2024-02-01 13:45:00,True,13:45:00,2024-02-01
11576,2024-02-01 14:00:00,True,14:00:00,2024-02-01
11577,2024-02-01 14:15:00,True,14:15:00,2024-02-01
11578,2024-02-01 14:30:00,True,14:30:00,2024-02-01
11579,2024-02-01 14:45:00,True,14:45:00,2024-02-01
11580,2024-02-01 15:00:00,True,15:00:00,2024-02-01
11581,2024-02-01 15:15:00,True,15:15:00,2024-02-01
11582,2024-02-01 15:30:00,True,15:30:00,2024-02-01
11583,2024-02-01 15:45:00,True,15:45:00,2024-02-01
11584,2024-02-01 16:00:00,True,16:00:00,2024-02-01
11585,2024-02-01 16:15:00,True,16:15:00,2024-02-01
11586,2024-02-01 16:30:00,True,16:30:00,2024-02-01
11587,2024-02-01 16:45:00,True,16:45:00,2024-02-01
11588,2024-02-01 17:00:00,True,17:00:00,2024-02-01
11589,2024-02-01 17:15:00,True,17:15:00,2024-02-01
11590,2024-02-01 17:30:00,True,17:30:00,2024-02-01
11591,2024-02-01 17:45:00,True,17:45:00,2024-02-01
11592,2024-02-01 18:00:00,True,18:00:00,2024-02-01
11593,2024-02-01 18:15:00,True,18:15:00,2024-02-01
11594,2024-02-01 18:30:00,True,18:30:00,2024-02-01
11595,2024-02-01 18:45:00,True,18:45:00,2024-02-01
11596,2024-02-01 19:00:00,True,19:00:00,2024-02-01
11597,2024-02-01 19:15:00,True,19:15:00,2024-02-01
11598,2024-02-01 19:30:00,True,19:30:00,2024-02-01
11599,2024-02-01 19:45:00,True,19:45:00,2024-02-01
11600,2024-02-01 20:00:00,True,20:00:00,2024-02-01
11601,2024-02-01 20:15:00,True,20:15:00,2024-02-01
11602,2024-02-01 20:30:00,True,20:30:00,2024-02-01
11603,2024-02-01 20:45:00,True,20:45:00,2024-02-01
11604,2024-02-01 21:00:00,True,21:00:00,2024-02-01
11605,2024-02-01 21:15:00,True,21:15:00,2024-02-01
11606,2024-02-01 21:30:00,True,21:30:00,2024-02-01
11607,2024-02-01 21:45:00,True,21:45:00,2024-02-01
11608,2024-02-01 22:00:00,True,22:00:00,2024-02-01
11609,2024-02-01 22:15:00,True,22:15:00,2024-02-01
11610,2024-02-01 22:30:00,True,22:30:00,2024-02-01
11611,2024-02-01 22:45:00,True,22:45:00,2024-02-01
11612,2024-02-01 23:00:00,True,23:00:00,2024-02-01
11613,2024-02-01 23:15:00,True,23:15:00,2024-02-01
11614,2024-02-01 23:30:00,True,23:30:00,2024-02-01
11615,2024-02-01 23:45:00,True,23:45:00,2024-02-01
11616,2024-02-02 00:00:00,True,00:00:00,2024-02-02
11617,2024-02-02 00:15:00,True,00:15:00,2024-02-02
11618,2024-02-02 00:30:00,True,00:30:00,2024-02-02
11619,2024-02-02 00:45:00,True,00:45:00,2024-02-02
11620,2024-02-02 01:00:00,True,01:00:00,2024-02-02
11621,2024-02-02 01:15:00,True,01:15:00,2024-02-02
11622,2024-02-02 01:30:00,True,01:30:00,2024-02-02
11623,2024-02-02 01:45:00,True,01:45:00,2024-02-02
11624,2024-02-02 02:00:00,True,02:00:00,2024-02-02
11625,2024-02-02 02:15:00,True,02:15:00,2024-02-02
11626,2024-02-02 02:30:00,True,02:30:00,2024-02-02
11627,2024-02-02 02:45:00,True,02:45:00,2024-02-02
11628,2024-02-02 03:00:00,True,03:00:00,2024-02-02
11629,2024-02-02 03:15:00,True,03:15:00,2024-02-02
11630,2024-02-02 03:30:00,True,03:30:00,2024-02-02
11631,2024-02-02 03:45:00,True,03:45:00,2024-02-02
11632,2024-02-02 04:00:00,True,04:00:00,2024-02-02
11633,2024-02-02 04:15:00,True,04:15:00,2024-02-02
11634,2024-02-02 04:30:00,True,04:30:00,2024-02-02
11635,2024-02-02 04:45:00,True,04:45:00,2024-02-02
11636,2024-02-02 05:00:00,True,05:00:00,2024-02-02
11637,2024-02-02 05:15:00,True,05:15:00,2024-02-02
11638,2024-02-02 05:30:00,True,05:30:00,2024-02-02
11639,2024-02-02 05:45:00,True,05:45:00,2024-02-02
11640,2024-02-02 06:00:00,True,06:00:00,2024-02-02
11641,2024-02-02 06:15:00,True,06:15:00,2024-02-02
11642,2024-02-02 06:30:00,True,06:30:00,2024-02-02
11643,2024-02-02 06:45:00,True,06:45:00,2024-02-02
11644,2024-02-02 07:00:00,True,07:00:00,2024-02-02
11645,2024-02-02 07:15:00,True,07:15:00,2024-02-02
11646,2024-02-02 07:30:00,True,07:30:00,2024-02-02
11647,2024-02-02 07:45:00,True,07:45:00,2024-02-02
11648,2024-02-02 08:00:00,True,08:00:00,2024-02-02
11649,2024-02-02 08:15:00,True,08:15:00,2024-02-02
11650,2024-02-02 08:30:00,True,08:30:00,2024-02-02
11651,2024-02-02 08:45:00,True,08:45:00,2024-02-02
11652,2024-02-02 09:00:00,True,09:00:00,2024-02-02
11653,2024-02-02 09:15:00,True,09:15:00,2024-02-02
11654,2024-02-02 09:30:00,True,09:30:00,2024-02-02
11655,2024-02-02 09:45:00,True,09:45:00,2024-02-02
11656,2024-02-02 10:00:00,True,10:00:00,2024-02-02
11657,2024-02-02 10:15:00,True,10:15:00,2024-02-02
11658,2024-02-02 10:30:00,True,10:30:00,2024-02-02
11659,2024-02-02 10:45:00,True,10:45:00,2024-02-02
11660,2024-02-02 11:00:00,True,11:00:00,2024-02-02
11661,2024-02-02 11:15:00,True,11:15:00,2024-02-02
11662,2024-02-02 11:30:00,True,11:30:00,2024-02-02
11663,2024-02-02 11:45:00,True,11:45:00,2024-02-02
11664,2024-02-02 12:00:00,True,12:00:00,2024-02-02
11665,2024-02-02 12:15:00,True,12:15:00,2024-02-02
11666,2024-02-02 12:30:00,True,12:30:00,2024-02-02
11667,2024-02-02 12:45:00,True,12:45:00,2024-02-02
11668,2024-02-02 13:00:00,True,13:00:00,2024-02-02
11669,2024-02-02 13:15:00,True,13:15:00,2024-02-02
11670,2024-02-02 13:30:00,True,13:30:00,2024-02-02
11671,2024-02-02 13:45:00,True,13:45:00,2024-02-02
11672,2024-02-02 14:00:00,True,14:00:00,2024-02-02
11673,2024-02-02 14:15:00,True,14:15:00,2024-02-02
11674,2024-02-02 14:30:00,True,14:30:00,2024-02-02
11675,2024-02-02 14:45:00,True,14:45:00,2024-02-02
11676,2024-02-02 15:00:00,True,15:00:00,2024-02-02
11677,2024-02-02 15:15:00,True,15:15:00,2024-02-02
11678,2024-02-02 15:30:00,True,15:30:00,2024-02-02
11679,2024-02-02 15:45:00,True,15:45:00,2024-02-02
11680,2024-02-02 16:00:00,True,16:00:00,2024-02-02
11681,2024-02-02 16:15:00,True,16:15:00,2024-02-02
11682,2024-02-02 16:30:00,True,16:30:00,2024-02-02
11683,2024-02-02 16:45:00,True,16:45:00,2024-02-02
11684,2024-02-02 17:00:00,True,17:00:00,2024-02-02
11685,2024-02-02 17:15:00,True,17:15:00,2024-02-02
11686,2024-02-02 17:30:00,True,17:30:00,2024-02-02
11687,2024-02-02 17:45:00,True,17:45:00,2024-02-02
11688,2024-02-02 18:00:00,True,18:00:00,2024-02-02
11689,2024-02-02 18:15:00,True,18:15:00,2024-02-02
11690,2024-02-02 18:30:00,True,18:30:00,2024-02-02
11691,2024-02-02 18:45:00,True,18:45:00,2024-02-02
11692,2024-02-02 19:00:00,True,19:00:00,2024-02-02
11693,2024-02-02 19:15:00,True,19:15:00,2024-02-02
11694,2024-02-02 19:30:00,True,19:30:00,2024-02-02
11695,2024-02-02 19:45:00,True,19:45:00,2024-02-02
11696,2024-02-02 20:00:00,True,20:00:00,2024-02-02
11697,2024-02-02 20:15:00,True,20:15:00,2024-02-02
11698,2024-02-02 20:30:00,True,20:30:00,2024-02-02
11699,2024-02-02 20:45:00,True,20:45:00,2024-02-02
11700,2024-02-02 21:00:00,True,21:00:00,2024-02-02
11701,2024-02-02 21:15:00,True,21:15:00,2024-02-02
11702,2024-02-02 21:30:00,True,21:30:00,2024-02-02
11703,2024-02-02 21:45:00,True,21:45:00,2024-02-02
11704,2024-02-02 22:00:00,True,22:00:00,2024-02-02
11705,2024-02-02 22:15:00,True,22:15:00,2024-02-02
11706,2024-02-02 22:30:00,True,22:30:00,2024-02-02
11707,2024-02-02 22:45:00,True,22:45:00,2024-02-02
11708,2024-02-02 23:00:00,True,23:00:00,2024-02-02
11709,2024-02-02 23:15:00,True,23:15:00,2024-02-02
11710,2024-02-02 23:30:00,True,23:30:00,2024-02-02
11711,2024-02-02 23:45:00,True,23:45:00,2024-02-02
11712,2024-02-03 00:00:00,True,00:00:00,2024-02-03
11713,2024-02-03 00:15:00,True,00:15:00,2024-02-03
11714,2024-02-03 00:30:00,True,00:30:00,2024-02-03
11715,2024-02-03 00:45:00,True,00:45:00,2024-02-03
11716,2024-02-03 01:00:00,True,01:00:00,2024-02-03
11717,2024-02-03 01:15:00,True,01:15:00,2024-02-03
11718,2024-02-03 01:30:00,True,01:30:00,2024-02-03
11719,2024-02-03 01:45:00,True,01:45:00,2024-02-03
11720,2024-02-03 02:00:00,True,02:00:00,2024-02-03
11721,2024-02-03 02:15:00,True,02:15:00,2024-02-03
11722,2024-02-03 02:30:00,True,02:30:00,2024-02-03
11723,2024-02-03 02:45:00,True,02:45:00,2024-02-03
11724,2024-02-03 03:00:00,True,03:00:00,2024-02-03
11725,2024-02-03 03:15:00,True,03:15:00,2024-02-03
11726,2024-02-03 03:30:00,True,03:30:00,2024-02-03
11727,2024-02-03 03:45:00,True,03:45:00,2024-02-03
11728,2024-02-03 04:00:00,True,04:00:00,2024-02-03
11729,2024-02-03 04:15:00,True,04:15:00,2024-02-03
11730,2024-02-03 04:30:00,True,04:30:00,2024-02-03
11731,2024-02-03 04:45:00,True,04:45:00,2024-02-03
11732,2024-02-03 05:00:00,True,05:00:00,2024-02-03
11733,2024-02-03 05:15:00,True,05:15:00,2024-02-03
11734,2024-02-03 05:30:00,True,05:30:00,2024-02-03
11735,2024-02-03 05:45:00,True,05:45:00,2024-02-03
11736,2024-02-03 06:00:00,True,06:00:00,2024-02-03
11737,2024-02-03 06:15:00,True,06:15:00,2024-02-03
11738,2024-02-03 06:30:00,True,06:30:00,2024-02-03
11739,2024-02-03 06:45:00,True,06:45:00,2024-02-03
11740,2024-02-03 07:00:00,True,07:00:00,2024-02-03
11741,2024-02-03 07:15:00,True,07:15:00,2024-02-03
11742,2024-02-03 07:30:00,True,07:30:00,2024-02-03
11743,2024-02-03 07:45:00,True,07:45:00,2024-02-03
11744,2024-02-03 08:00:00,True,08:00:00,2024-02-03
11745,2024-02-03 08:15:00,True,08:15:00,2024-02-03
11746,2024-02-03 08:30:00,True,08:30:00,2024-02-03
11747,2024-02-03 08:45:00,True,08:45:00,2024-02-03
11748,2024-02-03 09:00:00,True,09:00:00,2024-02-03
11749,2024-02-03 09:15:00,True,09:15:00,2024-02-03
11750,2024-02-03 09:30:00,True,09:30:00,2024-02-03
11751,2024-02-03 09:45:00,True,09:45:00,2024-02-03
11752,2024-02-03 10:00:00,True,10:00:00,2024-02-03
11753,2024-02-03 10:15:00,True,10:15:00,2024-02-03
11754,2024-02-03 10:30:00,True,10:30:00,2024-02-03
11755,2024-02-03 10:45:00,True,10:45:00,2024-02-03
11756,2024-02-03 11:00:00,True,11:00:00,2024-02-03
11757,2024-02-03 11:15:00,True,11:15:00,2024-02-03
11758,2024-02-03 11:30:00,True,11:30:00,2024-02-03
11759,2024-02-03 11:45:00,True,11:45:00,2024-02-03
11760,2024-02-03 12:00:00,True,12:00:00,2024-02-03
11761,2024-02-03 12:15:00,True,12:15:00,2024-02-03
11762,2024-02-03 12:30:00,True,12:30:00,2024-02-03
11763,2024-02-03 12:45:00,True,12:45:00,2024-02-03
11764,2024-02-03 13:00:00,True,13:00:00,2024-02-03
11765,2024-02-03 13:15:00,True,13:15:00,2024-02-03
11766,2024-02-03 13:30:00,True,13:30:00,2024-02-03
11767,2024-02-03 13:45:00,True,13:45:00,2024-02-03
11768,2024-02-03 14:00:00,True,14:00:00,2024-02-03
11769,2024-02-03 14:15:00,True,14:15:00,2024-02-03
11770,2024-02-03 14:30:00,True,14:30:00,2024-02-03
11771,2024-02-03 14:45:00,True,14:45:00,2024-02-03
11772,2024-02-03 15:00:00,True,15:00:00,2024-02-03
11773,2024-02-03 15:15:00,True,15:15:00,2024-02-03
11774,2024-02-03 15:30:00,True,15:30:00,2024-02-03
11775,2024-02-03 15:45:00,True,15:45:00,2024-02-03
11776,2024-02-03 16:00:00,True,16:00:00,2024-02-03
11777,2024-02-03 16:15:00,True,16:15:00,2024-02-03
11778,2024-02-03 16:30:00,True,16:30:00,2024-02-03
11779,2024-02-03 16:45:00,True,16:45:00,2024-02-03
11780,2024-02-03 17:00:00,True,17:00:00,2024-02-03
11781,2024-02-03 17:15:00,True,17:15:00,2024-02-03
11782,2024-02-03 17:30:00,True,17:30:00,2024-02-03
11783,2024-02-03 17:45:00,True,17:45:00,2024-02-03
11784,2024-02-03 18:00:00,True,18:00:00,2024-02-03
11785,2024-02-03 18:15:00,True,18:15:00,2024-02-03
11786,2024-02-03 18:30:00,True,18:30:00,2024-02-03
11787,2024-02-03 18:45:00,True,18:45:00,2024-02-03
11788,2024-02-03 19:00:00,True,19:00:00,2024-02-03
11789,2024-02-03 19:15:00,True,19:15:00,2024-02-03
11790,2024-02-03 19:30:00,True,19:30:00,2024-02-03
11791,2024-02-03 19:45:00,True,19:45:00,2024-02-03
11792,2024-02-03 20:00:00,True,20:00:00,2024-02-03
11793,2024-02-03 20:15:00,True,20:15:00,2024-02-03
11794,2024-02-03 20:30:00,True,20:30:00,2024-02-03
11795,2024-02-03 20:45:00,True,20:45:00,2024-02-03
11796,2024-02-03 21:00:00,True,21:00:00,2024-02-03
11797,2024-02-03 21:15:00,True,21:15:00,2024-02-03
11798,2024-02-03 21:30:00,True,21:30:00,2024-02-03
11799,2024-02-03 21:45:00,True,21:45:00,2024-02-03
11800,2024-02-03 22:00:00,True,22:00:00,2024-02-03
11801,2024-02-03 22:15:00,True,22:15:00,2024-02-03
11802,2024-02-03 22:30:00,True,22:30:00,2024-02-03
11803,2024-02-03 22:45:00,True,22:45:00,2024-02-03
11804,2024-02-03 23:00:00,True,23:00:00,2024-02-03
11805,2024-02-03 23:15:00,True,23:15:00,2024-02-03
11806,2024-02-03 23:30:00,True,23:30:00,2024-02-03
11807,2024-02-03 23:45:00,True,23:45:00,2024-02-03
11808,2024-02-04 00:00:00,True,00:00:00,2024-02-04
11809,2024-02-04 00:15:00,True,00:15:00,2024-02-04
11810,2024-02-04 00:30:00,True,00:30:00,2024-02-04
11811,2024-02-04 00:45:00,True,00:45:00,2024-02-04
11812,2024-02-04 01:00:00,True,01:00:00,2024-02-04
11813,2024-02-04 01:15:00,True,01:15:00,2024-02-04
11814,2024-02-04 01:30:00,True,01:30:00,2024-02-04
11815,2024-02-04 01:45:00,True,01:45:00,2024-02-04
11816,2024-02-04 02:00:00,True,02:00:00,2024-02-04
11817,2024-02-04 02:15:00,True,02:15:00,2024-02-04
11818,2024-02-04 02:30:00,True,02:30:00,2024-02-04
11819,2024-02-04 02:45:00,True,02:45:00,2024-02-04
11820,2024-02-04 03:00:00,True,03:00:00,2024-02-04
11821,2024-02-04 03:15:00,True,03:15:00,2024-02-04
11822,2024-02-04 03:30:00,True,03:30:00,2024-02-04
11823,2024-02-04 03:45:00,True,03:45:00,2024-02-04
11824,2024-02-04 04:00:00,True,04:00:00,2024-02-04
11825,2024-02-04 04:15:00,True,04:15:00,2024-02-04
11826,2024-02-04 04:30:00,True,04:30:00,2024-02-04
11827,2024-02-04 04:45:00,True,04:45:00,2024-02-04
11828,2024-02-04 05:00:00,True,05:00:00,2024-02-04
11829,2024-02-04 05:15:00,True,05:15:00,2024-02-04
11830,2024-02-04 05:30:00,True,05:30:00,2024-02-04
11831,2024-02-04 05:45:00,True,05:45:00,2024-02-04
11832,2024-02-04 06:00:00,True,06:00:00,2024-02-04
11833,2024-02-04 06:15:00,True,06:15:00,2024-02-04
11834,2024-02-04 06:30:00,True,06:30:00,2024-02-04
11835,2024-02-04 06:45:00,True,06:45:00,2024-02-04
11836,2024-02-04 07:00:00,True,07:00:00,2024-02-04
11837,2024-02-04 07:15:00,True,07:15:00,2024-02-04
11838,2024-02-04 07:30:00,True,07:30:00,2024-02-04
11839,2024-02-04 07:45:00,True,07:45:00,2024-02-04
11840,2024-02-04 08:00:00,True,08:00:00,2024-02-04
11841,2024-02-04 08:15:00,True,08:15:00,2024-02-04
11842,2024-02-04 08:30:00,True,08:30:00,2024-02-04
11843,2024-02-04 08:45:00,True,08:45:00,2024-02-04
11844,2024-02-04 09:00:00,True,09:00:00,2024-02-04
11845,2024-02-04 09:15:00,True,09:15:00,2024-02-04
11846,2024-02-04 09:30:00,True,09:30:00,2024-02-04
11847,2024-02-04 09:45:00,True,09:45:00,2024-02-04
11848,2024-02-04 10:00:00,True,10:00:00,2024-02-04
11849,2024-02-04 10:15:00,True,10:15:00,2024-02-04
11850,2024-02-04 10:30:00,True,10:30:00,2024-02-04
11851,2024-02-04 10:45:00,True,10:45:00,2024-02-04
11852,2024-02-04 11:00:00,True,11:00:00,2024-02-04
11853,2024-02-04 11:15:00,True,11:15:00,2024-02-04
11854,2024-02-04 11:30:00,True,11:30:00,2024-02-04
11855,2024-02-04 11:45:00,True,11:45:00,2024-02-04
11856,2024-02-04 12:00:00,True,12:00:00,2024-02-04
11857,2024-02-04 12:15:00,True,12:15:00,2024-02-04
11858,2024-02-04 12:30:00,True,12:30:00,2024-02-04
11859,2024-02-04 12:45:00,True,12:45:00,2024-02-04
11860,2024-02-04 13:00:00,True,13:00:00,2024-02-04
11861,2024-02-04 13:15:00,True,13:15:00,2024-02-04
11862,2024-02-04 13:30:00,True,13:30:00,2024-02-04
11863,2024-02-04 13:45:00,True,13:45:00,2024-02-04
11864,2024-02-04 14:00:00,True,14:00:00,2024-02-04
11865,2024-02-04 14:15:00,True,14:15:00,2024-02-04
11866,2024-02-04 14:30:00,True,14:30:00,2024-02-04
11867,2024-02-04 14:45:00,True,14:45:00,2024-02-04
11868,2024-02-04 15:00:00,True,15:00:00,2024-02-04
11869,2024-02-04 15:15:00,True,15:15:00,2024-02-04
11870,2024-02-04 15:30:00,True,15:30:00,2024-02-04
11871,2024-02-04 15:45:00,True,15:45:00,2024-02-04
11872,2024-02-04 16:00:00,True,16:00:00,2024-02-04
11873,2024-02-04 16:15:00,True,16:15:00,2024-02-04
11874,2024-02-04 16:30:00,True,16:30:00,2024-02-04
11875,2024-02-04 16:45:00,True,16:45:00,2024-02-04
11876,2024-02-04 17:00:00,True,17:00:00,2024-02-04
11877,2024-02-04 17:15:00,True,17:15:00,2024-02-04
11878,2024-02-04 17:30:00,True,17:30:00,2024-02-04
11879,2024-02-04 17:45:00,True,17:45:00,2024-02-04
11880,2024-02-04 18:00:00,True,18:00:00,2024-02-04
11881,2024-02-04 18:15:00,True,18:15:00,2024-02-04
11882,2024-02-04 18:30:00,True,18:30:00,2024-02-04
11883,2024-02-04 18:45:00,True,18:45:00,2024-02-04
11884,2024-02-04 19:00:00,True,19:00:00,2024-02-04
11885,2024-02-04 19:15:00,True,19:15:00,2024-02-04
11886,2024-02-04 19:30:00,True,19:30:00,2024-02-04
11887,2024-02-04 19:45:00,True,19:45:00,2024-02-04
11888,2024-02-04 20:00:00,True,20:00:00,2024-02-04
11889,2024-02-04 20:15:00,True,20:15:00,2024-02-04
11890,2024-02-04 20:30:00,True,20:30:00,2024-02-04
11891,2024-02-04 20:45:00,True,20:45:00,2024-02-04
11892,2024-02-04 21:00:00,True,21:00:00,2024-02-04
11893,2024-02-04 21:15:00,True,21:15:00,2024-02-04
11894,2024-02-04 21:30:00,True,21:30:00,2024-02-04
11895,2024-02-04 21:45:00,True,21:45:00,2024-02-04
11896,2024-02-04 22:00:00,True,22:00:00,2024-02-04
11897,2024-02-04 22:15:00,True,22:15:00,2024-02-04
11898,2024-02-04 22:30:00,True,22:30:00,2024-02-04
11899,2024-02-04 22:45:00,True,22:45:00,2024-02-04
11900,2024-02-04 23:00:00,True,23:00:00,2024-02-04
11901,2024-02-04 23:15:00,True,23:15:00,2024-02-04
11902,2024-02-04 23:30:00,True,23:30:00,2024-02-04
11903,2024-02-04 23:45:00,True,23:45:00,2024-02-04
11904,2024-02-05 00:00:00,True,00:00:00,2024-02-05
11905,2024-02-05 00:15:00,True,00:15:00,2024-02-05
11906,2024-02-05 00:30:00,True,00:30:00,2024-02-05
11907,2024-02-05 00:45:00,True,00:45:00,2024-02-05
11908,2024-02-05 01:00:00,True,01:00:00,2024-02-05
11909,2024-02-05 01:15:00,True,01:15:00,2024-02-05
11910,2024-02-05 01:30:00,True,01:30:00,2024-02-05
11911,2024-02-05 01:45:00,True,01:45:00,2024-02-05
11912,2024-02-05 02:00:00,True,02:00:00,2024-02-05
11913,2024-02-05 02:15:00,True,02:15:00,2024-02-05
11914,2024-02-05 02:30:00,True,02:30:00,2024-02-05
11915,2024-02-05 02:45:00,True,02:45:00,2024-02-05
11916,2024-02-05 03:00:00,True,03:00:00,2024-02-05
11917,2024-02-05 03:15:00,True,03:15:00,2024-02-05
11918,2024-02-05 03:30:00,True,03:30:00,2024-02-05
11919,2024-02-05 03:45:00,True,03:45:00,2024-02-05
11920,2024-02-05 04:00:00,True,04:00:00,2024-02-05
11921,2024-02-05 04:15:00,True,04:15:00,2024-02-05
11922,2024-02-05 04:30:00,True,04:30:00,2024-02-05
11923,2024-02-05 04:45:00,True,04:45:00,2024-02-05
11924,2024-02-05 05:00:00,True,05:00:00,2024-02-05
11925,2024-02-05 05:15:00,True,05:15:00,2024-02-05
11926,2024-02-05 05:30:00,True,05:30:00,2024-02-05
11927,2024-02-05 05:45:00,True,05:45:00,2024-02-05
11928,2024-02-05 06:00:00,True,06:00:00,2024-02-05
11929,2024-02-05 06:15:00,True,06:15:00,2024-02-05
11930,2024-02-05 06:30:00,True,06:30:00,2024-02-05
11931,2024-02-05 06:45:00,True,06:45:00,2024-02-05
11932,2024-02-05 07:00:00,True,07:00:00,2024-02-05
11933,2024-02-05 07:15:00,True,07:15:00,2024-02-05
11934,2024-02-05 07:30:00,True,07:30:00,2024-02-05
11935,2024-02-05 07:45:00,True,07:45:00,2024-02-05
11936,2024-02-05 08:00:00,True,08:00:00,2024-02-05
11937,2024-02-05 08:15:00,True,08:15:00,2024-02-05
11938,2024-02-05 08:30:00,True,08:30:00,2024-02-05
11939,2024-02-05 08:45:00,True,08:45:00,2024-02-05
11940,2024-02-05 09:00:00,True,09:00:00,2024-02-05
11941,2024-02-05 09:15:00,True,09:15:00,2024-02-05
11942,2024-02-05 09:30:00,True,09:30:00,2024-02-05
11943,2024-02-05 09:45:00,True,09:45:00,2024-02-05
11944,2024-02-05 10:00:00,True,10:00:00,2024-02-05
11945,2024-02-05 10:15:00,True,10:15:00,2024-02-05
11946,2024-02-05 10:30:00,True,10:30:00,2024-02-05
11947,2024-02-05 10:45:00,True,10:45:00,2024-02-05
11948,2024-02-05 11:00:00,True,11:00:00,2024-02-05
11949,2024-02-05 11:15:00,True,11:15:00,2024-02-05
11950,2024-02-05 11:30:00,True,11:30:00,2024-02-05
11951,2024-02-05 11:45:00,True,11:45:00,2024-02-05
11952,2024-02-05 12:00:00,True,12:00:00,2024-02-05
11953,2024-02-05 12:15:00,True,12:15:00,2024-02-05
11954,2024-02-05 12:30:00,True,12:30:00,2024-02-05
11955,2024-02-05 12:45:00,True,12:45:00,2024-02-05
11956,2024-02-05 13:00:00,True,13:00:00,2024-02-05
11957,2024-02-05 13:15:00,True,13:15:00,2024-02-05
11958,2024-02-05 13:30:00,True,13:30:00,2024-02-05
11959,2024-02-05 13:45:00,True,13:45:00,2024-02-05
11960,2024-02-05 14:00:00,True,14:00:00,2024-02-05
11961,2024-02-05 14:15:00,True,14:15:00,2024-02-05
11962,2024-02-05 14:30:00,True,14:30:00,2024-02-05
11963,2024-02-05 14:45:00,True,14:45:00,2024-02-05
11964,2024-02-05 15:00:00,True,15:00:00,2024-02-05
11965,2024-02-05 15:15:00,True,15:15:00,2024-02-05
11966,2024-02-05 15:30:00,True,15:30:00,2024-02-05
11967,2024-02-05 15:45:00,True,15:45:00,2024-02-05
11968,2024-02-05 16:00:00,True,16:00:00,2024-02-05
11969,2024-02-05 16:15:00,True,16:15:00,2024-02-05
11970,2024-02-05 16:30:00,True,16:30:00,2024-02-05
11971,2024-02-05 16:45:00,True,16:45:00,2024-02-05
11972,2024-02-05 17:00:00,True,17:00:00,2024-02-05
11973,2024-02-05 17:15:00,True,17:15:00,2024-02-05
11974,2024-02-05 17:30:00,True,17:30:00,2024-02-05
11975,2024-02-05 17:45:00,True,17:45:00,2024-02-05
11976,2024-02-05 18:00:00,True,18:00:00,2024-02-05
11977,2024-02-05 18:15:00,True,18:15:00,2024-02-05
11978,2024-02-05 18:30:00,True,18:30:00,2024-02-05
11979,2024-02-05 18:45:00,True,18:45:00,2024-02-05
11980,2024-02-05 19:00:00,True,19:00:00,2024-02-05
11981,2024-02-05 19:15:00,True,19:15:00,2024-02-05
11982,2024-02-05 19:30:00,True,19:30:00,2024-02-05
11983,2024-02-05 19:45:00,True,19:45:00,2024-02-05
11984,2024-02-05 20:00:00,True,20:00:00,2024-02-05
11985,2024-02-05 20:15:00,True,20:15:00,2024-02-05
11986,2024-02-05 20:30:00,True,20:30:00,2024-02-05
11987,2024-02-05 20:45:00,True,20:45:00,2024-02-05
11988,2024-02-05 21:00:00,True,21:00:00,2024-02-05
11989,2024-02-05 21:15:00,True,21:15:00,2024-02-05
11990,2024-02-05 21:30:00,True,21:30:00,2024-02-05
11991,2024-02-05 21:45:00,True,21:45:00,2024-02-05
11992,2024-02-05 22:00:00,True,22:00:00,2024-02-05
11993,2024-02-05 22:15:00,True,22:15:00,2024-02-05
11994,2024-02-05 22:30:00,True,22:30:00,2024-02-05
11995,2024-02-05 22:45:00,True,22:45:00,2024-02-05
11996,2024-02-05 23:00:00,True,23:00:00,2024-02-05
11997,2024-02-05 23:15:00,True,23:15:00,2024-02-05
11998,2024-02-05 23:30:00,True,23:30:00,2024-02-05
11999,2024-02-05 23:45:00,True,23:45:00,2024-02-05
12000,2024-02-06 00:00:00,True,00:00:00,2024-02-06
12001,2024-02-06 00:15:00,True,00:15:00,2024-02-06
12002,2024-02-06 00:30:00,True,00:30:00,2024-02-06
12003,2024-02-06 00:45:00,True,00:45:00,2024-02-06
12004,2024-02-06 01:00:00,True,01:00:00,2024-02-06
12005,2024-02-06 01:15:00,True,01:15:00,2024-02-06
12006,2024-02-06 01:30:00,True,01:30:00,2024-02-06
12007,2024-02-06 01:45:00,True,01:45:00,2024-02-06
12008,2024-02-06 02:00:00,True,02:00:00,2024-02-06
12009,2024-02-06 02:15:00,True,02:15:00,2024-02-06
12010,2024-02-06 02:30:00,True,02:30:00,2024-02-06
12011,2024-02-06 02:45:00,True,02:45:00,2024-02-06
12012,2024-02-06 03:00:00,True,03:00:00,2024-02-06
12013,2024-02-06 03:15:00,True,03:15:00,2024-02-06
12014,2024-02-06 03:30:00,True,03:30:00,2024-02-06
12015,2024-02-06 03:45:00,True,03:45:00,2024-02-06
12016,2024-02-06 04:00:00,True,04:00:00,2024-02-06
12017,2024-02-06 04:15:00,True,04:15:00,2024-02-06
12018,2024-02-06 04:30:00,True,04:30:00,2024-02-06
12019,2024-02-06 04:45:00,True,04:45:00,2024-02-06
12020,2024-02-06 05:00:00,True,05:00:00,2024-02-06
12021,2024-02-06 05:15:00,True,05:15:00,2024-02-06
12022,2024-02-06 05:30:00,True,05:30:00,2024-02-06
12023,2024-02-06 05:45:00,True,05:45:00,2024-02-06
12024,2024-02-06 06:00:00,True,06:00:00,2024-02-06
12025,2024-02-06 06:15:00,True,06:15:00,2024-02-06
12026,2024-02-06 06:30:00,True,06:30:00,2024-02-06
12027,2024-02-06 06:45:00,True,06:45:00,2024-02-06
12028,2024-02-06 07:00:00,True,07:00:00,2024-02-06
12029,2024-02-06 07:15:00,True,07:15:00,2024-02-06
12030,2024-02-06 07:30:00,True,07:30:00,2024-02-06
12031,2024-02-06 07:45:00,True,07:45:00,2024-02-06
12032,2024-02-06 08:00:00,True,08:00:00,2024-02-06
12033,2024-02-06 08:15:00,True,08:15:00,2024-02-06
12034,2024-02-06 08:30:00,True,08:30:00,2024-02-06
12035,2024-02-06 08:45:00,True,08:45:00,2024-02-06
12036,2024-02-06 09:00:00,True,09:00:00,2024-02-06
12037,2024-02-06 09:15:00,True,09:15:00,2024-02-06
12038,2024-02-06 09:30:00,True,09:30:00,2024-02-06
12039,2024-02-06 09:45:00,True,09:45:00,2024-02-06
12040,2024-02-06 10:00:00,True,10:00:00,2024-02-06
12041,2024-02-06 10:15:00,True,10:15:00,2024-02-06
12042,2024-02-06 10:30:00,True,10:30:00,2024-02-06
12043,2024-02-06 10:45:00,True,10:45:00,2024-02-06
12044,2024-02-06 11:00:00,True,11:00:00,2024-02-06
12045,2024-02-06 11:15:00,True,11:15:00,2024-02-06
12046,2024-02-06 11:30:00,True,11:30:00,2024-02-06
12047,2024-02-06 11:45:00,True,11:45:00,2024-02-06
12048,2024-02-06 12:00:00,True,12:00:00,2024-02-06
12049,2024-02-06 12:15:00,True,12:15:00,2024-02-06
12050,2024-02-06 12:30:00,True,12:30:00,2024-02-06
12051,2024-02-06 12:45:00,True,12:45:00,2024-02-06
12052,2024-02-06 13:00:00,True,13:00:00,2024-02-06
12053,2024-02-06 13:15:00,True,13:15:00,2024-02-06
12054,2024-02-06 13:30:00,True,13:30:00,2024-02-06
12055,2024-02-06 13:45:00,True,13:45:00,2024-02-06
12056,2024-02-06 14:00:00,True,14:00:00,2024-02-06
12057,2024-02-06 14:15:00,True,14:15:00,2024-02-06
12058,2024-02-06 14:30:00,True,14:30:00,2024-02-06
12059,2024-02-06 14:45:00,True,14:45:00,2024-02-06
12060,2024-02-06 15:00:00,True,15:00:00,2024-02-06
12061,2024-02-06 15:15:00,True,15:15:00,2024-02-06
12062,2024-02-06 15:30:00,True,15:30:00,2024-02-06
12063,2024-02-06 15:45:00,True,15:45:00,2024-02-06
12064,2024-02-06 16:00:00,True,16:00:00,2024-02-06
12065,2024-02-06 16:15:00,True,16:15:00,2024-02-06
12066,2024-02-06 16:30:00,True,16:30:00,2024-02-06
12067,2024-02-06 16:45:00,True,16:45:00,2024-02-06
12068,2024-02-06 17:00:00,True,17:00:00,2024-02-06
12069,2024-02-06 17:15:00,True,17:15:00,2024-02-06
12070,2024-02-06 17:30:00,True,17:30:00,2024-02-06
12071,2024-02-06 17:45:00,True,17:45:00,2024-02-06
12072,2024-02-06 18:00:00,True,18:00:00,2024-02-06
12073,2024-02-06 18:15:00,True,18:15:00,2024-02-06
12074,2024-02-06 18:30:00,True,18:30:00,2024-02-06
12075,2024-02-06 18:45:00,True,18:45:00,2024-02-06
12076,2024-02-06 19:00:00,True,19:00:00,2024-02-06
12077,2024-02-06 19:15:00,True,19:15:00,2024-02-06
12078,2024-02-06 19:30:00,True,19:30:00,2024-02-06
12079,2024-02-06 19:45:00,True,19:45:00,2024-02-06
12080,2024-02-06 20:00:00,True,20:00:00,2024-02-06
12081,2024-02-06 20:15:00,True,20:15:00,2024-02-06
12082,2024-02-06 20:30:00,True,20:30:00,2024-02-06
12083,2024-02-06 20:45:00,True,20:45:00,2024-02-06
12084,2024-02-06 21:00:00,True,21:00:00,2024-02-06
12085,2024-02-06 21:15:00,True,21:15:00,2024-02-06
12086,2024-02-06 21:30:00,True,21:30:00,2024-02-06
12087,2024-02-06 21:45:00,True,21:45:00,2024-02-06
12088,2024-02-06 22:00:00,True,22:00:00,2024-02-06
12089,2024-02-06 22:15:00,True,22:15:00,2024-02-06
12090,2024-02-06 22:30:00,True,22:30:00,2024-02-06
12091,2024-02-06 22:45:00,True,22:45:00,2024-02-06
12092,2024-02-06 23:00:00,True,23:00:00,2024-02-06
12093,2024-02-06 23:15:00,True,23:15:00,2024-02-06
12094,2024-02-06 23:30:00,True,23:30:00,2024-02-06
12095,2024-02-06 23:45:00,True,23:45:00,2024-02-06
12096,2024-02-07 00:00:00,True,00:00:00,2024-02-07
12097,2024-02-07 00:15:00,True,00:15:00,2024-02-07
12098,2024-02-07 00:30:00,True,00:30:00,2024-02-07
12099,2024-02-07 00:45:00,True,00:45:00,2024-02-07
12100,2024-02-07 01:00:00,True,01:00:00,2024-02-07
12101,2024-02-07 01:15:00,True,01:15:00,2024-02-07
12102,2024-02-07 01:30:00,True,01:30:00,2024-02-07
12103,2024-02-07 01:45:00,True,01:45:00,2024-02-07
12104,2024-02-07 02:00:00,True,02:00:00,2024-02-07
12105,2024-02-07 02:15:00,True,02:15:00,2024-02-07
12106,2024-02-07 02:30:00,True,02:30:00,2024-02-07
12107,2024-02-07 02:45:00,True,02:45:00,2024-02-07
12108,2024-02-07 03:00:00,True,03:00:00,2024-02-07
12109,2024-02-07 03:15:00,True,03:15:00,2024-02-07
12110,2024-02-07 03:30:00,True,03:30:00,2024-02-07
12111,2024-02-07 03:45:00,True,03:45:00,2024-02-07
12112,2024-02-07 04:00:00,True,04:00:00,2024-02-07
12113,2024-02-07 04:15:00,True,04:15:00,2024-02-07
12114,2024-02-07 04:30:00,True,04:30:00,2024-02-07
12115,2024-02-07 04:45:00,True,04:45:00,2024-02-07
12116,2024-02-07 05:00:00,True,05:00:00,2024-02-07
12117,2024-02-07 05:15:00,True,05:15:00,2024-02-07
12118,2024-02-07 05:30:00,True,05:30:00,2024-02-07
12119,2024-02-07 05:45:00,True,05:45:00,2024-02-07
12120,2024-02-07 06:00:00,True,06:00:00,2024-02-07
12121,2024-02-07 06:15:00,True,06:15:00,2024-02-07
12122,2024-02-07 06:30:00,True,06:30:00,2024-02-07
12123,2024-02-07 06:45:00,True,06:45:00,2024-02-07
12124,2024-02-07 07:00:00,True,07:00:00,2024-02-07
12125,2024-02-07 07:15:00,True,07:15:00,2024-02-07
12126,2024-02-07 07:30:00,True,07:30:00,2024-02-07
12127,2024-02-07 07:45:00,True,07:45:00,2024-02-07
12128,2024-02-07 08:00:00,True,08:00:00,2024-02-07
12129,2024-02-07 08:15:00,True,08:15:00,2024-02-07
12130,2024-02-07 08:30:00,True,08:30:00,2024-02-07
12131,2024-02-07 08:45:00,True,08:45:00,2024-02-07
12132,2024-02-07 09:00:00,True,09:00:00,2024-02-07
12133,2024-02-07 09:15:00,True,09:15:00,2024-02-07
12134,2024-02-07 09:30:00,True,09:30:00,2024-02-07
12135,2024-02-07 09:45:00,True,09:45:00,2024-02-07
12136,2024-02-07 10:00:00,True,10:00:00,2024-02-07
12137,2024-02-07 10:15:00,True,10:15:00,2024-02-07
12138,2024-02-07 10:30:00,True,10:30:00,2024-02-07
12139,2024-02-07 10:45:00,True,10:45:00,2024-02-07
12140,2024-02-07 11:00:00,True,11:00:00,2024-02-07
12141,2024-02-07 11:15:00,True,11:15:00,2024-02-07
12142,2024-02-07 11:30:00,True,11:30:00,2024-02-07
12143,2024-02-07 11:45:00,True,11:45:00,2024-02-07
12144,2024-02-07 12:00:00,True,12:00:00,2024-02-07
12145,2024-02-07 12:15:00,True,12:15:00,2024-02-07
12146,2024-02-07 12:30:00,True,12:30:00,2024-02-07
12147,2024-02-07 12:45:00,True,12:45:00,2024-02-07
12148,2024-02-07 13:00:00,True,13:00:00,2024-02-07
12149,2024-02-07 13:15:00,True,13:15:00,2024-02-07
12150,2024-02-07 13:30:00,True,13:30:00,2024-02-07
12151,2024-02-07 13:45:00,True,13:45:00,2024-02-07
12152,2024-02-07 14:00:00,True,14:00:00,2024-02-07
12153,2024-02-07 14:15:00,True,14:15:00,2024-02-07
12154,2024-02-07 14:30:00,True,14:30:00,2024-02-07
12155,2024-02-07 14:45:00,True,14:45:00,2024-02-07
12156,2024-02-07 15:00:00,True,15:00:00,2024-02-07
12157,2024-02-07 15:15:00,True,15:15:00,2024-02-07
12158,2024-02-07 15:30:00,True,15:30:00,2024-02-07
12159,2024-02-07 15:45:00,True,15:45:00,2024-02-07
12160,2024-02-07 16:00:00,True,16:00:00,2024-02-07
12161,2024-02-07 16:15:00,True,16:15:00,2024-02-07
12162,2024-02-07 16:30:00,True,16:30:00,2024-02-07
12163,2024-02-07 16:45:00,True,16:45:00,2024-02-07
12164,2024-02-07 17:00:00,True,17:00:00,2024-02-07
12165,2024-02-07 17:15:00,True,17:15:00,2024-02-07
12166,2024-02-07 17:30:00,True,17:30:00,2024-02-07
12167,2024-02-07 17:45:00,True,17:45:00,2024-02-07
12168,2024-02-07 18:00:00,True,18:00:00,2024-02-07
12169,2024-02-07 18:15:00,True,18:15:00,2024-02-07
12170,2024-02-07 18:30:00,True,18:30:00,2024-02-07
12171,2024-02-07 18:45:00,True,18:45:00,2024-02-07
12172,2024-02-07 19:00:00,True,19:00:00,2024-02-07
12173,2024-02-07 19:15:00,True,19:15:00,2024-02-07
12174,2024-02-07 19:30:00,True,19:30:00,2024-02-07
12175,2024-02-07 19:45:00,True,19:45:00,2024-02-07
12176,2024-02-07 20:00:00,True,20:00:00,2024-02-07
12177,2024-02-07 20:15:00,True,20:15:00,2024-02-07
12178,2024-02-07 20:30:00,True,20:30:00,2024-02-07
12179,2024-02-07 20:45:00,True,20:45:00,2024-02-07
12180,2024-02-07 21:00:00,True,21:00:00,2024-02-07
12181,2024-02-07 21:15:00,True,21:15:00,2024-02-07
12182,2024-02-07 21:30:00,True,21:30:00,2024-02-07
12183,2024-02-07 21:45:00,True,21:45:00,2024-02-07
12184,2024-02-07 22:00:00,True,22:00:00,2024-02-07
12185,2024-02-07 22:15:00,True,22:15:00,2024-02-07
12186,2024-02-07 22:30:00,True,22:30:00,2024-02-07
12187,2024-02-07 22:45:00,True,22:45:00,2024-02-07
12188,2024-02-07 23:00:00,True,23:00:00,2024-02-07
12189,2024-02-07 23:15:00,True,23:15:00,2024-02-07
12190,2024-02-07 23:30:00,True,23:30:00,2024-02-07
12191,2024-02-07 23:45:00,True,23:45:00,2024-02-07
12192,2024-02-08 00:00:00,True,00:00:00,2024-02-08
12193,2024-02-08 00:15:00,True,00:15:00,2024-02-08
12194,2024-02-08 00:30:00,True,00:30:00,2024-02-08
12195,2024-02-08 00:45:00,True,00:45:00,2024-02-08
12196,2024-02-08 01:00:00,True,01:00:00,2024-02-08
12197,2024-02-08 01:15:00,True,01:15:00,2024-02-08
12198,2024-02-08 01:30:00,True,01:30:00,2024-02-08
12199,2024-02-08 01:45:00,True,01:45:00,2024-02-08
12200,2024-02-08 02:00:00,True,02:00:00,2024-02-08
12201,2024-02-08 02:15:00,True,02:15:00,2024-02-08
12202,2024-02-08 02:30:00,True,02:30:00,2024-02-08
12203,2024-02-08 02:45:00,True,02:45:00,2024-02-08
12204,2024-02-08 03:00:00,True,03:00:00,2024-02-08
12205,2024-02-08 03:15:00,True,03:15:00,2024-02-08
12206,2024-02-08 03:30:00,True,03:30:00,2024-02-08
12207,2024-02-08 03:45:00,True,03:45:00,2024-02-08
12208,2024-02-08 04:00:00,True,04:00:00,2024-02-08
12209,2024-02-08 04:15:00,True,04:15:00,2024-02-08
12210,2024-02-08 04:30:00,True,04:30:00,2024-02-08
12211,2024-02-08 04:45:00,True,04:45:00,2024-02-08
12212,2024-02-08 05:00:00,True,05:00:00,2024-02-08
12213,2024-02-08 05:15:00,True,05:15:00,2024-02-08
12214,2024-02-08 05:30:00,True,05:30:00,2024-02-08
12215,2024-02-08 05:45:00,True,05:45:00,2024-02-08
12216,2024-02-08 06:00:00,True,06:00:00,2024-02-08
12217,2024-02-08 06:15:00,True,06:15:00,2024-02-08
12218,2024-02-08 06:30:00,True,06:30:00,2024-02-08
12219,2024-02-08 06:45:00,True,06:45:00,2024-02-08
12220,2024-02-08 07:00:00,True,07:00:00,2024-02-08
12221,2024-02-08 07:15:00,True,07:15:00,2024-02-08
12222,2024-02-08 07:30:00,True,07:30:00,2024-02-08
12223,2024-02-08 07:45:00,True,07:45:00,2024-02-08
12224,2024-02-08 08:00:00,True,08:00:00,2024-02-08
12225,2024-02-08 08:15:00,True,08:15:00,2024-02-08
12226,2024-02-08 08:30:00,True,08:30:00,2024-02-08
12227,2024-02-08 08:45:00,True,08:45:00,2024-02-08
12228,2024-02-08 09:00:00,True,09:00:00,2024-02-08
12229,2024-02-08 09:15:00,True,09:15:00,2024-02-08
12230,2024-02-08 09:30:00,True,09:30:00,2024-02-08
12231,2024-02-08 09:45:00,True,09:45:00,2024-02-08
12232,2024-02-08 10:00:00,True,10:00:00,2024-02-08
12233,2024-02-08 10:15:00,True,10:15:00,2024-02-08
12234,2024-02-08 10:30:00,True,10:30:00,2024-02-08
12235,2024-02-08 10:45:00,True,10:45:00,2024-02-08
12236,2024-02-08 11:00:00,True,11:00:00,2024-02-08
12237,2024-02-08 11:15:00,True,11:15:00,2024-02-08
12238,2024-02-08 11:30:00,True,11:30:00,2024-02-08
12239,2024-02-08 11:45:00,True,11:45:00,2024-02-08
12240,2024-02-08 12:00:00,True,12:00:00,2024-02-08
12241,2024-02-08 12:15:00,True,12:15:00,2024-02-08
12242,2024-02-08 12:30:00,True,12:30:00,2024-02-08
12243,2024-02-08 12:45:00,True,12:45:00,2024-02-08
12244,2024-02-08 13:00:00,True,13:00:00,2024-02-08
12245,2024-02-08 13:15:00,True,13:15:00,2024-02-08
12246,2024-02-08 13:30:00,True,13:30:00,2024-02-08
12247,2024-02-08 13:45:00,True,13:45:00,2024-02-08
12248,2024-02-08 14:00:00,True,14:00:00,2024-02-08
12249,2024-02-08 14:15:00,True,14:15:00,2024-02-08
12250,2024-02-08 14:30:00,True,14:30:00,2024-02-08
12251,2024-02-08 14:45:00,True,14:45:00,2024-02-08
12252,2024-02-08 15:00:00,True,15:00:00,2024-02-08
12253,2024-02-08 15:15:00,True,15:15:00,2024-02-08
12254,2024-02-08 15:30:00,True,15:30:00,2024-02-08
12255,2024-02-08 15:45:00,True,15:45:00,2024-02-08
12256,2024-02-08 16:00:00,True,16:00:00,2024-02-08
12257,2024-02-08 16:15:00,True,16:15:00,2024-02-08
12258,2024-02-08 16:30:00,True,16:30:00,2024-02-08
12259,2024-02-08 16:45:00,True,16:45:00,2024-02-08
12260,2024-02-08 17:00:00,True,17:00:00,2024-02-08
12261,2024-02-08 17:15:00,True,17:15:00,2024-02-08
12262,2024-02-08 17:30:00,True,17:30:00,2024-02-08
12263,2024-02-08 17:45:00,True,17:45:00,2024-02-08
12264,2024-02-08 18:00:00,True,18:00:00,2024-02-08
12265,2024-02-08 18:15:00,True,18:15:00,2024-02-08
12266,2024-02-08 18:30:00,True,18:30:00,2024-02-08
12267,2024-02-08 18:45:00,True,18:45:00,2024-02-08
12268,2024-02-08 19:00:00,True,19:00:00,2024-02-08
12269,2024-02-08 19:15:00,True,19:15:00,2024-02-08
12270,2024-02-08 19:30:00,True,19:30:00,2024-02-08
12271,2024-02-08 19:45:00,True,19:45:00,2024-02-08
12272,2024-02-08 20:00:00,True,20:00:00,2024-02-08
12273,2024-02-08 20:15:00,True,20:15:00,2024-02-08
12274,2024-02-08 20:30:00,True,20:30:00,2024-02-08
12275,2024-02-08 20:45:00,True,20:45:00,2024-02-08
12276,2024-02-08 21:00:00,True,21:00:00,2024-02-08
12277,2024-02-08 21:15:00,True,21:15:00,2024-02-08
12278,2024-02-08 21:30:00,True,21:30:00,2024-02-08
12279,2024-02-08 21:45:00,True,21:45:00,2024-02-08
12280,2024-02-08 22:00:00,True,22:00:00,2024-02-08
12281,2024-02-08 22:15:00,True,22:15:00,2024-02-08
12282,2024-02-08 22:30:00,True,22:30:00,2024-02-08
12283,2024-02-08 22:45:00,True,22:45:00,2024-02-08
12284,2024-02-08 23:00:00,True,23:00:00,2024-02-08
12285,2024-02-08 23:15:00,True,23:15:00,2024-02-08
12286,2024-02-08 23:30:00,True,23:30:00,2024-02-08
12287,2024-02-08 23:45:00,True,23:45:00,2024-02-08
12288,2024-02-09 00:00:00,True,00:00:00,2024-02-09
12289,2024-02-09 00:15:00,True,00:15:00,2024-02-09
12290,2024-02-09 00:30:00,True,00:30:00,2024-02-09
12291,2024-02-09 00:45:00,True,00:45:00,2024-02-09
12292,2024-02-09 01:00:00,True,01:00:00,2024-02-09
12293,2024-02-09 01:15:00,True,01:15:00,2024-02-09
12294,2024-02-09 01:30:00,True,01:30:00,2024-02-09
12295,2024-02-09 01:45:00,True,01:45:00,2024-02-09
12296,2024-02-09 02:00:00,True,02:00:00,2024-02-09
12297,2024-02-09 02:15:00,True,02:15:00,2024-02-09
12298,2024-02-09 02:30:00,True,02:30:00,2024-02-09
12299,2024-02-09 02:45:00,True,02:45:00,2024-02-09
12300,2024-02-09 03:00:00,True,03:00:00,2024-02-09
12301,2024-02-09 03:15:00,True,03:15:00,2024-02-09
12302,2024-02-09 03:30:00,True,03:30:00,2024-02-09
12303,2024-02-09 03:45:00,True,03:45:00,2024-02-09
12304,2024-02-09 04:00:00,True,04:00:00,2024-02-09
12305,2024-02-09 04:15:00,True,04:15:00,2024-02-09
12306,2024-02-09 04:30:00,True,04:30:00,2024-02-09
12307,2024-02-09 04:45:00,True,04:45:00,2024-02-09
12308,2024-02-09 05:00:00,True,05:00:00,2024-02-09
12309,2024-02-09 05:15:00,True,05:15:00,2024-02-09
12310,2024-02-09 05:30:00,True,05:30:00,2024-02-09
12311,2024-02-09 05:45:00,True,05:45:00,2024-02-09
12312,2024-02-09 06:00:00,True,06:00:00,2024-02-09
12313,2024-02-09 06:15:00,True,06:15:00,2024-02-09
12314,2024-02-09 06:30:00,True,06:30:00,2024-02-09
12315,2024-02-09 06:45:00,True,06:45:00,2024-02-09
12316,2024-02-09 07:00:00,True,07:00:00,2024-02-09
12317,2024-02-09 07:15:00,True,07:15:00,2024-02-09
12318,2024-02-09 07:30:00,True,07:30:00,2024-02-09
12319,2024-02-09 07:45:00,True,07:45:00,2024-02-09
12320,2024-02-09 08:00:00,True,08:00:00,2024-02-09
12321,2024-02-09 08:15:00,True,08:15:00,2024-02-09
12322,2024-02-09 08:30:00,True,08:30:00,2024-02-09
12323,2024-02-09 08:45:00,True,08:45:00,2024-02-09
12324,2024-02-09 09:00:00,True,09:00:00,2024-02-09
12325,2024-02-09 09:15:00,True,09:15:00,2024-02-09
12326,2024-02-09 09:30:00,True,09:30:00,2024-02-09
12327,2024-02-09 09:45:00,True,09:45:00,2024-02-09
12328,2024-02-09 10:00:00,True,10:00:00,2024-02-09
12329,2024-02-09 10:15:00,True,10:15:00,2024-02-09
12330,2024-02-09 10:30:00,True,10:30:00,2024-02-09
12331,2024-02-09 10:45:00,True,10:45:00,2024-02-09
12332,2024-02-09 11:00:00,True,11:00:00,2024-02-09
12333,2024-02-09 11:15:00,True,11:15:00,2024-02-09
12334,2024-02-09 11:30:00,True,11:30:00,2024-02-09
12335,2024-02-09 11:45:00,True,11:45:00,2024-02-09
12336,2024-02-09 12:00:00,True,12:00:00,2024-02-09
12337,2024-02-09 12:15:00,True,12:15:00,2024-02-09
12338,2024-02-09 12:30:00,True,12:30:00,2024-02-09
12339,2024-02-09 12:45:00,True,12:45:00,2024-02-09
12340,2024-02-09 13:00:00,True,13:00:00,2024-02-09
12341,2024-02-09 13:15:00,True,13:15:00,2024-02-09
12342,2024-02-09 13:30:00,True,13:30:00,2024-02-09
12343,2024-02-09 13:45:00,True,13:45:00,2024-02-09
12344,2024-02-09 14:00:00,True,14:00:00,2024-02-09
12345,2024-02-09 14:15:00,True,14:15:00,2024-02-09
12346,2024-02-09 14:30:00,True,14:30:00,2024-02-09
12347,2024-02-09 14:45:00,True,14:45:00,2024-02-09
12348,2024-02-09 15:00:00,True,15:00:00,2024-02-09
12349,2024-02-09 15:15:00,True,15:15:00,2024-02-09
12350,2024-02-09 15:30:00,True,15:30:00,2024-02-09
12351,2024-02-09 15:45:00,True,15:45:00,2024-02-09
12352,2024-02-09 16:00:00,True,16:00:00,2024-02-09
12353,2024-02-09 16:15:00,True,16:15:00,2024-02-09
12354,2024-02-09 16:30:00,True,16:30:00,2024-02-09
12355,2024-02-09 16:45:00,True,16:45:00,2024-02-09
12356,2024-02-09 17:00:00,True,17:00:00,2024-02-09
12357,2024-02-09 17:15:00,True,17:15:00,2024-02-09
12358,2024-02-09 17:30:00,True,17:30:00,2024-02-09
12359,2024-02-09 17:45:00,True,17:45:00,2024-02-09
12360,2024-02-09 18:00:00,True,18:00:00,2024-02-09
12361,2024-02-09 18:15:00,True,18:15:00,2024-02-09
12362,2024-02-09 18:30:00,True,18:30:00,2024-02-09
12363,2024-02-09 18:45:00,True,18:45:00,2024-02-09
12364,2024-02-09 19:00:00,True,19:00:00,2024-02-09
12365,2024-02-09 19:15:00,True,19:15:00,2024-02-09
12366,2024-02-09 19:30:00,True,19:30:00,2024-02-09
12367,2024-02-09 19:45:00,True,19:45:00,2024-02-09
12368,2024-02-09 20:00:00,True,20:00:00,2024-02-09
12369,2024-02-09 20:15:00,True,20:15:00,2024-02-09
12370,2024-02-09 20:30:00,True,20:30:00,2024-02-09
12371,2024-02-09 20:45:00,True,20:45:00,2024-02-09
12372,2024-02-09 21:00:00,True,21:00:00,2024-02-09
12373,2024-02-09 21:15:00,True,21:15:00,2024-02-09
12374,2024-02-09 21:30:00,True,21:30:00,2024-02-09
12375,2024-02-09 21:45:00,True,21:45:00,2024-02-09
12376,2024-02-09 22:00:00,True,22:00:00,2024-02-09
12377,2024-02-09 22:15:00,True,22:15:00,2024-02-09
12378,2024-02-09 22:30:00,True,22:30:00,2024-02-09
12379,2024-02-09 22:45:00,True,22:45:00,2024-02-09
12380,2024-02-09 23:00:00,True,23:00:00,2024-02-09
12381,2024-02-09 23:15:00,True,23:15:00,2024-02-09
12382,2024-02-09 23:30:00,True,23:30:00,2024-02-09
12383,2024-02-09 23:45:00,True,23:45:00,2024-02-09
12384,2024-02-10 00:00:00,True,00:00:00,2024-02-10
12385,2024-02-10 00:15:00,True,00:15:00,2024-02-10
12386,2024-02-10 00:30:00,True,00:30:00,2024-02-10
12387,2024-02-10 00:45:00,True,00:45:00,2024-02-10
12388,2024-02-10 01:00:00,True,01:00:00,2024-02-10
12389,2024-02-10 01:15:00,True,01:15:00,2024-02-10
12390,2024-02-10 01:30:00,True,01:30:00,2024-02-10
12391,2024-02-10 01:45:00,True,01:45:00,2024-02-10
12392,2024-02-10 02:00:00,True,02:00:00,2024-02-10
12393,2024-02-10 02:15:00,True,02:15:00,2024-02-10
12394,2024-02-10 02:30:00,True,02:30:00,2024-02-10
12395,2024-02-10 02:45:00,True,02:45:00,2024-02-10
12396,2024-02-10 03:00:00,True,03:00:00,2024-02-10
12397,2024-02-10 03:15:00,True,03:15:00,2024-02-10
12398,2024-02-10 03:30:00,True,03:30:00,2024-02-10
12399,2024-02-10 03:45:00,True,03:45:00,2024-02-10
12400,2024-02-10 04:00:00,True,04:00:00,2024-02-10
12401,2024-02-10 04:15:00,True,04:15:00,2024-02-10
12402,2024-02-10 04:30:00,True,04:30:00,2024-02-10
12403,2024-02-10 04:45:00,True,04:45:00,2024-02-10
12404,2024-02-10 05:00:00,True,05:00:00,2024-02-10
12405,2024-02-10 05:15:00,True,05:15:00,2024-02-10
12406,2024-02-10 05:30:00,True,05:30:00,2024-02-10
12407,2024-02-10 05:45:00,True,05:45:00,2024-02-10
12408,2024-02-10 06:00:00,True,06:00:00,2024-02-10
12409,2024-02-10 06:15:00,True,06:15:00,2024-02-10
12410,2024-02-10 06:30:00,True,06:30:00,2024-02-10
12411,2024-02-10 06:45:00,True,06:45:00,2024-02-10
12412,2024-02-10 07:00:00,True,07:00:00,2024-02-10
12413,2024-02-10 07:15:00,True,07:15:00,2024-02-10
12414,2024-02-10 07:30:00,True,07:30:00,2024-02-10
12415,2024-02-10 07:45:00,True,07:45:00,2024-02-10
12416,2024-02-10 08:00:00,True,08:00:00,2024-02-10
12417,2024-02-10 08:15:00,True,08:15:00,2024-02-10
12418,2024-02-10 08:30:00,True,08:30:00,2024-02-10
12419,2024-02-10 08:45:00,True,08:45:00,2024-02-10
12420,2024-02-10 09:00:00,True,09:00:00,2024-02-10
12421,2024-02-10 09:15:00,True,09:15:00,2024-02-10
12422,2024-02-10 09:30:00,True,09:30:00,2024-02-10
12423,2024-02-10 09:45:00,True,09:45:00,2024-02-10
12424,2024-02-10 10:00:00,True,10:00:00,2024-02-10
12425,2024-02-10 10:15:00,True,10:15:00,2024-02-10
12426,2024-02-10 10:30:00,True,10:30:00,2024-02-10
12427,2024-02-10 10:45:00,True,10:45:00,2024-02-10
12428,2024-02-10 11:00:00,True,11:00:00,2024-02-10
12429,2024-02-10 11:15:00,True,11:15:00,2024-02-10
12430,2024-02-10 11:30:00,True,11:30:00,2024-02-10
12431,2024-02-10 11:45:00,True,11:45:00,2024-02-10
12432,2024-02-10 12:00:00,True,12:00:00,2024-02-10
12433,2024-02-10 12:15:00,True,12:15:00,2024-02-10
12434,2024-02-10 12:30:00,True,12:30:00,2024-02-10
12435,2024-02-10 12:45:00,True,12:45:00,2024-02-10
12436,2024-02-10 13:00:00,True,13:00:00,2024-02-10
12437,2024-02-10 13:15:00,True,13:15:00,2024-02-10
12438,2024-02-10 13:30:00,True,13:30:00,2024-02-10
12439,2024-02-10 13:45:00,True,13:45:00,2024-02-10
12440,2024-02-10 14:00:00,True,14:00:00,2024-02-10
12441,2024-02-10 14:15:00,True,14:15:00,2024-02-10
12442,2024-02-10 14:30:00,True,14:30:00,2024-02-10
12443,2024-02-10 14:45:00,True,14:45:00,2024-02-10
12444,2024-02-10 15:00:00,True,15:00:00,2024-02-10
12445,2024-02-10 15:15:00,True,15:15:00,2024-02-10
12446,2024-02-10 15:30:00,True,15:30:00,2024-02-10
12447,2024-02-10 15:45:00,True,15:45:00,2024-02-10
12448,2024-02-10 16:00:00,True,16:00:00,2024-02-10
12449,2024-02-10 16:15:00,True,16:15:00,2024-02-10
12450,2024-02-10 16:30:00,True,16:30:00,2024-02-10
12451,2024-02-10 16:45:00,True,16:45:00,2024-02-10
12452,2024-02-10 17:00:00,True,17:00:00,2024-02-10
12453,2024-02-10 17:15:00,True,17:15:00,2024-02-10
12454,2024-02-10 17:30:00,True,17:30:00,2024-02-10
12455,2024-02-10 17:45:00,True,17:45:00,2024-02-10
12456,2024-02-10 18:00:00,True,18:00:00,2024-02-10
12457,2024-02-10 18:15:00,True,18:15:00,2024-02-10
12458,2024-02-10 18:30:00,True,18:30:00,2024-02-10
12459,2024-02-10 18:45:00,True,18:45:00,2024-02-10
12460,2024-02-10 19:00:00,True,19:00:00,2024-02-10
12461,2024-02-10 19:15:00,True,19:15:00,2024-02-10
12462,2024-02-10 19:30:00,True,19:30:00,2024-02-10
12463,2024-02-10 19:45:00,True,19:45:00,2024-02-10
12464,2024-02-10 20:00:00,True,20:00:00,2024-02-10
12465,2024-02-10 20:15:00,True,20:15:00,2024-02-10
12466,2024-02-10 20:30:00,True,20:30:00,2024-02-10
12467,2024-02-10 20:45:00,True,20:45:00,2024-02-10
12468,2024-02-10 21:00:00,True,21:00:00,2024-02-10
12469,2024-02-10 21:15:00,True,21:15:00,2024-02-10
12470,2024-02-10 21:30:00,True,21:30:00,2024-02-10
12471,2024-02-10 21:45:00,True,21:45:00,2024-02-10
12472,2024-02-10 22:00:00,True,22:00:00,2024-02-10
12473,2024-02-10 22:15:00,True,22:15:00,2024-02-10
12474,2024-02-10 22:30:00,True,22:30:00,2024-02-10
12475,2024-02-10 22:45:00,True,22:45:00,2024-02-10
12476,2024-02-10 23:00:00,True,23:00:00,2024-02-10
12477,2024-02-10 23:15:00,True,23:15:00,2024-02-10
12478,2024-02-10 23:30:00,True,23:30:00,2024-02-10
12479,2024-02-10 23:45:00,True,23:45:00,2024-02-10
12480,2024-02-11 00:00:00,True,00:00:00,2024-02-11
12481,2024-02-11 00:15:00,True,00:15:00,2024-02-11
12482,2024-02-11 00:30:00,True,00:30:00,2024-02-11
12483,2024-02-11 00:45:00,True,00:45:00,2024-02-11
12484,2024-02-11 01:00:00,True,01:00:00,2024-02-11
12485,2024-02-11 01:15:00,True,01:15:00,2024-02-11
12486,2024-02-11 01:30:00,True,01:30:00,2024-02-11
12487,2024-02-11 01:45:00,True,01:45:00,2024-02-11
12488,2024-02-11 02:00:00,True,02:00:00,2024-02-11
12489,2024-02-11 02:15:00,True,02:15:00,2024-02-11
12490,2024-02-11 02:30:00,True,02:30:00,2024-02-11
12491,2024-02-11 02:45:00,True,02:45:00,2024-02-11
12492,2024-02-11 03:00:00,True,03:00:00,2024-02-11
12493,2024-02-11 03:15:00,True,03:15:00,2024-02-11
12494,2024-02-11 03:30:00,True,03:30:00,2024-02-11
12495,2024-02-11 03:45:00,True,03:45:00,2024-02-11
12496,2024-02-11 04:00:00,True,04:00:00,2024-02-11
12497,2024-02-11 04:15:00,True,04:15:00,2024-02-11
12498,2024-02-11 04:30:00,True,04:30:00,2024-02-11
12499,2024-02-11 04:45:00,True,04:45:00,2024-02-11
12500,2024-02-11 05:00:00,True,05:00:00,2024-02-11
12501,2024-02-11 05:15:00,True,05:15:00,2024-02-11
12502,2024-02-11 05:30:00,True,05:30:00,2024-02-11
12503,2024-02-11 05:45:00,True,05:45:00,2024-02-11
12504,2024-02-11 06:00:00,True,06:00:00,2024-02-11
12505,2024-02-11 06:15:00,True,06:15:00,2024-02-11
12506,2024-02-11 06:30:00,True,06:30:00,2024-02-11
12507,2024-02-11 06:45:00,True,06:45:00,2024-02-11
12508,2024-02-11 07:00:00,True,07:00:00,2024-02-11
12509,2024-02-11 07:15:00,True,07:15:00,2024-02-11
12510,2024-02-11 07:30:00,True,07:30:00,2024-02-11
12511,2024-02-11 07:45:00,True,07:45:00,2024-02-11
12512,2024-02-11 08:00:00,True,08:00:00,2024-02-11
12513,2024-02-11 08:15:00,True,08:15:00,2024-02-11
12514,2024-02-11 08:30:00,True,08:30:00,2024-02-11
12515,2024-02-11 08:45:00,True,08:45:00,2024-02-11
12516,2024-02-11 09:00:00,True,09:00:00,2024-02-11
12517,2024-02-11 09:15:00,True,09:15:00,2024-02-11
12518,2024-02-11 09:30:00,True,09:30:00,2024-02-11
12519,2024-02-11 09:45:00,True,09:45:00,2024-02-11
12520,2024-02-11 10:00:00,True,10:00:00,2024-02-11
12521,2024-02-11 10:15:00,True,10:15:00,2024-02-11
12522,2024-02-11 10:30:00,True,10:30:00,2024-02-11
12523,2024-02-11 10:45:00,True,10:45:00,2024-02-11
12524,2024-02-11 11:00:00,True,11:00:00,2024-02-11
12525,2024-02-11 11:15:00,True,11:15:00,2024-02-11
12526,2024-02-11 11:30:00,True,11:30:00,2024-02-11
12527,2024-02-11 11:45:00,True,11:45:00,2024-02-11
12528,2024-02-11 12:00:00,True,12:00:00,2024-02-11
12529,2024-02-11 12:15:00,True,12:15:00,2024-02-11
12530,2024-02-11 12:30:00,True,12:30:00,2024-02-11
12531,2024-02-11 12:45:00,True,12:45:00,2024-02-11
12532,2024-02-11 13:00:00,True,13:00:00,2024-02-11
12533,2024-02-11 13:15:00,True,13:15:00,2024-02-11
12534,2024-02-11 13:30:00,True,13:30:00,2024-02-11
12535,2024-02-11 13:45:00,True,13:45:00,2024-02-11
12536,2024-02-11 14:00:00,True,14:00:00,2024-02-11
12537,2024-02-11 14:15:00,True,14:15:00,2024-02-11
12538,2024-02-11 14:30:00,True,14:30:00,2024-02-11
12539,2024-02-11 14:45:00,True,14:45:00,2024-02-11
12540,2024-02-11 15:00:00,True,15:00:00,2024-02-11
12541,2024-02-11 15:15:00,True,15:15:00,2024-02-11
12542,2024-02-11 15:30:00,True,15:30:00,2024-02-11
12543,2024-02-11 15:45:00,True,15:45:00,2024-02-11
12544,2024-02-11 16:00:00,True,16:00:00,2024-02-11
12545,2024-02-11 16:15:00,True,16:15:00,2024-02-11
12546,2024-02-11 16:30:00,True,16:30:00,2024-02-11
12547,2024-02-11 16:45:00,True,16:45:00,2024-02-11
12548,2024-02-11 17:00:00,True,17:00:00,2024-02-11
12549,2024-02-11 17:15:00,True,17:15:00,2024-02-11
12550,2024-02-11 17:30:00,True,17:30:00,2024-02-11
12551,2024-02-11 17:45:00,True,17:45:00,2024-02-11
12552,2024-02-11 18:00:00,True,18:00:00,2024-02-11
12553,2024-02-11 18:15:00,True,18:15:00,2024-02-11
12554,2024-02-11 18:30:00,True,18:30:00,2024-02-11
12555,2024-02-11 18:45:00,True,18:45:00,2024-02-11
12556,2024-02-11 19:00:00,True,19:00:00,2024-02-11
12557,2024-02-11 19:15:00,True,19:15:00,2024-02-11
12558,2024-02-11 19:30:00,True,19:30:00,2024-02-11
12559,2024-02-11 19:45:00,True,19:45:00,2024-02-11
12560,2024-02-11 20:00:00,True,20:00:00,2024-02-11
12561,2024-02-11 20:15:00,True,20:15:00,2024-02-11
12562,2024-02-11 20:30:00,True,20:30:00,2024-02-11
12563,2024-02-11 20:45:00,True,20:45:00,2024-02-11
12564,2024-02-11 21:00:00,True,21:00:00,2024-02-11
12565,2024-02-11 21:15:00,True,21:15:00,2024-02-11
12566,2024-02-11 21:30:00,True,21:30:00,2024-02-11
12567,2024-02-11 21:45:00,True,21:45:00,2024-02-11
12568,2024-02-11 22:00:00,True,22:00:00,2024-02-11
12569,2024-02-11 22:15:00,True,22:15:00,2024-02-11
12570,2024-02-11 22:30:00,True,22:30:00,2024-02-11
12571,2024-02-11 22:45:00,True,22:45:00,2024-02-11
12572,2024-02-11 23:00:00,True,23:00:00,2024-02-11
12573,2024-02-11 23:15:00,True,23:15:00,2024-02-11
12574,2024-02-11 23:30:00,True,23:30:00,2024-02-11
12575,2024-02-11 23:45:00,True,23:45:00,2024-02-11
12576,2024-02-12 00:00:00,True,00:00:00,2024-02-12
12577,2024-02-12 00:15:00,True,00:15:00,2024-02-12
12578,2024-02-12 00:30:00,True,00:30:00,2024-02-12
12579,2024-02-12 00:45:00,True,00:45:00,2024-02-12
12580,2024-02-12 01:00:00,True,01:00:00,2024-02-12
12581,2024-02-12 01:15:00,True,01:15:00,2024-02-12
12582,2024-02-12 01:30:00,True,01:30:00,2024-02-12
12583,2024-02-12 01:45:00,True,01:45:00,2024-02-12
12584,2024-02-12 02:00:00,True,02:00:00,2024-02-12
12585,2024-02-12 02:15:00,True,02:15:00,2024-02-12
12586,2024-02-12 02:30:00,True,02:30:00,2024-02-12
12587,2024-02-12 02:45:00,True,02:45:00,2024-02-12
12588,2024-02-12 03:00:00,True,03:00:00,2024-02-12
12589,2024-02-12 03:15:00,True,03:15:00,2024-02-12
12590,2024-02-12 03:30:00,True,03:30:00,2024-02-12
12591,2024-02-12 03:45:00,True,03:45:00,2024-02-12
12592,2024-02-12 04:00:00,True,04:00:00,2024-02-12
12593,2024-02-12 04:15:00,True,04:15:00,2024-02-12
12594,2024-02-12 04:30:00,True,04:30:00,2024-02-12
12595,2024-02-12 04:45:00,True,04:45:00,2024-02-12
12596,2024-02-12 05:00:00,True,05:00:00,2024-02-12
12597,2024-02-12 05:15:00,True,05:15:00,2024-02-12
12598,2024-02-12 05:30:00,True,05:30:00,2024-02-12
12599,2024-02-12 05:45:00,True,05:45:00,2024-02-12
12600,2024-02-12 06:00:00,True,06:00:00,2024-02-12
12601,2024-02-12 06:15:00,True,06:15:00,2024-02-12
12602,2024-02-12 06:30:00,True,06:30:00,2024-02-12
12603,2024-02-12 06:45:00,True,06:45:00,2024-02-12
12604,2024-02-12 07:00:00,True,07:00:00,2024-02-12
12605,2024-02-12 07:15:00,True,07:15:00,2024-02-12
12606,2024-02-12 07:30:00,True,07:30:00,2024-02-12
12607,2024-02-12 07:45:00,True,07:45:00,2024-02-12
12608,2024-02-12 08:00:00,True,08:00:00,2024-02-12
12609,2024-02-12 08:15:00,True,08:15:00,2024-02-12
12610,2024-02-12 08:30:00,True,08:30:00,2024-02-12
12611,2024-02-12 08:45:00,True,08:45:00,2024-02-12
12612,2024-02-12 09:00:00,True,09:00:00,2024-02-12
12613,2024-02-12 09:15:00,True,09:15:00,2024-02-12
12614,2024-02-12 09:30:00,True,09:30:00,2024-02-12
12615,2024-02-12 09:45:00,True,09:45:00,2024-02-12
12616,2024-02-12 10:00:00,True,10:00:00,2024-02-12
12617,2024-02-12 10:15:00,True,10:15:00,2024-02-12
12618,2024-02-12 10:30:00,True,10:30:00,2024-02-12
12619,2024-02-12 10:45:00,True,10:45:00,2024-02-12
12620,2024-02-12 11:00:00,True,11:00:00,2024-02-12
12621,2024-02-12 11:15:00,True,11:15:00,2024-02-12
12622,2024-02-12 11:30:00,True,11:30:00,2024-02-12
12623,2024-02-12 11:45:00,True,11:45:00,2024-02-12
12624,2024-02-12 12:00:00,True,12:00:00,2024-02-12
12625,2024-02-12 12:15:00,True,12:15:00,2024-02-12
12626,2024-02-12 12:30:00,True,12:30:00,2024-02-12
12627,2024-02-12 12:45:00,True,12:45:00,2024-02-12
12628,2024-02-12 13:00:00,True,13:00:00,2024-02-12
12629,2024-02-12 13:15:00,True,13:15:00,2024-02-12
12630,2024-02-12 13:30:00,True,13:30:00,2024-02-12
12631,2024-02-12 13:45:00,True,13:45:00,2024-02-12
12632,2024-02-12 14:00:00,True,14:00:00,2024-02-12
12633,2024-02-12 14:15:00,True,14:15:00,2024-02-12
12634,2024-02-12 14:30:00,True,14:30:00,2024-02-12
12635,2024-02-12 14:45:00,True,14:45:00,2024-02-12
12636,2024-02-12 15:00:00,True,15:00:00,2024-02-12
12637,2024-02-12 15:15:00,True,15:15:00,2024-02-12
12638,2024-02-12 15:30:00,True,15:30:00,2024-02-12
12639,2024-02-12 15:45:00,True,15:45:00,2024-02-12
12640,2024-02-12 16:00:00,True,16:00:00,2024-02-12
12641,2024-02-12 16:15:00,True,16:15:00,2024-02-12
12642,2024-02-12 16:30:00,True,16:30:00,2024-02-12
12643,2024-02-12 16:45:00,True,16:45:00,2024-02-12
12644,2024-02-12 17:00:00,True,17:00:00,2024-02-12
12645,2024-02-12 17:15:00,True,17:15:00,2024-02-12
12646,2024-02-12 17:30:00,True,17:30:00,2024-02-12
12647,2024-02-12 17:45:00,True,17:45:00,2024-02-12
12648,2024-02-12 18:00:00,True,18:00:00,2024-02-12
12649,2024-02-12 18:15:00,True,18:15:00,2024-02-12
12650,2024-02-12 18:30:00,True,18:30:00,2024-02-12
12651,2024-02-12 18:45:00,True,18:45:00,2024-02-12
12652,2024-02-12 19:00:00,True,19:00:00,2024-02-12
12653,2024-02-12 19:15:00,True,19:15:00,2024-02-12
12654,2024-02-12 19:30:00,True,19:30:00,2024-02-12
12655,2024-02-12 19:45:00,True,19:45:00,2024-02-12
12656,2024-02-12 20:00:00,True,20:00:00,2024-02-12
12657,2024-02-12 20:15:00,True,20:15:00,2024-02-12
12658,2024-02-12 20:30:00,True,20:30:00,2024-02-12
12659,2024-02-12 20:45:00,True,20:45:00,2024-02-12
12660,2024-02-12 21:00:00,True,21:00:00,2024-02-12
12661,2024-02-12 21:15:00,True,21:15:00,2024-02-12
12662,2024-02-12 21:30:00,True,21:30:00,2024-02-12
12663,2024-02-12 21:45:00,True,21:45:00,2024-02-12
12664,2024-02-12 22:00:00,True,22:00:00,2024-02-12
12665,2024-02-12 22:15:00,True,22:15:00,2024-02-12
12666,2024-02-12 22:30:00,True,22:30:00,2024-02-12
12667,2024-02-12 22:45:00,True,22:45:00,2024-02-12
12668,2024-02-12 23:00:00,True,23:00:00,2024-02-12
12669,2024-02-12 23:15:00,True,23:15:00,2024-02-12
12670,2024-02-12 23:30:00,True,23:30:00,2024-02-12
12671,2024-02-12 23:45:00,True,23:45:00,2024-02-12
12672,2024-02-13 00:00:00,True,00:00:00,2024-02-13
12673,2024-02-13 00:15:00,True,00:15:00,2024-02-13
12674,2024-02-13 00:30:00,True,00:30:00,2024-02-13
12675,2024-02-13 00:45:00,True,00:45:00,2024-02-13
12676,2024-02-13 01:00:00,True,01:00:00,2024-02-13
12677,2024-02-13 01:15:00,True,01:15:00,2024-02-13
12678,2024-02-13 01:30:00,True,01:30:00,2024-02-13
12679,2024-02-13 01:45:00,True,01:45:00,2024-02-13
12680,2024-02-13 02:00:00,True,02:00:00,2024-02-13
12681,2024-02-13 02:15:00,True,02:15:00,2024-02-13
12682,2024-02-13 02:30:00,True,02:30:00,2024-02-13
12683,2024-02-13 02:45:00,True,02:45:00,2024-02-13
12684,2024-02-13 03:00:00,True,03:00:00,2024-02-13
12685,2024-02-13 03:15:00,True,03:15:00,2024-02-13
12686,2024-02-13 03:30:00,True,03:30:00,2024-02-13
12687,2024-02-13 03:45:00,True,03:45:00,2024-02-13
12688,2024-02-13 04:00:00,True,04:00:00,2024-02-13
12689,2024-02-13 04:15:00,True,04:15:00,2024-02-13
12690,2024-02-13 04:30:00,True,04:30:00,2024-02-13
12691,2024-02-13 04:45:00,True,04:45:00,2024-02-13
12692,2024-02-13 05:00:00,True,05:00:00,2024-02-13
12693,2024-02-13 05:15:00,True,05:15:00,2024-02-13
12694,2024-02-13 05:30:00,True,05:30:00,2024-02-13
12695,2024-02-13 05:45:00,True,05:45:00,2024-02-13
12696,2024-02-13 06:00:00,True,06:00:00,2024-02-13
12697,2024-02-13 06:15:00,True,06:15:00,2024-02-13
12698,2024-02-13 06:30:00,True,06:30:00,2024-02-13
12699,2024-02-13 06:45:00,True,06:45:00,2024-02-13
12700,2024-02-13 07:00:00,True,07:00:00,2024-02-13
12701,2024-02-13 07:15:00,True,07:15:00,2024-02-13
12702,2024-02-13 07:30:00,True,07:30:00,2024-02-13
12703,2024-02-13 07:45:00,True,07:45:00,2024-02-13
12704,2024-02-13 08:00:00,True,08:00:00,2024-02-13
12705,2024-02-13 08:15:00,True,08:15:00,2024-02-13
12706,2024-02-13 08:30:00,True,08:30:00,2024-02-13
12707,2024-02-13 08:45:00,True,08:45:00,2024-02-13
12708,2024-02-13 09:00:00,True,09:00:00,2024-02-13
12709,2024-02-13 09:15:00,True,09:15:00,2024-02-13
12710,2024-02-13 09:30:00,True,09:30:00,2024-02-13
12711,2024-02-13 09:45:00,True,09:45:00,2024-02-13
12712,2024-02-13 10:00:00,True,10:00:00,2024-02-13
12713,2024-02-13 10:15:00,True,10:15:00,2024-02-13
12714,2024-02-13 10:30:00,True,10:30:00,2024-02-13
12715,2024-02-13 10:45:00,True,10:45:00,2024-02-13
12716,2024-02-13 11:00:00,True,11:00:00,2024-02-13
12717,2024-02-13 11:15:00,True,11:15:00,2024-02-13
12718,2024-02-13 11:30:00,True,11:30:00,2024-02-13
12719,2024-02-13 11:45:00,True,11:45:00,2024-02-13
12720,2024-02-13 12:00:00,True,12:00:00,2024-02-13
12721,2024-02-13 12:15:00,True,12:15:00,2024-02-13
12722,2024-02-13 12:30:00,True,12:30:00,2024-02-13
12723,2024-02-13 12:45:00,True,12:45:00,2024-02-13
12724,2024-02-13 13:00:00,True,13:00:00,2024-02-13
12725,2024-02-13 13:15:00,True,13:15:00,2024-02-13
12726,2024-02-13 13:30:00,True,13:30:00,2024-02-13
12727,2024-02-13 13:45:00,True,13:45:00,2024-02-13
12728,2024-02-13 14:00:00,True,14:00:00,2024-02-13
12729,2024-02-13 14:15:00,True,14:15:00,2024-02-13
12730,2024-02-13 14:30:00,True,14:30:00,2024-02-13
12731,2024-02-13 14:45:00,True,14:45:00,2024-02-13
12732,2024-02-13 15:00:00,True,15:00:00,2024-02-13
12733,2024-02-13 15:15:00,True,15:15:00,2024-02-13
12734,2024-02-13 15:30:00,True,15:30:00,2024-02-13
12735,2024-02-13 15:45:00,True,15:45:00,2024-02-13
12736,2024-02-13 16:00:00,True,16:00:00,2024-02-13
12737,2024-02-13 16:15:00,True,16:15:00,2024-02-13
12738,2024-02-13 16:30:00,True,16:30:00,2024-02-13
12739,2024-02-13 16:45:00,True,16:45:00,2024-02-13
12740,2024-02-13 17:00:00,True,17:00:00,2024-02-13
12741,2024-02-13 17:15:00,True,17:15:00,2024-02-13
12742,2024-02-13 17:30:00,True,17:30:00,2024-02-13
12743,2024-02-13 17:45:00,True,17:45:00,2024-02-13
12744,2024-02-13 18:00:00,True,18:00:00,2024-02-13
12745,2024-02-13 18:15:00,True,18:15:00,2024-02-13
12746,2024-02-13 18:30:00,True,18:30:00,2024-02-13
12747,2024-02-13 18:45:00,True,18:45:00,2024-02-13
12748,2024-02-13 19:00:00,True,19:00:00,2024-02-13
12749,2024-02-13 19:15:00,True,19:15:00,2024-02-13
12750,2024-02-13 19:30:00,True,19:30:00,2024-02-13
12751,2024-02-13 19:45:00,True,19:45:00,2024-02-13
12752,2024-02-13 20:00:00,True,20:00:00,2024-02-13
12753,2024-02-13 20:15:00,True,20:15:00,2024-02-13
12754,2024-02-13 20:30:00,True,20:30:00,2024-02-13
12755,2024-02-13 20:45:00,True,20:45:00,2024-02-13
12756,2024-02-13 21:00:00,True,21:00:00,2024-02-13
12757,2024-02-13 21:15:00,True,21:15:00,2024-02-13
12758,2024-02-13 21:30:00,True,21:30:00,2024-02-13
12759,2024-02-13 21:45:00,True,21:45:00,2024-02-13
12760,2024-02-13 22:00:00,True,22:00:00,2024-02-13
12761,2024-02-13 22:15:00,True,22:15:00,2024-02-13
12762,2024-02-13 22:30:00,True,22:30:00,2024-02-13
12763,2024-02-13 22:45:00,True,22:45:00,2024-02-13
12764,2024-02-13 23:00:00,True,23:00:00,2024-02-13
12765,2024-02-13 23:15:00,True,23:15:00,2024-02-13
12766,2024-02-13 23:30:00,True,23:30:00,2024-02-13
12767,2024-02-13 23:45:00,True,23:45:00,2024-02-13
12768,2024-02-14 00:00:00,True,00:00:00,2024-02-14
12769,2024-02-14 00:15:00,True,00:15:00,2024-02-14
12770,2024-02-14 00:30:00,True,00:30:00,2024-02-14
12771,2024-02-14 00:45:00,True,00:45:00,2024-02-14
12772,2024-02-14 01:00:00,True,01:00:00,2024-02-14
12773,2024-02-14 01:15:00,True,01:15:00,2024-02-14
12774,2024-02-14 01:30:00,True,01:30:00,2024-02-14
12775,2024-02-14 01:45:00,True,01:45:00,2024-02-14
12776,2024-02-14 02:00:00,True,02:00:00,2024-02-14
12777,2024-02-14 02:15:00,True,02:15:00,2024-02-14
12778,2024-02-14 02:30:00,True,02:30:00,2024-02-14
12779,2024-02-14 02:45:00,True,02:45:00,2024-02-14
12780,2024-02-14 03:00:00,True,03:00:00,2024-02-14
12781,2024-02-14 03:15:00,True,03:15:00,2024-02-14
12782,2024-02-14 03:30:00,True,03:30:00,2024-02-14
12783,2024-02-14 03:45:00,True,03:45:00,2024-02-14
12784,2024-02-14 04:00:00,True,04:00:00,2024-02-14
12785,2024-02-14 04:15:00,True,04:15:00,2024-02-14
12786,2024-02-14 04:30:00,True,04:30:00,2024-02-14
12787,2024-02-14 04:45:00,True,04:45:00,2024-02-14
12788,2024-02-14 05:00:00,True,05:00:00,2024-02-14
12789,2024-02-14 05:15:00,True,05:15:00,2024-02-14
12790,2024-02-14 05:30:00,True,05:30:00,2024-02-14
12791,2024-02-14 05:45:00,True,05:45:00,2024-02-14
12792,2024-02-14 06:00:00,True,06:00:00,2024-02-14
12793,2024-02-14 06:15:00,True,06:15:00,2024-02-14
12794,2024-02-14 06:30:00,True,06:30:00,2024-02-14
12795,2024-02-14 06:45:00,True,06:45:00,2024-02-14
12796,2024-02-14 07:00:00,True,07:00:00,2024-02-14
12797,2024-02-14 07:15:00,True,07:15:00,2024-02-14
12798,2024-02-14 07:30:00,True,07:30:00,2024-02-14
12799,2024-02-14 07:45:00,True,07:45:00,2024-02-14
12800,2024-02-14 08:00:00,True,08:00:00,2024-02-14
12801,2024-02-14 08:15:00,True,08:15:00,2024-02-14
12802,2024-02-14 08:30:00,True,08:30:00,2024-02-14
12803,2024-02-14 08:45:00,True,08:45:00,2024-02-14
12804,2024-02-14 09:00:00,True,09:00:00,2024-02-14
12805,2024-02-14 09:15:00,True,09:15:00,2024-02-14
12806,2024-02-14 09:30:00,True,09:30:00,2024-02-14
12807,2024-02-14 09:45:00,True,09:45:00,2024-02-14
12808,2024-02-14 10:00:00,True,10:00:00,2024-02-14
12809,2024-02-14 10:15:00,True,10:15:00,2024-02-14
12810,2024-02-14 10:30:00,True,10:30:00,2024-02-14
12811,2024-02-14 10:45:00,True,10:45:00,2024-02-14
12812,2024-02-14 11:00:00,True,11:00:00,2024-02-14
12813,2024-02-14 11:15:00,True,11:15:00,2024-02-14
12814,2024-02-14 11:30:00,True,11:30:00,2024-02-14
12815,2024-02-14 11:45:00,True,11:45:00,2024-02-14
12816,2024-02-14 12:00:00,True,12:00:00,2024-02-14
12817,2024-02-14 12:15:00,True,12:15:00,2024-02-14
12818,2024-02-14 12:30:00,True,12:30:00,2024-02-14
12819,2024-02-14 12:45:00,True,12:45:00,2024-02-14
12820,2024-02-14 13:00:00,True,13:00:00,2024-02-14
12821,2024-02-14 13:15:00,True,13:15:00,2024-02-14
12822,2024-02-14 13:30:00,True,13:30:00,2024-02-14
12823,2024-02-14 13:45:00,True,13:45:00,2024-02-14
12824,2024-02-14 14:00:00,True,14:00:00,2024-02-14
12825,2024-02-14 14:15:00,True,14:15:00,2024-02-14
12826,2024-02-14 14:30:00,True,14:30:00,2024-02-14
12827,2024-02-14 14:45:00,True,14:45:00,2024-02-14
12828,2024-02-14 15:00:00,True,15:00:00,2024-02-14
12829,2024-02-14 15:15:00,True,15:15:00,2024-02-14
12830,2024-02-14 15:30:00,True,15:30:00,2024-02-14
12831,2024-02-14 15:45:00,True,15:45:00,2024-02-14
12832,2024-02-14 16:00:00,True,16:00:00,2024-02-14
12833,2024-02-14 16:15:00,True,16:15:00,2024-02-14
12834,2024-02-14 16:30:00,True,16:30:00,2024-02-14
12835,2024-02-14 16:45:00,True,16:45:00,2024-02-14
12836,2024-02-14 17:00:00,True,17:00:00,2024-02-14
12837,2024-02-14 17:15:00,True,17:15:00,2024-02-14
12838,2024-02-14 17:30:00,True,17:30:00,2024-02-14
12839,2024-02-14 17:45:00,True,17:45:00,2024-02-14
12840,2024-02-14 18:00:00,True,18:00:00,2024-02-14
12841,2024-02-14 18:15:00,True,18:15:00,2024-02-14
12842,2024-02-14 18:30:00,True,18:30:00,2024-02-14
12843,2024-02-14 18:45:00,True,18:45:00,2024-02-14
12844,2024-02-14 19:00:00,True,19:00:00,2024-02-14
12845,2024-02-14 19:15:00,True,19:15:00,2024-02-14
12846,2024-02-14 19:30:00,True,19:30:00,2024-02-14
12847,2024-02-14 19:45:00,True,19:45:00,2024-02-14
12848,2024-02-14 20:00:00,True,20:00:00,2024-02-14
12849,2024-02-14 20:15:00,True,20:15:00,2024-02-14
12850,2024-02-14 20:30:00,True,20:30:00,2024-02-14
12851,2024-02-14 20:45:00,True,20:45:00,2024-02-14
12852,2024-02-14 21:00:00,True,21:00:00,2024-02-14
12853,2024-02-14 21:15:00,True,21:15:00,2024-02-14
12854,2024-02-14 21:30:00,True,21:30:00,2024-02-14
12855,2024-02-14 21:45:00,True,21:45:00,2024-02-14
12856,2024-02-14 22:00:00,True,22:00:00,2024-02-14
12857,2024-02-14 22:15:00,True,22:15:00,2024-02-14
12858,2024-02-14 22:30:00,True,22:30:00,2024-02-14
12859,2024-02-14 22:45:00,True,22:45:00,2024-02-14
12860,2024-02-14 23:00:00,True,23:00:00,2024-02-14
12861,2024-02-14 23:15:00,True,23:15:00,2024-02-14
12862,2024-02-14 23:30:00,True,23:30:00,2024-02-14
12863,2024-02-14 23:45:00,True,23:45:00,2024-02-14
12864,2024-02-15 00:00:00,True,00:00:00,2024-02-15
12865,2024-02-15 00:15:00,True,00:15:00,2024-02-15
12866,2024-02-15 00:30:00,True,00:30:00,2024-02-15
12867,2024-02-15 00:45:00,True,00:45:00,2024-02-15
12868,2024-02-15 01:00:00,True,01:00:00,2024-02-15
12869,2024-02-15 01:15:00,True,01:15:00,2024-02-15
12870,2024-02-15 01:30:00,True,01:30:00,2024-02-15
12871,2024-02-15 01:45:00,True,01:45:00,2024-02-15
12872,2024-02-15 02:00:00,True,02:00:00,2024-02-15
12873,2024-02-15 02:15:00,True,02:15:00,2024-02-15
12874,2024-02-15 02:30:00,True,02:30:00,2024-02-15
12875,2024-02-15 02:45:00,True,02:45:00,2024-02-15
12876,2024-02-15 03:00:00,True,03:00:00,2024-02-15
12877,2024-02-15 03:15:00,True,03:15:00,2024-02-15
12878,2024-02-15 03:30:00,True,03:30:00,2024-02-15
12879,2024-02-15 03:45:00,True,03:45:00,2024-02-15
12880,2024-02-15 04:00:00,True,04:00:00,2024-02-15
12881,2024-02-15 04:15:00,True,04:15:00,2024-02-15
12882,2024-02-15 04:30:00,True,04:30:00,2024-02-15
12883,2024-02-15 04:45:00,True,04:45:00,2024-02-15
12884,2024-02-15 05:00:00,True,05:00:00,2024-02-15
12885,2024-02-15 05:15:00,True,05:15:00,2024-02-15
12886,2024-02-15 05:30:00,True,05:30:00,2024-02-15
12887,2024-02-15 05:45:00,True,05:45:00,2024-02-15
12888,2024-02-15 06:00:00,True,06:00:00,2024-02-15
12889,2024-02-15 06:15:00,True,06:15:00,2024-02-15
12890,2024-02-15 06:30:00,True,06:30:00,2024-02-15
12891,2024-02-15 06:45:00,True,06:45:00,2024-02-15
12892,2024-02-15 07:00:00,True,07:00:00,2024-02-15
12893,2024-02-15 07:15:00,True,07:15:00,2024-02-15
12894,2024-02-15 07:30:00,True,07:30:00,2024-02-15
12895,2024-02-15 07:45:00,True,07:45:00,2024-02-15
12896,2024-02-15 08:00:00,True,08:00:00,2024-02-15
12897,2024-02-15 08:15:00,True,08:15:00,2024-02-15
12898,2024-02-15 08:30:00,True,08:30:00,2024-02-15
12899,2024-02-15 08:45:00,True,08:45:00,2024-02-15
12900,2024-02-15 09:00:00,True,09:00:00,2024-02-15
12901,2024-02-15 09:15:00,True,09:15:00,2024-02-15
12902,2024-02-15 09:30:00,True,09:30:00,2024-02-15
12903,2024-02-15 09:45:00,True,09:45:00,2024-02-15
12904,2024-02-15 10:00:00,True,10:00:00,2024-02-15
12905,2024-02-15 10:15:00,True,10:15:00,2024-02-15
12906,2024-02-15 10:30:00,True,10:30:00,2024-02-15
12907,2024-02-15 10:45:00,True,10:45:00,2024-02-15
12908,2024-02-15 11:00:00,True,11:00:00,2024-02-15
12909,2024-02-15 11:15:00,True,11:15:00,2024-02-15
12910,2024-02-15 11:30:00,True,11:30:00,2024-02-15
12911,2024-02-15 11:45:00,True,11:45:00,2024-02-15
12912,2024-02-15 12:00:00,True,12:00:00,2024-02-15
12913,2024-02-15 12:15:00,True,12:15:00,2024-02-15
12914,2024-02-15 12:30:00,True,12:30:00,2024-02-15
12915,2024-02-15 12:45:00,True,12:45:00,2024-02-15
12916,2024-02-15 13:00:00,True,13:00:00,2024-02-15
12917,2024-02-15 13:15:00,True,13:15:00,2024-02-15
12918,2024-02-15 13:30:00,True,13:30:00,2024-02-15
12919,2024-02-15 13:45:00,True,13:45:00,2024-02-15
12920,2024-02-15 14:00:00,True,14:00:00,2024-02-15
12921,2024-02-15 14:15:00,True,14:15:00,2024-02-15
12922,2024-02-15 14:30:00,True,14:30:00,2024-02-15
12923,2024-02-15 14:45:00,True,14:45:00,2024-02-15
12924,2024-02-15 15:00:00,True,15:00:00,2024-02-15
12925,2024-02-15 15:15:00,True,15:15:00,2024-02-15
12926,2024-02-15 15:30:00,True,15:30:00,2024-02-15
12927,2024-02-15 15:45:00,True,15:45:00,2024-02-15
12928,2024-02-15 16:00:00,True,16:00:00,2024-02-15
12929,2024-02-15 16:15:00,True,16:15:00,2024-02-15
12930,2024-02-15 16:30:00,True,16:30:00,2024-02-15
12931,2024-02-15 16:45:00,True,16:45:00,2024-02-15
12932,2024-02-15 17:00:00,True,17:00:00,2024-02-15
12933,2024-02-15 17:15:00,True,17:15:00,2024-02-15
12934,2024-02-15 17:30:00,True,17:30:00,2024-02-15
12935,2024-02-15 17:45:00,True,17:45:00,2024-02-15
12936,2024-02-15 18:00:00,True,18:00:00,2024-02-15
12937,2024-02-15 18:15:00,True,18:15:00,2024-02-15
12938,2024-02-15 18:30:00,True,18:30:00,2024-02-15
12939,2024-02-15 18:45:00,True,18:45:00,2024-02-15
12940,2024-02-15 19:00:00,True,19:00:00,2024-02-15
12941,2024-02-15 19:15:00,True,19:15:00,2024-02-15
12942,2024-02-15 19:30:00,True,19:30:00,2024-02-15
12943,2024-02-15 19:45:00,True,19:45:00,2024-02-15
12944,2024-02-15 20:00:00,True,20:00:00,2024-02-15
12945,2024-02-15 20:15:00,True,20:15:00,2024-02-15
12946,2024-02-15 20:30:00,True,20:30:00,2024-02-15
12947,2024-02-15 20:45:00,True,20:45:00,2024-02-15
12948,2024-02-15 21:00:00,True,21:00:00,2024-02-15
12949,2024-02-15 21:15:00,True,21:15:00,2024-02-15
12950,2024-02-15 21:30:00,True,21:30:00,2024-02-15
12951,2024-02-15 21:45:00,True,21:45:00,2024-02-15
12952,2024-02-15 22:00:00,True,22:00:00,2024-02-15
12953,2024-02-15 22:15:00,True,22:15:00,2024-02-15
12954,2024-02-15 22:30:00,True,22:30:00,2024-02-15
12955,2024-02-15 22:45:00,True,22:45:00,2024-02-15
12956,2024-02-15 23:00:00,True,23:00:00,2024-02-15
12957,2024-02-15 23:15:00,True,23:15:00,2024-02-15
12958,2024-02-15 23:30:00,True,23:30:00,2024-02-15
12959,2024-02-15 23:45:00,True,23:45:00,2024-02-15
12960,2024-02-16 00:00:00,True,00:00:00,2024-02-16
12961,2024-02-16 00:15:00,True,00:15:00,2024-02-16
12962,2024-02-16 00:30:00,True,00:30:00,2024-02-16
12963,2024-02-16 00:45:00,True,00:45:00,2024-02-16
12964,2024-02-16 01:00:00,True,01:00:00,2024-02-16
12965,2024-02-16 01:15:00,True,01:15:00,2024-02-16
12966,2024-02-16 01:30:00,True,01:30:00,2024-02-16
12967,2024-02-16 01:45:00,True,01:45:00,2024-02-16
12968,2024-02-16 02:00:00,True,02:00:00,2024-02-16
12969,2024-02-16 02:15:00,True,02:15:00,2024-02-16
12970,2024-02-16 02:30:00,True,02:30:00,2024-02-16
12971,2024-02-16 02:45:00,True,02:45:00,2024-02-16
12972,2024-02-16 03:00:00,True,03:00:00,2024-02-16
12973,2024-02-16 03:15:00,True,03:15:00,2024-02-16
12974,2024-02-16 03:30:00,True,03:30:00,2024-02-16
12975,2024-02-16 03:45:00,True,03:45:00,2024-02-16
12976,2024-02-16 04:00:00,True,04:00:00,2024-02-16
12977,2024-02-16 04:15:00,True,04:15:00,2024-02-16
12978,2024-02-16 04:30:00,True,04:30:00,2024-02-16
12979,2024-02-16 04:45:00,True,04:45:00,2024-02-16
12980,2024-02-16 05:00:00,True,05:00:00,2024-02-16
12981,2024-02-16 05:15:00,True,05:15:00,2024-02-16
12982,2024-02-16 05:30:00,True,05:30:00,2024-02-16
12983,2024-02-16 05:45:00,True,05:45:00,2024-02-16
12984,2024-02-16 06:00:00,True,06:00:00,2024-02-16
12985,2024-02-16 06:15:00,True,06:15:00,2024-02-16
12986,2024-02-16 06:30:00,True,06:30:00,2024-02-16
12987,2024-02-16 06:45:00,True,06:45:00,2024-02-16
12988,2024-02-16 07:00:00,True,07:00:00,2024-02-16
12989,2024-02-16 07:15:00,True,07:15:00,2024-02-16
12990,2024-02-16 07:30:00,True,07:30:00,2024-02-16
12991,2024-02-16 07:45:00,True,07:45:00,2024-02-16
12992,2024-02-16 08:00:00,True,08:00:00,2024-02-16
12993,2024-02-16 08:15:00,True,08:15:00,2024-02-16
12994,2024-02-16 08:30:00,True,08:30:00,2024-02-16
12995,2024-02-16 08:45:00,True,08:45:00,2024-02-16
12996,2024-02-16 09:00:00,True,09:00:00,2024-02-16
12997,2024-02-16 09:15:00,True,09:15:00,2024-02-16
12998,2024-02-16 09:30:00,True,09:30:00,2024-02-16
12999,2024-02-16 09:45:00,True,09:45:00,2024-02-16
13000,2024-02-16 10:00:00,True,10:00:00,2024-02-16
13001,2024-02-16 10:15:00,True,10:15:00,2024-02-16
13002,2024-02-16 10:30:00,True,10:30:00,2024-02-16
13003,2024-02-16 10:45:00,True,10:45:00,2024-02-16
13004,2024-02-16 11:00:00,True,11:00:00,2024-02-16
13005,2024-02-16 11:15:00,True,11:15:00,2024-02-16
13006,2024-02-16 11:30:00,True,11:30:00,2024-02-16
13007,2024-02-16 11:45:00,True,11:45:00,2024-02-16
13008,2024-02-16 12:00:00,True,12:00:00,2024-02-16
13009,2024-02-16 12:15:00,True,12:15:00,2024-02-16
13010,2024-02-16 12:30:00,True,12:30:00,2024-02-16
13011,2024-02-16 12:45:00,True,12:45:00,2024-02-16
13012,2024-02-16 13:00:00,True,13:00:00,2024-02-16
13013,2024-02-16 13:15:00,True,13:15:00,2024-02-16
13014,2024-02-16 13:30:00,True,13:30:00,2024-02-16
13015,2024-02-16 13:45:00,True,13:45:00,2024-02-16
13016,2024-02-16 14:00:00,True,14:00:00,2024-02-16
13017,2024-02-16 14:15:00,True,14:15:00,2024-02-16
13018,2024-02-16 14:30:00,True,14:30:00,2024-02-16
13019,2024-02-16 14:45:00,True,14:45:00,2024-02-16
13020,2024-02-16 15:00:00,True,15:00:00,2024-02-16
13021,2024-02-16 15:15:00,True,15:15:00,2024-02-16
13022,2024-02-16 15:30:00,True,15:30:00,2024-02-16
13023,2024-02-16 15:45:00,True,15:45:00,2024-02-16
13024,2024-02-16 16:00:00,True,16:00:00,2024-02-16
13025,2024-02-16 16:15:00,True,16:15:00,2024-02-16
13026,2024-02-16 16:30:00,True,16:30:00,2024-02-16
13027,2024-02-16 16:45:00,True,16:45:00,2024-02-16
13028,2024-02-16 17:00:00,True,17:00:00,2024-02-16
13029,2024-02-16 17:15:00,True,17:15:00,2024-02-16
13030,2024-02-16 17:30:00,True,17:30:00,2024-02-16
13031,2024-02-16 17:45:00,True,17:45:00,2024-02-16
13032,2024-02-16 18:00:00,True,18:00:00,2024-02-16
13033,2024-02-16 18:15:00,True,18:15:00,2024-02-16
13034,2024-02-16 18:30:00,True,18:30:00,2024-02-16
13035,2024-02-16 18:45:00,True,18:45:00,2024-02-16
13036,2024-02-16 19:00:00,True,19:00:00,2024-02-16
13037,2024-02-16 19:15:00,True,19:15:00,2024-02-16
13038,2024-02-16 19:30:00,True,19:30:00,2024-02-16
13039,2024-02-16 19:45:00,True,19:45:00,2024-02-16
13040,2024-02-16 20:00:00,True,20:00:00,2024-02-16
13041,2024-02-16 20:15:00,True,20:15:00,2024-02-16
13042,2024-02-16 20:30:00,True,20:30:00,2024-02-16
13043,2024-02-16 20:45:00,True,20:45:00,2024-02-16
13044,2024-02-16 21:00:00,True,21:00:00,2024-02-16
13045,2024-02-16 21:15:00,True,21:15:00,2024-02-16
13046,2024-02-16 21:30:00,True,21:30:00,2024-02-16
13047,2024-02-16 21:45:00,True,21:45:00,2024-02-16
13048,2024-02-16 22:00:00,True,22:00:00,2024-02-16
13049,2024-02-16 22:15:00,True,22:15:00,2024-02-16
13050,2024-02-16 22:30:00,True,22:30:00,2024-02-16
13051,2024-02-16 22:45:00,True,22:45:00,2024-02-16
13052,2024-02-16 23:00:00,True,23:00:00,2024-02-16
13053,2024-02-16 23:15:00,True,23:15:00,2024-02-16
13054,2024-02-16 23:30:00,True,23:30:00,2024-02-16
13055,2024-02-16 23:45:00,True,23:45:00,2024-02-16
13056,2024-02-17 00:00:00,True,00:00:00,2024-02-17
13057,2024-02-17 00:15:00,True,00:15:00,2024-02-17
13058,2024-02-17 00:30:00,True,00:30:00,2024-02-17
13059,2024-02-17 00:45:00,True,00:45:00,2024-02-17
13060,2024-02-17 01:00:00,True,01:00:00,2024-02-17
13061,2024-02-17 01:15:00,True,01:15:00,2024-02-17
13062,2024-02-17 01:30:00,True,01:30:00,2024-02-17
13063,2024-02-17 01:45:00,True,01:45:00,2024-02-17
13064,2024-02-17 02:00:00,True,02:00:00,2024-02-17
13065,2024-02-17 02:15:00,True,02:15:00,2024-02-17
13066,2024-02-17 02:30:00,True,02:30:00,2024-02-17
13067,2024-02-17 02:45:00,True,02:45:00,2024-02-17
13068,2024-02-17 03:00:00,True,03:00:00,2024-02-17
13069,2024-02-17 03:15:00,True,03:15:00,2024-02-17
13070,2024-02-17 03:30:00,True,03:30:00,2024-02-17
13071,2024-02-17 03:45:00,True,03:45:00,2024-02-17
13072,2024-02-17 04:00:00,True,04:00:00,2024-02-17
13073,2024-02-17 04:15:00,True,04:15:00,2024-02-17
13074,2024-02-17 04:30:00,True,04:30:00,2024-02-17
13075,2024-02-17 04:45:00,True,04:45:00,2024-02-17
13076,2024-02-17 05:00:00,True,05:00:00,2024-02-17
13077,2024-02-17 05:15:00,True,05:15:00,2024-02-17
13078,2024-02-17 05:30:00,True,05:30:00,2024-02-17
13079,2024-02-17 05:45:00,True,05:45:00,2024-02-17
13080,2024-02-17 06:00:00,True,06:00:00,2024-02-17
13081,2024-02-17 06:15:00,True,06:15:00,2024-02-17
13082,2024-02-17 06:30:00,True,06:30:00,2024-02-17
13083,2024-02-17 06:45:00,True,06:45:00,2024-02-17
13084,2024-02-17 07:00:00,True,07:00:00,2024-02-17
13085,2024-02-17 07:15:00,True,07:15:00,2024-02-17
13086,2024-02-17 07:30:00,True,07:30:00,2024-02-17
13087,2024-02-17 07:45:00,True,07:45:00,2024-02-17
13088,2024-02-17 08:00:00,True,08:00:00,2024-02-17
13089,2024-02-17 08:15:00,True,08:15:00,2024-02-17
13090,2024-02-17 08:30:00,True,08:30:00,2024-02-17
13091,2024-02-17 08:45:00,True,08:45:00,2024-02-17
13092,2024-02-17 09:00:00,True,09:00:00,2024-02-17
13093,2024-02-17 09:15:00,True,09:15:00,2024-02-17
13094,2024-02-17 09:30:00,True,09:30:00,2024-02-17
13095,2024-02-17 09:45:00,True,09:45:00,2024-02-17
13096,2024-02-17 10:00:00,True,10:00:00,2024-02-17
13097,2024-02-17 10:15:00,True,10:15:00,2024-02-17
13098,2024-02-17 10:30:00,True,10:30:00,2024-02-17
13099,2024-02-17 10:45:00,True,10:45:00,2024-02-17
13100,2024-02-17 11:00:00,True,11:00:00,2024-02-17
13101,2024-02-17 11:15:00,True,11:15:00,2024-02-17
13102,2024-02-17 11:30:00,True,11:30:00,2024-02-17
13103,2024-02-17 11:45:00,True,11:45:00,2024-02-17
13104,2024-02-17 12:00:00,True,12:00:00,2024-02-17
13105,2024-02-17 12:15:00,True,12:15:00,2024-02-17
13106,2024-02-17 12:30:00,True,12:30:00,2024-02-17
13107,2024-02-17 12:45:00,True,12:45:00,2024-02-17
13108,2024-02-17 13:00:00,True,13:00:00,2024-02-17
13109,2024-02-17 13:15:00,True,13:15:00,2024-02-17
13110,2024-02-17 13:30:00,True,13:30:00,2024-02-17
13111,2024-02-17 13:45:00,True,13:45:00,2024-02-17
13112,2024-02-17 14:00:00,True,14:00:00,2024-02-17
13113,2024-02-17 14:15:00,True,14:15:00,2024-02-17
13114,2024-02-17 14:30:00,True,14:30:00,2024-02-17
13115,2024-02-17 14:45:00,True,14:45:00,2024-02-17
13116,2024-02-17 15:00:00,True,15:00:00,2024-02-17
13117,2024-02-17 15:15:00,True,15:15:00,2024-02-17
13118,2024-02-17 15:30:00,True,15:30:00,2024-02-17
13119,2024-02-17 15:45:00,True,15:45:00,2024-02-17
13120,2024-02-17 16:00:00,True,16:00:00,2024-02-17
13121,2024-02-17 16:15:00,True,16:15:00,2024-02-17
13122,2024-02-17 16:30:00,True,16:30:00,2024-02-17
13123,2024-02-17 16:45:00,True,16:45:00,2024-02-17
13124,2024-02-17 17:00:00,True,17:00:00,2024-02-17
13125,2024-02-17 17:15:00,True,17:15:00,2024-02-17
13126,2024-02-17 17:30:00,True,17:30:00,2024-02-17
13127,2024-02-17 17:45:00,True,17:45:00,2024-02-17
13128,2024-02-17 18:00:00,True,18:00:00,2024-02-17
13129,2024-02-17 18:15:00,True,18:15:00,2024-02-17
13130,2024-02-17 18:30:00,True,18:30:00,2024-02-17
13131,2024-02-17 18:45:00,True,18:45:00,2024-02-17
13132,2024-02-17 19:00:00,True,19:00:00,2024-02-17
13133,2024-02-17 19:15:00,True,19:15:00,2024-02-17
13134,2024-02-17 19:30:00,True,19:30:00,2024-02-17
13135,2024-02-17 19:45:00,True,19:45:00,2024-02-17
13136,2024-02-17 20:00:00,True,20:00:00,2024-02-17
13137,2024-02-17 20:15:00,True,20:15:00,2024-02-17
13138,2024-02-17 20:30:00,True,20:30:00,2024-02-17
13139,2024-02-17 20:45:00,True,20:45:00,2024-02-17
13140,2024-02-17 21:00:00,True,21:00:00,2024-02-17
13141,2024-02-17 21:15:00,True,21:15:00,2024-02-17
13142,2024-02-17 21:30:00,True,21:30:00,2024-02-17
13143,2024-02-17 21:45:00,True,21:45:00,2024-02-17
13144,2024-02-17 22:00:00,True,22:00:00,2024-02-17
13145,2024-02-17 22:15:00,True,22:15:00,2024-02-17
13146,2024-02-17 22:30:00,True,22:30:00,2024-02-17
13147,2024-02-17 22:45:00,True,22:45:00,2024-02-17
13148,2024-02-17 23:00:00,True,23:00:00,2024-02-17
13149,2024-02-17 23:15:00,True,23:15:00,2024-02-17
13150,2024-02-17 23:30:00,True,23:30:00,2024-02-17
13151,2024-02-17 23:45:00,True,23:45:00,2024-02-17
13152,2024-02-18 00:00:00,True,00:00:00,2024-02-18
13153,2024-02-18 00:15:00,True,00:15:00,2024-02-18
13154,2024-02-18 00:30:00,True,00:30:00,2024-02-18
13155,2024-02-18 00:45:00,True,00:45:00,2024-02-18
13156,2024-02-18 01:00:00,True,01:00:00,2024-02-18
13157,2024-02-18 01:15:00,True,01:15:00,2024-02-18
13158,2024-02-18 01:30:00,True,01:30:00,2024-02-18
13159,2024-02-18 01:45:00,True,01:45:00,2024-02-18
13160,2024-02-18 02:00:00,True,02:00:00,2024-02-18
13161,2024-02-18 02:15:00,True,02:15:00,2024-02-18
13162,2024-02-18 02:30:00,True,02:30:00,2024-02-18
13163,2024-02-18 02:45:00,True,02:45:00,2024-02-18
13164,2024-02-18 03:00:00,True,03:00:00,2024-02-18
13165,2024-02-18 03:15:00,True,03:15:00,2024-02-18
13166,2024-02-18 03:30:00,True,03:30:00,2024-02-18
13167,2024-02-18 03:45:00,True,03:45:00,2024-02-18
13168,2024-02-18 04:00:00,True,04:00:00,2024-02-18
13169,2024-02-18 04:15:00,True,04:15:00,2024-02-18
13170,2024-02-18 04:30:00,True,04:30:00,2024-02-18
13171,2024-02-18 04:45:00,True,04:45:00,2024-02-18
13172,2024-02-18 05:00:00,True,05:00:00,2024-02-18
13173,2024-02-18 05:15:00,True,05:15:00,2024-02-18
13174,2024-02-18 05:30:00,True,05:30:00,2024-02-18
13175,2024-02-18 05:45:00,True,05:45:00,2024-02-18
13176,2024-02-18 06:00:00,True,06:00:00,2024-02-18
13177,2024-02-18 06:15:00,True,06:15:00,2024-02-18
13178,2024-02-18 06:30:00,True,06:30:00,2024-02-18
13179,2024-02-18 06:45:00,True,06:45:00,2024-02-18
13180,2024-02-18 07:00:00,True,07:00:00,2024-02-18
13181,2024-02-18 07:15:00,True,07:15:00,2024-02-18
13182,2024-02-18 07:30:00,True,07:30:00,2024-02-18
13183,2024-02-18 07:45:00,True,07:45:00,2024-02-18
13184,2024-02-18 08:00:00,True,08:00:00,2024-02-18
13185,2024-02-18 08:15:00,True,08:15:00,2024-02-18
13186,2024-02-18 08:30:00,True,08:30:00,2024-02-18
13187,2024-02-18 08:45:00,True,08:45:00,2024-02-18
13188,2024-02-18 09:00:00,True,09:00:00,2024-02-18
13189,2024-02-18 09:15:00,True,09:15:00,2024-02-18
13190,2024-02-18 09:30:00,True,09:30:00,2024-02-18
13191,2024-02-18 09:45:00,True,09:45:00,2024-02-18
13192,2024-02-18 10:00:00,True,10:00:00,2024-02-18
13193,2024-02-18 10:15:00,True,10:15:00,2024-02-18
13194,2024-02-18 10:30:00,True,10:30:00,2024-02-18
13195,2024-02-18 10:45:00,True,10:45:00,2024-02-18
13196,2024-02-18 11:00:00,True,11:00:00,2024-02-18
13197,2024-02-18 11:15:00,True,11:15:00,2024-02-18
13198,2024-02-18 11:30:00,True,11:30:00,2024-02-18
13199,2024-02-18 11:45:00,True,11:45:00,2024-02-18
13200,2024-02-18 12:00:00,True,12:00:00,2024-02-18
13201,2024-02-18 12:15:00,True,12:15:00,2024-02-18
13202,2024-02-18 12:30:00,True,12:30:00,2024-02-18
13203,2024-02-18 12:45:00,True,12:45:00,2024-02-18
13204,2024-02-18 13:00:00,True,13:00:00,2024-02-18
13205,2024-02-18 13:15:00,True,13:15:00,2024-02-18
13206,2024-02-18 13:30:00,True,13:30:00,2024-02-18
13207,2024-02-18 13:45:00,True,13:45:00,2024-02-18
13208,2024-02-18 14:00:00,True,14:00:00,2024-02-18
13209,2024-02-18 14:15:00,True,14:15:00,2024-02-18
13210,2024-02-18 14:30:00,True,14:30:00,2024-02-18
13211,2024-02-18 14:45:00,True,14:45:00,2024-02-18
13212,2024-02-18 15:00:00,True,15:00:00,2024-02-18
13213,2024-02-18 15:15:00,True,15:15:00,2024-02-18
13214,2024-02-18 15:30:00,True,15:30:00,2024-02-18
13215,2024-02-18 15:45:00,True,15:45:00,2024-02-18
13216,2024-02-18 16:00:00,True,16:00:00,2024-02-18
13217,2024-02-18 16:15:00,True,16:15:00,2024-02-18
13218,2024-02-18 16:30:00,True,16:30:00,2024-02-18
13219,2024-02-18 16:45:00,True,16:45:00,2024-02-18
13220,2024-02-18 17:00:00,True,17:00:00,2024-02-18
13221,2024-02-18 17:15:00,True,17:15:00,2024-02-18
13222,2024-02-18 17:30:00,True,17:30:00,2024-02-18
13223,2024-02-18 17:45:00,True,17:45:00,2024-02-18
13224,2024-02-18 18:00:00,True,18:00:00,2024-02-18
13225,2024-02-18 18:15:00,True,18:15:00,2024-02-18
13226,2024-02-18 18:30:00,True,18:30:00,2024-02-18
13227,2024-02-18 18:45:00,True,18:45:00,2024-02-18
13228,2024-02-18 19:00:00,True,19:00:00,2024-02-18
13229,2024-02-18 19:15:00,True,19:15:00,2024-02-18
13230,2024-02-18 19:30:00,True,19:30:00,2024-02-18
13231,2024-02-18 19:45:00,True,19:45:00,2024-02-18
13232,2024-02-18 20:00:00,True,20:00:00,2024-02-18
13233,2024-02-18 20:15:00,True,20:15:00,2024-02-18
13234,2024-02-18 20:30:00,True,20:30:00,2024-02-18
13235,2024-02-18 20:45:00,True,20:45:00,2024-02-18
13236,2024-02-18 21:00:00,True,21:00:00,2024-02-18
13237,2024-02-18 21:15:00,True,21:15:00,2024-02-18
13238,2024-02-18 21:30:00,True,21:30:00,2024-02-18
13239,2024-02-18 21:45:00,True,21:45:00,2024-02-18
13240,2024-02-18 22:00:00,True,22:00:00,2024-02-18
13241,2024-02-18 22:15:00,True,22:15:00,2024-02-18
13242,2024-02-18 22:30:00,True,22:30:00,2024-02-18
13243,2024-02-18 22:45:00,True,22:45:00,2024-02-18
13244,2024-02-18 23:00:00,True,23:00:00,2024-02-18
13245,2024-02-18 23:15:00,True,23:15:00,2024-02-18
13246,2024-02-18 23:30:00,True,23:30:00,2024-02-18
13247,2024-02-18 23:45:00,True,23:45:00,2024-02-18
13248,2024-02-19 00:00:00,True,00:00:00,2024-02-19
13249,2024-02-19 00:15:00,True,00:15:00,2024-02-19
13250,2024-02-19 00:30:00,True,00:30:00,2024-02-19
13251,2024-02-19 00:45:00,True,00:45:00,2024-02-19
13252,2024-02-19 01:00:00,True,01:00:00,2024-02-19
13253,2024-02-19 01:15:00,True,01:15:00,2024-02-19
13254,2024-02-19 01:30:00,True,01:30:00,2024-02-19
13255,2024-02-19 01:45:00,True,01:45:00,2024-02-19
13256,2024-02-19 02:00:00,True,02:00:00,2024-02-19
13257,2024-02-19 02:15:00,True,02:15:00,2024-02-19
13258,2024-02-19 02:30:00,True,02:30:00,2024-02-19
13259,2024-02-19 02:45:00,True,02:45:00,2024-02-19
13260,2024-02-19 03:00:00,True,03:00:00,2024-02-19
13261,2024-02-19 03:15:00,True,03:15:00,2024-02-19
13262,2024-02-19 03:30:00,True,03:30:00,2024-02-19
13263,2024-02-19 03:45:00,True,03:45:00,2024-02-19
13264,2024-02-19 04:00:00,True,04:00:00,2024-02-19
13265,2024-02-19 04:15:00,True,04:15:00,2024-02-19
13266,2024-02-19 04:30:00,True,04:30:00,2024-02-19
13267,2024-02-19 04:45:00,True,04:45:00,2024-02-19
13268,2024-02-19 05:00:00,True,05:00:00,2024-02-19
13269,2024-02-19 05:15:00,True,05:15:00,2024-02-19
13270,2024-02-19 05:30:00,True,05:30:00,2024-02-19
13271,2024-02-19 05:45:00,True,05:45:00,2024-02-19
13272,2024-02-19 06:00:00,True,06:00:00,2024-02-19
13273,2024-02-19 06:15:00,True,06:15:00,2024-02-19
13274,2024-02-19 06:30:00,True,06:30:00,2024-02-19
13275,2024-02-19 06:45:00,True,06:45:00,2024-02-19
13276,2024-02-19 07:00:00,True,07:00:00,2024-02-19
13277,2024-02-19 07:15:00,True,07:15:00,2024-02-19
13278,2024-02-19 07:30:00,True,07:30:00,2024-02-19
13279,2024-02-19 07:45:00,True,07:45:00,2024-02-19
13280,2024-02-19 08:00:00,True,08:00:00,2024-02-19
13281,2024-02-19 08:15:00,True,08:15:00,2024-02-19
13282,2024-02-19 08:30:00,True,08:30:00,2024-02-19
13283,2024-02-19 08:45:00,True,08:45:00,2024-02-19
13284,2024-02-19 09:00:00,True,09:00:00,2024-02-19
13285,2024-02-19 09:15:00,True,09:15:00,2024-02-19
13286,2024-02-19 09:30:00,True,09:30:00,2024-02-19
13287,2024-02-19 09:45:00,True,09:45:00,2024-02-19
13288,2024-02-19 10:00:00,True,10:00:00,2024-02-19
13289,2024-02-19 10:15:00,True,10:15:00,2024-02-19
13290,2024-02-19 10:30:00,True,10:30:00,2024-02-19
13291,2024-02-19 10:45:00,True,10:45:00,2024-02-19
13292,2024-02-19 11:00:00,True,11:00:00,2024-02-19
13293,2024-02-19 11:15:00,True,11:15:00,2024-02-19
13294,2024-02-19 11:30:00,True,11:30:00,2024-02-19
13295,2024-02-19 11:45:00,True,11:45:00,2024-02-19
13296,2024-02-19 12:00:00,True,12:00:00,2024-02-19
13297,2024-02-19 12:15:00,True,12:15:00,2024-02-19
13298,2024-02-19 12:30:00,True,12:30:00,2024-02-19
13299,2024-02-19 12:45:00,True,12:45:00,2024-02-19
13300,2024-02-19 13:00:00,True,13:00:00,2024-02-19
13301,2024-02-19 13:15:00,True,13:15:00,2024-02-19
13302,2024-02-19 13:30:00,True,13:30:00,2024-02-19
13303,2024-02-19 13:45:00,True,13:45:00,2024-02-19
13304,2024-02-19 14:00:00,True,14:00:00,2024-02-19
13305,2024-02-19 14:15:00,True,14:15:00,2024-02-19
13306,2024-02-19 14:30:00,True,14:30:00,2024-02-19
13307,2024-02-19 14:45:00,True,14:45:00,2024-02-19
13308,2024-02-19 15:00:00,True,15:00:00,2024-02-19
13309,2024-02-19 15:15:00,True,15:15:00,2024-02-19
13310,2024-02-19 15:30:00,True,15:30:00,2024-02-19
13311,2024-02-19 15:45:00,True,15:45:00,2024-02-19
13312,2024-02-19 16:00:00,True,16:00:00,2024-02-19
13313,2024-02-19 16:15:00,True,16:15:00,2024-02-19
13314,2024-02-19 16:30:00,True,16:30:00,2024-02-19
13315,2024-02-19 16:45:00,True,16:45:00,2024-02-19
13316,2024-02-19 17:00:00,True,17:00:00,2024-02-19
13317,2024-02-19 17:15:00,True,17:15:00,2024-02-19
13318,2024-02-19 17:30:00,True,17:30:00,2024-02-19
13319,2024-02-19 17:45:00,True,17:45:00,2024-02-19
13320,2024-02-19 18:00:00,True,18:00:00,2024-02-19
13321,2024-02-19 18:15:00,True,18:15:00,2024-02-19
13322,2024-02-19 18:30:00,True,18:30:00,2024-02-19
13323,2024-02-19 18:45:00,True,18:45:00,2024-02-19
13324,2024-02-19 19:00:00,True,19:00:00,2024-02-19
13325,2024-02-19 19:15:00,True,19:15:00,2024-02-19
13326,2024-02-19 19:30:00,True,19:30:00,2024-02-19
13327,2024-02-19 19:45:00,True,19:45:00,2024-02-19
13328,2024-02-19 20:00:00,True,20:00:00,2024-02-19
13329,2024-02-19 20:15:00,True,20:15:00,2024-02-19
13330,2024-02-19 20:30:00,True,20:30:00,2024-02-19
13331,2024-02-19 20:45:00,True,20:45:00,2024-02-19
13332,2024-02-19 21:00:00,True,21:00:00,2024-02-19
13333,2024-02-19 21:15:00,True,21:15:00,2024-02-19
13334,2024-02-19 21:30:00,True,21:30:00,2024-02-19
13335,2024-02-19 21:45:00,True,21:45:00,2024-02-19
13336,2024-02-19 22:00:00,True,22:00:00,2024-02-19
13337,2024-02-19 22:15:00,True,22:15:00,2024-02-19
13338,2024-02-19 22:30:00,True,22:30:00,2024-02-19
13339,2024-02-19 22:45:00,True,22:45:00,2024-02-19
13340,2024-02-19 23:00:00,True,23:00:00,2024-02-19
13341,2024-02-19 23:15:00,True,23:15:00,2024-02-19
13342,2024-02-19 23:30:00,True,23:30:00,2024-02-19
13343,2024-02-19 23:45:00,True,23:45:00,2024-02-19
13344,2024-02-20 00:00:00,True,00:00:00,2024-02-20
13345,2024-02-20 00:15:00,True,00:15:00,2024-02-20
13346,2024-02-20 00:30:00,True,00:30:00,2024-02-20
13347,2024-02-20 00:45:00,True,00:45:00,2024-02-20
13348,2024-02-20 01:00:00,True,01:00:00,2024-02-20
13349,2024-02-20 01:15:00,True,01:15:00,2024-02-20
13350,2024-02-20 01:30:00,True,01:30:00,2024-02-20
13351,2024-02-20 01:45:00,True,01:45:00,2024-02-20
13352,2024-02-20 02:00:00,True,02:00:00,2024-02-20
13353,2024-02-20 02:15:00,True,02:15:00,2024-02-20
13354,2024-02-20 02:30:00,True,02:30:00,2024-02-20
13355,2024-02-20 02:45:00,True,02:45:00,2024-02-20
13356,2024-02-20 03:00:00,True,03:00:00,2024-02-20
13357,2024-02-20 03:15:00,True,03:15:00,2024-02-20
13358,2024-02-20 03:30:00,True,03:30:00,2024-02-20
13359,2024-02-20 03:45:00,True,03:45:00,2024-02-20
13360,2024-02-20 04:00:00,True,04:00:00,2024-02-20
13361,2024-02-20 04:15:00,True,04:15:00,2024-02-20
13362,2024-02-20 04:30:00,True,04:30:00,2024-02-20
13363,2024-02-20 04:45:00,True,04:45:00,2024-02-20
13364,2024-02-20 05:00:00,True,05:00:00,2024-02-20
13365,2024-02-20 05:15:00,True,05:15:00,2024-02-20
13366,2024-02-20 05:30:00,True,05:30:00,2024-02-20
13367,2024-02-20 05:45:00,True,05:45:00,2024-02-20
13368,2024-02-20 06:00:00,True,06:00:00,2024-02-20
13369,2024-02-20 06:15:00,True,06:15:00,2024-02-20
13370,2024-02-20 06:30:00,True,06:30:00,2024-02-20
13371,2024-02-20 06:45:00,True,06:45:00,2024-02-20
13372,2024-02-20 07:00:00,True,07:00:00,2024-02-20
13373,2024-02-20 07:15:00,True,07:15:00,2024-02-20
13374,2024-02-20 07:30:00,True,07:30:00,2024-02-20
13375,2024-02-20 07:45:00,True,07:45:00,2024-02-20
13376,2024-02-20 08:00:00,True,08:00:00,2024-02-20
13377,2024-02-20 08:15:00,True,08:15:00,2024-02-20
13378,2024-02-20 08:30:00,True,08:30:00,2024-02-20
13379,2024-02-20 08:45:00,True,08:45:00,2024-02-20
13380,2024-02-20 09:00:00,True,09:00:00,2024-02-20
13381,2024-02-20 09:15:00,True,09:15:00,2024-02-20
13382,2024-02-20 09:30:00,True,09:30:00,2024-02-20
13383,2024-02-20 09:45:00,True,09:45:00,2024-02-20
13384,2024-02-20 10:00:00,True,10:00:00,2024-02-20
13385,2024-02-20 10:15:00,True,10:15:00,2024-02-20
13386,2024-02-20 10:30:00,True,10:30:00,2024-02-20
13387,2024-02-20 10:45:00,True,10:45:00,2024-02-20
13388,2024-02-20 11:00:00,True,11:00:00,2024-02-20
13389,2024-02-20 11:15:00,True,11:15:00,2024-02-20
13390,2024-02-20 11:30:00,True,11:30:00,2024-02-20
13391,2024-02-20 11:45:00,True,11:45:00,2024-02-20
13392,2024-02-20 12:00:00,True,12:00:00,2024-02-20
13393,2024-02-20 12:15:00,True,12:15:00,2024-02-20
13394,2024-02-20 12:30:00,True,12:30:00,2024-02-20
13395,2024-02-20 12:45:00,True,12:45:00,2024-02-20
13396,2024-02-20 13:00:00,True,13:00:00,2024-02-20
13397,2024-02-20 13:15:00,True,13:15:00,2024-02-20
13398,2024-02-20 13:30:00,True,13:30:00,2024-02-20
13399,2024-02-20 13:45:00,True,13:45:00,2024-02-20
13400,2024-02-20 14:00:00,True,14:00:00,2024-02-20
13401,2024-02-20 14:15:00,True,14:15:00,2024-02-20
13402,2024-02-20 14:30:00,True,14:30:00,2024-02-20
13403,2024-02-20 14:45:00,True,14:45:00,2024-02-20
13404,2024-02-20 15:00:00,True,15:00:00,2024-02-20
13405,2024-02-20 15:15:00,True,15:15:00,2024-02-20
13406,2024-02-20 15:30:00,True,15:30:00,2024-02-20
13407,2024-02-20 15:45:00,True,15:45:00,2024-02-20
13408,2024-02-20 16:00:00,True,16:00:00,2024-02-20
13409,2024-02-20 16:15:00,True,16:15:00,2024-02-20
13410,2024-02-20 16:30:00,True,16:30:00,2024-02-20
13411,2024-02-20 16:45:00,True,16:45:00,2024-02-20
13412,2024-02-20 17:00:00,True,17:00:00,2024-02-20
13413,2024-02-20 17:15:00,True,17:15:00,2024-02-20
13414,2024-02-20 17:30:00,True,17:30:00,2024-02-20
13415,2024-02-20 17:45:00,True,17:45:00,2024-02-20
13416,2024-02-20 18:00:00,True,18:00:00,2024-02-20
13417,2024-02-20 18:15:00,True,18:15:00,2024-02-20
13418,2024-02-20 18:30:00,True,18:30:00,2024-02-20
13419,2024-02-20 18:45:00,True,18:45:00,2024-02-20
13420,2024-02-20 19:00:00,True,19:00:00,2024-02-20
13421,2024-02-20 19:15:00,True,19:15:00,2024-02-20
13422,2024-02-20 19:30:00,True,19:30:00,2024-02-20
13423,2024-02-20 19:45:00,True,19:45:00,2024-02-20
13424,2024-02-20 20:00:00,True,20:00:00,2024-02-20
13425,2024-02-20 20:15:00,True,20:15:00,2024-02-20
13426,2024-02-20 20:30:00,True,20:30:00,2024-02-20
13427,2024-02-20 20:45:00,True,20:45:00,2024-02-20
13428,2024-02-20 21:00:00,True,21:00:00,2024-02-20
13429,2024-02-20 21:15:00,True,21:15:00,2024-02-20
13430,2024-02-20 21:30:00,True,21:30:00,2024-02-20
13431,2024-02-20 21:45:00,True,21:45:00,2024-02-20
13432,2024-02-20 22:00:00,True,22:00:00,2024-02-20
13433,2024-02-20 22:15:00,True,22:15:00,2024-02-20
13434,2024-02-20 22:30:00,True,22:30:00,2024-02-20
13435,2024-02-20 22:45:00,True,22:45:00,2024-02-20
13436,2024-02-20 23:00:00,True,23:00:00,2024-02-20
13437,2024-02-20 23:15:00,True,23:15:00,2024-02-20
13438,2024-02-20 23:30:00,True,23:30:00,2024-02-20
13439,2024-02-20 23:45:00,True,23:45:00,2024-02-20
13440,2024-02-21 00:00:00,True,00:00:00,2024-02-21
13441,2024-02-21 00:15:00,True,00:15:00,2024-02-21
13442,2024-02-21 00:30:00,True,00:30:00,2024-02-21
13443,2024-02-21 00:45:00,True,00:45:00,2024-02-21
13444,2024-02-21 01:00:00,True,01:00:00,2024-02-21
13445,2024-02-21 01:15:00,True,01:15:00,2024-02-21
13446,2024-02-21 01:30:00,True,01:30:00,2024-02-21
13447,2024-02-21 01:45:00,True,01:45:00,2024-02-21
13448,2024-02-21 02:00:00,True,02:00:00,2024-02-21
13449,2024-02-21 02:15:00,True,02:15:00,2024-02-21
13450,2024-02-21 02:30:00,True,02:30:00,2024-02-21
13451,2024-02-21 02:45:00,True,02:45:00,2024-02-21
13452,2024-02-21 03:00:00,True,03:00:00,2024-02-21
13453,2024-02-21 03:15:00,True,03:15:00,2024-02-21
13454,2024-02-21 03:30:00,True,03:30:00,2024-02-21
13455,2024-02-21 03:45:00,True,03:45:00,2024-02-21
13456,2024-02-21 04:00:00,True,04:00:00,2024-02-21
13457,2024-02-21 04:15:00,True,04:15:00,2024-02-21
13458,2024-02-21 04:30:00,True,04:30:00,2024-02-21
13459,2024-02-21 04:45:00,True,04:45:00,2024-02-21
13460,2024-02-21 05:00:00,True,05:00:00,2024-02-21
13461,2024-02-21 05:15:00,True,05:15:00,2024-02-21
13462,2024-02-21 05:30:00,True,05:30:00,2024-02-21
13463,2024-02-21 05:45:00,True,05:45:00,2024-02-21
13464,2024-02-21 06:00:00,True,06:00:00,2024-02-21
13465,2024-02-21 06:15:00,True,06:15:00,2024-02-21
13466,2024-02-21 06:30:00,True,06:30:00,2024-02-21
13467,2024-02-21 06:45:00,True,06:45:00,2024-02-21
13468,2024-02-21 07:00:00,True,07:00:00,2024-02-21
13469,2024-02-21 07:15:00,True,07:15:00,2024-02-21
13470,2024-02-21 07:30:00,True,07:30:00,2024-02-21
13471,2024-02-21 07:45:00,True,07:45:00,2024-02-21
13472,2024-02-21 08:00:00,True,08:00:00,2024-02-21
13473,2024-02-21 08:15:00,True,08:15:00,2024-02-21
13474,2024-02-21 08:30:00,True,08:30:00,2024-02-21
13475,2024-02-21 08:45:00,True,08:45:00,2024-02-21
13476,2024-02-21 09:00:00,True,09:00:00,2024-02-21
13477,2024-02-21 09:15:00,True,09:15:00,2024-02-21
13478,2024-02-21 09:30:00,True,09:30:00,2024-02-21
13479,2024-02-21 09:45:00,True,09:45:00,2024-02-21
13480,2024-02-21 10:00:00,True,10:00:00,2024-02-21
13481,2024-02-21 10:15:00,True,10:15:00,2024-02-21
13482,2024-02-21 10:30:00,True,10:30:00,2024-02-21
13483,2024-02-21 10:45:00,True,10:45:00,2024-02-21
13484,2024-02-21 11:00:00,True,11:00:00,2024-02-21
13485,2024-02-21 11:15:00,True,11:15:00,2024-02-21
13486,2024-02-21 11:30:00,True,11:30:00,2024-02-21
13487,2024-02-21 11:45:00,True,11:45:00,2024-02-21
13488,2024-02-21 12:00:00,True,12:00:00,2024-02-21
13489,2024-02-21 12:15:00,True,12:15:00,2024-02-21
13490,2024-02-21 12:30:00,True,12:30:00,2024-02-21
13491,2024-02-21 12:45:00,True,12:45:00,2024-02-21
13492,2024-02-21 13:00:00,True,13:00:00,2024-02-21
13493,2024-02-21 13:15:00,True,13:15:00,2024-02-21
13494,2024-02-21 13:30:00,True,13:30:00,2024-02-21
13495,2024-02-21 13:45:00,True,13:45:00,2024-02-21
13496,2024-02-21 14:00:00,True,14:00:00,2024-02-21
13497,2024-02-21 14:15:00,True,14:15:00,2024-02-21
13498,2024-02-21 14:30:00,True,14:30:00,2024-02-21
13499,2024-02-21 14:45:00,True,14:45:00,2024-02-21
13500,2024-02-21 15:00:00,True,15:00:00,2024-02-21
13501,2024-02-21 15:15:00,True,15:15:00,2024-02-21
13502,2024-02-21 15:30:00,True,15:30:00,2024-02-21
13503,2024-02-21 15:45:00,True,15:45:00,2024-02-21
13504,2024-02-21 16:00:00,True,16:00:00,2024-02-21
13505,2024-02-21 16:15:00,True,16:15:00,2024-02-21
13506,2024-02-21 16:30:00,True,16:30:00,2024-02-21
13507,2024-02-21 16:45:00,True,16:45:00,2024-02-21
13508,2024-02-21 17:00:00,True,17:00:00,2024-02-21
13509,2024-02-21 17:15:00,True,17:15:00,2024-02-21
13510,2024-02-21 17:30:00,True,17:30:00,2024-02-21
13511,2024-02-21 17:45:00,True,17:45:00,2024-02-21
13512,2024-02-21 18:00:00,True,18:00:00,2024-02-21
13513,2024-02-21 18:15:00,True,18:15:00,2024-02-21
13514,2024-02-21 18:30:00,True,18:30:00,2024-02-21
13515,2024-02-21 18:45:00,True,18:45:00,2024-02-21
13516,2024-02-21 19:00:00,True,19:00:00,2024-02-21
13517,2024-02-21 19:15:00,True,19:15:00,2024-02-21
13518,2024-02-21 19:30:00,True,19:30:00,2024-02-21
13519,2024-02-21 19:45:00,True,19:45:00,2024-02-21
13520,2024-02-21 20:00:00,True,20:00:00,2024-02-21
13521,2024-02-21 20:15:00,True,20:15:00,2024-02-21
13522,2024-02-21 20:30:00,True,20:30:00,2024-02-21
13523,2024-02-21 20:45:00,True,20:45:00,2024-02-21
13524,2024-02-21 21:00:00,True,21:00:00,2024-02-21
13525,2024-02-21 21:15:00,True,21:15:00,2024-02-21
13526,2024-02-21 21:30:00,True,21:30:00,2024-02-21
13527,2024-02-21 21:45:00,True,21:45:00,2024-02-21
13528,2024-02-21 22:00:00,True,22:00:00,2024-02-21
13529,2024-02-21 22:15:00,True,22:15:00,2024-02-21
13530,2024-02-21 22:30:00,True,22:30:00,2024-02-21
13531,2024-02-21 22:45:00,True,22:45:00,2024-02-21
13532,2024-02-21 23:00:00,True,23:00:00,2024-02-21
13533,2024-02-21 23:15:00,True,23:15:00,2024-02-21
13534,2024-02-21 23:30:00,True,23:30:00,2024-02-21
13535,2024-02-21 23:45:00,True,23:45:00,2024-02-21
13536,2024-02-22 00:00:00,True,00:00:00,2024-02-22
13537,2024-02-22 00:15:00,True,00:15:00,2024-02-22
13538,2024-02-22 00:30:00,True,00:30:00,2024-02-22
13539,2024-02-22 00:45:00,True,00:45:00,2024-02-22
13540,2024-02-22 01:00:00,True,01:00:00,2024-02-22
13541,2024-02-22 01:15:00,True,01:15:00,2024-02-22
13542,2024-02-22 01:30:00,True,01:30:00,2024-02-22
13543,2024-02-22 01:45:00,True,01:45:00,2024-02-22
13544,2024-02-22 02:00:00,True,02:00:00,2024-02-22
13545,2024-02-22 02:15:00,True,02:15:00,2024-02-22
13546,2024-02-22 02:30:00,True,02:30:00,2024-02-22
13547,2024-02-22 02:45:00,True,02:45:00,2024-02-22
13548,2024-02-22 03:00:00,True,03:00:00,2024-02-22
13549,2024-02-22 03:15:00,True,03:15:00,2024-02-22
13550,2024-02-22 03:30:00,True,03:30:00,2024-02-22
13551,2024-02-22 03:45:00,True,03:45:00,2024-02-22
13552,2024-02-22 04:00:00,True,04:00:00,2024-02-22
13553,2024-02-22 04:15:00,True,04:15:00,2024-02-22
13554,2024-02-22 04:30:00,True,04:30:00,2024-02-22
13555,2024-02-22 04:45:00,True,04:45:00,2024-02-22
13556,2024-02-22 05:00:00,True,05:00:00,2024-02-22
13557,2024-02-22 05:15:00,True,05:15:00,2024-02-22
13558,2024-02-22 05:30:00,True,05:30:00,2024-02-22
13559,2024-02-22 05:45:00,True,05:45:00,2024-02-22
13560,2024-02-22 06:00:00,True,06:00:00,2024-02-22
13561,2024-02-22 06:15:00,True,06:15:00,2024-02-22
13562,2024-02-22 06:30:00,True,06:30:00,2024-02-22
13563,2024-02-22 06:45:00,True,06:45:00,2024-02-22
13564,2024-02-22 07:00:00,True,07:00:00,2024-02-22
13565,2024-02-22 07:15:00,True,07:15:00,2024-02-22
13566,2024-02-22 07:30:00,True,07:30:00,2024-02-22
13567,2024-02-22 07:45:00,True,07:45:00,2024-02-22
13568,2024-02-22 08:00:00,True,08:00:00,2024-02-22
13569,2024-02-22 08:15:00,True,08:15:00,2024-02-22
13570,2024-02-22 08:30:00,True,08:30:00,2024-02-22
13571,2024-02-22 08:45:00,True,08:45:00,2024-02-22
13572,2024-02-22 09:00:00,True,09:00:00,2024-02-22
13573,2024-02-22 09:15:00,True,09:15:00,2024-02-22
13574,2024-02-22 09:30:00,True,09:30:00,2024-02-22
13575,2024-02-22 09:45:00,True,09:45:00,2024-02-22
13576,2024-02-22 10:00:00,True,10:00:00,2024-02-22
13577,2024-02-22 10:15:00,True,10:15:00,2024-02-22
13578,2024-02-22 10:30:00,True,10:30:00,2024-02-22
13579,2024-02-22 10:45:00,True,10:45:00,2024-02-22
13580,2024-02-22 11:00:00,True,11:00:00,2024-02-22
13581,2024-02-22 11:15:00,True,11:15:00,2024-02-22
13582,2024-02-22 11:30:00,True,11:30:00,2024-02-22
13583,2024-02-22 11:45:00,True,11:45:00,2024-02-22
13584,2024-02-22 12:00:00,True,12:00:00,2024-02-22
13585,2024-02-22 12:15:00,True,12:15:00,2024-02-22
13586,2024-02-22 12:30:00,True,12:30:00,2024-02-22
13587,2024-02-22 12:45:00,True,12:45:00,2024-02-22
13588,2024-02-22 13:00:00,True,13:00:00,2024-02-22
13589,2024-02-22 13:15:00,True,13:15:00,2024-02-22
13590,2024-02-22 13:30:00,True,13:30:00,2024-02-22
13591,2024-02-22 13:45:00,True,13:45:00,2024-02-22
13592,2024-02-22 14:00:00,True,14:00:00,2024-02-22
13593,2024-02-22 14:15:00,True,14:15:00,2024-02-22
13594,2024-02-22 14:30:00,True,14:30:00,2024-02-22
13595,2024-02-22 14:45:00,True,14:45:00,2024-02-22
13596,2024-02-22 15:00:00,True,15:00:00,2024-02-22
13597,2024-02-22 15:15:00,True,15:15:00,2024-02-22
13598,2024-02-22 15:30:00,True,15:30:00,2024-02-22
13599,2024-02-22 15:45:00,True,15:45:00,2024-02-22
13600,2024-02-22 16:00:00,True,16:00:00,2024-02-22
13601,2024-02-22 16:15:00,True,16:15:00,2024-02-22
13602,2024-02-22 16:30:00,True,16:30:00,2024-02-22
13603,2024-02-22 16:45:00,True,16:45:00,2024-02-22
13604,2024-02-22 17:00:00,True,17:00:00,2024-02-22
13605,2024-02-22 17:15:00,True,17:15:00,2024-02-22
13606,2024-02-22 17:30:00,True,17:30:00,2024-02-22
13607,2024-02-22 17:45:00,True,17:45:00,2024-02-22
13608,2024-02-22 18:00:00,True,18:00:00,2024-02-22
13609,2024-02-22 18:15:00,True,18:15:00,2024-02-22
13610,2024-02-22 18:30:00,True,18:30:00,2024-02-22
13611,2024-02-22 18:45:00,True,18:45:00,2024-02-22
13612,2024-02-22 19:00:00,True,19:00:00,2024-02-22
13613,2024-02-22 19:15:00,True,19:15:00,2024-02-22
13614,2024-02-22 19:30:00,True,19:30:00,2024-02-22
13615,2024-02-22 19:45:00,True,19:45:00,2024-02-22
13616,2024-02-22 20:00:00,True,20:00:00,2024-02-22
13617,2024-02-22 20:15:00,True,20:15:00,2024-02-22
13618,2024-02-22 20:30:00,True,20:30:00,2024-02-22
13619,2024-02-22 20:45:00,True,20:45:00,2024-02-22
13620,2024-02-22 21:00:00,True,21:00:00,2024-02-22
13621,2024-02-22 21:15:00,True,21:15:00,2024-02-22
13622,2024-02-22 21:30:00,True,21:30:00,2024-02-22
13623,2024-02-22 21:45:00,True,21:45:00,2024-02-22
13624,2024-02-22 22:00:00,True,22:00:00,2024-02-22
13625,2024-02-22 22:15:00,True,22:15:00,2024-02-22
13626,2024-02-22 22:30:00,True,22:30:00,2024-02-22
13627,2024-02-22 22:45:00,True,22:45:00,2024-02-22
13628,2024-02-22 23:00:00,True,23:00:00,2024-02-22
13629,2024-02-22 23:15:00,True,23:15:00,2024-02-22
13630,2024-02-22 23:30:00,True,23:30:00,2024-02-22
13631,2024-02-22 23:45:00,True,23:45:00,2024-02-22
13632,2024-02-23 00:00:00,True,00:00:00,2024-02-23
13633,2024-02-23 00:15:00,True,00:15:00,2024-02-23
13634,2024-02-23 00:30:00,True,00:30:00,2024-02-23
13635,2024-02-23 00:45:00,True,00:45:00,2024-02-23
13636,2024-02-23 01:00:00,True,01:00:00,2024-02-23
13637,2024-02-23 01:15:00,True,01:15:00,2024-02-23
13638,2024-02-23 01:30:00,True,01:30:00,2024-02-23
13639,2024-02-23 01:45:00,True,01:45:00,2024-02-23
13640,2024-02-23 02:00:00,True,02:00:00,2024-02-23
13641,2024-02-23 02:15:00,True,02:15:00,2024-02-23
13642,2024-02-23 02:30:00,True,02:30:00,2024-02-23
13643,2024-02-23 02:45:00,True,02:45:00,2024-02-23
13644,2024-02-23 03:00:00,True,03:00:00,2024-02-23
13645,2024-02-23 03:15:00,True,03:15:00,2024-02-23
13646,2024-02-23 03:30:00,True,03:30:00,2024-02-23
13647,2024-02-23 03:45:00,True,03:45:00,2024-02-23
13648,2024-02-23 04:00:00,True,04:00:00,2024-02-23
13649,2024-02-23 04:15:00,True,04:15:00,2024-02-23
13650,2024-02-23 04:30:00,True,04:30:00,2024-02-23
13651,2024-02-23 04:45:00,True,04:45:00,2024-02-23
13652,2024-02-23 05:00:00,True,05:00:00,2024-02-23
13653,2024-02-23 05:15:00,True,05:15:00,2024-02-23
13654,2024-02-23 05:30:00,True,05:30:00,2024-02-23
13655,2024-02-23 05:45:00,True,05:45:00,2024-02-23
13656,2024-02-23 06:00:00,True,06:00:00,2024-02-23
13657,2024-02-23 06:15:00,True,06:15:00,2024-02-23
13658,2024-02-23 06:30:00,True,06:30:00,2024-02-23
13659,2024-02-23 06:45:00,True,06:45:00,2024-02-23
13660,2024-02-23 07:00:00,True,07:00:00,2024-02-23
13661,2024-02-23 07:15:00,True,07:15:00,2024-02-23
13662,2024-02-23 07:30:00,True,07:30:00,2024-02-23
13663,2024-02-23 07:45:00,True,07:45:00,2024-02-23
13664,2024-02-23 08:00:00,True,08:00:00,2024-02-23
13665,2024-02-23 08:15:00,True,08:15:00,2024-02-23
13666,2024-02-23 08:30:00,True,08:30:00,2024-02-23
13667,2024-02-23 08:45:00,True,08:45:00,2024-02-23
13668,2024-02-23 09:00:00,True,09:00:00,2024-02-23
13669,2024-02-23 09:15:00,True,09:15:00,2024-02-23
13670,2024-02-23 09:30:00,True,09:30:00,2024-02-23
13671,2024-02-23 09:45:00,True,09:45:00,2024-02-23
13672,2024-02-23 10:00:00,True,10:00:00,2024-02-23
13673,2024-02-23 10:15:00,True,10:15:00,2024-02-23
13674,2024-02-23 10:30:00,True,10:30:00,2024-02-23
13675,2024-02-23 10:45:00,True,10:45:00,2024-02-23
13676,2024-02-23 11:00:00,True,11:00:00,2024-02-23
13677,2024-02-23 11:15:00,True,11:15:00,2024-02-23
13678,2024-02-23 11:30:00,True,11:30:00,2024-02-23
13679,2024-02-23 11:45:00,True,11:45:00,2024-02-23
13680,2024-02-23 12:00:00,True,12:00:00,2024-02-23
13681,2024-02-23 12:15:00,True,12:15:00,2024-02-23
13682,2024-02-23 12:30:00,True,12:30:00,2024-02-23
13683,2024-02-23 12:45:00,True,12:45:00,2024-02-23
13684,2024-02-23 13:00:00,True,13:00:00,2024-02-23
13685,2024-02-23 13:15:00,True,13:15:00,2024-02-23
13686,2024-02-23 13:30:00,True,13:30:00,2024-02-23
13687,2024-02-23 13:45:00,True,13:45:00,2024-02-23
13688,2024-02-23 14:00:00,True,14:00:00,2024-02-23
13689,2024-02-23 14:15:00,True,14:15:00,2024-02-23
13690,2024-02-23 14:30:00,True,14:30:00,2024-02-23
13691,2024-02-23 14:45:00,True,14:45:00,2024-02-23
13692,2024-02-23 15:00:00,True,15:00:00,2024-02-23
13693,2024-02-23 15:15:00,True,15:15:00,2024-02-23
13694,2024-02-23 15:30:00,True,15:30:00,2024-02-23
13695,2024-02-23 15:45:00,True,15:45:00,2024-02-23
13696,2024-02-23 16:00:00,True,16:00:00,2024-02-23
13697,2024-02-23 16:15:00,True,16:15:00,2024-02-23
13698,2024-02-23 16:30:00,True,16:30:00,2024-02-23
13699,2024-02-23 16:45:00,True,16:45:00,2024-02-23
13700,2024-02-23 17:00:00,True,17:00:00,2024-02-23
13701,2024-02-23 17:15:00,True,17:15:00,2024-02-23
13702,2024-02-23 17:30:00,True,17:30:00,2024-02-23
13703,2024-02-23 17:45:00,True,17:45:00,2024-02-23
13704,2024-02-23 18:00:00,True,18:00:00,2024-02-23
13705,2024-02-23 18:15:00,True,18:15:00,2024-02-23
13706,2024-02-23 18:30:00,True,18:30:00,2024-02-23
13707,2024-02-23 18:45:00,True,18:45:00,2024-02-23
13708,2024-02-23 19:00:00,True,19:00:00,2024-02-23
13709,2024-02-23 19:15:00,True,19:15:00,2024-02-23
13710,2024-02-23 19:30:00,True,19:30:00,2024-02-23
13711,2024-02-23 19:45:00,True,19:45:00,2024-02-23
13712,2024-02-23 20:00:00,True,20:00:00,2024-02-23
13713,2024-02-23 20:15:00,True,20:15:00,2024-02-23
13714,2024-02-23 20:30:00,True,20:30:00,2024-02-23
13715,2024-02-23 20:45:00,True,20:45:00,2024-02-23
13716,2024-02-23 21:00:00,True,21:00:00,2024-02-23
13717,2024-02-23 21:15:00,True,21:15:00,2024-02-23
13718,2024-02-23 21:30:00,True,21:30:00,2024-02-23
13719,2024-02-23 21:45:00,True,21:45:00,2024-02-23
13720,2024-02-23 22:00:00,True,22:00:00,2024-02-23
13721,2024-02-23 22:15:00,True,22:15:00,2024-02-23
13722,2024-02-23 22:30:00,True,22:30:00,2024-02-23
13723,2024-02-23 22:45:00,True,22:45:00,2024-02-23
13724,2024-02-23 23:00:00,True,23:00:00,2024-02-23
13725,2024-02-23 23:15:00,True,23:15:00,2024-02-23
13726,2024-02-23 23:30:00,True,23:30:00,2024-02-23
13727,2024-02-23 23:45:00,True,23:45:00,2024-02-23
13728,2024-02-24 00:00:00,True,00:00:00,2024-02-24
13729,2024-02-24 00:15:00,True,00:15:00,2024-02-24
13730,2024-02-24 00:30:00,True,00:30:00,2024-02-24
13731,2024-02-24 00:45:00,True,00:45:00,2024-02-24
13732,2024-02-24 01:00:00,True,01:00:00,2024-02-24
13733,2024-02-24 01:15:00,True,01:15:00,2024-02-24
13734,2024-02-24 01:30:00,True,01:30:00,2024-02-24
13735,2024-02-24 01:45:00,True,01:45:00,2024-02-24
13736,2024-02-24 02:00:00,True,02:00:00,2024-02-24
13737,2024-02-24 02:15:00,True,02:15:00,2024-02-24
13738,2024-02-24 02:30:00,True,02:30:00,2024-02-24
13739,2024-02-24 02:45:00,True,02:45:00,2024-02-24
13740,2024-02-24 03:00:00,True,03:00:00,2024-02-24
13741,2024-02-24 03:15:00,True,03:15:00,2024-02-24
13742,2024-02-24 03:30:00,True,03:30:00,2024-02-24
13743,2024-02-24 03:45:00,True,03:45:00,2024-02-24
13744,2024-02-24 04:00:00,True,04:00:00,2024-02-24
13745,2024-02-24 04:15:00,True,04:15:00,2024-02-24
13746,2024-02-24 04:30:00,True,04:30:00,2024-02-24
13747,2024-02-24 04:45:00,True,04:45:00,2024-02-24
13748,2024-02-24 05:00:00,True,05:00:00,2024-02-24
13749,2024-02-24 05:15:00,True,05:15:00,2024-02-24
13750,2024-02-24 05:30:00,True,05:30:00,2024-02-24
13751,2024-02-24 05:45:00,True,05:45:00,2024-02-24
13752,2024-02-24 06:00:00,True,06:00:00,2024-02-24
13753,2024-02-24 06:15:00,True,06:15:00,2024-02-24
13754,2024-02-24 06:30:00,True,06:30:00,2024-02-24
13755,2024-02-24 06:45:00,True,06:45:00,2024-02-24
13756,2024-02-24 07:00:00,True,07:00:00,2024-02-24
13757,2024-02-24 07:15:00,True,07:15:00,2024-02-24
13758,2024-02-24 07:30:00,True,07:30:00,2024-02-24
13759,2024-02-24 07:45:00,True,07:45:00,2024-02-24
13760,2024-02-24 08:00:00,True,08:00:00,2024-02-24
13761,2024-02-24 08:15:00,True,08:15:00,2024-02-24
13762,2024-02-24 08:30:00,True,08:30:00,2024-02-24
13763,2024-02-24 08:45:00,True,08:45:00,2024-02-24
13764,2024-02-24 09:00:00,True,09:00:00,2024-02-24
13765,2024-02-24 09:15:00,True,09:15:00,2024-02-24
13766,2024-02-24 09:30:00,True,09:30:00,2024-02-24
13767,2024-02-24 09:45:00,True,09:45:00,2024-02-24
13768,2024-02-24 10:00:00,True,10:00:00,2024-02-24
13769,2024-02-24 10:15:00,True,10:15:00,2024-02-24
13770,2024-02-24 10:30:00,True,10:30:00,2024-02-24
13771,2024-02-24 10:45:00,True,10:45:00,2024-02-24
13772,2024-02-24 11:00:00,True,11:00:00,2024-02-24
13773,2024-02-24 11:15:00,True,11:15:00,2024-02-24
13774,2024-02-24 11:30:00,True,11:30:00,2024-02-24
13775,2024-02-24 11:45:00,True,11:45:00,2024-02-24
13776,2024-02-24 12:00:00,True,12:00:00,2024-02-24
13777,2024-02-24 12:15:00,True,12:15:00,2024-02-24
13778,2024-02-24 12:30:00,True,12:30:00,2024-02-24
13779,2024-02-24 12:45:00,True,12:45:00,2024-02-24
13780,2024-02-24 13:00:00,True,13:00:00,2024-02-24
13781,2024-02-24 13:15:00,True,13:15:00,2024-02-24
13782,2024-02-24 13:30:00,True,13:30:00,2024-02-24
13783,2024-02-24 13:45:00,True,13:45:00,2024-02-24
13784,2024-02-24 14:00:00,True,14:00:00,2024-02-24
13785,2024-02-24 14:15:00,True,14:15:00,2024-02-24
13786,2024-02-24 14:30:00,True,14:30:00,2024-02-24
13787,2024-02-24 14:45:00,True,14:45:00,2024-02-24
13788,2024-02-24 15:00:00,True,15:00:00,2024-02-24
13789,2024-02-24 15:15:00,True,15:15:00,2024-02-24
13790,2024-02-24 15:30:00,True,15:30:00,2024-02-24
13791,2024-02-24 15:45:00,True,15:45:00,2024-02-24
13792,2024-02-24 16:00:00,True,16:00:00,2024-02-24
13793,2024-02-24 16:15:00,True,16:15:00,2024-02-24
13794,2024-02-24 16:30:00,True,16:30:00,2024-02-24
13795,2024-02-24 16:45:00,True,16:45:00,2024-02-24
13796,2024-02-24 17:00:00,True,17:00:00,2024-02-24
13797,2024-02-24 17:15:00,True,17:15:00,2024-02-24
13798,2024-02-24 17:30:00,True,17:30:00,2024-02-24
13799,2024-02-24 17:45:00,True,17:45:00,2024-02-24
13800,2024-02-24 18:00:00,True,18:00:00,2024-02-24
13801,2024-02-24 18:15:00,True,18:15:00,2024-02-24
13802,2024-02-24 18:30:00,True,18:30:00,2024-02-24
13803,2024-02-24 18:45:00,True,18:45:00,2024-02-24
13804,2024-02-24 19:00:00,True,19:00:00,2024-02-24
13805,2024-02-24 19:15:00,True,19:15:00,2024-02-24
13806,2024-02-24 19:30:00,True,19:30:00,2024-02-24
13807,2024-02-24 19:45:00,True,19:45:00,2024-02-24
13808,2024-02-24 20:00:00,True,20:00:00,2024-02-24
13809,2024-02-24 20:15:00,True,20:15:00,2024-02-24
13810,2024-02-24 20:30:00,True,20:30:00,2024-02-24
13811,2024-02-24 20:45:00,True,20:45:00,2024-02-24
13812,2024-02-24 21:00:00,True,21:00:00,2024-02-24
13813,2024-02-24 21:15:00,True,21:15:00,2024-02-24
13814,2024-02-24 21:30:00,True,21:30:00,2024-02-24
13815,2024-02-24 21:45:00,True,21:45:00,2024-02-24
13816,2024-02-24 22:00:00,True,22:00:00,2024-02-24
13817,2024-02-24 22:15:00,True,22:15:00,2024-02-24
13818,2024-02-24 22:30:00,True,22:30:00,2024-02-24
13819,2024-02-24 22:45:00,True,22:45:00,2024-02-24
13820,2024-02-24 23:00:00,True,23:00:00,2024-02-24
13821,2024-02-24 23:15:00,True,23:15:00,2024-02-24
13822,2024-02-24 23:30:00,True,23:30:00,2024-02-24
13823,2024-02-24 23:45:00,True,23:45:00,2024-02-24
