,interval_start,missflg,15_min_chunk,date
0,2023-11-25 00:00:00,True,00:00:00,2023-11-25
1,2023-11-25 00:15:00,True,00:15:00,2023-11-25
2,2023-11-25 00:30:00,True,00:30:00,2023-11-25
3,2023-11-25 00:45:00,True,00:45:00,2023-11-25
4,2023-11-25 01:00:00,True,01:00:00,2023-11-25
5,2023-11-25 01:15:00,True,01:15:00,2023-11-25
6,2023-11-25 01:30:00,True,01:30:00,2023-11-25
7,2023-11-25 01:45:00,True,01:45:00,2023-11-25
8,2023-11-25 02:00:00,True,02:00:00,2023-11-25
9,2023-11-25 02:15:00,True,02:15:00,2023-11-25
10,2023-11-25 02:30:00,True,02:30:00,2023-11-25
11,2023-11-25 02:45:00,True,02:45:00,2023-11-25
12,2023-11-25 03:00:00,True,03:00:00,2023-11-25
13,2023-11-25 03:15:00,True,03:15:00,2023-11-25
14,2023-11-25 03:30:00,True,03:30:00,2023-11-25
15,2023-11-25 03:45:00,True,03:45:00,2023-11-25
16,2023-11-25 04:00:00,True,04:00:00,2023-11-25
17,2023-11-25 04:15:00,True,04:15:00,2023-11-25
18,2023-11-25 04:30:00,True,04:30:00,2023-11-25
19,2023-11-25 04:45:00,True,04:45:00,2023-11-25
20,2023-11-25 05:00:00,True,05:00:00,2023-11-25
21,2023-11-25 05:15:00,True,05:15:00,2023-11-25
22,2023-11-25 05:30:00,True,05:30:00,2023-11-25
23,2023-11-25 05:45:00,True,05:45:00,2023-11-25
24,2023-11-25 06:00:00,True,06:00:00,2023-11-25
25,2023-11-25 06:15:00,True,06:15:00,2023-11-25
26,2023-11-25 06:30:00,True,06:30:00,2023-11-25
27,2023-11-25 06:45:00,True,06:45:00,2023-11-25
28,2023-11-25 07:00:00,True,07:00:00,2023-11-25
29,2023-11-25 07:15:00,True,07:15:00,2023-11-25
30,2023-11-25 07:30:00,True,07:30:00,2023-11-25
31,2023-11-25 07:45:00,True,07:45:00,2023-11-25
32,2023-11-25 08:00:00,True,08:00:00,2023-11-25
33,2023-11-25 08:15:00,True,08:15:00,2023-11-25
34,2023-11-25 08:30:00,True,08:30:00,2023-11-25
35,2023-11-25 08:45:00,True,08:45:00,2023-11-25
36,2023-11-25 09:00:00,True,09:00:00,2023-11-25
37,2023-11-25 09:15:00,True,09:15:00,2023-11-25
38,2023-11-25 09:30:00,True,09:30:00,2023-11-25
39,2023-11-25 09:45:00,True,09:45:00,2023-11-25
40,2023-11-25 10:00:00,True,10:00:00,2023-11-25
41,2023-11-25 10:15:00,True,10:15:00,2023-11-25
42,2023-11-25 10:30:00,True,10:30:00,2023-11-25
43,2023-11-25 10:45:00,True,10:45:00,2023-11-25
44,2023-11-25 11:00:00,True,11:00:00,2023-11-25
45,2023-11-25 11:15:00,True,11:15:00,2023-11-25
46,2023-11-25 11:30:00,True,11:30:00,2023-11-25
47,2023-11-25 11:45:00,True,11:45:00,2023-11-25
48,2023-11-25 12:00:00,True,12:00:00,2023-11-25
49,2023-11-25 12:15:00,True,12:15:00,2023-11-25
50,2023-11-25 12:30:00,True,12:30:00,2023-11-25
51,2023-11-25 12:45:00,True,12:45:00,2023-11-25
52,2023-11-25 13:00:00,True,13:00:00,2023-11-25
53,2023-11-25 13:15:00,True,13:15:00,2023-11-25
54,2023-11-25 13:30:00,True,13:30:00,2023-11-25
55,2023-11-25 13:45:00,True,13:45:00,2023-11-25
56,2023-11-25 14:00:00,True,14:00:00,2023-11-25
57,2023-11-25 14:15:00,True,14:15:00,2023-11-25
58,2023-11-25 14:30:00,True,14:30:00,2023-11-25
59,2023-11-25 14:45:00,True,14:45:00,2023-11-25
60,2023-11-25 15:00:00,False,15:00:00,2023-11-25
61,2023-11-25 15:15:00,False,15:15:00,2023-11-25
62,2023-11-25 15:30:00,False,15:30:00,2023-11-25
63,2023-11-25 15:45:00,False,15:45:00,2023-11-25
64,2023-11-25 16:00:00,False,16:00:00,2023-11-25
65,2023-11-25 16:15:00,False,16:15:00,2023-11-25
66,2023-11-25 16:30:00,False,16:30:00,2023-11-25
67,2023-11-25 16:45:00,False,16:45:00,2023-11-25
68,2023-11-25 17:00:00,False,17:00:00,2023-11-25
69,2023-11-25 17:15:00,False,17:15:00,2023-11-25
70,2023-11-25 17:30:00,True,17:30:00,2023-11-25
71,2023-11-25 17:45:00,True,17:45:00,2023-11-25
72,2023-11-25 18:00:00,True,18:00:00,2023-11-25
73,2023-11-25 18:15:00,True,18:15:00,2023-11-25
74,2023-11-25 18:30:00,True,18:30:00,2023-11-25
75,2023-11-25 18:45:00,True,18:45:00,2023-11-25
76,2023-11-25 19:00:00,False,19:00:00,2023-11-25
77,2023-11-25 19:15:00,False,19:15:00,2023-11-25
78,2023-11-25 19:30:00,False,19:30:00,2023-11-25
79,2023-11-25 19:45:00,False,19:45:00,2023-11-25
80,2023-11-25 20:00:00,False,20:00:00,2023-11-25
81,2023-11-25 20:15:00,False,20:15:00,2023-11-25
82,2023-11-25 20:30:00,False,20:30:00,2023-11-25
83,2023-11-25 20:45:00,False,20:45:00,2023-11-25
84,2023-11-25 21:00:00,False,21:00:00,2023-11-25
85,2023-11-25 21:15:00,False,21:15:00,2023-11-25
86,2023-11-25 21:30:00,False,21:30:00,2023-11-25
87,2023-11-25 21:45:00,False,21:45:00,2023-11-25
88,2023-11-25 22:00:00,False,22:00:00,2023-11-25
89,2023-11-25 22:15:00,False,22:15:00,2023-11-25
90,2023-11-25 22:30:00,False,22:30:00,2023-11-25
91,2023-11-25 22:45:00,False,22:45:00,2023-11-25
92,2023-11-25 23:00:00,False,23:00:00,2023-11-25
93,2023-11-25 23:15:00,False,23:15:00,2023-11-25
94,2023-11-25 23:30:00,False,23:30:00,2023-11-25
95,2023-11-25 23:45:00,False,23:45:00,2023-11-25
96,2023-11-26 00:00:00,False,00:00:00,2023-11-26
97,2023-11-26 00:15:00,False,00:15:00,2023-11-26
98,2023-11-26 00:30:00,False,00:30:00,2023-11-26
99,2023-11-26 00:45:00,False,00:45:00,2023-11-26
100,2023-11-26 01:00:00,False,01:00:00,2023-11-26
101,2023-11-26 01:15:00,False,01:15:00,2023-11-26
102,2023-11-26 01:30:00,False,01:30:00,2023-11-26
103,2023-11-26 01:45:00,False,01:45:00,2023-11-26
104,2023-11-26 02:00:00,False,02:00:00,2023-11-26
105,2023-11-26 02:15:00,False,02:15:00,2023-11-26
106,2023-11-26 02:30:00,False,02:30:00,2023-11-26
107,2023-11-26 02:45:00,False,02:45:00,2023-11-26
108,2023-11-26 03:00:00,False,03:00:00,2023-11-26
109,2023-11-26 03:15:00,False,03:15:00,2023-11-26
110,2023-11-26 03:30:00,False,03:30:00,2023-11-26
111,2023-11-26 03:45:00,False,03:45:00,2023-11-26
112,2023-11-26 04:00:00,False,04:00:00,2023-11-26
113,2023-11-26 04:15:00,False,04:15:00,2023-11-26
114,2023-11-26 04:30:00,False,04:30:00,2023-11-26
115,2023-11-26 04:45:00,False,04:45:00,2023-11-26
116,2023-11-26 05:00:00,False,05:00:00,2023-11-26
117,2023-11-26 05:15:00,False,05:15:00,2023-11-26
118,2023-11-26 05:30:00,False,05:30:00,2023-11-26
119,2023-11-26 05:45:00,False,05:45:00,2023-11-26
120,2023-11-26 06:00:00,False,06:00:00,2023-11-26
121,2023-11-26 06:15:00,False,06:15:00,2023-11-26
122,2023-11-26 06:30:00,False,06:30:00,2023-11-26
123,2023-11-26 06:45:00,False,06:45:00,2023-11-26
124,2023-11-26 07:00:00,False,07:00:00,2023-11-26
125,2023-11-26 07:15:00,False,07:15:00,2023-11-26
126,2023-11-26 07:30:00,False,07:30:00,2023-11-26
127,2023-11-26 07:45:00,False,07:45:00,2023-11-26
128,2023-11-26 08:00:00,False,08:00:00,2023-11-26
129,2023-11-26 08:15:00,False,08:15:00,2023-11-26
130,2023-11-26 08:30:00,False,08:30:00,2023-11-26
131,2023-11-26 08:45:00,False,08:45:00,2023-11-26
132,2023-11-26 09:00:00,False,09:00:00,2023-11-26
133,2023-11-26 09:15:00,False,09:15:00,2023-11-26
134,2023-11-26 09:30:00,False,09:30:00,2023-11-26
135,2023-11-26 09:45:00,False,09:45:00,2023-11-26
136,2023-11-26 10:00:00,False,10:00:00,2023-11-26
137,2023-11-26 10:15:00,False,10:15:00,2023-11-26
138,2023-11-26 10:30:00,False,10:30:00,2023-11-26
139,2023-11-26 10:45:00,False,10:45:00,2023-11-26
140,2023-11-26 11:00:00,False,11:00:00,2023-11-26
141,2023-11-26 11:15:00,False,11:15:00,2023-11-26
142,2023-11-26 11:30:00,False,11:30:00,2023-11-26
143,2023-11-26 11:45:00,False,11:45:00,2023-11-26
144,2023-11-26 12:00:00,False,12:00:00,2023-11-26
145,2023-11-26 12:15:00,False,12:15:00,2023-11-26
146,2023-11-26 12:30:00,False,12:30:00,2023-11-26
147,2023-11-26 12:45:00,False,12:45:00,2023-11-26
148,2023-11-26 13:00:00,False,13:00:00,2023-11-26
149,2023-11-26 13:15:00,False,13:15:00,2023-11-26
150,2023-11-26 13:30:00,False,13:30:00,2023-11-26
151,2023-11-26 13:45:00,False,13:45:00,2023-11-26
152,2023-11-26 14:00:00,False,14:00:00,2023-11-26
153,2023-11-26 14:15:00,False,14:15:00,2023-11-26
154,2023-11-26 14:30:00,False,14:30:00,2023-11-26
155,2023-11-26 14:45:00,False,14:45:00,2023-11-26
156,2023-11-26 15:00:00,False,15:00:00,2023-11-26
157,2023-11-26 15:15:00,False,15:15:00,2023-11-26
158,2023-11-26 15:30:00,False,15:30:00,2023-11-26
159,2023-11-26 15:45:00,False,15:45:00,2023-11-26
160,2023-11-26 16:00:00,False,16:00:00,2023-11-26
161,2023-11-26 16:15:00,False,16:15:00,2023-11-26
162,2023-11-26 16:30:00,False,16:30:00,2023-11-26
163,2023-11-26 16:45:00,False,16:45:00,2023-11-26
164,2023-11-26 17:00:00,False,17:00:00,2023-11-26
165,2023-11-26 17:15:00,False,17:15:00,2023-11-26
166,2023-11-26 17:30:00,False,17:30:00,2023-11-26
167,2023-11-26 17:45:00,False,17:45:00,2023-11-26
168,2023-11-26 18:00:00,False,18:00:00,2023-11-26
169,2023-11-26 18:15:00,False,18:15:00,2023-11-26
170,2023-11-26 18:30:00,False,18:30:00,2023-11-26
171,2023-11-26 18:45:00,False,18:45:00,2023-11-26
172,2023-11-26 19:00:00,False,19:00:00,2023-11-26
173,2023-11-26 19:15:00,False,19:15:00,2023-11-26
174,2023-11-26 19:30:00,False,19:30:00,2023-11-26
175,2023-11-26 19:45:00,False,19:45:00,2023-11-26
176,2023-11-26 20:00:00,False,20:00:00,2023-11-26
177,2023-11-26 20:15:00,False,20:15:00,2023-11-26
178,2023-11-26 20:30:00,False,20:30:00,2023-11-26
179,2023-11-26 20:45:00,False,20:45:00,2023-11-26
180,2023-11-26 21:00:00,False,21:00:00,2023-11-26
181,2023-11-26 21:15:00,False,21:15:00,2023-11-26
182,2023-11-26 21:30:00,False,21:30:00,2023-11-26
183,2023-11-26 21:45:00,False,21:45:00,2023-11-26
184,2023-11-26 22:00:00,False,22:00:00,2023-11-26
185,2023-11-26 22:15:00,False,22:15:00,2023-11-26
186,2023-11-26 22:30:00,False,22:30:00,2023-11-26
187,2023-11-26 22:45:00,False,22:45:00,2023-11-26
188,2023-11-26 23:00:00,False,23:00:00,2023-11-26
189,2023-11-26 23:15:00,False,23:15:00,2023-11-26
190,2023-11-26 23:30:00,False,23:30:00,2023-11-26
191,2023-11-26 23:45:00,False,23:45:00,2023-11-26
192,2023-11-27 00:00:00,False,00:00:00,2023-11-27
193,2023-11-27 00:15:00,False,00:15:00,2023-11-27
194,2023-11-27 00:30:00,False,00:30:00,2023-11-27
195,2023-11-27 00:45:00,False,00:45:00,2023-11-27
196,2023-11-27 01:00:00,False,01:00:00,2023-11-27
197,2023-11-27 01:15:00,False,01:15:00,2023-11-27
198,2023-11-27 01:30:00,False,01:30:00,2023-11-27
199,2023-11-27 01:45:00,False,01:45:00,2023-11-27
200,2023-11-27 02:00:00,False,02:00:00,2023-11-27
201,2023-11-27 02:15:00,False,02:15:00,2023-11-27
202,2023-11-27 02:30:00,False,02:30:00,2023-11-27
203,2023-11-27 02:45:00,False,02:45:00,2023-11-27
204,2023-11-27 03:00:00,False,03:00:00,2023-11-27
205,2023-11-27 03:15:00,False,03:15:00,2023-11-27
206,2023-11-27 03:30:00,False,03:30:00,2023-11-27
207,2023-11-27 03:45:00,False,03:45:00,2023-11-27
208,2023-11-27 04:00:00,False,04:00:00,2023-11-27
209,2023-11-27 04:15:00,False,04:15:00,2023-11-27
210,2023-11-27 04:30:00,False,04:30:00,2023-11-27
211,2023-11-27 04:45:00,False,04:45:00,2023-11-27
212,2023-11-27 05:00:00,False,05:00:00,2023-11-27
213,2023-11-27 05:15:00,False,05:15:00,2023-11-27
214,2023-11-27 05:30:00,False,05:30:00,2023-11-27
215,2023-11-27 05:45:00,False,05:45:00,2023-11-27
216,2023-11-27 06:00:00,False,06:00:00,2023-11-27
217,2023-11-27 06:15:00,False,06:15:00,2023-11-27
218,2023-11-27 06:30:00,False,06:30:00,2023-11-27
219,2023-11-27 06:45:00,False,06:45:00,2023-11-27
220,2023-11-27 07:00:00,False,07:00:00,2023-11-27
221,2023-11-27 07:15:00,False,07:15:00,2023-11-27
222,2023-11-27 07:30:00,False,07:30:00,2023-11-27
223,2023-11-27 07:45:00,False,07:45:00,2023-11-27
224,2023-11-27 08:00:00,False,08:00:00,2023-11-27
225,2023-11-27 08:15:00,False,08:15:00,2023-11-27
226,2023-11-27 08:30:00,False,08:30:00,2023-11-27
227,2023-11-27 08:45:00,False,08:45:00,2023-11-27
228,2023-11-27 09:00:00,False,09:00:00,2023-11-27
229,2023-11-27 09:15:00,False,09:15:00,2023-11-27
230,2023-11-27 09:30:00,False,09:30:00,2023-11-27
231,2023-11-27 09:45:00,False,09:45:00,2023-11-27
232,2023-11-27 10:00:00,False,10:00:00,2023-11-27
233,2023-11-27 10:15:00,False,10:15:00,2023-11-27
234,2023-11-27 10:30:00,False,10:30:00,2023-11-27
235,2023-11-27 10:45:00,False,10:45:00,2023-11-27
236,2023-11-27 11:00:00,False,11:00:00,2023-11-27
237,2023-11-27 11:15:00,False,11:15:00,2023-11-27
238,2023-11-27 11:30:00,False,11:30:00,2023-11-27
239,2023-11-27 11:45:00,False,11:45:00,2023-11-27
240,2023-11-27 12:00:00,False,12:00:00,2023-11-27
241,2023-11-27 12:15:00,False,12:15:00,2023-11-27
242,2023-11-27 12:30:00,False,12:30:00,2023-11-27
243,2023-11-27 12:45:00,False,12:45:00,2023-11-27
244,2023-11-27 13:00:00,False,13:00:00,2023-11-27
245,2023-11-27 13:15:00,False,13:15:00,2023-11-27
246,2023-11-27 13:30:00,False,13:30:00,2023-11-27
247,2023-11-27 13:45:00,False,13:45:00,2023-11-27
248,2023-11-27 14:00:00,False,14:00:00,2023-11-27
249,2023-11-27 14:15:00,False,14:15:00,2023-11-27
250,2023-11-27 14:30:00,False,14:30:00,2023-11-27
251,2023-11-27 14:45:00,False,14:45:00,2023-11-27
252,2023-11-27 15:00:00,False,15:00:00,2023-11-27
253,2023-11-27 15:15:00,False,15:15:00,2023-11-27
254,2023-11-27 15:30:00,False,15:30:00,2023-11-27
255,2023-11-27 15:45:00,False,15:45:00,2023-11-27
256,2023-11-27 16:00:00,False,16:00:00,2023-11-27
257,2023-11-27 16:15:00,False,16:15:00,2023-11-27
258,2023-11-27 16:30:00,False,16:30:00,2023-11-27
259,2023-11-27 16:45:00,False,16:45:00,2023-11-27
260,2023-11-27 17:00:00,False,17:00:00,2023-11-27
261,2023-11-27 17:15:00,False,17:15:00,2023-11-27
262,2023-11-27 17:30:00,False,17:30:00,2023-11-27
263,2023-11-27 17:45:00,False,17:45:00,2023-11-27
264,2023-11-27 18:00:00,False,18:00:00,2023-11-27
265,2023-11-27 18:15:00,False,18:15:00,2023-11-27
266,2023-11-27 18:30:00,False,18:30:00,2023-11-27
267,2023-11-27 18:45:00,False,18:45:00,2023-11-27
268,2023-11-27 19:00:00,False,19:00:00,2023-11-27
269,2023-11-27 19:15:00,False,19:15:00,2023-11-27
270,2023-11-27 19:30:00,False,19:30:00,2023-11-27
271,2023-11-27 19:45:00,False,19:45:00,2023-11-27
272,2023-11-27 20:00:00,False,20:00:00,2023-11-27
273,2023-11-27 20:15:00,False,20:15:00,2023-11-27
274,2023-11-27 20:30:00,False,20:30:00,2023-11-27
275,2023-11-27 20:45:00,False,20:45:00,2023-11-27
276,2023-11-27 21:00:00,False,21:00:00,2023-11-27
277,2023-11-27 21:15:00,False,21:15:00,2023-11-27
278,2023-11-27 21:30:00,False,21:30:00,2023-11-27
279,2023-11-27 21:45:00,False,21:45:00,2023-11-27
280,2023-11-27 22:00:00,False,22:00:00,2023-11-27
281,2023-11-27 22:15:00,False,22:15:00,2023-11-27
282,2023-11-27 22:30:00,False,22:30:00,2023-11-27
283,2023-11-27 22:45:00,False,22:45:00,2023-11-27
284,2023-11-27 23:00:00,False,23:00:00,2023-11-27
285,2023-11-27 23:15:00,False,23:15:00,2023-11-27
286,2023-11-27 23:30:00,False,23:30:00,2023-11-27
287,2023-11-27 23:45:00,False,23:45:00,2023-11-27
288,2023-11-28 00:00:00,False,00:00:00,2023-11-28
289,2023-11-28 00:15:00,False,00:15:00,2023-11-28
290,2023-11-28 00:30:00,False,00:30:00,2023-11-28
291,2023-11-28 00:45:00,False,00:45:00,2023-11-28
292,2023-11-28 01:00:00,False,01:00:00,2023-11-28
293,2023-11-28 01:15:00,False,01:15:00,2023-11-28
294,2023-11-28 01:30:00,False,01:30:00,2023-11-28
295,2023-11-28 01:45:00,False,01:45:00,2023-11-28
296,2023-11-28 02:00:00,False,02:00:00,2023-11-28
297,2023-11-28 02:15:00,False,02:15:00,2023-11-28
298,2023-11-28 02:30:00,False,02:30:00,2023-11-28
299,2023-11-28 02:45:00,False,02:45:00,2023-11-28
300,2023-11-28 03:00:00,False,03:00:00,2023-11-28
301,2023-11-28 03:15:00,False,03:15:00,2023-11-28
302,2023-11-28 03:30:00,False,03:30:00,2023-11-28
303,2023-11-28 03:45:00,False,03:45:00,2023-11-28
304,2023-11-28 04:00:00,False,04:00:00,2023-11-28
305,2023-11-28 04:15:00,False,04:15:00,2023-11-28
306,2023-11-28 04:30:00,False,04:30:00,2023-11-28
307,2023-11-28 04:45:00,False,04:45:00,2023-11-28
308,2023-11-28 05:00:00,False,05:00:00,2023-11-28
309,2023-11-28 05:15:00,False,05:15:00,2023-11-28
310,2023-11-28 05:30:00,False,05:30:00,2023-11-28
311,2023-11-28 05:45:00,False,05:45:00,2023-11-28
312,2023-11-28 06:00:00,False,06:00:00,2023-11-28
313,2023-11-28 06:15:00,False,06:15:00,2023-11-28
314,2023-11-28 06:30:00,False,06:30:00,2023-11-28
315,2023-11-28 06:45:00,False,06:45:00,2023-11-28
316,2023-11-28 07:00:00,False,07:00:00,2023-11-28
317,2023-11-28 07:15:00,True,07:15:00,2023-11-28
318,2023-11-28 07:30:00,False,07:30:00,2023-11-28
319,2023-11-28 07:45:00,False,07:45:00,2023-11-28
320,2023-11-28 08:00:00,False,08:00:00,2023-11-28
321,2023-11-28 08:15:00,False,08:15:00,2023-11-28
322,2023-11-28 08:30:00,False,08:30:00,2023-11-28
323,2023-11-28 08:45:00,False,08:45:00,2023-11-28
324,2023-11-28 09:00:00,False,09:00:00,2023-11-28
325,2023-11-28 09:15:00,False,09:15:00,2023-11-28
326,2023-11-28 09:30:00,False,09:30:00,2023-11-28
327,2023-11-28 09:45:00,False,09:45:00,2023-11-28
328,2023-11-28 10:00:00,False,10:00:00,2023-11-28
329,2023-11-28 10:15:00,False,10:15:00,2023-11-28
330,2023-11-28 10:30:00,False,10:30:00,2023-11-28
331,2023-11-28 10:45:00,False,10:45:00,2023-11-28
332,2023-11-28 11:00:00,False,11:00:00,2023-11-28
333,2023-11-28 11:15:00,False,11:15:00,2023-11-28
334,2023-11-28 11:30:00,False,11:30:00,2023-11-28
335,2023-11-28 11:45:00,False,11:45:00,2023-11-28
336,2023-11-28 12:00:00,False,12:00:00,2023-11-28
337,2023-11-28 12:15:00,False,12:15:00,2023-11-28
338,2023-11-28 12:30:00,False,12:30:00,2023-11-28
339,2023-11-28 12:45:00,False,12:45:00,2023-11-28
340,2023-11-28 13:00:00,False,13:00:00,2023-11-28
341,2023-11-28 13:15:00,False,13:15:00,2023-11-28
342,2023-11-28 13:30:00,False,13:30:00,2023-11-28
343,2023-11-28 13:45:00,False,13:45:00,2023-11-28
344,2023-11-28 14:00:00,False,14:00:00,2023-11-28
345,2023-11-28 14:15:00,False,14:15:00,2023-11-28
346,2023-11-28 14:30:00,False,14:30:00,2023-11-28
347,2023-11-28 14:45:00,False,14:45:00,2023-11-28
348,2023-11-28 15:00:00,False,15:00:00,2023-11-28
349,2023-11-28 15:15:00,False,15:15:00,2023-11-28
350,2023-11-28 15:30:00,False,15:30:00,2023-11-28
351,2023-11-28 15:45:00,False,15:45:00,2023-11-28
352,2023-11-28 16:00:00,False,16:00:00,2023-11-28
353,2023-11-28 16:15:00,False,16:15:00,2023-11-28
354,2023-11-28 16:30:00,False,16:30:00,2023-11-28
355,2023-11-28 16:45:00,False,16:45:00,2023-11-28
356,2023-11-28 17:00:00,False,17:00:00,2023-11-28
357,2023-11-28 17:15:00,False,17:15:00,2023-11-28
358,2023-11-28 17:30:00,False,17:30:00,2023-11-28
359,2023-11-28 17:45:00,False,17:45:00,2023-11-28
360,2023-11-28 18:00:00,False,18:00:00,2023-11-28
361,2023-11-28 18:15:00,False,18:15:00,2023-11-28
362,2023-11-28 18:30:00,False,18:30:00,2023-11-28
363,2023-11-28 18:45:00,False,18:45:00,2023-11-28
364,2023-11-28 19:00:00,False,19:00:00,2023-11-28
365,2023-11-28 19:15:00,False,19:15:00,2023-11-28
366,2023-11-28 19:30:00,False,19:30:00,2023-11-28
367,2023-11-28 19:45:00,False,19:45:00,2023-11-28
368,2023-11-28 20:00:00,False,20:00:00,2023-11-28
369,2023-11-28 20:15:00,False,20:15:00,2023-11-28
370,2023-11-28 20:30:00,False,20:30:00,2023-11-28
371,2023-11-28 20:45:00,False,20:45:00,2023-11-28
372,2023-11-28 21:00:00,False,21:00:00,2023-11-28
373,2023-11-28 21:15:00,False,21:15:00,2023-11-28
374,2023-11-28 21:30:00,False,21:30:00,2023-11-28
375,2023-11-28 21:45:00,False,21:45:00,2023-11-28
376,2023-11-28 22:00:00,False,22:00:00,2023-11-28
377,2023-11-28 22:15:00,False,22:15:00,2023-11-28
378,2023-11-28 22:30:00,False,22:30:00,2023-11-28
379,2023-11-28 22:45:00,False,22:45:00,2023-11-28
380,2023-11-28 23:00:00,False,23:00:00,2023-11-28
381,2023-11-28 23:15:00,False,23:15:00,2023-11-28
382,2023-11-28 23:30:00,False,23:30:00,2023-11-28
383,2023-11-28 23:45:00,False,23:45:00,2023-11-28
384,2023-11-29 00:00:00,False,00:00:00,2023-11-29
385,2023-11-29 00:15:00,False,00:15:00,2023-11-29
386,2023-11-29 00:30:00,False,00:30:00,2023-11-29
387,2023-11-29 00:45:00,False,00:45:00,2023-11-29
388,2023-11-29 01:00:00,False,01:00:00,2023-11-29
389,2023-11-29 01:15:00,False,01:15:00,2023-11-29
390,2023-11-29 01:30:00,False,01:30:00,2023-11-29
391,2023-11-29 01:45:00,False,01:45:00,2023-11-29
392,2023-11-29 02:00:00,False,02:00:00,2023-11-29
393,2023-11-29 02:15:00,False,02:15:00,2023-11-29
394,2023-11-29 02:30:00,False,02:30:00,2023-11-29
395,2023-11-29 02:45:00,False,02:45:00,2023-11-29
396,2023-11-29 03:00:00,False,03:00:00,2023-11-29
397,2023-11-29 03:15:00,False,03:15:00,2023-11-29
398,2023-11-29 03:30:00,False,03:30:00,2023-11-29
399,2023-11-29 03:45:00,False,03:45:00,2023-11-29
400,2023-11-29 04:00:00,False,04:00:00,2023-11-29
401,2023-11-29 04:15:00,False,04:15:00,2023-11-29
402,2023-11-29 04:30:00,False,04:30:00,2023-11-29
403,2023-11-29 04:45:00,False,04:45:00,2023-11-29
404,2023-11-29 05:00:00,False,05:00:00,2023-11-29
405,2023-11-29 05:15:00,False,05:15:00,2023-11-29
406,2023-11-29 05:30:00,False,05:30:00,2023-11-29
407,2023-11-29 05:45:00,False,05:45:00,2023-11-29
408,2023-11-29 06:00:00,False,06:00:00,2023-11-29
409,2023-11-29 06:15:00,False,06:15:00,2023-11-29
410,2023-11-29 06:30:00,False,06:30:00,2023-11-29
411,2023-11-29 06:45:00,False,06:45:00,2023-11-29
412,2023-11-29 07:00:00,False,07:00:00,2023-11-29
413,2023-11-29 07:15:00,False,07:15:00,2023-11-29
414,2023-11-29 07:30:00,False,07:30:00,2023-11-29
415,2023-11-29 07:45:00,False,07:45:00,2023-11-29
416,2023-11-29 08:00:00,False,08:00:00,2023-11-29
417,2023-11-29 08:15:00,False,08:15:00,2023-11-29
418,2023-11-29 08:30:00,False,08:30:00,2023-11-29
419,2023-11-29 08:45:00,False,08:45:00,2023-11-29
420,2023-11-29 09:00:00,False,09:00:00,2023-11-29
421,2023-11-29 09:15:00,False,09:15:00,2023-11-29
422,2023-11-29 09:30:00,False,09:30:00,2023-11-29
423,2023-11-29 09:45:00,False,09:45:00,2023-11-29
424,2023-11-29 10:00:00,False,10:00:00,2023-11-29
425,2023-11-29 10:15:00,False,10:15:00,2023-11-29
426,2023-11-29 10:30:00,False,10:30:00,2023-11-29
427,2023-11-29 10:45:00,False,10:45:00,2023-11-29
428,2023-11-29 11:00:00,False,11:00:00,2023-11-29
429,2023-11-29 11:15:00,False,11:15:00,2023-11-29
430,2023-11-29 11:30:00,False,11:30:00,2023-11-29
431,2023-11-29 11:45:00,False,11:45:00,2023-11-29
432,2023-11-29 12:00:00,False,12:00:00,2023-11-29
433,2023-11-29 12:15:00,False,12:15:00,2023-11-29
434,2023-11-29 12:30:00,False,12:30:00,2023-11-29
435,2023-11-29 12:45:00,False,12:45:00,2023-11-29
436,2023-11-29 13:00:00,False,13:00:00,2023-11-29
437,2023-11-29 13:15:00,False,13:15:00,2023-11-29
438,2023-11-29 13:30:00,False,13:30:00,2023-11-29
439,2023-11-29 13:45:00,False,13:45:00,2023-11-29
440,2023-11-29 14:00:00,False,14:00:00,2023-11-29
441,2023-11-29 14:15:00,False,14:15:00,2023-11-29
442,2023-11-29 14:30:00,False,14:30:00,2023-11-29
443,2023-11-29 14:45:00,False,14:45:00,2023-11-29
444,2023-11-29 15:00:00,False,15:00:00,2023-11-29
445,2023-11-29 15:15:00,False,15:15:00,2023-11-29
446,2023-11-29 15:30:00,False,15:30:00,2023-11-29
447,2023-11-29 15:45:00,False,15:45:00,2023-11-29
448,2023-11-29 16:00:00,False,16:00:00,2023-11-29
449,2023-11-29 16:15:00,False,16:15:00,2023-11-29
450,2023-11-29 16:30:00,False,16:30:00,2023-11-29
451,2023-11-29 16:45:00,False,16:45:00,2023-11-29
452,2023-11-29 17:00:00,False,17:00:00,2023-11-29
453,2023-11-29 17:15:00,False,17:15:00,2023-11-29
454,2023-11-29 17:30:00,False,17:30:00,2023-11-29
455,2023-11-29 17:45:00,False,17:45:00,2023-11-29
456,2023-11-29 18:00:00,False,18:00:00,2023-11-29
457,2023-11-29 18:15:00,False,18:15:00,2023-11-29
458,2023-11-29 18:30:00,False,18:30:00,2023-11-29
459,2023-11-29 18:45:00,False,18:45:00,2023-11-29
460,2023-11-29 19:00:00,False,19:00:00,2023-11-29
461,2023-11-29 19:15:00,False,19:15:00,2023-11-29
462,2023-11-29 19:30:00,False,19:30:00,2023-11-29
463,2023-11-29 19:45:00,False,19:45:00,2023-11-29
464,2023-11-29 20:00:00,False,20:00:00,2023-11-29
465,2023-11-29 20:15:00,False,20:15:00,2023-11-29
466,2023-11-29 20:30:00,False,20:30:00,2023-11-29
467,2023-11-29 20:45:00,False,20:45:00,2023-11-29
468,2023-11-29 21:00:00,False,21:00:00,2023-11-29
469,2023-11-29 21:15:00,False,21:15:00,2023-11-29
470,2023-11-29 21:30:00,False,21:30:00,2023-11-29
471,2023-11-29 21:45:00,False,21:45:00,2023-11-29
472,2023-11-29 22:00:00,False,22:00:00,2023-11-29
473,2023-11-29 22:15:00,False,22:15:00,2023-11-29
474,2023-11-29 22:30:00,False,22:30:00,2023-11-29
475,2023-11-29 22:45:00,False,22:45:00,2023-11-29
476,2023-11-29 23:00:00,False,23:00:00,2023-11-29
477,2023-11-29 23:15:00,False,23:15:00,2023-11-29
478,2023-11-29 23:30:00,False,23:30:00,2023-11-29
479,2023-11-29 23:45:00,False,23:45:00,2023-11-29
480,2023-11-30 00:00:00,False,00:00:00,2023-11-30
481,2023-11-30 00:15:00,False,00:15:00,2023-11-30
482,2023-11-30 00:30:00,False,00:30:00,2023-11-30
483,2023-11-30 00:45:00,False,00:45:00,2023-11-30
484,2023-11-30 01:00:00,False,01:00:00,2023-11-30
485,2023-11-30 01:15:00,False,01:15:00,2023-11-30
486,2023-11-30 01:30:00,False,01:30:00,2023-11-30
487,2023-11-30 01:45:00,False,01:45:00,2023-11-30
488,2023-11-30 02:00:00,False,02:00:00,2023-11-30
489,2023-11-30 02:15:00,False,02:15:00,2023-11-30
490,2023-11-30 02:30:00,False,02:30:00,2023-11-30
491,2023-11-30 02:45:00,False,02:45:00,2023-11-30
492,2023-11-30 03:00:00,False,03:00:00,2023-11-30
493,2023-11-30 03:15:00,False,03:15:00,2023-11-30
494,2023-11-30 03:30:00,False,03:30:00,2023-11-30
495,2023-11-30 03:45:00,False,03:45:00,2023-11-30
496,2023-11-30 04:00:00,False,04:00:00,2023-11-30
497,2023-11-30 04:15:00,False,04:15:00,2023-11-30
498,2023-11-30 04:30:00,False,04:30:00,2023-11-30
499,2023-11-30 04:45:00,False,04:45:00,2023-11-30
500,2023-11-30 05:00:00,False,05:00:00,2023-11-30
501,2023-11-30 05:15:00,False,05:15:00,2023-11-30
502,2023-11-30 05:30:00,False,05:30:00,2023-11-30
503,2023-11-30 05:45:00,False,05:45:00,2023-11-30
504,2023-11-30 06:00:00,False,06:00:00,2023-11-30
505,2023-11-30 06:15:00,False,06:15:00,2023-11-30
506,2023-11-30 06:30:00,False,06:30:00,2023-11-30
507,2023-11-30 06:45:00,False,06:45:00,2023-11-30
508,2023-11-30 07:00:00,False,07:00:00,2023-11-30
509,2023-11-30 07:15:00,False,07:15:00,2023-11-30
510,2023-11-30 07:30:00,False,07:30:00,2023-11-30
511,2023-11-30 07:45:00,False,07:45:00,2023-11-30
512,2023-11-30 08:00:00,False,08:00:00,2023-11-30
513,2023-11-30 08:15:00,False,08:15:00,2023-11-30
514,2023-11-30 08:30:00,True,08:30:00,2023-11-30
515,2023-11-30 08:45:00,True,08:45:00,2023-11-30
516,2023-11-30 09:00:00,False,09:00:00,2023-11-30
517,2023-11-30 09:15:00,False,09:15:00,2023-11-30
518,2023-11-30 09:30:00,False,09:30:00,2023-11-30
519,2023-11-30 09:45:00,False,09:45:00,2023-11-30
520,2023-11-30 10:00:00,False,10:00:00,2023-11-30
521,2023-11-30 10:15:00,False,10:15:00,2023-11-30
522,2023-11-30 10:30:00,False,10:30:00,2023-11-30
523,2023-11-30 10:45:00,False,10:45:00,2023-11-30
524,2023-11-30 11:00:00,False,11:00:00,2023-11-30
525,2023-11-30 11:15:00,False,11:15:00,2023-11-30
526,2023-11-30 11:30:00,False,11:30:00,2023-11-30
527,2023-11-30 11:45:00,False,11:45:00,2023-11-30
528,2023-11-30 12:00:00,False,12:00:00,2023-11-30
529,2023-11-30 12:15:00,False,12:15:00,2023-11-30
530,2023-11-30 12:30:00,False,12:30:00,2023-11-30
531,2023-11-30 12:45:00,False,12:45:00,2023-11-30
532,2023-11-30 13:00:00,False,13:00:00,2023-11-30
533,2023-11-30 13:15:00,False,13:15:00,2023-11-30
534,2023-11-30 13:30:00,False,13:30:00,2023-11-30
535,2023-11-30 13:45:00,False,13:45:00,2023-11-30
536,2023-11-30 14:00:00,False,14:00:00,2023-11-30
537,2023-11-30 14:15:00,False,14:15:00,2023-11-30
538,2023-11-30 14:30:00,False,14:30:00,2023-11-30
539,2023-11-30 14:45:00,False,14:45:00,2023-11-30
540,2023-11-30 15:00:00,False,15:00:00,2023-11-30
541,2023-11-30 15:15:00,False,15:15:00,2023-11-30
542,2023-11-30 15:30:00,False,15:30:00,2023-11-30
543,2023-11-30 15:45:00,False,15:45:00,2023-11-30
544,2023-11-30 16:00:00,False,16:00:00,2023-11-30
545,2023-11-30 16:15:00,False,16:15:00,2023-11-30
546,2023-11-30 16:30:00,False,16:30:00,2023-11-30
547,2023-11-30 16:45:00,False,16:45:00,2023-11-30
548,2023-11-30 17:00:00,False,17:00:00,2023-11-30
549,2023-11-30 17:15:00,False,17:15:00,2023-11-30
550,2023-11-30 17:30:00,False,17:30:00,2023-11-30
551,2023-11-30 17:45:00,False,17:45:00,2023-11-30
552,2023-11-30 18:00:00,False,18:00:00,2023-11-30
553,2023-11-30 18:15:00,False,18:15:00,2023-11-30
554,2023-11-30 18:30:00,False,18:30:00,2023-11-30
555,2023-11-30 18:45:00,False,18:45:00,2023-11-30
556,2023-11-30 19:00:00,False,19:00:00,2023-11-30
557,2023-11-30 19:15:00,False,19:15:00,2023-11-30
558,2023-11-30 19:30:00,False,19:30:00,2023-11-30
559,2023-11-30 19:45:00,False,19:45:00,2023-11-30
560,2023-11-30 20:00:00,False,20:00:00,2023-11-30
561,2023-11-30 20:15:00,False,20:15:00,2023-11-30
562,2023-11-30 20:30:00,False,20:30:00,2023-11-30
563,2023-11-30 20:45:00,True,20:45:00,2023-11-30
564,2023-11-30 21:00:00,True,21:00:00,2023-11-30
565,2023-11-30 21:15:00,True,21:15:00,2023-11-30
566,2023-11-30 21:30:00,True,21:30:00,2023-11-30
567,2023-11-30 21:45:00,True,21:45:00,2023-11-30
568,2023-11-30 22:00:00,True,22:00:00,2023-11-30
569,2023-11-30 22:15:00,False,22:15:00,2023-11-30
570,2023-11-30 22:30:00,False,22:30:00,2023-11-30
571,2023-11-30 22:45:00,False,22:45:00,2023-11-30
572,2023-11-30 23:00:00,False,23:00:00,2023-11-30
573,2023-11-30 23:15:00,False,23:15:00,2023-11-30
574,2023-11-30 23:30:00,False,23:30:00,2023-11-30
575,2023-11-30 23:45:00,False,23:45:00,2023-11-30
576,2023-12-01 00:00:00,False,00:00:00,2023-12-01
577,2023-12-01 00:15:00,False,00:15:00,2023-12-01
578,2023-12-01 00:30:00,False,00:30:00,2023-12-01
579,2023-12-01 00:45:00,False,00:45:00,2023-12-01
580,2023-12-01 01:00:00,False,01:00:00,2023-12-01
581,2023-12-01 01:15:00,False,01:15:00,2023-12-01
582,2023-12-01 01:30:00,False,01:30:00,2023-12-01
583,2023-12-01 01:45:00,False,01:45:00,2023-12-01
584,2023-12-01 02:00:00,False,02:00:00,2023-12-01
585,2023-12-01 02:15:00,False,02:15:00,2023-12-01
586,2023-12-01 02:30:00,False,02:30:00,2023-12-01
587,2023-12-01 02:45:00,False,02:45:00,2023-12-01
588,2023-12-01 03:00:00,False,03:00:00,2023-12-01
589,2023-12-01 03:15:00,False,03:15:00,2023-12-01
590,2023-12-01 03:30:00,False,03:30:00,2023-12-01
591,2023-12-01 03:45:00,False,03:45:00,2023-12-01
592,2023-12-01 04:00:00,False,04:00:00,2023-12-01
593,2023-12-01 04:15:00,False,04:15:00,2023-12-01
594,2023-12-01 04:30:00,False,04:30:00,2023-12-01
595,2023-12-01 04:45:00,False,04:45:00,2023-12-01
596,2023-12-01 05:00:00,False,05:00:00,2023-12-01
597,2023-12-01 05:15:00,False,05:15:00,2023-12-01
598,2023-12-01 05:30:00,False,05:30:00,2023-12-01
599,2023-12-01 05:45:00,False,05:45:00,2023-12-01
600,2023-12-01 06:00:00,False,06:00:00,2023-12-01
601,2023-12-01 06:15:00,False,06:15:00,2023-12-01
602,2023-12-01 06:30:00,False,06:30:00,2023-12-01
603,2023-12-01 06:45:00,False,06:45:00,2023-12-01
604,2023-12-01 07:00:00,False,07:00:00,2023-12-01
605,2023-12-01 07:15:00,False,07:15:00,2023-12-01
606,2023-12-01 07:30:00,False,07:30:00,2023-12-01
607,2023-12-01 07:45:00,False,07:45:00,2023-12-01
608,2023-12-01 08:00:00,False,08:00:00,2023-12-01
609,2023-12-01 08:15:00,False,08:15:00,2023-12-01
610,2023-12-01 08:30:00,False,08:30:00,2023-12-01
611,2023-12-01 08:45:00,False,08:45:00,2023-12-01
612,2023-12-01 09:00:00,False,09:00:00,2023-12-01
613,2023-12-01 09:15:00,False,09:15:00,2023-12-01
614,2023-12-01 09:30:00,False,09:30:00,2023-12-01
615,2023-12-01 09:45:00,False,09:45:00,2023-12-01
616,2023-12-01 10:00:00,False,10:00:00,2023-12-01
617,2023-12-01 10:15:00,False,10:15:00,2023-12-01
618,2023-12-01 10:30:00,False,10:30:00,2023-12-01
619,2023-12-01 10:45:00,False,10:45:00,2023-12-01
620,2023-12-01 11:00:00,False,11:00:00,2023-12-01
621,2023-12-01 11:15:00,False,11:15:00,2023-12-01
622,2023-12-01 11:30:00,False,11:30:00,2023-12-01
623,2023-12-01 11:45:00,False,11:45:00,2023-12-01
624,2023-12-01 12:00:00,False,12:00:00,2023-12-01
625,2023-12-01 12:15:00,False,12:15:00,2023-12-01
626,2023-12-01 12:30:00,False,12:30:00,2023-12-01
627,2023-12-01 12:45:00,False,12:45:00,2023-12-01
628,2023-12-01 13:00:00,False,13:00:00,2023-12-01
629,2023-12-01 13:15:00,False,13:15:00,2023-12-01
630,2023-12-01 13:30:00,False,13:30:00,2023-12-01
631,2023-12-01 13:45:00,False,13:45:00,2023-12-01
632,2023-12-01 14:00:00,False,14:00:00,2023-12-01
633,2023-12-01 14:15:00,False,14:15:00,2023-12-01
634,2023-12-01 14:30:00,False,14:30:00,2023-12-01
635,2023-12-01 14:45:00,False,14:45:00,2023-12-01
636,2023-12-01 15:00:00,False,15:00:00,2023-12-01
637,2023-12-01 15:15:00,False,15:15:00,2023-12-01
638,2023-12-01 15:30:00,False,15:30:00,2023-12-01
639,2023-12-01 15:45:00,False,15:45:00,2023-12-01
640,2023-12-01 16:00:00,False,16:00:00,2023-12-01
641,2023-12-01 16:15:00,False,16:15:00,2023-12-01
642,2023-12-01 16:30:00,False,16:30:00,2023-12-01
643,2023-12-01 16:45:00,False,16:45:00,2023-12-01
644,2023-12-01 17:00:00,False,17:00:00,2023-12-01
645,2023-12-01 17:15:00,False,17:15:00,2023-12-01
646,2023-12-01 17:30:00,False,17:30:00,2023-12-01
647,2023-12-01 17:45:00,False,17:45:00,2023-12-01
648,2023-12-01 18:00:00,False,18:00:00,2023-12-01
649,2023-12-01 18:15:00,False,18:15:00,2023-12-01
650,2023-12-01 18:30:00,False,18:30:00,2023-12-01
651,2023-12-01 18:45:00,False,18:45:00,2023-12-01
652,2023-12-01 19:00:00,False,19:00:00,2023-12-01
653,2023-12-01 19:15:00,False,19:15:00,2023-12-01
654,2023-12-01 19:30:00,False,19:30:00,2023-12-01
655,2023-12-01 19:45:00,True,19:45:00,2023-12-01
656,2023-12-01 20:00:00,True,20:00:00,2023-12-01
657,2023-12-01 20:15:00,True,20:15:00,2023-12-01
658,2023-12-01 20:30:00,True,20:30:00,2023-12-01
659,2023-12-01 20:45:00,True,20:45:00,2023-12-01
660,2023-12-01 21:00:00,True,21:00:00,2023-12-01
661,2023-12-01 21:15:00,True,21:15:00,2023-12-01
662,2023-12-01 21:30:00,True,21:30:00,2023-12-01
663,2023-12-01 21:45:00,False,21:45:00,2023-12-01
664,2023-12-01 22:00:00,False,22:00:00,2023-12-01
665,2023-12-01 22:15:00,False,22:15:00,2023-12-01
666,2023-12-01 22:30:00,False,22:30:00,2023-12-01
667,2023-12-01 22:45:00,False,22:45:00,2023-12-01
668,2023-12-01 23:00:00,False,23:00:00,2023-12-01
669,2023-12-01 23:15:00,False,23:15:00,2023-12-01
670,2023-12-01 23:30:00,False,23:30:00,2023-12-01
671,2023-12-01 23:45:00,False,23:45:00,2023-12-01
672,2023-12-02 00:00:00,False,00:00:00,2023-12-02
673,2023-12-02 00:15:00,False,00:15:00,2023-12-02
674,2023-12-02 00:30:00,False,00:30:00,2023-12-02
675,2023-12-02 00:45:00,False,00:45:00,2023-12-02
676,2023-12-02 01:00:00,False,01:00:00,2023-12-02
677,2023-12-02 01:15:00,False,01:15:00,2023-12-02
678,2023-12-02 01:30:00,False,01:30:00,2023-12-02
679,2023-12-02 01:45:00,False,01:45:00,2023-12-02
680,2023-12-02 02:00:00,False,02:00:00,2023-12-02
681,2023-12-02 02:15:00,False,02:15:00,2023-12-02
682,2023-12-02 02:30:00,False,02:30:00,2023-12-02
683,2023-12-02 02:45:00,False,02:45:00,2023-12-02
684,2023-12-02 03:00:00,False,03:00:00,2023-12-02
685,2023-12-02 03:15:00,False,03:15:00,2023-12-02
686,2023-12-02 03:30:00,False,03:30:00,2023-12-02
687,2023-12-02 03:45:00,False,03:45:00,2023-12-02
688,2023-12-02 04:00:00,False,04:00:00,2023-12-02
689,2023-12-02 04:15:00,False,04:15:00,2023-12-02
690,2023-12-02 04:30:00,False,04:30:00,2023-12-02
691,2023-12-02 04:45:00,False,04:45:00,2023-12-02
692,2023-12-02 05:00:00,False,05:00:00,2023-12-02
693,2023-12-02 05:15:00,False,05:15:00,2023-12-02
694,2023-12-02 05:30:00,False,05:30:00,2023-12-02
695,2023-12-02 05:45:00,False,05:45:00,2023-12-02
696,2023-12-02 06:00:00,False,06:00:00,2023-12-02
697,2023-12-02 06:15:00,False,06:15:00,2023-12-02
698,2023-12-02 06:30:00,False,06:30:00,2023-12-02
699,2023-12-02 06:45:00,False,06:45:00,2023-12-02
700,2023-12-02 07:00:00,False,07:00:00,2023-12-02
701,2023-12-02 07:15:00,False,07:15:00,2023-12-02
702,2023-12-02 07:30:00,False,07:30:00,2023-12-02
703,2023-12-02 07:45:00,False,07:45:00,2023-12-02
704,2023-12-02 08:00:00,False,08:00:00,2023-12-02
705,2023-12-02 08:15:00,False,08:15:00,2023-12-02
706,2023-12-02 08:30:00,False,08:30:00,2023-12-02
707,2023-12-02 08:45:00,False,08:45:00,2023-12-02
708,2023-12-02 09:00:00,False,09:00:00,2023-12-02
709,2023-12-02 09:15:00,False,09:15:00,2023-12-02
710,2023-12-02 09:30:00,False,09:30:00,2023-12-02
711,2023-12-02 09:45:00,False,09:45:00,2023-12-02
712,2023-12-02 10:00:00,False,10:00:00,2023-12-02
713,2023-12-02 10:15:00,False,10:15:00,2023-12-02
714,2023-12-02 10:30:00,False,10:30:00,2023-12-02
715,2023-12-02 10:45:00,False,10:45:00,2023-12-02
716,2023-12-02 11:00:00,False,11:00:00,2023-12-02
717,2023-12-02 11:15:00,False,11:15:00,2023-12-02
718,2023-12-02 11:30:00,False,11:30:00,2023-12-02
719,2023-12-02 11:45:00,False,11:45:00,2023-12-02
720,2023-12-02 12:00:00,False,12:00:00,2023-12-02
721,2023-12-02 12:15:00,False,12:15:00,2023-12-02
722,2023-12-02 12:30:00,False,12:30:00,2023-12-02
723,2023-12-02 12:45:00,False,12:45:00,2023-12-02
724,2023-12-02 13:00:00,False,13:00:00,2023-12-02
725,2023-12-02 13:15:00,False,13:15:00,2023-12-02
726,2023-12-02 13:30:00,False,13:30:00,2023-12-02
727,2023-12-02 13:45:00,False,13:45:00,2023-12-02
728,2023-12-02 14:00:00,False,14:00:00,2023-12-02
729,2023-12-02 14:15:00,False,14:15:00,2023-12-02
730,2023-12-02 14:30:00,False,14:30:00,2023-12-02
731,2023-12-02 14:45:00,False,14:45:00,2023-12-02
732,2023-12-02 15:00:00,False,15:00:00,2023-12-02
733,2023-12-02 15:15:00,False,15:15:00,2023-12-02
734,2023-12-02 15:30:00,False,15:30:00,2023-12-02
735,2023-12-02 15:45:00,False,15:45:00,2023-12-02
736,2023-12-02 16:00:00,False,16:00:00,2023-12-02
737,2023-12-02 16:15:00,False,16:15:00,2023-12-02
738,2023-12-02 16:30:00,True,16:30:00,2023-12-02
739,2023-12-02 16:45:00,True,16:45:00,2023-12-02
740,2023-12-02 17:00:00,True,17:00:00,2023-12-02
741,2023-12-02 17:15:00,True,17:15:00,2023-12-02
742,2023-12-02 17:30:00,True,17:30:00,2023-12-02
743,2023-12-02 17:45:00,True,17:45:00,2023-12-02
744,2023-12-02 18:00:00,True,18:00:00,2023-12-02
745,2023-12-02 18:15:00,True,18:15:00,2023-12-02
746,2023-12-02 18:30:00,True,18:30:00,2023-12-02
747,2023-12-02 18:45:00,True,18:45:00,2023-12-02
748,2023-12-02 19:00:00,True,19:00:00,2023-12-02
749,2023-12-02 19:15:00,True,19:15:00,2023-12-02
750,2023-12-02 19:30:00,True,19:30:00,2023-12-02
751,2023-12-02 19:45:00,True,19:45:00,2023-12-02
752,2023-12-02 20:00:00,True,20:00:00,2023-12-02
753,2023-12-02 20:15:00,True,20:15:00,2023-12-02
754,2023-12-02 20:30:00,True,20:30:00,2023-12-02
755,2023-12-02 20:45:00,True,20:45:00,2023-12-02
756,2023-12-02 21:00:00,True,21:00:00,2023-12-02
757,2023-12-02 21:15:00,True,21:15:00,2023-12-02
758,2023-12-02 21:30:00,True,21:30:00,2023-12-02
759,2023-12-02 21:45:00,True,21:45:00,2023-12-02
760,2023-12-02 22:00:00,True,22:00:00,2023-12-02
761,2023-12-02 22:15:00,True,22:15:00,2023-12-02
762,2023-12-02 22:30:00,True,22:30:00,2023-12-02
763,2023-12-02 22:45:00,True,22:45:00,2023-12-02
764,2023-12-02 23:00:00,True,23:00:00,2023-12-02
765,2023-12-02 23:15:00,True,23:15:00,2023-12-02
766,2023-12-02 23:30:00,True,23:30:00,2023-12-02
767,2023-12-02 23:45:00,True,23:45:00,2023-12-02
768,2023-12-03 00:00:00,True,00:00:00,2023-12-03
769,2023-12-03 00:15:00,True,00:15:00,2023-12-03
770,2023-12-03 00:30:00,True,00:30:00,2023-12-03
771,2023-12-03 00:45:00,True,00:45:00,2023-12-03
772,2023-12-03 01:00:00,True,01:00:00,2023-12-03
773,2023-12-03 01:15:00,True,01:15:00,2023-12-03
774,2023-12-03 01:30:00,True,01:30:00,2023-12-03
775,2023-12-03 01:45:00,True,01:45:00,2023-12-03
776,2023-12-03 02:00:00,True,02:00:00,2023-12-03
777,2023-12-03 02:15:00,True,02:15:00,2023-12-03
778,2023-12-03 02:30:00,True,02:30:00,2023-12-03
779,2023-12-03 02:45:00,True,02:45:00,2023-12-03
780,2023-12-03 03:00:00,True,03:00:00,2023-12-03
781,2023-12-03 03:15:00,True,03:15:00,2023-12-03
782,2023-12-03 03:30:00,True,03:30:00,2023-12-03
783,2023-12-03 03:45:00,True,03:45:00,2023-12-03
784,2023-12-03 04:00:00,True,04:00:00,2023-12-03
785,2023-12-03 04:15:00,True,04:15:00,2023-12-03
786,2023-12-03 04:30:00,True,04:30:00,2023-12-03
787,2023-12-03 04:45:00,True,04:45:00,2023-12-03
788,2023-12-03 05:00:00,True,05:00:00,2023-12-03
789,2023-12-03 05:15:00,True,05:15:00,2023-12-03
790,2023-12-03 05:30:00,True,05:30:00,2023-12-03
791,2023-12-03 05:45:00,True,05:45:00,2023-12-03
792,2023-12-03 06:00:00,True,06:00:00,2023-12-03
793,2023-12-03 06:15:00,True,06:15:00,2023-12-03
794,2023-12-03 06:30:00,True,06:30:00,2023-12-03
795,2023-12-03 06:45:00,True,06:45:00,2023-12-03
796,2023-12-03 07:00:00,True,07:00:00,2023-12-03
797,2023-12-03 07:15:00,True,07:15:00,2023-12-03
798,2023-12-03 07:30:00,True,07:30:00,2023-12-03
799,2023-12-03 07:45:00,True,07:45:00,2023-12-03
800,2023-12-03 08:00:00,True,08:00:00,2023-12-03
801,2023-12-03 08:15:00,True,08:15:00,2023-12-03
802,2023-12-03 08:30:00,True,08:30:00,2023-12-03
803,2023-12-03 08:45:00,True,08:45:00,2023-12-03
804,2023-12-03 09:00:00,True,09:00:00,2023-12-03
805,2023-12-03 09:15:00,True,09:15:00,2023-12-03
806,2023-12-03 09:30:00,True,09:30:00,2023-12-03
807,2023-12-03 09:45:00,False,09:45:00,2023-12-03
808,2023-12-03 10:00:00,False,10:00:00,2023-12-03
809,2023-12-03 10:15:00,False,10:15:00,2023-12-03
810,2023-12-03 10:30:00,False,10:30:00,2023-12-03
811,2023-12-03 10:45:00,False,10:45:00,2023-12-03
812,2023-12-03 11:00:00,False,11:00:00,2023-12-03
813,2023-12-03 11:15:00,False,11:15:00,2023-12-03
814,2023-12-03 11:30:00,False,11:30:00,2023-12-03
815,2023-12-03 11:45:00,False,11:45:00,2023-12-03
816,2023-12-03 12:00:00,False,12:00:00,2023-12-03
817,2023-12-03 12:15:00,False,12:15:00,2023-12-03
818,2023-12-03 12:30:00,False,12:30:00,2023-12-03
819,2023-12-03 12:45:00,False,12:45:00,2023-12-03
820,2023-12-03 13:00:00,False,13:00:00,2023-12-03
821,2023-12-03 13:15:00,False,13:15:00,2023-12-03
822,2023-12-03 13:30:00,False,13:30:00,2023-12-03
823,2023-12-03 13:45:00,False,13:45:00,2023-12-03
824,2023-12-03 14:00:00,False,14:00:00,2023-12-03
825,2023-12-03 14:15:00,False,14:15:00,2023-12-03
826,2023-12-03 14:30:00,False,14:30:00,2023-12-03
827,2023-12-03 14:45:00,False,14:45:00,2023-12-03
828,2023-12-03 15:00:00,False,15:00:00,2023-12-03
829,2023-12-03 15:15:00,False,15:15:00,2023-12-03
830,2023-12-03 15:30:00,False,15:30:00,2023-12-03
831,2023-12-03 15:45:00,False,15:45:00,2023-12-03
832,2023-12-03 16:00:00,False,16:00:00,2023-12-03
833,2023-12-03 16:15:00,False,16:15:00,2023-12-03
834,2023-12-03 16:30:00,False,16:30:00,2023-12-03
835,2023-12-03 16:45:00,False,16:45:00,2023-12-03
836,2023-12-03 17:00:00,False,17:00:00,2023-12-03
837,2023-12-03 17:15:00,False,17:15:00,2023-12-03
838,2023-12-03 17:30:00,False,17:30:00,2023-12-03
839,2023-12-03 17:45:00,False,17:45:00,2023-12-03
840,2023-12-03 18:00:00,False,18:00:00,2023-12-03
841,2023-12-03 18:15:00,False,18:15:00,2023-12-03
842,2023-12-03 18:30:00,False,18:30:00,2023-12-03
843,2023-12-03 18:45:00,False,18:45:00,2023-12-03
844,2023-12-03 19:00:00,False,19:00:00,2023-12-03
845,2023-12-03 19:15:00,False,19:15:00,2023-12-03
846,2023-12-03 19:30:00,False,19:30:00,2023-12-03
847,2023-12-03 19:45:00,False,19:45:00,2023-12-03
848,2023-12-03 20:00:00,False,20:00:00,2023-12-03
849,2023-12-03 20:15:00,False,20:15:00,2023-12-03
850,2023-12-03 20:30:00,False,20:30:00,2023-12-03
851,2023-12-03 20:45:00,False,20:45:00,2023-12-03
852,2023-12-03 21:00:00,False,21:00:00,2023-12-03
853,2023-12-03 21:15:00,False,21:15:00,2023-12-03
854,2023-12-03 21:30:00,False,21:30:00,2023-12-03
855,2023-12-03 21:45:00,False,21:45:00,2023-12-03
856,2023-12-03 22:00:00,False,22:00:00,2023-12-03
857,2023-12-03 22:15:00,False,22:15:00,2023-12-03
858,2023-12-03 22:30:00,False,22:30:00,2023-12-03
859,2023-12-03 22:45:00,False,22:45:00,2023-12-03
860,2023-12-03 23:00:00,False,23:00:00,2023-12-03
861,2023-12-03 23:15:00,False,23:15:00,2023-12-03
862,2023-12-03 23:30:00,False,23:30:00,2023-12-03
863,2023-12-03 23:45:00,False,23:45:00,2023-12-03
864,2023-12-04 00:00:00,False,00:00:00,2023-12-04
865,2023-12-04 00:15:00,False,00:15:00,2023-12-04
866,2023-12-04 00:30:00,False,00:30:00,2023-12-04
867,2023-12-04 00:45:00,False,00:45:00,2023-12-04
868,2023-12-04 01:00:00,False,01:00:00,2023-12-04
869,2023-12-04 01:15:00,False,01:15:00,2023-12-04
870,2023-12-04 01:30:00,False,01:30:00,2023-12-04
871,2023-12-04 01:45:00,False,01:45:00,2023-12-04
872,2023-12-04 02:00:00,False,02:00:00,2023-12-04
873,2023-12-04 02:15:00,False,02:15:00,2023-12-04
874,2023-12-04 02:30:00,False,02:30:00,2023-12-04
875,2023-12-04 02:45:00,False,02:45:00,2023-12-04
876,2023-12-04 03:00:00,False,03:00:00,2023-12-04
877,2023-12-04 03:15:00,False,03:15:00,2023-12-04
878,2023-12-04 03:30:00,False,03:30:00,2023-12-04
879,2023-12-04 03:45:00,False,03:45:00,2023-12-04
880,2023-12-04 04:00:00,False,04:00:00,2023-12-04
881,2023-12-04 04:15:00,False,04:15:00,2023-12-04
882,2023-12-04 04:30:00,False,04:30:00,2023-12-04
883,2023-12-04 04:45:00,False,04:45:00,2023-12-04
884,2023-12-04 05:00:00,False,05:00:00,2023-12-04
885,2023-12-04 05:15:00,False,05:15:00,2023-12-04
886,2023-12-04 05:30:00,False,05:30:00,2023-12-04
887,2023-12-04 05:45:00,False,05:45:00,2023-12-04
888,2023-12-04 06:00:00,False,06:00:00,2023-12-04
889,2023-12-04 06:15:00,False,06:15:00,2023-12-04
890,2023-12-04 06:30:00,False,06:30:00,2023-12-04
891,2023-12-04 06:45:00,False,06:45:00,2023-12-04
892,2023-12-04 07:00:00,False,07:00:00,2023-12-04
893,2023-12-04 07:15:00,False,07:15:00,2023-12-04
894,2023-12-04 07:30:00,False,07:30:00,2023-12-04
895,2023-12-04 07:45:00,False,07:45:00,2023-12-04
896,2023-12-04 08:00:00,False,08:00:00,2023-12-04
897,2023-12-04 08:15:00,False,08:15:00,2023-12-04
898,2023-12-04 08:30:00,False,08:30:00,2023-12-04
899,2023-12-04 08:45:00,False,08:45:00,2023-12-04
900,2023-12-04 09:00:00,True,09:00:00,2023-12-04
901,2023-12-04 09:15:00,False,09:15:00,2023-12-04
902,2023-12-04 09:30:00,False,09:30:00,2023-12-04
903,2023-12-04 09:45:00,False,09:45:00,2023-12-04
904,2023-12-04 10:00:00,False,10:00:00,2023-12-04
905,2023-12-04 10:15:00,False,10:15:00,2023-12-04
906,2023-12-04 10:30:00,False,10:30:00,2023-12-04
907,2023-12-04 10:45:00,False,10:45:00,2023-12-04
908,2023-12-04 11:00:00,False,11:00:00,2023-12-04
909,2023-12-04 11:15:00,False,11:15:00,2023-12-04
910,2023-12-04 11:30:00,False,11:30:00,2023-12-04
911,2023-12-04 11:45:00,False,11:45:00,2023-12-04
912,2023-12-04 12:00:00,False,12:00:00,2023-12-04
913,2023-12-04 12:15:00,False,12:15:00,2023-12-04
914,2023-12-04 12:30:00,False,12:30:00,2023-12-04
915,2023-12-04 12:45:00,False,12:45:00,2023-12-04
916,2023-12-04 13:00:00,False,13:00:00,2023-12-04
917,2023-12-04 13:15:00,False,13:15:00,2023-12-04
918,2023-12-04 13:30:00,False,13:30:00,2023-12-04
919,2023-12-04 13:45:00,False,13:45:00,2023-12-04
920,2023-12-04 14:00:00,False,14:00:00,2023-12-04
921,2023-12-04 14:15:00,False,14:15:00,2023-12-04
922,2023-12-04 14:30:00,False,14:30:00,2023-12-04
923,2023-12-04 14:45:00,False,14:45:00,2023-12-04
924,2023-12-04 15:00:00,False,15:00:00,2023-12-04
925,2023-12-04 15:15:00,False,15:15:00,2023-12-04
926,2023-12-04 15:30:00,False,15:30:00,2023-12-04
927,2023-12-04 15:45:00,False,15:45:00,2023-12-04
928,2023-12-04 16:00:00,False,16:00:00,2023-12-04
929,2023-12-04 16:15:00,False,16:15:00,2023-12-04
930,2023-12-04 16:30:00,False,16:30:00,2023-12-04
931,2023-12-04 16:45:00,False,16:45:00,2023-12-04
932,2023-12-04 17:00:00,False,17:00:00,2023-12-04
933,2023-12-04 17:15:00,False,17:15:00,2023-12-04
934,2023-12-04 17:30:00,False,17:30:00,2023-12-04
935,2023-12-04 17:45:00,False,17:45:00,2023-12-04
936,2023-12-04 18:00:00,False,18:00:00,2023-12-04
937,2023-12-04 18:15:00,False,18:15:00,2023-12-04
938,2023-12-04 18:30:00,False,18:30:00,2023-12-04
939,2023-12-04 18:45:00,False,18:45:00,2023-12-04
940,2023-12-04 19:00:00,False,19:00:00,2023-12-04
941,2023-12-04 19:15:00,False,19:15:00,2023-12-04
942,2023-12-04 19:30:00,False,19:30:00,2023-12-04
943,2023-12-04 19:45:00,False,19:45:00,2023-12-04
944,2023-12-04 20:00:00,False,20:00:00,2023-12-04
945,2023-12-04 20:15:00,False,20:15:00,2023-12-04
946,2023-12-04 20:30:00,False,20:30:00,2023-12-04
947,2023-12-04 20:45:00,False,20:45:00,2023-12-04
948,2023-12-04 21:00:00,False,21:00:00,2023-12-04
949,2023-12-04 21:15:00,False,21:15:00,2023-12-04
950,2023-12-04 21:30:00,False,21:30:00,2023-12-04
951,2023-12-04 21:45:00,False,21:45:00,2023-12-04
952,2023-12-04 22:00:00,False,22:00:00,2023-12-04
953,2023-12-04 22:15:00,False,22:15:00,2023-12-04
954,2023-12-04 22:30:00,False,22:30:00,2023-12-04
955,2023-12-04 22:45:00,False,22:45:00,2023-12-04
956,2023-12-04 23:00:00,False,23:00:00,2023-12-04
957,2023-12-04 23:15:00,False,23:15:00,2023-12-04
958,2023-12-04 23:30:00,False,23:30:00,2023-12-04
959,2023-12-04 23:45:00,False,23:45:00,2023-12-04
960,2023-12-05 00:00:00,False,00:00:00,2023-12-05
961,2023-12-05 00:15:00,False,00:15:00,2023-12-05
962,2023-12-05 00:30:00,False,00:30:00,2023-12-05
963,2023-12-05 00:45:00,False,00:45:00,2023-12-05
964,2023-12-05 01:00:00,False,01:00:00,2023-12-05
965,2023-12-05 01:15:00,False,01:15:00,2023-12-05
966,2023-12-05 01:30:00,False,01:30:00,2023-12-05
967,2023-12-05 01:45:00,False,01:45:00,2023-12-05
968,2023-12-05 02:00:00,False,02:00:00,2023-12-05
969,2023-12-05 02:15:00,False,02:15:00,2023-12-05
970,2023-12-05 02:30:00,False,02:30:00,2023-12-05
971,2023-12-05 02:45:00,False,02:45:00,2023-12-05
972,2023-12-05 03:00:00,False,03:00:00,2023-12-05
973,2023-12-05 03:15:00,False,03:15:00,2023-12-05
974,2023-12-05 03:30:00,False,03:30:00,2023-12-05
975,2023-12-05 03:45:00,False,03:45:00,2023-12-05
976,2023-12-05 04:00:00,False,04:00:00,2023-12-05
977,2023-12-05 04:15:00,False,04:15:00,2023-12-05
978,2023-12-05 04:30:00,False,04:30:00,2023-12-05
979,2023-12-05 04:45:00,False,04:45:00,2023-12-05
980,2023-12-05 05:00:00,False,05:00:00,2023-12-05
981,2023-12-05 05:15:00,False,05:15:00,2023-12-05
982,2023-12-05 05:30:00,False,05:30:00,2023-12-05
983,2023-12-05 05:45:00,False,05:45:00,2023-12-05
984,2023-12-05 06:00:00,False,06:00:00,2023-12-05
985,2023-12-05 06:15:00,False,06:15:00,2023-12-05
986,2023-12-05 06:30:00,False,06:30:00,2023-12-05
987,2023-12-05 06:45:00,False,06:45:00,2023-12-05
988,2023-12-05 07:00:00,False,07:00:00,2023-12-05
989,2023-12-05 07:15:00,False,07:15:00,2023-12-05
990,2023-12-05 07:30:00,False,07:30:00,2023-12-05
991,2023-12-05 07:45:00,False,07:45:00,2023-12-05
992,2023-12-05 08:00:00,False,08:00:00,2023-12-05
993,2023-12-05 08:15:00,False,08:15:00,2023-12-05
994,2023-12-05 08:30:00,False,08:30:00,2023-12-05
995,2023-12-05 08:45:00,False,08:45:00,2023-12-05
996,2023-12-05 09:00:00,False,09:00:00,2023-12-05
997,2023-12-05 09:15:00,False,09:15:00,2023-12-05
998,2023-12-05 09:30:00,False,09:30:00,2023-12-05
999,2023-12-05 09:45:00,False,09:45:00,2023-12-05
1000,2023-12-05 10:00:00,False,10:00:00,2023-12-05
1001,2023-12-05 10:15:00,False,10:15:00,2023-12-05
1002,2023-12-05 10:30:00,False,10:30:00,2023-12-05
1003,2023-12-05 10:45:00,False,10:45:00,2023-12-05
1004,2023-12-05 11:00:00,False,11:00:00,2023-12-05
1005,2023-12-05 11:15:00,False,11:15:00,2023-12-05
1006,2023-12-05 11:30:00,False,11:30:00,2023-12-05
1007,2023-12-05 11:45:00,False,11:45:00,2023-12-05
1008,2023-12-05 12:00:00,False,12:00:00,2023-12-05
1009,2023-12-05 12:15:00,False,12:15:00,2023-12-05
1010,2023-12-05 12:30:00,False,12:30:00,2023-12-05
1011,2023-12-05 12:45:00,False,12:45:00,2023-12-05
1012,2023-12-05 13:00:00,False,13:00:00,2023-12-05
1013,2023-12-05 13:15:00,False,13:15:00,2023-12-05
1014,2023-12-05 13:30:00,False,13:30:00,2023-12-05
1015,2023-12-05 13:45:00,False,13:45:00,2023-12-05
1016,2023-12-05 14:00:00,False,14:00:00,2023-12-05
1017,2023-12-05 14:15:00,False,14:15:00,2023-12-05
1018,2023-12-05 14:30:00,False,14:30:00,2023-12-05
1019,2023-12-05 14:45:00,False,14:45:00,2023-12-05
1020,2023-12-05 15:00:00,False,15:00:00,2023-12-05
1021,2023-12-05 15:15:00,False,15:15:00,2023-12-05
1022,2023-12-05 15:30:00,False,15:30:00,2023-12-05
1023,2023-12-05 15:45:00,False,15:45:00,2023-12-05
1024,2023-12-05 16:00:00,False,16:00:00,2023-12-05
1025,2023-12-05 16:15:00,False,16:15:00,2023-12-05
1026,2023-12-05 16:30:00,False,16:30:00,2023-12-05
1027,2023-12-05 16:45:00,False,16:45:00,2023-12-05
1028,2023-12-05 17:00:00,False,17:00:00,2023-12-05
1029,2023-12-05 17:15:00,False,17:15:00,2023-12-05
1030,2023-12-05 17:30:00,False,17:30:00,2023-12-05
1031,2023-12-05 17:45:00,False,17:45:00,2023-12-05
1032,2023-12-05 18:00:00,False,18:00:00,2023-12-05
1033,2023-12-05 18:15:00,False,18:15:00,2023-12-05
1034,2023-12-05 18:30:00,False,18:30:00,2023-12-05
1035,2023-12-05 18:45:00,False,18:45:00,2023-12-05
1036,2023-12-05 19:00:00,False,19:00:00,2023-12-05
1037,2023-12-05 19:15:00,False,19:15:00,2023-12-05
1038,2023-12-05 19:30:00,False,19:30:00,2023-12-05
1039,2023-12-05 19:45:00,False,19:45:00,2023-12-05
1040,2023-12-05 20:00:00,False,20:00:00,2023-12-05
1041,2023-12-05 20:15:00,False,20:15:00,2023-12-05
1042,2023-12-05 20:30:00,False,20:30:00,2023-12-05
1043,2023-12-05 20:45:00,False,20:45:00,2023-12-05
1044,2023-12-05 21:00:00,False,21:00:00,2023-12-05
1045,2023-12-05 21:15:00,False,21:15:00,2023-12-05
1046,2023-12-05 21:30:00,False,21:30:00,2023-12-05
1047,2023-12-05 21:45:00,False,21:45:00,2023-12-05
1048,2023-12-05 22:00:00,False,22:00:00,2023-12-05
1049,2023-12-05 22:15:00,False,22:15:00,2023-12-05
1050,2023-12-05 22:30:00,False,22:30:00,2023-12-05
1051,2023-12-05 22:45:00,False,22:45:00,2023-12-05
1052,2023-12-05 23:00:00,False,23:00:00,2023-12-05
1053,2023-12-05 23:15:00,False,23:15:00,2023-12-05
1054,2023-12-05 23:30:00,False,23:30:00,2023-12-05
1055,2023-12-05 23:45:00,False,23:45:00,2023-12-05
1056,2023-12-06 00:00:00,False,00:00:00,2023-12-06
1057,2023-12-06 00:15:00,False,00:15:00,2023-12-06
1058,2023-12-06 00:30:00,False,00:30:00,2023-12-06
1059,2023-12-06 00:45:00,False,00:45:00,2023-12-06
1060,2023-12-06 01:00:00,False,01:00:00,2023-12-06
1061,2023-12-06 01:15:00,False,01:15:00,2023-12-06
1062,2023-12-06 01:30:00,False,01:30:00,2023-12-06
1063,2023-12-06 01:45:00,False,01:45:00,2023-12-06
1064,2023-12-06 02:00:00,False,02:00:00,2023-12-06
1065,2023-12-06 02:15:00,False,02:15:00,2023-12-06
1066,2023-12-06 02:30:00,False,02:30:00,2023-12-06
1067,2023-12-06 02:45:00,False,02:45:00,2023-12-06
1068,2023-12-06 03:00:00,False,03:00:00,2023-12-06
1069,2023-12-06 03:15:00,False,03:15:00,2023-12-06
1070,2023-12-06 03:30:00,False,03:30:00,2023-12-06
1071,2023-12-06 03:45:00,False,03:45:00,2023-12-06
1072,2023-12-06 04:00:00,False,04:00:00,2023-12-06
1073,2023-12-06 04:15:00,False,04:15:00,2023-12-06
1074,2023-12-06 04:30:00,False,04:30:00,2023-12-06
1075,2023-12-06 04:45:00,False,04:45:00,2023-12-06
1076,2023-12-06 05:00:00,False,05:00:00,2023-12-06
1077,2023-12-06 05:15:00,False,05:15:00,2023-12-06
1078,2023-12-06 05:30:00,False,05:30:00,2023-12-06
1079,2023-12-06 05:45:00,False,05:45:00,2023-12-06
1080,2023-12-06 06:00:00,False,06:00:00,2023-12-06
1081,2023-12-06 06:15:00,False,06:15:00,2023-12-06
1082,2023-12-06 06:30:00,False,06:30:00,2023-12-06
1083,2023-12-06 06:45:00,False,06:45:00,2023-12-06
1084,2023-12-06 07:00:00,False,07:00:00,2023-12-06
1085,2023-12-06 07:15:00,False,07:15:00,2023-12-06
1086,2023-12-06 07:30:00,False,07:30:00,2023-12-06
1087,2023-12-06 07:45:00,False,07:45:00,2023-12-06
1088,2023-12-06 08:00:00,False,08:00:00,2023-12-06
1089,2023-12-06 08:15:00,False,08:15:00,2023-12-06
1090,2023-12-06 08:30:00,False,08:30:00,2023-12-06
1091,2023-12-06 08:45:00,False,08:45:00,2023-12-06
1092,2023-12-06 09:00:00,False,09:00:00,2023-12-06
1093,2023-12-06 09:15:00,False,09:15:00,2023-12-06
1094,2023-12-06 09:30:00,False,09:30:00,2023-12-06
1095,2023-12-06 09:45:00,False,09:45:00,2023-12-06
1096,2023-12-06 10:00:00,False,10:00:00,2023-12-06
1097,2023-12-06 10:15:00,False,10:15:00,2023-12-06
1098,2023-12-06 10:30:00,False,10:30:00,2023-12-06
1099,2023-12-06 10:45:00,False,10:45:00,2023-12-06
1100,2023-12-06 11:00:00,False,11:00:00,2023-12-06
1101,2023-12-06 11:15:00,False,11:15:00,2023-12-06
1102,2023-12-06 11:30:00,False,11:30:00,2023-12-06
1103,2023-12-06 11:45:00,False,11:45:00,2023-12-06
1104,2023-12-06 12:00:00,False,12:00:00,2023-12-06
1105,2023-12-06 12:15:00,False,12:15:00,2023-12-06
1106,2023-12-06 12:30:00,False,12:30:00,2023-12-06
1107,2023-12-06 12:45:00,False,12:45:00,2023-12-06
1108,2023-12-06 13:00:00,False,13:00:00,2023-12-06
1109,2023-12-06 13:15:00,False,13:15:00,2023-12-06
1110,2023-12-06 13:30:00,False,13:30:00,2023-12-06
1111,2023-12-06 13:45:00,False,13:45:00,2023-12-06
1112,2023-12-06 14:00:00,False,14:00:00,2023-12-06
1113,2023-12-06 14:15:00,False,14:15:00,2023-12-06
1114,2023-12-06 14:30:00,False,14:30:00,2023-12-06
1115,2023-12-06 14:45:00,False,14:45:00,2023-12-06
1116,2023-12-06 15:00:00,False,15:00:00,2023-12-06
1117,2023-12-06 15:15:00,False,15:15:00,2023-12-06
1118,2023-12-06 15:30:00,False,15:30:00,2023-12-06
1119,2023-12-06 15:45:00,False,15:45:00,2023-12-06
1120,2023-12-06 16:00:00,False,16:00:00,2023-12-06
1121,2023-12-06 16:15:00,False,16:15:00,2023-12-06
1122,2023-12-06 16:30:00,False,16:30:00,2023-12-06
1123,2023-12-06 16:45:00,False,16:45:00,2023-12-06
1124,2023-12-06 17:00:00,False,17:00:00,2023-12-06
1125,2023-12-06 17:15:00,False,17:15:00,2023-12-06
1126,2023-12-06 17:30:00,False,17:30:00,2023-12-06
1127,2023-12-06 17:45:00,False,17:45:00,2023-12-06
1128,2023-12-06 18:00:00,False,18:00:00,2023-12-06
1129,2023-12-06 18:15:00,False,18:15:00,2023-12-06
1130,2023-12-06 18:30:00,False,18:30:00,2023-12-06
1131,2023-12-06 18:45:00,False,18:45:00,2023-12-06
1132,2023-12-06 19:00:00,False,19:00:00,2023-12-06
1133,2023-12-06 19:15:00,False,19:15:00,2023-12-06
1134,2023-12-06 19:30:00,False,19:30:00,2023-12-06
1135,2023-12-06 19:45:00,False,19:45:00,2023-12-06
1136,2023-12-06 20:00:00,False,20:00:00,2023-12-06
1137,2023-12-06 20:15:00,False,20:15:00,2023-12-06
1138,2023-12-06 20:30:00,False,20:30:00,2023-12-06
1139,2023-12-06 20:45:00,False,20:45:00,2023-12-06
1140,2023-12-06 21:00:00,False,21:00:00,2023-12-06
1141,2023-12-06 21:15:00,False,21:15:00,2023-12-06
1142,2023-12-06 21:30:00,False,21:30:00,2023-12-06
1143,2023-12-06 21:45:00,False,21:45:00,2023-12-06
1144,2023-12-06 22:00:00,False,22:00:00,2023-12-06
1145,2023-12-06 22:15:00,False,22:15:00,2023-12-06
1146,2023-12-06 22:30:00,False,22:30:00,2023-12-06
1147,2023-12-06 22:45:00,False,22:45:00,2023-12-06
1148,2023-12-06 23:00:00,False,23:00:00,2023-12-06
1149,2023-12-06 23:15:00,False,23:15:00,2023-12-06
1150,2023-12-06 23:30:00,False,23:30:00,2023-12-06
1151,2023-12-06 23:45:00,False,23:45:00,2023-12-06
1152,2023-12-07 00:00:00,False,00:00:00,2023-12-07
1153,2023-12-07 00:15:00,False,00:15:00,2023-12-07
1154,2023-12-07 00:30:00,False,00:30:00,2023-12-07
1155,2023-12-07 00:45:00,False,00:45:00,2023-12-07
1156,2023-12-07 01:00:00,False,01:00:00,2023-12-07
1157,2023-12-07 01:15:00,False,01:15:00,2023-12-07
1158,2023-12-07 01:30:00,False,01:30:00,2023-12-07
1159,2023-12-07 01:45:00,False,01:45:00,2023-12-07
1160,2023-12-07 02:00:00,False,02:00:00,2023-12-07
1161,2023-12-07 02:15:00,False,02:15:00,2023-12-07
1162,2023-12-07 02:30:00,False,02:30:00,2023-12-07
1163,2023-12-07 02:45:00,False,02:45:00,2023-12-07
1164,2023-12-07 03:00:00,False,03:00:00,2023-12-07
1165,2023-12-07 03:15:00,False,03:15:00,2023-12-07
1166,2023-12-07 03:30:00,False,03:30:00,2023-12-07
1167,2023-12-07 03:45:00,False,03:45:00,2023-12-07
1168,2023-12-07 04:00:00,False,04:00:00,2023-12-07
1169,2023-12-07 04:15:00,False,04:15:00,2023-12-07
1170,2023-12-07 04:30:00,False,04:30:00,2023-12-07
1171,2023-12-07 04:45:00,False,04:45:00,2023-12-07
1172,2023-12-07 05:00:00,False,05:00:00,2023-12-07
1173,2023-12-07 05:15:00,False,05:15:00,2023-12-07
1174,2023-12-07 05:30:00,False,05:30:00,2023-12-07
1175,2023-12-07 05:45:00,False,05:45:00,2023-12-07
1176,2023-12-07 06:00:00,False,06:00:00,2023-12-07
1177,2023-12-07 06:15:00,False,06:15:00,2023-12-07
1178,2023-12-07 06:30:00,False,06:30:00,2023-12-07
1179,2023-12-07 06:45:00,False,06:45:00,2023-12-07
1180,2023-12-07 07:00:00,False,07:00:00,2023-12-07
1181,2023-12-07 07:15:00,False,07:15:00,2023-12-07
1182,2023-12-07 07:30:00,False,07:30:00,2023-12-07
1183,2023-12-07 07:45:00,False,07:45:00,2023-12-07
1184,2023-12-07 08:00:00,False,08:00:00,2023-12-07
1185,2023-12-07 08:15:00,False,08:15:00,2023-12-07
1186,2023-12-07 08:30:00,False,08:30:00,2023-12-07
1187,2023-12-07 08:45:00,False,08:45:00,2023-12-07
1188,2023-12-07 09:00:00,False,09:00:00,2023-12-07
1189,2023-12-07 09:15:00,False,09:15:00,2023-12-07
1190,2023-12-07 09:30:00,False,09:30:00,2023-12-07
1191,2023-12-07 09:45:00,True,09:45:00,2023-12-07
1192,2023-12-07 10:00:00,True,10:00:00,2023-12-07
1193,2023-12-07 10:15:00,True,10:15:00,2023-12-07
1194,2023-12-07 10:30:00,True,10:30:00,2023-12-07
1195,2023-12-07 10:45:00,False,10:45:00,2023-12-07
1196,2023-12-07 11:00:00,False,11:00:00,2023-12-07
1197,2023-12-07 11:15:00,False,11:15:00,2023-12-07
1198,2023-12-07 11:30:00,False,11:30:00,2023-12-07
1199,2023-12-07 11:45:00,False,11:45:00,2023-12-07
1200,2023-12-07 12:00:00,False,12:00:00,2023-12-07
1201,2023-12-07 12:15:00,False,12:15:00,2023-12-07
1202,2023-12-07 12:30:00,False,12:30:00,2023-12-07
1203,2023-12-07 12:45:00,False,12:45:00,2023-12-07
1204,2023-12-07 13:00:00,False,13:00:00,2023-12-07
1205,2023-12-07 13:15:00,False,13:15:00,2023-12-07
1206,2023-12-07 13:30:00,False,13:30:00,2023-12-07
1207,2023-12-07 13:45:00,False,13:45:00,2023-12-07
1208,2023-12-07 14:00:00,False,14:00:00,2023-12-07
1209,2023-12-07 14:15:00,False,14:15:00,2023-12-07
1210,2023-12-07 14:30:00,False,14:30:00,2023-12-07
1211,2023-12-07 14:45:00,False,14:45:00,2023-12-07
1212,2023-12-07 15:00:00,False,15:00:00,2023-12-07
1213,2023-12-07 15:15:00,False,15:15:00,2023-12-07
1214,2023-12-07 15:30:00,False,15:30:00,2023-12-07
1215,2023-12-07 15:45:00,False,15:45:00,2023-12-07
1216,2023-12-07 16:00:00,False,16:00:00,2023-12-07
1217,2023-12-07 16:15:00,False,16:15:00,2023-12-07
1218,2023-12-07 16:30:00,False,16:30:00,2023-12-07
1219,2023-12-07 16:45:00,False,16:45:00,2023-12-07
1220,2023-12-07 17:00:00,False,17:00:00,2023-12-07
1221,2023-12-07 17:15:00,False,17:15:00,2023-12-07
1222,2023-12-07 17:30:00,False,17:30:00,2023-12-07
1223,2023-12-07 17:45:00,False,17:45:00,2023-12-07
1224,2023-12-07 18:00:00,False,18:00:00,2023-12-07
1225,2023-12-07 18:15:00,False,18:15:00,2023-12-07
1226,2023-12-07 18:30:00,False,18:30:00,2023-12-07
1227,2023-12-07 18:45:00,False,18:45:00,2023-12-07
1228,2023-12-07 19:00:00,False,19:00:00,2023-12-07
1229,2023-12-07 19:15:00,False,19:15:00,2023-12-07
1230,2023-12-07 19:30:00,False,19:30:00,2023-12-07
1231,2023-12-07 19:45:00,False,19:45:00,2023-12-07
1232,2023-12-07 20:00:00,False,20:00:00,2023-12-07
1233,2023-12-07 20:15:00,False,20:15:00,2023-12-07
1234,2023-12-07 20:30:00,False,20:30:00,2023-12-07
1235,2023-12-07 20:45:00,False,20:45:00,2023-12-07
1236,2023-12-07 21:00:00,False,21:00:00,2023-12-07
1237,2023-12-07 21:15:00,False,21:15:00,2023-12-07
1238,2023-12-07 21:30:00,False,21:30:00,2023-12-07
1239,2023-12-07 21:45:00,False,21:45:00,2023-12-07
1240,2023-12-07 22:00:00,False,22:00:00,2023-12-07
1241,2023-12-07 22:15:00,False,22:15:00,2023-12-07
1242,2023-12-07 22:30:00,False,22:30:00,2023-12-07
1243,2023-12-07 22:45:00,False,22:45:00,2023-12-07
1244,2023-12-07 23:00:00,False,23:00:00,2023-12-07
1245,2023-12-07 23:15:00,False,23:15:00,2023-12-07
1246,2023-12-07 23:30:00,False,23:30:00,2023-12-07
1247,2023-12-07 23:45:00,False,23:45:00,2023-12-07
1248,2023-12-08 00:00:00,False,00:00:00,2023-12-08
1249,2023-12-08 00:15:00,False,00:15:00,2023-12-08
1250,2023-12-08 00:30:00,False,00:30:00,2023-12-08
1251,2023-12-08 00:45:00,False,00:45:00,2023-12-08
1252,2023-12-08 01:00:00,False,01:00:00,2023-12-08
1253,2023-12-08 01:15:00,False,01:15:00,2023-12-08
1254,2023-12-08 01:30:00,False,01:30:00,2023-12-08
1255,2023-12-08 01:45:00,False,01:45:00,2023-12-08
1256,2023-12-08 02:00:00,False,02:00:00,2023-12-08
1257,2023-12-08 02:15:00,False,02:15:00,2023-12-08
1258,2023-12-08 02:30:00,False,02:30:00,2023-12-08
1259,2023-12-08 02:45:00,False,02:45:00,2023-12-08
1260,2023-12-08 03:00:00,False,03:00:00,2023-12-08
1261,2023-12-08 03:15:00,False,03:15:00,2023-12-08
1262,2023-12-08 03:30:00,False,03:30:00,2023-12-08
1263,2023-12-08 03:45:00,False,03:45:00,2023-12-08
1264,2023-12-08 04:00:00,False,04:00:00,2023-12-08
1265,2023-12-08 04:15:00,False,04:15:00,2023-12-08
1266,2023-12-08 04:30:00,False,04:30:00,2023-12-08
1267,2023-12-08 04:45:00,False,04:45:00,2023-12-08
1268,2023-12-08 05:00:00,False,05:00:00,2023-12-08
1269,2023-12-08 05:15:00,False,05:15:00,2023-12-08
1270,2023-12-08 05:30:00,False,05:30:00,2023-12-08
1271,2023-12-08 05:45:00,False,05:45:00,2023-12-08
1272,2023-12-08 06:00:00,False,06:00:00,2023-12-08
1273,2023-12-08 06:15:00,False,06:15:00,2023-12-08
1274,2023-12-08 06:30:00,False,06:30:00,2023-12-08
1275,2023-12-08 06:45:00,False,06:45:00,2023-12-08
1276,2023-12-08 07:00:00,False,07:00:00,2023-12-08
1277,2023-12-08 07:15:00,False,07:15:00,2023-12-08
1278,2023-12-08 07:30:00,False,07:30:00,2023-12-08
1279,2023-12-08 07:45:00,False,07:45:00,2023-12-08
1280,2023-12-08 08:00:00,False,08:00:00,2023-12-08
1281,2023-12-08 08:15:00,False,08:15:00,2023-12-08
1282,2023-12-08 08:30:00,False,08:30:00,2023-12-08
1283,2023-12-08 08:45:00,False,08:45:00,2023-12-08
1284,2023-12-08 09:00:00,False,09:00:00,2023-12-08
1285,2023-12-08 09:15:00,False,09:15:00,2023-12-08
1286,2023-12-08 09:30:00,False,09:30:00,2023-12-08
1287,2023-12-08 09:45:00,False,09:45:00,2023-12-08
1288,2023-12-08 10:00:00,False,10:00:00,2023-12-08
1289,2023-12-08 10:15:00,False,10:15:00,2023-12-08
1290,2023-12-08 10:30:00,False,10:30:00,2023-12-08
1291,2023-12-08 10:45:00,False,10:45:00,2023-12-08
1292,2023-12-08 11:00:00,False,11:00:00,2023-12-08
1293,2023-12-08 11:15:00,False,11:15:00,2023-12-08
1294,2023-12-08 11:30:00,False,11:30:00,2023-12-08
1295,2023-12-08 11:45:00,False,11:45:00,2023-12-08
1296,2023-12-08 12:00:00,False,12:00:00,2023-12-08
1297,2023-12-08 12:15:00,False,12:15:00,2023-12-08
1298,2023-12-08 12:30:00,False,12:30:00,2023-12-08
1299,2023-12-08 12:45:00,False,12:45:00,2023-12-08
1300,2023-12-08 13:00:00,False,13:00:00,2023-12-08
1301,2023-12-08 13:15:00,False,13:15:00,2023-12-08
1302,2023-12-08 13:30:00,False,13:30:00,2023-12-08
1303,2023-12-08 13:45:00,False,13:45:00,2023-12-08
1304,2023-12-08 14:00:00,False,14:00:00,2023-12-08
1305,2023-12-08 14:15:00,False,14:15:00,2023-12-08
1306,2023-12-08 14:30:00,False,14:30:00,2023-12-08
1307,2023-12-08 14:45:00,False,14:45:00,2023-12-08
1308,2023-12-08 15:00:00,False,15:00:00,2023-12-08
1309,2023-12-08 15:15:00,False,15:15:00,2023-12-08
1310,2023-12-08 15:30:00,False,15:30:00,2023-12-08
1311,2023-12-08 15:45:00,False,15:45:00,2023-12-08
1312,2023-12-08 16:00:00,False,16:00:00,2023-12-08
1313,2023-12-08 16:15:00,False,16:15:00,2023-12-08
1314,2023-12-08 16:30:00,False,16:30:00,2023-12-08
1315,2023-12-08 16:45:00,False,16:45:00,2023-12-08
1316,2023-12-08 17:00:00,False,17:00:00,2023-12-08
1317,2023-12-08 17:15:00,False,17:15:00,2023-12-08
1318,2023-12-08 17:30:00,False,17:30:00,2023-12-08
1319,2023-12-08 17:45:00,False,17:45:00,2023-12-08
1320,2023-12-08 18:00:00,False,18:00:00,2023-12-08
1321,2023-12-08 18:15:00,True,18:15:00,2023-12-08
1322,2023-12-08 18:30:00,False,18:30:00,2023-12-08
1323,2023-12-08 18:45:00,False,18:45:00,2023-12-08
1324,2023-12-08 19:00:00,False,19:00:00,2023-12-08
1325,2023-12-08 19:15:00,False,19:15:00,2023-12-08
1326,2023-12-08 19:30:00,False,19:30:00,2023-12-08
1327,2023-12-08 19:45:00,True,19:45:00,2023-12-08
1328,2023-12-08 20:00:00,True,20:00:00,2023-12-08
1329,2023-12-08 20:15:00,True,20:15:00,2023-12-08
1330,2023-12-08 20:30:00,True,20:30:00,2023-12-08
1331,2023-12-08 20:45:00,True,20:45:00,2023-12-08
1332,2023-12-08 21:00:00,True,21:00:00,2023-12-08
1333,2023-12-08 21:15:00,False,21:15:00,2023-12-08
1334,2023-12-08 21:30:00,False,21:30:00,2023-12-08
1335,2023-12-08 21:45:00,False,21:45:00,2023-12-08
1336,2023-12-08 22:00:00,False,22:00:00,2023-12-08
1337,2023-12-08 22:15:00,False,22:15:00,2023-12-08
1338,2023-12-08 22:30:00,False,22:30:00,2023-12-08
1339,2023-12-08 22:45:00,False,22:45:00,2023-12-08
1340,2023-12-08 23:00:00,True,23:00:00,2023-12-08
1341,2023-12-08 23:15:00,True,23:15:00,2023-12-08
1342,2023-12-08 23:30:00,True,23:30:00,2023-12-08
1343,2023-12-08 23:45:00,True,23:45:00,2023-12-08
1344,2023-12-09 00:00:00,True,00:00:00,2023-12-09
1345,2023-12-09 00:15:00,True,00:15:00,2023-12-09
1346,2023-12-09 00:30:00,False,00:30:00,2023-12-09
1347,2023-12-09 00:45:00,False,00:45:00,2023-12-09
1348,2023-12-09 01:00:00,False,01:00:00,2023-12-09
1349,2023-12-09 01:15:00,False,01:15:00,2023-12-09
1350,2023-12-09 01:30:00,False,01:30:00,2023-12-09
1351,2023-12-09 01:45:00,False,01:45:00,2023-12-09
1352,2023-12-09 02:00:00,False,02:00:00,2023-12-09
1353,2023-12-09 02:15:00,False,02:15:00,2023-12-09
1354,2023-12-09 02:30:00,False,02:30:00,2023-12-09
1355,2023-12-09 02:45:00,False,02:45:00,2023-12-09
1356,2023-12-09 03:00:00,False,03:00:00,2023-12-09
1357,2023-12-09 03:15:00,False,03:15:00,2023-12-09
1358,2023-12-09 03:30:00,False,03:30:00,2023-12-09
1359,2023-12-09 03:45:00,False,03:45:00,2023-12-09
1360,2023-12-09 04:00:00,False,04:00:00,2023-12-09
1361,2023-12-09 04:15:00,False,04:15:00,2023-12-09
1362,2023-12-09 04:30:00,False,04:30:00,2023-12-09
1363,2023-12-09 04:45:00,False,04:45:00,2023-12-09
1364,2023-12-09 05:00:00,False,05:00:00,2023-12-09
1365,2023-12-09 05:15:00,False,05:15:00,2023-12-09
1366,2023-12-09 05:30:00,False,05:30:00,2023-12-09
1367,2023-12-09 05:45:00,False,05:45:00,2023-12-09
1368,2023-12-09 06:00:00,False,06:00:00,2023-12-09
1369,2023-12-09 06:15:00,False,06:15:00,2023-12-09
1370,2023-12-09 06:30:00,False,06:30:00,2023-12-09
1371,2023-12-09 06:45:00,False,06:45:00,2023-12-09
1372,2023-12-09 07:00:00,False,07:00:00,2023-12-09
1373,2023-12-09 07:15:00,False,07:15:00,2023-12-09
1374,2023-12-09 07:30:00,False,07:30:00,2023-12-09
1375,2023-12-09 07:45:00,False,07:45:00,2023-12-09
1376,2023-12-09 08:00:00,False,08:00:00,2023-12-09
1377,2023-12-09 08:15:00,False,08:15:00,2023-12-09
1378,2023-12-09 08:30:00,False,08:30:00,2023-12-09
1379,2023-12-09 08:45:00,False,08:45:00,2023-12-09
1380,2023-12-09 09:00:00,False,09:00:00,2023-12-09
1381,2023-12-09 09:15:00,False,09:15:00,2023-12-09
1382,2023-12-09 09:30:00,False,09:30:00,2023-12-09
1383,2023-12-09 09:45:00,False,09:45:00,2023-12-09
1384,2023-12-09 10:00:00,False,10:00:00,2023-12-09
1385,2023-12-09 10:15:00,False,10:15:00,2023-12-09
1386,2023-12-09 10:30:00,False,10:30:00,2023-12-09
1387,2023-12-09 10:45:00,False,10:45:00,2023-12-09
1388,2023-12-09 11:00:00,False,11:00:00,2023-12-09
1389,2023-12-09 11:15:00,False,11:15:00,2023-12-09
1390,2023-12-09 11:30:00,False,11:30:00,2023-12-09
1391,2023-12-09 11:45:00,False,11:45:00,2023-12-09
1392,2023-12-09 12:00:00,False,12:00:00,2023-12-09
1393,2023-12-09 12:15:00,False,12:15:00,2023-12-09
1394,2023-12-09 12:30:00,False,12:30:00,2023-12-09
1395,2023-12-09 12:45:00,False,12:45:00,2023-12-09
1396,2023-12-09 13:00:00,False,13:00:00,2023-12-09
1397,2023-12-09 13:15:00,False,13:15:00,2023-12-09
1398,2023-12-09 13:30:00,False,13:30:00,2023-12-09
1399,2023-12-09 13:45:00,False,13:45:00,2023-12-09
1400,2023-12-09 14:00:00,False,14:00:00,2023-12-09
1401,2023-12-09 14:15:00,False,14:15:00,2023-12-09
1402,2023-12-09 14:30:00,False,14:30:00,2023-12-09
1403,2023-12-09 14:45:00,False,14:45:00,2023-12-09
1404,2023-12-09 15:00:00,False,15:00:00,2023-12-09
1405,2023-12-09 15:15:00,False,15:15:00,2023-12-09
1406,2023-12-09 15:30:00,False,15:30:00,2023-12-09
1407,2023-12-09 15:45:00,False,15:45:00,2023-12-09
1408,2023-12-09 16:00:00,False,16:00:00,2023-12-09
1409,2023-12-09 16:15:00,False,16:15:00,2023-12-09
1410,2023-12-09 16:30:00,False,16:30:00,2023-12-09
1411,2023-12-09 16:45:00,False,16:45:00,2023-12-09
1412,2023-12-09 17:00:00,False,17:00:00,2023-12-09
1413,2023-12-09 17:15:00,False,17:15:00,2023-12-09
1414,2023-12-09 17:30:00,False,17:30:00,2023-12-09
1415,2023-12-09 17:45:00,False,17:45:00,2023-12-09
1416,2023-12-09 18:00:00,False,18:00:00,2023-12-09
1417,2023-12-09 18:15:00,False,18:15:00,2023-12-09
1418,2023-12-09 18:30:00,False,18:30:00,2023-12-09
1419,2023-12-09 18:45:00,False,18:45:00,2023-12-09
1420,2023-12-09 19:00:00,False,19:00:00,2023-12-09
1421,2023-12-09 19:15:00,False,19:15:00,2023-12-09
1422,2023-12-09 19:30:00,False,19:30:00,2023-12-09
1423,2023-12-09 19:45:00,False,19:45:00,2023-12-09
1424,2023-12-09 20:00:00,False,20:00:00,2023-12-09
1425,2023-12-09 20:15:00,False,20:15:00,2023-12-09
1426,2023-12-09 20:30:00,False,20:30:00,2023-12-09
1427,2023-12-09 20:45:00,False,20:45:00,2023-12-09
1428,2023-12-09 21:00:00,False,21:00:00,2023-12-09
1429,2023-12-09 21:15:00,False,21:15:00,2023-12-09
1430,2023-12-09 21:30:00,False,21:30:00,2023-12-09
1431,2023-12-09 21:45:00,False,21:45:00,2023-12-09
1432,2023-12-09 22:00:00,False,22:00:00,2023-12-09
1433,2023-12-09 22:15:00,False,22:15:00,2023-12-09
1434,2023-12-09 22:30:00,False,22:30:00,2023-12-09
1435,2023-12-09 22:45:00,False,22:45:00,2023-12-09
1436,2023-12-09 23:00:00,False,23:00:00,2023-12-09
1437,2023-12-09 23:15:00,False,23:15:00,2023-12-09
1438,2023-12-09 23:30:00,False,23:30:00,2023-12-09
1439,2023-12-09 23:45:00,False,23:45:00,2023-12-09
1440,2023-12-10 00:00:00,False,00:00:00,2023-12-10
1441,2023-12-10 00:15:00,False,00:15:00,2023-12-10
1442,2023-12-10 00:30:00,False,00:30:00,2023-12-10
1443,2023-12-10 00:45:00,False,00:45:00,2023-12-10
1444,2023-12-10 01:00:00,False,01:00:00,2023-12-10
1445,2023-12-10 01:15:00,False,01:15:00,2023-12-10
1446,2023-12-10 01:30:00,False,01:30:00,2023-12-10
1447,2023-12-10 01:45:00,False,01:45:00,2023-12-10
1448,2023-12-10 02:00:00,False,02:00:00,2023-12-10
1449,2023-12-10 02:15:00,False,02:15:00,2023-12-10
1450,2023-12-10 02:30:00,False,02:30:00,2023-12-10
1451,2023-12-10 02:45:00,False,02:45:00,2023-12-10
1452,2023-12-10 03:00:00,False,03:00:00,2023-12-10
1453,2023-12-10 03:15:00,False,03:15:00,2023-12-10
1454,2023-12-10 03:30:00,False,03:30:00,2023-12-10
1455,2023-12-10 03:45:00,False,03:45:00,2023-12-10
1456,2023-12-10 04:00:00,False,04:00:00,2023-12-10
1457,2023-12-10 04:15:00,False,04:15:00,2023-12-10
1458,2023-12-10 04:30:00,False,04:30:00,2023-12-10
1459,2023-12-10 04:45:00,False,04:45:00,2023-12-10
1460,2023-12-10 05:00:00,False,05:00:00,2023-12-10
1461,2023-12-10 05:15:00,False,05:15:00,2023-12-10
1462,2023-12-10 05:30:00,False,05:30:00,2023-12-10
1463,2023-12-10 05:45:00,False,05:45:00,2023-12-10
1464,2023-12-10 06:00:00,False,06:00:00,2023-12-10
1465,2023-12-10 06:15:00,False,06:15:00,2023-12-10
1466,2023-12-10 06:30:00,False,06:30:00,2023-12-10
1467,2023-12-10 06:45:00,False,06:45:00,2023-12-10
1468,2023-12-10 07:00:00,False,07:00:00,2023-12-10
1469,2023-12-10 07:15:00,False,07:15:00,2023-12-10
1470,2023-12-10 07:30:00,False,07:30:00,2023-12-10
1471,2023-12-10 07:45:00,False,07:45:00,2023-12-10
1472,2023-12-10 08:00:00,False,08:00:00,2023-12-10
1473,2023-12-10 08:15:00,False,08:15:00,2023-12-10
1474,2023-12-10 08:30:00,False,08:30:00,2023-12-10
1475,2023-12-10 08:45:00,False,08:45:00,2023-12-10
1476,2023-12-10 09:00:00,False,09:00:00,2023-12-10
1477,2023-12-10 09:15:00,False,09:15:00,2023-12-10
1478,2023-12-10 09:30:00,False,09:30:00,2023-12-10
1479,2023-12-10 09:45:00,False,09:45:00,2023-12-10
1480,2023-12-10 10:00:00,False,10:00:00,2023-12-10
1481,2023-12-10 10:15:00,False,10:15:00,2023-12-10
1482,2023-12-10 10:30:00,False,10:30:00,2023-12-10
1483,2023-12-10 10:45:00,False,10:45:00,2023-12-10
1484,2023-12-10 11:00:00,False,11:00:00,2023-12-10
1485,2023-12-10 11:15:00,False,11:15:00,2023-12-10
1486,2023-12-10 11:30:00,False,11:30:00,2023-12-10
1487,2023-12-10 11:45:00,False,11:45:00,2023-12-10
1488,2023-12-10 12:00:00,False,12:00:00,2023-12-10
1489,2023-12-10 12:15:00,False,12:15:00,2023-12-10
1490,2023-12-10 12:30:00,False,12:30:00,2023-12-10
1491,2023-12-10 12:45:00,False,12:45:00,2023-12-10
1492,2023-12-10 13:00:00,False,13:00:00,2023-12-10
1493,2023-12-10 13:15:00,False,13:15:00,2023-12-10
1494,2023-12-10 13:30:00,False,13:30:00,2023-12-10
1495,2023-12-10 13:45:00,False,13:45:00,2023-12-10
1496,2023-12-10 14:00:00,False,14:00:00,2023-12-10
1497,2023-12-10 14:15:00,False,14:15:00,2023-12-10
1498,2023-12-10 14:30:00,False,14:30:00,2023-12-10
1499,2023-12-10 14:45:00,False,14:45:00,2023-12-10
1500,2023-12-10 15:00:00,False,15:00:00,2023-12-10
1501,2023-12-10 15:15:00,False,15:15:00,2023-12-10
1502,2023-12-10 15:30:00,False,15:30:00,2023-12-10
1503,2023-12-10 15:45:00,False,15:45:00,2023-12-10
1504,2023-12-10 16:00:00,False,16:00:00,2023-12-10
1505,2023-12-10 16:15:00,False,16:15:00,2023-12-10
1506,2023-12-10 16:30:00,False,16:30:00,2023-12-10
1507,2023-12-10 16:45:00,False,16:45:00,2023-12-10
1508,2023-12-10 17:00:00,False,17:00:00,2023-12-10
1509,2023-12-10 17:15:00,False,17:15:00,2023-12-10
1510,2023-12-10 17:30:00,False,17:30:00,2023-12-10
1511,2023-12-10 17:45:00,False,17:45:00,2023-12-10
1512,2023-12-10 18:00:00,False,18:00:00,2023-12-10
1513,2023-12-10 18:15:00,False,18:15:00,2023-12-10
1514,2023-12-10 18:30:00,False,18:30:00,2023-12-10
1515,2023-12-10 18:45:00,False,18:45:00,2023-12-10
1516,2023-12-10 19:00:00,False,19:00:00,2023-12-10
1517,2023-12-10 19:15:00,False,19:15:00,2023-12-10
1518,2023-12-10 19:30:00,False,19:30:00,2023-12-10
1519,2023-12-10 19:45:00,False,19:45:00,2023-12-10
1520,2023-12-10 20:00:00,False,20:00:00,2023-12-10
1521,2023-12-10 20:15:00,False,20:15:00,2023-12-10
1522,2023-12-10 20:30:00,False,20:30:00,2023-12-10
1523,2023-12-10 20:45:00,False,20:45:00,2023-12-10
1524,2023-12-10 21:00:00,False,21:00:00,2023-12-10
1525,2023-12-10 21:15:00,False,21:15:00,2023-12-10
1526,2023-12-10 21:30:00,False,21:30:00,2023-12-10
1527,2023-12-10 21:45:00,False,21:45:00,2023-12-10
1528,2023-12-10 22:00:00,False,22:00:00,2023-12-10
1529,2023-12-10 22:15:00,False,22:15:00,2023-12-10
1530,2023-12-10 22:30:00,False,22:30:00,2023-12-10
1531,2023-12-10 22:45:00,False,22:45:00,2023-12-10
1532,2023-12-10 23:00:00,False,23:00:00,2023-12-10
1533,2023-12-10 23:15:00,False,23:15:00,2023-12-10
1534,2023-12-10 23:30:00,False,23:30:00,2023-12-10
1535,2023-12-10 23:45:00,False,23:45:00,2023-12-10
1536,2023-12-11 00:00:00,False,00:00:00,2023-12-11
1537,2023-12-11 00:15:00,False,00:15:00,2023-12-11
1538,2023-12-11 00:30:00,False,00:30:00,2023-12-11
1539,2023-12-11 00:45:00,False,00:45:00,2023-12-11
1540,2023-12-11 01:00:00,False,01:00:00,2023-12-11
1541,2023-12-11 01:15:00,False,01:15:00,2023-12-11
1542,2023-12-11 01:30:00,False,01:30:00,2023-12-11
1543,2023-12-11 01:45:00,False,01:45:00,2023-12-11
1544,2023-12-11 02:00:00,False,02:00:00,2023-12-11
1545,2023-12-11 02:15:00,False,02:15:00,2023-12-11
1546,2023-12-11 02:30:00,False,02:30:00,2023-12-11
1547,2023-12-11 02:45:00,False,02:45:00,2023-12-11
1548,2023-12-11 03:00:00,False,03:00:00,2023-12-11
1549,2023-12-11 03:15:00,False,03:15:00,2023-12-11
1550,2023-12-11 03:30:00,False,03:30:00,2023-12-11
1551,2023-12-11 03:45:00,False,03:45:00,2023-12-11
1552,2023-12-11 04:00:00,False,04:00:00,2023-12-11
1553,2023-12-11 04:15:00,False,04:15:00,2023-12-11
1554,2023-12-11 04:30:00,False,04:30:00,2023-12-11
1555,2023-12-11 04:45:00,False,04:45:00,2023-12-11
1556,2023-12-11 05:00:00,False,05:00:00,2023-12-11
1557,2023-12-11 05:15:00,False,05:15:00,2023-12-11
1558,2023-12-11 05:30:00,False,05:30:00,2023-12-11
1559,2023-12-11 05:45:00,False,05:45:00,2023-12-11
1560,2023-12-11 06:00:00,False,06:00:00,2023-12-11
1561,2023-12-11 06:15:00,False,06:15:00,2023-12-11
1562,2023-12-11 06:30:00,False,06:30:00,2023-12-11
1563,2023-12-11 06:45:00,False,06:45:00,2023-12-11
1564,2023-12-11 07:00:00,False,07:00:00,2023-12-11
1565,2023-12-11 07:15:00,False,07:15:00,2023-12-11
1566,2023-12-11 07:30:00,False,07:30:00,2023-12-11
1567,2023-12-11 07:45:00,False,07:45:00,2023-12-11
1568,2023-12-11 08:00:00,False,08:00:00,2023-12-11
1569,2023-12-11 08:15:00,False,08:15:00,2023-12-11
1570,2023-12-11 08:30:00,False,08:30:00,2023-12-11
1571,2023-12-11 08:45:00,True,08:45:00,2023-12-11
1572,2023-12-11 09:00:00,True,09:00:00,2023-12-11
1573,2023-12-11 09:15:00,False,09:15:00,2023-12-11
1574,2023-12-11 09:30:00,False,09:30:00,2023-12-11
1575,2023-12-11 09:45:00,False,09:45:00,2023-12-11
1576,2023-12-11 10:00:00,False,10:00:00,2023-12-11
1577,2023-12-11 10:15:00,False,10:15:00,2023-12-11
1578,2023-12-11 10:30:00,False,10:30:00,2023-12-11
1579,2023-12-11 10:45:00,False,10:45:00,2023-12-11
1580,2023-12-11 11:00:00,False,11:00:00,2023-12-11
1581,2023-12-11 11:15:00,False,11:15:00,2023-12-11
1582,2023-12-11 11:30:00,False,11:30:00,2023-12-11
1583,2023-12-11 11:45:00,False,11:45:00,2023-12-11
1584,2023-12-11 12:00:00,False,12:00:00,2023-12-11
1585,2023-12-11 12:15:00,False,12:15:00,2023-12-11
1586,2023-12-11 12:30:00,False,12:30:00,2023-12-11
1587,2023-12-11 12:45:00,False,12:45:00,2023-12-11
1588,2023-12-11 13:00:00,False,13:00:00,2023-12-11
1589,2023-12-11 13:15:00,False,13:15:00,2023-12-11
1590,2023-12-11 13:30:00,False,13:30:00,2023-12-11
1591,2023-12-11 13:45:00,False,13:45:00,2023-12-11
1592,2023-12-11 14:00:00,False,14:00:00,2023-12-11
1593,2023-12-11 14:15:00,False,14:15:00,2023-12-11
1594,2023-12-11 14:30:00,False,14:30:00,2023-12-11
1595,2023-12-11 14:45:00,False,14:45:00,2023-12-11
1596,2023-12-11 15:00:00,False,15:00:00,2023-12-11
1597,2023-12-11 15:15:00,False,15:15:00,2023-12-11
1598,2023-12-11 15:30:00,False,15:30:00,2023-12-11
1599,2023-12-11 15:45:00,False,15:45:00,2023-12-11
1600,2023-12-11 16:00:00,False,16:00:00,2023-12-11
1601,2023-12-11 16:15:00,False,16:15:00,2023-12-11
1602,2023-12-11 16:30:00,False,16:30:00,2023-12-11
1603,2023-12-11 16:45:00,False,16:45:00,2023-12-11
1604,2023-12-11 17:00:00,True,17:00:00,2023-12-11
1605,2023-12-11 17:15:00,False,17:15:00,2023-12-11
1606,2023-12-11 17:30:00,False,17:30:00,2023-12-11
1607,2023-12-11 17:45:00,False,17:45:00,2023-12-11
1608,2023-12-11 18:00:00,False,18:00:00,2023-12-11
1609,2023-12-11 18:15:00,False,18:15:00,2023-12-11
1610,2023-12-11 18:30:00,False,18:30:00,2023-12-11
1611,2023-12-11 18:45:00,False,18:45:00,2023-12-11
1612,2023-12-11 19:00:00,False,19:00:00,2023-12-11
1613,2023-12-11 19:15:00,False,19:15:00,2023-12-11
1614,2023-12-11 19:30:00,False,19:30:00,2023-12-11
1615,2023-12-11 19:45:00,False,19:45:00,2023-12-11
1616,2023-12-11 20:00:00,False,20:00:00,2023-12-11
1617,2023-12-11 20:15:00,False,20:15:00,2023-12-11
1618,2023-12-11 20:30:00,False,20:30:00,2023-12-11
1619,2023-12-11 20:45:00,False,20:45:00,2023-12-11
1620,2023-12-11 21:00:00,False,21:00:00,2023-12-11
1621,2023-12-11 21:15:00,False,21:15:00,2023-12-11
1622,2023-12-11 21:30:00,False,21:30:00,2023-12-11
1623,2023-12-11 21:45:00,False,21:45:00,2023-12-11
1624,2023-12-11 22:00:00,False,22:00:00,2023-12-11
1625,2023-12-11 22:15:00,False,22:15:00,2023-12-11
1626,2023-12-11 22:30:00,False,22:30:00,2023-12-11
1627,2023-12-11 22:45:00,False,22:45:00,2023-12-11
1628,2023-12-11 23:00:00,False,23:00:00,2023-12-11
1629,2023-12-11 23:15:00,False,23:15:00,2023-12-11
1630,2023-12-11 23:30:00,False,23:30:00,2023-12-11
1631,2023-12-11 23:45:00,False,23:45:00,2023-12-11
1632,2023-12-12 00:00:00,False,00:00:00,2023-12-12
1633,2023-12-12 00:15:00,False,00:15:00,2023-12-12
1634,2023-12-12 00:30:00,False,00:30:00,2023-12-12
1635,2023-12-12 00:45:00,False,00:45:00,2023-12-12
1636,2023-12-12 01:00:00,False,01:00:00,2023-12-12
1637,2023-12-12 01:15:00,False,01:15:00,2023-12-12
1638,2023-12-12 01:30:00,False,01:30:00,2023-12-12
1639,2023-12-12 01:45:00,False,01:45:00,2023-12-12
1640,2023-12-12 02:00:00,False,02:00:00,2023-12-12
1641,2023-12-12 02:15:00,False,02:15:00,2023-12-12
1642,2023-12-12 02:30:00,False,02:30:00,2023-12-12
1643,2023-12-12 02:45:00,False,02:45:00,2023-12-12
1644,2023-12-12 03:00:00,False,03:00:00,2023-12-12
1645,2023-12-12 03:15:00,False,03:15:00,2023-12-12
1646,2023-12-12 03:30:00,False,03:30:00,2023-12-12
1647,2023-12-12 03:45:00,False,03:45:00,2023-12-12
1648,2023-12-12 04:00:00,False,04:00:00,2023-12-12
1649,2023-12-12 04:15:00,False,04:15:00,2023-12-12
1650,2023-12-12 04:30:00,False,04:30:00,2023-12-12
1651,2023-12-12 04:45:00,False,04:45:00,2023-12-12
1652,2023-12-12 05:00:00,False,05:00:00,2023-12-12
1653,2023-12-12 05:15:00,False,05:15:00,2023-12-12
1654,2023-12-12 05:30:00,False,05:30:00,2023-12-12
1655,2023-12-12 05:45:00,False,05:45:00,2023-12-12
1656,2023-12-12 06:00:00,False,06:00:00,2023-12-12
1657,2023-12-12 06:15:00,False,06:15:00,2023-12-12
1658,2023-12-12 06:30:00,False,06:30:00,2023-12-12
1659,2023-12-12 06:45:00,False,06:45:00,2023-12-12
1660,2023-12-12 07:00:00,False,07:00:00,2023-12-12
1661,2023-12-12 07:15:00,False,07:15:00,2023-12-12
1662,2023-12-12 07:30:00,False,07:30:00,2023-12-12
1663,2023-12-12 07:45:00,False,07:45:00,2023-12-12
1664,2023-12-12 08:00:00,True,08:00:00,2023-12-12
1665,2023-12-12 08:15:00,True,08:15:00,2023-12-12
1666,2023-12-12 08:30:00,False,08:30:00,2023-12-12
1667,2023-12-12 08:45:00,False,08:45:00,2023-12-12
1668,2023-12-12 09:00:00,False,09:00:00,2023-12-12
1669,2023-12-12 09:15:00,False,09:15:00,2023-12-12
1670,2023-12-12 09:30:00,False,09:30:00,2023-12-12
1671,2023-12-12 09:45:00,False,09:45:00,2023-12-12
1672,2023-12-12 10:00:00,False,10:00:00,2023-12-12
1673,2023-12-12 10:15:00,False,10:15:00,2023-12-12
1674,2023-12-12 10:30:00,False,10:30:00,2023-12-12
1675,2023-12-12 10:45:00,False,10:45:00,2023-12-12
1676,2023-12-12 11:00:00,False,11:00:00,2023-12-12
1677,2023-12-12 11:15:00,False,11:15:00,2023-12-12
1678,2023-12-12 11:30:00,False,11:30:00,2023-12-12
1679,2023-12-12 11:45:00,False,11:45:00,2023-12-12
1680,2023-12-12 12:00:00,False,12:00:00,2023-12-12
1681,2023-12-12 12:15:00,False,12:15:00,2023-12-12
1682,2023-12-12 12:30:00,False,12:30:00,2023-12-12
1683,2023-12-12 12:45:00,False,12:45:00,2023-12-12
1684,2023-12-12 13:00:00,False,13:00:00,2023-12-12
1685,2023-12-12 13:15:00,False,13:15:00,2023-12-12
1686,2023-12-12 13:30:00,False,13:30:00,2023-12-12
1687,2023-12-12 13:45:00,False,13:45:00,2023-12-12
1688,2023-12-12 14:00:00,False,14:00:00,2023-12-12
1689,2023-12-12 14:15:00,False,14:15:00,2023-12-12
1690,2023-12-12 14:30:00,False,14:30:00,2023-12-12
1691,2023-12-12 14:45:00,False,14:45:00,2023-12-12
1692,2023-12-12 15:00:00,False,15:00:00,2023-12-12
1693,2023-12-12 15:15:00,False,15:15:00,2023-12-12
1694,2023-12-12 15:30:00,False,15:30:00,2023-12-12
1695,2023-12-12 15:45:00,False,15:45:00,2023-12-12
1696,2023-12-12 16:00:00,False,16:00:00,2023-12-12
1697,2023-12-12 16:15:00,False,16:15:00,2023-12-12
1698,2023-12-12 16:30:00,False,16:30:00,2023-12-12
1699,2023-12-12 16:45:00,False,16:45:00,2023-12-12
1700,2023-12-12 17:00:00,False,17:00:00,2023-12-12
1701,2023-12-12 17:15:00,False,17:15:00,2023-12-12
1702,2023-12-12 17:30:00,False,17:30:00,2023-12-12
1703,2023-12-12 17:45:00,False,17:45:00,2023-12-12
1704,2023-12-12 18:00:00,False,18:00:00,2023-12-12
1705,2023-12-12 18:15:00,False,18:15:00,2023-12-12
1706,2023-12-12 18:30:00,True,18:30:00,2023-12-12
1707,2023-12-12 18:45:00,True,18:45:00,2023-12-12
1708,2023-12-12 19:00:00,True,19:00:00,2023-12-12
1709,2023-12-12 19:15:00,True,19:15:00,2023-12-12
1710,2023-12-12 19:30:00,True,19:30:00,2023-12-12
1711,2023-12-12 19:45:00,True,19:45:00,2023-12-12
1712,2023-12-12 20:00:00,True,20:00:00,2023-12-12
1713,2023-12-12 20:15:00,True,20:15:00,2023-12-12
1714,2023-12-12 20:30:00,True,20:30:00,2023-12-12
1715,2023-12-12 20:45:00,True,20:45:00,2023-12-12
1716,2023-12-12 21:00:00,True,21:00:00,2023-12-12
1717,2023-12-12 21:15:00,True,21:15:00,2023-12-12
1718,2023-12-12 21:30:00,True,21:30:00,2023-12-12
1719,2023-12-12 21:45:00,True,21:45:00,2023-12-12
1720,2023-12-12 22:00:00,True,22:00:00,2023-12-12
1721,2023-12-12 22:15:00,True,22:15:00,2023-12-12
1722,2023-12-12 22:30:00,True,22:30:00,2023-12-12
1723,2023-12-12 22:45:00,True,22:45:00,2023-12-12
1724,2023-12-12 23:00:00,True,23:00:00,2023-12-12
1725,2023-12-12 23:15:00,True,23:15:00,2023-12-12
1726,2023-12-12 23:30:00,True,23:30:00,2023-12-12
1727,2023-12-12 23:45:00,True,23:45:00,2023-12-12
1728,2023-12-13 00:00:00,True,00:00:00,2023-12-13
1729,2023-12-13 00:15:00,True,00:15:00,2023-12-13
1730,2023-12-13 00:30:00,True,00:30:00,2023-12-13
1731,2023-12-13 00:45:00,True,00:45:00,2023-12-13
1732,2023-12-13 01:00:00,True,01:00:00,2023-12-13
1733,2023-12-13 01:15:00,True,01:15:00,2023-12-13
1734,2023-12-13 01:30:00,True,01:30:00,2023-12-13
1735,2023-12-13 01:45:00,True,01:45:00,2023-12-13
1736,2023-12-13 02:00:00,True,02:00:00,2023-12-13
1737,2023-12-13 02:15:00,True,02:15:00,2023-12-13
1738,2023-12-13 02:30:00,True,02:30:00,2023-12-13
1739,2023-12-13 02:45:00,True,02:45:00,2023-12-13
1740,2023-12-13 03:00:00,True,03:00:00,2023-12-13
1741,2023-12-13 03:15:00,True,03:15:00,2023-12-13
1742,2023-12-13 03:30:00,True,03:30:00,2023-12-13
1743,2023-12-13 03:45:00,True,03:45:00,2023-12-13
1744,2023-12-13 04:00:00,True,04:00:00,2023-12-13
1745,2023-12-13 04:15:00,True,04:15:00,2023-12-13
1746,2023-12-13 04:30:00,True,04:30:00,2023-12-13
1747,2023-12-13 04:45:00,True,04:45:00,2023-12-13
1748,2023-12-13 05:00:00,True,05:00:00,2023-12-13
1749,2023-12-13 05:15:00,True,05:15:00,2023-12-13
1750,2023-12-13 05:30:00,True,05:30:00,2023-12-13
1751,2023-12-13 05:45:00,True,05:45:00,2023-12-13
1752,2023-12-13 06:00:00,True,06:00:00,2023-12-13
1753,2023-12-13 06:15:00,True,06:15:00,2023-12-13
1754,2023-12-13 06:30:00,True,06:30:00,2023-12-13
1755,2023-12-13 06:45:00,True,06:45:00,2023-12-13
1756,2023-12-13 07:00:00,True,07:00:00,2023-12-13
1757,2023-12-13 07:15:00,True,07:15:00,2023-12-13
1758,2023-12-13 07:30:00,True,07:30:00,2023-12-13
1759,2023-12-13 07:45:00,True,07:45:00,2023-12-13
1760,2023-12-13 08:00:00,True,08:00:00,2023-12-13
1761,2023-12-13 08:15:00,True,08:15:00,2023-12-13
1762,2023-12-13 08:30:00,True,08:30:00,2023-12-13
1763,2023-12-13 08:45:00,True,08:45:00,2023-12-13
1764,2023-12-13 09:00:00,True,09:00:00,2023-12-13
1765,2023-12-13 09:15:00,True,09:15:00,2023-12-13
1766,2023-12-13 09:30:00,True,09:30:00,2023-12-13
1767,2023-12-13 09:45:00,True,09:45:00,2023-12-13
1768,2023-12-13 10:00:00,False,10:00:00,2023-12-13
1769,2023-12-13 10:15:00,False,10:15:00,2023-12-13
1770,2023-12-13 10:30:00,False,10:30:00,2023-12-13
1771,2023-12-13 10:45:00,False,10:45:00,2023-12-13
1772,2023-12-13 11:00:00,True,11:00:00,2023-12-13
1773,2023-12-13 11:15:00,True,11:15:00,2023-12-13
1774,2023-12-13 11:30:00,True,11:30:00,2023-12-13
1775,2023-12-13 11:45:00,True,11:45:00,2023-12-13
1776,2023-12-13 12:00:00,True,12:00:00,2023-12-13
1777,2023-12-13 12:15:00,True,12:15:00,2023-12-13
1778,2023-12-13 12:30:00,False,12:30:00,2023-12-13
1779,2023-12-13 12:45:00,False,12:45:00,2023-12-13
1780,2023-12-13 13:00:00,False,13:00:00,2023-12-13
1781,2023-12-13 13:15:00,False,13:15:00,2023-12-13
1782,2023-12-13 13:30:00,False,13:30:00,2023-12-13
1783,2023-12-13 13:45:00,False,13:45:00,2023-12-13
1784,2023-12-13 14:00:00,False,14:00:00,2023-12-13
1785,2023-12-13 14:15:00,False,14:15:00,2023-12-13
1786,2023-12-13 14:30:00,False,14:30:00,2023-12-13
1787,2023-12-13 14:45:00,False,14:45:00,2023-12-13
1788,2023-12-13 15:00:00,False,15:00:00,2023-12-13
1789,2023-12-13 15:15:00,False,15:15:00,2023-12-13
1790,2023-12-13 15:30:00,False,15:30:00,2023-12-13
1791,2023-12-13 15:45:00,False,15:45:00,2023-12-13
1792,2023-12-13 16:00:00,False,16:00:00,2023-12-13
1793,2023-12-13 16:15:00,False,16:15:00,2023-12-13
1794,2023-12-13 16:30:00,False,16:30:00,2023-12-13
1795,2023-12-13 16:45:00,False,16:45:00,2023-12-13
1796,2023-12-13 17:00:00,False,17:00:00,2023-12-13
1797,2023-12-13 17:15:00,False,17:15:00,2023-12-13
1798,2023-12-13 17:30:00,False,17:30:00,2023-12-13
1799,2023-12-13 17:45:00,False,17:45:00,2023-12-13
1800,2023-12-13 18:00:00,False,18:00:00,2023-12-13
1801,2023-12-13 18:15:00,False,18:15:00,2023-12-13
1802,2023-12-13 18:30:00,False,18:30:00,2023-12-13
1803,2023-12-13 18:45:00,False,18:45:00,2023-12-13
1804,2023-12-13 19:00:00,False,19:00:00,2023-12-13
1805,2023-12-13 19:15:00,False,19:15:00,2023-12-13
1806,2023-12-13 19:30:00,False,19:30:00,2023-12-13
1807,2023-12-13 19:45:00,False,19:45:00,2023-12-13
1808,2023-12-13 20:00:00,False,20:00:00,2023-12-13
1809,2023-12-13 20:15:00,False,20:15:00,2023-12-13
1810,2023-12-13 20:30:00,False,20:30:00,2023-12-13
1811,2023-12-13 20:45:00,False,20:45:00,2023-12-13
1812,2023-12-13 21:00:00,False,21:00:00,2023-12-13
1813,2023-12-13 21:15:00,False,21:15:00,2023-12-13
1814,2023-12-13 21:30:00,False,21:30:00,2023-12-13
1815,2023-12-13 21:45:00,False,21:45:00,2023-12-13
1816,2023-12-13 22:00:00,False,22:00:00,2023-12-13
1817,2023-12-13 22:15:00,False,22:15:00,2023-12-13
1818,2023-12-13 22:30:00,False,22:30:00,2023-12-13
1819,2023-12-13 22:45:00,False,22:45:00,2023-12-13
1820,2023-12-13 23:00:00,False,23:00:00,2023-12-13
1821,2023-12-13 23:15:00,False,23:15:00,2023-12-13
1822,2023-12-13 23:30:00,False,23:30:00,2023-12-13
1823,2023-12-13 23:45:00,False,23:45:00,2023-12-13
1824,2023-12-14 00:00:00,False,00:00:00,2023-12-14
1825,2023-12-14 00:15:00,False,00:15:00,2023-12-14
1826,2023-12-14 00:30:00,False,00:30:00,2023-12-14
1827,2023-12-14 00:45:00,False,00:45:00,2023-12-14
1828,2023-12-14 01:00:00,False,01:00:00,2023-12-14
1829,2023-12-14 01:15:00,False,01:15:00,2023-12-14
1830,2023-12-14 01:30:00,False,01:30:00,2023-12-14
1831,2023-12-14 01:45:00,False,01:45:00,2023-12-14
1832,2023-12-14 02:00:00,False,02:00:00,2023-12-14
1833,2023-12-14 02:15:00,False,02:15:00,2023-12-14
1834,2023-12-14 02:30:00,False,02:30:00,2023-12-14
1835,2023-12-14 02:45:00,False,02:45:00,2023-12-14
1836,2023-12-14 03:00:00,False,03:00:00,2023-12-14
1837,2023-12-14 03:15:00,False,03:15:00,2023-12-14
1838,2023-12-14 03:30:00,False,03:30:00,2023-12-14
1839,2023-12-14 03:45:00,False,03:45:00,2023-12-14
1840,2023-12-14 04:00:00,False,04:00:00,2023-12-14
1841,2023-12-14 04:15:00,False,04:15:00,2023-12-14
1842,2023-12-14 04:30:00,False,04:30:00,2023-12-14
1843,2023-12-14 04:45:00,False,04:45:00,2023-12-14
1844,2023-12-14 05:00:00,False,05:00:00,2023-12-14
1845,2023-12-14 05:15:00,False,05:15:00,2023-12-14
1846,2023-12-14 05:30:00,False,05:30:00,2023-12-14
1847,2023-12-14 05:45:00,False,05:45:00,2023-12-14
1848,2023-12-14 06:00:00,False,06:00:00,2023-12-14
1849,2023-12-14 06:15:00,False,06:15:00,2023-12-14
1850,2023-12-14 06:30:00,False,06:30:00,2023-12-14
1851,2023-12-14 06:45:00,False,06:45:00,2023-12-14
1852,2023-12-14 07:00:00,False,07:00:00,2023-12-14
1853,2023-12-14 07:15:00,False,07:15:00,2023-12-14
1854,2023-12-14 07:30:00,False,07:30:00,2023-12-14
1855,2023-12-14 07:45:00,True,07:45:00,2023-12-14
1856,2023-12-14 08:00:00,True,08:00:00,2023-12-14
1857,2023-12-14 08:15:00,True,08:15:00,2023-12-14
1858,2023-12-14 08:30:00,False,08:30:00,2023-12-14
1859,2023-12-14 08:45:00,False,08:45:00,2023-12-14
1860,2023-12-14 09:00:00,False,09:00:00,2023-12-14
1861,2023-12-14 09:15:00,False,09:15:00,2023-12-14
1862,2023-12-14 09:30:00,False,09:30:00,2023-12-14
1863,2023-12-14 09:45:00,False,09:45:00,2023-12-14
1864,2023-12-14 10:00:00,False,10:00:00,2023-12-14
1865,2023-12-14 10:15:00,False,10:15:00,2023-12-14
1866,2023-12-14 10:30:00,False,10:30:00,2023-12-14
1867,2023-12-14 10:45:00,False,10:45:00,2023-12-14
1868,2023-12-14 11:00:00,False,11:00:00,2023-12-14
1869,2023-12-14 11:15:00,False,11:15:00,2023-12-14
1870,2023-12-14 11:30:00,False,11:30:00,2023-12-14
1871,2023-12-14 11:45:00,False,11:45:00,2023-12-14
1872,2023-12-14 12:00:00,False,12:00:00,2023-12-14
1873,2023-12-14 12:15:00,False,12:15:00,2023-12-14
1874,2023-12-14 12:30:00,False,12:30:00,2023-12-14
1875,2023-12-14 12:45:00,False,12:45:00,2023-12-14
1876,2023-12-14 13:00:00,False,13:00:00,2023-12-14
1877,2023-12-14 13:15:00,False,13:15:00,2023-12-14
1878,2023-12-14 13:30:00,False,13:30:00,2023-12-14
1879,2023-12-14 13:45:00,False,13:45:00,2023-12-14
1880,2023-12-14 14:00:00,False,14:00:00,2023-12-14
1881,2023-12-14 14:15:00,False,14:15:00,2023-12-14
1882,2023-12-14 14:30:00,False,14:30:00,2023-12-14
1883,2023-12-14 14:45:00,False,14:45:00,2023-12-14
1884,2023-12-14 15:00:00,False,15:00:00,2023-12-14
1885,2023-12-14 15:15:00,False,15:15:00,2023-12-14
1886,2023-12-14 15:30:00,False,15:30:00,2023-12-14
1887,2023-12-14 15:45:00,False,15:45:00,2023-12-14
1888,2023-12-14 16:00:00,False,16:00:00,2023-12-14
1889,2023-12-14 16:15:00,False,16:15:00,2023-12-14
1890,2023-12-14 16:30:00,False,16:30:00,2023-12-14
1891,2023-12-14 16:45:00,False,16:45:00,2023-12-14
1892,2023-12-14 17:00:00,False,17:00:00,2023-12-14
1893,2023-12-14 17:15:00,False,17:15:00,2023-12-14
1894,2023-12-14 17:30:00,False,17:30:00,2023-12-14
1895,2023-12-14 17:45:00,False,17:45:00,2023-12-14
1896,2023-12-14 18:00:00,False,18:00:00,2023-12-14
1897,2023-12-14 18:15:00,False,18:15:00,2023-12-14
1898,2023-12-14 18:30:00,False,18:30:00,2023-12-14
1899,2023-12-14 18:45:00,False,18:45:00,2023-12-14
1900,2023-12-14 19:00:00,False,19:00:00,2023-12-14
1901,2023-12-14 19:15:00,False,19:15:00,2023-12-14
1902,2023-12-14 19:30:00,False,19:30:00,2023-12-14
1903,2023-12-14 19:45:00,False,19:45:00,2023-12-14
1904,2023-12-14 20:00:00,False,20:00:00,2023-12-14
1905,2023-12-14 20:15:00,False,20:15:00,2023-12-14
1906,2023-12-14 20:30:00,False,20:30:00,2023-12-14
1907,2023-12-14 20:45:00,False,20:45:00,2023-12-14
1908,2023-12-14 21:00:00,False,21:00:00,2023-12-14
1909,2023-12-14 21:15:00,False,21:15:00,2023-12-14
1910,2023-12-14 21:30:00,False,21:30:00,2023-12-14
1911,2023-12-14 21:45:00,False,21:45:00,2023-12-14
1912,2023-12-14 22:00:00,False,22:00:00,2023-12-14
1913,2023-12-14 22:15:00,False,22:15:00,2023-12-14
1914,2023-12-14 22:30:00,False,22:30:00,2023-12-14
1915,2023-12-14 22:45:00,False,22:45:00,2023-12-14
1916,2023-12-14 23:00:00,False,23:00:00,2023-12-14
1917,2023-12-14 23:15:00,False,23:15:00,2023-12-14
1918,2023-12-14 23:30:00,False,23:30:00,2023-12-14
1919,2023-12-14 23:45:00,False,23:45:00,2023-12-14
1920,2023-12-15 00:00:00,False,00:00:00,2023-12-15
1921,2023-12-15 00:15:00,False,00:15:00,2023-12-15
1922,2023-12-15 00:30:00,False,00:30:00,2023-12-15
1923,2023-12-15 00:45:00,False,00:45:00,2023-12-15
1924,2023-12-15 01:00:00,False,01:00:00,2023-12-15
1925,2023-12-15 01:15:00,False,01:15:00,2023-12-15
1926,2023-12-15 01:30:00,False,01:30:00,2023-12-15
1927,2023-12-15 01:45:00,False,01:45:00,2023-12-15
1928,2023-12-15 02:00:00,False,02:00:00,2023-12-15
1929,2023-12-15 02:15:00,False,02:15:00,2023-12-15
1930,2023-12-15 02:30:00,False,02:30:00,2023-12-15
1931,2023-12-15 02:45:00,False,02:45:00,2023-12-15
1932,2023-12-15 03:00:00,False,03:00:00,2023-12-15
1933,2023-12-15 03:15:00,False,03:15:00,2023-12-15
1934,2023-12-15 03:30:00,False,03:30:00,2023-12-15
1935,2023-12-15 03:45:00,False,03:45:00,2023-12-15
1936,2023-12-15 04:00:00,False,04:00:00,2023-12-15
1937,2023-12-15 04:15:00,False,04:15:00,2023-12-15
1938,2023-12-15 04:30:00,False,04:30:00,2023-12-15
1939,2023-12-15 04:45:00,False,04:45:00,2023-12-15
1940,2023-12-15 05:00:00,False,05:00:00,2023-12-15
1941,2023-12-15 05:15:00,False,05:15:00,2023-12-15
1942,2023-12-15 05:30:00,False,05:30:00,2023-12-15
1943,2023-12-15 05:45:00,False,05:45:00,2023-12-15
1944,2023-12-15 06:00:00,False,06:00:00,2023-12-15
1945,2023-12-15 06:15:00,False,06:15:00,2023-12-15
1946,2023-12-15 06:30:00,False,06:30:00,2023-12-15
1947,2023-12-15 06:45:00,False,06:45:00,2023-12-15
1948,2023-12-15 07:00:00,False,07:00:00,2023-12-15
1949,2023-12-15 07:15:00,False,07:15:00,2023-12-15
1950,2023-12-15 07:30:00,False,07:30:00,2023-12-15
1951,2023-12-15 07:45:00,False,07:45:00,2023-12-15
1952,2023-12-15 08:00:00,False,08:00:00,2023-12-15
1953,2023-12-15 08:15:00,False,08:15:00,2023-12-15
1954,2023-12-15 08:30:00,False,08:30:00,2023-12-15
1955,2023-12-15 08:45:00,False,08:45:00,2023-12-15
1956,2023-12-15 09:00:00,False,09:00:00,2023-12-15
1957,2023-12-15 09:15:00,False,09:15:00,2023-12-15
1958,2023-12-15 09:30:00,False,09:30:00,2023-12-15
1959,2023-12-15 09:45:00,False,09:45:00,2023-12-15
1960,2023-12-15 10:00:00,False,10:00:00,2023-12-15
1961,2023-12-15 10:15:00,False,10:15:00,2023-12-15
1962,2023-12-15 10:30:00,False,10:30:00,2023-12-15
1963,2023-12-15 10:45:00,False,10:45:00,2023-12-15
1964,2023-12-15 11:00:00,False,11:00:00,2023-12-15
1965,2023-12-15 11:15:00,False,11:15:00,2023-12-15
1966,2023-12-15 11:30:00,False,11:30:00,2023-12-15
1967,2023-12-15 11:45:00,False,11:45:00,2023-12-15
1968,2023-12-15 12:00:00,False,12:00:00,2023-12-15
1969,2023-12-15 12:15:00,False,12:15:00,2023-12-15
1970,2023-12-15 12:30:00,False,12:30:00,2023-12-15
1971,2023-12-15 12:45:00,False,12:45:00,2023-12-15
1972,2023-12-15 13:00:00,False,13:00:00,2023-12-15
1973,2023-12-15 13:15:00,False,13:15:00,2023-12-15
1974,2023-12-15 13:30:00,False,13:30:00,2023-12-15
1975,2023-12-15 13:45:00,False,13:45:00,2023-12-15
1976,2023-12-15 14:00:00,False,14:00:00,2023-12-15
1977,2023-12-15 14:15:00,False,14:15:00,2023-12-15
1978,2023-12-15 14:30:00,False,14:30:00,2023-12-15
1979,2023-12-15 14:45:00,False,14:45:00,2023-12-15
1980,2023-12-15 15:00:00,False,15:00:00,2023-12-15
1981,2023-12-15 15:15:00,False,15:15:00,2023-12-15
1982,2023-12-15 15:30:00,False,15:30:00,2023-12-15
1983,2023-12-15 15:45:00,False,15:45:00,2023-12-15
1984,2023-12-15 16:00:00,False,16:00:00,2023-12-15
1985,2023-12-15 16:15:00,False,16:15:00,2023-12-15
1986,2023-12-15 16:30:00,False,16:30:00,2023-12-15
1987,2023-12-15 16:45:00,False,16:45:00,2023-12-15
1988,2023-12-15 17:00:00,False,17:00:00,2023-12-15
1989,2023-12-15 17:15:00,False,17:15:00,2023-12-15
1990,2023-12-15 17:30:00,False,17:30:00,2023-12-15
1991,2023-12-15 17:45:00,False,17:45:00,2023-12-15
1992,2023-12-15 18:00:00,False,18:00:00,2023-12-15
1993,2023-12-15 18:15:00,False,18:15:00,2023-12-15
1994,2023-12-15 18:30:00,False,18:30:00,2023-12-15
1995,2023-12-15 18:45:00,False,18:45:00,2023-12-15
1996,2023-12-15 19:00:00,False,19:00:00,2023-12-15
1997,2023-12-15 19:15:00,False,19:15:00,2023-12-15
1998,2023-12-15 19:30:00,False,19:30:00,2023-12-15
1999,2023-12-15 19:45:00,False,19:45:00,2023-12-15
2000,2023-12-15 20:00:00,True,20:00:00,2023-12-15
2001,2023-12-15 20:15:00,True,20:15:00,2023-12-15
2002,2023-12-15 20:30:00,True,20:30:00,2023-12-15
2003,2023-12-15 20:45:00,True,20:45:00,2023-12-15
2004,2023-12-15 21:00:00,True,21:00:00,2023-12-15
2005,2023-12-15 21:15:00,True,21:15:00,2023-12-15
2006,2023-12-15 21:30:00,True,21:30:00,2023-12-15
2007,2023-12-15 21:45:00,True,21:45:00,2023-12-15
2008,2023-12-15 22:00:00,True,22:00:00,2023-12-15
2009,2023-12-15 22:15:00,True,22:15:00,2023-12-15
2010,2023-12-15 22:30:00,True,22:30:00,2023-12-15
2011,2023-12-15 22:45:00,True,22:45:00,2023-12-15
2012,2023-12-15 23:00:00,True,23:00:00,2023-12-15
2013,2023-12-15 23:15:00,True,23:15:00,2023-12-15
2014,2023-12-15 23:30:00,False,23:30:00,2023-12-15
2015,2023-12-15 23:45:00,False,23:45:00,2023-12-15
2016,2023-12-16 00:00:00,False,00:00:00,2023-12-16
2017,2023-12-16 00:15:00,False,00:15:00,2023-12-16
2018,2023-12-16 00:30:00,False,00:30:00,2023-12-16
2019,2023-12-16 00:45:00,False,00:45:00,2023-12-16
2020,2023-12-16 01:00:00,False,01:00:00,2023-12-16
2021,2023-12-16 01:15:00,False,01:15:00,2023-12-16
2022,2023-12-16 01:30:00,False,01:30:00,2023-12-16
2023,2023-12-16 01:45:00,False,01:45:00,2023-12-16
2024,2023-12-16 02:00:00,False,02:00:00,2023-12-16
2025,2023-12-16 02:15:00,False,02:15:00,2023-12-16
2026,2023-12-16 02:30:00,False,02:30:00,2023-12-16
2027,2023-12-16 02:45:00,False,02:45:00,2023-12-16
2028,2023-12-16 03:00:00,False,03:00:00,2023-12-16
2029,2023-12-16 03:15:00,False,03:15:00,2023-12-16
2030,2023-12-16 03:30:00,False,03:30:00,2023-12-16
2031,2023-12-16 03:45:00,False,03:45:00,2023-12-16
2032,2023-12-16 04:00:00,False,04:00:00,2023-12-16
2033,2023-12-16 04:15:00,False,04:15:00,2023-12-16
2034,2023-12-16 04:30:00,False,04:30:00,2023-12-16
2035,2023-12-16 04:45:00,False,04:45:00,2023-12-16
2036,2023-12-16 05:00:00,False,05:00:00,2023-12-16
2037,2023-12-16 05:15:00,False,05:15:00,2023-12-16
2038,2023-12-16 05:30:00,False,05:30:00,2023-12-16
2039,2023-12-16 05:45:00,False,05:45:00,2023-12-16
2040,2023-12-16 06:00:00,False,06:00:00,2023-12-16
2041,2023-12-16 06:15:00,False,06:15:00,2023-12-16
2042,2023-12-16 06:30:00,False,06:30:00,2023-12-16
2043,2023-12-16 06:45:00,False,06:45:00,2023-12-16
2044,2023-12-16 07:00:00,False,07:00:00,2023-12-16
2045,2023-12-16 07:15:00,False,07:15:00,2023-12-16
2046,2023-12-16 07:30:00,False,07:30:00,2023-12-16
2047,2023-12-16 07:45:00,False,07:45:00,2023-12-16
2048,2023-12-16 08:00:00,False,08:00:00,2023-12-16
2049,2023-12-16 08:15:00,False,08:15:00,2023-12-16
2050,2023-12-16 08:30:00,False,08:30:00,2023-12-16
2051,2023-12-16 08:45:00,False,08:45:00,2023-12-16
2052,2023-12-16 09:00:00,False,09:00:00,2023-12-16
2053,2023-12-16 09:15:00,False,09:15:00,2023-12-16
2054,2023-12-16 09:30:00,False,09:30:00,2023-12-16
2055,2023-12-16 09:45:00,False,09:45:00,2023-12-16
2056,2023-12-16 10:00:00,False,10:00:00,2023-12-16
2057,2023-12-16 10:15:00,False,10:15:00,2023-12-16
2058,2023-12-16 10:30:00,False,10:30:00,2023-12-16
2059,2023-12-16 10:45:00,False,10:45:00,2023-12-16
2060,2023-12-16 11:00:00,False,11:00:00,2023-12-16
2061,2023-12-16 11:15:00,False,11:15:00,2023-12-16
2062,2023-12-16 11:30:00,False,11:30:00,2023-12-16
2063,2023-12-16 11:45:00,False,11:45:00,2023-12-16
2064,2023-12-16 12:00:00,False,12:00:00,2023-12-16
2065,2023-12-16 12:15:00,False,12:15:00,2023-12-16
2066,2023-12-16 12:30:00,False,12:30:00,2023-12-16
2067,2023-12-16 12:45:00,False,12:45:00,2023-12-16
2068,2023-12-16 13:00:00,False,13:00:00,2023-12-16
2069,2023-12-16 13:15:00,False,13:15:00,2023-12-16
2070,2023-12-16 13:30:00,False,13:30:00,2023-12-16
2071,2023-12-16 13:45:00,False,13:45:00,2023-12-16
2072,2023-12-16 14:00:00,False,14:00:00,2023-12-16
2073,2023-12-16 14:15:00,False,14:15:00,2023-12-16
2074,2023-12-16 14:30:00,False,14:30:00,2023-12-16
2075,2023-12-16 14:45:00,False,14:45:00,2023-12-16
2076,2023-12-16 15:00:00,False,15:00:00,2023-12-16
2077,2023-12-16 15:15:00,False,15:15:00,2023-12-16
2078,2023-12-16 15:30:00,False,15:30:00,2023-12-16
2079,2023-12-16 15:45:00,False,15:45:00,2023-12-16
2080,2023-12-16 16:00:00,False,16:00:00,2023-12-16
2081,2023-12-16 16:15:00,False,16:15:00,2023-12-16
2082,2023-12-16 16:30:00,False,16:30:00,2023-12-16
2083,2023-12-16 16:45:00,False,16:45:00,2023-12-16
2084,2023-12-16 17:00:00,False,17:00:00,2023-12-16
2085,2023-12-16 17:15:00,False,17:15:00,2023-12-16
2086,2023-12-16 17:30:00,False,17:30:00,2023-12-16
2087,2023-12-16 17:45:00,False,17:45:00,2023-12-16
2088,2023-12-16 18:00:00,False,18:00:00,2023-12-16
2089,2023-12-16 18:15:00,True,18:15:00,2023-12-16
2090,2023-12-16 18:30:00,True,18:30:00,2023-12-16
2091,2023-12-16 18:45:00,True,18:45:00,2023-12-16
2092,2023-12-16 19:00:00,True,19:00:00,2023-12-16
2093,2023-12-16 19:15:00,True,19:15:00,2023-12-16
2094,2023-12-16 19:30:00,True,19:30:00,2023-12-16
2095,2023-12-16 19:45:00,True,19:45:00,2023-12-16
2096,2023-12-16 20:00:00,True,20:00:00,2023-12-16
2097,2023-12-16 20:15:00,True,20:15:00,2023-12-16
2098,2023-12-16 20:30:00,True,20:30:00,2023-12-16
2099,2023-12-16 20:45:00,True,20:45:00,2023-12-16
2100,2023-12-16 21:00:00,True,21:00:00,2023-12-16
2101,2023-12-16 21:15:00,True,21:15:00,2023-12-16
2102,2023-12-16 21:30:00,True,21:30:00,2023-12-16
2103,2023-12-16 21:45:00,True,21:45:00,2023-12-16
2104,2023-12-16 22:00:00,True,22:00:00,2023-12-16
2105,2023-12-16 22:15:00,False,22:15:00,2023-12-16
2106,2023-12-16 22:30:00,False,22:30:00,2023-12-16
2107,2023-12-16 22:45:00,False,22:45:00,2023-12-16
2108,2023-12-16 23:00:00,False,23:00:00,2023-12-16
2109,2023-12-16 23:15:00,False,23:15:00,2023-12-16
2110,2023-12-16 23:30:00,False,23:30:00,2023-12-16
2111,2023-12-16 23:45:00,False,23:45:00,2023-12-16
2112,2023-12-17 00:00:00,False,00:00:00,2023-12-17
2113,2023-12-17 00:15:00,False,00:15:00,2023-12-17
2114,2023-12-17 00:30:00,False,00:30:00,2023-12-17
2115,2023-12-17 00:45:00,False,00:45:00,2023-12-17
2116,2023-12-17 01:00:00,False,01:00:00,2023-12-17
2117,2023-12-17 01:15:00,False,01:15:00,2023-12-17
2118,2023-12-17 01:30:00,False,01:30:00,2023-12-17
2119,2023-12-17 01:45:00,False,01:45:00,2023-12-17
2120,2023-12-17 02:00:00,False,02:00:00,2023-12-17
2121,2023-12-17 02:15:00,False,02:15:00,2023-12-17
2122,2023-12-17 02:30:00,False,02:30:00,2023-12-17
2123,2023-12-17 02:45:00,False,02:45:00,2023-12-17
2124,2023-12-17 03:00:00,False,03:00:00,2023-12-17
2125,2023-12-17 03:15:00,False,03:15:00,2023-12-17
2126,2023-12-17 03:30:00,False,03:30:00,2023-12-17
2127,2023-12-17 03:45:00,False,03:45:00,2023-12-17
2128,2023-12-17 04:00:00,False,04:00:00,2023-12-17
2129,2023-12-17 04:15:00,False,04:15:00,2023-12-17
2130,2023-12-17 04:30:00,False,04:30:00,2023-12-17
2131,2023-12-17 04:45:00,False,04:45:00,2023-12-17
2132,2023-12-17 05:00:00,False,05:00:00,2023-12-17
2133,2023-12-17 05:15:00,False,05:15:00,2023-12-17
2134,2023-12-17 05:30:00,False,05:30:00,2023-12-17
2135,2023-12-17 05:45:00,False,05:45:00,2023-12-17
2136,2023-12-17 06:00:00,False,06:00:00,2023-12-17
2137,2023-12-17 06:15:00,False,06:15:00,2023-12-17
2138,2023-12-17 06:30:00,False,06:30:00,2023-12-17
2139,2023-12-17 06:45:00,False,06:45:00,2023-12-17
2140,2023-12-17 07:00:00,False,07:00:00,2023-12-17
2141,2023-12-17 07:15:00,False,07:15:00,2023-12-17
2142,2023-12-17 07:30:00,False,07:30:00,2023-12-17
2143,2023-12-17 07:45:00,False,07:45:00,2023-12-17
2144,2023-12-17 08:00:00,False,08:00:00,2023-12-17
2145,2023-12-17 08:15:00,False,08:15:00,2023-12-17
2146,2023-12-17 08:30:00,False,08:30:00,2023-12-17
2147,2023-12-17 08:45:00,False,08:45:00,2023-12-17
2148,2023-12-17 09:00:00,False,09:00:00,2023-12-17
2149,2023-12-17 09:15:00,False,09:15:00,2023-12-17
2150,2023-12-17 09:30:00,False,09:30:00,2023-12-17
2151,2023-12-17 09:45:00,False,09:45:00,2023-12-17
2152,2023-12-17 10:00:00,False,10:00:00,2023-12-17
2153,2023-12-17 10:15:00,False,10:15:00,2023-12-17
2154,2023-12-17 10:30:00,True,10:30:00,2023-12-17
2155,2023-12-17 10:45:00,True,10:45:00,2023-12-17
2156,2023-12-17 11:00:00,False,11:00:00,2023-12-17
2157,2023-12-17 11:15:00,False,11:15:00,2023-12-17
2158,2023-12-17 11:30:00,False,11:30:00,2023-12-17
2159,2023-12-17 11:45:00,False,11:45:00,2023-12-17
2160,2023-12-17 12:00:00,False,12:00:00,2023-12-17
2161,2023-12-17 12:15:00,False,12:15:00,2023-12-17
2162,2023-12-17 12:30:00,False,12:30:00,2023-12-17
2163,2023-12-17 12:45:00,False,12:45:00,2023-12-17
2164,2023-12-17 13:00:00,False,13:00:00,2023-12-17
2165,2023-12-17 13:15:00,False,13:15:00,2023-12-17
2166,2023-12-17 13:30:00,False,13:30:00,2023-12-17
2167,2023-12-17 13:45:00,False,13:45:00,2023-12-17
2168,2023-12-17 14:00:00,False,14:00:00,2023-12-17
2169,2023-12-17 14:15:00,False,14:15:00,2023-12-17
2170,2023-12-17 14:30:00,False,14:30:00,2023-12-17
2171,2023-12-17 14:45:00,False,14:45:00,2023-12-17
2172,2023-12-17 15:00:00,False,15:00:00,2023-12-17
2173,2023-12-17 15:15:00,False,15:15:00,2023-12-17
2174,2023-12-17 15:30:00,False,15:30:00,2023-12-17
2175,2023-12-17 15:45:00,False,15:45:00,2023-12-17
2176,2023-12-17 16:00:00,False,16:00:00,2023-12-17
2177,2023-12-17 16:15:00,True,16:15:00,2023-12-17
2178,2023-12-17 16:30:00,True,16:30:00,2023-12-17
2179,2023-12-17 16:45:00,True,16:45:00,2023-12-17
2180,2023-12-17 17:00:00,True,17:00:00,2023-12-17
2181,2023-12-17 17:15:00,True,17:15:00,2023-12-17
2182,2023-12-17 17:30:00,True,17:30:00,2023-12-17
2183,2023-12-17 17:45:00,False,17:45:00,2023-12-17
2184,2023-12-17 18:00:00,False,18:00:00,2023-12-17
2185,2023-12-17 18:15:00,False,18:15:00,2023-12-17
2186,2023-12-17 18:30:00,False,18:30:00,2023-12-17
2187,2023-12-17 18:45:00,False,18:45:00,2023-12-17
2188,2023-12-17 19:00:00,False,19:00:00,2023-12-17
2189,2023-12-17 19:15:00,False,19:15:00,2023-12-17
2190,2023-12-17 19:30:00,False,19:30:00,2023-12-17
2191,2023-12-17 19:45:00,False,19:45:00,2023-12-17
2192,2023-12-17 20:00:00,False,20:00:00,2023-12-17
2193,2023-12-17 20:15:00,False,20:15:00,2023-12-17
2194,2023-12-17 20:30:00,False,20:30:00,2023-12-17
2195,2023-12-17 20:45:00,False,20:45:00,2023-12-17
2196,2023-12-17 21:00:00,False,21:00:00,2023-12-17
2197,2023-12-17 21:15:00,False,21:15:00,2023-12-17
2198,2023-12-17 21:30:00,False,21:30:00,2023-12-17
2199,2023-12-17 21:45:00,False,21:45:00,2023-12-17
2200,2023-12-17 22:00:00,False,22:00:00,2023-12-17
2201,2023-12-17 22:15:00,False,22:15:00,2023-12-17
2202,2023-12-17 22:30:00,False,22:30:00,2023-12-17
2203,2023-12-17 22:45:00,False,22:45:00,2023-12-17
2204,2023-12-17 23:00:00,False,23:00:00,2023-12-17
2205,2023-12-17 23:15:00,False,23:15:00,2023-12-17
2206,2023-12-17 23:30:00,False,23:30:00,2023-12-17
2207,2023-12-17 23:45:00,False,23:45:00,2023-12-17
2208,2023-12-18 00:00:00,False,00:00:00,2023-12-18
2209,2023-12-18 00:15:00,False,00:15:00,2023-12-18
2210,2023-12-18 00:30:00,False,00:30:00,2023-12-18
2211,2023-12-18 00:45:00,False,00:45:00,2023-12-18
2212,2023-12-18 01:00:00,False,01:00:00,2023-12-18
2213,2023-12-18 01:15:00,False,01:15:00,2023-12-18
2214,2023-12-18 01:30:00,False,01:30:00,2023-12-18
2215,2023-12-18 01:45:00,False,01:45:00,2023-12-18
2216,2023-12-18 02:00:00,False,02:00:00,2023-12-18
2217,2023-12-18 02:15:00,False,02:15:00,2023-12-18
2218,2023-12-18 02:30:00,False,02:30:00,2023-12-18
2219,2023-12-18 02:45:00,False,02:45:00,2023-12-18
2220,2023-12-18 03:00:00,False,03:00:00,2023-12-18
2221,2023-12-18 03:15:00,False,03:15:00,2023-12-18
2222,2023-12-18 03:30:00,False,03:30:00,2023-12-18
2223,2023-12-18 03:45:00,False,03:45:00,2023-12-18
2224,2023-12-18 04:00:00,False,04:00:00,2023-12-18
2225,2023-12-18 04:15:00,False,04:15:00,2023-12-18
2226,2023-12-18 04:30:00,False,04:30:00,2023-12-18
2227,2023-12-18 04:45:00,False,04:45:00,2023-12-18
2228,2023-12-18 05:00:00,False,05:00:00,2023-12-18
2229,2023-12-18 05:15:00,False,05:15:00,2023-12-18
2230,2023-12-18 05:30:00,False,05:30:00,2023-12-18
2231,2023-12-18 05:45:00,False,05:45:00,2023-12-18
2232,2023-12-18 06:00:00,False,06:00:00,2023-12-18
2233,2023-12-18 06:15:00,False,06:15:00,2023-12-18
2234,2023-12-18 06:30:00,False,06:30:00,2023-12-18
2235,2023-12-18 06:45:00,False,06:45:00,2023-12-18
2236,2023-12-18 07:00:00,False,07:00:00,2023-12-18
2237,2023-12-18 07:15:00,False,07:15:00,2023-12-18
2238,2023-12-18 07:30:00,False,07:30:00,2023-12-18
2239,2023-12-18 07:45:00,False,07:45:00,2023-12-18
2240,2023-12-18 08:00:00,False,08:00:00,2023-12-18
2241,2023-12-18 08:15:00,False,08:15:00,2023-12-18
2242,2023-12-18 08:30:00,False,08:30:00,2023-12-18
2243,2023-12-18 08:45:00,False,08:45:00,2023-12-18
2244,2023-12-18 09:00:00,False,09:00:00,2023-12-18
2245,2023-12-18 09:15:00,False,09:15:00,2023-12-18
2246,2023-12-18 09:30:00,True,09:30:00,2023-12-18
2247,2023-12-18 09:45:00,True,09:45:00,2023-12-18
2248,2023-12-18 10:00:00,True,10:00:00,2023-12-18
2249,2023-12-18 10:15:00,True,10:15:00,2023-12-18
2250,2023-12-18 10:30:00,True,10:30:00,2023-12-18
2251,2023-12-18 10:45:00,True,10:45:00,2023-12-18
2252,2023-12-18 11:00:00,False,11:00:00,2023-12-18
2253,2023-12-18 11:15:00,False,11:15:00,2023-12-18
2254,2023-12-18 11:30:00,False,11:30:00,2023-12-18
2255,2023-12-18 11:45:00,False,11:45:00,2023-12-18
2256,2023-12-18 12:00:00,False,12:00:00,2023-12-18
2257,2023-12-18 12:15:00,False,12:15:00,2023-12-18
2258,2023-12-18 12:30:00,False,12:30:00,2023-12-18
2259,2023-12-18 12:45:00,False,12:45:00,2023-12-18
2260,2023-12-18 13:00:00,False,13:00:00,2023-12-18
2261,2023-12-18 13:15:00,False,13:15:00,2023-12-18
2262,2023-12-18 13:30:00,False,13:30:00,2023-12-18
2263,2023-12-18 13:45:00,False,13:45:00,2023-12-18
2264,2023-12-18 14:00:00,False,14:00:00,2023-12-18
2265,2023-12-18 14:15:00,False,14:15:00,2023-12-18
2266,2023-12-18 14:30:00,False,14:30:00,2023-12-18
2267,2023-12-18 14:45:00,False,14:45:00,2023-12-18
2268,2023-12-18 15:00:00,False,15:00:00,2023-12-18
2269,2023-12-18 15:15:00,False,15:15:00,2023-12-18
2270,2023-12-18 15:30:00,False,15:30:00,2023-12-18
2271,2023-12-18 15:45:00,False,15:45:00,2023-12-18
2272,2023-12-18 16:00:00,False,16:00:00,2023-12-18
2273,2023-12-18 16:15:00,False,16:15:00,2023-12-18
2274,2023-12-18 16:30:00,False,16:30:00,2023-12-18
2275,2023-12-18 16:45:00,False,16:45:00,2023-12-18
2276,2023-12-18 17:00:00,False,17:00:00,2023-12-18
2277,2023-12-18 17:15:00,False,17:15:00,2023-12-18
2278,2023-12-18 17:30:00,False,17:30:00,2023-12-18
2279,2023-12-18 17:45:00,False,17:45:00,2023-12-18
2280,2023-12-18 18:00:00,False,18:00:00,2023-12-18
2281,2023-12-18 18:15:00,False,18:15:00,2023-12-18
2282,2023-12-18 18:30:00,False,18:30:00,2023-12-18
2283,2023-12-18 18:45:00,False,18:45:00,2023-12-18
2284,2023-12-18 19:00:00,False,19:00:00,2023-12-18
2285,2023-12-18 19:15:00,False,19:15:00,2023-12-18
2286,2023-12-18 19:30:00,False,19:30:00,2023-12-18
2287,2023-12-18 19:45:00,False,19:45:00,2023-12-18
2288,2023-12-18 20:00:00,False,20:00:00,2023-12-18
2289,2023-12-18 20:15:00,False,20:15:00,2023-12-18
2290,2023-12-18 20:30:00,False,20:30:00,2023-12-18
2291,2023-12-18 20:45:00,False,20:45:00,2023-12-18
2292,2023-12-18 21:00:00,False,21:00:00,2023-12-18
2293,2023-12-18 21:15:00,False,21:15:00,2023-12-18
2294,2023-12-18 21:30:00,False,21:30:00,2023-12-18
2295,2023-12-18 21:45:00,False,21:45:00,2023-12-18
2296,2023-12-18 22:00:00,False,22:00:00,2023-12-18
2297,2023-12-18 22:15:00,False,22:15:00,2023-12-18
2298,2023-12-18 22:30:00,False,22:30:00,2023-12-18
2299,2023-12-18 22:45:00,False,22:45:00,2023-12-18
2300,2023-12-18 23:00:00,False,23:00:00,2023-12-18
2301,2023-12-18 23:15:00,False,23:15:00,2023-12-18
2302,2023-12-18 23:30:00,False,23:30:00,2023-12-18
2303,2023-12-18 23:45:00,False,23:45:00,2023-12-18
2304,2023-12-19 00:00:00,False,00:00:00,2023-12-19
2305,2023-12-19 00:15:00,False,00:15:00,2023-12-19
2306,2023-12-19 00:30:00,False,00:30:00,2023-12-19
2307,2023-12-19 00:45:00,False,00:45:00,2023-12-19
2308,2023-12-19 01:00:00,False,01:00:00,2023-12-19
2309,2023-12-19 01:15:00,False,01:15:00,2023-12-19
2310,2023-12-19 01:30:00,False,01:30:00,2023-12-19
2311,2023-12-19 01:45:00,False,01:45:00,2023-12-19
2312,2023-12-19 02:00:00,False,02:00:00,2023-12-19
2313,2023-12-19 02:15:00,False,02:15:00,2023-12-19
2314,2023-12-19 02:30:00,False,02:30:00,2023-12-19
2315,2023-12-19 02:45:00,False,02:45:00,2023-12-19
2316,2023-12-19 03:00:00,False,03:00:00,2023-12-19
2317,2023-12-19 03:15:00,False,03:15:00,2023-12-19
2318,2023-12-19 03:30:00,False,03:30:00,2023-12-19
2319,2023-12-19 03:45:00,False,03:45:00,2023-12-19
2320,2023-12-19 04:00:00,False,04:00:00,2023-12-19
2321,2023-12-19 04:15:00,False,04:15:00,2023-12-19
2322,2023-12-19 04:30:00,False,04:30:00,2023-12-19
2323,2023-12-19 04:45:00,False,04:45:00,2023-12-19
2324,2023-12-19 05:00:00,False,05:00:00,2023-12-19
2325,2023-12-19 05:15:00,False,05:15:00,2023-12-19
2326,2023-12-19 05:30:00,False,05:30:00,2023-12-19
2327,2023-12-19 05:45:00,False,05:45:00,2023-12-19
2328,2023-12-19 06:00:00,False,06:00:00,2023-12-19
2329,2023-12-19 06:15:00,False,06:15:00,2023-12-19
2330,2023-12-19 06:30:00,False,06:30:00,2023-12-19
2331,2023-12-19 06:45:00,False,06:45:00,2023-12-19
2332,2023-12-19 07:00:00,False,07:00:00,2023-12-19
2333,2023-12-19 07:15:00,False,07:15:00,2023-12-19
2334,2023-12-19 07:30:00,False,07:30:00,2023-12-19
2335,2023-12-19 07:45:00,False,07:45:00,2023-12-19
2336,2023-12-19 08:00:00,False,08:00:00,2023-12-19
2337,2023-12-19 08:15:00,False,08:15:00,2023-12-19
2338,2023-12-19 08:30:00,False,08:30:00,2023-12-19
2339,2023-12-19 08:45:00,False,08:45:00,2023-12-19
2340,2023-12-19 09:00:00,False,09:00:00,2023-12-19
2341,2023-12-19 09:15:00,False,09:15:00,2023-12-19
2342,2023-12-19 09:30:00,False,09:30:00,2023-12-19
2343,2023-12-19 09:45:00,False,09:45:00,2023-12-19
2344,2023-12-19 10:00:00,False,10:00:00,2023-12-19
2345,2023-12-19 10:15:00,False,10:15:00,2023-12-19
2346,2023-12-19 10:30:00,False,10:30:00,2023-12-19
2347,2023-12-19 10:45:00,False,10:45:00,2023-12-19
2348,2023-12-19 11:00:00,False,11:00:00,2023-12-19
2349,2023-12-19 11:15:00,False,11:15:00,2023-12-19
2350,2023-12-19 11:30:00,False,11:30:00,2023-12-19
2351,2023-12-19 11:45:00,False,11:45:00,2023-12-19
2352,2023-12-19 12:00:00,False,12:00:00,2023-12-19
2353,2023-12-19 12:15:00,False,12:15:00,2023-12-19
2354,2023-12-19 12:30:00,False,12:30:00,2023-12-19
2355,2023-12-19 12:45:00,False,12:45:00,2023-12-19
2356,2023-12-19 13:00:00,False,13:00:00,2023-12-19
2357,2023-12-19 13:15:00,False,13:15:00,2023-12-19
2358,2023-12-19 13:30:00,False,13:30:00,2023-12-19
2359,2023-12-19 13:45:00,False,13:45:00,2023-12-19
2360,2023-12-19 14:00:00,False,14:00:00,2023-12-19
2361,2023-12-19 14:15:00,False,14:15:00,2023-12-19
2362,2023-12-19 14:30:00,False,14:30:00,2023-12-19
2363,2023-12-19 14:45:00,False,14:45:00,2023-12-19
2364,2023-12-19 15:00:00,False,15:00:00,2023-12-19
2365,2023-12-19 15:15:00,False,15:15:00,2023-12-19
2366,2023-12-19 15:30:00,False,15:30:00,2023-12-19
2367,2023-12-19 15:45:00,False,15:45:00,2023-12-19
2368,2023-12-19 16:00:00,False,16:00:00,2023-12-19
2369,2023-12-19 16:15:00,False,16:15:00,2023-12-19
2370,2023-12-19 16:30:00,False,16:30:00,2023-12-19
2371,2023-12-19 16:45:00,False,16:45:00,2023-12-19
2372,2023-12-19 17:00:00,False,17:00:00,2023-12-19
2373,2023-12-19 17:15:00,False,17:15:00,2023-12-19
2374,2023-12-19 17:30:00,False,17:30:00,2023-12-19
2375,2023-12-19 17:45:00,False,17:45:00,2023-12-19
2376,2023-12-19 18:00:00,False,18:00:00,2023-12-19
2377,2023-12-19 18:15:00,False,18:15:00,2023-12-19
2378,2023-12-19 18:30:00,False,18:30:00,2023-12-19
2379,2023-12-19 18:45:00,False,18:45:00,2023-12-19
2380,2023-12-19 19:00:00,False,19:00:00,2023-12-19
2381,2023-12-19 19:15:00,False,19:15:00,2023-12-19
2382,2023-12-19 19:30:00,False,19:30:00,2023-12-19
2383,2023-12-19 19:45:00,False,19:45:00,2023-12-19
2384,2023-12-19 20:00:00,True,20:00:00,2023-12-19
2385,2023-12-19 20:15:00,True,20:15:00,2023-12-19
2386,2023-12-19 20:30:00,True,20:30:00,2023-12-19
2387,2023-12-19 20:45:00,True,20:45:00,2023-12-19
2388,2023-12-19 21:00:00,True,21:00:00,2023-12-19
2389,2023-12-19 21:15:00,False,21:15:00,2023-12-19
2390,2023-12-19 21:30:00,False,21:30:00,2023-12-19
2391,2023-12-19 21:45:00,False,21:45:00,2023-12-19
2392,2023-12-19 22:00:00,False,22:00:00,2023-12-19
2393,2023-12-19 22:15:00,False,22:15:00,2023-12-19
2394,2023-12-19 22:30:00,False,22:30:00,2023-12-19
2395,2023-12-19 22:45:00,False,22:45:00,2023-12-19
2396,2023-12-19 23:00:00,False,23:00:00,2023-12-19
2397,2023-12-19 23:15:00,False,23:15:00,2023-12-19
2398,2023-12-19 23:30:00,False,23:30:00,2023-12-19
2399,2023-12-19 23:45:00,False,23:45:00,2023-12-19
2400,2023-12-20 00:00:00,False,00:00:00,2023-12-20
2401,2023-12-20 00:15:00,False,00:15:00,2023-12-20
2402,2023-12-20 00:30:00,False,00:30:00,2023-12-20
2403,2023-12-20 00:45:00,False,00:45:00,2023-12-20
2404,2023-12-20 01:00:00,False,01:00:00,2023-12-20
2405,2023-12-20 01:15:00,False,01:15:00,2023-12-20
2406,2023-12-20 01:30:00,False,01:30:00,2023-12-20
2407,2023-12-20 01:45:00,False,01:45:00,2023-12-20
2408,2023-12-20 02:00:00,False,02:00:00,2023-12-20
2409,2023-12-20 02:15:00,False,02:15:00,2023-12-20
2410,2023-12-20 02:30:00,False,02:30:00,2023-12-20
2411,2023-12-20 02:45:00,False,02:45:00,2023-12-20
2412,2023-12-20 03:00:00,False,03:00:00,2023-12-20
2413,2023-12-20 03:15:00,False,03:15:00,2023-12-20
2414,2023-12-20 03:30:00,False,03:30:00,2023-12-20
2415,2023-12-20 03:45:00,False,03:45:00,2023-12-20
2416,2023-12-20 04:00:00,False,04:00:00,2023-12-20
2417,2023-12-20 04:15:00,False,04:15:00,2023-12-20
2418,2023-12-20 04:30:00,False,04:30:00,2023-12-20
2419,2023-12-20 04:45:00,False,04:45:00,2023-12-20
2420,2023-12-20 05:00:00,False,05:00:00,2023-12-20
2421,2023-12-20 05:15:00,False,05:15:00,2023-12-20
2422,2023-12-20 05:30:00,False,05:30:00,2023-12-20
2423,2023-12-20 05:45:00,False,05:45:00,2023-12-20
2424,2023-12-20 06:00:00,False,06:00:00,2023-12-20
2425,2023-12-20 06:15:00,False,06:15:00,2023-12-20
2426,2023-12-20 06:30:00,False,06:30:00,2023-12-20
2427,2023-12-20 06:45:00,False,06:45:00,2023-12-20
2428,2023-12-20 07:00:00,False,07:00:00,2023-12-20
2429,2023-12-20 07:15:00,False,07:15:00,2023-12-20
2430,2023-12-20 07:30:00,False,07:30:00,2023-12-20
2431,2023-12-20 07:45:00,False,07:45:00,2023-12-20
2432,2023-12-20 08:00:00,False,08:00:00,2023-12-20
2433,2023-12-20 08:15:00,False,08:15:00,2023-12-20
2434,2023-12-20 08:30:00,False,08:30:00,2023-12-20
2435,2023-12-20 08:45:00,False,08:45:00,2023-12-20
2436,2023-12-20 09:00:00,True,09:00:00,2023-12-20
2437,2023-12-20 09:15:00,True,09:15:00,2023-12-20
2438,2023-12-20 09:30:00,True,09:30:00,2023-12-20
2439,2023-12-20 09:45:00,True,09:45:00,2023-12-20
2440,2023-12-20 10:00:00,True,10:00:00,2023-12-20
2441,2023-12-20 10:15:00,True,10:15:00,2023-12-20
2442,2023-12-20 10:30:00,True,10:30:00,2023-12-20
2443,2023-12-20 10:45:00,True,10:45:00,2023-12-20
2444,2023-12-20 11:00:00,True,11:00:00,2023-12-20
2445,2023-12-20 11:15:00,False,11:15:00,2023-12-20
2446,2023-12-20 11:30:00,False,11:30:00,2023-12-20
2447,2023-12-20 11:45:00,False,11:45:00,2023-12-20
2448,2023-12-20 12:00:00,False,12:00:00,2023-12-20
2449,2023-12-20 12:15:00,False,12:15:00,2023-12-20
2450,2023-12-20 12:30:00,False,12:30:00,2023-12-20
2451,2023-12-20 12:45:00,False,12:45:00,2023-12-20
2452,2023-12-20 13:00:00,False,13:00:00,2023-12-20
2453,2023-12-20 13:15:00,False,13:15:00,2023-12-20
2454,2023-12-20 13:30:00,False,13:30:00,2023-12-20
2455,2023-12-20 13:45:00,False,13:45:00,2023-12-20
2456,2023-12-20 14:00:00,False,14:00:00,2023-12-20
2457,2023-12-20 14:15:00,False,14:15:00,2023-12-20
2458,2023-12-20 14:30:00,True,14:30:00,2023-12-20
2459,2023-12-20 14:45:00,False,14:45:00,2023-12-20
2460,2023-12-20 15:00:00,True,15:00:00,2023-12-20
2461,2023-12-20 15:15:00,True,15:15:00,2023-12-20
2462,2023-12-20 15:30:00,True,15:30:00,2023-12-20
2463,2023-12-20 15:45:00,False,15:45:00,2023-12-20
2464,2023-12-20 16:00:00,False,16:00:00,2023-12-20
2465,2023-12-20 16:15:00,False,16:15:00,2023-12-20
2466,2023-12-20 16:30:00,False,16:30:00,2023-12-20
2467,2023-12-20 16:45:00,False,16:45:00,2023-12-20
2468,2023-12-20 17:00:00,False,17:00:00,2023-12-20
2469,2023-12-20 17:15:00,False,17:15:00,2023-12-20
2470,2023-12-20 17:30:00,False,17:30:00,2023-12-20
2471,2023-12-20 17:45:00,False,17:45:00,2023-12-20
2472,2023-12-20 18:00:00,False,18:00:00,2023-12-20
2473,2023-12-20 18:15:00,False,18:15:00,2023-12-20
2474,2023-12-20 18:30:00,False,18:30:00,2023-12-20
2475,2023-12-20 18:45:00,False,18:45:00,2023-12-20
2476,2023-12-20 19:00:00,False,19:00:00,2023-12-20
2477,2023-12-20 19:15:00,False,19:15:00,2023-12-20
2478,2023-12-20 19:30:00,False,19:30:00,2023-12-20
2479,2023-12-20 19:45:00,False,19:45:00,2023-12-20
2480,2023-12-20 20:00:00,False,20:00:00,2023-12-20
2481,2023-12-20 20:15:00,False,20:15:00,2023-12-20
2482,2023-12-20 20:30:00,False,20:30:00,2023-12-20
2483,2023-12-20 20:45:00,False,20:45:00,2023-12-20
2484,2023-12-20 21:00:00,False,21:00:00,2023-12-20
2485,2023-12-20 21:15:00,False,21:15:00,2023-12-20
2486,2023-12-20 21:30:00,False,21:30:00,2023-12-20
2487,2023-12-20 21:45:00,False,21:45:00,2023-12-20
2488,2023-12-20 22:00:00,False,22:00:00,2023-12-20
2489,2023-12-20 22:15:00,False,22:15:00,2023-12-20
2490,2023-12-20 22:30:00,False,22:30:00,2023-12-20
2491,2023-12-20 22:45:00,False,22:45:00,2023-12-20
2492,2023-12-20 23:00:00,False,23:00:00,2023-12-20
2493,2023-12-20 23:15:00,False,23:15:00,2023-12-20
2494,2023-12-20 23:30:00,False,23:30:00,2023-12-20
2495,2023-12-20 23:45:00,False,23:45:00,2023-12-20
2496,2023-12-21 00:00:00,False,00:00:00,2023-12-21
2497,2023-12-21 00:15:00,False,00:15:00,2023-12-21
2498,2023-12-21 00:30:00,False,00:30:00,2023-12-21
2499,2023-12-21 00:45:00,False,00:45:00,2023-12-21
2500,2023-12-21 01:00:00,False,01:00:00,2023-12-21
2501,2023-12-21 01:15:00,False,01:15:00,2023-12-21
2502,2023-12-21 01:30:00,False,01:30:00,2023-12-21
2503,2023-12-21 01:45:00,False,01:45:00,2023-12-21
2504,2023-12-21 02:00:00,False,02:00:00,2023-12-21
2505,2023-12-21 02:15:00,False,02:15:00,2023-12-21
2506,2023-12-21 02:30:00,False,02:30:00,2023-12-21
2507,2023-12-21 02:45:00,False,02:45:00,2023-12-21
2508,2023-12-21 03:00:00,False,03:00:00,2023-12-21
2509,2023-12-21 03:15:00,False,03:15:00,2023-12-21
2510,2023-12-21 03:30:00,False,03:30:00,2023-12-21
2511,2023-12-21 03:45:00,False,03:45:00,2023-12-21
2512,2023-12-21 04:00:00,False,04:00:00,2023-12-21
2513,2023-12-21 04:15:00,False,04:15:00,2023-12-21
2514,2023-12-21 04:30:00,False,04:30:00,2023-12-21
2515,2023-12-21 04:45:00,False,04:45:00,2023-12-21
2516,2023-12-21 05:00:00,False,05:00:00,2023-12-21
2517,2023-12-21 05:15:00,False,05:15:00,2023-12-21
2518,2023-12-21 05:30:00,False,05:30:00,2023-12-21
2519,2023-12-21 05:45:00,False,05:45:00,2023-12-21
2520,2023-12-21 06:00:00,False,06:00:00,2023-12-21
2521,2023-12-21 06:15:00,False,06:15:00,2023-12-21
2522,2023-12-21 06:30:00,False,06:30:00,2023-12-21
2523,2023-12-21 06:45:00,False,06:45:00,2023-12-21
2524,2023-12-21 07:00:00,False,07:00:00,2023-12-21
2525,2023-12-21 07:15:00,False,07:15:00,2023-12-21
2526,2023-12-21 07:30:00,False,07:30:00,2023-12-21
2527,2023-12-21 07:45:00,False,07:45:00,2023-12-21
2528,2023-12-21 08:00:00,False,08:00:00,2023-12-21
2529,2023-12-21 08:15:00,False,08:15:00,2023-12-21
2530,2023-12-21 08:30:00,False,08:30:00,2023-12-21
2531,2023-12-21 08:45:00,False,08:45:00,2023-12-21
2532,2023-12-21 09:00:00,False,09:00:00,2023-12-21
2533,2023-12-21 09:15:00,False,09:15:00,2023-12-21
2534,2023-12-21 09:30:00,True,09:30:00,2023-12-21
2535,2023-12-21 09:45:00,True,09:45:00,2023-12-21
2536,2023-12-21 10:00:00,True,10:00:00,2023-12-21
2537,2023-12-21 10:15:00,True,10:15:00,2023-12-21
2538,2023-12-21 10:30:00,True,10:30:00,2023-12-21
2539,2023-12-21 10:45:00,True,10:45:00,2023-12-21
2540,2023-12-21 11:00:00,True,11:00:00,2023-12-21
2541,2023-12-21 11:15:00,True,11:15:00,2023-12-21
2542,2023-12-21 11:30:00,True,11:30:00,2023-12-21
2543,2023-12-21 11:45:00,True,11:45:00,2023-12-21
2544,2023-12-21 12:00:00,True,12:00:00,2023-12-21
2545,2023-12-21 12:15:00,True,12:15:00,2023-12-21
2546,2023-12-21 12:30:00,True,12:30:00,2023-12-21
2547,2023-12-21 12:45:00,True,12:45:00,2023-12-21
2548,2023-12-21 13:00:00,True,13:00:00,2023-12-21
2549,2023-12-21 13:15:00,True,13:15:00,2023-12-21
2550,2023-12-21 13:30:00,True,13:30:00,2023-12-21
2551,2023-12-21 13:45:00,True,13:45:00,2023-12-21
2552,2023-12-21 14:00:00,True,14:00:00,2023-12-21
2553,2023-12-21 14:15:00,True,14:15:00,2023-12-21
2554,2023-12-21 14:30:00,True,14:30:00,2023-12-21
2555,2023-12-21 14:45:00,False,14:45:00,2023-12-21
2556,2023-12-21 15:00:00,False,15:00:00,2023-12-21
2557,2023-12-21 15:15:00,False,15:15:00,2023-12-21
2558,2023-12-21 15:30:00,False,15:30:00,2023-12-21
2559,2023-12-21 15:45:00,False,15:45:00,2023-12-21
2560,2023-12-21 16:00:00,False,16:00:00,2023-12-21
2561,2023-12-21 16:15:00,False,16:15:00,2023-12-21
2562,2023-12-21 16:30:00,False,16:30:00,2023-12-21
2563,2023-12-21 16:45:00,False,16:45:00,2023-12-21
2564,2023-12-21 17:00:00,False,17:00:00,2023-12-21
2565,2023-12-21 17:15:00,False,17:15:00,2023-12-21
2566,2023-12-21 17:30:00,False,17:30:00,2023-12-21
2567,2023-12-21 17:45:00,False,17:45:00,2023-12-21
2568,2023-12-21 18:00:00,False,18:00:00,2023-12-21
2569,2023-12-21 18:15:00,False,18:15:00,2023-12-21
2570,2023-12-21 18:30:00,False,18:30:00,2023-12-21
2571,2023-12-21 18:45:00,False,18:45:00,2023-12-21
2572,2023-12-21 19:00:00,False,19:00:00,2023-12-21
2573,2023-12-21 19:15:00,False,19:15:00,2023-12-21
2574,2023-12-21 19:30:00,False,19:30:00,2023-12-21
2575,2023-12-21 19:45:00,False,19:45:00,2023-12-21
2576,2023-12-21 20:00:00,False,20:00:00,2023-12-21
2577,2023-12-21 20:15:00,False,20:15:00,2023-12-21
2578,2023-12-21 20:30:00,False,20:30:00,2023-12-21
2579,2023-12-21 20:45:00,False,20:45:00,2023-12-21
2580,2023-12-21 21:00:00,False,21:00:00,2023-12-21
2581,2023-12-21 21:15:00,False,21:15:00,2023-12-21
2582,2023-12-21 21:30:00,False,21:30:00,2023-12-21
2583,2023-12-21 21:45:00,False,21:45:00,2023-12-21
2584,2023-12-21 22:00:00,False,22:00:00,2023-12-21
2585,2023-12-21 22:15:00,False,22:15:00,2023-12-21
2586,2023-12-21 22:30:00,False,22:30:00,2023-12-21
2587,2023-12-21 22:45:00,False,22:45:00,2023-12-21
2588,2023-12-21 23:00:00,False,23:00:00,2023-12-21
2589,2023-12-21 23:15:00,False,23:15:00,2023-12-21
2590,2023-12-21 23:30:00,False,23:30:00,2023-12-21
2591,2023-12-21 23:45:00,False,23:45:00,2023-12-21
2592,2023-12-22 00:00:00,False,00:00:00,2023-12-22
2593,2023-12-22 00:15:00,False,00:15:00,2023-12-22
2594,2023-12-22 00:30:00,False,00:30:00,2023-12-22
2595,2023-12-22 00:45:00,False,00:45:00,2023-12-22
2596,2023-12-22 01:00:00,False,01:00:00,2023-12-22
2597,2023-12-22 01:15:00,False,01:15:00,2023-12-22
2598,2023-12-22 01:30:00,False,01:30:00,2023-12-22
2599,2023-12-22 01:45:00,False,01:45:00,2023-12-22
2600,2023-12-22 02:00:00,False,02:00:00,2023-12-22
2601,2023-12-22 02:15:00,False,02:15:00,2023-12-22
2602,2023-12-22 02:30:00,False,02:30:00,2023-12-22
2603,2023-12-22 02:45:00,False,02:45:00,2023-12-22
2604,2023-12-22 03:00:00,False,03:00:00,2023-12-22
2605,2023-12-22 03:15:00,False,03:15:00,2023-12-22
2606,2023-12-22 03:30:00,False,03:30:00,2023-12-22
2607,2023-12-22 03:45:00,False,03:45:00,2023-12-22
2608,2023-12-22 04:00:00,False,04:00:00,2023-12-22
2609,2023-12-22 04:15:00,False,04:15:00,2023-12-22
2610,2023-12-22 04:30:00,False,04:30:00,2023-12-22
2611,2023-12-22 04:45:00,False,04:45:00,2023-12-22
2612,2023-12-22 05:00:00,False,05:00:00,2023-12-22
2613,2023-12-22 05:15:00,False,05:15:00,2023-12-22
2614,2023-12-22 05:30:00,False,05:30:00,2023-12-22
2615,2023-12-22 05:45:00,False,05:45:00,2023-12-22
2616,2023-12-22 06:00:00,False,06:00:00,2023-12-22
2617,2023-12-22 06:15:00,False,06:15:00,2023-12-22
2618,2023-12-22 06:30:00,False,06:30:00,2023-12-22
2619,2023-12-22 06:45:00,False,06:45:00,2023-12-22
2620,2023-12-22 07:00:00,False,07:00:00,2023-12-22
2621,2023-12-22 07:15:00,False,07:15:00,2023-12-22
2622,2023-12-22 07:30:00,False,07:30:00,2023-12-22
2623,2023-12-22 07:45:00,False,07:45:00,2023-12-22
2624,2023-12-22 08:00:00,False,08:00:00,2023-12-22
2625,2023-12-22 08:15:00,False,08:15:00,2023-12-22
2626,2023-12-22 08:30:00,False,08:30:00,2023-12-22
2627,2023-12-22 08:45:00,False,08:45:00,2023-12-22
2628,2023-12-22 09:00:00,False,09:00:00,2023-12-22
2629,2023-12-22 09:15:00,False,09:15:00,2023-12-22
2630,2023-12-22 09:30:00,False,09:30:00,2023-12-22
2631,2023-12-22 09:45:00,False,09:45:00,2023-12-22
2632,2023-12-22 10:00:00,False,10:00:00,2023-12-22
2633,2023-12-22 10:15:00,False,10:15:00,2023-12-22
2634,2023-12-22 10:30:00,False,10:30:00,2023-12-22
2635,2023-12-22 10:45:00,False,10:45:00,2023-12-22
2636,2023-12-22 11:00:00,False,11:00:00,2023-12-22
2637,2023-12-22 11:15:00,False,11:15:00,2023-12-22
2638,2023-12-22 11:30:00,False,11:30:00,2023-12-22
2639,2023-12-22 11:45:00,False,11:45:00,2023-12-22
2640,2023-12-22 12:00:00,False,12:00:00,2023-12-22
2641,2023-12-22 12:15:00,False,12:15:00,2023-12-22
2642,2023-12-22 12:30:00,False,12:30:00,2023-12-22
2643,2023-12-22 12:45:00,False,12:45:00,2023-12-22
2644,2023-12-22 13:00:00,False,13:00:00,2023-12-22
2645,2023-12-22 13:15:00,False,13:15:00,2023-12-22
2646,2023-12-22 13:30:00,False,13:30:00,2023-12-22
2647,2023-12-22 13:45:00,False,13:45:00,2023-12-22
2648,2023-12-22 14:00:00,False,14:00:00,2023-12-22
2649,2023-12-22 14:15:00,False,14:15:00,2023-12-22
2650,2023-12-22 14:30:00,False,14:30:00,2023-12-22
2651,2023-12-22 14:45:00,False,14:45:00,2023-12-22
2652,2023-12-22 15:00:00,False,15:00:00,2023-12-22
2653,2023-12-22 15:15:00,False,15:15:00,2023-12-22
2654,2023-12-22 15:30:00,False,15:30:00,2023-12-22
2655,2023-12-22 15:45:00,False,15:45:00,2023-12-22
2656,2023-12-22 16:00:00,False,16:00:00,2023-12-22
2657,2023-12-22 16:15:00,False,16:15:00,2023-12-22
2658,2023-12-22 16:30:00,False,16:30:00,2023-12-22
2659,2023-12-22 16:45:00,False,16:45:00,2023-12-22
2660,2023-12-22 17:00:00,False,17:00:00,2023-12-22
2661,2023-12-22 17:15:00,False,17:15:00,2023-12-22
2662,2023-12-22 17:30:00,False,17:30:00,2023-12-22
2663,2023-12-22 17:45:00,False,17:45:00,2023-12-22
2664,2023-12-22 18:00:00,False,18:00:00,2023-12-22
2665,2023-12-22 18:15:00,False,18:15:00,2023-12-22
2666,2023-12-22 18:30:00,False,18:30:00,2023-12-22
2667,2023-12-22 18:45:00,False,18:45:00,2023-12-22
2668,2023-12-22 19:00:00,False,19:00:00,2023-12-22
2669,2023-12-22 19:15:00,False,19:15:00,2023-12-22
2670,2023-12-22 19:30:00,False,19:30:00,2023-12-22
2671,2023-12-22 19:45:00,True,19:45:00,2023-12-22
2672,2023-12-22 20:00:00,True,20:00:00,2023-12-22
2673,2023-12-22 20:15:00,True,20:15:00,2023-12-22
2674,2023-12-22 20:30:00,True,20:30:00,2023-12-22
2675,2023-12-22 20:45:00,True,20:45:00,2023-12-22
2676,2023-12-22 21:00:00,True,21:00:00,2023-12-22
2677,2023-12-22 21:15:00,True,21:15:00,2023-12-22
2678,2023-12-22 21:30:00,True,21:30:00,2023-12-22
2679,2023-12-22 21:45:00,True,21:45:00,2023-12-22
2680,2023-12-22 22:00:00,True,22:00:00,2023-12-22
2681,2023-12-22 22:15:00,False,22:15:00,2023-12-22
2682,2023-12-22 22:30:00,False,22:30:00,2023-12-22
2683,2023-12-22 22:45:00,False,22:45:00,2023-12-22
2684,2023-12-22 23:00:00,False,23:00:00,2023-12-22
2685,2023-12-22 23:15:00,False,23:15:00,2023-12-22
2686,2023-12-22 23:30:00,False,23:30:00,2023-12-22
2687,2023-12-22 23:45:00,False,23:45:00,2023-12-22
2688,2023-12-23 00:00:00,False,00:00:00,2023-12-23
2689,2023-12-23 00:15:00,False,00:15:00,2023-12-23
2690,2023-12-23 00:30:00,False,00:30:00,2023-12-23
2691,2023-12-23 00:45:00,False,00:45:00,2023-12-23
2692,2023-12-23 01:00:00,False,01:00:00,2023-12-23
2693,2023-12-23 01:15:00,False,01:15:00,2023-12-23
2694,2023-12-23 01:30:00,False,01:30:00,2023-12-23
2695,2023-12-23 01:45:00,False,01:45:00,2023-12-23
2696,2023-12-23 02:00:00,False,02:00:00,2023-12-23
2697,2023-12-23 02:15:00,False,02:15:00,2023-12-23
2698,2023-12-23 02:30:00,False,02:30:00,2023-12-23
2699,2023-12-23 02:45:00,False,02:45:00,2023-12-23
2700,2023-12-23 03:00:00,False,03:00:00,2023-12-23
2701,2023-12-23 03:15:00,False,03:15:00,2023-12-23
2702,2023-12-23 03:30:00,False,03:30:00,2023-12-23
2703,2023-12-23 03:45:00,False,03:45:00,2023-12-23
2704,2023-12-23 04:00:00,False,04:00:00,2023-12-23
2705,2023-12-23 04:15:00,False,04:15:00,2023-12-23
2706,2023-12-23 04:30:00,False,04:30:00,2023-12-23
2707,2023-12-23 04:45:00,False,04:45:00,2023-12-23
2708,2023-12-23 05:00:00,False,05:00:00,2023-12-23
2709,2023-12-23 05:15:00,False,05:15:00,2023-12-23
2710,2023-12-23 05:30:00,False,05:30:00,2023-12-23
2711,2023-12-23 05:45:00,False,05:45:00,2023-12-23
2712,2023-12-23 06:00:00,False,06:00:00,2023-12-23
2713,2023-12-23 06:15:00,False,06:15:00,2023-12-23
2714,2023-12-23 06:30:00,False,06:30:00,2023-12-23
2715,2023-12-23 06:45:00,False,06:45:00,2023-12-23
2716,2023-12-23 07:00:00,False,07:00:00,2023-12-23
2717,2023-12-23 07:15:00,False,07:15:00,2023-12-23
2718,2023-12-23 07:30:00,False,07:30:00,2023-12-23
2719,2023-12-23 07:45:00,False,07:45:00,2023-12-23
2720,2023-12-23 08:00:00,False,08:00:00,2023-12-23
2721,2023-12-23 08:15:00,False,08:15:00,2023-12-23
2722,2023-12-23 08:30:00,False,08:30:00,2023-12-23
2723,2023-12-23 08:45:00,False,08:45:00,2023-12-23
2724,2023-12-23 09:00:00,False,09:00:00,2023-12-23
2725,2023-12-23 09:15:00,False,09:15:00,2023-12-23
2726,2023-12-23 09:30:00,False,09:30:00,2023-12-23
2727,2023-12-23 09:45:00,False,09:45:00,2023-12-23
2728,2023-12-23 10:00:00,False,10:00:00,2023-12-23
2729,2023-12-23 10:15:00,False,10:15:00,2023-12-23
2730,2023-12-23 10:30:00,False,10:30:00,2023-12-23
2731,2023-12-23 10:45:00,False,10:45:00,2023-12-23
2732,2023-12-23 11:00:00,False,11:00:00,2023-12-23
2733,2023-12-23 11:15:00,False,11:15:00,2023-12-23
2734,2023-12-23 11:30:00,False,11:30:00,2023-12-23
2735,2023-12-23 11:45:00,False,11:45:00,2023-12-23
2736,2023-12-23 12:00:00,False,12:00:00,2023-12-23
2737,2023-12-23 12:15:00,False,12:15:00,2023-12-23
2738,2023-12-23 12:30:00,False,12:30:00,2023-12-23
2739,2023-12-23 12:45:00,False,12:45:00,2023-12-23
2740,2023-12-23 13:00:00,False,13:00:00,2023-12-23
2741,2023-12-23 13:15:00,False,13:15:00,2023-12-23
2742,2023-12-23 13:30:00,False,13:30:00,2023-12-23
2743,2023-12-23 13:45:00,False,13:45:00,2023-12-23
2744,2023-12-23 14:00:00,False,14:00:00,2023-12-23
2745,2023-12-23 14:15:00,False,14:15:00,2023-12-23
2746,2023-12-23 14:30:00,False,14:30:00,2023-12-23
2747,2023-12-23 14:45:00,False,14:45:00,2023-12-23
2748,2023-12-23 15:00:00,False,15:00:00,2023-12-23
2749,2023-12-23 15:15:00,False,15:15:00,2023-12-23
2750,2023-12-23 15:30:00,False,15:30:00,2023-12-23
2751,2023-12-23 15:45:00,False,15:45:00,2023-12-23
2752,2023-12-23 16:00:00,False,16:00:00,2023-12-23
2753,2023-12-23 16:15:00,False,16:15:00,2023-12-23
2754,2023-12-23 16:30:00,False,16:30:00,2023-12-23
2755,2023-12-23 16:45:00,False,16:45:00,2023-12-23
2756,2023-12-23 17:00:00,False,17:00:00,2023-12-23
2757,2023-12-23 17:15:00,False,17:15:00,2023-12-23
2758,2023-12-23 17:30:00,False,17:30:00,2023-12-23
2759,2023-12-23 17:45:00,False,17:45:00,2023-12-23
2760,2023-12-23 18:00:00,False,18:00:00,2023-12-23
2761,2023-12-23 18:15:00,False,18:15:00,2023-12-23
2762,2023-12-23 18:30:00,False,18:30:00,2023-12-23
2763,2023-12-23 18:45:00,False,18:45:00,2023-12-23
2764,2023-12-23 19:00:00,False,19:00:00,2023-12-23
2765,2023-12-23 19:15:00,False,19:15:00,2023-12-23
2766,2023-12-23 19:30:00,False,19:30:00,2023-12-23
2767,2023-12-23 19:45:00,False,19:45:00,2023-12-23
2768,2023-12-23 20:00:00,False,20:00:00,2023-12-23
2769,2023-12-23 20:15:00,False,20:15:00,2023-12-23
2770,2023-12-23 20:30:00,False,20:30:00,2023-12-23
2771,2023-12-23 20:45:00,False,20:45:00,2023-12-23
2772,2023-12-23 21:00:00,False,21:00:00,2023-12-23
2773,2023-12-23 21:15:00,False,21:15:00,2023-12-23
2774,2023-12-23 21:30:00,False,21:30:00,2023-12-23
2775,2023-12-23 21:45:00,False,21:45:00,2023-12-23
2776,2023-12-23 22:00:00,False,22:00:00,2023-12-23
2777,2023-12-23 22:15:00,False,22:15:00,2023-12-23
2778,2023-12-23 22:30:00,False,22:30:00,2023-12-23
2779,2023-12-23 22:45:00,False,22:45:00,2023-12-23
2780,2023-12-23 23:00:00,False,23:00:00,2023-12-23
2781,2023-12-23 23:15:00,False,23:15:00,2023-12-23
2782,2023-12-23 23:30:00,False,23:30:00,2023-12-23
2783,2023-12-23 23:45:00,False,23:45:00,2023-12-23
2784,2023-12-24 00:00:00,False,00:00:00,2023-12-24
2785,2023-12-24 00:15:00,False,00:15:00,2023-12-24
2786,2023-12-24 00:30:00,False,00:30:00,2023-12-24
2787,2023-12-24 00:45:00,False,00:45:00,2023-12-24
2788,2023-12-24 01:00:00,False,01:00:00,2023-12-24
2789,2023-12-24 01:15:00,False,01:15:00,2023-12-24
2790,2023-12-24 01:30:00,False,01:30:00,2023-12-24
2791,2023-12-24 01:45:00,False,01:45:00,2023-12-24
2792,2023-12-24 02:00:00,False,02:00:00,2023-12-24
2793,2023-12-24 02:15:00,False,02:15:00,2023-12-24
2794,2023-12-24 02:30:00,False,02:30:00,2023-12-24
2795,2023-12-24 02:45:00,False,02:45:00,2023-12-24
2796,2023-12-24 03:00:00,False,03:00:00,2023-12-24
2797,2023-12-24 03:15:00,False,03:15:00,2023-12-24
2798,2023-12-24 03:30:00,False,03:30:00,2023-12-24
2799,2023-12-24 03:45:00,False,03:45:00,2023-12-24
2800,2023-12-24 04:00:00,False,04:00:00,2023-12-24
2801,2023-12-24 04:15:00,False,04:15:00,2023-12-24
2802,2023-12-24 04:30:00,False,04:30:00,2023-12-24
2803,2023-12-24 04:45:00,False,04:45:00,2023-12-24
2804,2023-12-24 05:00:00,False,05:00:00,2023-12-24
2805,2023-12-24 05:15:00,False,05:15:00,2023-12-24
2806,2023-12-24 05:30:00,False,05:30:00,2023-12-24
2807,2023-12-24 05:45:00,False,05:45:00,2023-12-24
2808,2023-12-24 06:00:00,False,06:00:00,2023-12-24
2809,2023-12-24 06:15:00,False,06:15:00,2023-12-24
2810,2023-12-24 06:30:00,False,06:30:00,2023-12-24
2811,2023-12-24 06:45:00,False,06:45:00,2023-12-24
2812,2023-12-24 07:00:00,False,07:00:00,2023-12-24
2813,2023-12-24 07:15:00,False,07:15:00,2023-12-24
2814,2023-12-24 07:30:00,False,07:30:00,2023-12-24
2815,2023-12-24 07:45:00,False,07:45:00,2023-12-24
2816,2023-12-24 08:00:00,False,08:00:00,2023-12-24
2817,2023-12-24 08:15:00,False,08:15:00,2023-12-24
2818,2023-12-24 08:30:00,False,08:30:00,2023-12-24
2819,2023-12-24 08:45:00,False,08:45:00,2023-12-24
2820,2023-12-24 09:00:00,False,09:00:00,2023-12-24
2821,2023-12-24 09:15:00,False,09:15:00,2023-12-24
2822,2023-12-24 09:30:00,False,09:30:00,2023-12-24
2823,2023-12-24 09:45:00,False,09:45:00,2023-12-24
2824,2023-12-24 10:00:00,False,10:00:00,2023-12-24
2825,2023-12-24 10:15:00,False,10:15:00,2023-12-24
2826,2023-12-24 10:30:00,False,10:30:00,2023-12-24
2827,2023-12-24 10:45:00,False,10:45:00,2023-12-24
2828,2023-12-24 11:00:00,False,11:00:00,2023-12-24
2829,2023-12-24 11:15:00,False,11:15:00,2023-12-24
2830,2023-12-24 11:30:00,False,11:30:00,2023-12-24
2831,2023-12-24 11:45:00,False,11:45:00,2023-12-24
2832,2023-12-24 12:00:00,False,12:00:00,2023-12-24
2833,2023-12-24 12:15:00,False,12:15:00,2023-12-24
2834,2023-12-24 12:30:00,False,12:30:00,2023-12-24
2835,2023-12-24 12:45:00,False,12:45:00,2023-12-24
2836,2023-12-24 13:00:00,True,13:00:00,2023-12-24
2837,2023-12-24 13:15:00,True,13:15:00,2023-12-24
2838,2023-12-24 13:30:00,True,13:30:00,2023-12-24
2839,2023-12-24 13:45:00,True,13:45:00,2023-12-24
2840,2023-12-24 14:00:00,True,14:00:00,2023-12-24
2841,2023-12-24 14:15:00,True,14:15:00,2023-12-24
2842,2023-12-24 14:30:00,True,14:30:00,2023-12-24
2843,2023-12-24 14:45:00,True,14:45:00,2023-12-24
2844,2023-12-24 15:00:00,False,15:00:00,2023-12-24
2845,2023-12-24 15:15:00,False,15:15:00,2023-12-24
2846,2023-12-24 15:30:00,False,15:30:00,2023-12-24
2847,2023-12-24 15:45:00,False,15:45:00,2023-12-24
2848,2023-12-24 16:00:00,False,16:00:00,2023-12-24
2849,2023-12-24 16:15:00,False,16:15:00,2023-12-24
2850,2023-12-24 16:30:00,False,16:30:00,2023-12-24
2851,2023-12-24 16:45:00,False,16:45:00,2023-12-24
2852,2023-12-24 17:00:00,False,17:00:00,2023-12-24
2853,2023-12-24 17:15:00,False,17:15:00,2023-12-24
2854,2023-12-24 17:30:00,False,17:30:00,2023-12-24
2855,2023-12-24 17:45:00,False,17:45:00,2023-12-24
2856,2023-12-24 18:00:00,False,18:00:00,2023-12-24
2857,2023-12-24 18:15:00,False,18:15:00,2023-12-24
2858,2023-12-24 18:30:00,False,18:30:00,2023-12-24
2859,2023-12-24 18:45:00,False,18:45:00,2023-12-24
2860,2023-12-24 19:00:00,False,19:00:00,2023-12-24
2861,2023-12-24 19:15:00,False,19:15:00,2023-12-24
2862,2023-12-24 19:30:00,False,19:30:00,2023-12-24
2863,2023-12-24 19:45:00,False,19:45:00,2023-12-24
2864,2023-12-24 20:00:00,False,20:00:00,2023-12-24
2865,2023-12-24 20:15:00,False,20:15:00,2023-12-24
2866,2023-12-24 20:30:00,False,20:30:00,2023-12-24
2867,2023-12-24 20:45:00,False,20:45:00,2023-12-24
2868,2023-12-24 21:00:00,False,21:00:00,2023-12-24
2869,2023-12-24 21:15:00,False,21:15:00,2023-12-24
2870,2023-12-24 21:30:00,False,21:30:00,2023-12-24
2871,2023-12-24 21:45:00,False,21:45:00,2023-12-24
2872,2023-12-24 22:00:00,False,22:00:00,2023-12-24
2873,2023-12-24 22:15:00,False,22:15:00,2023-12-24
2874,2023-12-24 22:30:00,False,22:30:00,2023-12-24
2875,2023-12-24 22:45:00,False,22:45:00,2023-12-24
2876,2023-12-24 23:00:00,False,23:00:00,2023-12-24
2877,2023-12-24 23:15:00,False,23:15:00,2023-12-24
2878,2023-12-24 23:30:00,False,23:30:00,2023-12-24
2879,2023-12-24 23:45:00,False,23:45:00,2023-12-24
2880,2023-12-25 00:00:00,False,00:00:00,2023-12-25
2881,2023-12-25 00:15:00,False,00:15:00,2023-12-25
2882,2023-12-25 00:30:00,False,00:30:00,2023-12-25
2883,2023-12-25 00:45:00,False,00:45:00,2023-12-25
2884,2023-12-25 01:00:00,False,01:00:00,2023-12-25
2885,2023-12-25 01:15:00,False,01:15:00,2023-12-25
2886,2023-12-25 01:30:00,False,01:30:00,2023-12-25
2887,2023-12-25 01:45:00,False,01:45:00,2023-12-25
2888,2023-12-25 02:00:00,False,02:00:00,2023-12-25
2889,2023-12-25 02:15:00,False,02:15:00,2023-12-25
2890,2023-12-25 02:30:00,False,02:30:00,2023-12-25
2891,2023-12-25 02:45:00,False,02:45:00,2023-12-25
2892,2023-12-25 03:00:00,False,03:00:00,2023-12-25
2893,2023-12-25 03:15:00,False,03:15:00,2023-12-25
2894,2023-12-25 03:30:00,False,03:30:00,2023-12-25
2895,2023-12-25 03:45:00,False,03:45:00,2023-12-25
2896,2023-12-25 04:00:00,False,04:00:00,2023-12-25
2897,2023-12-25 04:15:00,False,04:15:00,2023-12-25
2898,2023-12-25 04:30:00,False,04:30:00,2023-12-25
2899,2023-12-25 04:45:00,False,04:45:00,2023-12-25
2900,2023-12-25 05:00:00,False,05:00:00,2023-12-25
2901,2023-12-25 05:15:00,False,05:15:00,2023-12-25
2902,2023-12-25 05:30:00,False,05:30:00,2023-12-25
2903,2023-12-25 05:45:00,False,05:45:00,2023-12-25
2904,2023-12-25 06:00:00,False,06:00:00,2023-12-25
2905,2023-12-25 06:15:00,False,06:15:00,2023-12-25
2906,2023-12-25 06:30:00,False,06:30:00,2023-12-25
2907,2023-12-25 06:45:00,False,06:45:00,2023-12-25
2908,2023-12-25 07:00:00,False,07:00:00,2023-12-25
2909,2023-12-25 07:15:00,False,07:15:00,2023-12-25
2910,2023-12-25 07:30:00,False,07:30:00,2023-12-25
2911,2023-12-25 07:45:00,False,07:45:00,2023-12-25
2912,2023-12-25 08:00:00,False,08:00:00,2023-12-25
2913,2023-12-25 08:15:00,False,08:15:00,2023-12-25
2914,2023-12-25 08:30:00,True,08:30:00,2023-12-25
2915,2023-12-25 08:45:00,False,08:45:00,2023-12-25
2916,2023-12-25 09:00:00,False,09:00:00,2023-12-25
2917,2023-12-25 09:15:00,False,09:15:00,2023-12-25
2918,2023-12-25 09:30:00,False,09:30:00,2023-12-25
2919,2023-12-25 09:45:00,False,09:45:00,2023-12-25
2920,2023-12-25 10:00:00,False,10:00:00,2023-12-25
2921,2023-12-25 10:15:00,False,10:15:00,2023-12-25
2922,2023-12-25 10:30:00,False,10:30:00,2023-12-25
2923,2023-12-25 10:45:00,False,10:45:00,2023-12-25
2924,2023-12-25 11:00:00,False,11:00:00,2023-12-25
2925,2023-12-25 11:15:00,False,11:15:00,2023-12-25
2926,2023-12-25 11:30:00,False,11:30:00,2023-12-25
2927,2023-12-25 11:45:00,False,11:45:00,2023-12-25
2928,2023-12-25 12:00:00,False,12:00:00,2023-12-25
2929,2023-12-25 12:15:00,False,12:15:00,2023-12-25
2930,2023-12-25 12:30:00,False,12:30:00,2023-12-25
2931,2023-12-25 12:45:00,False,12:45:00,2023-12-25
2932,2023-12-25 13:00:00,False,13:00:00,2023-12-25
2933,2023-12-25 13:15:00,False,13:15:00,2023-12-25
2934,2023-12-25 13:30:00,False,13:30:00,2023-12-25
2935,2023-12-25 13:45:00,False,13:45:00,2023-12-25
2936,2023-12-25 14:00:00,False,14:00:00,2023-12-25
2937,2023-12-25 14:15:00,False,14:15:00,2023-12-25
2938,2023-12-25 14:30:00,False,14:30:00,2023-12-25
2939,2023-12-25 14:45:00,False,14:45:00,2023-12-25
2940,2023-12-25 15:00:00,False,15:00:00,2023-12-25
2941,2023-12-25 15:15:00,False,15:15:00,2023-12-25
2942,2023-12-25 15:30:00,False,15:30:00,2023-12-25
2943,2023-12-25 15:45:00,False,15:45:00,2023-12-25
2944,2023-12-25 16:00:00,False,16:00:00,2023-12-25
2945,2023-12-25 16:15:00,False,16:15:00,2023-12-25
2946,2023-12-25 16:30:00,False,16:30:00,2023-12-25
2947,2023-12-25 16:45:00,False,16:45:00,2023-12-25
2948,2023-12-25 17:00:00,False,17:00:00,2023-12-25
2949,2023-12-25 17:15:00,False,17:15:00,2023-12-25
2950,2023-12-25 17:30:00,False,17:30:00,2023-12-25
2951,2023-12-25 17:45:00,False,17:45:00,2023-12-25
2952,2023-12-25 18:00:00,False,18:00:00,2023-12-25
2953,2023-12-25 18:15:00,False,18:15:00,2023-12-25
2954,2023-12-25 18:30:00,False,18:30:00,2023-12-25
2955,2023-12-25 18:45:00,False,18:45:00,2023-12-25
2956,2023-12-25 19:00:00,False,19:00:00,2023-12-25
2957,2023-12-25 19:15:00,False,19:15:00,2023-12-25
2958,2023-12-25 19:30:00,False,19:30:00,2023-12-25
2959,2023-12-25 19:45:00,False,19:45:00,2023-12-25
2960,2023-12-25 20:00:00,False,20:00:00,2023-12-25
2961,2023-12-25 20:15:00,False,20:15:00,2023-12-25
2962,2023-12-25 20:30:00,False,20:30:00,2023-12-25
2963,2023-12-25 20:45:00,False,20:45:00,2023-12-25
2964,2023-12-25 21:00:00,False,21:00:00,2023-12-25
2965,2023-12-25 21:15:00,False,21:15:00,2023-12-25
2966,2023-12-25 21:30:00,False,21:30:00,2023-12-25
2967,2023-12-25 21:45:00,False,21:45:00,2023-12-25
2968,2023-12-25 22:00:00,False,22:00:00,2023-12-25
2969,2023-12-25 22:15:00,False,22:15:00,2023-12-25
2970,2023-12-25 22:30:00,False,22:30:00,2023-12-25
2971,2023-12-25 22:45:00,False,22:45:00,2023-12-25
2972,2023-12-25 23:00:00,False,23:00:00,2023-12-25
2973,2023-12-25 23:15:00,False,23:15:00,2023-12-25
2974,2023-12-25 23:30:00,False,23:30:00,2023-12-25
2975,2023-12-25 23:45:00,False,23:45:00,2023-12-25
2976,2023-12-26 00:00:00,False,00:00:00,2023-12-26
2977,2023-12-26 00:15:00,False,00:15:00,2023-12-26
2978,2023-12-26 00:30:00,False,00:30:00,2023-12-26
2979,2023-12-26 00:45:00,False,00:45:00,2023-12-26
2980,2023-12-26 01:00:00,False,01:00:00,2023-12-26
2981,2023-12-26 01:15:00,False,01:15:00,2023-12-26
2982,2023-12-26 01:30:00,False,01:30:00,2023-12-26
2983,2023-12-26 01:45:00,False,01:45:00,2023-12-26
2984,2023-12-26 02:00:00,False,02:00:00,2023-12-26
2985,2023-12-26 02:15:00,False,02:15:00,2023-12-26
2986,2023-12-26 02:30:00,False,02:30:00,2023-12-26
2987,2023-12-26 02:45:00,False,02:45:00,2023-12-26
2988,2023-12-26 03:00:00,False,03:00:00,2023-12-26
2989,2023-12-26 03:15:00,False,03:15:00,2023-12-26
2990,2023-12-26 03:30:00,False,03:30:00,2023-12-26
2991,2023-12-26 03:45:00,False,03:45:00,2023-12-26
2992,2023-12-26 04:00:00,False,04:00:00,2023-12-26
2993,2023-12-26 04:15:00,False,04:15:00,2023-12-26
2994,2023-12-26 04:30:00,False,04:30:00,2023-12-26
2995,2023-12-26 04:45:00,False,04:45:00,2023-12-26
2996,2023-12-26 05:00:00,False,05:00:00,2023-12-26
2997,2023-12-26 05:15:00,False,05:15:00,2023-12-26
2998,2023-12-26 05:30:00,False,05:30:00,2023-12-26
2999,2023-12-26 05:45:00,False,05:45:00,2023-12-26
3000,2023-12-26 06:00:00,False,06:00:00,2023-12-26
3001,2023-12-26 06:15:00,False,06:15:00,2023-12-26
3002,2023-12-26 06:30:00,False,06:30:00,2023-12-26
3003,2023-12-26 06:45:00,False,06:45:00,2023-12-26
3004,2023-12-26 07:00:00,False,07:00:00,2023-12-26
3005,2023-12-26 07:15:00,False,07:15:00,2023-12-26
3006,2023-12-26 07:30:00,False,07:30:00,2023-12-26
3007,2023-12-26 07:45:00,False,07:45:00,2023-12-26
3008,2023-12-26 08:00:00,False,08:00:00,2023-12-26
3009,2023-12-26 08:15:00,False,08:15:00,2023-12-26
3010,2023-12-26 08:30:00,False,08:30:00,2023-12-26
3011,2023-12-26 08:45:00,False,08:45:00,2023-12-26
3012,2023-12-26 09:00:00,False,09:00:00,2023-12-26
3013,2023-12-26 09:15:00,False,09:15:00,2023-12-26
3014,2023-12-26 09:30:00,False,09:30:00,2023-12-26
3015,2023-12-26 09:45:00,False,09:45:00,2023-12-26
3016,2023-12-26 10:00:00,False,10:00:00,2023-12-26
3017,2023-12-26 10:15:00,False,10:15:00,2023-12-26
3018,2023-12-26 10:30:00,False,10:30:00,2023-12-26
3019,2023-12-26 10:45:00,False,10:45:00,2023-12-26
3020,2023-12-26 11:00:00,False,11:00:00,2023-12-26
3021,2023-12-26 11:15:00,True,11:15:00,2023-12-26
3022,2023-12-26 11:30:00,False,11:30:00,2023-12-26
3023,2023-12-26 11:45:00,False,11:45:00,2023-12-26
3024,2023-12-26 12:00:00,False,12:00:00,2023-12-26
3025,2023-12-26 12:15:00,False,12:15:00,2023-12-26
3026,2023-12-26 12:30:00,False,12:30:00,2023-12-26
3027,2023-12-26 12:45:00,False,12:45:00,2023-12-26
3028,2023-12-26 13:00:00,False,13:00:00,2023-12-26
3029,2023-12-26 13:15:00,False,13:15:00,2023-12-26
3030,2023-12-26 13:30:00,False,13:30:00,2023-12-26
3031,2023-12-26 13:45:00,False,13:45:00,2023-12-26
3032,2023-12-26 14:00:00,False,14:00:00,2023-12-26
3033,2023-12-26 14:15:00,False,14:15:00,2023-12-26
3034,2023-12-26 14:30:00,False,14:30:00,2023-12-26
3035,2023-12-26 14:45:00,False,14:45:00,2023-12-26
3036,2023-12-26 15:00:00,False,15:00:00,2023-12-26
3037,2023-12-26 15:15:00,False,15:15:00,2023-12-26
3038,2023-12-26 15:30:00,False,15:30:00,2023-12-26
3039,2023-12-26 15:45:00,False,15:45:00,2023-12-26
3040,2023-12-26 16:00:00,False,16:00:00,2023-12-26
3041,2023-12-26 16:15:00,False,16:15:00,2023-12-26
3042,2023-12-26 16:30:00,False,16:30:00,2023-12-26
3043,2023-12-26 16:45:00,False,16:45:00,2023-12-26
3044,2023-12-26 17:00:00,False,17:00:00,2023-12-26
3045,2023-12-26 17:15:00,False,17:15:00,2023-12-26
3046,2023-12-26 17:30:00,False,17:30:00,2023-12-26
3047,2023-12-26 17:45:00,False,17:45:00,2023-12-26
3048,2023-12-26 18:00:00,False,18:00:00,2023-12-26
3049,2023-12-26 18:15:00,False,18:15:00,2023-12-26
3050,2023-12-26 18:30:00,False,18:30:00,2023-12-26
3051,2023-12-26 18:45:00,False,18:45:00,2023-12-26
3052,2023-12-26 19:00:00,False,19:00:00,2023-12-26
3053,2023-12-26 19:15:00,False,19:15:00,2023-12-26
3054,2023-12-26 19:30:00,False,19:30:00,2023-12-26
3055,2023-12-26 19:45:00,False,19:45:00,2023-12-26
3056,2023-12-26 20:00:00,False,20:00:00,2023-12-26
3057,2023-12-26 20:15:00,False,20:15:00,2023-12-26
3058,2023-12-26 20:30:00,False,20:30:00,2023-12-26
3059,2023-12-26 20:45:00,False,20:45:00,2023-12-26
3060,2023-12-26 21:00:00,False,21:00:00,2023-12-26
3061,2023-12-26 21:15:00,False,21:15:00,2023-12-26
3062,2023-12-26 21:30:00,False,21:30:00,2023-12-26
3063,2023-12-26 21:45:00,False,21:45:00,2023-12-26
3064,2023-12-26 22:00:00,False,22:00:00,2023-12-26
3065,2023-12-26 22:15:00,False,22:15:00,2023-12-26
3066,2023-12-26 22:30:00,False,22:30:00,2023-12-26
3067,2023-12-26 22:45:00,False,22:45:00,2023-12-26
3068,2023-12-26 23:00:00,False,23:00:00,2023-12-26
3069,2023-12-26 23:15:00,False,23:15:00,2023-12-26
3070,2023-12-26 23:30:00,False,23:30:00,2023-12-26
3071,2023-12-26 23:45:00,False,23:45:00,2023-12-26
3072,2023-12-27 00:00:00,False,00:00:00,2023-12-27
3073,2023-12-27 00:15:00,False,00:15:00,2023-12-27
3074,2023-12-27 00:30:00,False,00:30:00,2023-12-27
3075,2023-12-27 00:45:00,False,00:45:00,2023-12-27
3076,2023-12-27 01:00:00,False,01:00:00,2023-12-27
3077,2023-12-27 01:15:00,False,01:15:00,2023-12-27
3078,2023-12-27 01:30:00,False,01:30:00,2023-12-27
3079,2023-12-27 01:45:00,False,01:45:00,2023-12-27
3080,2023-12-27 02:00:00,False,02:00:00,2023-12-27
3081,2023-12-27 02:15:00,False,02:15:00,2023-12-27
3082,2023-12-27 02:30:00,False,02:30:00,2023-12-27
3083,2023-12-27 02:45:00,False,02:45:00,2023-12-27
3084,2023-12-27 03:00:00,False,03:00:00,2023-12-27
3085,2023-12-27 03:15:00,False,03:15:00,2023-12-27
3086,2023-12-27 03:30:00,False,03:30:00,2023-12-27
3087,2023-12-27 03:45:00,False,03:45:00,2023-12-27
3088,2023-12-27 04:00:00,False,04:00:00,2023-12-27
3089,2023-12-27 04:15:00,False,04:15:00,2023-12-27
3090,2023-12-27 04:30:00,False,04:30:00,2023-12-27
3091,2023-12-27 04:45:00,False,04:45:00,2023-12-27
3092,2023-12-27 05:00:00,False,05:00:00,2023-12-27
3093,2023-12-27 05:15:00,False,05:15:00,2023-12-27
3094,2023-12-27 05:30:00,False,05:30:00,2023-12-27
3095,2023-12-27 05:45:00,False,05:45:00,2023-12-27
3096,2023-12-27 06:00:00,False,06:00:00,2023-12-27
3097,2023-12-27 06:15:00,False,06:15:00,2023-12-27
3098,2023-12-27 06:30:00,False,06:30:00,2023-12-27
3099,2023-12-27 06:45:00,False,06:45:00,2023-12-27
3100,2023-12-27 07:00:00,False,07:00:00,2023-12-27
3101,2023-12-27 07:15:00,False,07:15:00,2023-12-27
3102,2023-12-27 07:30:00,False,07:30:00,2023-12-27
3103,2023-12-27 07:45:00,False,07:45:00,2023-12-27
3104,2023-12-27 08:00:00,False,08:00:00,2023-12-27
3105,2023-12-27 08:15:00,False,08:15:00,2023-12-27
3106,2023-12-27 08:30:00,False,08:30:00,2023-12-27
3107,2023-12-27 08:45:00,False,08:45:00,2023-12-27
3108,2023-12-27 09:00:00,False,09:00:00,2023-12-27
3109,2023-12-27 09:15:00,False,09:15:00,2023-12-27
3110,2023-12-27 09:30:00,False,09:30:00,2023-12-27
3111,2023-12-27 09:45:00,False,09:45:00,2023-12-27
3112,2023-12-27 10:00:00,False,10:00:00,2023-12-27
3113,2023-12-27 10:15:00,False,10:15:00,2023-12-27
3114,2023-12-27 10:30:00,False,10:30:00,2023-12-27
3115,2023-12-27 10:45:00,False,10:45:00,2023-12-27
3116,2023-12-27 11:00:00,False,11:00:00,2023-12-27
3117,2023-12-27 11:15:00,False,11:15:00,2023-12-27
3118,2023-12-27 11:30:00,False,11:30:00,2023-12-27
3119,2023-12-27 11:45:00,False,11:45:00,2023-12-27
3120,2023-12-27 12:00:00,False,12:00:00,2023-12-27
3121,2023-12-27 12:15:00,False,12:15:00,2023-12-27
3122,2023-12-27 12:30:00,False,12:30:00,2023-12-27
3123,2023-12-27 12:45:00,False,12:45:00,2023-12-27
3124,2023-12-27 13:00:00,False,13:00:00,2023-12-27
3125,2023-12-27 13:15:00,False,13:15:00,2023-12-27
3126,2023-12-27 13:30:00,False,13:30:00,2023-12-27
3127,2023-12-27 13:45:00,False,13:45:00,2023-12-27
3128,2023-12-27 14:00:00,False,14:00:00,2023-12-27
3129,2023-12-27 14:15:00,False,14:15:00,2023-12-27
3130,2023-12-27 14:30:00,False,14:30:00,2023-12-27
3131,2023-12-27 14:45:00,False,14:45:00,2023-12-27
3132,2023-12-27 15:00:00,False,15:00:00,2023-12-27
3133,2023-12-27 15:15:00,False,15:15:00,2023-12-27
3134,2023-12-27 15:30:00,False,15:30:00,2023-12-27
3135,2023-12-27 15:45:00,False,15:45:00,2023-12-27
3136,2023-12-27 16:00:00,False,16:00:00,2023-12-27
3137,2023-12-27 16:15:00,False,16:15:00,2023-12-27
3138,2023-12-27 16:30:00,False,16:30:00,2023-12-27
3139,2023-12-27 16:45:00,False,16:45:00,2023-12-27
3140,2023-12-27 17:00:00,False,17:00:00,2023-12-27
3141,2023-12-27 17:15:00,False,17:15:00,2023-12-27
3142,2023-12-27 17:30:00,False,17:30:00,2023-12-27
3143,2023-12-27 17:45:00,False,17:45:00,2023-12-27
3144,2023-12-27 18:00:00,False,18:00:00,2023-12-27
3145,2023-12-27 18:15:00,False,18:15:00,2023-12-27
3146,2023-12-27 18:30:00,False,18:30:00,2023-12-27
3147,2023-12-27 18:45:00,False,18:45:00,2023-12-27
3148,2023-12-27 19:00:00,False,19:00:00,2023-12-27
3149,2023-12-27 19:15:00,False,19:15:00,2023-12-27
3150,2023-12-27 19:30:00,False,19:30:00,2023-12-27
3151,2023-12-27 19:45:00,False,19:45:00,2023-12-27
3152,2023-12-27 20:00:00,False,20:00:00,2023-12-27
3153,2023-12-27 20:15:00,False,20:15:00,2023-12-27
3154,2023-12-27 20:30:00,False,20:30:00,2023-12-27
3155,2023-12-27 20:45:00,False,20:45:00,2023-12-27
3156,2023-12-27 21:00:00,False,21:00:00,2023-12-27
3157,2023-12-27 21:15:00,False,21:15:00,2023-12-27
3158,2023-12-27 21:30:00,False,21:30:00,2023-12-27
3159,2023-12-27 21:45:00,False,21:45:00,2023-12-27
3160,2023-12-27 22:00:00,False,22:00:00,2023-12-27
3161,2023-12-27 22:15:00,False,22:15:00,2023-12-27
3162,2023-12-27 22:30:00,False,22:30:00,2023-12-27
3163,2023-12-27 22:45:00,False,22:45:00,2023-12-27
3164,2023-12-27 23:00:00,False,23:00:00,2023-12-27
3165,2023-12-27 23:15:00,False,23:15:00,2023-12-27
3166,2023-12-27 23:30:00,False,23:30:00,2023-12-27
3167,2023-12-27 23:45:00,False,23:45:00,2023-12-27
3168,2023-12-28 00:00:00,False,00:00:00,2023-12-28
3169,2023-12-28 00:15:00,False,00:15:00,2023-12-28
3170,2023-12-28 00:30:00,False,00:30:00,2023-12-28
3171,2023-12-28 00:45:00,False,00:45:00,2023-12-28
3172,2023-12-28 01:00:00,False,01:00:00,2023-12-28
3173,2023-12-28 01:15:00,False,01:15:00,2023-12-28
3174,2023-12-28 01:30:00,False,01:30:00,2023-12-28
3175,2023-12-28 01:45:00,False,01:45:00,2023-12-28
3176,2023-12-28 02:00:00,False,02:00:00,2023-12-28
3177,2023-12-28 02:15:00,False,02:15:00,2023-12-28
3178,2023-12-28 02:30:00,False,02:30:00,2023-12-28
3179,2023-12-28 02:45:00,False,02:45:00,2023-12-28
3180,2023-12-28 03:00:00,False,03:00:00,2023-12-28
3181,2023-12-28 03:15:00,False,03:15:00,2023-12-28
3182,2023-12-28 03:30:00,False,03:30:00,2023-12-28
3183,2023-12-28 03:45:00,False,03:45:00,2023-12-28
3184,2023-12-28 04:00:00,False,04:00:00,2023-12-28
3185,2023-12-28 04:15:00,False,04:15:00,2023-12-28
3186,2023-12-28 04:30:00,False,04:30:00,2023-12-28
3187,2023-12-28 04:45:00,False,04:45:00,2023-12-28
3188,2023-12-28 05:00:00,False,05:00:00,2023-12-28
3189,2023-12-28 05:15:00,False,05:15:00,2023-12-28
3190,2023-12-28 05:30:00,False,05:30:00,2023-12-28
3191,2023-12-28 05:45:00,False,05:45:00,2023-12-28
3192,2023-12-28 06:00:00,False,06:00:00,2023-12-28
3193,2023-12-28 06:15:00,False,06:15:00,2023-12-28
3194,2023-12-28 06:30:00,False,06:30:00,2023-12-28
3195,2023-12-28 06:45:00,False,06:45:00,2023-12-28
3196,2023-12-28 07:00:00,False,07:00:00,2023-12-28
3197,2023-12-28 07:15:00,False,07:15:00,2023-12-28
3198,2023-12-28 07:30:00,False,07:30:00,2023-12-28
3199,2023-12-28 07:45:00,False,07:45:00,2023-12-28
3200,2023-12-28 08:00:00,False,08:00:00,2023-12-28
3201,2023-12-28 08:15:00,False,08:15:00,2023-12-28
3202,2023-12-28 08:30:00,False,08:30:00,2023-12-28
3203,2023-12-28 08:45:00,False,08:45:00,2023-12-28
3204,2023-12-28 09:00:00,False,09:00:00,2023-12-28
3205,2023-12-28 09:15:00,False,09:15:00,2023-12-28
3206,2023-12-28 09:30:00,False,09:30:00,2023-12-28
3207,2023-12-28 09:45:00,False,09:45:00,2023-12-28
3208,2023-12-28 10:00:00,False,10:00:00,2023-12-28
3209,2023-12-28 10:15:00,False,10:15:00,2023-12-28
3210,2023-12-28 10:30:00,False,10:30:00,2023-12-28
3211,2023-12-28 10:45:00,False,10:45:00,2023-12-28
3212,2023-12-28 11:00:00,False,11:00:00,2023-12-28
3213,2023-12-28 11:15:00,False,11:15:00,2023-12-28
3214,2023-12-28 11:30:00,False,11:30:00,2023-12-28
3215,2023-12-28 11:45:00,False,11:45:00,2023-12-28
3216,2023-12-28 12:00:00,False,12:00:00,2023-12-28
3217,2023-12-28 12:15:00,False,12:15:00,2023-12-28
3218,2023-12-28 12:30:00,False,12:30:00,2023-12-28
3219,2023-12-28 12:45:00,False,12:45:00,2023-12-28
3220,2023-12-28 13:00:00,False,13:00:00,2023-12-28
3221,2023-12-28 13:15:00,False,13:15:00,2023-12-28
3222,2023-12-28 13:30:00,False,13:30:00,2023-12-28
3223,2023-12-28 13:45:00,False,13:45:00,2023-12-28
3224,2023-12-28 14:00:00,False,14:00:00,2023-12-28
3225,2023-12-28 14:15:00,False,14:15:00,2023-12-28
3226,2023-12-28 14:30:00,False,14:30:00,2023-12-28
3227,2023-12-28 14:45:00,False,14:45:00,2023-12-28
3228,2023-12-28 15:00:00,False,15:00:00,2023-12-28
3229,2023-12-28 15:15:00,False,15:15:00,2023-12-28
3230,2023-12-28 15:30:00,False,15:30:00,2023-12-28
3231,2023-12-28 15:45:00,False,15:45:00,2023-12-28
3232,2023-12-28 16:00:00,False,16:00:00,2023-12-28
3233,2023-12-28 16:15:00,False,16:15:00,2023-12-28
3234,2023-12-28 16:30:00,False,16:30:00,2023-12-28
3235,2023-12-28 16:45:00,False,16:45:00,2023-12-28
3236,2023-12-28 17:00:00,False,17:00:00,2023-12-28
3237,2023-12-28 17:15:00,False,17:15:00,2023-12-28
3238,2023-12-28 17:30:00,False,17:30:00,2023-12-28
3239,2023-12-28 17:45:00,False,17:45:00,2023-12-28
3240,2023-12-28 18:00:00,False,18:00:00,2023-12-28
3241,2023-12-28 18:15:00,False,18:15:00,2023-12-28
3242,2023-12-28 18:30:00,False,18:30:00,2023-12-28
3243,2023-12-28 18:45:00,False,18:45:00,2023-12-28
3244,2023-12-28 19:00:00,False,19:00:00,2023-12-28
3245,2023-12-28 19:15:00,False,19:15:00,2023-12-28
3246,2023-12-28 19:30:00,False,19:30:00,2023-12-28
3247,2023-12-28 19:45:00,False,19:45:00,2023-12-28
3248,2023-12-28 20:00:00,False,20:00:00,2023-12-28
3249,2023-12-28 20:15:00,False,20:15:00,2023-12-28
3250,2023-12-28 20:30:00,False,20:30:00,2023-12-28
3251,2023-12-28 20:45:00,False,20:45:00,2023-12-28
3252,2023-12-28 21:00:00,False,21:00:00,2023-12-28
3253,2023-12-28 21:15:00,False,21:15:00,2023-12-28
3254,2023-12-28 21:30:00,False,21:30:00,2023-12-28
3255,2023-12-28 21:45:00,False,21:45:00,2023-12-28
3256,2023-12-28 22:00:00,False,22:00:00,2023-12-28
3257,2023-12-28 22:15:00,False,22:15:00,2023-12-28
3258,2023-12-28 22:30:00,False,22:30:00,2023-12-28
3259,2023-12-28 22:45:00,False,22:45:00,2023-12-28
3260,2023-12-28 23:00:00,False,23:00:00,2023-12-28
3261,2023-12-28 23:15:00,False,23:15:00,2023-12-28
3262,2023-12-28 23:30:00,False,23:30:00,2023-12-28
3263,2023-12-28 23:45:00,False,23:45:00,2023-12-28
3264,2023-12-29 00:00:00,False,00:00:00,2023-12-29
3265,2023-12-29 00:15:00,False,00:15:00,2023-12-29
3266,2023-12-29 00:30:00,False,00:30:00,2023-12-29
3267,2023-12-29 00:45:00,False,00:45:00,2023-12-29
3268,2023-12-29 01:00:00,False,01:00:00,2023-12-29
3269,2023-12-29 01:15:00,False,01:15:00,2023-12-29
3270,2023-12-29 01:30:00,False,01:30:00,2023-12-29
3271,2023-12-29 01:45:00,False,01:45:00,2023-12-29
3272,2023-12-29 02:00:00,False,02:00:00,2023-12-29
3273,2023-12-29 02:15:00,False,02:15:00,2023-12-29
3274,2023-12-29 02:30:00,False,02:30:00,2023-12-29
3275,2023-12-29 02:45:00,False,02:45:00,2023-12-29
3276,2023-12-29 03:00:00,False,03:00:00,2023-12-29
3277,2023-12-29 03:15:00,False,03:15:00,2023-12-29
3278,2023-12-29 03:30:00,False,03:30:00,2023-12-29
3279,2023-12-29 03:45:00,False,03:45:00,2023-12-29
3280,2023-12-29 04:00:00,False,04:00:00,2023-12-29
3281,2023-12-29 04:15:00,False,04:15:00,2023-12-29
3282,2023-12-29 04:30:00,False,04:30:00,2023-12-29
3283,2023-12-29 04:45:00,False,04:45:00,2023-12-29
3284,2023-12-29 05:00:00,False,05:00:00,2023-12-29
3285,2023-12-29 05:15:00,False,05:15:00,2023-12-29
3286,2023-12-29 05:30:00,False,05:30:00,2023-12-29
3287,2023-12-29 05:45:00,False,05:45:00,2023-12-29
3288,2023-12-29 06:00:00,False,06:00:00,2023-12-29
3289,2023-12-29 06:15:00,False,06:15:00,2023-12-29
3290,2023-12-29 06:30:00,False,06:30:00,2023-12-29
3291,2023-12-29 06:45:00,False,06:45:00,2023-12-29
3292,2023-12-29 07:00:00,False,07:00:00,2023-12-29
3293,2023-12-29 07:15:00,False,07:15:00,2023-12-29
3294,2023-12-29 07:30:00,False,07:30:00,2023-12-29
3295,2023-12-29 07:45:00,False,07:45:00,2023-12-29
3296,2023-12-29 08:00:00,False,08:00:00,2023-12-29
3297,2023-12-29 08:15:00,False,08:15:00,2023-12-29
3298,2023-12-29 08:30:00,False,08:30:00,2023-12-29
3299,2023-12-29 08:45:00,False,08:45:00,2023-12-29
3300,2023-12-29 09:00:00,False,09:00:00,2023-12-29
3301,2023-12-29 09:15:00,False,09:15:00,2023-12-29
3302,2023-12-29 09:30:00,False,09:30:00,2023-12-29
3303,2023-12-29 09:45:00,False,09:45:00,2023-12-29
3304,2023-12-29 10:00:00,False,10:00:00,2023-12-29
3305,2023-12-29 10:15:00,False,10:15:00,2023-12-29
3306,2023-12-29 10:30:00,False,10:30:00,2023-12-29
3307,2023-12-29 10:45:00,False,10:45:00,2023-12-29
3308,2023-12-29 11:00:00,False,11:00:00,2023-12-29
3309,2023-12-29 11:15:00,False,11:15:00,2023-12-29
3310,2023-12-29 11:30:00,False,11:30:00,2023-12-29
3311,2023-12-29 11:45:00,False,11:45:00,2023-12-29
3312,2023-12-29 12:00:00,False,12:00:00,2023-12-29
3313,2023-12-29 12:15:00,True,12:15:00,2023-12-29
3314,2023-12-29 12:30:00,False,12:30:00,2023-12-29
3315,2023-12-29 12:45:00,False,12:45:00,2023-12-29
3316,2023-12-29 13:00:00,False,13:00:00,2023-12-29
3317,2023-12-29 13:15:00,False,13:15:00,2023-12-29
3318,2023-12-29 13:30:00,False,13:30:00,2023-12-29
3319,2023-12-29 13:45:00,False,13:45:00,2023-12-29
3320,2023-12-29 14:00:00,False,14:00:00,2023-12-29
3321,2023-12-29 14:15:00,False,14:15:00,2023-12-29
3322,2023-12-29 14:30:00,True,14:30:00,2023-12-29
3323,2023-12-29 14:45:00,False,14:45:00,2023-12-29
3324,2023-12-29 15:00:00,False,15:00:00,2023-12-29
3325,2023-12-29 15:15:00,False,15:15:00,2023-12-29
3326,2023-12-29 15:30:00,False,15:30:00,2023-12-29
3327,2023-12-29 15:45:00,True,15:45:00,2023-12-29
3328,2023-12-29 16:00:00,True,16:00:00,2023-12-29
3329,2023-12-29 16:15:00,False,16:15:00,2023-12-29
3330,2023-12-29 16:30:00,False,16:30:00,2023-12-29
3331,2023-12-29 16:45:00,False,16:45:00,2023-12-29
3332,2023-12-29 17:00:00,False,17:00:00,2023-12-29
3333,2023-12-29 17:15:00,False,17:15:00,2023-12-29
3334,2023-12-29 17:30:00,False,17:30:00,2023-12-29
3335,2023-12-29 17:45:00,False,17:45:00,2023-12-29
3336,2023-12-29 18:00:00,False,18:00:00,2023-12-29
3337,2023-12-29 18:15:00,False,18:15:00,2023-12-29
3338,2023-12-29 18:30:00,False,18:30:00,2023-12-29
3339,2023-12-29 18:45:00,False,18:45:00,2023-12-29
3340,2023-12-29 19:00:00,False,19:00:00,2023-12-29
3341,2023-12-29 19:15:00,False,19:15:00,2023-12-29
3342,2023-12-29 19:30:00,False,19:30:00,2023-12-29
3343,2023-12-29 19:45:00,False,19:45:00,2023-12-29
3344,2023-12-29 20:00:00,False,20:00:00,2023-12-29
3345,2023-12-29 20:15:00,False,20:15:00,2023-12-29
3346,2023-12-29 20:30:00,False,20:30:00,2023-12-29
3347,2023-12-29 20:45:00,False,20:45:00,2023-12-29
3348,2023-12-29 21:00:00,False,21:00:00,2023-12-29
3349,2023-12-29 21:15:00,False,21:15:00,2023-12-29
3350,2023-12-29 21:30:00,False,21:30:00,2023-12-29
3351,2023-12-29 21:45:00,False,21:45:00,2023-12-29
3352,2023-12-29 22:00:00,False,22:00:00,2023-12-29
3353,2023-12-29 22:15:00,False,22:15:00,2023-12-29
3354,2023-12-29 22:30:00,False,22:30:00,2023-12-29
3355,2023-12-29 22:45:00,False,22:45:00,2023-12-29
3356,2023-12-29 23:00:00,False,23:00:00,2023-12-29
3357,2023-12-29 23:15:00,False,23:15:00,2023-12-29
3358,2023-12-29 23:30:00,False,23:30:00,2023-12-29
3359,2023-12-29 23:45:00,False,23:45:00,2023-12-29
3360,2023-12-30 00:00:00,False,00:00:00,2023-12-30
3361,2023-12-30 00:15:00,False,00:15:00,2023-12-30
3362,2023-12-30 00:30:00,False,00:30:00,2023-12-30
3363,2023-12-30 00:45:00,False,00:45:00,2023-12-30
3364,2023-12-30 01:00:00,False,01:00:00,2023-12-30
3365,2023-12-30 01:15:00,False,01:15:00,2023-12-30
3366,2023-12-30 01:30:00,False,01:30:00,2023-12-30
3367,2023-12-30 01:45:00,False,01:45:00,2023-12-30
3368,2023-12-30 02:00:00,False,02:00:00,2023-12-30
3369,2023-12-30 02:15:00,False,02:15:00,2023-12-30
3370,2023-12-30 02:30:00,False,02:30:00,2023-12-30
3371,2023-12-30 02:45:00,False,02:45:00,2023-12-30
3372,2023-12-30 03:00:00,False,03:00:00,2023-12-30
3373,2023-12-30 03:15:00,False,03:15:00,2023-12-30
3374,2023-12-30 03:30:00,False,03:30:00,2023-12-30
3375,2023-12-30 03:45:00,False,03:45:00,2023-12-30
3376,2023-12-30 04:00:00,False,04:00:00,2023-12-30
3377,2023-12-30 04:15:00,False,04:15:00,2023-12-30
3378,2023-12-30 04:30:00,False,04:30:00,2023-12-30
3379,2023-12-30 04:45:00,False,04:45:00,2023-12-30
3380,2023-12-30 05:00:00,False,05:00:00,2023-12-30
3381,2023-12-30 05:15:00,False,05:15:00,2023-12-30
3382,2023-12-30 05:30:00,False,05:30:00,2023-12-30
3383,2023-12-30 05:45:00,False,05:45:00,2023-12-30
3384,2023-12-30 06:00:00,False,06:00:00,2023-12-30
3385,2023-12-30 06:15:00,False,06:15:00,2023-12-30
3386,2023-12-30 06:30:00,False,06:30:00,2023-12-30
3387,2023-12-30 06:45:00,False,06:45:00,2023-12-30
3388,2023-12-30 07:00:00,True,07:00:00,2023-12-30
3389,2023-12-30 07:15:00,False,07:15:00,2023-12-30
3390,2023-12-30 07:30:00,False,07:30:00,2023-12-30
3391,2023-12-30 07:45:00,False,07:45:00,2023-12-30
3392,2023-12-30 08:00:00,False,08:00:00,2023-12-30
3393,2023-12-30 08:15:00,False,08:15:00,2023-12-30
3394,2023-12-30 08:30:00,False,08:30:00,2023-12-30
3395,2023-12-30 08:45:00,False,08:45:00,2023-12-30
3396,2023-12-30 09:00:00,False,09:00:00,2023-12-30
3397,2023-12-30 09:15:00,False,09:15:00,2023-12-30
3398,2023-12-30 09:30:00,False,09:30:00,2023-12-30
3399,2023-12-30 09:45:00,False,09:45:00,2023-12-30
3400,2023-12-30 10:00:00,False,10:00:00,2023-12-30
3401,2023-12-30 10:15:00,False,10:15:00,2023-12-30
3402,2023-12-30 10:30:00,False,10:30:00,2023-12-30
3403,2023-12-30 10:45:00,False,10:45:00,2023-12-30
3404,2023-12-30 11:00:00,False,11:00:00,2023-12-30
3405,2023-12-30 11:15:00,False,11:15:00,2023-12-30
3406,2023-12-30 11:30:00,False,11:30:00,2023-12-30
3407,2023-12-30 11:45:00,False,11:45:00,2023-12-30
3408,2023-12-30 12:00:00,False,12:00:00,2023-12-30
3409,2023-12-30 12:15:00,False,12:15:00,2023-12-30
3410,2023-12-30 12:30:00,False,12:30:00,2023-12-30
3411,2023-12-30 12:45:00,False,12:45:00,2023-12-30
3412,2023-12-30 13:00:00,False,13:00:00,2023-12-30
3413,2023-12-30 13:15:00,False,13:15:00,2023-12-30
3414,2023-12-30 13:30:00,False,13:30:00,2023-12-30
3415,2023-12-30 13:45:00,False,13:45:00,2023-12-30
3416,2023-12-30 14:00:00,False,14:00:00,2023-12-30
3417,2023-12-30 14:15:00,False,14:15:00,2023-12-30
3418,2023-12-30 14:30:00,False,14:30:00,2023-12-30
3419,2023-12-30 14:45:00,False,14:45:00,2023-12-30
3420,2023-12-30 15:00:00,False,15:00:00,2023-12-30
3421,2023-12-30 15:15:00,False,15:15:00,2023-12-30
3422,2023-12-30 15:30:00,False,15:30:00,2023-12-30
3423,2023-12-30 15:45:00,False,15:45:00,2023-12-30
3424,2023-12-30 16:00:00,False,16:00:00,2023-12-30
3425,2023-12-30 16:15:00,False,16:15:00,2023-12-30
3426,2023-12-30 16:30:00,False,16:30:00,2023-12-30
3427,2023-12-30 16:45:00,False,16:45:00,2023-12-30
3428,2023-12-30 17:00:00,False,17:00:00,2023-12-30
3429,2023-12-30 17:15:00,False,17:15:00,2023-12-30
3430,2023-12-30 17:30:00,False,17:30:00,2023-12-30
3431,2023-12-30 17:45:00,False,17:45:00,2023-12-30
3432,2023-12-30 18:00:00,False,18:00:00,2023-12-30
3433,2023-12-30 18:15:00,False,18:15:00,2023-12-30
3434,2023-12-30 18:30:00,False,18:30:00,2023-12-30
3435,2023-12-30 18:45:00,False,18:45:00,2023-12-30
3436,2023-12-30 19:00:00,False,19:00:00,2023-12-30
3437,2023-12-30 19:15:00,False,19:15:00,2023-12-30
3438,2023-12-30 19:30:00,False,19:30:00,2023-12-30
3439,2023-12-30 19:45:00,False,19:45:00,2023-12-30
3440,2023-12-30 20:00:00,False,20:00:00,2023-12-30
3441,2023-12-30 20:15:00,False,20:15:00,2023-12-30
3442,2023-12-30 20:30:00,False,20:30:00,2023-12-30
3443,2023-12-30 20:45:00,False,20:45:00,2023-12-30
3444,2023-12-30 21:00:00,False,21:00:00,2023-12-30
3445,2023-12-30 21:15:00,False,21:15:00,2023-12-30
3446,2023-12-30 21:30:00,False,21:30:00,2023-12-30
3447,2023-12-30 21:45:00,False,21:45:00,2023-12-30
3448,2023-12-30 22:00:00,False,22:00:00,2023-12-30
3449,2023-12-30 22:15:00,False,22:15:00,2023-12-30
3450,2023-12-30 22:30:00,False,22:30:00,2023-12-30
3451,2023-12-30 22:45:00,False,22:45:00,2023-12-30
3452,2023-12-30 23:00:00,False,23:00:00,2023-12-30
3453,2023-12-30 23:15:00,False,23:15:00,2023-12-30
3454,2023-12-30 23:30:00,False,23:30:00,2023-12-30
3455,2023-12-30 23:45:00,False,23:45:00,2023-12-30
3456,2023-12-31 00:00:00,False,00:00:00,2023-12-31
3457,2023-12-31 00:15:00,False,00:15:00,2023-12-31
3458,2023-12-31 00:30:00,False,00:30:00,2023-12-31
3459,2023-12-31 00:45:00,False,00:45:00,2023-12-31
3460,2023-12-31 01:00:00,False,01:00:00,2023-12-31
3461,2023-12-31 01:15:00,False,01:15:00,2023-12-31
3462,2023-12-31 01:30:00,False,01:30:00,2023-12-31
3463,2023-12-31 01:45:00,False,01:45:00,2023-12-31
3464,2023-12-31 02:00:00,False,02:00:00,2023-12-31
3465,2023-12-31 02:15:00,False,02:15:00,2023-12-31
3466,2023-12-31 02:30:00,False,02:30:00,2023-12-31
3467,2023-12-31 02:45:00,False,02:45:00,2023-12-31
3468,2023-12-31 03:00:00,False,03:00:00,2023-12-31
3469,2023-12-31 03:15:00,False,03:15:00,2023-12-31
3470,2023-12-31 03:30:00,False,03:30:00,2023-12-31
3471,2023-12-31 03:45:00,False,03:45:00,2023-12-31
3472,2023-12-31 04:00:00,False,04:00:00,2023-12-31
3473,2023-12-31 04:15:00,False,04:15:00,2023-12-31
3474,2023-12-31 04:30:00,False,04:30:00,2023-12-31
3475,2023-12-31 04:45:00,False,04:45:00,2023-12-31
3476,2023-12-31 05:00:00,False,05:00:00,2023-12-31
3477,2023-12-31 05:15:00,False,05:15:00,2023-12-31
3478,2023-12-31 05:30:00,False,05:30:00,2023-12-31
3479,2023-12-31 05:45:00,False,05:45:00,2023-12-31
3480,2023-12-31 06:00:00,False,06:00:00,2023-12-31
3481,2023-12-31 06:15:00,False,06:15:00,2023-12-31
3482,2023-12-31 06:30:00,False,06:30:00,2023-12-31
3483,2023-12-31 06:45:00,False,06:45:00,2023-12-31
3484,2023-12-31 07:00:00,False,07:00:00,2023-12-31
3485,2023-12-31 07:15:00,False,07:15:00,2023-12-31
3486,2023-12-31 07:30:00,False,07:30:00,2023-12-31
3487,2023-12-31 07:45:00,False,07:45:00,2023-12-31
3488,2023-12-31 08:00:00,False,08:00:00,2023-12-31
3489,2023-12-31 08:15:00,False,08:15:00,2023-12-31
3490,2023-12-31 08:30:00,False,08:30:00,2023-12-31
3491,2023-12-31 08:45:00,False,08:45:00,2023-12-31
3492,2023-12-31 09:00:00,False,09:00:00,2023-12-31
3493,2023-12-31 09:15:00,False,09:15:00,2023-12-31
3494,2023-12-31 09:30:00,False,09:30:00,2023-12-31
3495,2023-12-31 09:45:00,False,09:45:00,2023-12-31
3496,2023-12-31 10:00:00,False,10:00:00,2023-12-31
3497,2023-12-31 10:15:00,False,10:15:00,2023-12-31
3498,2023-12-31 10:30:00,False,10:30:00,2023-12-31
3499,2023-12-31 10:45:00,False,10:45:00,2023-12-31
3500,2023-12-31 11:00:00,False,11:00:00,2023-12-31
3501,2023-12-31 11:15:00,False,11:15:00,2023-12-31
3502,2023-12-31 11:30:00,False,11:30:00,2023-12-31
3503,2023-12-31 11:45:00,False,11:45:00,2023-12-31
3504,2023-12-31 12:00:00,False,12:00:00,2023-12-31
3505,2023-12-31 12:15:00,False,12:15:00,2023-12-31
3506,2023-12-31 12:30:00,False,12:30:00,2023-12-31
3507,2023-12-31 12:45:00,False,12:45:00,2023-12-31
3508,2023-12-31 13:00:00,False,13:00:00,2023-12-31
3509,2023-12-31 13:15:00,False,13:15:00,2023-12-31
3510,2023-12-31 13:30:00,False,13:30:00,2023-12-31
3511,2023-12-31 13:45:00,False,13:45:00,2023-12-31
3512,2023-12-31 14:00:00,False,14:00:00,2023-12-31
3513,2023-12-31 14:15:00,False,14:15:00,2023-12-31
3514,2023-12-31 14:30:00,False,14:30:00,2023-12-31
3515,2023-12-31 14:45:00,False,14:45:00,2023-12-31
3516,2023-12-31 15:00:00,False,15:00:00,2023-12-31
3517,2023-12-31 15:15:00,False,15:15:00,2023-12-31
3518,2023-12-31 15:30:00,False,15:30:00,2023-12-31
3519,2023-12-31 15:45:00,False,15:45:00,2023-12-31
3520,2023-12-31 16:00:00,False,16:00:00,2023-12-31
3521,2023-12-31 16:15:00,False,16:15:00,2023-12-31
3522,2023-12-31 16:30:00,False,16:30:00,2023-12-31
3523,2023-12-31 16:45:00,False,16:45:00,2023-12-31
3524,2023-12-31 17:00:00,False,17:00:00,2023-12-31
3525,2023-12-31 17:15:00,False,17:15:00,2023-12-31
3526,2023-12-31 17:30:00,False,17:30:00,2023-12-31
3527,2023-12-31 17:45:00,False,17:45:00,2023-12-31
3528,2023-12-31 18:00:00,False,18:00:00,2023-12-31
3529,2023-12-31 18:15:00,False,18:15:00,2023-12-31
3530,2023-12-31 18:30:00,False,18:30:00,2023-12-31
3531,2023-12-31 18:45:00,False,18:45:00,2023-12-31
3532,2023-12-31 19:00:00,False,19:00:00,2023-12-31
3533,2023-12-31 19:15:00,False,19:15:00,2023-12-31
3534,2023-12-31 19:30:00,False,19:30:00,2023-12-31
3535,2023-12-31 19:45:00,True,19:45:00,2023-12-31
3536,2023-12-31 20:00:00,False,20:00:00,2023-12-31
3537,2023-12-31 20:15:00,False,20:15:00,2023-12-31
3538,2023-12-31 20:30:00,False,20:30:00,2023-12-31
3539,2023-12-31 20:45:00,False,20:45:00,2023-12-31
3540,2023-12-31 21:00:00,False,21:00:00,2023-12-31
3541,2023-12-31 21:15:00,False,21:15:00,2023-12-31
3542,2023-12-31 21:30:00,False,21:30:00,2023-12-31
3543,2023-12-31 21:45:00,False,21:45:00,2023-12-31
3544,2023-12-31 22:00:00,False,22:00:00,2023-12-31
3545,2023-12-31 22:15:00,False,22:15:00,2023-12-31
3546,2023-12-31 22:30:00,False,22:30:00,2023-12-31
3547,2023-12-31 22:45:00,False,22:45:00,2023-12-31
3548,2023-12-31 23:00:00,False,23:00:00,2023-12-31
3549,2023-12-31 23:15:00,False,23:15:00,2023-12-31
3550,2023-12-31 23:30:00,False,23:30:00,2023-12-31
3551,2023-12-31 23:45:00,False,23:45:00,2023-12-31
3552,2024-01-01 00:00:00,False,00:00:00,2024-01-01
3553,2024-01-01 00:15:00,False,00:15:00,2024-01-01
3554,2024-01-01 00:30:00,False,00:30:00,2024-01-01
3555,2024-01-01 00:45:00,False,00:45:00,2024-01-01
3556,2024-01-01 01:00:00,False,01:00:00,2024-01-01
3557,2024-01-01 01:15:00,False,01:15:00,2024-01-01
3558,2024-01-01 01:30:00,False,01:30:00,2024-01-01
3559,2024-01-01 01:45:00,False,01:45:00,2024-01-01
3560,2024-01-01 02:00:00,False,02:00:00,2024-01-01
3561,2024-01-01 02:15:00,False,02:15:00,2024-01-01
3562,2024-01-01 02:30:00,False,02:30:00,2024-01-01
3563,2024-01-01 02:45:00,False,02:45:00,2024-01-01
3564,2024-01-01 03:00:00,False,03:00:00,2024-01-01
3565,2024-01-01 03:15:00,False,03:15:00,2024-01-01
3566,2024-01-01 03:30:00,False,03:30:00,2024-01-01
3567,2024-01-01 03:45:00,False,03:45:00,2024-01-01
3568,2024-01-01 04:00:00,False,04:00:00,2024-01-01
3569,2024-01-01 04:15:00,False,04:15:00,2024-01-01
3570,2024-01-01 04:30:00,False,04:30:00,2024-01-01
3571,2024-01-01 04:45:00,False,04:45:00,2024-01-01
3572,2024-01-01 05:00:00,False,05:00:00,2024-01-01
3573,2024-01-01 05:15:00,False,05:15:00,2024-01-01
3574,2024-01-01 05:30:00,False,05:30:00,2024-01-01
3575,2024-01-01 05:45:00,False,05:45:00,2024-01-01
3576,2024-01-01 06:00:00,False,06:00:00,2024-01-01
3577,2024-01-01 06:15:00,False,06:15:00,2024-01-01
3578,2024-01-01 06:30:00,False,06:30:00,2024-01-01
3579,2024-01-01 06:45:00,False,06:45:00,2024-01-01
3580,2024-01-01 07:00:00,False,07:00:00,2024-01-01
3581,2024-01-01 07:15:00,False,07:15:00,2024-01-01
3582,2024-01-01 07:30:00,False,07:30:00,2024-01-01
3583,2024-01-01 07:45:00,False,07:45:00,2024-01-01
3584,2024-01-01 08:00:00,False,08:00:00,2024-01-01
3585,2024-01-01 08:15:00,False,08:15:00,2024-01-01
3586,2024-01-01 08:30:00,False,08:30:00,2024-01-01
3587,2024-01-01 08:45:00,False,08:45:00,2024-01-01
3588,2024-01-01 09:00:00,False,09:00:00,2024-01-01
3589,2024-01-01 09:15:00,False,09:15:00,2024-01-01
3590,2024-01-01 09:30:00,False,09:30:00,2024-01-01
3591,2024-01-01 09:45:00,False,09:45:00,2024-01-01
3592,2024-01-01 10:00:00,False,10:00:00,2024-01-01
3593,2024-01-01 10:15:00,False,10:15:00,2024-01-01
3594,2024-01-01 10:30:00,False,10:30:00,2024-01-01
3595,2024-01-01 10:45:00,False,10:45:00,2024-01-01
3596,2024-01-01 11:00:00,False,11:00:00,2024-01-01
3597,2024-01-01 11:15:00,False,11:15:00,2024-01-01
3598,2024-01-01 11:30:00,False,11:30:00,2024-01-01
3599,2024-01-01 11:45:00,False,11:45:00,2024-01-01
3600,2024-01-01 12:00:00,False,12:00:00,2024-01-01
3601,2024-01-01 12:15:00,False,12:15:00,2024-01-01
3602,2024-01-01 12:30:00,False,12:30:00,2024-01-01
3603,2024-01-01 12:45:00,False,12:45:00,2024-01-01
3604,2024-01-01 13:00:00,False,13:00:00,2024-01-01
3605,2024-01-01 13:15:00,False,13:15:00,2024-01-01
3606,2024-01-01 13:30:00,False,13:30:00,2024-01-01
3607,2024-01-01 13:45:00,False,13:45:00,2024-01-01
3608,2024-01-01 14:00:00,False,14:00:00,2024-01-01
3609,2024-01-01 14:15:00,False,14:15:00,2024-01-01
3610,2024-01-01 14:30:00,False,14:30:00,2024-01-01
3611,2024-01-01 14:45:00,False,14:45:00,2024-01-01
3612,2024-01-01 15:00:00,False,15:00:00,2024-01-01
3613,2024-01-01 15:15:00,False,15:15:00,2024-01-01
3614,2024-01-01 15:30:00,True,15:30:00,2024-01-01
3615,2024-01-01 15:45:00,True,15:45:00,2024-01-01
3616,2024-01-01 16:00:00,True,16:00:00,2024-01-01
3617,2024-01-01 16:15:00,True,16:15:00,2024-01-01
3618,2024-01-01 16:30:00,True,16:30:00,2024-01-01
3619,2024-01-01 16:45:00,True,16:45:00,2024-01-01
3620,2024-01-01 17:00:00,True,17:00:00,2024-01-01
3621,2024-01-01 17:15:00,True,17:15:00,2024-01-01
3622,2024-01-01 17:30:00,True,17:30:00,2024-01-01
3623,2024-01-01 17:45:00,True,17:45:00,2024-01-01
3624,2024-01-01 18:00:00,True,18:00:00,2024-01-01
3625,2024-01-01 18:15:00,True,18:15:00,2024-01-01
3626,2024-01-01 18:30:00,True,18:30:00,2024-01-01
3627,2024-01-01 18:45:00,True,18:45:00,2024-01-01
3628,2024-01-01 19:00:00,True,19:00:00,2024-01-01
3629,2024-01-01 19:15:00,True,19:15:00,2024-01-01
3630,2024-01-01 19:30:00,True,19:30:00,2024-01-01
3631,2024-01-01 19:45:00,True,19:45:00,2024-01-01
3632,2024-01-01 20:00:00,True,20:00:00,2024-01-01
3633,2024-01-01 20:15:00,True,20:15:00,2024-01-01
3634,2024-01-01 20:30:00,True,20:30:00,2024-01-01
3635,2024-01-01 20:45:00,True,20:45:00,2024-01-01
3636,2024-01-01 21:00:00,True,21:00:00,2024-01-01
3637,2024-01-01 21:15:00,True,21:15:00,2024-01-01
3638,2024-01-01 21:30:00,True,21:30:00,2024-01-01
3639,2024-01-01 21:45:00,True,21:45:00,2024-01-01
3640,2024-01-01 22:00:00,False,22:00:00,2024-01-01
3641,2024-01-01 22:15:00,False,22:15:00,2024-01-01
3642,2024-01-01 22:30:00,False,22:30:00,2024-01-01
3643,2024-01-01 22:45:00,False,22:45:00,2024-01-01
3644,2024-01-01 23:00:00,False,23:00:00,2024-01-01
3645,2024-01-01 23:15:00,False,23:15:00,2024-01-01
3646,2024-01-01 23:30:00,False,23:30:00,2024-01-01
3647,2024-01-01 23:45:00,False,23:45:00,2024-01-01
3648,2024-01-02 00:00:00,False,00:00:00,2024-01-02
3649,2024-01-02 00:15:00,False,00:15:00,2024-01-02
3650,2024-01-02 00:30:00,False,00:30:00,2024-01-02
3651,2024-01-02 00:45:00,False,00:45:00,2024-01-02
3652,2024-01-02 01:00:00,False,01:00:00,2024-01-02
3653,2024-01-02 01:15:00,False,01:15:00,2024-01-02
3654,2024-01-02 01:30:00,False,01:30:00,2024-01-02
3655,2024-01-02 01:45:00,False,01:45:00,2024-01-02
3656,2024-01-02 02:00:00,False,02:00:00,2024-01-02
3657,2024-01-02 02:15:00,False,02:15:00,2024-01-02
3658,2024-01-02 02:30:00,False,02:30:00,2024-01-02
3659,2024-01-02 02:45:00,False,02:45:00,2024-01-02
3660,2024-01-02 03:00:00,False,03:00:00,2024-01-02
3661,2024-01-02 03:15:00,False,03:15:00,2024-01-02
3662,2024-01-02 03:30:00,False,03:30:00,2024-01-02
3663,2024-01-02 03:45:00,False,03:45:00,2024-01-02
3664,2024-01-02 04:00:00,False,04:00:00,2024-01-02
3665,2024-01-02 04:15:00,False,04:15:00,2024-01-02
3666,2024-01-02 04:30:00,False,04:30:00,2024-01-02
3667,2024-01-02 04:45:00,False,04:45:00,2024-01-02
3668,2024-01-02 05:00:00,False,05:00:00,2024-01-02
3669,2024-01-02 05:15:00,False,05:15:00,2024-01-02
3670,2024-01-02 05:30:00,False,05:30:00,2024-01-02
3671,2024-01-02 05:45:00,False,05:45:00,2024-01-02
3672,2024-01-02 06:00:00,False,06:00:00,2024-01-02
3673,2024-01-02 06:15:00,False,06:15:00,2024-01-02
3674,2024-01-02 06:30:00,False,06:30:00,2024-01-02
3675,2024-01-02 06:45:00,False,06:45:00,2024-01-02
3676,2024-01-02 07:00:00,False,07:00:00,2024-01-02
3677,2024-01-02 07:15:00,False,07:15:00,2024-01-02
3678,2024-01-02 07:30:00,False,07:30:00,2024-01-02
3679,2024-01-02 07:45:00,False,07:45:00,2024-01-02
3680,2024-01-02 08:00:00,False,08:00:00,2024-01-02
3681,2024-01-02 08:15:00,False,08:15:00,2024-01-02
3682,2024-01-02 08:30:00,False,08:30:00,2024-01-02
3683,2024-01-02 08:45:00,False,08:45:00,2024-01-02
3684,2024-01-02 09:00:00,False,09:00:00,2024-01-02
3685,2024-01-02 09:15:00,True,09:15:00,2024-01-02
3686,2024-01-02 09:30:00,False,09:30:00,2024-01-02
3687,2024-01-02 09:45:00,False,09:45:00,2024-01-02
3688,2024-01-02 10:00:00,False,10:00:00,2024-01-02
3689,2024-01-02 10:15:00,False,10:15:00,2024-01-02
3690,2024-01-02 10:30:00,False,10:30:00,2024-01-02
3691,2024-01-02 10:45:00,False,10:45:00,2024-01-02
3692,2024-01-02 11:00:00,False,11:00:00,2024-01-02
3693,2024-01-02 11:15:00,False,11:15:00,2024-01-02
3694,2024-01-02 11:30:00,False,11:30:00,2024-01-02
3695,2024-01-02 11:45:00,False,11:45:00,2024-01-02
3696,2024-01-02 12:00:00,False,12:00:00,2024-01-02
3697,2024-01-02 12:15:00,False,12:15:00,2024-01-02
3698,2024-01-02 12:30:00,False,12:30:00,2024-01-02
3699,2024-01-02 12:45:00,False,12:45:00,2024-01-02
3700,2024-01-02 13:00:00,False,13:00:00,2024-01-02
3701,2024-01-02 13:15:00,False,13:15:00,2024-01-02
3702,2024-01-02 13:30:00,False,13:30:00,2024-01-02
3703,2024-01-02 13:45:00,False,13:45:00,2024-01-02
3704,2024-01-02 14:00:00,False,14:00:00,2024-01-02
3705,2024-01-02 14:15:00,False,14:15:00,2024-01-02
3706,2024-01-02 14:30:00,False,14:30:00,2024-01-02
3707,2024-01-02 14:45:00,False,14:45:00,2024-01-02
3708,2024-01-02 15:00:00,False,15:00:00,2024-01-02
3709,2024-01-02 15:15:00,False,15:15:00,2024-01-02
3710,2024-01-02 15:30:00,False,15:30:00,2024-01-02
3711,2024-01-02 15:45:00,False,15:45:00,2024-01-02
3712,2024-01-02 16:00:00,False,16:00:00,2024-01-02
3713,2024-01-02 16:15:00,False,16:15:00,2024-01-02
3714,2024-01-02 16:30:00,False,16:30:00,2024-01-02
3715,2024-01-02 16:45:00,False,16:45:00,2024-01-02
3716,2024-01-02 17:00:00,False,17:00:00,2024-01-02
3717,2024-01-02 17:15:00,False,17:15:00,2024-01-02
3718,2024-01-02 17:30:00,False,17:30:00,2024-01-02
3719,2024-01-02 17:45:00,False,17:45:00,2024-01-02
3720,2024-01-02 18:00:00,False,18:00:00,2024-01-02
3721,2024-01-02 18:15:00,False,18:15:00,2024-01-02
3722,2024-01-02 18:30:00,False,18:30:00,2024-01-02
3723,2024-01-02 18:45:00,False,18:45:00,2024-01-02
3724,2024-01-02 19:00:00,False,19:00:00,2024-01-02
3725,2024-01-02 19:15:00,False,19:15:00,2024-01-02
3726,2024-01-02 19:30:00,False,19:30:00,2024-01-02
3727,2024-01-02 19:45:00,False,19:45:00,2024-01-02
3728,2024-01-02 20:00:00,False,20:00:00,2024-01-02
3729,2024-01-02 20:15:00,False,20:15:00,2024-01-02
3730,2024-01-02 20:30:00,False,20:30:00,2024-01-02
3731,2024-01-02 20:45:00,False,20:45:00,2024-01-02
3732,2024-01-02 21:00:00,False,21:00:00,2024-01-02
3733,2024-01-02 21:15:00,False,21:15:00,2024-01-02
3734,2024-01-02 21:30:00,False,21:30:00,2024-01-02
3735,2024-01-02 21:45:00,False,21:45:00,2024-01-02
3736,2024-01-02 22:00:00,False,22:00:00,2024-01-02
3737,2024-01-02 22:15:00,False,22:15:00,2024-01-02
3738,2024-01-02 22:30:00,False,22:30:00,2024-01-02
3739,2024-01-02 22:45:00,False,22:45:00,2024-01-02
3740,2024-01-02 23:00:00,False,23:00:00,2024-01-02
3741,2024-01-02 23:15:00,False,23:15:00,2024-01-02
3742,2024-01-02 23:30:00,False,23:30:00,2024-01-02
3743,2024-01-02 23:45:00,False,23:45:00,2024-01-02
3744,2024-01-03 00:00:00,False,00:00:00,2024-01-03
3745,2024-01-03 00:15:00,False,00:15:00,2024-01-03
3746,2024-01-03 00:30:00,False,00:30:00,2024-01-03
3747,2024-01-03 00:45:00,False,00:45:00,2024-01-03
3748,2024-01-03 01:00:00,False,01:00:00,2024-01-03
3749,2024-01-03 01:15:00,False,01:15:00,2024-01-03
3750,2024-01-03 01:30:00,False,01:30:00,2024-01-03
3751,2024-01-03 01:45:00,False,01:45:00,2024-01-03
3752,2024-01-03 02:00:00,False,02:00:00,2024-01-03
3753,2024-01-03 02:15:00,False,02:15:00,2024-01-03
3754,2024-01-03 02:30:00,False,02:30:00,2024-01-03
3755,2024-01-03 02:45:00,False,02:45:00,2024-01-03
3756,2024-01-03 03:00:00,False,03:00:00,2024-01-03
3757,2024-01-03 03:15:00,False,03:15:00,2024-01-03
3758,2024-01-03 03:30:00,False,03:30:00,2024-01-03
3759,2024-01-03 03:45:00,False,03:45:00,2024-01-03
3760,2024-01-03 04:00:00,False,04:00:00,2024-01-03
3761,2024-01-03 04:15:00,False,04:15:00,2024-01-03
3762,2024-01-03 04:30:00,False,04:30:00,2024-01-03
3763,2024-01-03 04:45:00,False,04:45:00,2024-01-03
3764,2024-01-03 05:00:00,False,05:00:00,2024-01-03
3765,2024-01-03 05:15:00,False,05:15:00,2024-01-03
3766,2024-01-03 05:30:00,False,05:30:00,2024-01-03
3767,2024-01-03 05:45:00,False,05:45:00,2024-01-03
3768,2024-01-03 06:00:00,False,06:00:00,2024-01-03
3769,2024-01-03 06:15:00,False,06:15:00,2024-01-03
3770,2024-01-03 06:30:00,False,06:30:00,2024-01-03
3771,2024-01-03 06:45:00,False,06:45:00,2024-01-03
3772,2024-01-03 07:00:00,False,07:00:00,2024-01-03
3773,2024-01-03 07:15:00,False,07:15:00,2024-01-03
3774,2024-01-03 07:30:00,False,07:30:00,2024-01-03
3775,2024-01-03 07:45:00,False,07:45:00,2024-01-03
3776,2024-01-03 08:00:00,False,08:00:00,2024-01-03
3777,2024-01-03 08:15:00,False,08:15:00,2024-01-03
3778,2024-01-03 08:30:00,False,08:30:00,2024-01-03
3779,2024-01-03 08:45:00,False,08:45:00,2024-01-03
3780,2024-01-03 09:00:00,False,09:00:00,2024-01-03
3781,2024-01-03 09:15:00,False,09:15:00,2024-01-03
3782,2024-01-03 09:30:00,False,09:30:00,2024-01-03
3783,2024-01-03 09:45:00,False,09:45:00,2024-01-03
3784,2024-01-03 10:00:00,False,10:00:00,2024-01-03
3785,2024-01-03 10:15:00,False,10:15:00,2024-01-03
3786,2024-01-03 10:30:00,False,10:30:00,2024-01-03
3787,2024-01-03 10:45:00,False,10:45:00,2024-01-03
3788,2024-01-03 11:00:00,False,11:00:00,2024-01-03
3789,2024-01-03 11:15:00,False,11:15:00,2024-01-03
3790,2024-01-03 11:30:00,False,11:30:00,2024-01-03
3791,2024-01-03 11:45:00,False,11:45:00,2024-01-03
3792,2024-01-03 12:00:00,False,12:00:00,2024-01-03
3793,2024-01-03 12:15:00,False,12:15:00,2024-01-03
3794,2024-01-03 12:30:00,False,12:30:00,2024-01-03
3795,2024-01-03 12:45:00,False,12:45:00,2024-01-03
3796,2024-01-03 13:00:00,False,13:00:00,2024-01-03
3797,2024-01-03 13:15:00,False,13:15:00,2024-01-03
3798,2024-01-03 13:30:00,False,13:30:00,2024-01-03
3799,2024-01-03 13:45:00,False,13:45:00,2024-01-03
3800,2024-01-03 14:00:00,False,14:00:00,2024-01-03
3801,2024-01-03 14:15:00,False,14:15:00,2024-01-03
3802,2024-01-03 14:30:00,False,14:30:00,2024-01-03
3803,2024-01-03 14:45:00,False,14:45:00,2024-01-03
3804,2024-01-03 15:00:00,False,15:00:00,2024-01-03
3805,2024-01-03 15:15:00,False,15:15:00,2024-01-03
3806,2024-01-03 15:30:00,False,15:30:00,2024-01-03
3807,2024-01-03 15:45:00,False,15:45:00,2024-01-03
3808,2024-01-03 16:00:00,False,16:00:00,2024-01-03
3809,2024-01-03 16:15:00,False,16:15:00,2024-01-03
3810,2024-01-03 16:30:00,False,16:30:00,2024-01-03
3811,2024-01-03 16:45:00,False,16:45:00,2024-01-03
3812,2024-01-03 17:00:00,False,17:00:00,2024-01-03
3813,2024-01-03 17:15:00,False,17:15:00,2024-01-03
3814,2024-01-03 17:30:00,False,17:30:00,2024-01-03
3815,2024-01-03 17:45:00,False,17:45:00,2024-01-03
3816,2024-01-03 18:00:00,False,18:00:00,2024-01-03
3817,2024-01-03 18:15:00,False,18:15:00,2024-01-03
3818,2024-01-03 18:30:00,False,18:30:00,2024-01-03
3819,2024-01-03 18:45:00,False,18:45:00,2024-01-03
3820,2024-01-03 19:00:00,False,19:00:00,2024-01-03
3821,2024-01-03 19:15:00,False,19:15:00,2024-01-03
3822,2024-01-03 19:30:00,False,19:30:00,2024-01-03
3823,2024-01-03 19:45:00,False,19:45:00,2024-01-03
3824,2024-01-03 20:00:00,False,20:00:00,2024-01-03
3825,2024-01-03 20:15:00,False,20:15:00,2024-01-03
3826,2024-01-03 20:30:00,False,20:30:00,2024-01-03
3827,2024-01-03 20:45:00,False,20:45:00,2024-01-03
3828,2024-01-03 21:00:00,False,21:00:00,2024-01-03
3829,2024-01-03 21:15:00,False,21:15:00,2024-01-03
3830,2024-01-03 21:30:00,False,21:30:00,2024-01-03
3831,2024-01-03 21:45:00,False,21:45:00,2024-01-03
3832,2024-01-03 22:00:00,False,22:00:00,2024-01-03
3833,2024-01-03 22:15:00,False,22:15:00,2024-01-03
3834,2024-01-03 22:30:00,False,22:30:00,2024-01-03
3835,2024-01-03 22:45:00,False,22:45:00,2024-01-03
3836,2024-01-03 23:00:00,False,23:00:00,2024-01-03
3837,2024-01-03 23:15:00,False,23:15:00,2024-01-03
3838,2024-01-03 23:30:00,False,23:30:00,2024-01-03
3839,2024-01-03 23:45:00,False,23:45:00,2024-01-03
3840,2024-01-04 00:00:00,False,00:00:00,2024-01-04
3841,2024-01-04 00:15:00,False,00:15:00,2024-01-04
3842,2024-01-04 00:30:00,False,00:30:00,2024-01-04
3843,2024-01-04 00:45:00,False,00:45:00,2024-01-04
3844,2024-01-04 01:00:00,False,01:00:00,2024-01-04
3845,2024-01-04 01:15:00,False,01:15:00,2024-01-04
3846,2024-01-04 01:30:00,False,01:30:00,2024-01-04
3847,2024-01-04 01:45:00,False,01:45:00,2024-01-04
3848,2024-01-04 02:00:00,False,02:00:00,2024-01-04
3849,2024-01-04 02:15:00,False,02:15:00,2024-01-04
3850,2024-01-04 02:30:00,False,02:30:00,2024-01-04
3851,2024-01-04 02:45:00,False,02:45:00,2024-01-04
3852,2024-01-04 03:00:00,False,03:00:00,2024-01-04
3853,2024-01-04 03:15:00,False,03:15:00,2024-01-04
3854,2024-01-04 03:30:00,False,03:30:00,2024-01-04
3855,2024-01-04 03:45:00,False,03:45:00,2024-01-04
3856,2024-01-04 04:00:00,False,04:00:00,2024-01-04
3857,2024-01-04 04:15:00,False,04:15:00,2024-01-04
3858,2024-01-04 04:30:00,False,04:30:00,2024-01-04
3859,2024-01-04 04:45:00,False,04:45:00,2024-01-04
3860,2024-01-04 05:00:00,False,05:00:00,2024-01-04
3861,2024-01-04 05:15:00,False,05:15:00,2024-01-04
3862,2024-01-04 05:30:00,False,05:30:00,2024-01-04
3863,2024-01-04 05:45:00,False,05:45:00,2024-01-04
3864,2024-01-04 06:00:00,False,06:00:00,2024-01-04
3865,2024-01-04 06:15:00,False,06:15:00,2024-01-04
3866,2024-01-04 06:30:00,False,06:30:00,2024-01-04
3867,2024-01-04 06:45:00,False,06:45:00,2024-01-04
3868,2024-01-04 07:00:00,False,07:00:00,2024-01-04
3869,2024-01-04 07:15:00,False,07:15:00,2024-01-04
3870,2024-01-04 07:30:00,False,07:30:00,2024-01-04
3871,2024-01-04 07:45:00,False,07:45:00,2024-01-04
3872,2024-01-04 08:00:00,False,08:00:00,2024-01-04
3873,2024-01-04 08:15:00,False,08:15:00,2024-01-04
3874,2024-01-04 08:30:00,False,08:30:00,2024-01-04
3875,2024-01-04 08:45:00,False,08:45:00,2024-01-04
3876,2024-01-04 09:00:00,False,09:00:00,2024-01-04
3877,2024-01-04 09:15:00,False,09:15:00,2024-01-04
3878,2024-01-04 09:30:00,False,09:30:00,2024-01-04
3879,2024-01-04 09:45:00,False,09:45:00,2024-01-04
3880,2024-01-04 10:00:00,False,10:00:00,2024-01-04
3881,2024-01-04 10:15:00,False,10:15:00,2024-01-04
3882,2024-01-04 10:30:00,False,10:30:00,2024-01-04
3883,2024-01-04 10:45:00,False,10:45:00,2024-01-04
3884,2024-01-04 11:00:00,False,11:00:00,2024-01-04
3885,2024-01-04 11:15:00,False,11:15:00,2024-01-04
3886,2024-01-04 11:30:00,False,11:30:00,2024-01-04
3887,2024-01-04 11:45:00,False,11:45:00,2024-01-04
3888,2024-01-04 12:00:00,False,12:00:00,2024-01-04
3889,2024-01-04 12:15:00,False,12:15:00,2024-01-04
3890,2024-01-04 12:30:00,False,12:30:00,2024-01-04
3891,2024-01-04 12:45:00,False,12:45:00,2024-01-04
3892,2024-01-04 13:00:00,False,13:00:00,2024-01-04
3893,2024-01-04 13:15:00,False,13:15:00,2024-01-04
3894,2024-01-04 13:30:00,False,13:30:00,2024-01-04
3895,2024-01-04 13:45:00,False,13:45:00,2024-01-04
3896,2024-01-04 14:00:00,False,14:00:00,2024-01-04
3897,2024-01-04 14:15:00,False,14:15:00,2024-01-04
3898,2024-01-04 14:30:00,False,14:30:00,2024-01-04
3899,2024-01-04 14:45:00,False,14:45:00,2024-01-04
3900,2024-01-04 15:00:00,True,15:00:00,2024-01-04
3901,2024-01-04 15:15:00,True,15:15:00,2024-01-04
3902,2024-01-04 15:30:00,True,15:30:00,2024-01-04
3903,2024-01-04 15:45:00,True,15:45:00,2024-01-04
3904,2024-01-04 16:00:00,True,16:00:00,2024-01-04
3905,2024-01-04 16:15:00,True,16:15:00,2024-01-04
3906,2024-01-04 16:30:00,True,16:30:00,2024-01-04
3907,2024-01-04 16:45:00,True,16:45:00,2024-01-04
3908,2024-01-04 17:00:00,True,17:00:00,2024-01-04
3909,2024-01-04 17:15:00,True,17:15:00,2024-01-04
3910,2024-01-04 17:30:00,True,17:30:00,2024-01-04
3911,2024-01-04 17:45:00,True,17:45:00,2024-01-04
3912,2024-01-04 18:00:00,True,18:00:00,2024-01-04
3913,2024-01-04 18:15:00,True,18:15:00,2024-01-04
3914,2024-01-04 18:30:00,True,18:30:00,2024-01-04
3915,2024-01-04 18:45:00,True,18:45:00,2024-01-04
3916,2024-01-04 19:00:00,True,19:00:00,2024-01-04
3917,2024-01-04 19:15:00,True,19:15:00,2024-01-04
3918,2024-01-04 19:30:00,True,19:30:00,2024-01-04
3919,2024-01-04 19:45:00,True,19:45:00,2024-01-04
3920,2024-01-04 20:00:00,True,20:00:00,2024-01-04
3921,2024-01-04 20:15:00,True,20:15:00,2024-01-04
3922,2024-01-04 20:30:00,True,20:30:00,2024-01-04
3923,2024-01-04 20:45:00,True,20:45:00,2024-01-04
3924,2024-01-04 21:00:00,True,21:00:00,2024-01-04
3925,2024-01-04 21:15:00,True,21:15:00,2024-01-04
3926,2024-01-04 21:30:00,True,21:30:00,2024-01-04
3927,2024-01-04 21:45:00,True,21:45:00,2024-01-04
3928,2024-01-04 22:00:00,True,22:00:00,2024-01-04
3929,2024-01-04 22:15:00,True,22:15:00,2024-01-04
3930,2024-01-04 22:30:00,True,22:30:00,2024-01-04
3931,2024-01-04 22:45:00,True,22:45:00,2024-01-04
3932,2024-01-04 23:00:00,True,23:00:00,2024-01-04
3933,2024-01-04 23:15:00,True,23:15:00,2024-01-04
3934,2024-01-04 23:30:00,True,23:30:00,2024-01-04
3935,2024-01-04 23:45:00,True,23:45:00,2024-01-04
3936,2024-01-05 00:00:00,True,00:00:00,2024-01-05
3937,2024-01-05 00:15:00,True,00:15:00,2024-01-05
3938,2024-01-05 00:30:00,True,00:30:00,2024-01-05
3939,2024-01-05 00:45:00,True,00:45:00,2024-01-05
3940,2024-01-05 01:00:00,True,01:00:00,2024-01-05
3941,2024-01-05 01:15:00,True,01:15:00,2024-01-05
3942,2024-01-05 01:30:00,True,01:30:00,2024-01-05
3943,2024-01-05 01:45:00,True,01:45:00,2024-01-05
3944,2024-01-05 02:00:00,True,02:00:00,2024-01-05
3945,2024-01-05 02:15:00,True,02:15:00,2024-01-05
3946,2024-01-05 02:30:00,True,02:30:00,2024-01-05
3947,2024-01-05 02:45:00,True,02:45:00,2024-01-05
3948,2024-01-05 03:00:00,True,03:00:00,2024-01-05
3949,2024-01-05 03:15:00,True,03:15:00,2024-01-05
3950,2024-01-05 03:30:00,True,03:30:00,2024-01-05
3951,2024-01-05 03:45:00,True,03:45:00,2024-01-05
3952,2024-01-05 04:00:00,True,04:00:00,2024-01-05
3953,2024-01-05 04:15:00,True,04:15:00,2024-01-05
3954,2024-01-05 04:30:00,True,04:30:00,2024-01-05
3955,2024-01-05 04:45:00,True,04:45:00,2024-01-05
3956,2024-01-05 05:00:00,True,05:00:00,2024-01-05
3957,2024-01-05 05:15:00,True,05:15:00,2024-01-05
3958,2024-01-05 05:30:00,True,05:30:00,2024-01-05
3959,2024-01-05 05:45:00,True,05:45:00,2024-01-05
3960,2024-01-05 06:00:00,True,06:00:00,2024-01-05
3961,2024-01-05 06:15:00,True,06:15:00,2024-01-05
3962,2024-01-05 06:30:00,True,06:30:00,2024-01-05
3963,2024-01-05 06:45:00,True,06:45:00,2024-01-05
3964,2024-01-05 07:00:00,True,07:00:00,2024-01-05
3965,2024-01-05 07:15:00,True,07:15:00,2024-01-05
3966,2024-01-05 07:30:00,True,07:30:00,2024-01-05
3967,2024-01-05 07:45:00,True,07:45:00,2024-01-05
3968,2024-01-05 08:00:00,True,08:00:00,2024-01-05
3969,2024-01-05 08:15:00,True,08:15:00,2024-01-05
3970,2024-01-05 08:30:00,True,08:30:00,2024-01-05
3971,2024-01-05 08:45:00,True,08:45:00,2024-01-05
3972,2024-01-05 09:00:00,True,09:00:00,2024-01-05
3973,2024-01-05 09:15:00,True,09:15:00,2024-01-05
3974,2024-01-05 09:30:00,True,09:30:00,2024-01-05
3975,2024-01-05 09:45:00,True,09:45:00,2024-01-05
3976,2024-01-05 10:00:00,True,10:00:00,2024-01-05
3977,2024-01-05 10:15:00,True,10:15:00,2024-01-05
3978,2024-01-05 10:30:00,True,10:30:00,2024-01-05
3979,2024-01-05 10:45:00,True,10:45:00,2024-01-05
3980,2024-01-05 11:00:00,True,11:00:00,2024-01-05
3981,2024-01-05 11:15:00,True,11:15:00,2024-01-05
3982,2024-01-05 11:30:00,True,11:30:00,2024-01-05
3983,2024-01-05 11:45:00,True,11:45:00,2024-01-05
3984,2024-01-05 12:00:00,True,12:00:00,2024-01-05
3985,2024-01-05 12:15:00,True,12:15:00,2024-01-05
3986,2024-01-05 12:30:00,True,12:30:00,2024-01-05
3987,2024-01-05 12:45:00,True,12:45:00,2024-01-05
3988,2024-01-05 13:00:00,True,13:00:00,2024-01-05
3989,2024-01-05 13:15:00,True,13:15:00,2024-01-05
3990,2024-01-05 13:30:00,True,13:30:00,2024-01-05
3991,2024-01-05 13:45:00,True,13:45:00,2024-01-05
3992,2024-01-05 14:00:00,True,14:00:00,2024-01-05
3993,2024-01-05 14:15:00,True,14:15:00,2024-01-05
3994,2024-01-05 14:30:00,True,14:30:00,2024-01-05
3995,2024-01-05 14:45:00,True,14:45:00,2024-01-05
3996,2024-01-05 15:00:00,True,15:00:00,2024-01-05
3997,2024-01-05 15:15:00,True,15:15:00,2024-01-05
3998,2024-01-05 15:30:00,True,15:30:00,2024-01-05
3999,2024-01-05 15:45:00,True,15:45:00,2024-01-05
4000,2024-01-05 16:00:00,True,16:00:00,2024-01-05
4001,2024-01-05 16:15:00,True,16:15:00,2024-01-05
4002,2024-01-05 16:30:00,True,16:30:00,2024-01-05
4003,2024-01-05 16:45:00,True,16:45:00,2024-01-05
4004,2024-01-05 17:00:00,True,17:00:00,2024-01-05
4005,2024-01-05 17:15:00,True,17:15:00,2024-01-05
4006,2024-01-05 17:30:00,True,17:30:00,2024-01-05
4007,2024-01-05 17:45:00,True,17:45:00,2024-01-05
4008,2024-01-05 18:00:00,True,18:00:00,2024-01-05
4009,2024-01-05 18:15:00,True,18:15:00,2024-01-05
4010,2024-01-05 18:30:00,True,18:30:00,2024-01-05
4011,2024-01-05 18:45:00,True,18:45:00,2024-01-05
4012,2024-01-05 19:00:00,True,19:00:00,2024-01-05
4013,2024-01-05 19:15:00,True,19:15:00,2024-01-05
4014,2024-01-05 19:30:00,True,19:30:00,2024-01-05
4015,2024-01-05 19:45:00,True,19:45:00,2024-01-05
4016,2024-01-05 20:00:00,True,20:00:00,2024-01-05
4017,2024-01-05 20:15:00,True,20:15:00,2024-01-05
4018,2024-01-05 20:30:00,True,20:30:00,2024-01-05
4019,2024-01-05 20:45:00,True,20:45:00,2024-01-05
4020,2024-01-05 21:00:00,True,21:00:00,2024-01-05
4021,2024-01-05 21:15:00,True,21:15:00,2024-01-05
4022,2024-01-05 21:30:00,True,21:30:00,2024-01-05
4023,2024-01-05 21:45:00,True,21:45:00,2024-01-05
4024,2024-01-05 22:00:00,False,22:00:00,2024-01-05
4025,2024-01-05 22:15:00,False,22:15:00,2024-01-05
4026,2024-01-05 22:30:00,False,22:30:00,2024-01-05
4027,2024-01-05 22:45:00,False,22:45:00,2024-01-05
4028,2024-01-05 23:00:00,False,23:00:00,2024-01-05
4029,2024-01-05 23:15:00,False,23:15:00,2024-01-05
4030,2024-01-05 23:30:00,False,23:30:00,2024-01-05
4031,2024-01-05 23:45:00,False,23:45:00,2024-01-05
4032,2024-01-06 00:00:00,False,00:00:00,2024-01-06
4033,2024-01-06 00:15:00,False,00:15:00,2024-01-06
4034,2024-01-06 00:30:00,False,00:30:00,2024-01-06
4035,2024-01-06 00:45:00,False,00:45:00,2024-01-06
4036,2024-01-06 01:00:00,False,01:00:00,2024-01-06
4037,2024-01-06 01:15:00,False,01:15:00,2024-01-06
4038,2024-01-06 01:30:00,False,01:30:00,2024-01-06
4039,2024-01-06 01:45:00,False,01:45:00,2024-01-06
4040,2024-01-06 02:00:00,False,02:00:00,2024-01-06
4041,2024-01-06 02:15:00,False,02:15:00,2024-01-06
4042,2024-01-06 02:30:00,False,02:30:00,2024-01-06
4043,2024-01-06 02:45:00,False,02:45:00,2024-01-06
4044,2024-01-06 03:00:00,False,03:00:00,2024-01-06
4045,2024-01-06 03:15:00,False,03:15:00,2024-01-06
4046,2024-01-06 03:30:00,False,03:30:00,2024-01-06
4047,2024-01-06 03:45:00,False,03:45:00,2024-01-06
4048,2024-01-06 04:00:00,False,04:00:00,2024-01-06
4049,2024-01-06 04:15:00,False,04:15:00,2024-01-06
4050,2024-01-06 04:30:00,False,04:30:00,2024-01-06
4051,2024-01-06 04:45:00,False,04:45:00,2024-01-06
4052,2024-01-06 05:00:00,False,05:00:00,2024-01-06
4053,2024-01-06 05:15:00,False,05:15:00,2024-01-06
4054,2024-01-06 05:30:00,False,05:30:00,2024-01-06
4055,2024-01-06 05:45:00,False,05:45:00,2024-01-06
4056,2024-01-06 06:00:00,False,06:00:00,2024-01-06
4057,2024-01-06 06:15:00,False,06:15:00,2024-01-06
4058,2024-01-06 06:30:00,False,06:30:00,2024-01-06
4059,2024-01-06 06:45:00,False,06:45:00,2024-01-06
4060,2024-01-06 07:00:00,False,07:00:00,2024-01-06
4061,2024-01-06 07:15:00,False,07:15:00,2024-01-06
4062,2024-01-06 07:30:00,False,07:30:00,2024-01-06
4063,2024-01-06 07:45:00,False,07:45:00,2024-01-06
4064,2024-01-06 08:00:00,False,08:00:00,2024-01-06
4065,2024-01-06 08:15:00,False,08:15:00,2024-01-06
4066,2024-01-06 08:30:00,False,08:30:00,2024-01-06
4067,2024-01-06 08:45:00,False,08:45:00,2024-01-06
4068,2024-01-06 09:00:00,False,09:00:00,2024-01-06
4069,2024-01-06 09:15:00,False,09:15:00,2024-01-06
4070,2024-01-06 09:30:00,False,09:30:00,2024-01-06
4071,2024-01-06 09:45:00,False,09:45:00,2024-01-06
4072,2024-01-06 10:00:00,False,10:00:00,2024-01-06
4073,2024-01-06 10:15:00,False,10:15:00,2024-01-06
4074,2024-01-06 10:30:00,False,10:30:00,2024-01-06
4075,2024-01-06 10:45:00,False,10:45:00,2024-01-06
4076,2024-01-06 11:00:00,False,11:00:00,2024-01-06
4077,2024-01-06 11:15:00,False,11:15:00,2024-01-06
4078,2024-01-06 11:30:00,False,11:30:00,2024-01-06
4079,2024-01-06 11:45:00,False,11:45:00,2024-01-06
4080,2024-01-06 12:00:00,False,12:00:00,2024-01-06
4081,2024-01-06 12:15:00,False,12:15:00,2024-01-06
4082,2024-01-06 12:30:00,False,12:30:00,2024-01-06
4083,2024-01-06 12:45:00,False,12:45:00,2024-01-06
4084,2024-01-06 13:00:00,False,13:00:00,2024-01-06
4085,2024-01-06 13:15:00,False,13:15:00,2024-01-06
4086,2024-01-06 13:30:00,False,13:30:00,2024-01-06
4087,2024-01-06 13:45:00,False,13:45:00,2024-01-06
4088,2024-01-06 14:00:00,False,14:00:00,2024-01-06
4089,2024-01-06 14:15:00,False,14:15:00,2024-01-06
4090,2024-01-06 14:30:00,False,14:30:00,2024-01-06
4091,2024-01-06 14:45:00,False,14:45:00,2024-01-06
4092,2024-01-06 15:00:00,False,15:00:00,2024-01-06
4093,2024-01-06 15:15:00,False,15:15:00,2024-01-06
4094,2024-01-06 15:30:00,False,15:30:00,2024-01-06
4095,2024-01-06 15:45:00,False,15:45:00,2024-01-06
4096,2024-01-06 16:00:00,False,16:00:00,2024-01-06
4097,2024-01-06 16:15:00,False,16:15:00,2024-01-06
4098,2024-01-06 16:30:00,False,16:30:00,2024-01-06
4099,2024-01-06 16:45:00,False,16:45:00,2024-01-06
4100,2024-01-06 17:00:00,False,17:00:00,2024-01-06
4101,2024-01-06 17:15:00,False,17:15:00,2024-01-06
4102,2024-01-06 17:30:00,False,17:30:00,2024-01-06
4103,2024-01-06 17:45:00,False,17:45:00,2024-01-06
4104,2024-01-06 18:00:00,False,18:00:00,2024-01-06
4105,2024-01-06 18:15:00,False,18:15:00,2024-01-06
4106,2024-01-06 18:30:00,False,18:30:00,2024-01-06
4107,2024-01-06 18:45:00,False,18:45:00,2024-01-06
4108,2024-01-06 19:00:00,False,19:00:00,2024-01-06
4109,2024-01-06 19:15:00,False,19:15:00,2024-01-06
4110,2024-01-06 19:30:00,False,19:30:00,2024-01-06
4111,2024-01-06 19:45:00,False,19:45:00,2024-01-06
4112,2024-01-06 20:00:00,False,20:00:00,2024-01-06
4113,2024-01-06 20:15:00,False,20:15:00,2024-01-06
4114,2024-01-06 20:30:00,False,20:30:00,2024-01-06
4115,2024-01-06 20:45:00,False,20:45:00,2024-01-06
4116,2024-01-06 21:00:00,False,21:00:00,2024-01-06
4117,2024-01-06 21:15:00,False,21:15:00,2024-01-06
4118,2024-01-06 21:30:00,False,21:30:00,2024-01-06
4119,2024-01-06 21:45:00,False,21:45:00,2024-01-06
4120,2024-01-06 22:00:00,False,22:00:00,2024-01-06
4121,2024-01-06 22:15:00,False,22:15:00,2024-01-06
4122,2024-01-06 22:30:00,False,22:30:00,2024-01-06
4123,2024-01-06 22:45:00,False,22:45:00,2024-01-06
4124,2024-01-06 23:00:00,False,23:00:00,2024-01-06
4125,2024-01-06 23:15:00,False,23:15:00,2024-01-06
4126,2024-01-06 23:30:00,False,23:30:00,2024-01-06
4127,2024-01-06 23:45:00,False,23:45:00,2024-01-06
4128,2024-01-07 00:00:00,False,00:00:00,2024-01-07
4129,2024-01-07 00:15:00,False,00:15:00,2024-01-07
4130,2024-01-07 00:30:00,False,00:30:00,2024-01-07
4131,2024-01-07 00:45:00,False,00:45:00,2024-01-07
4132,2024-01-07 01:00:00,False,01:00:00,2024-01-07
4133,2024-01-07 01:15:00,False,01:15:00,2024-01-07
4134,2024-01-07 01:30:00,False,01:30:00,2024-01-07
4135,2024-01-07 01:45:00,False,01:45:00,2024-01-07
4136,2024-01-07 02:00:00,False,02:00:00,2024-01-07
4137,2024-01-07 02:15:00,False,02:15:00,2024-01-07
4138,2024-01-07 02:30:00,False,02:30:00,2024-01-07
4139,2024-01-07 02:45:00,False,02:45:00,2024-01-07
4140,2024-01-07 03:00:00,False,03:00:00,2024-01-07
4141,2024-01-07 03:15:00,False,03:15:00,2024-01-07
4142,2024-01-07 03:30:00,False,03:30:00,2024-01-07
4143,2024-01-07 03:45:00,False,03:45:00,2024-01-07
4144,2024-01-07 04:00:00,False,04:00:00,2024-01-07
4145,2024-01-07 04:15:00,False,04:15:00,2024-01-07
4146,2024-01-07 04:30:00,False,04:30:00,2024-01-07
4147,2024-01-07 04:45:00,False,04:45:00,2024-01-07
4148,2024-01-07 05:00:00,False,05:00:00,2024-01-07
4149,2024-01-07 05:15:00,False,05:15:00,2024-01-07
4150,2024-01-07 05:30:00,False,05:30:00,2024-01-07
4151,2024-01-07 05:45:00,False,05:45:00,2024-01-07
4152,2024-01-07 06:00:00,False,06:00:00,2024-01-07
4153,2024-01-07 06:15:00,False,06:15:00,2024-01-07
4154,2024-01-07 06:30:00,False,06:30:00,2024-01-07
4155,2024-01-07 06:45:00,False,06:45:00,2024-01-07
4156,2024-01-07 07:00:00,False,07:00:00,2024-01-07
4157,2024-01-07 07:15:00,False,07:15:00,2024-01-07
4158,2024-01-07 07:30:00,False,07:30:00,2024-01-07
4159,2024-01-07 07:45:00,False,07:45:00,2024-01-07
4160,2024-01-07 08:00:00,False,08:00:00,2024-01-07
4161,2024-01-07 08:15:00,False,08:15:00,2024-01-07
4162,2024-01-07 08:30:00,False,08:30:00,2024-01-07
4163,2024-01-07 08:45:00,False,08:45:00,2024-01-07
4164,2024-01-07 09:00:00,False,09:00:00,2024-01-07
4165,2024-01-07 09:15:00,False,09:15:00,2024-01-07
4166,2024-01-07 09:30:00,False,09:30:00,2024-01-07
4167,2024-01-07 09:45:00,False,09:45:00,2024-01-07
4168,2024-01-07 10:00:00,False,10:00:00,2024-01-07
4169,2024-01-07 10:15:00,False,10:15:00,2024-01-07
4170,2024-01-07 10:30:00,False,10:30:00,2024-01-07
4171,2024-01-07 10:45:00,False,10:45:00,2024-01-07
4172,2024-01-07 11:00:00,False,11:00:00,2024-01-07
4173,2024-01-07 11:15:00,False,11:15:00,2024-01-07
4174,2024-01-07 11:30:00,False,11:30:00,2024-01-07
4175,2024-01-07 11:45:00,False,11:45:00,2024-01-07
4176,2024-01-07 12:00:00,False,12:00:00,2024-01-07
4177,2024-01-07 12:15:00,False,12:15:00,2024-01-07
4178,2024-01-07 12:30:00,False,12:30:00,2024-01-07
4179,2024-01-07 12:45:00,False,12:45:00,2024-01-07
4180,2024-01-07 13:00:00,False,13:00:00,2024-01-07
4181,2024-01-07 13:15:00,False,13:15:00,2024-01-07
4182,2024-01-07 13:30:00,False,13:30:00,2024-01-07
4183,2024-01-07 13:45:00,False,13:45:00,2024-01-07
4184,2024-01-07 14:00:00,False,14:00:00,2024-01-07
4185,2024-01-07 14:15:00,False,14:15:00,2024-01-07
4186,2024-01-07 14:30:00,False,14:30:00,2024-01-07
4187,2024-01-07 14:45:00,False,14:45:00,2024-01-07
4188,2024-01-07 15:00:00,False,15:00:00,2024-01-07
4189,2024-01-07 15:15:00,False,15:15:00,2024-01-07
4190,2024-01-07 15:30:00,False,15:30:00,2024-01-07
4191,2024-01-07 15:45:00,False,15:45:00,2024-01-07
4192,2024-01-07 16:00:00,False,16:00:00,2024-01-07
4193,2024-01-07 16:15:00,False,16:15:00,2024-01-07
4194,2024-01-07 16:30:00,False,16:30:00,2024-01-07
4195,2024-01-07 16:45:00,False,16:45:00,2024-01-07
4196,2024-01-07 17:00:00,False,17:00:00,2024-01-07
4197,2024-01-07 17:15:00,False,17:15:00,2024-01-07
4198,2024-01-07 17:30:00,False,17:30:00,2024-01-07
4199,2024-01-07 17:45:00,False,17:45:00,2024-01-07
4200,2024-01-07 18:00:00,False,18:00:00,2024-01-07
4201,2024-01-07 18:15:00,False,18:15:00,2024-01-07
4202,2024-01-07 18:30:00,False,18:30:00,2024-01-07
4203,2024-01-07 18:45:00,False,18:45:00,2024-01-07
4204,2024-01-07 19:00:00,True,19:00:00,2024-01-07
4205,2024-01-07 19:15:00,True,19:15:00,2024-01-07
4206,2024-01-07 19:30:00,True,19:30:00,2024-01-07
4207,2024-01-07 19:45:00,True,19:45:00,2024-01-07
4208,2024-01-07 20:00:00,True,20:00:00,2024-01-07
4209,2024-01-07 20:15:00,False,20:15:00,2024-01-07
4210,2024-01-07 20:30:00,False,20:30:00,2024-01-07
4211,2024-01-07 20:45:00,False,20:45:00,2024-01-07
4212,2024-01-07 21:00:00,False,21:00:00,2024-01-07
4213,2024-01-07 21:15:00,False,21:15:00,2024-01-07
4214,2024-01-07 21:30:00,False,21:30:00,2024-01-07
4215,2024-01-07 21:45:00,False,21:45:00,2024-01-07
4216,2024-01-07 22:00:00,False,22:00:00,2024-01-07
4217,2024-01-07 22:15:00,False,22:15:00,2024-01-07
4218,2024-01-07 22:30:00,False,22:30:00,2024-01-07
4219,2024-01-07 22:45:00,False,22:45:00,2024-01-07
4220,2024-01-07 23:00:00,False,23:00:00,2024-01-07
4221,2024-01-07 23:15:00,False,23:15:00,2024-01-07
4222,2024-01-07 23:30:00,False,23:30:00,2024-01-07
4223,2024-01-07 23:45:00,False,23:45:00,2024-01-07
4224,2024-01-08 00:00:00,False,00:00:00,2024-01-08
4225,2024-01-08 00:15:00,False,00:15:00,2024-01-08
4226,2024-01-08 00:30:00,False,00:30:00,2024-01-08
4227,2024-01-08 00:45:00,False,00:45:00,2024-01-08
4228,2024-01-08 01:00:00,False,01:00:00,2024-01-08
4229,2024-01-08 01:15:00,False,01:15:00,2024-01-08
4230,2024-01-08 01:30:00,False,01:30:00,2024-01-08
4231,2024-01-08 01:45:00,False,01:45:00,2024-01-08
4232,2024-01-08 02:00:00,False,02:00:00,2024-01-08
4233,2024-01-08 02:15:00,False,02:15:00,2024-01-08
4234,2024-01-08 02:30:00,False,02:30:00,2024-01-08
4235,2024-01-08 02:45:00,False,02:45:00,2024-01-08
4236,2024-01-08 03:00:00,False,03:00:00,2024-01-08
4237,2024-01-08 03:15:00,False,03:15:00,2024-01-08
4238,2024-01-08 03:30:00,False,03:30:00,2024-01-08
4239,2024-01-08 03:45:00,False,03:45:00,2024-01-08
4240,2024-01-08 04:00:00,False,04:00:00,2024-01-08
4241,2024-01-08 04:15:00,False,04:15:00,2024-01-08
4242,2024-01-08 04:30:00,False,04:30:00,2024-01-08
4243,2024-01-08 04:45:00,False,04:45:00,2024-01-08
4244,2024-01-08 05:00:00,False,05:00:00,2024-01-08
4245,2024-01-08 05:15:00,False,05:15:00,2024-01-08
4246,2024-01-08 05:30:00,False,05:30:00,2024-01-08
4247,2024-01-08 05:45:00,False,05:45:00,2024-01-08
4248,2024-01-08 06:00:00,False,06:00:00,2024-01-08
4249,2024-01-08 06:15:00,False,06:15:00,2024-01-08
4250,2024-01-08 06:30:00,False,06:30:00,2024-01-08
4251,2024-01-08 06:45:00,False,06:45:00,2024-01-08
4252,2024-01-08 07:00:00,False,07:00:00,2024-01-08
4253,2024-01-08 07:15:00,False,07:15:00,2024-01-08
4254,2024-01-08 07:30:00,False,07:30:00,2024-01-08
4255,2024-01-08 07:45:00,False,07:45:00,2024-01-08
4256,2024-01-08 08:00:00,False,08:00:00,2024-01-08
4257,2024-01-08 08:15:00,False,08:15:00,2024-01-08
4258,2024-01-08 08:30:00,False,08:30:00,2024-01-08
4259,2024-01-08 08:45:00,False,08:45:00,2024-01-08
4260,2024-01-08 09:00:00,False,09:00:00,2024-01-08
4261,2024-01-08 09:15:00,False,09:15:00,2024-01-08
4262,2024-01-08 09:30:00,False,09:30:00,2024-01-08
4263,2024-01-08 09:45:00,False,09:45:00,2024-01-08
4264,2024-01-08 10:00:00,False,10:00:00,2024-01-08
4265,2024-01-08 10:15:00,False,10:15:00,2024-01-08
4266,2024-01-08 10:30:00,False,10:30:00,2024-01-08
4267,2024-01-08 10:45:00,False,10:45:00,2024-01-08
4268,2024-01-08 11:00:00,False,11:00:00,2024-01-08
4269,2024-01-08 11:15:00,False,11:15:00,2024-01-08
4270,2024-01-08 11:30:00,False,11:30:00,2024-01-08
4271,2024-01-08 11:45:00,False,11:45:00,2024-01-08
4272,2024-01-08 12:00:00,False,12:00:00,2024-01-08
4273,2024-01-08 12:15:00,False,12:15:00,2024-01-08
4274,2024-01-08 12:30:00,False,12:30:00,2024-01-08
4275,2024-01-08 12:45:00,False,12:45:00,2024-01-08
4276,2024-01-08 13:00:00,False,13:00:00,2024-01-08
4277,2024-01-08 13:15:00,False,13:15:00,2024-01-08
4278,2024-01-08 13:30:00,False,13:30:00,2024-01-08
4279,2024-01-08 13:45:00,False,13:45:00,2024-01-08
4280,2024-01-08 14:00:00,False,14:00:00,2024-01-08
4281,2024-01-08 14:15:00,False,14:15:00,2024-01-08
4282,2024-01-08 14:30:00,False,14:30:00,2024-01-08
4283,2024-01-08 14:45:00,False,14:45:00,2024-01-08
4284,2024-01-08 15:00:00,False,15:00:00,2024-01-08
4285,2024-01-08 15:15:00,False,15:15:00,2024-01-08
4286,2024-01-08 15:30:00,False,15:30:00,2024-01-08
4287,2024-01-08 15:45:00,False,15:45:00,2024-01-08
4288,2024-01-08 16:00:00,False,16:00:00,2024-01-08
4289,2024-01-08 16:15:00,False,16:15:00,2024-01-08
4290,2024-01-08 16:30:00,False,16:30:00,2024-01-08
4291,2024-01-08 16:45:00,False,16:45:00,2024-01-08
4292,2024-01-08 17:00:00,False,17:00:00,2024-01-08
4293,2024-01-08 17:15:00,False,17:15:00,2024-01-08
4294,2024-01-08 17:30:00,False,17:30:00,2024-01-08
4295,2024-01-08 17:45:00,False,17:45:00,2024-01-08
4296,2024-01-08 18:00:00,False,18:00:00,2024-01-08
4297,2024-01-08 18:15:00,False,18:15:00,2024-01-08
4298,2024-01-08 18:30:00,False,18:30:00,2024-01-08
4299,2024-01-08 18:45:00,False,18:45:00,2024-01-08
4300,2024-01-08 19:00:00,False,19:00:00,2024-01-08
4301,2024-01-08 19:15:00,False,19:15:00,2024-01-08
4302,2024-01-08 19:30:00,False,19:30:00,2024-01-08
4303,2024-01-08 19:45:00,False,19:45:00,2024-01-08
4304,2024-01-08 20:00:00,False,20:00:00,2024-01-08
4305,2024-01-08 20:15:00,False,20:15:00,2024-01-08
4306,2024-01-08 20:30:00,False,20:30:00,2024-01-08
4307,2024-01-08 20:45:00,False,20:45:00,2024-01-08
4308,2024-01-08 21:00:00,False,21:00:00,2024-01-08
4309,2024-01-08 21:15:00,False,21:15:00,2024-01-08
4310,2024-01-08 21:30:00,False,21:30:00,2024-01-08
4311,2024-01-08 21:45:00,False,21:45:00,2024-01-08
4312,2024-01-08 22:00:00,False,22:00:00,2024-01-08
4313,2024-01-08 22:15:00,False,22:15:00,2024-01-08
4314,2024-01-08 22:30:00,False,22:30:00,2024-01-08
4315,2024-01-08 22:45:00,False,22:45:00,2024-01-08
4316,2024-01-08 23:00:00,False,23:00:00,2024-01-08
4317,2024-01-08 23:15:00,False,23:15:00,2024-01-08
4318,2024-01-08 23:30:00,False,23:30:00,2024-01-08
4319,2024-01-08 23:45:00,False,23:45:00,2024-01-08
4320,2024-01-09 00:00:00,False,00:00:00,2024-01-09
4321,2024-01-09 00:15:00,False,00:15:00,2024-01-09
4322,2024-01-09 00:30:00,False,00:30:00,2024-01-09
4323,2024-01-09 00:45:00,False,00:45:00,2024-01-09
4324,2024-01-09 01:00:00,False,01:00:00,2024-01-09
4325,2024-01-09 01:15:00,False,01:15:00,2024-01-09
4326,2024-01-09 01:30:00,False,01:30:00,2024-01-09
4327,2024-01-09 01:45:00,False,01:45:00,2024-01-09
4328,2024-01-09 02:00:00,False,02:00:00,2024-01-09
4329,2024-01-09 02:15:00,False,02:15:00,2024-01-09
4330,2024-01-09 02:30:00,False,02:30:00,2024-01-09
4331,2024-01-09 02:45:00,False,02:45:00,2024-01-09
4332,2024-01-09 03:00:00,False,03:00:00,2024-01-09
4333,2024-01-09 03:15:00,False,03:15:00,2024-01-09
4334,2024-01-09 03:30:00,False,03:30:00,2024-01-09
4335,2024-01-09 03:45:00,False,03:45:00,2024-01-09
4336,2024-01-09 04:00:00,False,04:00:00,2024-01-09
4337,2024-01-09 04:15:00,False,04:15:00,2024-01-09
4338,2024-01-09 04:30:00,False,04:30:00,2024-01-09
4339,2024-01-09 04:45:00,False,04:45:00,2024-01-09
4340,2024-01-09 05:00:00,False,05:00:00,2024-01-09
4341,2024-01-09 05:15:00,False,05:15:00,2024-01-09
4342,2024-01-09 05:30:00,False,05:30:00,2024-01-09
4343,2024-01-09 05:45:00,False,05:45:00,2024-01-09
4344,2024-01-09 06:00:00,False,06:00:00,2024-01-09
4345,2024-01-09 06:15:00,False,06:15:00,2024-01-09
4346,2024-01-09 06:30:00,False,06:30:00,2024-01-09
4347,2024-01-09 06:45:00,False,06:45:00,2024-01-09
4348,2024-01-09 07:00:00,False,07:00:00,2024-01-09
4349,2024-01-09 07:15:00,False,07:15:00,2024-01-09
4350,2024-01-09 07:30:00,False,07:30:00,2024-01-09
4351,2024-01-09 07:45:00,False,07:45:00,2024-01-09
4352,2024-01-09 08:00:00,False,08:00:00,2024-01-09
4353,2024-01-09 08:15:00,True,08:15:00,2024-01-09
4354,2024-01-09 08:30:00,True,08:30:00,2024-01-09
4355,2024-01-09 08:45:00,False,08:45:00,2024-01-09
4356,2024-01-09 09:00:00,False,09:00:00,2024-01-09
4357,2024-01-09 09:15:00,False,09:15:00,2024-01-09
4358,2024-01-09 09:30:00,False,09:30:00,2024-01-09
4359,2024-01-09 09:45:00,False,09:45:00,2024-01-09
4360,2024-01-09 10:00:00,False,10:00:00,2024-01-09
4361,2024-01-09 10:15:00,False,10:15:00,2024-01-09
4362,2024-01-09 10:30:00,False,10:30:00,2024-01-09
4363,2024-01-09 10:45:00,False,10:45:00,2024-01-09
4364,2024-01-09 11:00:00,False,11:00:00,2024-01-09
4365,2024-01-09 11:15:00,False,11:15:00,2024-01-09
4366,2024-01-09 11:30:00,False,11:30:00,2024-01-09
4367,2024-01-09 11:45:00,False,11:45:00,2024-01-09
4368,2024-01-09 12:00:00,False,12:00:00,2024-01-09
4369,2024-01-09 12:15:00,False,12:15:00,2024-01-09
4370,2024-01-09 12:30:00,False,12:30:00,2024-01-09
4371,2024-01-09 12:45:00,False,12:45:00,2024-01-09
4372,2024-01-09 13:00:00,False,13:00:00,2024-01-09
4373,2024-01-09 13:15:00,False,13:15:00,2024-01-09
4374,2024-01-09 13:30:00,False,13:30:00,2024-01-09
4375,2024-01-09 13:45:00,False,13:45:00,2024-01-09
4376,2024-01-09 14:00:00,False,14:00:00,2024-01-09
4377,2024-01-09 14:15:00,False,14:15:00,2024-01-09
4378,2024-01-09 14:30:00,False,14:30:00,2024-01-09
4379,2024-01-09 14:45:00,False,14:45:00,2024-01-09
4380,2024-01-09 15:00:00,False,15:00:00,2024-01-09
4381,2024-01-09 15:15:00,False,15:15:00,2024-01-09
4382,2024-01-09 15:30:00,False,15:30:00,2024-01-09
4383,2024-01-09 15:45:00,False,15:45:00,2024-01-09
4384,2024-01-09 16:00:00,False,16:00:00,2024-01-09
4385,2024-01-09 16:15:00,False,16:15:00,2024-01-09
4386,2024-01-09 16:30:00,False,16:30:00,2024-01-09
4387,2024-01-09 16:45:00,False,16:45:00,2024-01-09
4388,2024-01-09 17:00:00,False,17:00:00,2024-01-09
4389,2024-01-09 17:15:00,False,17:15:00,2024-01-09
4390,2024-01-09 17:30:00,False,17:30:00,2024-01-09
4391,2024-01-09 17:45:00,False,17:45:00,2024-01-09
4392,2024-01-09 18:00:00,False,18:00:00,2024-01-09
4393,2024-01-09 18:15:00,False,18:15:00,2024-01-09
4394,2024-01-09 18:30:00,False,18:30:00,2024-01-09
4395,2024-01-09 18:45:00,False,18:45:00,2024-01-09
4396,2024-01-09 19:00:00,False,19:00:00,2024-01-09
4397,2024-01-09 19:15:00,False,19:15:00,2024-01-09
4398,2024-01-09 19:30:00,False,19:30:00,2024-01-09
4399,2024-01-09 19:45:00,False,19:45:00,2024-01-09
4400,2024-01-09 20:00:00,False,20:00:00,2024-01-09
4401,2024-01-09 20:15:00,False,20:15:00,2024-01-09
4402,2024-01-09 20:30:00,False,20:30:00,2024-01-09
4403,2024-01-09 20:45:00,False,20:45:00,2024-01-09
4404,2024-01-09 21:00:00,False,21:00:00,2024-01-09
4405,2024-01-09 21:15:00,False,21:15:00,2024-01-09
4406,2024-01-09 21:30:00,False,21:30:00,2024-01-09
4407,2024-01-09 21:45:00,False,21:45:00,2024-01-09
4408,2024-01-09 22:00:00,False,22:00:00,2024-01-09
4409,2024-01-09 22:15:00,False,22:15:00,2024-01-09
4410,2024-01-09 22:30:00,False,22:30:00,2024-01-09
4411,2024-01-09 22:45:00,False,22:45:00,2024-01-09
4412,2024-01-09 23:00:00,False,23:00:00,2024-01-09
4413,2024-01-09 23:15:00,False,23:15:00,2024-01-09
4414,2024-01-09 23:30:00,False,23:30:00,2024-01-09
4415,2024-01-09 23:45:00,False,23:45:00,2024-01-09
4416,2024-01-10 00:00:00,False,00:00:00,2024-01-10
4417,2024-01-10 00:15:00,False,00:15:00,2024-01-10
4418,2024-01-10 00:30:00,False,00:30:00,2024-01-10
4419,2024-01-10 00:45:00,False,00:45:00,2024-01-10
4420,2024-01-10 01:00:00,False,01:00:00,2024-01-10
4421,2024-01-10 01:15:00,False,01:15:00,2024-01-10
4422,2024-01-10 01:30:00,False,01:30:00,2024-01-10
4423,2024-01-10 01:45:00,False,01:45:00,2024-01-10
4424,2024-01-10 02:00:00,False,02:00:00,2024-01-10
4425,2024-01-10 02:15:00,False,02:15:00,2024-01-10
4426,2024-01-10 02:30:00,False,02:30:00,2024-01-10
4427,2024-01-10 02:45:00,False,02:45:00,2024-01-10
4428,2024-01-10 03:00:00,False,03:00:00,2024-01-10
4429,2024-01-10 03:15:00,False,03:15:00,2024-01-10
4430,2024-01-10 03:30:00,False,03:30:00,2024-01-10
4431,2024-01-10 03:45:00,False,03:45:00,2024-01-10
4432,2024-01-10 04:00:00,False,04:00:00,2024-01-10
4433,2024-01-10 04:15:00,False,04:15:00,2024-01-10
4434,2024-01-10 04:30:00,False,04:30:00,2024-01-10
4435,2024-01-10 04:45:00,False,04:45:00,2024-01-10
4436,2024-01-10 05:00:00,False,05:00:00,2024-01-10
4437,2024-01-10 05:15:00,False,05:15:00,2024-01-10
4438,2024-01-10 05:30:00,False,05:30:00,2024-01-10
4439,2024-01-10 05:45:00,False,05:45:00,2024-01-10
4440,2024-01-10 06:00:00,False,06:00:00,2024-01-10
4441,2024-01-10 06:15:00,False,06:15:00,2024-01-10
4442,2024-01-10 06:30:00,False,06:30:00,2024-01-10
4443,2024-01-10 06:45:00,False,06:45:00,2024-01-10
4444,2024-01-10 07:00:00,False,07:00:00,2024-01-10
4445,2024-01-10 07:15:00,False,07:15:00,2024-01-10
4446,2024-01-10 07:30:00,False,07:30:00,2024-01-10
4447,2024-01-10 07:45:00,False,07:45:00,2024-01-10
4448,2024-01-10 08:00:00,False,08:00:00,2024-01-10
4449,2024-01-10 08:15:00,True,08:15:00,2024-01-10
4450,2024-01-10 08:30:00,True,08:30:00,2024-01-10
4451,2024-01-10 08:45:00,True,08:45:00,2024-01-10
4452,2024-01-10 09:00:00,False,09:00:00,2024-01-10
4453,2024-01-10 09:15:00,False,09:15:00,2024-01-10
4454,2024-01-10 09:30:00,False,09:30:00,2024-01-10
4455,2024-01-10 09:45:00,False,09:45:00,2024-01-10
4456,2024-01-10 10:00:00,False,10:00:00,2024-01-10
4457,2024-01-10 10:15:00,False,10:15:00,2024-01-10
4458,2024-01-10 10:30:00,False,10:30:00,2024-01-10
4459,2024-01-10 10:45:00,False,10:45:00,2024-01-10
4460,2024-01-10 11:00:00,False,11:00:00,2024-01-10
4461,2024-01-10 11:15:00,False,11:15:00,2024-01-10
4462,2024-01-10 11:30:00,False,11:30:00,2024-01-10
4463,2024-01-10 11:45:00,False,11:45:00,2024-01-10
4464,2024-01-10 12:00:00,False,12:00:00,2024-01-10
4465,2024-01-10 12:15:00,False,12:15:00,2024-01-10
4466,2024-01-10 12:30:00,False,12:30:00,2024-01-10
4467,2024-01-10 12:45:00,False,12:45:00,2024-01-10
4468,2024-01-10 13:00:00,False,13:00:00,2024-01-10
4469,2024-01-10 13:15:00,False,13:15:00,2024-01-10
4470,2024-01-10 13:30:00,False,13:30:00,2024-01-10
4471,2024-01-10 13:45:00,False,13:45:00,2024-01-10
4472,2024-01-10 14:00:00,False,14:00:00,2024-01-10
4473,2024-01-10 14:15:00,False,14:15:00,2024-01-10
4474,2024-01-10 14:30:00,False,14:30:00,2024-01-10
4475,2024-01-10 14:45:00,False,14:45:00,2024-01-10
4476,2024-01-10 15:00:00,False,15:00:00,2024-01-10
4477,2024-01-10 15:15:00,False,15:15:00,2024-01-10
4478,2024-01-10 15:30:00,False,15:30:00,2024-01-10
4479,2024-01-10 15:45:00,False,15:45:00,2024-01-10
4480,2024-01-10 16:00:00,False,16:00:00,2024-01-10
4481,2024-01-10 16:15:00,False,16:15:00,2024-01-10
4482,2024-01-10 16:30:00,False,16:30:00,2024-01-10
4483,2024-01-10 16:45:00,False,16:45:00,2024-01-10
4484,2024-01-10 17:00:00,False,17:00:00,2024-01-10
4485,2024-01-10 17:15:00,False,17:15:00,2024-01-10
4486,2024-01-10 17:30:00,False,17:30:00,2024-01-10
4487,2024-01-10 17:45:00,False,17:45:00,2024-01-10
4488,2024-01-10 18:00:00,False,18:00:00,2024-01-10
4489,2024-01-10 18:15:00,False,18:15:00,2024-01-10
4490,2024-01-10 18:30:00,False,18:30:00,2024-01-10
4491,2024-01-10 18:45:00,False,18:45:00,2024-01-10
4492,2024-01-10 19:00:00,False,19:00:00,2024-01-10
4493,2024-01-10 19:15:00,False,19:15:00,2024-01-10
4494,2024-01-10 19:30:00,False,19:30:00,2024-01-10
4495,2024-01-10 19:45:00,False,19:45:00,2024-01-10
4496,2024-01-10 20:00:00,False,20:00:00,2024-01-10
4497,2024-01-10 20:15:00,False,20:15:00,2024-01-10
4498,2024-01-10 20:30:00,False,20:30:00,2024-01-10
4499,2024-01-10 20:45:00,False,20:45:00,2024-01-10
4500,2024-01-10 21:00:00,False,21:00:00,2024-01-10
4501,2024-01-10 21:15:00,False,21:15:00,2024-01-10
4502,2024-01-10 21:30:00,False,21:30:00,2024-01-10
4503,2024-01-10 21:45:00,False,21:45:00,2024-01-10
4504,2024-01-10 22:00:00,False,22:00:00,2024-01-10
4505,2024-01-10 22:15:00,False,22:15:00,2024-01-10
4506,2024-01-10 22:30:00,False,22:30:00,2024-01-10
4507,2024-01-10 22:45:00,False,22:45:00,2024-01-10
4508,2024-01-10 23:00:00,False,23:00:00,2024-01-10
4509,2024-01-10 23:15:00,False,23:15:00,2024-01-10
4510,2024-01-10 23:30:00,False,23:30:00,2024-01-10
4511,2024-01-10 23:45:00,False,23:45:00,2024-01-10
4512,2024-01-11 00:00:00,False,00:00:00,2024-01-11
4513,2024-01-11 00:15:00,False,00:15:00,2024-01-11
4514,2024-01-11 00:30:00,False,00:30:00,2024-01-11
4515,2024-01-11 00:45:00,False,00:45:00,2024-01-11
4516,2024-01-11 01:00:00,False,01:00:00,2024-01-11
4517,2024-01-11 01:15:00,False,01:15:00,2024-01-11
4518,2024-01-11 01:30:00,False,01:30:00,2024-01-11
4519,2024-01-11 01:45:00,False,01:45:00,2024-01-11
4520,2024-01-11 02:00:00,False,02:00:00,2024-01-11
4521,2024-01-11 02:15:00,False,02:15:00,2024-01-11
4522,2024-01-11 02:30:00,False,02:30:00,2024-01-11
4523,2024-01-11 02:45:00,False,02:45:00,2024-01-11
4524,2024-01-11 03:00:00,False,03:00:00,2024-01-11
4525,2024-01-11 03:15:00,False,03:15:00,2024-01-11
4526,2024-01-11 03:30:00,False,03:30:00,2024-01-11
4527,2024-01-11 03:45:00,False,03:45:00,2024-01-11
4528,2024-01-11 04:00:00,False,04:00:00,2024-01-11
4529,2024-01-11 04:15:00,False,04:15:00,2024-01-11
4530,2024-01-11 04:30:00,False,04:30:00,2024-01-11
4531,2024-01-11 04:45:00,False,04:45:00,2024-01-11
4532,2024-01-11 05:00:00,False,05:00:00,2024-01-11
4533,2024-01-11 05:15:00,False,05:15:00,2024-01-11
4534,2024-01-11 05:30:00,False,05:30:00,2024-01-11
4535,2024-01-11 05:45:00,False,05:45:00,2024-01-11
4536,2024-01-11 06:00:00,False,06:00:00,2024-01-11
4537,2024-01-11 06:15:00,False,06:15:00,2024-01-11
4538,2024-01-11 06:30:00,False,06:30:00,2024-01-11
4539,2024-01-11 06:45:00,False,06:45:00,2024-01-11
4540,2024-01-11 07:00:00,False,07:00:00,2024-01-11
4541,2024-01-11 07:15:00,False,07:15:00,2024-01-11
4542,2024-01-11 07:30:00,False,07:30:00,2024-01-11
4543,2024-01-11 07:45:00,False,07:45:00,2024-01-11
4544,2024-01-11 08:00:00,False,08:00:00,2024-01-11
4545,2024-01-11 08:15:00,False,08:15:00,2024-01-11
4546,2024-01-11 08:30:00,False,08:30:00,2024-01-11
4547,2024-01-11 08:45:00,False,08:45:00,2024-01-11
4548,2024-01-11 09:00:00,False,09:00:00,2024-01-11
4549,2024-01-11 09:15:00,False,09:15:00,2024-01-11
4550,2024-01-11 09:30:00,False,09:30:00,2024-01-11
4551,2024-01-11 09:45:00,False,09:45:00,2024-01-11
4552,2024-01-11 10:00:00,False,10:00:00,2024-01-11
4553,2024-01-11 10:15:00,False,10:15:00,2024-01-11
4554,2024-01-11 10:30:00,False,10:30:00,2024-01-11
4555,2024-01-11 10:45:00,False,10:45:00,2024-01-11
4556,2024-01-11 11:00:00,False,11:00:00,2024-01-11
4557,2024-01-11 11:15:00,False,11:15:00,2024-01-11
4558,2024-01-11 11:30:00,False,11:30:00,2024-01-11
4559,2024-01-11 11:45:00,False,11:45:00,2024-01-11
4560,2024-01-11 12:00:00,False,12:00:00,2024-01-11
4561,2024-01-11 12:15:00,False,12:15:00,2024-01-11
4562,2024-01-11 12:30:00,False,12:30:00,2024-01-11
4563,2024-01-11 12:45:00,False,12:45:00,2024-01-11
4564,2024-01-11 13:00:00,False,13:00:00,2024-01-11
4565,2024-01-11 13:15:00,False,13:15:00,2024-01-11
4566,2024-01-11 13:30:00,False,13:30:00,2024-01-11
4567,2024-01-11 13:45:00,False,13:45:00,2024-01-11
4568,2024-01-11 14:00:00,False,14:00:00,2024-01-11
4569,2024-01-11 14:15:00,False,14:15:00,2024-01-11
4570,2024-01-11 14:30:00,False,14:30:00,2024-01-11
4571,2024-01-11 14:45:00,False,14:45:00,2024-01-11
4572,2024-01-11 15:00:00,False,15:00:00,2024-01-11
4573,2024-01-11 15:15:00,False,15:15:00,2024-01-11
4574,2024-01-11 15:30:00,False,15:30:00,2024-01-11
4575,2024-01-11 15:45:00,False,15:45:00,2024-01-11
4576,2024-01-11 16:00:00,False,16:00:00,2024-01-11
4577,2024-01-11 16:15:00,False,16:15:00,2024-01-11
4578,2024-01-11 16:30:00,False,16:30:00,2024-01-11
4579,2024-01-11 16:45:00,False,16:45:00,2024-01-11
4580,2024-01-11 17:00:00,False,17:00:00,2024-01-11
4581,2024-01-11 17:15:00,False,17:15:00,2024-01-11
4582,2024-01-11 17:30:00,False,17:30:00,2024-01-11
4583,2024-01-11 17:45:00,False,17:45:00,2024-01-11
4584,2024-01-11 18:00:00,False,18:00:00,2024-01-11
4585,2024-01-11 18:15:00,False,18:15:00,2024-01-11
4586,2024-01-11 18:30:00,False,18:30:00,2024-01-11
4587,2024-01-11 18:45:00,False,18:45:00,2024-01-11
4588,2024-01-11 19:00:00,False,19:00:00,2024-01-11
4589,2024-01-11 19:15:00,False,19:15:00,2024-01-11
4590,2024-01-11 19:30:00,False,19:30:00,2024-01-11
4591,2024-01-11 19:45:00,False,19:45:00,2024-01-11
4592,2024-01-11 20:00:00,False,20:00:00,2024-01-11
4593,2024-01-11 20:15:00,False,20:15:00,2024-01-11
4594,2024-01-11 20:30:00,False,20:30:00,2024-01-11
4595,2024-01-11 20:45:00,False,20:45:00,2024-01-11
4596,2024-01-11 21:00:00,False,21:00:00,2024-01-11
4597,2024-01-11 21:15:00,False,21:15:00,2024-01-11
4598,2024-01-11 21:30:00,False,21:30:00,2024-01-11
4599,2024-01-11 21:45:00,False,21:45:00,2024-01-11
4600,2024-01-11 22:00:00,False,22:00:00,2024-01-11
4601,2024-01-11 22:15:00,False,22:15:00,2024-01-11
4602,2024-01-11 22:30:00,False,22:30:00,2024-01-11
4603,2024-01-11 22:45:00,False,22:45:00,2024-01-11
4604,2024-01-11 23:00:00,False,23:00:00,2024-01-11
4605,2024-01-11 23:15:00,False,23:15:00,2024-01-11
4606,2024-01-11 23:30:00,False,23:30:00,2024-01-11
4607,2024-01-11 23:45:00,False,23:45:00,2024-01-11
4608,2024-01-12 00:00:00,False,00:00:00,2024-01-12
4609,2024-01-12 00:15:00,False,00:15:00,2024-01-12
4610,2024-01-12 00:30:00,False,00:30:00,2024-01-12
4611,2024-01-12 00:45:00,False,00:45:00,2024-01-12
4612,2024-01-12 01:00:00,False,01:00:00,2024-01-12
4613,2024-01-12 01:15:00,False,01:15:00,2024-01-12
4614,2024-01-12 01:30:00,False,01:30:00,2024-01-12
4615,2024-01-12 01:45:00,False,01:45:00,2024-01-12
4616,2024-01-12 02:00:00,False,02:00:00,2024-01-12
4617,2024-01-12 02:15:00,False,02:15:00,2024-01-12
4618,2024-01-12 02:30:00,False,02:30:00,2024-01-12
4619,2024-01-12 02:45:00,False,02:45:00,2024-01-12
4620,2024-01-12 03:00:00,False,03:00:00,2024-01-12
4621,2024-01-12 03:15:00,False,03:15:00,2024-01-12
4622,2024-01-12 03:30:00,False,03:30:00,2024-01-12
4623,2024-01-12 03:45:00,False,03:45:00,2024-01-12
4624,2024-01-12 04:00:00,False,04:00:00,2024-01-12
4625,2024-01-12 04:15:00,False,04:15:00,2024-01-12
4626,2024-01-12 04:30:00,False,04:30:00,2024-01-12
4627,2024-01-12 04:45:00,False,04:45:00,2024-01-12
4628,2024-01-12 05:00:00,False,05:00:00,2024-01-12
4629,2024-01-12 05:15:00,False,05:15:00,2024-01-12
4630,2024-01-12 05:30:00,False,05:30:00,2024-01-12
4631,2024-01-12 05:45:00,False,05:45:00,2024-01-12
4632,2024-01-12 06:00:00,False,06:00:00,2024-01-12
4633,2024-01-12 06:15:00,False,06:15:00,2024-01-12
4634,2024-01-12 06:30:00,False,06:30:00,2024-01-12
4635,2024-01-12 06:45:00,False,06:45:00,2024-01-12
4636,2024-01-12 07:00:00,False,07:00:00,2024-01-12
4637,2024-01-12 07:15:00,False,07:15:00,2024-01-12
4638,2024-01-12 07:30:00,False,07:30:00,2024-01-12
4639,2024-01-12 07:45:00,False,07:45:00,2024-01-12
4640,2024-01-12 08:00:00,False,08:00:00,2024-01-12
4641,2024-01-12 08:15:00,False,08:15:00,2024-01-12
4642,2024-01-12 08:30:00,False,08:30:00,2024-01-12
4643,2024-01-12 08:45:00,False,08:45:00,2024-01-12
4644,2024-01-12 09:00:00,False,09:00:00,2024-01-12
4645,2024-01-12 09:15:00,False,09:15:00,2024-01-12
4646,2024-01-12 09:30:00,False,09:30:00,2024-01-12
4647,2024-01-12 09:45:00,False,09:45:00,2024-01-12
4648,2024-01-12 10:00:00,False,10:00:00,2024-01-12
4649,2024-01-12 10:15:00,False,10:15:00,2024-01-12
4650,2024-01-12 10:30:00,False,10:30:00,2024-01-12
4651,2024-01-12 10:45:00,False,10:45:00,2024-01-12
4652,2024-01-12 11:00:00,False,11:00:00,2024-01-12
4653,2024-01-12 11:15:00,False,11:15:00,2024-01-12
4654,2024-01-12 11:30:00,False,11:30:00,2024-01-12
4655,2024-01-12 11:45:00,False,11:45:00,2024-01-12
4656,2024-01-12 12:00:00,False,12:00:00,2024-01-12
4657,2024-01-12 12:15:00,False,12:15:00,2024-01-12
4658,2024-01-12 12:30:00,False,12:30:00,2024-01-12
4659,2024-01-12 12:45:00,False,12:45:00,2024-01-12
4660,2024-01-12 13:00:00,False,13:00:00,2024-01-12
4661,2024-01-12 13:15:00,False,13:15:00,2024-01-12
4662,2024-01-12 13:30:00,False,13:30:00,2024-01-12
4663,2024-01-12 13:45:00,False,13:45:00,2024-01-12
4664,2024-01-12 14:00:00,False,14:00:00,2024-01-12
4665,2024-01-12 14:15:00,False,14:15:00,2024-01-12
4666,2024-01-12 14:30:00,False,14:30:00,2024-01-12
4667,2024-01-12 14:45:00,False,14:45:00,2024-01-12
4668,2024-01-12 15:00:00,False,15:00:00,2024-01-12
4669,2024-01-12 15:15:00,False,15:15:00,2024-01-12
4670,2024-01-12 15:30:00,False,15:30:00,2024-01-12
4671,2024-01-12 15:45:00,False,15:45:00,2024-01-12
4672,2024-01-12 16:00:00,False,16:00:00,2024-01-12
4673,2024-01-12 16:15:00,False,16:15:00,2024-01-12
4674,2024-01-12 16:30:00,False,16:30:00,2024-01-12
4675,2024-01-12 16:45:00,False,16:45:00,2024-01-12
4676,2024-01-12 17:00:00,False,17:00:00,2024-01-12
4677,2024-01-12 17:15:00,False,17:15:00,2024-01-12
4678,2024-01-12 17:30:00,False,17:30:00,2024-01-12
4679,2024-01-12 17:45:00,False,17:45:00,2024-01-12
4680,2024-01-12 18:00:00,False,18:00:00,2024-01-12
4681,2024-01-12 18:15:00,False,18:15:00,2024-01-12
4682,2024-01-12 18:30:00,False,18:30:00,2024-01-12
4683,2024-01-12 18:45:00,False,18:45:00,2024-01-12
4684,2024-01-12 19:00:00,False,19:00:00,2024-01-12
4685,2024-01-12 19:15:00,False,19:15:00,2024-01-12
4686,2024-01-12 19:30:00,False,19:30:00,2024-01-12
4687,2024-01-12 19:45:00,False,19:45:00,2024-01-12
4688,2024-01-12 20:00:00,False,20:00:00,2024-01-12
4689,2024-01-12 20:15:00,False,20:15:00,2024-01-12
4690,2024-01-12 20:30:00,False,20:30:00,2024-01-12
4691,2024-01-12 20:45:00,False,20:45:00,2024-01-12
4692,2024-01-12 21:00:00,False,21:00:00,2024-01-12
4693,2024-01-12 21:15:00,False,21:15:00,2024-01-12
4694,2024-01-12 21:30:00,False,21:30:00,2024-01-12
4695,2024-01-12 21:45:00,False,21:45:00,2024-01-12
4696,2024-01-12 22:00:00,False,22:00:00,2024-01-12
4697,2024-01-12 22:15:00,False,22:15:00,2024-01-12
4698,2024-01-12 22:30:00,False,22:30:00,2024-01-12
4699,2024-01-12 22:45:00,False,22:45:00,2024-01-12
4700,2024-01-12 23:00:00,False,23:00:00,2024-01-12
4701,2024-01-12 23:15:00,False,23:15:00,2024-01-12
4702,2024-01-12 23:30:00,False,23:30:00,2024-01-12
4703,2024-01-12 23:45:00,False,23:45:00,2024-01-12
4704,2024-01-13 00:00:00,False,00:00:00,2024-01-13
4705,2024-01-13 00:15:00,False,00:15:00,2024-01-13
4706,2024-01-13 00:30:00,False,00:30:00,2024-01-13
4707,2024-01-13 00:45:00,False,00:45:00,2024-01-13
4708,2024-01-13 01:00:00,False,01:00:00,2024-01-13
4709,2024-01-13 01:15:00,False,01:15:00,2024-01-13
4710,2024-01-13 01:30:00,False,01:30:00,2024-01-13
4711,2024-01-13 01:45:00,False,01:45:00,2024-01-13
4712,2024-01-13 02:00:00,False,02:00:00,2024-01-13
4713,2024-01-13 02:15:00,False,02:15:00,2024-01-13
4714,2024-01-13 02:30:00,False,02:30:00,2024-01-13
4715,2024-01-13 02:45:00,False,02:45:00,2024-01-13
4716,2024-01-13 03:00:00,False,03:00:00,2024-01-13
4717,2024-01-13 03:15:00,False,03:15:00,2024-01-13
4718,2024-01-13 03:30:00,False,03:30:00,2024-01-13
4719,2024-01-13 03:45:00,False,03:45:00,2024-01-13
4720,2024-01-13 04:00:00,False,04:00:00,2024-01-13
4721,2024-01-13 04:15:00,False,04:15:00,2024-01-13
4722,2024-01-13 04:30:00,False,04:30:00,2024-01-13
4723,2024-01-13 04:45:00,False,04:45:00,2024-01-13
4724,2024-01-13 05:00:00,False,05:00:00,2024-01-13
4725,2024-01-13 05:15:00,False,05:15:00,2024-01-13
4726,2024-01-13 05:30:00,False,05:30:00,2024-01-13
4727,2024-01-13 05:45:00,False,05:45:00,2024-01-13
4728,2024-01-13 06:00:00,False,06:00:00,2024-01-13
4729,2024-01-13 06:15:00,False,06:15:00,2024-01-13
4730,2024-01-13 06:30:00,False,06:30:00,2024-01-13
4731,2024-01-13 06:45:00,False,06:45:00,2024-01-13
4732,2024-01-13 07:00:00,False,07:00:00,2024-01-13
4733,2024-01-13 07:15:00,False,07:15:00,2024-01-13
4734,2024-01-13 07:30:00,False,07:30:00,2024-01-13
4735,2024-01-13 07:45:00,False,07:45:00,2024-01-13
4736,2024-01-13 08:00:00,False,08:00:00,2024-01-13
4737,2024-01-13 08:15:00,False,08:15:00,2024-01-13
4738,2024-01-13 08:30:00,False,08:30:00,2024-01-13
4739,2024-01-13 08:45:00,False,08:45:00,2024-01-13
4740,2024-01-13 09:00:00,False,09:00:00,2024-01-13
4741,2024-01-13 09:15:00,False,09:15:00,2024-01-13
4742,2024-01-13 09:30:00,False,09:30:00,2024-01-13
4743,2024-01-13 09:45:00,False,09:45:00,2024-01-13
4744,2024-01-13 10:00:00,False,10:00:00,2024-01-13
4745,2024-01-13 10:15:00,False,10:15:00,2024-01-13
4746,2024-01-13 10:30:00,False,10:30:00,2024-01-13
4747,2024-01-13 10:45:00,False,10:45:00,2024-01-13
4748,2024-01-13 11:00:00,False,11:00:00,2024-01-13
4749,2024-01-13 11:15:00,False,11:15:00,2024-01-13
4750,2024-01-13 11:30:00,False,11:30:00,2024-01-13
4751,2024-01-13 11:45:00,False,11:45:00,2024-01-13
4752,2024-01-13 12:00:00,False,12:00:00,2024-01-13
4753,2024-01-13 12:15:00,False,12:15:00,2024-01-13
4754,2024-01-13 12:30:00,False,12:30:00,2024-01-13
4755,2024-01-13 12:45:00,False,12:45:00,2024-01-13
4756,2024-01-13 13:00:00,False,13:00:00,2024-01-13
4757,2024-01-13 13:15:00,False,13:15:00,2024-01-13
4758,2024-01-13 13:30:00,False,13:30:00,2024-01-13
4759,2024-01-13 13:45:00,False,13:45:00,2024-01-13
4760,2024-01-13 14:00:00,False,14:00:00,2024-01-13
4761,2024-01-13 14:15:00,False,14:15:00,2024-01-13
4762,2024-01-13 14:30:00,False,14:30:00,2024-01-13
4763,2024-01-13 14:45:00,False,14:45:00,2024-01-13
4764,2024-01-13 15:00:00,False,15:00:00,2024-01-13
4765,2024-01-13 15:15:00,False,15:15:00,2024-01-13
4766,2024-01-13 15:30:00,False,15:30:00,2024-01-13
4767,2024-01-13 15:45:00,False,15:45:00,2024-01-13
4768,2024-01-13 16:00:00,False,16:00:00,2024-01-13
4769,2024-01-13 16:15:00,False,16:15:00,2024-01-13
4770,2024-01-13 16:30:00,False,16:30:00,2024-01-13
4771,2024-01-13 16:45:00,False,16:45:00,2024-01-13
4772,2024-01-13 17:00:00,False,17:00:00,2024-01-13
4773,2024-01-13 17:15:00,False,17:15:00,2024-01-13
4774,2024-01-13 17:30:00,False,17:30:00,2024-01-13
4775,2024-01-13 17:45:00,False,17:45:00,2024-01-13
4776,2024-01-13 18:00:00,True,18:00:00,2024-01-13
4777,2024-01-13 18:15:00,True,18:15:00,2024-01-13
4778,2024-01-13 18:30:00,True,18:30:00,2024-01-13
4779,2024-01-13 18:45:00,True,18:45:00,2024-01-13
4780,2024-01-13 19:00:00,True,19:00:00,2024-01-13
4781,2024-01-13 19:15:00,True,19:15:00,2024-01-13
4782,2024-01-13 19:30:00,True,19:30:00,2024-01-13
4783,2024-01-13 19:45:00,True,19:45:00,2024-01-13
4784,2024-01-13 20:00:00,True,20:00:00,2024-01-13
4785,2024-01-13 20:15:00,False,20:15:00,2024-01-13
4786,2024-01-13 20:30:00,False,20:30:00,2024-01-13
4787,2024-01-13 20:45:00,False,20:45:00,2024-01-13
4788,2024-01-13 21:00:00,False,21:00:00,2024-01-13
4789,2024-01-13 21:15:00,False,21:15:00,2024-01-13
4790,2024-01-13 21:30:00,False,21:30:00,2024-01-13
4791,2024-01-13 21:45:00,False,21:45:00,2024-01-13
4792,2024-01-13 22:00:00,False,22:00:00,2024-01-13
4793,2024-01-13 22:15:00,False,22:15:00,2024-01-13
4794,2024-01-13 22:30:00,False,22:30:00,2024-01-13
4795,2024-01-13 22:45:00,False,22:45:00,2024-01-13
4796,2024-01-13 23:00:00,False,23:00:00,2024-01-13
4797,2024-01-13 23:15:00,False,23:15:00,2024-01-13
4798,2024-01-13 23:30:00,False,23:30:00,2024-01-13
4799,2024-01-13 23:45:00,False,23:45:00,2024-01-13
4800,2024-01-14 00:00:00,False,00:00:00,2024-01-14
4801,2024-01-14 00:15:00,False,00:15:00,2024-01-14
4802,2024-01-14 00:30:00,False,00:30:00,2024-01-14
4803,2024-01-14 00:45:00,False,00:45:00,2024-01-14
4804,2024-01-14 01:00:00,False,01:00:00,2024-01-14
4805,2024-01-14 01:15:00,False,01:15:00,2024-01-14
4806,2024-01-14 01:30:00,False,01:30:00,2024-01-14
4807,2024-01-14 01:45:00,False,01:45:00,2024-01-14
4808,2024-01-14 02:00:00,False,02:00:00,2024-01-14
4809,2024-01-14 02:15:00,False,02:15:00,2024-01-14
4810,2024-01-14 02:30:00,False,02:30:00,2024-01-14
4811,2024-01-14 02:45:00,False,02:45:00,2024-01-14
4812,2024-01-14 03:00:00,False,03:00:00,2024-01-14
4813,2024-01-14 03:15:00,False,03:15:00,2024-01-14
4814,2024-01-14 03:30:00,False,03:30:00,2024-01-14
4815,2024-01-14 03:45:00,False,03:45:00,2024-01-14
4816,2024-01-14 04:00:00,False,04:00:00,2024-01-14
4817,2024-01-14 04:15:00,False,04:15:00,2024-01-14
4818,2024-01-14 04:30:00,False,04:30:00,2024-01-14
4819,2024-01-14 04:45:00,False,04:45:00,2024-01-14
4820,2024-01-14 05:00:00,False,05:00:00,2024-01-14
4821,2024-01-14 05:15:00,False,05:15:00,2024-01-14
4822,2024-01-14 05:30:00,False,05:30:00,2024-01-14
4823,2024-01-14 05:45:00,False,05:45:00,2024-01-14
4824,2024-01-14 06:00:00,False,06:00:00,2024-01-14
4825,2024-01-14 06:15:00,False,06:15:00,2024-01-14
4826,2024-01-14 06:30:00,False,06:30:00,2024-01-14
4827,2024-01-14 06:45:00,False,06:45:00,2024-01-14
4828,2024-01-14 07:00:00,False,07:00:00,2024-01-14
4829,2024-01-14 07:15:00,False,07:15:00,2024-01-14
4830,2024-01-14 07:30:00,False,07:30:00,2024-01-14
4831,2024-01-14 07:45:00,False,07:45:00,2024-01-14
4832,2024-01-14 08:00:00,False,08:00:00,2024-01-14
4833,2024-01-14 08:15:00,False,08:15:00,2024-01-14
4834,2024-01-14 08:30:00,False,08:30:00,2024-01-14
4835,2024-01-14 08:45:00,False,08:45:00,2024-01-14
4836,2024-01-14 09:00:00,False,09:00:00,2024-01-14
4837,2024-01-14 09:15:00,False,09:15:00,2024-01-14
4838,2024-01-14 09:30:00,False,09:30:00,2024-01-14
4839,2024-01-14 09:45:00,False,09:45:00,2024-01-14
4840,2024-01-14 10:00:00,False,10:00:00,2024-01-14
4841,2024-01-14 10:15:00,False,10:15:00,2024-01-14
4842,2024-01-14 10:30:00,False,10:30:00,2024-01-14
4843,2024-01-14 10:45:00,False,10:45:00,2024-01-14
4844,2024-01-14 11:00:00,False,11:00:00,2024-01-14
4845,2024-01-14 11:15:00,False,11:15:00,2024-01-14
4846,2024-01-14 11:30:00,False,11:30:00,2024-01-14
4847,2024-01-14 11:45:00,False,11:45:00,2024-01-14
4848,2024-01-14 12:00:00,False,12:00:00,2024-01-14
4849,2024-01-14 12:15:00,False,12:15:00,2024-01-14
4850,2024-01-14 12:30:00,False,12:30:00,2024-01-14
4851,2024-01-14 12:45:00,False,12:45:00,2024-01-14
4852,2024-01-14 13:00:00,False,13:00:00,2024-01-14
4853,2024-01-14 13:15:00,False,13:15:00,2024-01-14
4854,2024-01-14 13:30:00,False,13:30:00,2024-01-14
4855,2024-01-14 13:45:00,False,13:45:00,2024-01-14
4856,2024-01-14 14:00:00,False,14:00:00,2024-01-14
4857,2024-01-14 14:15:00,False,14:15:00,2024-01-14
4858,2024-01-14 14:30:00,False,14:30:00,2024-01-14
4859,2024-01-14 14:45:00,False,14:45:00,2024-01-14
4860,2024-01-14 15:00:00,False,15:00:00,2024-01-14
4861,2024-01-14 15:15:00,False,15:15:00,2024-01-14
4862,2024-01-14 15:30:00,False,15:30:00,2024-01-14
4863,2024-01-14 15:45:00,False,15:45:00,2024-01-14
4864,2024-01-14 16:00:00,False,16:00:00,2024-01-14
4865,2024-01-14 16:15:00,False,16:15:00,2024-01-14
4866,2024-01-14 16:30:00,False,16:30:00,2024-01-14
4867,2024-01-14 16:45:00,False,16:45:00,2024-01-14
4868,2024-01-14 17:00:00,False,17:00:00,2024-01-14
4869,2024-01-14 17:15:00,False,17:15:00,2024-01-14
4870,2024-01-14 17:30:00,False,17:30:00,2024-01-14
4871,2024-01-14 17:45:00,False,17:45:00,2024-01-14
4872,2024-01-14 18:00:00,False,18:00:00,2024-01-14
4873,2024-01-14 18:15:00,False,18:15:00,2024-01-14
4874,2024-01-14 18:30:00,True,18:30:00,2024-01-14
4875,2024-01-14 18:45:00,True,18:45:00,2024-01-14
4876,2024-01-14 19:00:00,True,19:00:00,2024-01-14
4877,2024-01-14 19:15:00,True,19:15:00,2024-01-14
4878,2024-01-14 19:30:00,True,19:30:00,2024-01-14
4879,2024-01-14 19:45:00,False,19:45:00,2024-01-14
4880,2024-01-14 20:00:00,False,20:00:00,2024-01-14
4881,2024-01-14 20:15:00,False,20:15:00,2024-01-14
4882,2024-01-14 20:30:00,False,20:30:00,2024-01-14
4883,2024-01-14 20:45:00,False,20:45:00,2024-01-14
4884,2024-01-14 21:00:00,False,21:00:00,2024-01-14
4885,2024-01-14 21:15:00,False,21:15:00,2024-01-14
4886,2024-01-14 21:30:00,False,21:30:00,2024-01-14
4887,2024-01-14 21:45:00,False,21:45:00,2024-01-14
4888,2024-01-14 22:00:00,False,22:00:00,2024-01-14
4889,2024-01-14 22:15:00,False,22:15:00,2024-01-14
4890,2024-01-14 22:30:00,False,22:30:00,2024-01-14
4891,2024-01-14 22:45:00,False,22:45:00,2024-01-14
4892,2024-01-14 23:00:00,False,23:00:00,2024-01-14
4893,2024-01-14 23:15:00,False,23:15:00,2024-01-14
4894,2024-01-14 23:30:00,False,23:30:00,2024-01-14
4895,2024-01-14 23:45:00,False,23:45:00,2024-01-14
4896,2024-01-15 00:00:00,False,00:00:00,2024-01-15
4897,2024-01-15 00:15:00,False,00:15:00,2024-01-15
4898,2024-01-15 00:30:00,False,00:30:00,2024-01-15
4899,2024-01-15 00:45:00,False,00:45:00,2024-01-15
4900,2024-01-15 01:00:00,False,01:00:00,2024-01-15
4901,2024-01-15 01:15:00,False,01:15:00,2024-01-15
4902,2024-01-15 01:30:00,False,01:30:00,2024-01-15
4903,2024-01-15 01:45:00,False,01:45:00,2024-01-15
4904,2024-01-15 02:00:00,False,02:00:00,2024-01-15
4905,2024-01-15 02:15:00,False,02:15:00,2024-01-15
4906,2024-01-15 02:30:00,False,02:30:00,2024-01-15
4907,2024-01-15 02:45:00,False,02:45:00,2024-01-15
4908,2024-01-15 03:00:00,False,03:00:00,2024-01-15
4909,2024-01-15 03:15:00,False,03:15:00,2024-01-15
4910,2024-01-15 03:30:00,False,03:30:00,2024-01-15
4911,2024-01-15 03:45:00,False,03:45:00,2024-01-15
4912,2024-01-15 04:00:00,False,04:00:00,2024-01-15
4913,2024-01-15 04:15:00,False,04:15:00,2024-01-15
4914,2024-01-15 04:30:00,False,04:30:00,2024-01-15
4915,2024-01-15 04:45:00,False,04:45:00,2024-01-15
4916,2024-01-15 05:00:00,False,05:00:00,2024-01-15
4917,2024-01-15 05:15:00,False,05:15:00,2024-01-15
4918,2024-01-15 05:30:00,False,05:30:00,2024-01-15
4919,2024-01-15 05:45:00,False,05:45:00,2024-01-15
4920,2024-01-15 06:00:00,False,06:00:00,2024-01-15
4921,2024-01-15 06:15:00,False,06:15:00,2024-01-15
4922,2024-01-15 06:30:00,False,06:30:00,2024-01-15
4923,2024-01-15 06:45:00,False,06:45:00,2024-01-15
4924,2024-01-15 07:00:00,False,07:00:00,2024-01-15
4925,2024-01-15 07:15:00,False,07:15:00,2024-01-15
4926,2024-01-15 07:30:00,False,07:30:00,2024-01-15
4927,2024-01-15 07:45:00,False,07:45:00,2024-01-15
4928,2024-01-15 08:00:00,False,08:00:00,2024-01-15
4929,2024-01-15 08:15:00,False,08:15:00,2024-01-15
4930,2024-01-15 08:30:00,False,08:30:00,2024-01-15
4931,2024-01-15 08:45:00,False,08:45:00,2024-01-15
4932,2024-01-15 09:00:00,False,09:00:00,2024-01-15
4933,2024-01-15 09:15:00,False,09:15:00,2024-01-15
4934,2024-01-15 09:30:00,False,09:30:00,2024-01-15
4935,2024-01-15 09:45:00,False,09:45:00,2024-01-15
4936,2024-01-15 10:00:00,False,10:00:00,2024-01-15
4937,2024-01-15 10:15:00,False,10:15:00,2024-01-15
4938,2024-01-15 10:30:00,False,10:30:00,2024-01-15
4939,2024-01-15 10:45:00,False,10:45:00,2024-01-15
4940,2024-01-15 11:00:00,False,11:00:00,2024-01-15
4941,2024-01-15 11:15:00,False,11:15:00,2024-01-15
4942,2024-01-15 11:30:00,False,11:30:00,2024-01-15
4943,2024-01-15 11:45:00,False,11:45:00,2024-01-15
4944,2024-01-15 12:00:00,False,12:00:00,2024-01-15
4945,2024-01-15 12:15:00,False,12:15:00,2024-01-15
4946,2024-01-15 12:30:00,False,12:30:00,2024-01-15
4947,2024-01-15 12:45:00,False,12:45:00,2024-01-15
4948,2024-01-15 13:00:00,False,13:00:00,2024-01-15
4949,2024-01-15 13:15:00,False,13:15:00,2024-01-15
4950,2024-01-15 13:30:00,False,13:30:00,2024-01-15
4951,2024-01-15 13:45:00,False,13:45:00,2024-01-15
4952,2024-01-15 14:00:00,False,14:00:00,2024-01-15
4953,2024-01-15 14:15:00,False,14:15:00,2024-01-15
4954,2024-01-15 14:30:00,False,14:30:00,2024-01-15
4955,2024-01-15 14:45:00,False,14:45:00,2024-01-15
4956,2024-01-15 15:00:00,False,15:00:00,2024-01-15
4957,2024-01-15 15:15:00,False,15:15:00,2024-01-15
4958,2024-01-15 15:30:00,False,15:30:00,2024-01-15
4959,2024-01-15 15:45:00,False,15:45:00,2024-01-15
4960,2024-01-15 16:00:00,False,16:00:00,2024-01-15
4961,2024-01-15 16:15:00,False,16:15:00,2024-01-15
4962,2024-01-15 16:30:00,False,16:30:00,2024-01-15
4963,2024-01-15 16:45:00,False,16:45:00,2024-01-15
4964,2024-01-15 17:00:00,False,17:00:00,2024-01-15
4965,2024-01-15 17:15:00,False,17:15:00,2024-01-15
4966,2024-01-15 17:30:00,False,17:30:00,2024-01-15
4967,2024-01-15 17:45:00,False,17:45:00,2024-01-15
4968,2024-01-15 18:00:00,False,18:00:00,2024-01-15
4969,2024-01-15 18:15:00,False,18:15:00,2024-01-15
4970,2024-01-15 18:30:00,False,18:30:00,2024-01-15
4971,2024-01-15 18:45:00,False,18:45:00,2024-01-15
4972,2024-01-15 19:00:00,False,19:00:00,2024-01-15
4973,2024-01-15 19:15:00,False,19:15:00,2024-01-15
4974,2024-01-15 19:30:00,False,19:30:00,2024-01-15
4975,2024-01-15 19:45:00,False,19:45:00,2024-01-15
4976,2024-01-15 20:00:00,False,20:00:00,2024-01-15
4977,2024-01-15 20:15:00,False,20:15:00,2024-01-15
4978,2024-01-15 20:30:00,False,20:30:00,2024-01-15
4979,2024-01-15 20:45:00,True,20:45:00,2024-01-15
4980,2024-01-15 21:00:00,True,21:00:00,2024-01-15
4981,2024-01-15 21:15:00,True,21:15:00,2024-01-15
4982,2024-01-15 21:30:00,True,21:30:00,2024-01-15
4983,2024-01-15 21:45:00,True,21:45:00,2024-01-15
4984,2024-01-15 22:00:00,True,22:00:00,2024-01-15
4985,2024-01-15 22:15:00,False,22:15:00,2024-01-15
4986,2024-01-15 22:30:00,False,22:30:00,2024-01-15
4987,2024-01-15 22:45:00,False,22:45:00,2024-01-15
4988,2024-01-15 23:00:00,False,23:00:00,2024-01-15
4989,2024-01-15 23:15:00,False,23:15:00,2024-01-15
4990,2024-01-15 23:30:00,False,23:30:00,2024-01-15
4991,2024-01-15 23:45:00,False,23:45:00,2024-01-15
4992,2024-01-16 00:00:00,False,00:00:00,2024-01-16
4993,2024-01-16 00:15:00,False,00:15:00,2024-01-16
4994,2024-01-16 00:30:00,False,00:30:00,2024-01-16
4995,2024-01-16 00:45:00,False,00:45:00,2024-01-16
4996,2024-01-16 01:00:00,False,01:00:00,2024-01-16
4997,2024-01-16 01:15:00,False,01:15:00,2024-01-16
4998,2024-01-16 01:30:00,False,01:30:00,2024-01-16
4999,2024-01-16 01:45:00,False,01:45:00,2024-01-16
5000,2024-01-16 02:00:00,False,02:00:00,2024-01-16
5001,2024-01-16 02:15:00,False,02:15:00,2024-01-16
5002,2024-01-16 02:30:00,False,02:30:00,2024-01-16
5003,2024-01-16 02:45:00,False,02:45:00,2024-01-16
5004,2024-01-16 03:00:00,False,03:00:00,2024-01-16
5005,2024-01-16 03:15:00,False,03:15:00,2024-01-16
5006,2024-01-16 03:30:00,False,03:30:00,2024-01-16
5007,2024-01-16 03:45:00,False,03:45:00,2024-01-16
5008,2024-01-16 04:00:00,False,04:00:00,2024-01-16
5009,2024-01-16 04:15:00,False,04:15:00,2024-01-16
5010,2024-01-16 04:30:00,False,04:30:00,2024-01-16
5011,2024-01-16 04:45:00,False,04:45:00,2024-01-16
5012,2024-01-16 05:00:00,False,05:00:00,2024-01-16
5013,2024-01-16 05:15:00,False,05:15:00,2024-01-16
5014,2024-01-16 05:30:00,False,05:30:00,2024-01-16
5015,2024-01-16 05:45:00,False,05:45:00,2024-01-16
5016,2024-01-16 06:00:00,False,06:00:00,2024-01-16
5017,2024-01-16 06:15:00,False,06:15:00,2024-01-16
5018,2024-01-16 06:30:00,False,06:30:00,2024-01-16
5019,2024-01-16 06:45:00,False,06:45:00,2024-01-16
5020,2024-01-16 07:00:00,False,07:00:00,2024-01-16
5021,2024-01-16 07:15:00,False,07:15:00,2024-01-16
5022,2024-01-16 07:30:00,False,07:30:00,2024-01-16
5023,2024-01-16 07:45:00,False,07:45:00,2024-01-16
5024,2024-01-16 08:00:00,False,08:00:00,2024-01-16
5025,2024-01-16 08:15:00,False,08:15:00,2024-01-16
5026,2024-01-16 08:30:00,False,08:30:00,2024-01-16
5027,2024-01-16 08:45:00,False,08:45:00,2024-01-16
5028,2024-01-16 09:00:00,True,09:00:00,2024-01-16
5029,2024-01-16 09:15:00,True,09:15:00,2024-01-16
5030,2024-01-16 09:30:00,True,09:30:00,2024-01-16
5031,2024-01-16 09:45:00,True,09:45:00,2024-01-16
5032,2024-01-16 10:00:00,True,10:00:00,2024-01-16
5033,2024-01-16 10:15:00,True,10:15:00,2024-01-16
5034,2024-01-16 10:30:00,True,10:30:00,2024-01-16
5035,2024-01-16 10:45:00,True,10:45:00,2024-01-16
5036,2024-01-16 11:00:00,True,11:00:00,2024-01-16
5037,2024-01-16 11:15:00,True,11:15:00,2024-01-16
5038,2024-01-16 11:30:00,True,11:30:00,2024-01-16
5039,2024-01-16 11:45:00,True,11:45:00,2024-01-16
5040,2024-01-16 12:00:00,False,12:00:00,2024-01-16
5041,2024-01-16 12:15:00,False,12:15:00,2024-01-16
5042,2024-01-16 12:30:00,False,12:30:00,2024-01-16
5043,2024-01-16 12:45:00,False,12:45:00,2024-01-16
5044,2024-01-16 13:00:00,False,13:00:00,2024-01-16
5045,2024-01-16 13:15:00,False,13:15:00,2024-01-16
5046,2024-01-16 13:30:00,False,13:30:00,2024-01-16
5047,2024-01-16 13:45:00,False,13:45:00,2024-01-16
5048,2024-01-16 14:00:00,False,14:00:00,2024-01-16
5049,2024-01-16 14:15:00,False,14:15:00,2024-01-16
5050,2024-01-16 14:30:00,False,14:30:00,2024-01-16
5051,2024-01-16 14:45:00,False,14:45:00,2024-01-16
5052,2024-01-16 15:00:00,False,15:00:00,2024-01-16
5053,2024-01-16 15:15:00,False,15:15:00,2024-01-16
5054,2024-01-16 15:30:00,False,15:30:00,2024-01-16
5055,2024-01-16 15:45:00,False,15:45:00,2024-01-16
5056,2024-01-16 16:00:00,False,16:00:00,2024-01-16
5057,2024-01-16 16:15:00,False,16:15:00,2024-01-16
5058,2024-01-16 16:30:00,False,16:30:00,2024-01-16
5059,2024-01-16 16:45:00,False,16:45:00,2024-01-16
5060,2024-01-16 17:00:00,False,17:00:00,2024-01-16
5061,2024-01-16 17:15:00,False,17:15:00,2024-01-16
5062,2024-01-16 17:30:00,False,17:30:00,2024-01-16
5063,2024-01-16 17:45:00,False,17:45:00,2024-01-16
5064,2024-01-16 18:00:00,False,18:00:00,2024-01-16
5065,2024-01-16 18:15:00,False,18:15:00,2024-01-16
5066,2024-01-16 18:30:00,False,18:30:00,2024-01-16
5067,2024-01-16 18:45:00,False,18:45:00,2024-01-16
5068,2024-01-16 19:00:00,False,19:00:00,2024-01-16
5069,2024-01-16 19:15:00,False,19:15:00,2024-01-16
5070,2024-01-16 19:30:00,False,19:30:00,2024-01-16
5071,2024-01-16 19:45:00,False,19:45:00,2024-01-16
5072,2024-01-16 20:00:00,False,20:00:00,2024-01-16
5073,2024-01-16 20:15:00,False,20:15:00,2024-01-16
5074,2024-01-16 20:30:00,False,20:30:00,2024-01-16
5075,2024-01-16 20:45:00,False,20:45:00,2024-01-16
5076,2024-01-16 21:00:00,False,21:00:00,2024-01-16
5077,2024-01-16 21:15:00,False,21:15:00,2024-01-16
5078,2024-01-16 21:30:00,False,21:30:00,2024-01-16
5079,2024-01-16 21:45:00,False,21:45:00,2024-01-16
5080,2024-01-16 22:00:00,False,22:00:00,2024-01-16
5081,2024-01-16 22:15:00,False,22:15:00,2024-01-16
5082,2024-01-16 22:30:00,False,22:30:00,2024-01-16
5083,2024-01-16 22:45:00,False,22:45:00,2024-01-16
5084,2024-01-16 23:00:00,False,23:00:00,2024-01-16
5085,2024-01-16 23:15:00,False,23:15:00,2024-01-16
5086,2024-01-16 23:30:00,False,23:30:00,2024-01-16
5087,2024-01-16 23:45:00,False,23:45:00,2024-01-16
5088,2024-01-17 00:00:00,False,00:00:00,2024-01-17
5089,2024-01-17 00:15:00,False,00:15:00,2024-01-17
5090,2024-01-17 00:30:00,False,00:30:00,2024-01-17
5091,2024-01-17 00:45:00,False,00:45:00,2024-01-17
5092,2024-01-17 01:00:00,False,01:00:00,2024-01-17
5093,2024-01-17 01:15:00,False,01:15:00,2024-01-17
5094,2024-01-17 01:30:00,False,01:30:00,2024-01-17
5095,2024-01-17 01:45:00,False,01:45:00,2024-01-17
5096,2024-01-17 02:00:00,False,02:00:00,2024-01-17
5097,2024-01-17 02:15:00,False,02:15:00,2024-01-17
5098,2024-01-17 02:30:00,False,02:30:00,2024-01-17
5099,2024-01-17 02:45:00,False,02:45:00,2024-01-17
5100,2024-01-17 03:00:00,False,03:00:00,2024-01-17
5101,2024-01-17 03:15:00,False,03:15:00,2024-01-17
5102,2024-01-17 03:30:00,False,03:30:00,2024-01-17
5103,2024-01-17 03:45:00,False,03:45:00,2024-01-17
5104,2024-01-17 04:00:00,False,04:00:00,2024-01-17
5105,2024-01-17 04:15:00,False,04:15:00,2024-01-17
5106,2024-01-17 04:30:00,False,04:30:00,2024-01-17
5107,2024-01-17 04:45:00,False,04:45:00,2024-01-17
5108,2024-01-17 05:00:00,False,05:00:00,2024-01-17
5109,2024-01-17 05:15:00,False,05:15:00,2024-01-17
5110,2024-01-17 05:30:00,False,05:30:00,2024-01-17
5111,2024-01-17 05:45:00,False,05:45:00,2024-01-17
5112,2024-01-17 06:00:00,False,06:00:00,2024-01-17
5113,2024-01-17 06:15:00,False,06:15:00,2024-01-17
5114,2024-01-17 06:30:00,False,06:30:00,2024-01-17
5115,2024-01-17 06:45:00,False,06:45:00,2024-01-17
5116,2024-01-17 07:00:00,False,07:00:00,2024-01-17
5117,2024-01-17 07:15:00,False,07:15:00,2024-01-17
5118,2024-01-17 07:30:00,False,07:30:00,2024-01-17
5119,2024-01-17 07:45:00,False,07:45:00,2024-01-17
5120,2024-01-17 08:00:00,False,08:00:00,2024-01-17
5121,2024-01-17 08:15:00,False,08:15:00,2024-01-17
5122,2024-01-17 08:30:00,False,08:30:00,2024-01-17
5123,2024-01-17 08:45:00,False,08:45:00,2024-01-17
5124,2024-01-17 09:00:00,False,09:00:00,2024-01-17
5125,2024-01-17 09:15:00,False,09:15:00,2024-01-17
5126,2024-01-17 09:30:00,False,09:30:00,2024-01-17
5127,2024-01-17 09:45:00,False,09:45:00,2024-01-17
5128,2024-01-17 10:00:00,False,10:00:00,2024-01-17
5129,2024-01-17 10:15:00,False,10:15:00,2024-01-17
5130,2024-01-17 10:30:00,False,10:30:00,2024-01-17
5131,2024-01-17 10:45:00,False,10:45:00,2024-01-17
5132,2024-01-17 11:00:00,False,11:00:00,2024-01-17
5133,2024-01-17 11:15:00,False,11:15:00,2024-01-17
5134,2024-01-17 11:30:00,False,11:30:00,2024-01-17
5135,2024-01-17 11:45:00,False,11:45:00,2024-01-17
5136,2024-01-17 12:00:00,False,12:00:00,2024-01-17
5137,2024-01-17 12:15:00,False,12:15:00,2024-01-17
5138,2024-01-17 12:30:00,False,12:30:00,2024-01-17
5139,2024-01-17 12:45:00,False,12:45:00,2024-01-17
5140,2024-01-17 13:00:00,False,13:00:00,2024-01-17
5141,2024-01-17 13:15:00,False,13:15:00,2024-01-17
5142,2024-01-17 13:30:00,False,13:30:00,2024-01-17
5143,2024-01-17 13:45:00,False,13:45:00,2024-01-17
5144,2024-01-17 14:00:00,False,14:00:00,2024-01-17
5145,2024-01-17 14:15:00,False,14:15:00,2024-01-17
5146,2024-01-17 14:30:00,False,14:30:00,2024-01-17
5147,2024-01-17 14:45:00,False,14:45:00,2024-01-17
5148,2024-01-17 15:00:00,False,15:00:00,2024-01-17
5149,2024-01-17 15:15:00,False,15:15:00,2024-01-17
5150,2024-01-17 15:30:00,False,15:30:00,2024-01-17
5151,2024-01-17 15:45:00,False,15:45:00,2024-01-17
5152,2024-01-17 16:00:00,False,16:00:00,2024-01-17
5153,2024-01-17 16:15:00,False,16:15:00,2024-01-17
5154,2024-01-17 16:30:00,False,16:30:00,2024-01-17
5155,2024-01-17 16:45:00,False,16:45:00,2024-01-17
5156,2024-01-17 17:00:00,False,17:00:00,2024-01-17
5157,2024-01-17 17:15:00,False,17:15:00,2024-01-17
5158,2024-01-17 17:30:00,False,17:30:00,2024-01-17
5159,2024-01-17 17:45:00,False,17:45:00,2024-01-17
5160,2024-01-17 18:00:00,False,18:00:00,2024-01-17
5161,2024-01-17 18:15:00,False,18:15:00,2024-01-17
5162,2024-01-17 18:30:00,False,18:30:00,2024-01-17
5163,2024-01-17 18:45:00,False,18:45:00,2024-01-17
5164,2024-01-17 19:00:00,False,19:00:00,2024-01-17
5165,2024-01-17 19:15:00,False,19:15:00,2024-01-17
5166,2024-01-17 19:30:00,False,19:30:00,2024-01-17
5167,2024-01-17 19:45:00,False,19:45:00,2024-01-17
5168,2024-01-17 20:00:00,False,20:00:00,2024-01-17
5169,2024-01-17 20:15:00,False,20:15:00,2024-01-17
5170,2024-01-17 20:30:00,False,20:30:00,2024-01-17
5171,2024-01-17 20:45:00,False,20:45:00,2024-01-17
5172,2024-01-17 21:00:00,False,21:00:00,2024-01-17
5173,2024-01-17 21:15:00,False,21:15:00,2024-01-17
5174,2024-01-17 21:30:00,False,21:30:00,2024-01-17
5175,2024-01-17 21:45:00,False,21:45:00,2024-01-17
5176,2024-01-17 22:00:00,False,22:00:00,2024-01-17
5177,2024-01-17 22:15:00,False,22:15:00,2024-01-17
5178,2024-01-17 22:30:00,False,22:30:00,2024-01-17
5179,2024-01-17 22:45:00,False,22:45:00,2024-01-17
5180,2024-01-17 23:00:00,False,23:00:00,2024-01-17
5181,2024-01-17 23:15:00,False,23:15:00,2024-01-17
5182,2024-01-17 23:30:00,False,23:30:00,2024-01-17
5183,2024-01-17 23:45:00,False,23:45:00,2024-01-17
5184,2024-01-18 00:00:00,False,00:00:00,2024-01-18
5185,2024-01-18 00:15:00,False,00:15:00,2024-01-18
5186,2024-01-18 00:30:00,False,00:30:00,2024-01-18
5187,2024-01-18 00:45:00,False,00:45:00,2024-01-18
5188,2024-01-18 01:00:00,False,01:00:00,2024-01-18
5189,2024-01-18 01:15:00,False,01:15:00,2024-01-18
5190,2024-01-18 01:30:00,False,01:30:00,2024-01-18
5191,2024-01-18 01:45:00,False,01:45:00,2024-01-18
5192,2024-01-18 02:00:00,False,02:00:00,2024-01-18
5193,2024-01-18 02:15:00,False,02:15:00,2024-01-18
5194,2024-01-18 02:30:00,False,02:30:00,2024-01-18
5195,2024-01-18 02:45:00,False,02:45:00,2024-01-18
5196,2024-01-18 03:00:00,False,03:00:00,2024-01-18
5197,2024-01-18 03:15:00,False,03:15:00,2024-01-18
5198,2024-01-18 03:30:00,False,03:30:00,2024-01-18
5199,2024-01-18 03:45:00,False,03:45:00,2024-01-18
5200,2024-01-18 04:00:00,False,04:00:00,2024-01-18
5201,2024-01-18 04:15:00,False,04:15:00,2024-01-18
5202,2024-01-18 04:30:00,False,04:30:00,2024-01-18
5203,2024-01-18 04:45:00,False,04:45:00,2024-01-18
5204,2024-01-18 05:00:00,False,05:00:00,2024-01-18
5205,2024-01-18 05:15:00,False,05:15:00,2024-01-18
5206,2024-01-18 05:30:00,False,05:30:00,2024-01-18
5207,2024-01-18 05:45:00,False,05:45:00,2024-01-18
5208,2024-01-18 06:00:00,False,06:00:00,2024-01-18
5209,2024-01-18 06:15:00,False,06:15:00,2024-01-18
5210,2024-01-18 06:30:00,False,06:30:00,2024-01-18
5211,2024-01-18 06:45:00,False,06:45:00,2024-01-18
5212,2024-01-18 07:00:00,False,07:00:00,2024-01-18
5213,2024-01-18 07:15:00,False,07:15:00,2024-01-18
5214,2024-01-18 07:30:00,False,07:30:00,2024-01-18
5215,2024-01-18 07:45:00,True,07:45:00,2024-01-18
5216,2024-01-18 08:00:00,False,08:00:00,2024-01-18
5217,2024-01-18 08:15:00,False,08:15:00,2024-01-18
5218,2024-01-18 08:30:00,False,08:30:00,2024-01-18
5219,2024-01-18 08:45:00,False,08:45:00,2024-01-18
5220,2024-01-18 09:00:00,False,09:00:00,2024-01-18
5221,2024-01-18 09:15:00,False,09:15:00,2024-01-18
5222,2024-01-18 09:30:00,False,09:30:00,2024-01-18
5223,2024-01-18 09:45:00,False,09:45:00,2024-01-18
5224,2024-01-18 10:00:00,False,10:00:00,2024-01-18
5225,2024-01-18 10:15:00,False,10:15:00,2024-01-18
5226,2024-01-18 10:30:00,False,10:30:00,2024-01-18
5227,2024-01-18 10:45:00,False,10:45:00,2024-01-18
5228,2024-01-18 11:00:00,False,11:00:00,2024-01-18
5229,2024-01-18 11:15:00,False,11:15:00,2024-01-18
5230,2024-01-18 11:30:00,False,11:30:00,2024-01-18
5231,2024-01-18 11:45:00,False,11:45:00,2024-01-18
5232,2024-01-18 12:00:00,False,12:00:00,2024-01-18
5233,2024-01-18 12:15:00,False,12:15:00,2024-01-18
5234,2024-01-18 12:30:00,False,12:30:00,2024-01-18
5235,2024-01-18 12:45:00,False,12:45:00,2024-01-18
5236,2024-01-18 13:00:00,False,13:00:00,2024-01-18
5237,2024-01-18 13:15:00,False,13:15:00,2024-01-18
5238,2024-01-18 13:30:00,False,13:30:00,2024-01-18
5239,2024-01-18 13:45:00,False,13:45:00,2024-01-18
5240,2024-01-18 14:00:00,False,14:00:00,2024-01-18
5241,2024-01-18 14:15:00,False,14:15:00,2024-01-18
5242,2024-01-18 14:30:00,False,14:30:00,2024-01-18
5243,2024-01-18 14:45:00,False,14:45:00,2024-01-18
5244,2024-01-18 15:00:00,False,15:00:00,2024-01-18
5245,2024-01-18 15:15:00,False,15:15:00,2024-01-18
5246,2024-01-18 15:30:00,False,15:30:00,2024-01-18
5247,2024-01-18 15:45:00,False,15:45:00,2024-01-18
5248,2024-01-18 16:00:00,False,16:00:00,2024-01-18
5249,2024-01-18 16:15:00,False,16:15:00,2024-01-18
5250,2024-01-18 16:30:00,False,16:30:00,2024-01-18
5251,2024-01-18 16:45:00,False,16:45:00,2024-01-18
5252,2024-01-18 17:00:00,False,17:00:00,2024-01-18
5253,2024-01-18 17:15:00,False,17:15:00,2024-01-18
5254,2024-01-18 17:30:00,False,17:30:00,2024-01-18
5255,2024-01-18 17:45:00,False,17:45:00,2024-01-18
5256,2024-01-18 18:00:00,False,18:00:00,2024-01-18
5257,2024-01-18 18:15:00,False,18:15:00,2024-01-18
5258,2024-01-18 18:30:00,False,18:30:00,2024-01-18
5259,2024-01-18 18:45:00,False,18:45:00,2024-01-18
5260,2024-01-18 19:00:00,False,19:00:00,2024-01-18
5261,2024-01-18 19:15:00,False,19:15:00,2024-01-18
5262,2024-01-18 19:30:00,False,19:30:00,2024-01-18
5263,2024-01-18 19:45:00,False,19:45:00,2024-01-18
5264,2024-01-18 20:00:00,False,20:00:00,2024-01-18
5265,2024-01-18 20:15:00,False,20:15:00,2024-01-18
5266,2024-01-18 20:30:00,False,20:30:00,2024-01-18
5267,2024-01-18 20:45:00,False,20:45:00,2024-01-18
5268,2024-01-18 21:00:00,False,21:00:00,2024-01-18
5269,2024-01-18 21:15:00,False,21:15:00,2024-01-18
5270,2024-01-18 21:30:00,False,21:30:00,2024-01-18
5271,2024-01-18 21:45:00,False,21:45:00,2024-01-18
5272,2024-01-18 22:00:00,False,22:00:00,2024-01-18
5273,2024-01-18 22:15:00,False,22:15:00,2024-01-18
5274,2024-01-18 22:30:00,False,22:30:00,2024-01-18
5275,2024-01-18 22:45:00,False,22:45:00,2024-01-18
5276,2024-01-18 23:00:00,False,23:00:00,2024-01-18
5277,2024-01-18 23:15:00,False,23:15:00,2024-01-18
5278,2024-01-18 23:30:00,False,23:30:00,2024-01-18
5279,2024-01-18 23:45:00,False,23:45:00,2024-01-18
5280,2024-01-19 00:00:00,False,00:00:00,2024-01-19
5281,2024-01-19 00:15:00,False,00:15:00,2024-01-19
5282,2024-01-19 00:30:00,False,00:30:00,2024-01-19
5283,2024-01-19 00:45:00,False,00:45:00,2024-01-19
5284,2024-01-19 01:00:00,False,01:00:00,2024-01-19
5285,2024-01-19 01:15:00,False,01:15:00,2024-01-19
5286,2024-01-19 01:30:00,False,01:30:00,2024-01-19
5287,2024-01-19 01:45:00,False,01:45:00,2024-01-19
5288,2024-01-19 02:00:00,False,02:00:00,2024-01-19
5289,2024-01-19 02:15:00,False,02:15:00,2024-01-19
5290,2024-01-19 02:30:00,False,02:30:00,2024-01-19
5291,2024-01-19 02:45:00,False,02:45:00,2024-01-19
5292,2024-01-19 03:00:00,False,03:00:00,2024-01-19
5293,2024-01-19 03:15:00,False,03:15:00,2024-01-19
5294,2024-01-19 03:30:00,False,03:30:00,2024-01-19
5295,2024-01-19 03:45:00,False,03:45:00,2024-01-19
5296,2024-01-19 04:00:00,False,04:00:00,2024-01-19
5297,2024-01-19 04:15:00,False,04:15:00,2024-01-19
5298,2024-01-19 04:30:00,False,04:30:00,2024-01-19
5299,2024-01-19 04:45:00,False,04:45:00,2024-01-19
5300,2024-01-19 05:00:00,False,05:00:00,2024-01-19
5301,2024-01-19 05:15:00,False,05:15:00,2024-01-19
5302,2024-01-19 05:30:00,False,05:30:00,2024-01-19
5303,2024-01-19 05:45:00,False,05:45:00,2024-01-19
5304,2024-01-19 06:00:00,False,06:00:00,2024-01-19
5305,2024-01-19 06:15:00,False,06:15:00,2024-01-19
5306,2024-01-19 06:30:00,False,06:30:00,2024-01-19
5307,2024-01-19 06:45:00,False,06:45:00,2024-01-19
5308,2024-01-19 07:00:00,False,07:00:00,2024-01-19
5309,2024-01-19 07:15:00,True,07:15:00,2024-01-19
5310,2024-01-19 07:30:00,False,07:30:00,2024-01-19
5311,2024-01-19 07:45:00,False,07:45:00,2024-01-19
5312,2024-01-19 08:00:00,False,08:00:00,2024-01-19
5313,2024-01-19 08:15:00,False,08:15:00,2024-01-19
5314,2024-01-19 08:30:00,False,08:30:00,2024-01-19
5315,2024-01-19 08:45:00,False,08:45:00,2024-01-19
5316,2024-01-19 09:00:00,False,09:00:00,2024-01-19
5317,2024-01-19 09:15:00,False,09:15:00,2024-01-19
5318,2024-01-19 09:30:00,False,09:30:00,2024-01-19
5319,2024-01-19 09:45:00,False,09:45:00,2024-01-19
5320,2024-01-19 10:00:00,False,10:00:00,2024-01-19
5321,2024-01-19 10:15:00,False,10:15:00,2024-01-19
5322,2024-01-19 10:30:00,False,10:30:00,2024-01-19
5323,2024-01-19 10:45:00,False,10:45:00,2024-01-19
5324,2024-01-19 11:00:00,False,11:00:00,2024-01-19
5325,2024-01-19 11:15:00,False,11:15:00,2024-01-19
5326,2024-01-19 11:30:00,False,11:30:00,2024-01-19
5327,2024-01-19 11:45:00,False,11:45:00,2024-01-19
5328,2024-01-19 12:00:00,False,12:00:00,2024-01-19
5329,2024-01-19 12:15:00,False,12:15:00,2024-01-19
5330,2024-01-19 12:30:00,False,12:30:00,2024-01-19
5331,2024-01-19 12:45:00,False,12:45:00,2024-01-19
5332,2024-01-19 13:00:00,False,13:00:00,2024-01-19
5333,2024-01-19 13:15:00,False,13:15:00,2024-01-19
5334,2024-01-19 13:30:00,False,13:30:00,2024-01-19
5335,2024-01-19 13:45:00,False,13:45:00,2024-01-19
5336,2024-01-19 14:00:00,False,14:00:00,2024-01-19
5337,2024-01-19 14:15:00,False,14:15:00,2024-01-19
5338,2024-01-19 14:30:00,False,14:30:00,2024-01-19
5339,2024-01-19 14:45:00,False,14:45:00,2024-01-19
5340,2024-01-19 15:00:00,False,15:00:00,2024-01-19
5341,2024-01-19 15:15:00,False,15:15:00,2024-01-19
5342,2024-01-19 15:30:00,False,15:30:00,2024-01-19
5343,2024-01-19 15:45:00,False,15:45:00,2024-01-19
5344,2024-01-19 16:00:00,False,16:00:00,2024-01-19
5345,2024-01-19 16:15:00,False,16:15:00,2024-01-19
5346,2024-01-19 16:30:00,False,16:30:00,2024-01-19
5347,2024-01-19 16:45:00,False,16:45:00,2024-01-19
5348,2024-01-19 17:00:00,False,17:00:00,2024-01-19
5349,2024-01-19 17:15:00,False,17:15:00,2024-01-19
5350,2024-01-19 17:30:00,False,17:30:00,2024-01-19
5351,2024-01-19 17:45:00,False,17:45:00,2024-01-19
5352,2024-01-19 18:00:00,False,18:00:00,2024-01-19
5353,2024-01-19 18:15:00,False,18:15:00,2024-01-19
5354,2024-01-19 18:30:00,False,18:30:00,2024-01-19
5355,2024-01-19 18:45:00,False,18:45:00,2024-01-19
5356,2024-01-19 19:00:00,False,19:00:00,2024-01-19
5357,2024-01-19 19:15:00,False,19:15:00,2024-01-19
5358,2024-01-19 19:30:00,False,19:30:00,2024-01-19
5359,2024-01-19 19:45:00,False,19:45:00,2024-01-19
5360,2024-01-19 20:00:00,False,20:00:00,2024-01-19
5361,2024-01-19 20:15:00,False,20:15:00,2024-01-19
5362,2024-01-19 20:30:00,False,20:30:00,2024-01-19
5363,2024-01-19 20:45:00,False,20:45:00,2024-01-19
5364,2024-01-19 21:00:00,False,21:00:00,2024-01-19
5365,2024-01-19 21:15:00,False,21:15:00,2024-01-19
5366,2024-01-19 21:30:00,False,21:30:00,2024-01-19
5367,2024-01-19 21:45:00,False,21:45:00,2024-01-19
5368,2024-01-19 22:00:00,False,22:00:00,2024-01-19
5369,2024-01-19 22:15:00,False,22:15:00,2024-01-19
5370,2024-01-19 22:30:00,False,22:30:00,2024-01-19
5371,2024-01-19 22:45:00,False,22:45:00,2024-01-19
5372,2024-01-19 23:00:00,False,23:00:00,2024-01-19
5373,2024-01-19 23:15:00,False,23:15:00,2024-01-19
5374,2024-01-19 23:30:00,False,23:30:00,2024-01-19
5375,2024-01-19 23:45:00,False,23:45:00,2024-01-19
5376,2024-01-20 00:00:00,False,00:00:00,2024-01-20
5377,2024-01-20 00:15:00,False,00:15:00,2024-01-20
5378,2024-01-20 00:30:00,False,00:30:00,2024-01-20
5379,2024-01-20 00:45:00,False,00:45:00,2024-01-20
5380,2024-01-20 01:00:00,False,01:00:00,2024-01-20
5381,2024-01-20 01:15:00,False,01:15:00,2024-01-20
5382,2024-01-20 01:30:00,False,01:30:00,2024-01-20
5383,2024-01-20 01:45:00,False,01:45:00,2024-01-20
5384,2024-01-20 02:00:00,False,02:00:00,2024-01-20
5385,2024-01-20 02:15:00,False,02:15:00,2024-01-20
5386,2024-01-20 02:30:00,False,02:30:00,2024-01-20
5387,2024-01-20 02:45:00,False,02:45:00,2024-01-20
5388,2024-01-20 03:00:00,False,03:00:00,2024-01-20
5389,2024-01-20 03:15:00,False,03:15:00,2024-01-20
5390,2024-01-20 03:30:00,False,03:30:00,2024-01-20
5391,2024-01-20 03:45:00,False,03:45:00,2024-01-20
5392,2024-01-20 04:00:00,False,04:00:00,2024-01-20
5393,2024-01-20 04:15:00,False,04:15:00,2024-01-20
5394,2024-01-20 04:30:00,False,04:30:00,2024-01-20
5395,2024-01-20 04:45:00,False,04:45:00,2024-01-20
5396,2024-01-20 05:00:00,False,05:00:00,2024-01-20
5397,2024-01-20 05:15:00,False,05:15:00,2024-01-20
5398,2024-01-20 05:30:00,False,05:30:00,2024-01-20
5399,2024-01-20 05:45:00,False,05:45:00,2024-01-20
5400,2024-01-20 06:00:00,False,06:00:00,2024-01-20
5401,2024-01-20 06:15:00,False,06:15:00,2024-01-20
5402,2024-01-20 06:30:00,False,06:30:00,2024-01-20
5403,2024-01-20 06:45:00,False,06:45:00,2024-01-20
5404,2024-01-20 07:00:00,False,07:00:00,2024-01-20
5405,2024-01-20 07:15:00,False,07:15:00,2024-01-20
5406,2024-01-20 07:30:00,False,07:30:00,2024-01-20
5407,2024-01-20 07:45:00,False,07:45:00,2024-01-20
5408,2024-01-20 08:00:00,False,08:00:00,2024-01-20
5409,2024-01-20 08:15:00,False,08:15:00,2024-01-20
5410,2024-01-20 08:30:00,False,08:30:00,2024-01-20
5411,2024-01-20 08:45:00,False,08:45:00,2024-01-20
5412,2024-01-20 09:00:00,False,09:00:00,2024-01-20
5413,2024-01-20 09:15:00,False,09:15:00,2024-01-20
5414,2024-01-20 09:30:00,False,09:30:00,2024-01-20
5415,2024-01-20 09:45:00,False,09:45:00,2024-01-20
5416,2024-01-20 10:00:00,False,10:00:00,2024-01-20
5417,2024-01-20 10:15:00,False,10:15:00,2024-01-20
5418,2024-01-20 10:30:00,False,10:30:00,2024-01-20
5419,2024-01-20 10:45:00,False,10:45:00,2024-01-20
5420,2024-01-20 11:00:00,False,11:00:00,2024-01-20
5421,2024-01-20 11:15:00,False,11:15:00,2024-01-20
5422,2024-01-20 11:30:00,False,11:30:00,2024-01-20
5423,2024-01-20 11:45:00,False,11:45:00,2024-01-20
5424,2024-01-20 12:00:00,False,12:00:00,2024-01-20
5425,2024-01-20 12:15:00,False,12:15:00,2024-01-20
5426,2024-01-20 12:30:00,False,12:30:00,2024-01-20
5427,2024-01-20 12:45:00,False,12:45:00,2024-01-20
5428,2024-01-20 13:00:00,False,13:00:00,2024-01-20
5429,2024-01-20 13:15:00,False,13:15:00,2024-01-20
5430,2024-01-20 13:30:00,False,13:30:00,2024-01-20
5431,2024-01-20 13:45:00,False,13:45:00,2024-01-20
5432,2024-01-20 14:00:00,False,14:00:00,2024-01-20
5433,2024-01-20 14:15:00,False,14:15:00,2024-01-20
5434,2024-01-20 14:30:00,False,14:30:00,2024-01-20
5435,2024-01-20 14:45:00,False,14:45:00,2024-01-20
5436,2024-01-20 15:00:00,False,15:00:00,2024-01-20
5437,2024-01-20 15:15:00,False,15:15:00,2024-01-20
5438,2024-01-20 15:30:00,False,15:30:00,2024-01-20
5439,2024-01-20 15:45:00,False,15:45:00,2024-01-20
5440,2024-01-20 16:00:00,False,16:00:00,2024-01-20
5441,2024-01-20 16:15:00,False,16:15:00,2024-01-20
5442,2024-01-20 16:30:00,False,16:30:00,2024-01-20
5443,2024-01-20 16:45:00,False,16:45:00,2024-01-20
5444,2024-01-20 17:00:00,False,17:00:00,2024-01-20
5445,2024-01-20 17:15:00,False,17:15:00,2024-01-20
5446,2024-01-20 17:30:00,False,17:30:00,2024-01-20
5447,2024-01-20 17:45:00,False,17:45:00,2024-01-20
5448,2024-01-20 18:00:00,False,18:00:00,2024-01-20
5449,2024-01-20 18:15:00,False,18:15:00,2024-01-20
5450,2024-01-20 18:30:00,False,18:30:00,2024-01-20
5451,2024-01-20 18:45:00,False,18:45:00,2024-01-20
5452,2024-01-20 19:00:00,False,19:00:00,2024-01-20
5453,2024-01-20 19:15:00,False,19:15:00,2024-01-20
5454,2024-01-20 19:30:00,False,19:30:00,2024-01-20
5455,2024-01-20 19:45:00,False,19:45:00,2024-01-20
5456,2024-01-20 20:00:00,False,20:00:00,2024-01-20
5457,2024-01-20 20:15:00,False,20:15:00,2024-01-20
5458,2024-01-20 20:30:00,False,20:30:00,2024-01-20
5459,2024-01-20 20:45:00,False,20:45:00,2024-01-20
5460,2024-01-20 21:00:00,False,21:00:00,2024-01-20
5461,2024-01-20 21:15:00,False,21:15:00,2024-01-20
5462,2024-01-20 21:30:00,False,21:30:00,2024-01-20
5463,2024-01-20 21:45:00,False,21:45:00,2024-01-20
5464,2024-01-20 22:00:00,False,22:00:00,2024-01-20
5465,2024-01-20 22:15:00,False,22:15:00,2024-01-20
5466,2024-01-20 22:30:00,False,22:30:00,2024-01-20
5467,2024-01-20 22:45:00,False,22:45:00,2024-01-20
5468,2024-01-20 23:00:00,False,23:00:00,2024-01-20
5469,2024-01-20 23:15:00,False,23:15:00,2024-01-20
5470,2024-01-20 23:30:00,False,23:30:00,2024-01-20
5471,2024-01-20 23:45:00,False,23:45:00,2024-01-20
5472,2024-01-21 00:00:00,False,00:00:00,2024-01-21
5473,2024-01-21 00:15:00,False,00:15:00,2024-01-21
5474,2024-01-21 00:30:00,False,00:30:00,2024-01-21
5475,2024-01-21 00:45:00,False,00:45:00,2024-01-21
5476,2024-01-21 01:00:00,False,01:00:00,2024-01-21
5477,2024-01-21 01:15:00,False,01:15:00,2024-01-21
5478,2024-01-21 01:30:00,False,01:30:00,2024-01-21
5479,2024-01-21 01:45:00,False,01:45:00,2024-01-21
5480,2024-01-21 02:00:00,False,02:00:00,2024-01-21
5481,2024-01-21 02:15:00,False,02:15:00,2024-01-21
5482,2024-01-21 02:30:00,False,02:30:00,2024-01-21
5483,2024-01-21 02:45:00,False,02:45:00,2024-01-21
5484,2024-01-21 03:00:00,False,03:00:00,2024-01-21
5485,2024-01-21 03:15:00,False,03:15:00,2024-01-21
5486,2024-01-21 03:30:00,False,03:30:00,2024-01-21
5487,2024-01-21 03:45:00,False,03:45:00,2024-01-21
5488,2024-01-21 04:00:00,False,04:00:00,2024-01-21
5489,2024-01-21 04:15:00,False,04:15:00,2024-01-21
5490,2024-01-21 04:30:00,False,04:30:00,2024-01-21
5491,2024-01-21 04:45:00,False,04:45:00,2024-01-21
5492,2024-01-21 05:00:00,False,05:00:00,2024-01-21
5493,2024-01-21 05:15:00,False,05:15:00,2024-01-21
5494,2024-01-21 05:30:00,False,05:30:00,2024-01-21
5495,2024-01-21 05:45:00,False,05:45:00,2024-01-21
5496,2024-01-21 06:00:00,False,06:00:00,2024-01-21
5497,2024-01-21 06:15:00,False,06:15:00,2024-01-21
5498,2024-01-21 06:30:00,False,06:30:00,2024-01-21
5499,2024-01-21 06:45:00,False,06:45:00,2024-01-21
5500,2024-01-21 07:00:00,False,07:00:00,2024-01-21
5501,2024-01-21 07:15:00,False,07:15:00,2024-01-21
5502,2024-01-21 07:30:00,False,07:30:00,2024-01-21
5503,2024-01-21 07:45:00,False,07:45:00,2024-01-21
5504,2024-01-21 08:00:00,False,08:00:00,2024-01-21
5505,2024-01-21 08:15:00,False,08:15:00,2024-01-21
5506,2024-01-21 08:30:00,False,08:30:00,2024-01-21
5507,2024-01-21 08:45:00,False,08:45:00,2024-01-21
5508,2024-01-21 09:00:00,False,09:00:00,2024-01-21
5509,2024-01-21 09:15:00,False,09:15:00,2024-01-21
5510,2024-01-21 09:30:00,False,09:30:00,2024-01-21
5511,2024-01-21 09:45:00,False,09:45:00,2024-01-21
5512,2024-01-21 10:00:00,False,10:00:00,2024-01-21
5513,2024-01-21 10:15:00,False,10:15:00,2024-01-21
5514,2024-01-21 10:30:00,False,10:30:00,2024-01-21
5515,2024-01-21 10:45:00,False,10:45:00,2024-01-21
5516,2024-01-21 11:00:00,False,11:00:00,2024-01-21
5517,2024-01-21 11:15:00,False,11:15:00,2024-01-21
5518,2024-01-21 11:30:00,False,11:30:00,2024-01-21
5519,2024-01-21 11:45:00,False,11:45:00,2024-01-21
5520,2024-01-21 12:00:00,False,12:00:00,2024-01-21
5521,2024-01-21 12:15:00,False,12:15:00,2024-01-21
5522,2024-01-21 12:30:00,False,12:30:00,2024-01-21
5523,2024-01-21 12:45:00,False,12:45:00,2024-01-21
5524,2024-01-21 13:00:00,False,13:00:00,2024-01-21
5525,2024-01-21 13:15:00,False,13:15:00,2024-01-21
5526,2024-01-21 13:30:00,False,13:30:00,2024-01-21
5527,2024-01-21 13:45:00,False,13:45:00,2024-01-21
5528,2024-01-21 14:00:00,False,14:00:00,2024-01-21
5529,2024-01-21 14:15:00,False,14:15:00,2024-01-21
5530,2024-01-21 14:30:00,False,14:30:00,2024-01-21
5531,2024-01-21 14:45:00,False,14:45:00,2024-01-21
5532,2024-01-21 15:00:00,False,15:00:00,2024-01-21
5533,2024-01-21 15:15:00,False,15:15:00,2024-01-21
5534,2024-01-21 15:30:00,False,15:30:00,2024-01-21
5535,2024-01-21 15:45:00,False,15:45:00,2024-01-21
5536,2024-01-21 16:00:00,False,16:00:00,2024-01-21
5537,2024-01-21 16:15:00,False,16:15:00,2024-01-21
5538,2024-01-21 16:30:00,False,16:30:00,2024-01-21
5539,2024-01-21 16:45:00,False,16:45:00,2024-01-21
5540,2024-01-21 17:00:00,False,17:00:00,2024-01-21
5541,2024-01-21 17:15:00,False,17:15:00,2024-01-21
5542,2024-01-21 17:30:00,False,17:30:00,2024-01-21
5543,2024-01-21 17:45:00,False,17:45:00,2024-01-21
5544,2024-01-21 18:00:00,False,18:00:00,2024-01-21
5545,2024-01-21 18:15:00,False,18:15:00,2024-01-21
5546,2024-01-21 18:30:00,False,18:30:00,2024-01-21
5547,2024-01-21 18:45:00,False,18:45:00,2024-01-21
5548,2024-01-21 19:00:00,False,19:00:00,2024-01-21
5549,2024-01-21 19:15:00,False,19:15:00,2024-01-21
5550,2024-01-21 19:30:00,False,19:30:00,2024-01-21
5551,2024-01-21 19:45:00,False,19:45:00,2024-01-21
5552,2024-01-21 20:00:00,True,20:00:00,2024-01-21
5553,2024-01-21 20:15:00,True,20:15:00,2024-01-21
5554,2024-01-21 20:30:00,True,20:30:00,2024-01-21
5555,2024-01-21 20:45:00,True,20:45:00,2024-01-21
5556,2024-01-21 21:00:00,True,21:00:00,2024-01-21
5557,2024-01-21 21:15:00,True,21:15:00,2024-01-21
5558,2024-01-21 21:30:00,True,21:30:00,2024-01-21
5559,2024-01-21 21:45:00,True,21:45:00,2024-01-21
5560,2024-01-21 22:00:00,False,22:00:00,2024-01-21
5561,2024-01-21 22:15:00,False,22:15:00,2024-01-21
5562,2024-01-21 22:30:00,False,22:30:00,2024-01-21
5563,2024-01-21 22:45:00,False,22:45:00,2024-01-21
5564,2024-01-21 23:00:00,False,23:00:00,2024-01-21
5565,2024-01-21 23:15:00,False,23:15:00,2024-01-21
5566,2024-01-21 23:30:00,False,23:30:00,2024-01-21
5567,2024-01-21 23:45:00,False,23:45:00,2024-01-21
5568,2024-01-22 00:00:00,False,00:00:00,2024-01-22
5569,2024-01-22 00:15:00,False,00:15:00,2024-01-22
5570,2024-01-22 00:30:00,False,00:30:00,2024-01-22
5571,2024-01-22 00:45:00,False,00:45:00,2024-01-22
5572,2024-01-22 01:00:00,False,01:00:00,2024-01-22
5573,2024-01-22 01:15:00,False,01:15:00,2024-01-22
5574,2024-01-22 01:30:00,False,01:30:00,2024-01-22
5575,2024-01-22 01:45:00,False,01:45:00,2024-01-22
5576,2024-01-22 02:00:00,False,02:00:00,2024-01-22
5577,2024-01-22 02:15:00,False,02:15:00,2024-01-22
5578,2024-01-22 02:30:00,False,02:30:00,2024-01-22
5579,2024-01-22 02:45:00,False,02:45:00,2024-01-22
5580,2024-01-22 03:00:00,False,03:00:00,2024-01-22
5581,2024-01-22 03:15:00,False,03:15:00,2024-01-22
5582,2024-01-22 03:30:00,False,03:30:00,2024-01-22
5583,2024-01-22 03:45:00,False,03:45:00,2024-01-22
5584,2024-01-22 04:00:00,False,04:00:00,2024-01-22
5585,2024-01-22 04:15:00,False,04:15:00,2024-01-22
5586,2024-01-22 04:30:00,False,04:30:00,2024-01-22
5587,2024-01-22 04:45:00,False,04:45:00,2024-01-22
5588,2024-01-22 05:00:00,False,05:00:00,2024-01-22
5589,2024-01-22 05:15:00,False,05:15:00,2024-01-22
5590,2024-01-22 05:30:00,False,05:30:00,2024-01-22
5591,2024-01-22 05:45:00,False,05:45:00,2024-01-22
5592,2024-01-22 06:00:00,False,06:00:00,2024-01-22
5593,2024-01-22 06:15:00,False,06:15:00,2024-01-22
5594,2024-01-22 06:30:00,False,06:30:00,2024-01-22
5595,2024-01-22 06:45:00,False,06:45:00,2024-01-22
5596,2024-01-22 07:00:00,False,07:00:00,2024-01-22
5597,2024-01-22 07:15:00,False,07:15:00,2024-01-22
5598,2024-01-22 07:30:00,False,07:30:00,2024-01-22
5599,2024-01-22 07:45:00,False,07:45:00,2024-01-22
5600,2024-01-22 08:00:00,False,08:00:00,2024-01-22
5601,2024-01-22 08:15:00,False,08:15:00,2024-01-22
5602,2024-01-22 08:30:00,False,08:30:00,2024-01-22
5603,2024-01-22 08:45:00,False,08:45:00,2024-01-22
5604,2024-01-22 09:00:00,False,09:00:00,2024-01-22
5605,2024-01-22 09:15:00,False,09:15:00,2024-01-22
5606,2024-01-22 09:30:00,True,09:30:00,2024-01-22
5607,2024-01-22 09:45:00,True,09:45:00,2024-01-22
5608,2024-01-22 10:00:00,True,10:00:00,2024-01-22
5609,2024-01-22 10:15:00,True,10:15:00,2024-01-22
5610,2024-01-22 10:30:00,True,10:30:00,2024-01-22
5611,2024-01-22 10:45:00,True,10:45:00,2024-01-22
5612,2024-01-22 11:00:00,False,11:00:00,2024-01-22
5613,2024-01-22 11:15:00,False,11:15:00,2024-01-22
5614,2024-01-22 11:30:00,False,11:30:00,2024-01-22
5615,2024-01-22 11:45:00,False,11:45:00,2024-01-22
5616,2024-01-22 12:00:00,False,12:00:00,2024-01-22
5617,2024-01-22 12:15:00,False,12:15:00,2024-01-22
5618,2024-01-22 12:30:00,False,12:30:00,2024-01-22
5619,2024-01-22 12:45:00,False,12:45:00,2024-01-22
5620,2024-01-22 13:00:00,False,13:00:00,2024-01-22
5621,2024-01-22 13:15:00,False,13:15:00,2024-01-22
5622,2024-01-22 13:30:00,False,13:30:00,2024-01-22
5623,2024-01-22 13:45:00,False,13:45:00,2024-01-22
5624,2024-01-22 14:00:00,False,14:00:00,2024-01-22
5625,2024-01-22 14:15:00,False,14:15:00,2024-01-22
5626,2024-01-22 14:30:00,False,14:30:00,2024-01-22
5627,2024-01-22 14:45:00,False,14:45:00,2024-01-22
5628,2024-01-22 15:00:00,False,15:00:00,2024-01-22
5629,2024-01-22 15:15:00,False,15:15:00,2024-01-22
5630,2024-01-22 15:30:00,False,15:30:00,2024-01-22
5631,2024-01-22 15:45:00,False,15:45:00,2024-01-22
5632,2024-01-22 16:00:00,False,16:00:00,2024-01-22
5633,2024-01-22 16:15:00,False,16:15:00,2024-01-22
5634,2024-01-22 16:30:00,False,16:30:00,2024-01-22
5635,2024-01-22 16:45:00,False,16:45:00,2024-01-22
5636,2024-01-22 17:00:00,False,17:00:00,2024-01-22
5637,2024-01-22 17:15:00,False,17:15:00,2024-01-22
5638,2024-01-22 17:30:00,False,17:30:00,2024-01-22
5639,2024-01-22 17:45:00,False,17:45:00,2024-01-22
5640,2024-01-22 18:00:00,False,18:00:00,2024-01-22
5641,2024-01-22 18:15:00,False,18:15:00,2024-01-22
5642,2024-01-22 18:30:00,False,18:30:00,2024-01-22
5643,2024-01-22 18:45:00,False,18:45:00,2024-01-22
5644,2024-01-22 19:00:00,False,19:00:00,2024-01-22
5645,2024-01-22 19:15:00,False,19:15:00,2024-01-22
5646,2024-01-22 19:30:00,False,19:30:00,2024-01-22
5647,2024-01-22 19:45:00,False,19:45:00,2024-01-22
5648,2024-01-22 20:00:00,False,20:00:00,2024-01-22
5649,2024-01-22 20:15:00,False,20:15:00,2024-01-22
5650,2024-01-22 20:30:00,False,20:30:00,2024-01-22
5651,2024-01-22 20:45:00,False,20:45:00,2024-01-22
5652,2024-01-22 21:00:00,False,21:00:00,2024-01-22
5653,2024-01-22 21:15:00,False,21:15:00,2024-01-22
5654,2024-01-22 21:30:00,False,21:30:00,2024-01-22
5655,2024-01-22 21:45:00,False,21:45:00,2024-01-22
5656,2024-01-22 22:00:00,False,22:00:00,2024-01-22
5657,2024-01-22 22:15:00,False,22:15:00,2024-01-22
5658,2024-01-22 22:30:00,False,22:30:00,2024-01-22
5659,2024-01-22 22:45:00,False,22:45:00,2024-01-22
5660,2024-01-22 23:00:00,False,23:00:00,2024-01-22
5661,2024-01-22 23:15:00,False,23:15:00,2024-01-22
5662,2024-01-22 23:30:00,False,23:30:00,2024-01-22
5663,2024-01-22 23:45:00,False,23:45:00,2024-01-22
5664,2024-01-23 00:00:00,False,00:00:00,2024-01-23
5665,2024-01-23 00:15:00,False,00:15:00,2024-01-23
5666,2024-01-23 00:30:00,False,00:30:00,2024-01-23
5667,2024-01-23 00:45:00,False,00:45:00,2024-01-23
5668,2024-01-23 01:00:00,False,01:00:00,2024-01-23
5669,2024-01-23 01:15:00,False,01:15:00,2024-01-23
5670,2024-01-23 01:30:00,False,01:30:00,2024-01-23
5671,2024-01-23 01:45:00,False,01:45:00,2024-01-23
5672,2024-01-23 02:00:00,False,02:00:00,2024-01-23
5673,2024-01-23 02:15:00,False,02:15:00,2024-01-23
5674,2024-01-23 02:30:00,False,02:30:00,2024-01-23
5675,2024-01-23 02:45:00,False,02:45:00,2024-01-23
5676,2024-01-23 03:00:00,False,03:00:00,2024-01-23
5677,2024-01-23 03:15:00,False,03:15:00,2024-01-23
5678,2024-01-23 03:30:00,False,03:30:00,2024-01-23
5679,2024-01-23 03:45:00,False,03:45:00,2024-01-23
5680,2024-01-23 04:00:00,False,04:00:00,2024-01-23
5681,2024-01-23 04:15:00,False,04:15:00,2024-01-23
5682,2024-01-23 04:30:00,False,04:30:00,2024-01-23
5683,2024-01-23 04:45:00,False,04:45:00,2024-01-23
5684,2024-01-23 05:00:00,False,05:00:00,2024-01-23
5685,2024-01-23 05:15:00,False,05:15:00,2024-01-23
5686,2024-01-23 05:30:00,False,05:30:00,2024-01-23
5687,2024-01-23 05:45:00,False,05:45:00,2024-01-23
5688,2024-01-23 06:00:00,False,06:00:00,2024-01-23
5689,2024-01-23 06:15:00,False,06:15:00,2024-01-23
5690,2024-01-23 06:30:00,False,06:30:00,2024-01-23
5691,2024-01-23 06:45:00,False,06:45:00,2024-01-23
5692,2024-01-23 07:00:00,False,07:00:00,2024-01-23
5693,2024-01-23 07:15:00,False,07:15:00,2024-01-23
5694,2024-01-23 07:30:00,False,07:30:00,2024-01-23
5695,2024-01-23 07:45:00,False,07:45:00,2024-01-23
5696,2024-01-23 08:00:00,False,08:00:00,2024-01-23
5697,2024-01-23 08:15:00,False,08:15:00,2024-01-23
5698,2024-01-23 08:30:00,False,08:30:00,2024-01-23
5699,2024-01-23 08:45:00,False,08:45:00,2024-01-23
5700,2024-01-23 09:00:00,False,09:00:00,2024-01-23
5701,2024-01-23 09:15:00,False,09:15:00,2024-01-23
5702,2024-01-23 09:30:00,False,09:30:00,2024-01-23
5703,2024-01-23 09:45:00,False,09:45:00,2024-01-23
5704,2024-01-23 10:00:00,False,10:00:00,2024-01-23
5705,2024-01-23 10:15:00,False,10:15:00,2024-01-23
5706,2024-01-23 10:30:00,False,10:30:00,2024-01-23
5707,2024-01-23 10:45:00,False,10:45:00,2024-01-23
5708,2024-01-23 11:00:00,False,11:00:00,2024-01-23
5709,2024-01-23 11:15:00,False,11:15:00,2024-01-23
5710,2024-01-23 11:30:00,False,11:30:00,2024-01-23
5711,2024-01-23 11:45:00,False,11:45:00,2024-01-23
5712,2024-01-23 12:00:00,False,12:00:00,2024-01-23
5713,2024-01-23 12:15:00,False,12:15:00,2024-01-23
5714,2024-01-23 12:30:00,False,12:30:00,2024-01-23
5715,2024-01-23 12:45:00,False,12:45:00,2024-01-23
5716,2024-01-23 13:00:00,False,13:00:00,2024-01-23
5717,2024-01-23 13:15:00,False,13:15:00,2024-01-23
5718,2024-01-23 13:30:00,False,13:30:00,2024-01-23
5719,2024-01-23 13:45:00,False,13:45:00,2024-01-23
5720,2024-01-23 14:00:00,False,14:00:00,2024-01-23
5721,2024-01-23 14:15:00,False,14:15:00,2024-01-23
5722,2024-01-23 14:30:00,False,14:30:00,2024-01-23
5723,2024-01-23 14:45:00,False,14:45:00,2024-01-23
5724,2024-01-23 15:00:00,False,15:00:00,2024-01-23
5725,2024-01-23 15:15:00,False,15:15:00,2024-01-23
5726,2024-01-23 15:30:00,False,15:30:00,2024-01-23
5727,2024-01-23 15:45:00,False,15:45:00,2024-01-23
5728,2024-01-23 16:00:00,False,16:00:00,2024-01-23
5729,2024-01-23 16:15:00,False,16:15:00,2024-01-23
5730,2024-01-23 16:30:00,False,16:30:00,2024-01-23
5731,2024-01-23 16:45:00,False,16:45:00,2024-01-23
5732,2024-01-23 17:00:00,False,17:00:00,2024-01-23
5733,2024-01-23 17:15:00,False,17:15:00,2024-01-23
5734,2024-01-23 17:30:00,False,17:30:00,2024-01-23
5735,2024-01-23 17:45:00,False,17:45:00,2024-01-23
5736,2024-01-23 18:00:00,False,18:00:00,2024-01-23
5737,2024-01-23 18:15:00,False,18:15:00,2024-01-23
5738,2024-01-23 18:30:00,False,18:30:00,2024-01-23
5739,2024-01-23 18:45:00,False,18:45:00,2024-01-23
5740,2024-01-23 19:00:00,False,19:00:00,2024-01-23
5741,2024-01-23 19:15:00,False,19:15:00,2024-01-23
5742,2024-01-23 19:30:00,False,19:30:00,2024-01-23
5743,2024-01-23 19:45:00,False,19:45:00,2024-01-23
5744,2024-01-23 20:00:00,False,20:00:00,2024-01-23
5745,2024-01-23 20:15:00,False,20:15:00,2024-01-23
5746,2024-01-23 20:30:00,False,20:30:00,2024-01-23
5747,2024-01-23 20:45:00,False,20:45:00,2024-01-23
5748,2024-01-23 21:00:00,False,21:00:00,2024-01-23
5749,2024-01-23 21:15:00,False,21:15:00,2024-01-23
5750,2024-01-23 21:30:00,False,21:30:00,2024-01-23
5751,2024-01-23 21:45:00,False,21:45:00,2024-01-23
5752,2024-01-23 22:00:00,False,22:00:00,2024-01-23
5753,2024-01-23 22:15:00,False,22:15:00,2024-01-23
5754,2024-01-23 22:30:00,False,22:30:00,2024-01-23
5755,2024-01-23 22:45:00,False,22:45:00,2024-01-23
5756,2024-01-23 23:00:00,False,23:00:00,2024-01-23
5757,2024-01-23 23:15:00,False,23:15:00,2024-01-23
5758,2024-01-23 23:30:00,False,23:30:00,2024-01-23
5759,2024-01-23 23:45:00,False,23:45:00,2024-01-23
5760,2024-01-24 00:00:00,False,00:00:00,2024-01-24
5761,2024-01-24 00:15:00,False,00:15:00,2024-01-24
5762,2024-01-24 00:30:00,False,00:30:00,2024-01-24
5763,2024-01-24 00:45:00,False,00:45:00,2024-01-24
5764,2024-01-24 01:00:00,False,01:00:00,2024-01-24
5765,2024-01-24 01:15:00,False,01:15:00,2024-01-24
5766,2024-01-24 01:30:00,False,01:30:00,2024-01-24
5767,2024-01-24 01:45:00,False,01:45:00,2024-01-24
5768,2024-01-24 02:00:00,False,02:00:00,2024-01-24
5769,2024-01-24 02:15:00,False,02:15:00,2024-01-24
5770,2024-01-24 02:30:00,False,02:30:00,2024-01-24
5771,2024-01-24 02:45:00,False,02:45:00,2024-01-24
5772,2024-01-24 03:00:00,False,03:00:00,2024-01-24
5773,2024-01-24 03:15:00,False,03:15:00,2024-01-24
5774,2024-01-24 03:30:00,False,03:30:00,2024-01-24
5775,2024-01-24 03:45:00,False,03:45:00,2024-01-24
5776,2024-01-24 04:00:00,False,04:00:00,2024-01-24
5777,2024-01-24 04:15:00,False,04:15:00,2024-01-24
5778,2024-01-24 04:30:00,False,04:30:00,2024-01-24
5779,2024-01-24 04:45:00,False,04:45:00,2024-01-24
5780,2024-01-24 05:00:00,False,05:00:00,2024-01-24
5781,2024-01-24 05:15:00,False,05:15:00,2024-01-24
5782,2024-01-24 05:30:00,False,05:30:00,2024-01-24
5783,2024-01-24 05:45:00,False,05:45:00,2024-01-24
5784,2024-01-24 06:00:00,False,06:00:00,2024-01-24
5785,2024-01-24 06:15:00,False,06:15:00,2024-01-24
5786,2024-01-24 06:30:00,False,06:30:00,2024-01-24
5787,2024-01-24 06:45:00,False,06:45:00,2024-01-24
5788,2024-01-24 07:00:00,False,07:00:00,2024-01-24
5789,2024-01-24 07:15:00,False,07:15:00,2024-01-24
5790,2024-01-24 07:30:00,False,07:30:00,2024-01-24
5791,2024-01-24 07:45:00,False,07:45:00,2024-01-24
5792,2024-01-24 08:00:00,False,08:00:00,2024-01-24
5793,2024-01-24 08:15:00,False,08:15:00,2024-01-24
5794,2024-01-24 08:30:00,False,08:30:00,2024-01-24
5795,2024-01-24 08:45:00,False,08:45:00,2024-01-24
5796,2024-01-24 09:00:00,False,09:00:00,2024-01-24
5797,2024-01-24 09:15:00,False,09:15:00,2024-01-24
5798,2024-01-24 09:30:00,False,09:30:00,2024-01-24
5799,2024-01-24 09:45:00,False,09:45:00,2024-01-24
5800,2024-01-24 10:00:00,False,10:00:00,2024-01-24
5801,2024-01-24 10:15:00,False,10:15:00,2024-01-24
5802,2024-01-24 10:30:00,False,10:30:00,2024-01-24
5803,2024-01-24 10:45:00,False,10:45:00,2024-01-24
5804,2024-01-24 11:00:00,False,11:00:00,2024-01-24
5805,2024-01-24 11:15:00,False,11:15:00,2024-01-24
5806,2024-01-24 11:30:00,False,11:30:00,2024-01-24
5807,2024-01-24 11:45:00,False,11:45:00,2024-01-24
5808,2024-01-24 12:00:00,False,12:00:00,2024-01-24
5809,2024-01-24 12:15:00,False,12:15:00,2024-01-24
5810,2024-01-24 12:30:00,False,12:30:00,2024-01-24
5811,2024-01-24 12:45:00,False,12:45:00,2024-01-24
5812,2024-01-24 13:00:00,False,13:00:00,2024-01-24
5813,2024-01-24 13:15:00,False,13:15:00,2024-01-24
5814,2024-01-24 13:30:00,False,13:30:00,2024-01-24
5815,2024-01-24 13:45:00,False,13:45:00,2024-01-24
5816,2024-01-24 14:00:00,False,14:00:00,2024-01-24
5817,2024-01-24 14:15:00,False,14:15:00,2024-01-24
5818,2024-01-24 14:30:00,False,14:30:00,2024-01-24
5819,2024-01-24 14:45:00,False,14:45:00,2024-01-24
5820,2024-01-24 15:00:00,False,15:00:00,2024-01-24
5821,2024-01-24 15:15:00,False,15:15:00,2024-01-24
5822,2024-01-24 15:30:00,False,15:30:00,2024-01-24
5823,2024-01-24 15:45:00,False,15:45:00,2024-01-24
5824,2024-01-24 16:00:00,False,16:00:00,2024-01-24
5825,2024-01-24 16:15:00,False,16:15:00,2024-01-24
5826,2024-01-24 16:30:00,False,16:30:00,2024-01-24
5827,2024-01-24 16:45:00,False,16:45:00,2024-01-24
5828,2024-01-24 17:00:00,False,17:00:00,2024-01-24
5829,2024-01-24 17:15:00,False,17:15:00,2024-01-24
5830,2024-01-24 17:30:00,False,17:30:00,2024-01-24
5831,2024-01-24 17:45:00,False,17:45:00,2024-01-24
5832,2024-01-24 18:00:00,False,18:00:00,2024-01-24
5833,2024-01-24 18:15:00,False,18:15:00,2024-01-24
5834,2024-01-24 18:30:00,False,18:30:00,2024-01-24
5835,2024-01-24 18:45:00,False,18:45:00,2024-01-24
5836,2024-01-24 19:00:00,False,19:00:00,2024-01-24
5837,2024-01-24 19:15:00,False,19:15:00,2024-01-24
5838,2024-01-24 19:30:00,False,19:30:00,2024-01-24
5839,2024-01-24 19:45:00,False,19:45:00,2024-01-24
5840,2024-01-24 20:00:00,False,20:00:00,2024-01-24
5841,2024-01-24 20:15:00,False,20:15:00,2024-01-24
5842,2024-01-24 20:30:00,False,20:30:00,2024-01-24
5843,2024-01-24 20:45:00,False,20:45:00,2024-01-24
5844,2024-01-24 21:00:00,False,21:00:00,2024-01-24
5845,2024-01-24 21:15:00,False,21:15:00,2024-01-24
5846,2024-01-24 21:30:00,False,21:30:00,2024-01-24
5847,2024-01-24 21:45:00,False,21:45:00,2024-01-24
5848,2024-01-24 22:00:00,False,22:00:00,2024-01-24
5849,2024-01-24 22:15:00,False,22:15:00,2024-01-24
5850,2024-01-24 22:30:00,False,22:30:00,2024-01-24
5851,2024-01-24 22:45:00,False,22:45:00,2024-01-24
5852,2024-01-24 23:00:00,False,23:00:00,2024-01-24
5853,2024-01-24 23:15:00,False,23:15:00,2024-01-24
5854,2024-01-24 23:30:00,False,23:30:00,2024-01-24
5855,2024-01-24 23:45:00,False,23:45:00,2024-01-24
5856,2024-01-25 00:00:00,False,00:00:00,2024-01-25
5857,2024-01-25 00:15:00,False,00:15:00,2024-01-25
5858,2024-01-25 00:30:00,False,00:30:00,2024-01-25
5859,2024-01-25 00:45:00,False,00:45:00,2024-01-25
5860,2024-01-25 01:00:00,False,01:00:00,2024-01-25
5861,2024-01-25 01:15:00,False,01:15:00,2024-01-25
5862,2024-01-25 01:30:00,False,01:30:00,2024-01-25
5863,2024-01-25 01:45:00,False,01:45:00,2024-01-25
5864,2024-01-25 02:00:00,False,02:00:00,2024-01-25
5865,2024-01-25 02:15:00,False,02:15:00,2024-01-25
5866,2024-01-25 02:30:00,False,02:30:00,2024-01-25
5867,2024-01-25 02:45:00,False,02:45:00,2024-01-25
5868,2024-01-25 03:00:00,False,03:00:00,2024-01-25
5869,2024-01-25 03:15:00,False,03:15:00,2024-01-25
5870,2024-01-25 03:30:00,False,03:30:00,2024-01-25
5871,2024-01-25 03:45:00,False,03:45:00,2024-01-25
5872,2024-01-25 04:00:00,False,04:00:00,2024-01-25
5873,2024-01-25 04:15:00,False,04:15:00,2024-01-25
5874,2024-01-25 04:30:00,False,04:30:00,2024-01-25
5875,2024-01-25 04:45:00,False,04:45:00,2024-01-25
5876,2024-01-25 05:00:00,False,05:00:00,2024-01-25
5877,2024-01-25 05:15:00,False,05:15:00,2024-01-25
5878,2024-01-25 05:30:00,False,05:30:00,2024-01-25
5879,2024-01-25 05:45:00,False,05:45:00,2024-01-25
5880,2024-01-25 06:00:00,False,06:00:00,2024-01-25
5881,2024-01-25 06:15:00,False,06:15:00,2024-01-25
5882,2024-01-25 06:30:00,False,06:30:00,2024-01-25
5883,2024-01-25 06:45:00,False,06:45:00,2024-01-25
5884,2024-01-25 07:00:00,False,07:00:00,2024-01-25
5885,2024-01-25 07:15:00,False,07:15:00,2024-01-25
5886,2024-01-25 07:30:00,False,07:30:00,2024-01-25
5887,2024-01-25 07:45:00,False,07:45:00,2024-01-25
5888,2024-01-25 08:00:00,False,08:00:00,2024-01-25
5889,2024-01-25 08:15:00,False,08:15:00,2024-01-25
5890,2024-01-25 08:30:00,False,08:30:00,2024-01-25
5891,2024-01-25 08:45:00,False,08:45:00,2024-01-25
5892,2024-01-25 09:00:00,False,09:00:00,2024-01-25
5893,2024-01-25 09:15:00,False,09:15:00,2024-01-25
5894,2024-01-25 09:30:00,False,09:30:00,2024-01-25
5895,2024-01-25 09:45:00,False,09:45:00,2024-01-25
5896,2024-01-25 10:00:00,False,10:00:00,2024-01-25
5897,2024-01-25 10:15:00,False,10:15:00,2024-01-25
5898,2024-01-25 10:30:00,False,10:30:00,2024-01-25
5899,2024-01-25 10:45:00,False,10:45:00,2024-01-25
5900,2024-01-25 11:00:00,False,11:00:00,2024-01-25
5901,2024-01-25 11:15:00,False,11:15:00,2024-01-25
5902,2024-01-25 11:30:00,False,11:30:00,2024-01-25
5903,2024-01-25 11:45:00,False,11:45:00,2024-01-25
5904,2024-01-25 12:00:00,False,12:00:00,2024-01-25
5905,2024-01-25 12:15:00,False,12:15:00,2024-01-25
5906,2024-01-25 12:30:00,False,12:30:00,2024-01-25
5907,2024-01-25 12:45:00,False,12:45:00,2024-01-25
5908,2024-01-25 13:00:00,False,13:00:00,2024-01-25
5909,2024-01-25 13:15:00,False,13:15:00,2024-01-25
5910,2024-01-25 13:30:00,False,13:30:00,2024-01-25
5911,2024-01-25 13:45:00,False,13:45:00,2024-01-25
5912,2024-01-25 14:00:00,False,14:00:00,2024-01-25
5913,2024-01-25 14:15:00,False,14:15:00,2024-01-25
5914,2024-01-25 14:30:00,False,14:30:00,2024-01-25
5915,2024-01-25 14:45:00,False,14:45:00,2024-01-25
5916,2024-01-25 15:00:00,False,15:00:00,2024-01-25
5917,2024-01-25 15:15:00,False,15:15:00,2024-01-25
5918,2024-01-25 15:30:00,False,15:30:00,2024-01-25
5919,2024-01-25 15:45:00,False,15:45:00,2024-01-25
5920,2024-01-25 16:00:00,False,16:00:00,2024-01-25
5921,2024-01-25 16:15:00,False,16:15:00,2024-01-25
5922,2024-01-25 16:30:00,False,16:30:00,2024-01-25
5923,2024-01-25 16:45:00,False,16:45:00,2024-01-25
5924,2024-01-25 17:00:00,False,17:00:00,2024-01-25
5925,2024-01-25 17:15:00,False,17:15:00,2024-01-25
5926,2024-01-25 17:30:00,False,17:30:00,2024-01-25
5927,2024-01-25 17:45:00,False,17:45:00,2024-01-25
5928,2024-01-25 18:00:00,False,18:00:00,2024-01-25
5929,2024-01-25 18:15:00,False,18:15:00,2024-01-25
5930,2024-01-25 18:30:00,False,18:30:00,2024-01-25
5931,2024-01-25 18:45:00,False,18:45:00,2024-01-25
5932,2024-01-25 19:00:00,False,19:00:00,2024-01-25
5933,2024-01-25 19:15:00,False,19:15:00,2024-01-25
5934,2024-01-25 19:30:00,False,19:30:00,2024-01-25
5935,2024-01-25 19:45:00,False,19:45:00,2024-01-25
5936,2024-01-25 20:00:00,False,20:00:00,2024-01-25
5937,2024-01-25 20:15:00,True,20:15:00,2024-01-25
5938,2024-01-25 20:30:00,True,20:30:00,2024-01-25
5939,2024-01-25 20:45:00,True,20:45:00,2024-01-25
5940,2024-01-25 21:00:00,True,21:00:00,2024-01-25
5941,2024-01-25 21:15:00,False,21:15:00,2024-01-25
5942,2024-01-25 21:30:00,False,21:30:00,2024-01-25
5943,2024-01-25 21:45:00,False,21:45:00,2024-01-25
5944,2024-01-25 22:00:00,False,22:00:00,2024-01-25
5945,2024-01-25 22:15:00,False,22:15:00,2024-01-25
5946,2024-01-25 22:30:00,False,22:30:00,2024-01-25
5947,2024-01-25 22:45:00,False,22:45:00,2024-01-25
5948,2024-01-25 23:00:00,False,23:00:00,2024-01-25
5949,2024-01-25 23:15:00,False,23:15:00,2024-01-25
5950,2024-01-25 23:30:00,False,23:30:00,2024-01-25
5951,2024-01-25 23:45:00,False,23:45:00,2024-01-25
5952,2024-01-26 00:00:00,False,00:00:00,2024-01-26
5953,2024-01-26 00:15:00,False,00:15:00,2024-01-26
5954,2024-01-26 00:30:00,False,00:30:00,2024-01-26
5955,2024-01-26 00:45:00,False,00:45:00,2024-01-26
5956,2024-01-26 01:00:00,False,01:00:00,2024-01-26
5957,2024-01-26 01:15:00,False,01:15:00,2024-01-26
5958,2024-01-26 01:30:00,False,01:30:00,2024-01-26
5959,2024-01-26 01:45:00,False,01:45:00,2024-01-26
5960,2024-01-26 02:00:00,False,02:00:00,2024-01-26
5961,2024-01-26 02:15:00,False,02:15:00,2024-01-26
5962,2024-01-26 02:30:00,False,02:30:00,2024-01-26
5963,2024-01-26 02:45:00,False,02:45:00,2024-01-26
5964,2024-01-26 03:00:00,False,03:00:00,2024-01-26
5965,2024-01-26 03:15:00,False,03:15:00,2024-01-26
5966,2024-01-26 03:30:00,False,03:30:00,2024-01-26
5967,2024-01-26 03:45:00,False,03:45:00,2024-01-26
5968,2024-01-26 04:00:00,False,04:00:00,2024-01-26
5969,2024-01-26 04:15:00,False,04:15:00,2024-01-26
5970,2024-01-26 04:30:00,False,04:30:00,2024-01-26
5971,2024-01-26 04:45:00,False,04:45:00,2024-01-26
5972,2024-01-26 05:00:00,False,05:00:00,2024-01-26
5973,2024-01-26 05:15:00,False,05:15:00,2024-01-26
5974,2024-01-26 05:30:00,False,05:30:00,2024-01-26
5975,2024-01-26 05:45:00,False,05:45:00,2024-01-26
5976,2024-01-26 06:00:00,False,06:00:00,2024-01-26
5977,2024-01-26 06:15:00,False,06:15:00,2024-01-26
5978,2024-01-26 06:30:00,False,06:30:00,2024-01-26
5979,2024-01-26 06:45:00,False,06:45:00,2024-01-26
5980,2024-01-26 07:00:00,False,07:00:00,2024-01-26
5981,2024-01-26 07:15:00,False,07:15:00,2024-01-26
5982,2024-01-26 07:30:00,False,07:30:00,2024-01-26
5983,2024-01-26 07:45:00,False,07:45:00,2024-01-26
5984,2024-01-26 08:00:00,False,08:00:00,2024-01-26
5985,2024-01-26 08:15:00,False,08:15:00,2024-01-26
5986,2024-01-26 08:30:00,False,08:30:00,2024-01-26
5987,2024-01-26 08:45:00,False,08:45:00,2024-01-26
5988,2024-01-26 09:00:00,False,09:00:00,2024-01-26
5989,2024-01-26 09:15:00,False,09:15:00,2024-01-26
5990,2024-01-26 09:30:00,False,09:30:00,2024-01-26
5991,2024-01-26 09:45:00,False,09:45:00,2024-01-26
5992,2024-01-26 10:00:00,False,10:00:00,2024-01-26
5993,2024-01-26 10:15:00,False,10:15:00,2024-01-26
5994,2024-01-26 10:30:00,False,10:30:00,2024-01-26
5995,2024-01-26 10:45:00,False,10:45:00,2024-01-26
5996,2024-01-26 11:00:00,False,11:00:00,2024-01-26
5997,2024-01-26 11:15:00,False,11:15:00,2024-01-26
5998,2024-01-26 11:30:00,False,11:30:00,2024-01-26
5999,2024-01-26 11:45:00,False,11:45:00,2024-01-26
6000,2024-01-26 12:00:00,False,12:00:00,2024-01-26
6001,2024-01-26 12:15:00,False,12:15:00,2024-01-26
6002,2024-01-26 12:30:00,False,12:30:00,2024-01-26
6003,2024-01-26 12:45:00,False,12:45:00,2024-01-26
6004,2024-01-26 13:00:00,False,13:00:00,2024-01-26
6005,2024-01-26 13:15:00,False,13:15:00,2024-01-26
6006,2024-01-26 13:30:00,False,13:30:00,2024-01-26
6007,2024-01-26 13:45:00,False,13:45:00,2024-01-26
6008,2024-01-26 14:00:00,False,14:00:00,2024-01-26
6009,2024-01-26 14:15:00,False,14:15:00,2024-01-26
6010,2024-01-26 14:30:00,False,14:30:00,2024-01-26
6011,2024-01-26 14:45:00,False,14:45:00,2024-01-26
6012,2024-01-26 15:00:00,False,15:00:00,2024-01-26
6013,2024-01-26 15:15:00,False,15:15:00,2024-01-26
6014,2024-01-26 15:30:00,False,15:30:00,2024-01-26
6015,2024-01-26 15:45:00,False,15:45:00,2024-01-26
6016,2024-01-26 16:00:00,False,16:00:00,2024-01-26
6017,2024-01-26 16:15:00,False,16:15:00,2024-01-26
6018,2024-01-26 16:30:00,False,16:30:00,2024-01-26
6019,2024-01-26 16:45:00,False,16:45:00,2024-01-26
6020,2024-01-26 17:00:00,False,17:00:00,2024-01-26
6021,2024-01-26 17:15:00,False,17:15:00,2024-01-26
6022,2024-01-26 17:30:00,False,17:30:00,2024-01-26
6023,2024-01-26 17:45:00,False,17:45:00,2024-01-26
6024,2024-01-26 18:00:00,False,18:00:00,2024-01-26
6025,2024-01-26 18:15:00,False,18:15:00,2024-01-26
6026,2024-01-26 18:30:00,False,18:30:00,2024-01-26
6027,2024-01-26 18:45:00,False,18:45:00,2024-01-26
6028,2024-01-26 19:00:00,False,19:00:00,2024-01-26
6029,2024-01-26 19:15:00,False,19:15:00,2024-01-26
6030,2024-01-26 19:30:00,False,19:30:00,2024-01-26
6031,2024-01-26 19:45:00,False,19:45:00,2024-01-26
6032,2024-01-26 20:00:00,False,20:00:00,2024-01-26
6033,2024-01-26 20:15:00,False,20:15:00,2024-01-26
6034,2024-01-26 20:30:00,False,20:30:00,2024-01-26
6035,2024-01-26 20:45:00,False,20:45:00,2024-01-26
6036,2024-01-26 21:00:00,False,21:00:00,2024-01-26
6037,2024-01-26 21:15:00,False,21:15:00,2024-01-26
6038,2024-01-26 21:30:00,False,21:30:00,2024-01-26
6039,2024-01-26 21:45:00,False,21:45:00,2024-01-26
6040,2024-01-26 22:00:00,False,22:00:00,2024-01-26
6041,2024-01-26 22:15:00,False,22:15:00,2024-01-26
6042,2024-01-26 22:30:00,False,22:30:00,2024-01-26
6043,2024-01-26 22:45:00,False,22:45:00,2024-01-26
6044,2024-01-26 23:00:00,False,23:00:00,2024-01-26
6045,2024-01-26 23:15:00,False,23:15:00,2024-01-26
6046,2024-01-26 23:30:00,False,23:30:00,2024-01-26
6047,2024-01-26 23:45:00,False,23:45:00,2024-01-26
6048,2024-01-27 00:00:00,False,00:00:00,2024-01-27
6049,2024-01-27 00:15:00,False,00:15:00,2024-01-27
6050,2024-01-27 00:30:00,False,00:30:00,2024-01-27
6051,2024-01-27 00:45:00,False,00:45:00,2024-01-27
6052,2024-01-27 01:00:00,False,01:00:00,2024-01-27
6053,2024-01-27 01:15:00,False,01:15:00,2024-01-27
6054,2024-01-27 01:30:00,False,01:30:00,2024-01-27
6055,2024-01-27 01:45:00,False,01:45:00,2024-01-27
6056,2024-01-27 02:00:00,False,02:00:00,2024-01-27
6057,2024-01-27 02:15:00,False,02:15:00,2024-01-27
6058,2024-01-27 02:30:00,False,02:30:00,2024-01-27
6059,2024-01-27 02:45:00,False,02:45:00,2024-01-27
6060,2024-01-27 03:00:00,False,03:00:00,2024-01-27
6061,2024-01-27 03:15:00,False,03:15:00,2024-01-27
6062,2024-01-27 03:30:00,False,03:30:00,2024-01-27
6063,2024-01-27 03:45:00,False,03:45:00,2024-01-27
6064,2024-01-27 04:00:00,False,04:00:00,2024-01-27
6065,2024-01-27 04:15:00,False,04:15:00,2024-01-27
6066,2024-01-27 04:30:00,False,04:30:00,2024-01-27
6067,2024-01-27 04:45:00,False,04:45:00,2024-01-27
6068,2024-01-27 05:00:00,False,05:00:00,2024-01-27
6069,2024-01-27 05:15:00,False,05:15:00,2024-01-27
6070,2024-01-27 05:30:00,False,05:30:00,2024-01-27
6071,2024-01-27 05:45:00,False,05:45:00,2024-01-27
6072,2024-01-27 06:00:00,False,06:00:00,2024-01-27
6073,2024-01-27 06:15:00,False,06:15:00,2024-01-27
6074,2024-01-27 06:30:00,False,06:30:00,2024-01-27
6075,2024-01-27 06:45:00,False,06:45:00,2024-01-27
6076,2024-01-27 07:00:00,False,07:00:00,2024-01-27
6077,2024-01-27 07:15:00,False,07:15:00,2024-01-27
6078,2024-01-27 07:30:00,False,07:30:00,2024-01-27
6079,2024-01-27 07:45:00,False,07:45:00,2024-01-27
6080,2024-01-27 08:00:00,False,08:00:00,2024-01-27
6081,2024-01-27 08:15:00,False,08:15:00,2024-01-27
6082,2024-01-27 08:30:00,False,08:30:00,2024-01-27
6083,2024-01-27 08:45:00,False,08:45:00,2024-01-27
6084,2024-01-27 09:00:00,False,09:00:00,2024-01-27
6085,2024-01-27 09:15:00,True,09:15:00,2024-01-27
6086,2024-01-27 09:30:00,True,09:30:00,2024-01-27
6087,2024-01-27 09:45:00,True,09:45:00,2024-01-27
6088,2024-01-27 10:00:00,False,10:00:00,2024-01-27
6089,2024-01-27 10:15:00,False,10:15:00,2024-01-27
6090,2024-01-27 10:30:00,False,10:30:00,2024-01-27
6091,2024-01-27 10:45:00,False,10:45:00,2024-01-27
6092,2024-01-27 11:00:00,False,11:00:00,2024-01-27
6093,2024-01-27 11:15:00,False,11:15:00,2024-01-27
6094,2024-01-27 11:30:00,False,11:30:00,2024-01-27
6095,2024-01-27 11:45:00,False,11:45:00,2024-01-27
6096,2024-01-27 12:00:00,False,12:00:00,2024-01-27
6097,2024-01-27 12:15:00,False,12:15:00,2024-01-27
6098,2024-01-27 12:30:00,False,12:30:00,2024-01-27
6099,2024-01-27 12:45:00,False,12:45:00,2024-01-27
6100,2024-01-27 13:00:00,False,13:00:00,2024-01-27
6101,2024-01-27 13:15:00,False,13:15:00,2024-01-27
6102,2024-01-27 13:30:00,False,13:30:00,2024-01-27
6103,2024-01-27 13:45:00,False,13:45:00,2024-01-27
6104,2024-01-27 14:00:00,False,14:00:00,2024-01-27
6105,2024-01-27 14:15:00,False,14:15:00,2024-01-27
6106,2024-01-27 14:30:00,False,14:30:00,2024-01-27
6107,2024-01-27 14:45:00,False,14:45:00,2024-01-27
6108,2024-01-27 15:00:00,False,15:00:00,2024-01-27
6109,2024-01-27 15:15:00,False,15:15:00,2024-01-27
6110,2024-01-27 15:30:00,False,15:30:00,2024-01-27
6111,2024-01-27 15:45:00,False,15:45:00,2024-01-27
6112,2024-01-27 16:00:00,False,16:00:00,2024-01-27
6113,2024-01-27 16:15:00,False,16:15:00,2024-01-27
6114,2024-01-27 16:30:00,False,16:30:00,2024-01-27
6115,2024-01-27 16:45:00,False,16:45:00,2024-01-27
6116,2024-01-27 17:00:00,False,17:00:00,2024-01-27
6117,2024-01-27 17:15:00,False,17:15:00,2024-01-27
6118,2024-01-27 17:30:00,False,17:30:00,2024-01-27
6119,2024-01-27 17:45:00,False,17:45:00,2024-01-27
6120,2024-01-27 18:00:00,False,18:00:00,2024-01-27
6121,2024-01-27 18:15:00,False,18:15:00,2024-01-27
6122,2024-01-27 18:30:00,False,18:30:00,2024-01-27
6123,2024-01-27 18:45:00,False,18:45:00,2024-01-27
6124,2024-01-27 19:00:00,False,19:00:00,2024-01-27
6125,2024-01-27 19:15:00,False,19:15:00,2024-01-27
6126,2024-01-27 19:30:00,False,19:30:00,2024-01-27
6127,2024-01-27 19:45:00,False,19:45:00,2024-01-27
6128,2024-01-27 20:00:00,False,20:00:00,2024-01-27
6129,2024-01-27 20:15:00,False,20:15:00,2024-01-27
6130,2024-01-27 20:30:00,False,20:30:00,2024-01-27
6131,2024-01-27 20:45:00,False,20:45:00,2024-01-27
6132,2024-01-27 21:00:00,False,21:00:00,2024-01-27
6133,2024-01-27 21:15:00,False,21:15:00,2024-01-27
6134,2024-01-27 21:30:00,False,21:30:00,2024-01-27
6135,2024-01-27 21:45:00,False,21:45:00,2024-01-27
6136,2024-01-27 22:00:00,False,22:00:00,2024-01-27
6137,2024-01-27 22:15:00,False,22:15:00,2024-01-27
6138,2024-01-27 22:30:00,False,22:30:00,2024-01-27
6139,2024-01-27 22:45:00,False,22:45:00,2024-01-27
6140,2024-01-27 23:00:00,False,23:00:00,2024-01-27
6141,2024-01-27 23:15:00,False,23:15:00,2024-01-27
6142,2024-01-27 23:30:00,False,23:30:00,2024-01-27
6143,2024-01-27 23:45:00,False,23:45:00,2024-01-27
6144,2024-01-28 00:00:00,False,00:00:00,2024-01-28
6145,2024-01-28 00:15:00,False,00:15:00,2024-01-28
6146,2024-01-28 00:30:00,False,00:30:00,2024-01-28
6147,2024-01-28 00:45:00,False,00:45:00,2024-01-28
6148,2024-01-28 01:00:00,False,01:00:00,2024-01-28
6149,2024-01-28 01:15:00,False,01:15:00,2024-01-28
6150,2024-01-28 01:30:00,False,01:30:00,2024-01-28
6151,2024-01-28 01:45:00,False,01:45:00,2024-01-28
6152,2024-01-28 02:00:00,False,02:00:00,2024-01-28
6153,2024-01-28 02:15:00,False,02:15:00,2024-01-28
6154,2024-01-28 02:30:00,False,02:30:00,2024-01-28
6155,2024-01-28 02:45:00,False,02:45:00,2024-01-28
6156,2024-01-28 03:00:00,False,03:00:00,2024-01-28
6157,2024-01-28 03:15:00,False,03:15:00,2024-01-28
6158,2024-01-28 03:30:00,False,03:30:00,2024-01-28
6159,2024-01-28 03:45:00,False,03:45:00,2024-01-28
6160,2024-01-28 04:00:00,False,04:00:00,2024-01-28
6161,2024-01-28 04:15:00,False,04:15:00,2024-01-28
6162,2024-01-28 04:30:00,False,04:30:00,2024-01-28
6163,2024-01-28 04:45:00,False,04:45:00,2024-01-28
6164,2024-01-28 05:00:00,False,05:00:00,2024-01-28
6165,2024-01-28 05:15:00,False,05:15:00,2024-01-28
6166,2024-01-28 05:30:00,False,05:30:00,2024-01-28
6167,2024-01-28 05:45:00,False,05:45:00,2024-01-28
6168,2024-01-28 06:00:00,False,06:00:00,2024-01-28
6169,2024-01-28 06:15:00,False,06:15:00,2024-01-28
6170,2024-01-28 06:30:00,False,06:30:00,2024-01-28
6171,2024-01-28 06:45:00,False,06:45:00,2024-01-28
6172,2024-01-28 07:00:00,False,07:00:00,2024-01-28
6173,2024-01-28 07:15:00,False,07:15:00,2024-01-28
6174,2024-01-28 07:30:00,False,07:30:00,2024-01-28
6175,2024-01-28 07:45:00,False,07:45:00,2024-01-28
6176,2024-01-28 08:00:00,False,08:00:00,2024-01-28
6177,2024-01-28 08:15:00,False,08:15:00,2024-01-28
6178,2024-01-28 08:30:00,False,08:30:00,2024-01-28
6179,2024-01-28 08:45:00,False,08:45:00,2024-01-28
6180,2024-01-28 09:00:00,False,09:00:00,2024-01-28
6181,2024-01-28 09:15:00,False,09:15:00,2024-01-28
6182,2024-01-28 09:30:00,False,09:30:00,2024-01-28
6183,2024-01-28 09:45:00,False,09:45:00,2024-01-28
6184,2024-01-28 10:00:00,False,10:00:00,2024-01-28
6185,2024-01-28 10:15:00,False,10:15:00,2024-01-28
6186,2024-01-28 10:30:00,False,10:30:00,2024-01-28
6187,2024-01-28 10:45:00,True,10:45:00,2024-01-28
6188,2024-01-28 11:00:00,True,11:00:00,2024-01-28
6189,2024-01-28 11:15:00,True,11:15:00,2024-01-28
6190,2024-01-28 11:30:00,True,11:30:00,2024-01-28
6191,2024-01-28 11:45:00,False,11:45:00,2024-01-28
6192,2024-01-28 12:00:00,False,12:00:00,2024-01-28
6193,2024-01-28 12:15:00,False,12:15:00,2024-01-28
6194,2024-01-28 12:30:00,False,12:30:00,2024-01-28
6195,2024-01-28 12:45:00,False,12:45:00,2024-01-28
6196,2024-01-28 13:00:00,False,13:00:00,2024-01-28
6197,2024-01-28 13:15:00,False,13:15:00,2024-01-28
6198,2024-01-28 13:30:00,False,13:30:00,2024-01-28
6199,2024-01-28 13:45:00,False,13:45:00,2024-01-28
6200,2024-01-28 14:00:00,False,14:00:00,2024-01-28
6201,2024-01-28 14:15:00,False,14:15:00,2024-01-28
6202,2024-01-28 14:30:00,False,14:30:00,2024-01-28
6203,2024-01-28 14:45:00,False,14:45:00,2024-01-28
6204,2024-01-28 15:00:00,False,15:00:00,2024-01-28
6205,2024-01-28 15:15:00,False,15:15:00,2024-01-28
6206,2024-01-28 15:30:00,False,15:30:00,2024-01-28
6207,2024-01-28 15:45:00,False,15:45:00,2024-01-28
6208,2024-01-28 16:00:00,False,16:00:00,2024-01-28
6209,2024-01-28 16:15:00,False,16:15:00,2024-01-28
6210,2024-01-28 16:30:00,False,16:30:00,2024-01-28
6211,2024-01-28 16:45:00,False,16:45:00,2024-01-28
6212,2024-01-28 17:00:00,False,17:00:00,2024-01-28
6213,2024-01-28 17:15:00,False,17:15:00,2024-01-28
6214,2024-01-28 17:30:00,False,17:30:00,2024-01-28
6215,2024-01-28 17:45:00,False,17:45:00,2024-01-28
6216,2024-01-28 18:00:00,False,18:00:00,2024-01-28
6217,2024-01-28 18:15:00,False,18:15:00,2024-01-28
6218,2024-01-28 18:30:00,False,18:30:00,2024-01-28
6219,2024-01-28 18:45:00,False,18:45:00,2024-01-28
6220,2024-01-28 19:00:00,False,19:00:00,2024-01-28
6221,2024-01-28 19:15:00,False,19:15:00,2024-01-28
6222,2024-01-28 19:30:00,False,19:30:00,2024-01-28
6223,2024-01-28 19:45:00,False,19:45:00,2024-01-28
6224,2024-01-28 20:00:00,False,20:00:00,2024-01-28
6225,2024-01-28 20:15:00,False,20:15:00,2024-01-28
6226,2024-01-28 20:30:00,False,20:30:00,2024-01-28
6227,2024-01-28 20:45:00,False,20:45:00,2024-01-28
6228,2024-01-28 21:00:00,False,21:00:00,2024-01-28
6229,2024-01-28 21:15:00,False,21:15:00,2024-01-28
6230,2024-01-28 21:30:00,False,21:30:00,2024-01-28
6231,2024-01-28 21:45:00,False,21:45:00,2024-01-28
6232,2024-01-28 22:00:00,False,22:00:00,2024-01-28
6233,2024-01-28 22:15:00,False,22:15:00,2024-01-28
6234,2024-01-28 22:30:00,False,22:30:00,2024-01-28
6235,2024-01-28 22:45:00,False,22:45:00,2024-01-28
6236,2024-01-28 23:00:00,False,23:00:00,2024-01-28
6237,2024-01-28 23:15:00,False,23:15:00,2024-01-28
6238,2024-01-28 23:30:00,False,23:30:00,2024-01-28
6239,2024-01-28 23:45:00,False,23:45:00,2024-01-28
6240,2024-01-29 00:00:00,False,00:00:00,2024-01-29
6241,2024-01-29 00:15:00,False,00:15:00,2024-01-29
6242,2024-01-29 00:30:00,False,00:30:00,2024-01-29
6243,2024-01-29 00:45:00,False,00:45:00,2024-01-29
6244,2024-01-29 01:00:00,False,01:00:00,2024-01-29
6245,2024-01-29 01:15:00,False,01:15:00,2024-01-29
6246,2024-01-29 01:30:00,False,01:30:00,2024-01-29
6247,2024-01-29 01:45:00,False,01:45:00,2024-01-29
6248,2024-01-29 02:00:00,False,02:00:00,2024-01-29
6249,2024-01-29 02:15:00,False,02:15:00,2024-01-29
6250,2024-01-29 02:30:00,False,02:30:00,2024-01-29
6251,2024-01-29 02:45:00,False,02:45:00,2024-01-29
6252,2024-01-29 03:00:00,False,03:00:00,2024-01-29
6253,2024-01-29 03:15:00,False,03:15:00,2024-01-29
6254,2024-01-29 03:30:00,False,03:30:00,2024-01-29
6255,2024-01-29 03:45:00,False,03:45:00,2024-01-29
6256,2024-01-29 04:00:00,False,04:00:00,2024-01-29
6257,2024-01-29 04:15:00,False,04:15:00,2024-01-29
6258,2024-01-29 04:30:00,False,04:30:00,2024-01-29
6259,2024-01-29 04:45:00,False,04:45:00,2024-01-29
6260,2024-01-29 05:00:00,False,05:00:00,2024-01-29
6261,2024-01-29 05:15:00,False,05:15:00,2024-01-29
6262,2024-01-29 05:30:00,False,05:30:00,2024-01-29
6263,2024-01-29 05:45:00,False,05:45:00,2024-01-29
6264,2024-01-29 06:00:00,False,06:00:00,2024-01-29
6265,2024-01-29 06:15:00,False,06:15:00,2024-01-29
6266,2024-01-29 06:30:00,False,06:30:00,2024-01-29
6267,2024-01-29 06:45:00,False,06:45:00,2024-01-29
6268,2024-01-29 07:00:00,False,07:00:00,2024-01-29
6269,2024-01-29 07:15:00,False,07:15:00,2024-01-29
6270,2024-01-29 07:30:00,False,07:30:00,2024-01-29
6271,2024-01-29 07:45:00,False,07:45:00,2024-01-29
6272,2024-01-29 08:00:00,False,08:00:00,2024-01-29
6273,2024-01-29 08:15:00,False,08:15:00,2024-01-29
6274,2024-01-29 08:30:00,False,08:30:00,2024-01-29
6275,2024-01-29 08:45:00,False,08:45:00,2024-01-29
6276,2024-01-29 09:00:00,False,09:00:00,2024-01-29
6277,2024-01-29 09:15:00,True,09:15:00,2024-01-29
6278,2024-01-29 09:30:00,True,09:30:00,2024-01-29
6279,2024-01-29 09:45:00,True,09:45:00,2024-01-29
6280,2024-01-29 10:00:00,True,10:00:00,2024-01-29
6281,2024-01-29 10:15:00,True,10:15:00,2024-01-29
6282,2024-01-29 10:30:00,True,10:30:00,2024-01-29
6283,2024-01-29 10:45:00,True,10:45:00,2024-01-29
6284,2024-01-29 11:00:00,True,11:00:00,2024-01-29
6285,2024-01-29 11:15:00,True,11:15:00,2024-01-29
6286,2024-01-29 11:30:00,True,11:30:00,2024-01-29
6287,2024-01-29 11:45:00,False,11:45:00,2024-01-29
6288,2024-01-29 12:00:00,False,12:00:00,2024-01-29
6289,2024-01-29 12:15:00,False,12:15:00,2024-01-29
6290,2024-01-29 12:30:00,False,12:30:00,2024-01-29
6291,2024-01-29 12:45:00,False,12:45:00,2024-01-29
6292,2024-01-29 13:00:00,False,13:00:00,2024-01-29
6293,2024-01-29 13:15:00,False,13:15:00,2024-01-29
6294,2024-01-29 13:30:00,False,13:30:00,2024-01-29
6295,2024-01-29 13:45:00,False,13:45:00,2024-01-29
6296,2024-01-29 14:00:00,False,14:00:00,2024-01-29
6297,2024-01-29 14:15:00,False,14:15:00,2024-01-29
6298,2024-01-29 14:30:00,False,14:30:00,2024-01-29
6299,2024-01-29 14:45:00,False,14:45:00,2024-01-29
6300,2024-01-29 15:00:00,False,15:00:00,2024-01-29
6301,2024-01-29 15:15:00,False,15:15:00,2024-01-29
6302,2024-01-29 15:30:00,False,15:30:00,2024-01-29
6303,2024-01-29 15:45:00,False,15:45:00,2024-01-29
6304,2024-01-29 16:00:00,False,16:00:00,2024-01-29
6305,2024-01-29 16:15:00,False,16:15:00,2024-01-29
6306,2024-01-29 16:30:00,False,16:30:00,2024-01-29
6307,2024-01-29 16:45:00,False,16:45:00,2024-01-29
6308,2024-01-29 17:00:00,False,17:00:00,2024-01-29
6309,2024-01-29 17:15:00,False,17:15:00,2024-01-29
6310,2024-01-29 17:30:00,False,17:30:00,2024-01-29
6311,2024-01-29 17:45:00,False,17:45:00,2024-01-29
6312,2024-01-29 18:00:00,False,18:00:00,2024-01-29
6313,2024-01-29 18:15:00,False,18:15:00,2024-01-29
6314,2024-01-29 18:30:00,False,18:30:00,2024-01-29
6315,2024-01-29 18:45:00,False,18:45:00,2024-01-29
6316,2024-01-29 19:00:00,False,19:00:00,2024-01-29
6317,2024-01-29 19:15:00,False,19:15:00,2024-01-29
6318,2024-01-29 19:30:00,False,19:30:00,2024-01-29
6319,2024-01-29 19:45:00,False,19:45:00,2024-01-29
6320,2024-01-29 20:00:00,False,20:00:00,2024-01-29
6321,2024-01-29 20:15:00,False,20:15:00,2024-01-29
6322,2024-01-29 20:30:00,False,20:30:00,2024-01-29
6323,2024-01-29 20:45:00,False,20:45:00,2024-01-29
6324,2024-01-29 21:00:00,False,21:00:00,2024-01-29
6325,2024-01-29 21:15:00,False,21:15:00,2024-01-29
6326,2024-01-29 21:30:00,False,21:30:00,2024-01-29
6327,2024-01-29 21:45:00,False,21:45:00,2024-01-29
6328,2024-01-29 22:00:00,False,22:00:00,2024-01-29
6329,2024-01-29 22:15:00,False,22:15:00,2024-01-29
6330,2024-01-29 22:30:00,False,22:30:00,2024-01-29
6331,2024-01-29 22:45:00,False,22:45:00,2024-01-29
6332,2024-01-29 23:00:00,False,23:00:00,2024-01-29
6333,2024-01-29 23:15:00,False,23:15:00,2024-01-29
6334,2024-01-29 23:30:00,False,23:30:00,2024-01-29
6335,2024-01-29 23:45:00,False,23:45:00,2024-01-29
6336,2024-01-30 00:00:00,False,00:00:00,2024-01-30
6337,2024-01-30 00:15:00,False,00:15:00,2024-01-30
6338,2024-01-30 00:30:00,False,00:30:00,2024-01-30
6339,2024-01-30 00:45:00,False,00:45:00,2024-01-30
6340,2024-01-30 01:00:00,False,01:00:00,2024-01-30
6341,2024-01-30 01:15:00,False,01:15:00,2024-01-30
6342,2024-01-30 01:30:00,False,01:30:00,2024-01-30
6343,2024-01-30 01:45:00,False,01:45:00,2024-01-30
6344,2024-01-30 02:00:00,False,02:00:00,2024-01-30
6345,2024-01-30 02:15:00,False,02:15:00,2024-01-30
6346,2024-01-30 02:30:00,False,02:30:00,2024-01-30
6347,2024-01-30 02:45:00,False,02:45:00,2024-01-30
6348,2024-01-30 03:00:00,False,03:00:00,2024-01-30
6349,2024-01-30 03:15:00,False,03:15:00,2024-01-30
6350,2024-01-30 03:30:00,False,03:30:00,2024-01-30
6351,2024-01-30 03:45:00,False,03:45:00,2024-01-30
6352,2024-01-30 04:00:00,False,04:00:00,2024-01-30
6353,2024-01-30 04:15:00,False,04:15:00,2024-01-30
6354,2024-01-30 04:30:00,False,04:30:00,2024-01-30
6355,2024-01-30 04:45:00,False,04:45:00,2024-01-30
6356,2024-01-30 05:00:00,False,05:00:00,2024-01-30
6357,2024-01-30 05:15:00,False,05:15:00,2024-01-30
6358,2024-01-30 05:30:00,False,05:30:00,2024-01-30
6359,2024-01-30 05:45:00,False,05:45:00,2024-01-30
6360,2024-01-30 06:00:00,False,06:00:00,2024-01-30
6361,2024-01-30 06:15:00,False,06:15:00,2024-01-30
6362,2024-01-30 06:30:00,False,06:30:00,2024-01-30
6363,2024-01-30 06:45:00,False,06:45:00,2024-01-30
6364,2024-01-30 07:00:00,False,07:00:00,2024-01-30
6365,2024-01-30 07:15:00,False,07:15:00,2024-01-30
6366,2024-01-30 07:30:00,False,07:30:00,2024-01-30
6367,2024-01-30 07:45:00,True,07:45:00,2024-01-30
6368,2024-01-30 08:00:00,False,08:00:00,2024-01-30
6369,2024-01-30 08:15:00,False,08:15:00,2024-01-30
6370,2024-01-30 08:30:00,False,08:30:00,2024-01-30
6371,2024-01-30 08:45:00,False,08:45:00,2024-01-30
6372,2024-01-30 09:00:00,False,09:00:00,2024-01-30
6373,2024-01-30 09:15:00,False,09:15:00,2024-01-30
6374,2024-01-30 09:30:00,False,09:30:00,2024-01-30
6375,2024-01-30 09:45:00,False,09:45:00,2024-01-30
6376,2024-01-30 10:00:00,False,10:00:00,2024-01-30
6377,2024-01-30 10:15:00,False,10:15:00,2024-01-30
6378,2024-01-30 10:30:00,True,10:30:00,2024-01-30
6379,2024-01-30 10:45:00,False,10:45:00,2024-01-30
6380,2024-01-30 11:00:00,False,11:00:00,2024-01-30
6381,2024-01-30 11:15:00,False,11:15:00,2024-01-30
6382,2024-01-30 11:30:00,False,11:30:00,2024-01-30
6383,2024-01-30 11:45:00,False,11:45:00,2024-01-30
6384,2024-01-30 12:00:00,False,12:00:00,2024-01-30
6385,2024-01-30 12:15:00,False,12:15:00,2024-01-30
6386,2024-01-30 12:30:00,False,12:30:00,2024-01-30
6387,2024-01-30 12:45:00,False,12:45:00,2024-01-30
6388,2024-01-30 13:00:00,False,13:00:00,2024-01-30
6389,2024-01-30 13:15:00,False,13:15:00,2024-01-30
6390,2024-01-30 13:30:00,False,13:30:00,2024-01-30
6391,2024-01-30 13:45:00,False,13:45:00,2024-01-30
6392,2024-01-30 14:00:00,False,14:00:00,2024-01-30
6393,2024-01-30 14:15:00,False,14:15:00,2024-01-30
6394,2024-01-30 14:30:00,False,14:30:00,2024-01-30
6395,2024-01-30 14:45:00,False,14:45:00,2024-01-30
6396,2024-01-30 15:00:00,False,15:00:00,2024-01-30
6397,2024-01-30 15:15:00,False,15:15:00,2024-01-30
6398,2024-01-30 15:30:00,False,15:30:00,2024-01-30
6399,2024-01-30 15:45:00,False,15:45:00,2024-01-30
6400,2024-01-30 16:00:00,False,16:00:00,2024-01-30
6401,2024-01-30 16:15:00,False,16:15:00,2024-01-30
6402,2024-01-30 16:30:00,False,16:30:00,2024-01-30
6403,2024-01-30 16:45:00,False,16:45:00,2024-01-30
6404,2024-01-30 17:00:00,False,17:00:00,2024-01-30
6405,2024-01-30 17:15:00,False,17:15:00,2024-01-30
6406,2024-01-30 17:30:00,False,17:30:00,2024-01-30
6407,2024-01-30 17:45:00,False,17:45:00,2024-01-30
6408,2024-01-30 18:00:00,False,18:00:00,2024-01-30
6409,2024-01-30 18:15:00,False,18:15:00,2024-01-30
6410,2024-01-30 18:30:00,False,18:30:00,2024-01-30
6411,2024-01-30 18:45:00,False,18:45:00,2024-01-30
6412,2024-01-30 19:00:00,False,19:00:00,2024-01-30
6413,2024-01-30 19:15:00,False,19:15:00,2024-01-30
6414,2024-01-30 19:30:00,False,19:30:00,2024-01-30
6415,2024-01-30 19:45:00,False,19:45:00,2024-01-30
6416,2024-01-30 20:00:00,False,20:00:00,2024-01-30
6417,2024-01-30 20:15:00,False,20:15:00,2024-01-30
6418,2024-01-30 20:30:00,False,20:30:00,2024-01-30
6419,2024-01-30 20:45:00,False,20:45:00,2024-01-30
6420,2024-01-30 21:00:00,False,21:00:00,2024-01-30
6421,2024-01-30 21:15:00,False,21:15:00,2024-01-30
6422,2024-01-30 21:30:00,False,21:30:00,2024-01-30
6423,2024-01-30 21:45:00,False,21:45:00,2024-01-30
6424,2024-01-30 22:00:00,False,22:00:00,2024-01-30
6425,2024-01-30 22:15:00,False,22:15:00,2024-01-30
6426,2024-01-30 22:30:00,False,22:30:00,2024-01-30
6427,2024-01-30 22:45:00,False,22:45:00,2024-01-30
6428,2024-01-30 23:00:00,False,23:00:00,2024-01-30
6429,2024-01-30 23:15:00,False,23:15:00,2024-01-30
6430,2024-01-30 23:30:00,False,23:30:00,2024-01-30
6431,2024-01-30 23:45:00,False,23:45:00,2024-01-30
6432,2024-01-31 00:00:00,False,00:00:00,2024-01-31
6433,2024-01-31 00:15:00,False,00:15:00,2024-01-31
6434,2024-01-31 00:30:00,False,00:30:00,2024-01-31
6435,2024-01-31 00:45:00,False,00:45:00,2024-01-31
6436,2024-01-31 01:00:00,False,01:00:00,2024-01-31
6437,2024-01-31 01:15:00,False,01:15:00,2024-01-31
6438,2024-01-31 01:30:00,False,01:30:00,2024-01-31
6439,2024-01-31 01:45:00,False,01:45:00,2024-01-31
6440,2024-01-31 02:00:00,False,02:00:00,2024-01-31
6441,2024-01-31 02:15:00,False,02:15:00,2024-01-31
6442,2024-01-31 02:30:00,False,02:30:00,2024-01-31
6443,2024-01-31 02:45:00,False,02:45:00,2024-01-31
6444,2024-01-31 03:00:00,False,03:00:00,2024-01-31
6445,2024-01-31 03:15:00,False,03:15:00,2024-01-31
6446,2024-01-31 03:30:00,False,03:30:00,2024-01-31
6447,2024-01-31 03:45:00,False,03:45:00,2024-01-31
6448,2024-01-31 04:00:00,False,04:00:00,2024-01-31
6449,2024-01-31 04:15:00,False,04:15:00,2024-01-31
6450,2024-01-31 04:30:00,False,04:30:00,2024-01-31
6451,2024-01-31 04:45:00,False,04:45:00,2024-01-31
6452,2024-01-31 05:00:00,False,05:00:00,2024-01-31
6453,2024-01-31 05:15:00,False,05:15:00,2024-01-31
6454,2024-01-31 05:30:00,False,05:30:00,2024-01-31
6455,2024-01-31 05:45:00,False,05:45:00,2024-01-31
6456,2024-01-31 06:00:00,False,06:00:00,2024-01-31
6457,2024-01-31 06:15:00,False,06:15:00,2024-01-31
6458,2024-01-31 06:30:00,False,06:30:00,2024-01-31
6459,2024-01-31 06:45:00,False,06:45:00,2024-01-31
6460,2024-01-31 07:00:00,False,07:00:00,2024-01-31
6461,2024-01-31 07:15:00,False,07:15:00,2024-01-31
6462,2024-01-31 07:30:00,False,07:30:00,2024-01-31
6463,2024-01-31 07:45:00,False,07:45:00,2024-01-31
6464,2024-01-31 08:00:00,False,08:00:00,2024-01-31
6465,2024-01-31 08:15:00,False,08:15:00,2024-01-31
6466,2024-01-31 08:30:00,False,08:30:00,2024-01-31
6467,2024-01-31 08:45:00,False,08:45:00,2024-01-31
6468,2024-01-31 09:00:00,False,09:00:00,2024-01-31
6469,2024-01-31 09:15:00,False,09:15:00,2024-01-31
6470,2024-01-31 09:30:00,False,09:30:00,2024-01-31
6471,2024-01-31 09:45:00,False,09:45:00,2024-01-31
6472,2024-01-31 10:00:00,False,10:00:00,2024-01-31
6473,2024-01-31 10:15:00,False,10:15:00,2024-01-31
6474,2024-01-31 10:30:00,False,10:30:00,2024-01-31
6475,2024-01-31 10:45:00,False,10:45:00,2024-01-31
6476,2024-01-31 11:00:00,False,11:00:00,2024-01-31
6477,2024-01-31 11:15:00,False,11:15:00,2024-01-31
6478,2024-01-31 11:30:00,False,11:30:00,2024-01-31
6479,2024-01-31 11:45:00,False,11:45:00,2024-01-31
6480,2024-01-31 12:00:00,False,12:00:00,2024-01-31
6481,2024-01-31 12:15:00,False,12:15:00,2024-01-31
6482,2024-01-31 12:30:00,False,12:30:00,2024-01-31
6483,2024-01-31 12:45:00,False,12:45:00,2024-01-31
6484,2024-01-31 13:00:00,False,13:00:00,2024-01-31
6485,2024-01-31 13:15:00,False,13:15:00,2024-01-31
6486,2024-01-31 13:30:00,False,13:30:00,2024-01-31
6487,2024-01-31 13:45:00,False,13:45:00,2024-01-31
6488,2024-01-31 14:00:00,False,14:00:00,2024-01-31
6489,2024-01-31 14:15:00,False,14:15:00,2024-01-31
6490,2024-01-31 14:30:00,False,14:30:00,2024-01-31
6491,2024-01-31 14:45:00,False,14:45:00,2024-01-31
6492,2024-01-31 15:00:00,False,15:00:00,2024-01-31
6493,2024-01-31 15:15:00,False,15:15:00,2024-01-31
6494,2024-01-31 15:30:00,False,15:30:00,2024-01-31
6495,2024-01-31 15:45:00,False,15:45:00,2024-01-31
6496,2024-01-31 16:00:00,False,16:00:00,2024-01-31
6497,2024-01-31 16:15:00,False,16:15:00,2024-01-31
6498,2024-01-31 16:30:00,False,16:30:00,2024-01-31
6499,2024-01-31 16:45:00,False,16:45:00,2024-01-31
6500,2024-01-31 17:00:00,False,17:00:00,2024-01-31
6501,2024-01-31 17:15:00,False,17:15:00,2024-01-31
6502,2024-01-31 17:30:00,True,17:30:00,2024-01-31
6503,2024-01-31 17:45:00,True,17:45:00,2024-01-31
6504,2024-01-31 18:00:00,True,18:00:00,2024-01-31
6505,2024-01-31 18:15:00,True,18:15:00,2024-01-31
6506,2024-01-31 18:30:00,True,18:30:00,2024-01-31
6507,2024-01-31 18:45:00,True,18:45:00,2024-01-31
6508,2024-01-31 19:00:00,False,19:00:00,2024-01-31
6509,2024-01-31 19:15:00,False,19:15:00,2024-01-31
6510,2024-01-31 19:30:00,False,19:30:00,2024-01-31
6511,2024-01-31 19:45:00,False,19:45:00,2024-01-31
6512,2024-01-31 20:00:00,False,20:00:00,2024-01-31
6513,2024-01-31 20:15:00,False,20:15:00,2024-01-31
6514,2024-01-31 20:30:00,False,20:30:00,2024-01-31
6515,2024-01-31 20:45:00,False,20:45:00,2024-01-31
6516,2024-01-31 21:00:00,False,21:00:00,2024-01-31
6517,2024-01-31 21:15:00,False,21:15:00,2024-01-31
6518,2024-01-31 21:30:00,False,21:30:00,2024-01-31
6519,2024-01-31 21:45:00,False,21:45:00,2024-01-31
6520,2024-01-31 22:00:00,False,22:00:00,2024-01-31
6521,2024-01-31 22:15:00,False,22:15:00,2024-01-31
6522,2024-01-31 22:30:00,False,22:30:00,2024-01-31
6523,2024-01-31 22:45:00,False,22:45:00,2024-01-31
6524,2024-01-31 23:00:00,False,23:00:00,2024-01-31
6525,2024-01-31 23:15:00,False,23:15:00,2024-01-31
6526,2024-01-31 23:30:00,False,23:30:00,2024-01-31
6527,2024-01-31 23:45:00,False,23:45:00,2024-01-31
6528,2024-02-01 00:00:00,False,00:00:00,2024-02-01
6529,2024-02-01 00:15:00,False,00:15:00,2024-02-01
6530,2024-02-01 00:30:00,False,00:30:00,2024-02-01
6531,2024-02-01 00:45:00,False,00:45:00,2024-02-01
6532,2024-02-01 01:00:00,False,01:00:00,2024-02-01
6533,2024-02-01 01:15:00,False,01:15:00,2024-02-01
6534,2024-02-01 01:30:00,False,01:30:00,2024-02-01
6535,2024-02-01 01:45:00,False,01:45:00,2024-02-01
6536,2024-02-01 02:00:00,False,02:00:00,2024-02-01
6537,2024-02-01 02:15:00,False,02:15:00,2024-02-01
6538,2024-02-01 02:30:00,False,02:30:00,2024-02-01
6539,2024-02-01 02:45:00,False,02:45:00,2024-02-01
6540,2024-02-01 03:00:00,False,03:00:00,2024-02-01
6541,2024-02-01 03:15:00,False,03:15:00,2024-02-01
6542,2024-02-01 03:30:00,False,03:30:00,2024-02-01
6543,2024-02-01 03:45:00,False,03:45:00,2024-02-01
6544,2024-02-01 04:00:00,False,04:00:00,2024-02-01
6545,2024-02-01 04:15:00,False,04:15:00,2024-02-01
6546,2024-02-01 04:30:00,False,04:30:00,2024-02-01
6547,2024-02-01 04:45:00,False,04:45:00,2024-02-01
6548,2024-02-01 05:00:00,False,05:00:00,2024-02-01
6549,2024-02-01 05:15:00,False,05:15:00,2024-02-01
6550,2024-02-01 05:30:00,False,05:30:00,2024-02-01
6551,2024-02-01 05:45:00,False,05:45:00,2024-02-01
6552,2024-02-01 06:00:00,False,06:00:00,2024-02-01
6553,2024-02-01 06:15:00,False,06:15:00,2024-02-01
6554,2024-02-01 06:30:00,False,06:30:00,2024-02-01
6555,2024-02-01 06:45:00,False,06:45:00,2024-02-01
6556,2024-02-01 07:00:00,False,07:00:00,2024-02-01
6557,2024-02-01 07:15:00,False,07:15:00,2024-02-01
6558,2024-02-01 07:30:00,False,07:30:00,2024-02-01
6559,2024-02-01 07:45:00,False,07:45:00,2024-02-01
6560,2024-02-01 08:00:00,False,08:00:00,2024-02-01
6561,2024-02-01 08:15:00,False,08:15:00,2024-02-01
6562,2024-02-01 08:30:00,False,08:30:00,2024-02-01
6563,2024-02-01 08:45:00,False,08:45:00,2024-02-01
6564,2024-02-01 09:00:00,False,09:00:00,2024-02-01
6565,2024-02-01 09:15:00,False,09:15:00,2024-02-01
6566,2024-02-01 09:30:00,False,09:30:00,2024-02-01
6567,2024-02-01 09:45:00,False,09:45:00,2024-02-01
6568,2024-02-01 10:00:00,False,10:00:00,2024-02-01
6569,2024-02-01 10:15:00,False,10:15:00,2024-02-01
6570,2024-02-01 10:30:00,False,10:30:00,2024-02-01
6571,2024-02-01 10:45:00,False,10:45:00,2024-02-01
6572,2024-02-01 11:00:00,False,11:00:00,2024-02-01
6573,2024-02-01 11:15:00,False,11:15:00,2024-02-01
6574,2024-02-01 11:30:00,False,11:30:00,2024-02-01
6575,2024-02-01 11:45:00,False,11:45:00,2024-02-01
6576,2024-02-01 12:00:00,False,12:00:00,2024-02-01
6577,2024-02-01 12:15:00,False,12:15:00,2024-02-01
6578,2024-02-01 12:30:00,False,12:30:00,2024-02-01
6579,2024-02-01 12:45:00,False,12:45:00,2024-02-01
6580,2024-02-01 13:00:00,False,13:00:00,2024-02-01
6581,2024-02-01 13:15:00,False,13:15:00,2024-02-01
6582,2024-02-01 13:30:00,False,13:30:00,2024-02-01
6583,2024-02-01 13:45:00,True,13:45:00,2024-02-01
6584,2024-02-01 14:00:00,True,14:00:00,2024-02-01
6585,2024-02-01 14:15:00,False,14:15:00,2024-02-01
6586,2024-02-01 14:30:00,False,14:30:00,2024-02-01
6587,2024-02-01 14:45:00,False,14:45:00,2024-02-01
6588,2024-02-01 15:00:00,False,15:00:00,2024-02-01
6589,2024-02-01 15:15:00,False,15:15:00,2024-02-01
6590,2024-02-01 15:30:00,False,15:30:00,2024-02-01
6591,2024-02-01 15:45:00,False,15:45:00,2024-02-01
6592,2024-02-01 16:00:00,False,16:00:00,2024-02-01
6593,2024-02-01 16:15:00,False,16:15:00,2024-02-01
6594,2024-02-01 16:30:00,False,16:30:00,2024-02-01
6595,2024-02-01 16:45:00,False,16:45:00,2024-02-01
6596,2024-02-01 17:00:00,False,17:00:00,2024-02-01
6597,2024-02-01 17:15:00,False,17:15:00,2024-02-01
6598,2024-02-01 17:30:00,False,17:30:00,2024-02-01
6599,2024-02-01 17:45:00,False,17:45:00,2024-02-01
6600,2024-02-01 18:00:00,False,18:00:00,2024-02-01
6601,2024-02-01 18:15:00,False,18:15:00,2024-02-01
6602,2024-02-01 18:30:00,False,18:30:00,2024-02-01
6603,2024-02-01 18:45:00,False,18:45:00,2024-02-01
6604,2024-02-01 19:00:00,False,19:00:00,2024-02-01
6605,2024-02-01 19:15:00,False,19:15:00,2024-02-01
6606,2024-02-01 19:30:00,False,19:30:00,2024-02-01
6607,2024-02-01 19:45:00,False,19:45:00,2024-02-01
6608,2024-02-01 20:00:00,False,20:00:00,2024-02-01
6609,2024-02-01 20:15:00,False,20:15:00,2024-02-01
6610,2024-02-01 20:30:00,False,20:30:00,2024-02-01
6611,2024-02-01 20:45:00,False,20:45:00,2024-02-01
6612,2024-02-01 21:00:00,False,21:00:00,2024-02-01
6613,2024-02-01 21:15:00,False,21:15:00,2024-02-01
6614,2024-02-01 21:30:00,False,21:30:00,2024-02-01
6615,2024-02-01 21:45:00,False,21:45:00,2024-02-01
6616,2024-02-01 22:00:00,False,22:00:00,2024-02-01
6617,2024-02-01 22:15:00,False,22:15:00,2024-02-01
6618,2024-02-01 22:30:00,False,22:30:00,2024-02-01
6619,2024-02-01 22:45:00,False,22:45:00,2024-02-01
6620,2024-02-01 23:00:00,False,23:00:00,2024-02-01
6621,2024-02-01 23:15:00,False,23:15:00,2024-02-01
6622,2024-02-01 23:30:00,False,23:30:00,2024-02-01
6623,2024-02-01 23:45:00,False,23:45:00,2024-02-01
6624,2024-02-02 00:00:00,False,00:00:00,2024-02-02
6625,2024-02-02 00:15:00,False,00:15:00,2024-02-02
6626,2024-02-02 00:30:00,False,00:30:00,2024-02-02
6627,2024-02-02 00:45:00,False,00:45:00,2024-02-02
6628,2024-02-02 01:00:00,False,01:00:00,2024-02-02
6629,2024-02-02 01:15:00,False,01:15:00,2024-02-02
6630,2024-02-02 01:30:00,False,01:30:00,2024-02-02
6631,2024-02-02 01:45:00,False,01:45:00,2024-02-02
6632,2024-02-02 02:00:00,False,02:00:00,2024-02-02
6633,2024-02-02 02:15:00,False,02:15:00,2024-02-02
6634,2024-02-02 02:30:00,False,02:30:00,2024-02-02
6635,2024-02-02 02:45:00,False,02:45:00,2024-02-02
6636,2024-02-02 03:00:00,False,03:00:00,2024-02-02
6637,2024-02-02 03:15:00,False,03:15:00,2024-02-02
6638,2024-02-02 03:30:00,False,03:30:00,2024-02-02
6639,2024-02-02 03:45:00,False,03:45:00,2024-02-02
6640,2024-02-02 04:00:00,False,04:00:00,2024-02-02
6641,2024-02-02 04:15:00,False,04:15:00,2024-02-02
6642,2024-02-02 04:30:00,False,04:30:00,2024-02-02
6643,2024-02-02 04:45:00,False,04:45:00,2024-02-02
6644,2024-02-02 05:00:00,False,05:00:00,2024-02-02
6645,2024-02-02 05:15:00,False,05:15:00,2024-02-02
6646,2024-02-02 05:30:00,False,05:30:00,2024-02-02
6647,2024-02-02 05:45:00,False,05:45:00,2024-02-02
6648,2024-02-02 06:00:00,False,06:00:00,2024-02-02
6649,2024-02-02 06:15:00,False,06:15:00,2024-02-02
6650,2024-02-02 06:30:00,False,06:30:00,2024-02-02
6651,2024-02-02 06:45:00,False,06:45:00,2024-02-02
6652,2024-02-02 07:00:00,False,07:00:00,2024-02-02
6653,2024-02-02 07:15:00,False,07:15:00,2024-02-02
6654,2024-02-02 07:30:00,False,07:30:00,2024-02-02
6655,2024-02-02 07:45:00,False,07:45:00,2024-02-02
6656,2024-02-02 08:00:00,False,08:00:00,2024-02-02
6657,2024-02-02 08:15:00,False,08:15:00,2024-02-02
6658,2024-02-02 08:30:00,False,08:30:00,2024-02-02
6659,2024-02-02 08:45:00,False,08:45:00,2024-02-02
6660,2024-02-02 09:00:00,False,09:00:00,2024-02-02
6661,2024-02-02 09:15:00,False,09:15:00,2024-02-02
6662,2024-02-02 09:30:00,False,09:30:00,2024-02-02
6663,2024-02-02 09:45:00,False,09:45:00,2024-02-02
6664,2024-02-02 10:00:00,False,10:00:00,2024-02-02
6665,2024-02-02 10:15:00,False,10:15:00,2024-02-02
6666,2024-02-02 10:30:00,False,10:30:00,2024-02-02
6667,2024-02-02 10:45:00,False,10:45:00,2024-02-02
6668,2024-02-02 11:00:00,False,11:00:00,2024-02-02
6669,2024-02-02 11:15:00,False,11:15:00,2024-02-02
6670,2024-02-02 11:30:00,False,11:30:00,2024-02-02
6671,2024-02-02 11:45:00,False,11:45:00,2024-02-02
6672,2024-02-02 12:00:00,False,12:00:00,2024-02-02
6673,2024-02-02 12:15:00,False,12:15:00,2024-02-02
6674,2024-02-02 12:30:00,False,12:30:00,2024-02-02
6675,2024-02-02 12:45:00,False,12:45:00,2024-02-02
6676,2024-02-02 13:00:00,False,13:00:00,2024-02-02
6677,2024-02-02 13:15:00,False,13:15:00,2024-02-02
6678,2024-02-02 13:30:00,False,13:30:00,2024-02-02
6679,2024-02-02 13:45:00,False,13:45:00,2024-02-02
6680,2024-02-02 14:00:00,False,14:00:00,2024-02-02
6681,2024-02-02 14:15:00,False,14:15:00,2024-02-02
6682,2024-02-02 14:30:00,False,14:30:00,2024-02-02
6683,2024-02-02 14:45:00,False,14:45:00,2024-02-02
6684,2024-02-02 15:00:00,False,15:00:00,2024-02-02
6685,2024-02-02 15:15:00,False,15:15:00,2024-02-02
6686,2024-02-02 15:30:00,False,15:30:00,2024-02-02
6687,2024-02-02 15:45:00,False,15:45:00,2024-02-02
6688,2024-02-02 16:00:00,False,16:00:00,2024-02-02
6689,2024-02-02 16:15:00,False,16:15:00,2024-02-02
6690,2024-02-02 16:30:00,False,16:30:00,2024-02-02
6691,2024-02-02 16:45:00,False,16:45:00,2024-02-02
6692,2024-02-02 17:00:00,False,17:00:00,2024-02-02
6693,2024-02-02 17:15:00,False,17:15:00,2024-02-02
6694,2024-02-02 17:30:00,False,17:30:00,2024-02-02
6695,2024-02-02 17:45:00,False,17:45:00,2024-02-02
6696,2024-02-02 18:00:00,False,18:00:00,2024-02-02
6697,2024-02-02 18:15:00,False,18:15:00,2024-02-02
6698,2024-02-02 18:30:00,False,18:30:00,2024-02-02
6699,2024-02-02 18:45:00,False,18:45:00,2024-02-02
6700,2024-02-02 19:00:00,False,19:00:00,2024-02-02
6701,2024-02-02 19:15:00,False,19:15:00,2024-02-02
6702,2024-02-02 19:30:00,False,19:30:00,2024-02-02
6703,2024-02-02 19:45:00,False,19:45:00,2024-02-02
6704,2024-02-02 20:00:00,False,20:00:00,2024-02-02
6705,2024-02-02 20:15:00,False,20:15:00,2024-02-02
6706,2024-02-02 20:30:00,False,20:30:00,2024-02-02
6707,2024-02-02 20:45:00,False,20:45:00,2024-02-02
6708,2024-02-02 21:00:00,False,21:00:00,2024-02-02
6709,2024-02-02 21:15:00,False,21:15:00,2024-02-02
6710,2024-02-02 21:30:00,False,21:30:00,2024-02-02
6711,2024-02-02 21:45:00,False,21:45:00,2024-02-02
6712,2024-02-02 22:00:00,False,22:00:00,2024-02-02
6713,2024-02-02 22:15:00,False,22:15:00,2024-02-02
6714,2024-02-02 22:30:00,False,22:30:00,2024-02-02
6715,2024-02-02 22:45:00,False,22:45:00,2024-02-02
6716,2024-02-02 23:00:00,False,23:00:00,2024-02-02
6717,2024-02-02 23:15:00,False,23:15:00,2024-02-02
6718,2024-02-02 23:30:00,False,23:30:00,2024-02-02
6719,2024-02-02 23:45:00,False,23:45:00,2024-02-02
6720,2024-02-03 00:00:00,False,00:00:00,2024-02-03
6721,2024-02-03 00:15:00,False,00:15:00,2024-02-03
6722,2024-02-03 00:30:00,False,00:30:00,2024-02-03
6723,2024-02-03 00:45:00,False,00:45:00,2024-02-03
6724,2024-02-03 01:00:00,False,01:00:00,2024-02-03
6725,2024-02-03 01:15:00,False,01:15:00,2024-02-03
6726,2024-02-03 01:30:00,False,01:30:00,2024-02-03
6727,2024-02-03 01:45:00,False,01:45:00,2024-02-03
6728,2024-02-03 02:00:00,False,02:00:00,2024-02-03
6729,2024-02-03 02:15:00,False,02:15:00,2024-02-03
6730,2024-02-03 02:30:00,False,02:30:00,2024-02-03
6731,2024-02-03 02:45:00,False,02:45:00,2024-02-03
6732,2024-02-03 03:00:00,False,03:00:00,2024-02-03
6733,2024-02-03 03:15:00,False,03:15:00,2024-02-03
6734,2024-02-03 03:30:00,False,03:30:00,2024-02-03
6735,2024-02-03 03:45:00,False,03:45:00,2024-02-03
6736,2024-02-03 04:00:00,False,04:00:00,2024-02-03
6737,2024-02-03 04:15:00,False,04:15:00,2024-02-03
6738,2024-02-03 04:30:00,False,04:30:00,2024-02-03
6739,2024-02-03 04:45:00,False,04:45:00,2024-02-03
6740,2024-02-03 05:00:00,False,05:00:00,2024-02-03
6741,2024-02-03 05:15:00,False,05:15:00,2024-02-03
6742,2024-02-03 05:30:00,False,05:30:00,2024-02-03
6743,2024-02-03 05:45:00,False,05:45:00,2024-02-03
6744,2024-02-03 06:00:00,False,06:00:00,2024-02-03
6745,2024-02-03 06:15:00,False,06:15:00,2024-02-03
6746,2024-02-03 06:30:00,False,06:30:00,2024-02-03
6747,2024-02-03 06:45:00,False,06:45:00,2024-02-03
6748,2024-02-03 07:00:00,False,07:00:00,2024-02-03
6749,2024-02-03 07:15:00,False,07:15:00,2024-02-03
6750,2024-02-03 07:30:00,False,07:30:00,2024-02-03
6751,2024-02-03 07:45:00,True,07:45:00,2024-02-03
6752,2024-02-03 08:00:00,True,08:00:00,2024-02-03
6753,2024-02-03 08:15:00,True,08:15:00,2024-02-03
6754,2024-02-03 08:30:00,True,08:30:00,2024-02-03
6755,2024-02-03 08:45:00,True,08:45:00,2024-02-03
6756,2024-02-03 09:00:00,False,09:00:00,2024-02-03
6757,2024-02-03 09:15:00,False,09:15:00,2024-02-03
6758,2024-02-03 09:30:00,False,09:30:00,2024-02-03
6759,2024-02-03 09:45:00,False,09:45:00,2024-02-03
6760,2024-02-03 10:00:00,False,10:00:00,2024-02-03
6761,2024-02-03 10:15:00,False,10:15:00,2024-02-03
6762,2024-02-03 10:30:00,False,10:30:00,2024-02-03
6763,2024-02-03 10:45:00,False,10:45:00,2024-02-03
6764,2024-02-03 11:00:00,False,11:00:00,2024-02-03
6765,2024-02-03 11:15:00,False,11:15:00,2024-02-03
6766,2024-02-03 11:30:00,False,11:30:00,2024-02-03
6767,2024-02-03 11:45:00,False,11:45:00,2024-02-03
6768,2024-02-03 12:00:00,False,12:00:00,2024-02-03
6769,2024-02-03 12:15:00,False,12:15:00,2024-02-03
6770,2024-02-03 12:30:00,False,12:30:00,2024-02-03
6771,2024-02-03 12:45:00,False,12:45:00,2024-02-03
6772,2024-02-03 13:00:00,False,13:00:00,2024-02-03
6773,2024-02-03 13:15:00,False,13:15:00,2024-02-03
6774,2024-02-03 13:30:00,False,13:30:00,2024-02-03
6775,2024-02-03 13:45:00,False,13:45:00,2024-02-03
6776,2024-02-03 14:00:00,False,14:00:00,2024-02-03
6777,2024-02-03 14:15:00,False,14:15:00,2024-02-03
6778,2024-02-03 14:30:00,False,14:30:00,2024-02-03
6779,2024-02-03 14:45:00,False,14:45:00,2024-02-03
6780,2024-02-03 15:00:00,False,15:00:00,2024-02-03
6781,2024-02-03 15:15:00,False,15:15:00,2024-02-03
6782,2024-02-03 15:30:00,False,15:30:00,2024-02-03
6783,2024-02-03 15:45:00,False,15:45:00,2024-02-03
6784,2024-02-03 16:00:00,False,16:00:00,2024-02-03
6785,2024-02-03 16:15:00,False,16:15:00,2024-02-03
6786,2024-02-03 16:30:00,False,16:30:00,2024-02-03
6787,2024-02-03 16:45:00,False,16:45:00,2024-02-03
6788,2024-02-03 17:00:00,False,17:00:00,2024-02-03
6789,2024-02-03 17:15:00,False,17:15:00,2024-02-03
6790,2024-02-03 17:30:00,False,17:30:00,2024-02-03
6791,2024-02-03 17:45:00,False,17:45:00,2024-02-03
6792,2024-02-03 18:00:00,False,18:00:00,2024-02-03
6793,2024-02-03 18:15:00,False,18:15:00,2024-02-03
6794,2024-02-03 18:30:00,False,18:30:00,2024-02-03
6795,2024-02-03 18:45:00,False,18:45:00,2024-02-03
6796,2024-02-03 19:00:00,False,19:00:00,2024-02-03
6797,2024-02-03 19:15:00,False,19:15:00,2024-02-03
6798,2024-02-03 19:30:00,False,19:30:00,2024-02-03
6799,2024-02-03 19:45:00,False,19:45:00,2024-02-03
6800,2024-02-03 20:00:00,False,20:00:00,2024-02-03
6801,2024-02-03 20:15:00,False,20:15:00,2024-02-03
6802,2024-02-03 20:30:00,False,20:30:00,2024-02-03
6803,2024-02-03 20:45:00,False,20:45:00,2024-02-03
6804,2024-02-03 21:00:00,False,21:00:00,2024-02-03
6805,2024-02-03 21:15:00,False,21:15:00,2024-02-03
6806,2024-02-03 21:30:00,False,21:30:00,2024-02-03
6807,2024-02-03 21:45:00,False,21:45:00,2024-02-03
6808,2024-02-03 22:00:00,False,22:00:00,2024-02-03
6809,2024-02-03 22:15:00,False,22:15:00,2024-02-03
6810,2024-02-03 22:30:00,False,22:30:00,2024-02-03
6811,2024-02-03 22:45:00,False,22:45:00,2024-02-03
6812,2024-02-03 23:00:00,False,23:00:00,2024-02-03
6813,2024-02-03 23:15:00,False,23:15:00,2024-02-03
6814,2024-02-03 23:30:00,False,23:30:00,2024-02-03
6815,2024-02-03 23:45:00,False,23:45:00,2024-02-03
6816,2024-02-04 00:00:00,False,00:00:00,2024-02-04
6817,2024-02-04 00:15:00,False,00:15:00,2024-02-04
6818,2024-02-04 00:30:00,False,00:30:00,2024-02-04
6819,2024-02-04 00:45:00,False,00:45:00,2024-02-04
6820,2024-02-04 01:00:00,False,01:00:00,2024-02-04
6821,2024-02-04 01:15:00,False,01:15:00,2024-02-04
6822,2024-02-04 01:30:00,False,01:30:00,2024-02-04
6823,2024-02-04 01:45:00,False,01:45:00,2024-02-04
6824,2024-02-04 02:00:00,False,02:00:00,2024-02-04
6825,2024-02-04 02:15:00,False,02:15:00,2024-02-04
6826,2024-02-04 02:30:00,False,02:30:00,2024-02-04
6827,2024-02-04 02:45:00,False,02:45:00,2024-02-04
6828,2024-02-04 03:00:00,False,03:00:00,2024-02-04
6829,2024-02-04 03:15:00,False,03:15:00,2024-02-04
6830,2024-02-04 03:30:00,False,03:30:00,2024-02-04
6831,2024-02-04 03:45:00,False,03:45:00,2024-02-04
6832,2024-02-04 04:00:00,False,04:00:00,2024-02-04
6833,2024-02-04 04:15:00,False,04:15:00,2024-02-04
6834,2024-02-04 04:30:00,False,04:30:00,2024-02-04
6835,2024-02-04 04:45:00,False,04:45:00,2024-02-04
6836,2024-02-04 05:00:00,False,05:00:00,2024-02-04
6837,2024-02-04 05:15:00,False,05:15:00,2024-02-04
6838,2024-02-04 05:30:00,False,05:30:00,2024-02-04
6839,2024-02-04 05:45:00,False,05:45:00,2024-02-04
6840,2024-02-04 06:00:00,False,06:00:00,2024-02-04
6841,2024-02-04 06:15:00,False,06:15:00,2024-02-04
6842,2024-02-04 06:30:00,False,06:30:00,2024-02-04
6843,2024-02-04 06:45:00,False,06:45:00,2024-02-04
6844,2024-02-04 07:00:00,False,07:00:00,2024-02-04
6845,2024-02-04 07:15:00,False,07:15:00,2024-02-04
6846,2024-02-04 07:30:00,False,07:30:00,2024-02-04
6847,2024-02-04 07:45:00,False,07:45:00,2024-02-04
6848,2024-02-04 08:00:00,False,08:00:00,2024-02-04
6849,2024-02-04 08:15:00,False,08:15:00,2024-02-04
6850,2024-02-04 08:30:00,False,08:30:00,2024-02-04
6851,2024-02-04 08:45:00,False,08:45:00,2024-02-04
6852,2024-02-04 09:00:00,False,09:00:00,2024-02-04
6853,2024-02-04 09:15:00,False,09:15:00,2024-02-04
6854,2024-02-04 09:30:00,False,09:30:00,2024-02-04
6855,2024-02-04 09:45:00,False,09:45:00,2024-02-04
6856,2024-02-04 10:00:00,False,10:00:00,2024-02-04
6857,2024-02-04 10:15:00,False,10:15:00,2024-02-04
6858,2024-02-04 10:30:00,False,10:30:00,2024-02-04
6859,2024-02-04 10:45:00,False,10:45:00,2024-02-04
6860,2024-02-04 11:00:00,False,11:00:00,2024-02-04
6861,2024-02-04 11:15:00,False,11:15:00,2024-02-04
6862,2024-02-04 11:30:00,False,11:30:00,2024-02-04
6863,2024-02-04 11:45:00,False,11:45:00,2024-02-04
6864,2024-02-04 12:00:00,False,12:00:00,2024-02-04
6865,2024-02-04 12:15:00,False,12:15:00,2024-02-04
6866,2024-02-04 12:30:00,False,12:30:00,2024-02-04
6867,2024-02-04 12:45:00,False,12:45:00,2024-02-04
6868,2024-02-04 13:00:00,False,13:00:00,2024-02-04
6869,2024-02-04 13:15:00,False,13:15:00,2024-02-04
6870,2024-02-04 13:30:00,False,13:30:00,2024-02-04
6871,2024-02-04 13:45:00,False,13:45:00,2024-02-04
6872,2024-02-04 14:00:00,False,14:00:00,2024-02-04
6873,2024-02-04 14:15:00,False,14:15:00,2024-02-04
6874,2024-02-04 14:30:00,False,14:30:00,2024-02-04
6875,2024-02-04 14:45:00,False,14:45:00,2024-02-04
6876,2024-02-04 15:00:00,False,15:00:00,2024-02-04
6877,2024-02-04 15:15:00,False,15:15:00,2024-02-04
6878,2024-02-04 15:30:00,False,15:30:00,2024-02-04
6879,2024-02-04 15:45:00,False,15:45:00,2024-02-04
6880,2024-02-04 16:00:00,False,16:00:00,2024-02-04
6881,2024-02-04 16:15:00,False,16:15:00,2024-02-04
6882,2024-02-04 16:30:00,False,16:30:00,2024-02-04
6883,2024-02-04 16:45:00,False,16:45:00,2024-02-04
6884,2024-02-04 17:00:00,False,17:00:00,2024-02-04
6885,2024-02-04 17:15:00,False,17:15:00,2024-02-04
6886,2024-02-04 17:30:00,False,17:30:00,2024-02-04
6887,2024-02-04 17:45:00,False,17:45:00,2024-02-04
6888,2024-02-04 18:00:00,False,18:00:00,2024-02-04
6889,2024-02-04 18:15:00,False,18:15:00,2024-02-04
6890,2024-02-04 18:30:00,False,18:30:00,2024-02-04
6891,2024-02-04 18:45:00,False,18:45:00,2024-02-04
6892,2024-02-04 19:00:00,False,19:00:00,2024-02-04
6893,2024-02-04 19:15:00,False,19:15:00,2024-02-04
6894,2024-02-04 19:30:00,False,19:30:00,2024-02-04
6895,2024-02-04 19:45:00,False,19:45:00,2024-02-04
6896,2024-02-04 20:00:00,False,20:00:00,2024-02-04
6897,2024-02-04 20:15:00,False,20:15:00,2024-02-04
6898,2024-02-04 20:30:00,False,20:30:00,2024-02-04
6899,2024-02-04 20:45:00,False,20:45:00,2024-02-04
6900,2024-02-04 21:00:00,False,21:00:00,2024-02-04
6901,2024-02-04 21:15:00,False,21:15:00,2024-02-04
6902,2024-02-04 21:30:00,False,21:30:00,2024-02-04
6903,2024-02-04 21:45:00,False,21:45:00,2024-02-04
6904,2024-02-04 22:00:00,False,22:00:00,2024-02-04
6905,2024-02-04 22:15:00,False,22:15:00,2024-02-04
6906,2024-02-04 22:30:00,False,22:30:00,2024-02-04
6907,2024-02-04 22:45:00,False,22:45:00,2024-02-04
6908,2024-02-04 23:00:00,False,23:00:00,2024-02-04
6909,2024-02-04 23:15:00,False,23:15:00,2024-02-04
6910,2024-02-04 23:30:00,False,23:30:00,2024-02-04
6911,2024-02-04 23:45:00,False,23:45:00,2024-02-04
6912,2024-02-05 00:00:00,False,00:00:00,2024-02-05
6913,2024-02-05 00:15:00,False,00:15:00,2024-02-05
6914,2024-02-05 00:30:00,False,00:30:00,2024-02-05
6915,2024-02-05 00:45:00,False,00:45:00,2024-02-05
6916,2024-02-05 01:00:00,False,01:00:00,2024-02-05
6917,2024-02-05 01:15:00,False,01:15:00,2024-02-05
6918,2024-02-05 01:30:00,False,01:30:00,2024-02-05
6919,2024-02-05 01:45:00,False,01:45:00,2024-02-05
6920,2024-02-05 02:00:00,False,02:00:00,2024-02-05
6921,2024-02-05 02:15:00,False,02:15:00,2024-02-05
6922,2024-02-05 02:30:00,False,02:30:00,2024-02-05
6923,2024-02-05 02:45:00,False,02:45:00,2024-02-05
6924,2024-02-05 03:00:00,False,03:00:00,2024-02-05
6925,2024-02-05 03:15:00,False,03:15:00,2024-02-05
6926,2024-02-05 03:30:00,False,03:30:00,2024-02-05
6927,2024-02-05 03:45:00,False,03:45:00,2024-02-05
6928,2024-02-05 04:00:00,False,04:00:00,2024-02-05
6929,2024-02-05 04:15:00,False,04:15:00,2024-02-05
6930,2024-02-05 04:30:00,False,04:30:00,2024-02-05
6931,2024-02-05 04:45:00,False,04:45:00,2024-02-05
6932,2024-02-05 05:00:00,False,05:00:00,2024-02-05
6933,2024-02-05 05:15:00,False,05:15:00,2024-02-05
6934,2024-02-05 05:30:00,False,05:30:00,2024-02-05
6935,2024-02-05 05:45:00,False,05:45:00,2024-02-05
6936,2024-02-05 06:00:00,False,06:00:00,2024-02-05
6937,2024-02-05 06:15:00,False,06:15:00,2024-02-05
6938,2024-02-05 06:30:00,False,06:30:00,2024-02-05
6939,2024-02-05 06:45:00,False,06:45:00,2024-02-05
6940,2024-02-05 07:00:00,False,07:00:00,2024-02-05
6941,2024-02-05 07:15:00,False,07:15:00,2024-02-05
6942,2024-02-05 07:30:00,False,07:30:00,2024-02-05
6943,2024-02-05 07:45:00,False,07:45:00,2024-02-05
6944,2024-02-05 08:00:00,False,08:00:00,2024-02-05
6945,2024-02-05 08:15:00,False,08:15:00,2024-02-05
6946,2024-02-05 08:30:00,False,08:30:00,2024-02-05
6947,2024-02-05 08:45:00,False,08:45:00,2024-02-05
6948,2024-02-05 09:00:00,False,09:00:00,2024-02-05
6949,2024-02-05 09:15:00,False,09:15:00,2024-02-05
6950,2024-02-05 09:30:00,False,09:30:00,2024-02-05
6951,2024-02-05 09:45:00,False,09:45:00,2024-02-05
6952,2024-02-05 10:00:00,False,10:00:00,2024-02-05
6953,2024-02-05 10:15:00,False,10:15:00,2024-02-05
6954,2024-02-05 10:30:00,False,10:30:00,2024-02-05
6955,2024-02-05 10:45:00,False,10:45:00,2024-02-05
6956,2024-02-05 11:00:00,False,11:00:00,2024-02-05
6957,2024-02-05 11:15:00,False,11:15:00,2024-02-05
6958,2024-02-05 11:30:00,False,11:30:00,2024-02-05
6959,2024-02-05 11:45:00,False,11:45:00,2024-02-05
6960,2024-02-05 12:00:00,False,12:00:00,2024-02-05
6961,2024-02-05 12:15:00,False,12:15:00,2024-02-05
6962,2024-02-05 12:30:00,False,12:30:00,2024-02-05
6963,2024-02-05 12:45:00,False,12:45:00,2024-02-05
6964,2024-02-05 13:00:00,False,13:00:00,2024-02-05
6965,2024-02-05 13:15:00,False,13:15:00,2024-02-05
6966,2024-02-05 13:30:00,False,13:30:00,2024-02-05
6967,2024-02-05 13:45:00,False,13:45:00,2024-02-05
6968,2024-02-05 14:00:00,False,14:00:00,2024-02-05
6969,2024-02-05 14:15:00,False,14:15:00,2024-02-05
6970,2024-02-05 14:30:00,False,14:30:00,2024-02-05
6971,2024-02-05 14:45:00,False,14:45:00,2024-02-05
6972,2024-02-05 15:00:00,False,15:00:00,2024-02-05
6973,2024-02-05 15:15:00,False,15:15:00,2024-02-05
6974,2024-02-05 15:30:00,False,15:30:00,2024-02-05
6975,2024-02-05 15:45:00,False,15:45:00,2024-02-05
6976,2024-02-05 16:00:00,False,16:00:00,2024-02-05
6977,2024-02-05 16:15:00,False,16:15:00,2024-02-05
6978,2024-02-05 16:30:00,False,16:30:00,2024-02-05
6979,2024-02-05 16:45:00,False,16:45:00,2024-02-05
6980,2024-02-05 17:00:00,False,17:00:00,2024-02-05
6981,2024-02-05 17:15:00,False,17:15:00,2024-02-05
6982,2024-02-05 17:30:00,False,17:30:00,2024-02-05
6983,2024-02-05 17:45:00,False,17:45:00,2024-02-05
6984,2024-02-05 18:00:00,False,18:00:00,2024-02-05
6985,2024-02-05 18:15:00,False,18:15:00,2024-02-05
6986,2024-02-05 18:30:00,False,18:30:00,2024-02-05
6987,2024-02-05 18:45:00,False,18:45:00,2024-02-05
6988,2024-02-05 19:00:00,False,19:00:00,2024-02-05
6989,2024-02-05 19:15:00,False,19:15:00,2024-02-05
6990,2024-02-05 19:30:00,False,19:30:00,2024-02-05
6991,2024-02-05 19:45:00,False,19:45:00,2024-02-05
6992,2024-02-05 20:00:00,False,20:00:00,2024-02-05
6993,2024-02-05 20:15:00,False,20:15:00,2024-02-05
6994,2024-02-05 20:30:00,False,20:30:00,2024-02-05
6995,2024-02-05 20:45:00,False,20:45:00,2024-02-05
6996,2024-02-05 21:00:00,False,21:00:00,2024-02-05
6997,2024-02-05 21:15:00,False,21:15:00,2024-02-05
6998,2024-02-05 21:30:00,False,21:30:00,2024-02-05
6999,2024-02-05 21:45:00,False,21:45:00,2024-02-05
7000,2024-02-05 22:00:00,False,22:00:00,2024-02-05
7001,2024-02-05 22:15:00,False,22:15:00,2024-02-05
7002,2024-02-05 22:30:00,False,22:30:00,2024-02-05
7003,2024-02-05 22:45:00,False,22:45:00,2024-02-05
7004,2024-02-05 23:00:00,False,23:00:00,2024-02-05
7005,2024-02-05 23:15:00,False,23:15:00,2024-02-05
7006,2024-02-05 23:30:00,False,23:30:00,2024-02-05
7007,2024-02-05 23:45:00,False,23:45:00,2024-02-05
7008,2024-02-06 00:00:00,False,00:00:00,2024-02-06
7009,2024-02-06 00:15:00,False,00:15:00,2024-02-06
7010,2024-02-06 00:30:00,False,00:30:00,2024-02-06
7011,2024-02-06 00:45:00,False,00:45:00,2024-02-06
7012,2024-02-06 01:00:00,False,01:00:00,2024-02-06
7013,2024-02-06 01:15:00,False,01:15:00,2024-02-06
7014,2024-02-06 01:30:00,False,01:30:00,2024-02-06
7015,2024-02-06 01:45:00,False,01:45:00,2024-02-06
7016,2024-02-06 02:00:00,False,02:00:00,2024-02-06
7017,2024-02-06 02:15:00,False,02:15:00,2024-02-06
7018,2024-02-06 02:30:00,False,02:30:00,2024-02-06
7019,2024-02-06 02:45:00,False,02:45:00,2024-02-06
7020,2024-02-06 03:00:00,False,03:00:00,2024-02-06
7021,2024-02-06 03:15:00,False,03:15:00,2024-02-06
7022,2024-02-06 03:30:00,False,03:30:00,2024-02-06
7023,2024-02-06 03:45:00,False,03:45:00,2024-02-06
7024,2024-02-06 04:00:00,False,04:00:00,2024-02-06
7025,2024-02-06 04:15:00,False,04:15:00,2024-02-06
7026,2024-02-06 04:30:00,False,04:30:00,2024-02-06
7027,2024-02-06 04:45:00,False,04:45:00,2024-02-06
7028,2024-02-06 05:00:00,False,05:00:00,2024-02-06
7029,2024-02-06 05:15:00,False,05:15:00,2024-02-06
7030,2024-02-06 05:30:00,False,05:30:00,2024-02-06
7031,2024-02-06 05:45:00,False,05:45:00,2024-02-06
7032,2024-02-06 06:00:00,False,06:00:00,2024-02-06
7033,2024-02-06 06:15:00,False,06:15:00,2024-02-06
7034,2024-02-06 06:30:00,False,06:30:00,2024-02-06
7035,2024-02-06 06:45:00,True,06:45:00,2024-02-06
7036,2024-02-06 07:00:00,False,07:00:00,2024-02-06
7037,2024-02-06 07:15:00,False,07:15:00,2024-02-06
7038,2024-02-06 07:30:00,False,07:30:00,2024-02-06
7039,2024-02-06 07:45:00,False,07:45:00,2024-02-06
7040,2024-02-06 08:00:00,False,08:00:00,2024-02-06
7041,2024-02-06 08:15:00,False,08:15:00,2024-02-06
7042,2024-02-06 08:30:00,False,08:30:00,2024-02-06
7043,2024-02-06 08:45:00,False,08:45:00,2024-02-06
7044,2024-02-06 09:00:00,False,09:00:00,2024-02-06
7045,2024-02-06 09:15:00,False,09:15:00,2024-02-06
7046,2024-02-06 09:30:00,False,09:30:00,2024-02-06
7047,2024-02-06 09:45:00,False,09:45:00,2024-02-06
7048,2024-02-06 10:00:00,False,10:00:00,2024-02-06
7049,2024-02-06 10:15:00,False,10:15:00,2024-02-06
7050,2024-02-06 10:30:00,False,10:30:00,2024-02-06
7051,2024-02-06 10:45:00,False,10:45:00,2024-02-06
7052,2024-02-06 11:00:00,False,11:00:00,2024-02-06
7053,2024-02-06 11:15:00,False,11:15:00,2024-02-06
7054,2024-02-06 11:30:00,False,11:30:00,2024-02-06
7055,2024-02-06 11:45:00,False,11:45:00,2024-02-06
7056,2024-02-06 12:00:00,False,12:00:00,2024-02-06
7057,2024-02-06 12:15:00,False,12:15:00,2024-02-06
7058,2024-02-06 12:30:00,False,12:30:00,2024-02-06
7059,2024-02-06 12:45:00,False,12:45:00,2024-02-06
7060,2024-02-06 13:00:00,False,13:00:00,2024-02-06
7061,2024-02-06 13:15:00,False,13:15:00,2024-02-06
7062,2024-02-06 13:30:00,False,13:30:00,2024-02-06
7063,2024-02-06 13:45:00,False,13:45:00,2024-02-06
7064,2024-02-06 14:00:00,False,14:00:00,2024-02-06
7065,2024-02-06 14:15:00,False,14:15:00,2024-02-06
7066,2024-02-06 14:30:00,False,14:30:00,2024-02-06
7067,2024-02-06 14:45:00,False,14:45:00,2024-02-06
7068,2024-02-06 15:00:00,False,15:00:00,2024-02-06
7069,2024-02-06 15:15:00,False,15:15:00,2024-02-06
7070,2024-02-06 15:30:00,False,15:30:00,2024-02-06
7071,2024-02-06 15:45:00,False,15:45:00,2024-02-06
7072,2024-02-06 16:00:00,False,16:00:00,2024-02-06
7073,2024-02-06 16:15:00,False,16:15:00,2024-02-06
7074,2024-02-06 16:30:00,False,16:30:00,2024-02-06
7075,2024-02-06 16:45:00,False,16:45:00,2024-02-06
7076,2024-02-06 17:00:00,False,17:00:00,2024-02-06
7077,2024-02-06 17:15:00,False,17:15:00,2024-02-06
7078,2024-02-06 17:30:00,False,17:30:00,2024-02-06
7079,2024-02-06 17:45:00,False,17:45:00,2024-02-06
7080,2024-02-06 18:00:00,False,18:00:00,2024-02-06
7081,2024-02-06 18:15:00,False,18:15:00,2024-02-06
7082,2024-02-06 18:30:00,False,18:30:00,2024-02-06
7083,2024-02-06 18:45:00,False,18:45:00,2024-02-06
7084,2024-02-06 19:00:00,False,19:00:00,2024-02-06
7085,2024-02-06 19:15:00,False,19:15:00,2024-02-06
7086,2024-02-06 19:30:00,False,19:30:00,2024-02-06
7087,2024-02-06 19:45:00,False,19:45:00,2024-02-06
7088,2024-02-06 20:00:00,False,20:00:00,2024-02-06
7089,2024-02-06 20:15:00,False,20:15:00,2024-02-06
7090,2024-02-06 20:30:00,False,20:30:00,2024-02-06
7091,2024-02-06 20:45:00,True,20:45:00,2024-02-06
7092,2024-02-06 21:00:00,True,21:00:00,2024-02-06
7093,2024-02-06 21:15:00,True,21:15:00,2024-02-06
7094,2024-02-06 21:30:00,True,21:30:00,2024-02-06
7095,2024-02-06 21:45:00,True,21:45:00,2024-02-06
7096,2024-02-06 22:00:00,True,22:00:00,2024-02-06
7097,2024-02-06 22:15:00,True,22:15:00,2024-02-06
7098,2024-02-06 22:30:00,True,22:30:00,2024-02-06
7099,2024-02-06 22:45:00,False,22:45:00,2024-02-06
7100,2024-02-06 23:00:00,False,23:00:00,2024-02-06
7101,2024-02-06 23:15:00,False,23:15:00,2024-02-06
7102,2024-02-06 23:30:00,False,23:30:00,2024-02-06
7103,2024-02-06 23:45:00,False,23:45:00,2024-02-06
7104,2024-02-07 00:00:00,False,00:00:00,2024-02-07
7105,2024-02-07 00:15:00,False,00:15:00,2024-02-07
7106,2024-02-07 00:30:00,False,00:30:00,2024-02-07
7107,2024-02-07 00:45:00,False,00:45:00,2024-02-07
7108,2024-02-07 01:00:00,False,01:00:00,2024-02-07
7109,2024-02-07 01:15:00,False,01:15:00,2024-02-07
7110,2024-02-07 01:30:00,False,01:30:00,2024-02-07
7111,2024-02-07 01:45:00,False,01:45:00,2024-02-07
7112,2024-02-07 02:00:00,False,02:00:00,2024-02-07
7113,2024-02-07 02:15:00,False,02:15:00,2024-02-07
7114,2024-02-07 02:30:00,False,02:30:00,2024-02-07
7115,2024-02-07 02:45:00,False,02:45:00,2024-02-07
7116,2024-02-07 03:00:00,False,03:00:00,2024-02-07
7117,2024-02-07 03:15:00,False,03:15:00,2024-02-07
7118,2024-02-07 03:30:00,False,03:30:00,2024-02-07
7119,2024-02-07 03:45:00,False,03:45:00,2024-02-07
7120,2024-02-07 04:00:00,False,04:00:00,2024-02-07
7121,2024-02-07 04:15:00,False,04:15:00,2024-02-07
7122,2024-02-07 04:30:00,False,04:30:00,2024-02-07
7123,2024-02-07 04:45:00,False,04:45:00,2024-02-07
7124,2024-02-07 05:00:00,False,05:00:00,2024-02-07
7125,2024-02-07 05:15:00,False,05:15:00,2024-02-07
7126,2024-02-07 05:30:00,False,05:30:00,2024-02-07
7127,2024-02-07 05:45:00,False,05:45:00,2024-02-07
7128,2024-02-07 06:00:00,False,06:00:00,2024-02-07
7129,2024-02-07 06:15:00,False,06:15:00,2024-02-07
7130,2024-02-07 06:30:00,False,06:30:00,2024-02-07
7131,2024-02-07 06:45:00,False,06:45:00,2024-02-07
7132,2024-02-07 07:00:00,False,07:00:00,2024-02-07
7133,2024-02-07 07:15:00,False,07:15:00,2024-02-07
7134,2024-02-07 07:30:00,False,07:30:00,2024-02-07
7135,2024-02-07 07:45:00,True,07:45:00,2024-02-07
7136,2024-02-07 08:00:00,True,08:00:00,2024-02-07
7137,2024-02-07 08:15:00,True,08:15:00,2024-02-07
7138,2024-02-07 08:30:00,True,08:30:00,2024-02-07
7139,2024-02-07 08:45:00,True,08:45:00,2024-02-07
7140,2024-02-07 09:00:00,True,09:00:00,2024-02-07
7141,2024-02-07 09:15:00,True,09:15:00,2024-02-07
7142,2024-02-07 09:30:00,True,09:30:00,2024-02-07
7143,2024-02-07 09:45:00,True,09:45:00,2024-02-07
7144,2024-02-07 10:00:00,True,10:00:00,2024-02-07
7145,2024-02-07 10:15:00,True,10:15:00,2024-02-07
7146,2024-02-07 10:30:00,True,10:30:00,2024-02-07
7147,2024-02-07 10:45:00,True,10:45:00,2024-02-07
7148,2024-02-07 11:00:00,False,11:00:00,2024-02-07
7149,2024-02-07 11:15:00,False,11:15:00,2024-02-07
7150,2024-02-07 11:30:00,False,11:30:00,2024-02-07
7151,2024-02-07 11:45:00,False,11:45:00,2024-02-07
7152,2024-02-07 12:00:00,False,12:00:00,2024-02-07
7153,2024-02-07 12:15:00,False,12:15:00,2024-02-07
7154,2024-02-07 12:30:00,False,12:30:00,2024-02-07
7155,2024-02-07 12:45:00,False,12:45:00,2024-02-07
7156,2024-02-07 13:00:00,False,13:00:00,2024-02-07
7157,2024-02-07 13:15:00,False,13:15:00,2024-02-07
7158,2024-02-07 13:30:00,False,13:30:00,2024-02-07
7159,2024-02-07 13:45:00,False,13:45:00,2024-02-07
7160,2024-02-07 14:00:00,False,14:00:00,2024-02-07
7161,2024-02-07 14:15:00,False,14:15:00,2024-02-07
7162,2024-02-07 14:30:00,False,14:30:00,2024-02-07
7163,2024-02-07 14:45:00,False,14:45:00,2024-02-07
7164,2024-02-07 15:00:00,False,15:00:00,2024-02-07
7165,2024-02-07 15:15:00,False,15:15:00,2024-02-07
7166,2024-02-07 15:30:00,False,15:30:00,2024-02-07
7167,2024-02-07 15:45:00,False,15:45:00,2024-02-07
7168,2024-02-07 16:00:00,False,16:00:00,2024-02-07
7169,2024-02-07 16:15:00,False,16:15:00,2024-02-07
7170,2024-02-07 16:30:00,False,16:30:00,2024-02-07
7171,2024-02-07 16:45:00,False,16:45:00,2024-02-07
7172,2024-02-07 17:00:00,False,17:00:00,2024-02-07
7173,2024-02-07 17:15:00,False,17:15:00,2024-02-07
7174,2024-02-07 17:30:00,False,17:30:00,2024-02-07
7175,2024-02-07 17:45:00,False,17:45:00,2024-02-07
7176,2024-02-07 18:00:00,False,18:00:00,2024-02-07
7177,2024-02-07 18:15:00,False,18:15:00,2024-02-07
7178,2024-02-07 18:30:00,False,18:30:00,2024-02-07
7179,2024-02-07 18:45:00,False,18:45:00,2024-02-07
7180,2024-02-07 19:00:00,False,19:00:00,2024-02-07
7181,2024-02-07 19:15:00,False,19:15:00,2024-02-07
7182,2024-02-07 19:30:00,False,19:30:00,2024-02-07
7183,2024-02-07 19:45:00,False,19:45:00,2024-02-07
7184,2024-02-07 20:00:00,False,20:00:00,2024-02-07
7185,2024-02-07 20:15:00,False,20:15:00,2024-02-07
7186,2024-02-07 20:30:00,False,20:30:00,2024-02-07
7187,2024-02-07 20:45:00,False,20:45:00,2024-02-07
7188,2024-02-07 21:00:00,False,21:00:00,2024-02-07
7189,2024-02-07 21:15:00,False,21:15:00,2024-02-07
7190,2024-02-07 21:30:00,False,21:30:00,2024-02-07
7191,2024-02-07 21:45:00,False,21:45:00,2024-02-07
7192,2024-02-07 22:00:00,False,22:00:00,2024-02-07
7193,2024-02-07 22:15:00,False,22:15:00,2024-02-07
7194,2024-02-07 22:30:00,False,22:30:00,2024-02-07
7195,2024-02-07 22:45:00,False,22:45:00,2024-02-07
7196,2024-02-07 23:00:00,False,23:00:00,2024-02-07
7197,2024-02-07 23:15:00,False,23:15:00,2024-02-07
7198,2024-02-07 23:30:00,False,23:30:00,2024-02-07
7199,2024-02-07 23:45:00,False,23:45:00,2024-02-07
7200,2024-02-08 00:00:00,False,00:00:00,2024-02-08
7201,2024-02-08 00:15:00,False,00:15:00,2024-02-08
7202,2024-02-08 00:30:00,False,00:30:00,2024-02-08
7203,2024-02-08 00:45:00,False,00:45:00,2024-02-08
7204,2024-02-08 01:00:00,False,01:00:00,2024-02-08
7205,2024-02-08 01:15:00,False,01:15:00,2024-02-08
7206,2024-02-08 01:30:00,False,01:30:00,2024-02-08
7207,2024-02-08 01:45:00,False,01:45:00,2024-02-08
7208,2024-02-08 02:00:00,False,02:00:00,2024-02-08
7209,2024-02-08 02:15:00,False,02:15:00,2024-02-08
7210,2024-02-08 02:30:00,False,02:30:00,2024-02-08
7211,2024-02-08 02:45:00,False,02:45:00,2024-02-08
7212,2024-02-08 03:00:00,False,03:00:00,2024-02-08
7213,2024-02-08 03:15:00,False,03:15:00,2024-02-08
7214,2024-02-08 03:30:00,False,03:30:00,2024-02-08
7215,2024-02-08 03:45:00,False,03:45:00,2024-02-08
7216,2024-02-08 04:00:00,False,04:00:00,2024-02-08
7217,2024-02-08 04:15:00,False,04:15:00,2024-02-08
7218,2024-02-08 04:30:00,False,04:30:00,2024-02-08
7219,2024-02-08 04:45:00,False,04:45:00,2024-02-08
7220,2024-02-08 05:00:00,False,05:00:00,2024-02-08
7221,2024-02-08 05:15:00,False,05:15:00,2024-02-08
7222,2024-02-08 05:30:00,False,05:30:00,2024-02-08
7223,2024-02-08 05:45:00,False,05:45:00,2024-02-08
7224,2024-02-08 06:00:00,False,06:00:00,2024-02-08
7225,2024-02-08 06:15:00,False,06:15:00,2024-02-08
7226,2024-02-08 06:30:00,False,06:30:00,2024-02-08
7227,2024-02-08 06:45:00,False,06:45:00,2024-02-08
7228,2024-02-08 07:00:00,False,07:00:00,2024-02-08
7229,2024-02-08 07:15:00,False,07:15:00,2024-02-08
7230,2024-02-08 07:30:00,False,07:30:00,2024-02-08
7231,2024-02-08 07:45:00,False,07:45:00,2024-02-08
7232,2024-02-08 08:00:00,False,08:00:00,2024-02-08
7233,2024-02-08 08:15:00,False,08:15:00,2024-02-08
7234,2024-02-08 08:30:00,False,08:30:00,2024-02-08
7235,2024-02-08 08:45:00,False,08:45:00,2024-02-08
7236,2024-02-08 09:00:00,False,09:00:00,2024-02-08
7237,2024-02-08 09:15:00,False,09:15:00,2024-02-08
7238,2024-02-08 09:30:00,False,09:30:00,2024-02-08
7239,2024-02-08 09:45:00,False,09:45:00,2024-02-08
7240,2024-02-08 10:00:00,False,10:00:00,2024-02-08
7241,2024-02-08 10:15:00,False,10:15:00,2024-02-08
7242,2024-02-08 10:30:00,False,10:30:00,2024-02-08
7243,2024-02-08 10:45:00,False,10:45:00,2024-02-08
7244,2024-02-08 11:00:00,False,11:00:00,2024-02-08
7245,2024-02-08 11:15:00,False,11:15:00,2024-02-08
7246,2024-02-08 11:30:00,False,11:30:00,2024-02-08
7247,2024-02-08 11:45:00,False,11:45:00,2024-02-08
7248,2024-02-08 12:00:00,False,12:00:00,2024-02-08
7249,2024-02-08 12:15:00,False,12:15:00,2024-02-08
7250,2024-02-08 12:30:00,False,12:30:00,2024-02-08
7251,2024-02-08 12:45:00,False,12:45:00,2024-02-08
7252,2024-02-08 13:00:00,False,13:00:00,2024-02-08
7253,2024-02-08 13:15:00,False,13:15:00,2024-02-08
7254,2024-02-08 13:30:00,False,13:30:00,2024-02-08
7255,2024-02-08 13:45:00,False,13:45:00,2024-02-08
7256,2024-02-08 14:00:00,False,14:00:00,2024-02-08
7257,2024-02-08 14:15:00,False,14:15:00,2024-02-08
7258,2024-02-08 14:30:00,False,14:30:00,2024-02-08
7259,2024-02-08 14:45:00,False,14:45:00,2024-02-08
7260,2024-02-08 15:00:00,False,15:00:00,2024-02-08
7261,2024-02-08 15:15:00,False,15:15:00,2024-02-08
7262,2024-02-08 15:30:00,False,15:30:00,2024-02-08
7263,2024-02-08 15:45:00,False,15:45:00,2024-02-08
7264,2024-02-08 16:00:00,False,16:00:00,2024-02-08
7265,2024-02-08 16:15:00,False,16:15:00,2024-02-08
7266,2024-02-08 16:30:00,False,16:30:00,2024-02-08
7267,2024-02-08 16:45:00,False,16:45:00,2024-02-08
7268,2024-02-08 17:00:00,False,17:00:00,2024-02-08
7269,2024-02-08 17:15:00,False,17:15:00,2024-02-08
7270,2024-02-08 17:30:00,False,17:30:00,2024-02-08
7271,2024-02-08 17:45:00,False,17:45:00,2024-02-08
7272,2024-02-08 18:00:00,False,18:00:00,2024-02-08
7273,2024-02-08 18:15:00,False,18:15:00,2024-02-08
7274,2024-02-08 18:30:00,False,18:30:00,2024-02-08
7275,2024-02-08 18:45:00,False,18:45:00,2024-02-08
7276,2024-02-08 19:00:00,False,19:00:00,2024-02-08
7277,2024-02-08 19:15:00,False,19:15:00,2024-02-08
7278,2024-02-08 19:30:00,False,19:30:00,2024-02-08
7279,2024-02-08 19:45:00,False,19:45:00,2024-02-08
7280,2024-02-08 20:00:00,False,20:00:00,2024-02-08
7281,2024-02-08 20:15:00,False,20:15:00,2024-02-08
7282,2024-02-08 20:30:00,False,20:30:00,2024-02-08
7283,2024-02-08 20:45:00,False,20:45:00,2024-02-08
7284,2024-02-08 21:00:00,False,21:00:00,2024-02-08
7285,2024-02-08 21:15:00,False,21:15:00,2024-02-08
7286,2024-02-08 21:30:00,False,21:30:00,2024-02-08
7287,2024-02-08 21:45:00,False,21:45:00,2024-02-08
7288,2024-02-08 22:00:00,False,22:00:00,2024-02-08
7289,2024-02-08 22:15:00,False,22:15:00,2024-02-08
7290,2024-02-08 22:30:00,False,22:30:00,2024-02-08
7291,2024-02-08 22:45:00,False,22:45:00,2024-02-08
7292,2024-02-08 23:00:00,False,23:00:00,2024-02-08
7293,2024-02-08 23:15:00,False,23:15:00,2024-02-08
7294,2024-02-08 23:30:00,False,23:30:00,2024-02-08
7295,2024-02-08 23:45:00,False,23:45:00,2024-02-08
7296,2024-02-09 00:00:00,False,00:00:00,2024-02-09
7297,2024-02-09 00:15:00,False,00:15:00,2024-02-09
7298,2024-02-09 00:30:00,False,00:30:00,2024-02-09
7299,2024-02-09 00:45:00,False,00:45:00,2024-02-09
7300,2024-02-09 01:00:00,False,01:00:00,2024-02-09
7301,2024-02-09 01:15:00,False,01:15:00,2024-02-09
7302,2024-02-09 01:30:00,False,01:30:00,2024-02-09
7303,2024-02-09 01:45:00,False,01:45:00,2024-02-09
7304,2024-02-09 02:00:00,False,02:00:00,2024-02-09
7305,2024-02-09 02:15:00,False,02:15:00,2024-02-09
7306,2024-02-09 02:30:00,False,02:30:00,2024-02-09
7307,2024-02-09 02:45:00,False,02:45:00,2024-02-09
7308,2024-02-09 03:00:00,False,03:00:00,2024-02-09
7309,2024-02-09 03:15:00,False,03:15:00,2024-02-09
7310,2024-02-09 03:30:00,False,03:30:00,2024-02-09
7311,2024-02-09 03:45:00,False,03:45:00,2024-02-09
7312,2024-02-09 04:00:00,False,04:00:00,2024-02-09
7313,2024-02-09 04:15:00,False,04:15:00,2024-02-09
7314,2024-02-09 04:30:00,False,04:30:00,2024-02-09
7315,2024-02-09 04:45:00,False,04:45:00,2024-02-09
7316,2024-02-09 05:00:00,False,05:00:00,2024-02-09
7317,2024-02-09 05:15:00,False,05:15:00,2024-02-09
7318,2024-02-09 05:30:00,False,05:30:00,2024-02-09
7319,2024-02-09 05:45:00,False,05:45:00,2024-02-09
7320,2024-02-09 06:00:00,False,06:00:00,2024-02-09
7321,2024-02-09 06:15:00,False,06:15:00,2024-02-09
7322,2024-02-09 06:30:00,False,06:30:00,2024-02-09
7323,2024-02-09 06:45:00,False,06:45:00,2024-02-09
7324,2024-02-09 07:00:00,False,07:00:00,2024-02-09
7325,2024-02-09 07:15:00,False,07:15:00,2024-02-09
7326,2024-02-09 07:30:00,False,07:30:00,2024-02-09
7327,2024-02-09 07:45:00,False,07:45:00,2024-02-09
7328,2024-02-09 08:00:00,False,08:00:00,2024-02-09
7329,2024-02-09 08:15:00,True,08:15:00,2024-02-09
7330,2024-02-09 08:30:00,False,08:30:00,2024-02-09
7331,2024-02-09 08:45:00,False,08:45:00,2024-02-09
7332,2024-02-09 09:00:00,False,09:00:00,2024-02-09
7333,2024-02-09 09:15:00,False,09:15:00,2024-02-09
7334,2024-02-09 09:30:00,False,09:30:00,2024-02-09
7335,2024-02-09 09:45:00,False,09:45:00,2024-02-09
7336,2024-02-09 10:00:00,False,10:00:00,2024-02-09
7337,2024-02-09 10:15:00,False,10:15:00,2024-02-09
7338,2024-02-09 10:30:00,False,10:30:00,2024-02-09
7339,2024-02-09 10:45:00,False,10:45:00,2024-02-09
7340,2024-02-09 11:00:00,False,11:00:00,2024-02-09
7341,2024-02-09 11:15:00,False,11:15:00,2024-02-09
7342,2024-02-09 11:30:00,False,11:30:00,2024-02-09
7343,2024-02-09 11:45:00,False,11:45:00,2024-02-09
7344,2024-02-09 12:00:00,False,12:00:00,2024-02-09
7345,2024-02-09 12:15:00,False,12:15:00,2024-02-09
7346,2024-02-09 12:30:00,False,12:30:00,2024-02-09
7347,2024-02-09 12:45:00,False,12:45:00,2024-02-09
7348,2024-02-09 13:00:00,False,13:00:00,2024-02-09
7349,2024-02-09 13:15:00,False,13:15:00,2024-02-09
7350,2024-02-09 13:30:00,False,13:30:00,2024-02-09
7351,2024-02-09 13:45:00,False,13:45:00,2024-02-09
7352,2024-02-09 14:00:00,False,14:00:00,2024-02-09
7353,2024-02-09 14:15:00,False,14:15:00,2024-02-09
7354,2024-02-09 14:30:00,False,14:30:00,2024-02-09
7355,2024-02-09 14:45:00,False,14:45:00,2024-02-09
7356,2024-02-09 15:00:00,False,15:00:00,2024-02-09
7357,2024-02-09 15:15:00,False,15:15:00,2024-02-09
7358,2024-02-09 15:30:00,False,15:30:00,2024-02-09
7359,2024-02-09 15:45:00,False,15:45:00,2024-02-09
7360,2024-02-09 16:00:00,False,16:00:00,2024-02-09
7361,2024-02-09 16:15:00,False,16:15:00,2024-02-09
7362,2024-02-09 16:30:00,False,16:30:00,2024-02-09
7363,2024-02-09 16:45:00,False,16:45:00,2024-02-09
7364,2024-02-09 17:00:00,False,17:00:00,2024-02-09
7365,2024-02-09 17:15:00,False,17:15:00,2024-02-09
7366,2024-02-09 17:30:00,False,17:30:00,2024-02-09
7367,2024-02-09 17:45:00,False,17:45:00,2024-02-09
7368,2024-02-09 18:00:00,False,18:00:00,2024-02-09
7369,2024-02-09 18:15:00,False,18:15:00,2024-02-09
7370,2024-02-09 18:30:00,False,18:30:00,2024-02-09
7371,2024-02-09 18:45:00,False,18:45:00,2024-02-09
7372,2024-02-09 19:00:00,False,19:00:00,2024-02-09
7373,2024-02-09 19:15:00,False,19:15:00,2024-02-09
7374,2024-02-09 19:30:00,False,19:30:00,2024-02-09
7375,2024-02-09 19:45:00,False,19:45:00,2024-02-09
7376,2024-02-09 20:00:00,False,20:00:00,2024-02-09
7377,2024-02-09 20:15:00,False,20:15:00,2024-02-09
7378,2024-02-09 20:30:00,False,20:30:00,2024-02-09
7379,2024-02-09 20:45:00,False,20:45:00,2024-02-09
7380,2024-02-09 21:00:00,False,21:00:00,2024-02-09
7381,2024-02-09 21:15:00,False,21:15:00,2024-02-09
7382,2024-02-09 21:30:00,False,21:30:00,2024-02-09
7383,2024-02-09 21:45:00,False,21:45:00,2024-02-09
7384,2024-02-09 22:00:00,False,22:00:00,2024-02-09
7385,2024-02-09 22:15:00,False,22:15:00,2024-02-09
7386,2024-02-09 22:30:00,False,22:30:00,2024-02-09
7387,2024-02-09 22:45:00,False,22:45:00,2024-02-09
7388,2024-02-09 23:00:00,False,23:00:00,2024-02-09
7389,2024-02-09 23:15:00,False,23:15:00,2024-02-09
7390,2024-02-09 23:30:00,False,23:30:00,2024-02-09
7391,2024-02-09 23:45:00,False,23:45:00,2024-02-09
7392,2024-02-10 00:00:00,False,00:00:00,2024-02-10
7393,2024-02-10 00:15:00,False,00:15:00,2024-02-10
7394,2024-02-10 00:30:00,False,00:30:00,2024-02-10
7395,2024-02-10 00:45:00,False,00:45:00,2024-02-10
7396,2024-02-10 01:00:00,False,01:00:00,2024-02-10
7397,2024-02-10 01:15:00,False,01:15:00,2024-02-10
7398,2024-02-10 01:30:00,False,01:30:00,2024-02-10
7399,2024-02-10 01:45:00,False,01:45:00,2024-02-10
7400,2024-02-10 02:00:00,False,02:00:00,2024-02-10
7401,2024-02-10 02:15:00,False,02:15:00,2024-02-10
7402,2024-02-10 02:30:00,False,02:30:00,2024-02-10
7403,2024-02-10 02:45:00,False,02:45:00,2024-02-10
7404,2024-02-10 03:00:00,False,03:00:00,2024-02-10
7405,2024-02-10 03:15:00,False,03:15:00,2024-02-10
7406,2024-02-10 03:30:00,False,03:30:00,2024-02-10
7407,2024-02-10 03:45:00,False,03:45:00,2024-02-10
7408,2024-02-10 04:00:00,False,04:00:00,2024-02-10
7409,2024-02-10 04:15:00,False,04:15:00,2024-02-10
7410,2024-02-10 04:30:00,False,04:30:00,2024-02-10
7411,2024-02-10 04:45:00,False,04:45:00,2024-02-10
7412,2024-02-10 05:00:00,False,05:00:00,2024-02-10
7413,2024-02-10 05:15:00,False,05:15:00,2024-02-10
7414,2024-02-10 05:30:00,False,05:30:00,2024-02-10
7415,2024-02-10 05:45:00,False,05:45:00,2024-02-10
7416,2024-02-10 06:00:00,False,06:00:00,2024-02-10
7417,2024-02-10 06:15:00,False,06:15:00,2024-02-10
7418,2024-02-10 06:30:00,False,06:30:00,2024-02-10
7419,2024-02-10 06:45:00,False,06:45:00,2024-02-10
7420,2024-02-10 07:00:00,False,07:00:00,2024-02-10
7421,2024-02-10 07:15:00,False,07:15:00,2024-02-10
7422,2024-02-10 07:30:00,False,07:30:00,2024-02-10
7423,2024-02-10 07:45:00,False,07:45:00,2024-02-10
7424,2024-02-10 08:00:00,False,08:00:00,2024-02-10
7425,2024-02-10 08:15:00,False,08:15:00,2024-02-10
7426,2024-02-10 08:30:00,False,08:30:00,2024-02-10
7427,2024-02-10 08:45:00,False,08:45:00,2024-02-10
7428,2024-02-10 09:00:00,False,09:00:00,2024-02-10
7429,2024-02-10 09:15:00,False,09:15:00,2024-02-10
7430,2024-02-10 09:30:00,False,09:30:00,2024-02-10
7431,2024-02-10 09:45:00,False,09:45:00,2024-02-10
7432,2024-02-10 10:00:00,False,10:00:00,2024-02-10
7433,2024-02-10 10:15:00,False,10:15:00,2024-02-10
7434,2024-02-10 10:30:00,False,10:30:00,2024-02-10
7435,2024-02-10 10:45:00,False,10:45:00,2024-02-10
7436,2024-02-10 11:00:00,False,11:00:00,2024-02-10
7437,2024-02-10 11:15:00,False,11:15:00,2024-02-10
7438,2024-02-10 11:30:00,False,11:30:00,2024-02-10
7439,2024-02-10 11:45:00,False,11:45:00,2024-02-10
7440,2024-02-10 12:00:00,False,12:00:00,2024-02-10
7441,2024-02-10 12:15:00,False,12:15:00,2024-02-10
7442,2024-02-10 12:30:00,False,12:30:00,2024-02-10
7443,2024-02-10 12:45:00,True,12:45:00,2024-02-10
7444,2024-02-10 13:00:00,True,13:00:00,2024-02-10
7445,2024-02-10 13:15:00,True,13:15:00,2024-02-10
7446,2024-02-10 13:30:00,True,13:30:00,2024-02-10
7447,2024-02-10 13:45:00,True,13:45:00,2024-02-10
7448,2024-02-10 14:00:00,True,14:00:00,2024-02-10
7449,2024-02-10 14:15:00,True,14:15:00,2024-02-10
7450,2024-02-10 14:30:00,True,14:30:00,2024-02-10
7451,2024-02-10 14:45:00,False,14:45:00,2024-02-10
7452,2024-02-10 15:00:00,False,15:00:00,2024-02-10
7453,2024-02-10 15:15:00,False,15:15:00,2024-02-10
7454,2024-02-10 15:30:00,False,15:30:00,2024-02-10
7455,2024-02-10 15:45:00,False,15:45:00,2024-02-10
7456,2024-02-10 16:00:00,False,16:00:00,2024-02-10
7457,2024-02-10 16:15:00,False,16:15:00,2024-02-10
7458,2024-02-10 16:30:00,False,16:30:00,2024-02-10
7459,2024-02-10 16:45:00,False,16:45:00,2024-02-10
7460,2024-02-10 17:00:00,False,17:00:00,2024-02-10
7461,2024-02-10 17:15:00,False,17:15:00,2024-02-10
7462,2024-02-10 17:30:00,False,17:30:00,2024-02-10
7463,2024-02-10 17:45:00,False,17:45:00,2024-02-10
7464,2024-02-10 18:00:00,False,18:00:00,2024-02-10
7465,2024-02-10 18:15:00,False,18:15:00,2024-02-10
7466,2024-02-10 18:30:00,False,18:30:00,2024-02-10
7467,2024-02-10 18:45:00,False,18:45:00,2024-02-10
7468,2024-02-10 19:00:00,False,19:00:00,2024-02-10
7469,2024-02-10 19:15:00,False,19:15:00,2024-02-10
7470,2024-02-10 19:30:00,False,19:30:00,2024-02-10
7471,2024-02-10 19:45:00,False,19:45:00,2024-02-10
7472,2024-02-10 20:00:00,False,20:00:00,2024-02-10
7473,2024-02-10 20:15:00,False,20:15:00,2024-02-10
7474,2024-02-10 20:30:00,False,20:30:00,2024-02-10
7475,2024-02-10 20:45:00,False,20:45:00,2024-02-10
7476,2024-02-10 21:00:00,False,21:00:00,2024-02-10
7477,2024-02-10 21:15:00,False,21:15:00,2024-02-10
7478,2024-02-10 21:30:00,False,21:30:00,2024-02-10
7479,2024-02-10 21:45:00,False,21:45:00,2024-02-10
7480,2024-02-10 22:00:00,False,22:00:00,2024-02-10
7481,2024-02-10 22:15:00,False,22:15:00,2024-02-10
7482,2024-02-10 22:30:00,False,22:30:00,2024-02-10
7483,2024-02-10 22:45:00,False,22:45:00,2024-02-10
7484,2024-02-10 23:00:00,False,23:00:00,2024-02-10
7485,2024-02-10 23:15:00,False,23:15:00,2024-02-10
7486,2024-02-10 23:30:00,False,23:30:00,2024-02-10
7487,2024-02-10 23:45:00,False,23:45:00,2024-02-10
7488,2024-02-11 00:00:00,False,00:00:00,2024-02-11
7489,2024-02-11 00:15:00,False,00:15:00,2024-02-11
7490,2024-02-11 00:30:00,False,00:30:00,2024-02-11
7491,2024-02-11 00:45:00,False,00:45:00,2024-02-11
7492,2024-02-11 01:00:00,False,01:00:00,2024-02-11
7493,2024-02-11 01:15:00,False,01:15:00,2024-02-11
7494,2024-02-11 01:30:00,False,01:30:00,2024-02-11
7495,2024-02-11 01:45:00,False,01:45:00,2024-02-11
7496,2024-02-11 02:00:00,False,02:00:00,2024-02-11
7497,2024-02-11 02:15:00,False,02:15:00,2024-02-11
7498,2024-02-11 02:30:00,False,02:30:00,2024-02-11
7499,2024-02-11 02:45:00,False,02:45:00,2024-02-11
7500,2024-02-11 03:00:00,False,03:00:00,2024-02-11
7501,2024-02-11 03:15:00,False,03:15:00,2024-02-11
7502,2024-02-11 03:30:00,False,03:30:00,2024-02-11
7503,2024-02-11 03:45:00,False,03:45:00,2024-02-11
7504,2024-02-11 04:00:00,False,04:00:00,2024-02-11
7505,2024-02-11 04:15:00,False,04:15:00,2024-02-11
7506,2024-02-11 04:30:00,False,04:30:00,2024-02-11
7507,2024-02-11 04:45:00,False,04:45:00,2024-02-11
7508,2024-02-11 05:00:00,False,05:00:00,2024-02-11
7509,2024-02-11 05:15:00,False,05:15:00,2024-02-11
7510,2024-02-11 05:30:00,False,05:30:00,2024-02-11
7511,2024-02-11 05:45:00,False,05:45:00,2024-02-11
7512,2024-02-11 06:00:00,False,06:00:00,2024-02-11
7513,2024-02-11 06:15:00,False,06:15:00,2024-02-11
7514,2024-02-11 06:30:00,False,06:30:00,2024-02-11
7515,2024-02-11 06:45:00,False,06:45:00,2024-02-11
7516,2024-02-11 07:00:00,False,07:00:00,2024-02-11
7517,2024-02-11 07:15:00,False,07:15:00,2024-02-11
7518,2024-02-11 07:30:00,False,07:30:00,2024-02-11
7519,2024-02-11 07:45:00,False,07:45:00,2024-02-11
7520,2024-02-11 08:00:00,False,08:00:00,2024-02-11
7521,2024-02-11 08:15:00,False,08:15:00,2024-02-11
7522,2024-02-11 08:30:00,False,08:30:00,2024-02-11
7523,2024-02-11 08:45:00,False,08:45:00,2024-02-11
7524,2024-02-11 09:00:00,False,09:00:00,2024-02-11
7525,2024-02-11 09:15:00,False,09:15:00,2024-02-11
7526,2024-02-11 09:30:00,False,09:30:00,2024-02-11
7527,2024-02-11 09:45:00,False,09:45:00,2024-02-11
7528,2024-02-11 10:00:00,False,10:00:00,2024-02-11
7529,2024-02-11 10:15:00,False,10:15:00,2024-02-11
7530,2024-02-11 10:30:00,False,10:30:00,2024-02-11
7531,2024-02-11 10:45:00,False,10:45:00,2024-02-11
7532,2024-02-11 11:00:00,False,11:00:00,2024-02-11
7533,2024-02-11 11:15:00,False,11:15:00,2024-02-11
7534,2024-02-11 11:30:00,False,11:30:00,2024-02-11
7535,2024-02-11 11:45:00,False,11:45:00,2024-02-11
7536,2024-02-11 12:00:00,False,12:00:00,2024-02-11
7537,2024-02-11 12:15:00,False,12:15:00,2024-02-11
7538,2024-02-11 12:30:00,False,12:30:00,2024-02-11
7539,2024-02-11 12:45:00,False,12:45:00,2024-02-11
7540,2024-02-11 13:00:00,False,13:00:00,2024-02-11
7541,2024-02-11 13:15:00,False,13:15:00,2024-02-11
7542,2024-02-11 13:30:00,False,13:30:00,2024-02-11
7543,2024-02-11 13:45:00,False,13:45:00,2024-02-11
7544,2024-02-11 14:00:00,False,14:00:00,2024-02-11
7545,2024-02-11 14:15:00,False,14:15:00,2024-02-11
7546,2024-02-11 14:30:00,False,14:30:00,2024-02-11
7547,2024-02-11 14:45:00,False,14:45:00,2024-02-11
7548,2024-02-11 15:00:00,False,15:00:00,2024-02-11
7549,2024-02-11 15:15:00,True,15:15:00,2024-02-11
7550,2024-02-11 15:30:00,False,15:30:00,2024-02-11
7551,2024-02-11 15:45:00,False,15:45:00,2024-02-11
7552,2024-02-11 16:00:00,False,16:00:00,2024-02-11
7553,2024-02-11 16:15:00,False,16:15:00,2024-02-11
7554,2024-02-11 16:30:00,False,16:30:00,2024-02-11
7555,2024-02-11 16:45:00,False,16:45:00,2024-02-11
7556,2024-02-11 17:00:00,False,17:00:00,2024-02-11
7557,2024-02-11 17:15:00,False,17:15:00,2024-02-11
7558,2024-02-11 17:30:00,False,17:30:00,2024-02-11
7559,2024-02-11 17:45:00,False,17:45:00,2024-02-11
7560,2024-02-11 18:00:00,False,18:00:00,2024-02-11
7561,2024-02-11 18:15:00,False,18:15:00,2024-02-11
7562,2024-02-11 18:30:00,False,18:30:00,2024-02-11
7563,2024-02-11 18:45:00,False,18:45:00,2024-02-11
7564,2024-02-11 19:00:00,False,19:00:00,2024-02-11
7565,2024-02-11 19:15:00,False,19:15:00,2024-02-11
7566,2024-02-11 19:30:00,False,19:30:00,2024-02-11
7567,2024-02-11 19:45:00,False,19:45:00,2024-02-11
7568,2024-02-11 20:00:00,False,20:00:00,2024-02-11
7569,2024-02-11 20:15:00,False,20:15:00,2024-02-11
7570,2024-02-11 20:30:00,True,20:30:00,2024-02-11
7571,2024-02-11 20:45:00,True,20:45:00,2024-02-11
7572,2024-02-11 21:00:00,True,21:00:00,2024-02-11
7573,2024-02-11 21:15:00,True,21:15:00,2024-02-11
7574,2024-02-11 21:30:00,True,21:30:00,2024-02-11
7575,2024-02-11 21:45:00,True,21:45:00,2024-02-11
7576,2024-02-11 22:00:00,True,22:00:00,2024-02-11
7577,2024-02-11 22:15:00,False,22:15:00,2024-02-11
7578,2024-02-11 22:30:00,False,22:30:00,2024-02-11
7579,2024-02-11 22:45:00,False,22:45:00,2024-02-11
7580,2024-02-11 23:00:00,False,23:00:00,2024-02-11
7581,2024-02-11 23:15:00,False,23:15:00,2024-02-11
7582,2024-02-11 23:30:00,False,23:30:00,2024-02-11
7583,2024-02-11 23:45:00,False,23:45:00,2024-02-11
7584,2024-02-12 00:00:00,False,00:00:00,2024-02-12
7585,2024-02-12 00:15:00,False,00:15:00,2024-02-12
7586,2024-02-12 00:30:00,False,00:30:00,2024-02-12
7587,2024-02-12 00:45:00,False,00:45:00,2024-02-12
7588,2024-02-12 01:00:00,False,01:00:00,2024-02-12
7589,2024-02-12 01:15:00,False,01:15:00,2024-02-12
7590,2024-02-12 01:30:00,False,01:30:00,2024-02-12
7591,2024-02-12 01:45:00,False,01:45:00,2024-02-12
7592,2024-02-12 02:00:00,False,02:00:00,2024-02-12
7593,2024-02-12 02:15:00,False,02:15:00,2024-02-12
7594,2024-02-12 02:30:00,False,02:30:00,2024-02-12
7595,2024-02-12 02:45:00,False,02:45:00,2024-02-12
7596,2024-02-12 03:00:00,False,03:00:00,2024-02-12
7597,2024-02-12 03:15:00,False,03:15:00,2024-02-12
7598,2024-02-12 03:30:00,False,03:30:00,2024-02-12
7599,2024-02-12 03:45:00,False,03:45:00,2024-02-12
7600,2024-02-12 04:00:00,False,04:00:00,2024-02-12
7601,2024-02-12 04:15:00,False,04:15:00,2024-02-12
7602,2024-02-12 04:30:00,False,04:30:00,2024-02-12
7603,2024-02-12 04:45:00,False,04:45:00,2024-02-12
7604,2024-02-12 05:00:00,False,05:00:00,2024-02-12
7605,2024-02-12 05:15:00,False,05:15:00,2024-02-12
7606,2024-02-12 05:30:00,False,05:30:00,2024-02-12
7607,2024-02-12 05:45:00,False,05:45:00,2024-02-12
7608,2024-02-12 06:00:00,False,06:00:00,2024-02-12
7609,2024-02-12 06:15:00,False,06:15:00,2024-02-12
7610,2024-02-12 06:30:00,False,06:30:00,2024-02-12
7611,2024-02-12 06:45:00,False,06:45:00,2024-02-12
7612,2024-02-12 07:00:00,False,07:00:00,2024-02-12
7613,2024-02-12 07:15:00,False,07:15:00,2024-02-12
7614,2024-02-12 07:30:00,False,07:30:00,2024-02-12
7615,2024-02-12 07:45:00,False,07:45:00,2024-02-12
7616,2024-02-12 08:00:00,False,08:00:00,2024-02-12
7617,2024-02-12 08:15:00,False,08:15:00,2024-02-12
7618,2024-02-12 08:30:00,False,08:30:00,2024-02-12
7619,2024-02-12 08:45:00,False,08:45:00,2024-02-12
7620,2024-02-12 09:00:00,False,09:00:00,2024-02-12
7621,2024-02-12 09:15:00,False,09:15:00,2024-02-12
7622,2024-02-12 09:30:00,False,09:30:00,2024-02-12
7623,2024-02-12 09:45:00,True,09:45:00,2024-02-12
7624,2024-02-12 10:00:00,True,10:00:00,2024-02-12
7625,2024-02-12 10:15:00,True,10:15:00,2024-02-12
7626,2024-02-12 10:30:00,True,10:30:00,2024-02-12
7627,2024-02-12 10:45:00,True,10:45:00,2024-02-12
7628,2024-02-12 11:00:00,True,11:00:00,2024-02-12
7629,2024-02-12 11:15:00,True,11:15:00,2024-02-12
7630,2024-02-12 11:30:00,False,11:30:00,2024-02-12
7631,2024-02-12 11:45:00,False,11:45:00,2024-02-12
7632,2024-02-12 12:00:00,False,12:00:00,2024-02-12
7633,2024-02-12 12:15:00,False,12:15:00,2024-02-12
7634,2024-02-12 12:30:00,False,12:30:00,2024-02-12
7635,2024-02-12 12:45:00,False,12:45:00,2024-02-12
7636,2024-02-12 13:00:00,False,13:00:00,2024-02-12
7637,2024-02-12 13:15:00,False,13:15:00,2024-02-12
7638,2024-02-12 13:30:00,False,13:30:00,2024-02-12
7639,2024-02-12 13:45:00,False,13:45:00,2024-02-12
7640,2024-02-12 14:00:00,False,14:00:00,2024-02-12
7641,2024-02-12 14:15:00,False,14:15:00,2024-02-12
7642,2024-02-12 14:30:00,False,14:30:00,2024-02-12
7643,2024-02-12 14:45:00,False,14:45:00,2024-02-12
7644,2024-02-12 15:00:00,False,15:00:00,2024-02-12
7645,2024-02-12 15:15:00,False,15:15:00,2024-02-12
7646,2024-02-12 15:30:00,False,15:30:00,2024-02-12
7647,2024-02-12 15:45:00,False,15:45:00,2024-02-12
7648,2024-02-12 16:00:00,False,16:00:00,2024-02-12
7649,2024-02-12 16:15:00,False,16:15:00,2024-02-12
7650,2024-02-12 16:30:00,False,16:30:00,2024-02-12
7651,2024-02-12 16:45:00,False,16:45:00,2024-02-12
7652,2024-02-12 17:00:00,False,17:00:00,2024-02-12
7653,2024-02-12 17:15:00,False,17:15:00,2024-02-12
7654,2024-02-12 17:30:00,False,17:30:00,2024-02-12
7655,2024-02-12 17:45:00,False,17:45:00,2024-02-12
7656,2024-02-12 18:00:00,False,18:00:00,2024-02-12
7657,2024-02-12 18:15:00,False,18:15:00,2024-02-12
7658,2024-02-12 18:30:00,False,18:30:00,2024-02-12
7659,2024-02-12 18:45:00,False,18:45:00,2024-02-12
7660,2024-02-12 19:00:00,False,19:00:00,2024-02-12
7661,2024-02-12 19:15:00,False,19:15:00,2024-02-12
7662,2024-02-12 19:30:00,False,19:30:00,2024-02-12
7663,2024-02-12 19:45:00,False,19:45:00,2024-02-12
7664,2024-02-12 20:00:00,False,20:00:00,2024-02-12
7665,2024-02-12 20:15:00,True,20:15:00,2024-02-12
7666,2024-02-12 20:30:00,True,20:30:00,2024-02-12
7667,2024-02-12 20:45:00,True,20:45:00,2024-02-12
7668,2024-02-12 21:00:00,True,21:00:00,2024-02-12
7669,2024-02-12 21:15:00,True,21:15:00,2024-02-12
7670,2024-02-12 21:30:00,True,21:30:00,2024-02-12
7671,2024-02-12 21:45:00,False,21:45:00,2024-02-12
7672,2024-02-12 22:00:00,False,22:00:00,2024-02-12
7673,2024-02-12 22:15:00,False,22:15:00,2024-02-12
7674,2024-02-12 22:30:00,False,22:30:00,2024-02-12
7675,2024-02-12 22:45:00,False,22:45:00,2024-02-12
7676,2024-02-12 23:00:00,False,23:00:00,2024-02-12
7677,2024-02-12 23:15:00,False,23:15:00,2024-02-12
7678,2024-02-12 23:30:00,False,23:30:00,2024-02-12
7679,2024-02-12 23:45:00,False,23:45:00,2024-02-12
7680,2024-02-13 00:00:00,False,00:00:00,2024-02-13
7681,2024-02-13 00:15:00,False,00:15:00,2024-02-13
7682,2024-02-13 00:30:00,False,00:30:00,2024-02-13
7683,2024-02-13 00:45:00,False,00:45:00,2024-02-13
7684,2024-02-13 01:00:00,False,01:00:00,2024-02-13
7685,2024-02-13 01:15:00,False,01:15:00,2024-02-13
7686,2024-02-13 01:30:00,False,01:30:00,2024-02-13
7687,2024-02-13 01:45:00,False,01:45:00,2024-02-13
7688,2024-02-13 02:00:00,False,02:00:00,2024-02-13
7689,2024-02-13 02:15:00,False,02:15:00,2024-02-13
7690,2024-02-13 02:30:00,False,02:30:00,2024-02-13
7691,2024-02-13 02:45:00,False,02:45:00,2024-02-13
7692,2024-02-13 03:00:00,False,03:00:00,2024-02-13
7693,2024-02-13 03:15:00,False,03:15:00,2024-02-13
7694,2024-02-13 03:30:00,False,03:30:00,2024-02-13
7695,2024-02-13 03:45:00,False,03:45:00,2024-02-13
7696,2024-02-13 04:00:00,False,04:00:00,2024-02-13
7697,2024-02-13 04:15:00,False,04:15:00,2024-02-13
7698,2024-02-13 04:30:00,False,04:30:00,2024-02-13
7699,2024-02-13 04:45:00,False,04:45:00,2024-02-13
7700,2024-02-13 05:00:00,False,05:00:00,2024-02-13
7701,2024-02-13 05:15:00,False,05:15:00,2024-02-13
7702,2024-02-13 05:30:00,False,05:30:00,2024-02-13
7703,2024-02-13 05:45:00,False,05:45:00,2024-02-13
7704,2024-02-13 06:00:00,False,06:00:00,2024-02-13
7705,2024-02-13 06:15:00,False,06:15:00,2024-02-13
7706,2024-02-13 06:30:00,False,06:30:00,2024-02-13
7707,2024-02-13 06:45:00,False,06:45:00,2024-02-13
7708,2024-02-13 07:00:00,False,07:00:00,2024-02-13
7709,2024-02-13 07:15:00,False,07:15:00,2024-02-13
7710,2024-02-13 07:30:00,False,07:30:00,2024-02-13
7711,2024-02-13 07:45:00,False,07:45:00,2024-02-13
7712,2024-02-13 08:00:00,False,08:00:00,2024-02-13
7713,2024-02-13 08:15:00,False,08:15:00,2024-02-13
7714,2024-02-13 08:30:00,False,08:30:00,2024-02-13
7715,2024-02-13 08:45:00,False,08:45:00,2024-02-13
7716,2024-02-13 09:00:00,False,09:00:00,2024-02-13
7717,2024-02-13 09:15:00,False,09:15:00,2024-02-13
7718,2024-02-13 09:30:00,False,09:30:00,2024-02-13
7719,2024-02-13 09:45:00,False,09:45:00,2024-02-13
7720,2024-02-13 10:00:00,False,10:00:00,2024-02-13
7721,2024-02-13 10:15:00,False,10:15:00,2024-02-13
7722,2024-02-13 10:30:00,False,10:30:00,2024-02-13
7723,2024-02-13 10:45:00,False,10:45:00,2024-02-13
7724,2024-02-13 11:00:00,False,11:00:00,2024-02-13
7725,2024-02-13 11:15:00,False,11:15:00,2024-02-13
7726,2024-02-13 11:30:00,False,11:30:00,2024-02-13
7727,2024-02-13 11:45:00,False,11:45:00,2024-02-13
7728,2024-02-13 12:00:00,False,12:00:00,2024-02-13
7729,2024-02-13 12:15:00,False,12:15:00,2024-02-13
7730,2024-02-13 12:30:00,False,12:30:00,2024-02-13
7731,2024-02-13 12:45:00,False,12:45:00,2024-02-13
7732,2024-02-13 13:00:00,False,13:00:00,2024-02-13
7733,2024-02-13 13:15:00,False,13:15:00,2024-02-13
7734,2024-02-13 13:30:00,False,13:30:00,2024-02-13
7735,2024-02-13 13:45:00,False,13:45:00,2024-02-13
7736,2024-02-13 14:00:00,False,14:00:00,2024-02-13
7737,2024-02-13 14:15:00,False,14:15:00,2024-02-13
7738,2024-02-13 14:30:00,False,14:30:00,2024-02-13
7739,2024-02-13 14:45:00,False,14:45:00,2024-02-13
7740,2024-02-13 15:00:00,False,15:00:00,2024-02-13
7741,2024-02-13 15:15:00,False,15:15:00,2024-02-13
7742,2024-02-13 15:30:00,False,15:30:00,2024-02-13
7743,2024-02-13 15:45:00,False,15:45:00,2024-02-13
7744,2024-02-13 16:00:00,False,16:00:00,2024-02-13
7745,2024-02-13 16:15:00,False,16:15:00,2024-02-13
7746,2024-02-13 16:30:00,False,16:30:00,2024-02-13
7747,2024-02-13 16:45:00,False,16:45:00,2024-02-13
7748,2024-02-13 17:00:00,False,17:00:00,2024-02-13
7749,2024-02-13 17:15:00,False,17:15:00,2024-02-13
7750,2024-02-13 17:30:00,False,17:30:00,2024-02-13
7751,2024-02-13 17:45:00,False,17:45:00,2024-02-13
7752,2024-02-13 18:00:00,False,18:00:00,2024-02-13
7753,2024-02-13 18:15:00,False,18:15:00,2024-02-13
7754,2024-02-13 18:30:00,False,18:30:00,2024-02-13
7755,2024-02-13 18:45:00,False,18:45:00,2024-02-13
7756,2024-02-13 19:00:00,False,19:00:00,2024-02-13
7757,2024-02-13 19:15:00,False,19:15:00,2024-02-13
7758,2024-02-13 19:30:00,False,19:30:00,2024-02-13
7759,2024-02-13 19:45:00,False,19:45:00,2024-02-13
7760,2024-02-13 20:00:00,False,20:00:00,2024-02-13
7761,2024-02-13 20:15:00,False,20:15:00,2024-02-13
7762,2024-02-13 20:30:00,False,20:30:00,2024-02-13
7763,2024-02-13 20:45:00,False,20:45:00,2024-02-13
7764,2024-02-13 21:00:00,False,21:00:00,2024-02-13
7765,2024-02-13 21:15:00,False,21:15:00,2024-02-13
7766,2024-02-13 21:30:00,False,21:30:00,2024-02-13
7767,2024-02-13 21:45:00,False,21:45:00,2024-02-13
7768,2024-02-13 22:00:00,False,22:00:00,2024-02-13
7769,2024-02-13 22:15:00,False,22:15:00,2024-02-13
7770,2024-02-13 22:30:00,False,22:30:00,2024-02-13
7771,2024-02-13 22:45:00,False,22:45:00,2024-02-13
7772,2024-02-13 23:00:00,False,23:00:00,2024-02-13
7773,2024-02-13 23:15:00,False,23:15:00,2024-02-13
7774,2024-02-13 23:30:00,False,23:30:00,2024-02-13
7775,2024-02-13 23:45:00,False,23:45:00,2024-02-13
7776,2024-02-14 00:00:00,False,00:00:00,2024-02-14
7777,2024-02-14 00:15:00,False,00:15:00,2024-02-14
7778,2024-02-14 00:30:00,False,00:30:00,2024-02-14
7779,2024-02-14 00:45:00,False,00:45:00,2024-02-14
7780,2024-02-14 01:00:00,False,01:00:00,2024-02-14
7781,2024-02-14 01:15:00,False,01:15:00,2024-02-14
7782,2024-02-14 01:30:00,False,01:30:00,2024-02-14
7783,2024-02-14 01:45:00,False,01:45:00,2024-02-14
7784,2024-02-14 02:00:00,False,02:00:00,2024-02-14
7785,2024-02-14 02:15:00,False,02:15:00,2024-02-14
7786,2024-02-14 02:30:00,False,02:30:00,2024-02-14
7787,2024-02-14 02:45:00,False,02:45:00,2024-02-14
7788,2024-02-14 03:00:00,False,03:00:00,2024-02-14
7789,2024-02-14 03:15:00,False,03:15:00,2024-02-14
7790,2024-02-14 03:30:00,False,03:30:00,2024-02-14
7791,2024-02-14 03:45:00,False,03:45:00,2024-02-14
7792,2024-02-14 04:00:00,False,04:00:00,2024-02-14
7793,2024-02-14 04:15:00,False,04:15:00,2024-02-14
7794,2024-02-14 04:30:00,False,04:30:00,2024-02-14
7795,2024-02-14 04:45:00,False,04:45:00,2024-02-14
7796,2024-02-14 05:00:00,False,05:00:00,2024-02-14
7797,2024-02-14 05:15:00,False,05:15:00,2024-02-14
7798,2024-02-14 05:30:00,False,05:30:00,2024-02-14
7799,2024-02-14 05:45:00,False,05:45:00,2024-02-14
7800,2024-02-14 06:00:00,False,06:00:00,2024-02-14
7801,2024-02-14 06:15:00,False,06:15:00,2024-02-14
7802,2024-02-14 06:30:00,False,06:30:00,2024-02-14
7803,2024-02-14 06:45:00,False,06:45:00,2024-02-14
7804,2024-02-14 07:00:00,False,07:00:00,2024-02-14
7805,2024-02-14 07:15:00,False,07:15:00,2024-02-14
7806,2024-02-14 07:30:00,False,07:30:00,2024-02-14
7807,2024-02-14 07:45:00,False,07:45:00,2024-02-14
7808,2024-02-14 08:00:00,False,08:00:00,2024-02-14
7809,2024-02-14 08:15:00,False,08:15:00,2024-02-14
7810,2024-02-14 08:30:00,False,08:30:00,2024-02-14
7811,2024-02-14 08:45:00,False,08:45:00,2024-02-14
7812,2024-02-14 09:00:00,False,09:00:00,2024-02-14
7813,2024-02-14 09:15:00,False,09:15:00,2024-02-14
7814,2024-02-14 09:30:00,False,09:30:00,2024-02-14
7815,2024-02-14 09:45:00,False,09:45:00,2024-02-14
7816,2024-02-14 10:00:00,False,10:00:00,2024-02-14
7817,2024-02-14 10:15:00,False,10:15:00,2024-02-14
7818,2024-02-14 10:30:00,True,10:30:00,2024-02-14
7819,2024-02-14 10:45:00,True,10:45:00,2024-02-14
7820,2024-02-14 11:00:00,True,11:00:00,2024-02-14
7821,2024-02-14 11:15:00,True,11:15:00,2024-02-14
7822,2024-02-14 11:30:00,True,11:30:00,2024-02-14
7823,2024-02-14 11:45:00,True,11:45:00,2024-02-14
7824,2024-02-14 12:00:00,True,12:00:00,2024-02-14
7825,2024-02-14 12:15:00,True,12:15:00,2024-02-14
7826,2024-02-14 12:30:00,True,12:30:00,2024-02-14
7827,2024-02-14 12:45:00,True,12:45:00,2024-02-14
7828,2024-02-14 13:00:00,True,13:00:00,2024-02-14
7829,2024-02-14 13:15:00,True,13:15:00,2024-02-14
7830,2024-02-14 13:30:00,True,13:30:00,2024-02-14
7831,2024-02-14 13:45:00,True,13:45:00,2024-02-14
7832,2024-02-14 14:00:00,True,14:00:00,2024-02-14
7833,2024-02-14 14:15:00,True,14:15:00,2024-02-14
7834,2024-02-14 14:30:00,True,14:30:00,2024-02-14
7835,2024-02-14 14:45:00,True,14:45:00,2024-02-14
7836,2024-02-14 15:00:00,True,15:00:00,2024-02-14
7837,2024-02-14 15:15:00,True,15:15:00,2024-02-14
7838,2024-02-14 15:30:00,True,15:30:00,2024-02-14
7839,2024-02-14 15:45:00,True,15:45:00,2024-02-14
7840,2024-02-14 16:00:00,True,16:00:00,2024-02-14
7841,2024-02-14 16:15:00,True,16:15:00,2024-02-14
7842,2024-02-14 16:30:00,True,16:30:00,2024-02-14
7843,2024-02-14 16:45:00,True,16:45:00,2024-02-14
7844,2024-02-14 17:00:00,True,17:00:00,2024-02-14
7845,2024-02-14 17:15:00,True,17:15:00,2024-02-14
7846,2024-02-14 17:30:00,True,17:30:00,2024-02-14
7847,2024-02-14 17:45:00,True,17:45:00,2024-02-14
7848,2024-02-14 18:00:00,True,18:00:00,2024-02-14
7849,2024-02-14 18:15:00,True,18:15:00,2024-02-14
7850,2024-02-14 18:30:00,True,18:30:00,2024-02-14
7851,2024-02-14 18:45:00,True,18:45:00,2024-02-14
7852,2024-02-14 19:00:00,True,19:00:00,2024-02-14
7853,2024-02-14 19:15:00,True,19:15:00,2024-02-14
7854,2024-02-14 19:30:00,True,19:30:00,2024-02-14
7855,2024-02-14 19:45:00,True,19:45:00,2024-02-14
7856,2024-02-14 20:00:00,True,20:00:00,2024-02-14
7857,2024-02-14 20:15:00,True,20:15:00,2024-02-14
7858,2024-02-14 20:30:00,True,20:30:00,2024-02-14
7859,2024-02-14 20:45:00,True,20:45:00,2024-02-14
7860,2024-02-14 21:00:00,True,21:00:00,2024-02-14
7861,2024-02-14 21:15:00,True,21:15:00,2024-02-14
7862,2024-02-14 21:30:00,True,21:30:00,2024-02-14
7863,2024-02-14 21:45:00,True,21:45:00,2024-02-14
7864,2024-02-14 22:00:00,True,22:00:00,2024-02-14
7865,2024-02-14 22:15:00,True,22:15:00,2024-02-14
7866,2024-02-14 22:30:00,True,22:30:00,2024-02-14
7867,2024-02-14 22:45:00,True,22:45:00,2024-02-14
7868,2024-02-14 23:00:00,True,23:00:00,2024-02-14
7869,2024-02-14 23:15:00,True,23:15:00,2024-02-14
7870,2024-02-14 23:30:00,True,23:30:00,2024-02-14
7871,2024-02-14 23:45:00,True,23:45:00,2024-02-14
7872,2024-02-15 00:00:00,True,00:00:00,2024-02-15
7873,2024-02-15 00:15:00,True,00:15:00,2024-02-15
7874,2024-02-15 00:30:00,True,00:30:00,2024-02-15
7875,2024-02-15 00:45:00,True,00:45:00,2024-02-15
7876,2024-02-15 01:00:00,True,01:00:00,2024-02-15
7877,2024-02-15 01:15:00,True,01:15:00,2024-02-15
7878,2024-02-15 01:30:00,True,01:30:00,2024-02-15
7879,2024-02-15 01:45:00,True,01:45:00,2024-02-15
7880,2024-02-15 02:00:00,True,02:00:00,2024-02-15
7881,2024-02-15 02:15:00,True,02:15:00,2024-02-15
7882,2024-02-15 02:30:00,True,02:30:00,2024-02-15
7883,2024-02-15 02:45:00,True,02:45:00,2024-02-15
7884,2024-02-15 03:00:00,True,03:00:00,2024-02-15
7885,2024-02-15 03:15:00,True,03:15:00,2024-02-15
7886,2024-02-15 03:30:00,True,03:30:00,2024-02-15
7887,2024-02-15 03:45:00,True,03:45:00,2024-02-15
7888,2024-02-15 04:00:00,True,04:00:00,2024-02-15
7889,2024-02-15 04:15:00,True,04:15:00,2024-02-15
7890,2024-02-15 04:30:00,True,04:30:00,2024-02-15
7891,2024-02-15 04:45:00,True,04:45:00,2024-02-15
7892,2024-02-15 05:00:00,True,05:00:00,2024-02-15
7893,2024-02-15 05:15:00,True,05:15:00,2024-02-15
7894,2024-02-15 05:30:00,True,05:30:00,2024-02-15
7895,2024-02-15 05:45:00,True,05:45:00,2024-02-15
7896,2024-02-15 06:00:00,True,06:00:00,2024-02-15
7897,2024-02-15 06:15:00,True,06:15:00,2024-02-15
7898,2024-02-15 06:30:00,True,06:30:00,2024-02-15
7899,2024-02-15 06:45:00,True,06:45:00,2024-02-15
7900,2024-02-15 07:00:00,True,07:00:00,2024-02-15
7901,2024-02-15 07:15:00,True,07:15:00,2024-02-15
7902,2024-02-15 07:30:00,True,07:30:00,2024-02-15
7903,2024-02-15 07:45:00,True,07:45:00,2024-02-15
7904,2024-02-15 08:00:00,True,08:00:00,2024-02-15
7905,2024-02-15 08:15:00,True,08:15:00,2024-02-15
7906,2024-02-15 08:30:00,True,08:30:00,2024-02-15
7907,2024-02-15 08:45:00,True,08:45:00,2024-02-15
7908,2024-02-15 09:00:00,True,09:00:00,2024-02-15
7909,2024-02-15 09:15:00,True,09:15:00,2024-02-15
7910,2024-02-15 09:30:00,True,09:30:00,2024-02-15
7911,2024-02-15 09:45:00,True,09:45:00,2024-02-15
7912,2024-02-15 10:00:00,True,10:00:00,2024-02-15
7913,2024-02-15 10:15:00,True,10:15:00,2024-02-15
7914,2024-02-15 10:30:00,True,10:30:00,2024-02-15
7915,2024-02-15 10:45:00,True,10:45:00,2024-02-15
7916,2024-02-15 11:00:00,True,11:00:00,2024-02-15
7917,2024-02-15 11:15:00,True,11:15:00,2024-02-15
7918,2024-02-15 11:30:00,True,11:30:00,2024-02-15
7919,2024-02-15 11:45:00,True,11:45:00,2024-02-15
7920,2024-02-15 12:00:00,True,12:00:00,2024-02-15
7921,2024-02-15 12:15:00,True,12:15:00,2024-02-15
7922,2024-02-15 12:30:00,True,12:30:00,2024-02-15
7923,2024-02-15 12:45:00,True,12:45:00,2024-02-15
7924,2024-02-15 13:00:00,True,13:00:00,2024-02-15
7925,2024-02-15 13:15:00,True,13:15:00,2024-02-15
7926,2024-02-15 13:30:00,True,13:30:00,2024-02-15
7927,2024-02-15 13:45:00,True,13:45:00,2024-02-15
7928,2024-02-15 14:00:00,True,14:00:00,2024-02-15
7929,2024-02-15 14:15:00,True,14:15:00,2024-02-15
7930,2024-02-15 14:30:00,True,14:30:00,2024-02-15
7931,2024-02-15 14:45:00,True,14:45:00,2024-02-15
7932,2024-02-15 15:00:00,True,15:00:00,2024-02-15
7933,2024-02-15 15:15:00,True,15:15:00,2024-02-15
7934,2024-02-15 15:30:00,True,15:30:00,2024-02-15
7935,2024-02-15 15:45:00,True,15:45:00,2024-02-15
7936,2024-02-15 16:00:00,True,16:00:00,2024-02-15
7937,2024-02-15 16:15:00,True,16:15:00,2024-02-15
7938,2024-02-15 16:30:00,True,16:30:00,2024-02-15
7939,2024-02-15 16:45:00,True,16:45:00,2024-02-15
7940,2024-02-15 17:00:00,True,17:00:00,2024-02-15
7941,2024-02-15 17:15:00,True,17:15:00,2024-02-15
7942,2024-02-15 17:30:00,True,17:30:00,2024-02-15
7943,2024-02-15 17:45:00,True,17:45:00,2024-02-15
7944,2024-02-15 18:00:00,True,18:00:00,2024-02-15
7945,2024-02-15 18:15:00,True,18:15:00,2024-02-15
7946,2024-02-15 18:30:00,True,18:30:00,2024-02-15
7947,2024-02-15 18:45:00,True,18:45:00,2024-02-15
7948,2024-02-15 19:00:00,True,19:00:00,2024-02-15
7949,2024-02-15 19:15:00,True,19:15:00,2024-02-15
7950,2024-02-15 19:30:00,True,19:30:00,2024-02-15
7951,2024-02-15 19:45:00,True,19:45:00,2024-02-15
7952,2024-02-15 20:00:00,True,20:00:00,2024-02-15
7953,2024-02-15 20:15:00,True,20:15:00,2024-02-15
7954,2024-02-15 20:30:00,True,20:30:00,2024-02-15
7955,2024-02-15 20:45:00,True,20:45:00,2024-02-15
7956,2024-02-15 21:00:00,True,21:00:00,2024-02-15
7957,2024-02-15 21:15:00,True,21:15:00,2024-02-15
7958,2024-02-15 21:30:00,True,21:30:00,2024-02-15
7959,2024-02-15 21:45:00,True,21:45:00,2024-02-15
7960,2024-02-15 22:00:00,True,22:00:00,2024-02-15
7961,2024-02-15 22:15:00,True,22:15:00,2024-02-15
7962,2024-02-15 22:30:00,True,22:30:00,2024-02-15
7963,2024-02-15 22:45:00,True,22:45:00,2024-02-15
7964,2024-02-15 23:00:00,True,23:00:00,2024-02-15
7965,2024-02-15 23:15:00,True,23:15:00,2024-02-15
7966,2024-02-15 23:30:00,True,23:30:00,2024-02-15
7967,2024-02-15 23:45:00,True,23:45:00,2024-02-15
7968,2024-02-16 00:00:00,True,00:00:00,2024-02-16
7969,2024-02-16 00:15:00,True,00:15:00,2024-02-16
7970,2024-02-16 00:30:00,True,00:30:00,2024-02-16
7971,2024-02-16 00:45:00,True,00:45:00,2024-02-16
7972,2024-02-16 01:00:00,True,01:00:00,2024-02-16
7973,2024-02-16 01:15:00,True,01:15:00,2024-02-16
7974,2024-02-16 01:30:00,True,01:30:00,2024-02-16
7975,2024-02-16 01:45:00,True,01:45:00,2024-02-16
7976,2024-02-16 02:00:00,True,02:00:00,2024-02-16
7977,2024-02-16 02:15:00,True,02:15:00,2024-02-16
7978,2024-02-16 02:30:00,True,02:30:00,2024-02-16
7979,2024-02-16 02:45:00,True,02:45:00,2024-02-16
7980,2024-02-16 03:00:00,True,03:00:00,2024-02-16
7981,2024-02-16 03:15:00,True,03:15:00,2024-02-16
7982,2024-02-16 03:30:00,True,03:30:00,2024-02-16
7983,2024-02-16 03:45:00,True,03:45:00,2024-02-16
7984,2024-02-16 04:00:00,True,04:00:00,2024-02-16
7985,2024-02-16 04:15:00,True,04:15:00,2024-02-16
7986,2024-02-16 04:30:00,True,04:30:00,2024-02-16
7987,2024-02-16 04:45:00,True,04:45:00,2024-02-16
7988,2024-02-16 05:00:00,True,05:00:00,2024-02-16
7989,2024-02-16 05:15:00,True,05:15:00,2024-02-16
7990,2024-02-16 05:30:00,True,05:30:00,2024-02-16
7991,2024-02-16 05:45:00,True,05:45:00,2024-02-16
7992,2024-02-16 06:00:00,True,06:00:00,2024-02-16
7993,2024-02-16 06:15:00,True,06:15:00,2024-02-16
7994,2024-02-16 06:30:00,True,06:30:00,2024-02-16
7995,2024-02-16 06:45:00,True,06:45:00,2024-02-16
7996,2024-02-16 07:00:00,True,07:00:00,2024-02-16
7997,2024-02-16 07:15:00,True,07:15:00,2024-02-16
7998,2024-02-16 07:30:00,True,07:30:00,2024-02-16
7999,2024-02-16 07:45:00,True,07:45:00,2024-02-16
8000,2024-02-16 08:00:00,True,08:00:00,2024-02-16
8001,2024-02-16 08:15:00,True,08:15:00,2024-02-16
8002,2024-02-16 08:30:00,True,08:30:00,2024-02-16
8003,2024-02-16 08:45:00,True,08:45:00,2024-02-16
8004,2024-02-16 09:00:00,True,09:00:00,2024-02-16
8005,2024-02-16 09:15:00,True,09:15:00,2024-02-16
8006,2024-02-16 09:30:00,True,09:30:00,2024-02-16
8007,2024-02-16 09:45:00,True,09:45:00,2024-02-16
8008,2024-02-16 10:00:00,True,10:00:00,2024-02-16
8009,2024-02-16 10:15:00,True,10:15:00,2024-02-16
8010,2024-02-16 10:30:00,True,10:30:00,2024-02-16
8011,2024-02-16 10:45:00,True,10:45:00,2024-02-16
8012,2024-02-16 11:00:00,True,11:00:00,2024-02-16
8013,2024-02-16 11:15:00,True,11:15:00,2024-02-16
8014,2024-02-16 11:30:00,True,11:30:00,2024-02-16
8015,2024-02-16 11:45:00,True,11:45:00,2024-02-16
8016,2024-02-16 12:00:00,True,12:00:00,2024-02-16
8017,2024-02-16 12:15:00,True,12:15:00,2024-02-16
8018,2024-02-16 12:30:00,True,12:30:00,2024-02-16
8019,2024-02-16 12:45:00,True,12:45:00,2024-02-16
8020,2024-02-16 13:00:00,True,13:00:00,2024-02-16
8021,2024-02-16 13:15:00,True,13:15:00,2024-02-16
8022,2024-02-16 13:30:00,True,13:30:00,2024-02-16
8023,2024-02-16 13:45:00,True,13:45:00,2024-02-16
8024,2024-02-16 14:00:00,True,14:00:00,2024-02-16
8025,2024-02-16 14:15:00,True,14:15:00,2024-02-16
8026,2024-02-16 14:30:00,True,14:30:00,2024-02-16
8027,2024-02-16 14:45:00,True,14:45:00,2024-02-16
8028,2024-02-16 15:00:00,True,15:00:00,2024-02-16
8029,2024-02-16 15:15:00,True,15:15:00,2024-02-16
8030,2024-02-16 15:30:00,True,15:30:00,2024-02-16
8031,2024-02-16 15:45:00,True,15:45:00,2024-02-16
8032,2024-02-16 16:00:00,True,16:00:00,2024-02-16
8033,2024-02-16 16:15:00,True,16:15:00,2024-02-16
8034,2024-02-16 16:30:00,True,16:30:00,2024-02-16
8035,2024-02-16 16:45:00,True,16:45:00,2024-02-16
8036,2024-02-16 17:00:00,True,17:00:00,2024-02-16
8037,2024-02-16 17:15:00,True,17:15:00,2024-02-16
8038,2024-02-16 17:30:00,True,17:30:00,2024-02-16
8039,2024-02-16 17:45:00,True,17:45:00,2024-02-16
8040,2024-02-16 18:00:00,True,18:00:00,2024-02-16
8041,2024-02-16 18:15:00,True,18:15:00,2024-02-16
8042,2024-02-16 18:30:00,True,18:30:00,2024-02-16
8043,2024-02-16 18:45:00,True,18:45:00,2024-02-16
8044,2024-02-16 19:00:00,True,19:00:00,2024-02-16
8045,2024-02-16 19:15:00,True,19:15:00,2024-02-16
8046,2024-02-16 19:30:00,True,19:30:00,2024-02-16
8047,2024-02-16 19:45:00,True,19:45:00,2024-02-16
8048,2024-02-16 20:00:00,True,20:00:00,2024-02-16
8049,2024-02-16 20:15:00,True,20:15:00,2024-02-16
8050,2024-02-16 20:30:00,True,20:30:00,2024-02-16
8051,2024-02-16 20:45:00,True,20:45:00,2024-02-16
8052,2024-02-16 21:00:00,True,21:00:00,2024-02-16
8053,2024-02-16 21:15:00,True,21:15:00,2024-02-16
8054,2024-02-16 21:30:00,True,21:30:00,2024-02-16
8055,2024-02-16 21:45:00,True,21:45:00,2024-02-16
8056,2024-02-16 22:00:00,True,22:00:00,2024-02-16
8057,2024-02-16 22:15:00,True,22:15:00,2024-02-16
8058,2024-02-16 22:30:00,True,22:30:00,2024-02-16
8059,2024-02-16 22:45:00,True,22:45:00,2024-02-16
8060,2024-02-16 23:00:00,True,23:00:00,2024-02-16
8061,2024-02-16 23:15:00,True,23:15:00,2024-02-16
8062,2024-02-16 23:30:00,True,23:30:00,2024-02-16
8063,2024-02-16 23:45:00,True,23:45:00,2024-02-16
8064,2024-02-17 00:00:00,True,00:00:00,2024-02-17
8065,2024-02-17 00:15:00,True,00:15:00,2024-02-17
8066,2024-02-17 00:30:00,True,00:30:00,2024-02-17
8067,2024-02-17 00:45:00,True,00:45:00,2024-02-17
8068,2024-02-17 01:00:00,True,01:00:00,2024-02-17
8069,2024-02-17 01:15:00,True,01:15:00,2024-02-17
8070,2024-02-17 01:30:00,True,01:30:00,2024-02-17
8071,2024-02-17 01:45:00,True,01:45:00,2024-02-17
8072,2024-02-17 02:00:00,True,02:00:00,2024-02-17
8073,2024-02-17 02:15:00,True,02:15:00,2024-02-17
8074,2024-02-17 02:30:00,True,02:30:00,2024-02-17
8075,2024-02-17 02:45:00,True,02:45:00,2024-02-17
8076,2024-02-17 03:00:00,True,03:00:00,2024-02-17
8077,2024-02-17 03:15:00,True,03:15:00,2024-02-17
8078,2024-02-17 03:30:00,True,03:30:00,2024-02-17
8079,2024-02-17 03:45:00,True,03:45:00,2024-02-17
8080,2024-02-17 04:00:00,True,04:00:00,2024-02-17
8081,2024-02-17 04:15:00,True,04:15:00,2024-02-17
8082,2024-02-17 04:30:00,True,04:30:00,2024-02-17
8083,2024-02-17 04:45:00,True,04:45:00,2024-02-17
8084,2024-02-17 05:00:00,True,05:00:00,2024-02-17
8085,2024-02-17 05:15:00,True,05:15:00,2024-02-17
8086,2024-02-17 05:30:00,True,05:30:00,2024-02-17
8087,2024-02-17 05:45:00,True,05:45:00,2024-02-17
8088,2024-02-17 06:00:00,True,06:00:00,2024-02-17
8089,2024-02-17 06:15:00,True,06:15:00,2024-02-17
8090,2024-02-17 06:30:00,True,06:30:00,2024-02-17
8091,2024-02-17 06:45:00,True,06:45:00,2024-02-17
8092,2024-02-17 07:00:00,True,07:00:00,2024-02-17
8093,2024-02-17 07:15:00,True,07:15:00,2024-02-17
8094,2024-02-17 07:30:00,True,07:30:00,2024-02-17
8095,2024-02-17 07:45:00,True,07:45:00,2024-02-17
8096,2024-02-17 08:00:00,True,08:00:00,2024-02-17
8097,2024-02-17 08:15:00,True,08:15:00,2024-02-17
8098,2024-02-17 08:30:00,True,08:30:00,2024-02-17
8099,2024-02-17 08:45:00,True,08:45:00,2024-02-17
8100,2024-02-17 09:00:00,True,09:00:00,2024-02-17
8101,2024-02-17 09:15:00,True,09:15:00,2024-02-17
8102,2024-02-17 09:30:00,True,09:30:00,2024-02-17
8103,2024-02-17 09:45:00,True,09:45:00,2024-02-17
8104,2024-02-17 10:00:00,True,10:00:00,2024-02-17
8105,2024-02-17 10:15:00,True,10:15:00,2024-02-17
8106,2024-02-17 10:30:00,True,10:30:00,2024-02-17
8107,2024-02-17 10:45:00,True,10:45:00,2024-02-17
8108,2024-02-17 11:00:00,True,11:00:00,2024-02-17
8109,2024-02-17 11:15:00,True,11:15:00,2024-02-17
8110,2024-02-17 11:30:00,True,11:30:00,2024-02-17
8111,2024-02-17 11:45:00,True,11:45:00,2024-02-17
8112,2024-02-17 12:00:00,True,12:00:00,2024-02-17
8113,2024-02-17 12:15:00,True,12:15:00,2024-02-17
8114,2024-02-17 12:30:00,True,12:30:00,2024-02-17
8115,2024-02-17 12:45:00,True,12:45:00,2024-02-17
8116,2024-02-17 13:00:00,True,13:00:00,2024-02-17
8117,2024-02-17 13:15:00,True,13:15:00,2024-02-17
8118,2024-02-17 13:30:00,True,13:30:00,2024-02-17
8119,2024-02-17 13:45:00,True,13:45:00,2024-02-17
8120,2024-02-17 14:00:00,True,14:00:00,2024-02-17
8121,2024-02-17 14:15:00,True,14:15:00,2024-02-17
8122,2024-02-17 14:30:00,True,14:30:00,2024-02-17
8123,2024-02-17 14:45:00,True,14:45:00,2024-02-17
8124,2024-02-17 15:00:00,True,15:00:00,2024-02-17
8125,2024-02-17 15:15:00,True,15:15:00,2024-02-17
8126,2024-02-17 15:30:00,True,15:30:00,2024-02-17
8127,2024-02-17 15:45:00,True,15:45:00,2024-02-17
8128,2024-02-17 16:00:00,True,16:00:00,2024-02-17
8129,2024-02-17 16:15:00,True,16:15:00,2024-02-17
8130,2024-02-17 16:30:00,True,16:30:00,2024-02-17
8131,2024-02-17 16:45:00,True,16:45:00,2024-02-17
8132,2024-02-17 17:00:00,True,17:00:00,2024-02-17
8133,2024-02-17 17:15:00,True,17:15:00,2024-02-17
8134,2024-02-17 17:30:00,True,17:30:00,2024-02-17
8135,2024-02-17 17:45:00,True,17:45:00,2024-02-17
8136,2024-02-17 18:00:00,True,18:00:00,2024-02-17
8137,2024-02-17 18:15:00,True,18:15:00,2024-02-17
8138,2024-02-17 18:30:00,True,18:30:00,2024-02-17
8139,2024-02-17 18:45:00,True,18:45:00,2024-02-17
8140,2024-02-17 19:00:00,True,19:00:00,2024-02-17
8141,2024-02-17 19:15:00,True,19:15:00,2024-02-17
8142,2024-02-17 19:30:00,True,19:30:00,2024-02-17
8143,2024-02-17 19:45:00,True,19:45:00,2024-02-17
8144,2024-02-17 20:00:00,True,20:00:00,2024-02-17
8145,2024-02-17 20:15:00,True,20:15:00,2024-02-17
8146,2024-02-17 20:30:00,True,20:30:00,2024-02-17
8147,2024-02-17 20:45:00,True,20:45:00,2024-02-17
8148,2024-02-17 21:00:00,True,21:00:00,2024-02-17
8149,2024-02-17 21:15:00,True,21:15:00,2024-02-17
8150,2024-02-17 21:30:00,True,21:30:00,2024-02-17
8151,2024-02-17 21:45:00,True,21:45:00,2024-02-17
8152,2024-02-17 22:00:00,True,22:00:00,2024-02-17
8153,2024-02-17 22:15:00,True,22:15:00,2024-02-17
8154,2024-02-17 22:30:00,True,22:30:00,2024-02-17
8155,2024-02-17 22:45:00,True,22:45:00,2024-02-17
8156,2024-02-17 23:00:00,True,23:00:00,2024-02-17
8157,2024-02-17 23:15:00,True,23:15:00,2024-02-17
8158,2024-02-17 23:30:00,True,23:30:00,2024-02-17
8159,2024-02-17 23:45:00,True,23:45:00,2024-02-17
8160,2024-02-18 00:00:00,True,00:00:00,2024-02-18
8161,2024-02-18 00:15:00,True,00:15:00,2024-02-18
8162,2024-02-18 00:30:00,True,00:30:00,2024-02-18
8163,2024-02-18 00:45:00,True,00:45:00,2024-02-18
8164,2024-02-18 01:00:00,True,01:00:00,2024-02-18
8165,2024-02-18 01:15:00,True,01:15:00,2024-02-18
8166,2024-02-18 01:30:00,True,01:30:00,2024-02-18
8167,2024-02-18 01:45:00,True,01:45:00,2024-02-18
8168,2024-02-18 02:00:00,True,02:00:00,2024-02-18
8169,2024-02-18 02:15:00,True,02:15:00,2024-02-18
8170,2024-02-18 02:30:00,True,02:30:00,2024-02-18
8171,2024-02-18 02:45:00,True,02:45:00,2024-02-18
8172,2024-02-18 03:00:00,True,03:00:00,2024-02-18
8173,2024-02-18 03:15:00,True,03:15:00,2024-02-18
8174,2024-02-18 03:30:00,True,03:30:00,2024-02-18
8175,2024-02-18 03:45:00,True,03:45:00,2024-02-18
8176,2024-02-18 04:00:00,True,04:00:00,2024-02-18
8177,2024-02-18 04:15:00,True,04:15:00,2024-02-18
8178,2024-02-18 04:30:00,True,04:30:00,2024-02-18
8179,2024-02-18 04:45:00,True,04:45:00,2024-02-18
8180,2024-02-18 05:00:00,True,05:00:00,2024-02-18
8181,2024-02-18 05:15:00,True,05:15:00,2024-02-18
8182,2024-02-18 05:30:00,True,05:30:00,2024-02-18
8183,2024-02-18 05:45:00,True,05:45:00,2024-02-18
8184,2024-02-18 06:00:00,True,06:00:00,2024-02-18
8185,2024-02-18 06:15:00,True,06:15:00,2024-02-18
8186,2024-02-18 06:30:00,True,06:30:00,2024-02-18
8187,2024-02-18 06:45:00,True,06:45:00,2024-02-18
8188,2024-02-18 07:00:00,True,07:00:00,2024-02-18
8189,2024-02-18 07:15:00,True,07:15:00,2024-02-18
8190,2024-02-18 07:30:00,True,07:30:00,2024-02-18
8191,2024-02-18 07:45:00,True,07:45:00,2024-02-18
8192,2024-02-18 08:00:00,True,08:00:00,2024-02-18
8193,2024-02-18 08:15:00,True,08:15:00,2024-02-18
8194,2024-02-18 08:30:00,True,08:30:00,2024-02-18
8195,2024-02-18 08:45:00,True,08:45:00,2024-02-18
8196,2024-02-18 09:00:00,True,09:00:00,2024-02-18
8197,2024-02-18 09:15:00,True,09:15:00,2024-02-18
8198,2024-02-18 09:30:00,True,09:30:00,2024-02-18
8199,2024-02-18 09:45:00,True,09:45:00,2024-02-18
8200,2024-02-18 10:00:00,True,10:00:00,2024-02-18
8201,2024-02-18 10:15:00,True,10:15:00,2024-02-18
8202,2024-02-18 10:30:00,True,10:30:00,2024-02-18
8203,2024-02-18 10:45:00,True,10:45:00,2024-02-18
8204,2024-02-18 11:00:00,True,11:00:00,2024-02-18
8205,2024-02-18 11:15:00,True,11:15:00,2024-02-18
8206,2024-02-18 11:30:00,True,11:30:00,2024-02-18
8207,2024-02-18 11:45:00,True,11:45:00,2024-02-18
8208,2024-02-18 12:00:00,True,12:00:00,2024-02-18
8209,2024-02-18 12:15:00,True,12:15:00,2024-02-18
8210,2024-02-18 12:30:00,True,12:30:00,2024-02-18
8211,2024-02-18 12:45:00,True,12:45:00,2024-02-18
8212,2024-02-18 13:00:00,True,13:00:00,2024-02-18
8213,2024-02-18 13:15:00,True,13:15:00,2024-02-18
8214,2024-02-18 13:30:00,True,13:30:00,2024-02-18
8215,2024-02-18 13:45:00,True,13:45:00,2024-02-18
8216,2024-02-18 14:00:00,True,14:00:00,2024-02-18
8217,2024-02-18 14:15:00,True,14:15:00,2024-02-18
8218,2024-02-18 14:30:00,True,14:30:00,2024-02-18
8219,2024-02-18 14:45:00,True,14:45:00,2024-02-18
8220,2024-02-18 15:00:00,True,15:00:00,2024-02-18
8221,2024-02-18 15:15:00,True,15:15:00,2024-02-18
8222,2024-02-18 15:30:00,True,15:30:00,2024-02-18
8223,2024-02-18 15:45:00,True,15:45:00,2024-02-18
8224,2024-02-18 16:00:00,True,16:00:00,2024-02-18
8225,2024-02-18 16:15:00,True,16:15:00,2024-02-18
8226,2024-02-18 16:30:00,True,16:30:00,2024-02-18
8227,2024-02-18 16:45:00,True,16:45:00,2024-02-18
8228,2024-02-18 17:00:00,True,17:00:00,2024-02-18
8229,2024-02-18 17:15:00,True,17:15:00,2024-02-18
8230,2024-02-18 17:30:00,True,17:30:00,2024-02-18
8231,2024-02-18 17:45:00,True,17:45:00,2024-02-18
8232,2024-02-18 18:00:00,True,18:00:00,2024-02-18
8233,2024-02-18 18:15:00,True,18:15:00,2024-02-18
8234,2024-02-18 18:30:00,True,18:30:00,2024-02-18
8235,2024-02-18 18:45:00,True,18:45:00,2024-02-18
8236,2024-02-18 19:00:00,True,19:00:00,2024-02-18
8237,2024-02-18 19:15:00,True,19:15:00,2024-02-18
8238,2024-02-18 19:30:00,True,19:30:00,2024-02-18
8239,2024-02-18 19:45:00,True,19:45:00,2024-02-18
8240,2024-02-18 20:00:00,True,20:00:00,2024-02-18
8241,2024-02-18 20:15:00,True,20:15:00,2024-02-18
8242,2024-02-18 20:30:00,True,20:30:00,2024-02-18
8243,2024-02-18 20:45:00,True,20:45:00,2024-02-18
8244,2024-02-18 21:00:00,True,21:00:00,2024-02-18
8245,2024-02-18 21:15:00,True,21:15:00,2024-02-18
8246,2024-02-18 21:30:00,True,21:30:00,2024-02-18
8247,2024-02-18 21:45:00,True,21:45:00,2024-02-18
8248,2024-02-18 22:00:00,True,22:00:00,2024-02-18
8249,2024-02-18 22:15:00,True,22:15:00,2024-02-18
8250,2024-02-18 22:30:00,True,22:30:00,2024-02-18
8251,2024-02-18 22:45:00,True,22:45:00,2024-02-18
8252,2024-02-18 23:00:00,True,23:00:00,2024-02-18
8253,2024-02-18 23:15:00,True,23:15:00,2024-02-18
8254,2024-02-18 23:30:00,True,23:30:00,2024-02-18
8255,2024-02-18 23:45:00,True,23:45:00,2024-02-18
8256,2024-02-19 00:00:00,True,00:00:00,2024-02-19
8257,2024-02-19 00:15:00,True,00:15:00,2024-02-19
8258,2024-02-19 00:30:00,True,00:30:00,2024-02-19
8259,2024-02-19 00:45:00,True,00:45:00,2024-02-19
8260,2024-02-19 01:00:00,True,01:00:00,2024-02-19
8261,2024-02-19 01:15:00,True,01:15:00,2024-02-19
8262,2024-02-19 01:30:00,True,01:30:00,2024-02-19
8263,2024-02-19 01:45:00,True,01:45:00,2024-02-19
8264,2024-02-19 02:00:00,True,02:00:00,2024-02-19
8265,2024-02-19 02:15:00,True,02:15:00,2024-02-19
8266,2024-02-19 02:30:00,True,02:30:00,2024-02-19
8267,2024-02-19 02:45:00,True,02:45:00,2024-02-19
8268,2024-02-19 03:00:00,True,03:00:00,2024-02-19
8269,2024-02-19 03:15:00,True,03:15:00,2024-02-19
8270,2024-02-19 03:30:00,True,03:30:00,2024-02-19
8271,2024-02-19 03:45:00,True,03:45:00,2024-02-19
8272,2024-02-19 04:00:00,True,04:00:00,2024-02-19
8273,2024-02-19 04:15:00,True,04:15:00,2024-02-19
8274,2024-02-19 04:30:00,True,04:30:00,2024-02-19
8275,2024-02-19 04:45:00,True,04:45:00,2024-02-19
8276,2024-02-19 05:00:00,True,05:00:00,2024-02-19
8277,2024-02-19 05:15:00,True,05:15:00,2024-02-19
8278,2024-02-19 05:30:00,True,05:30:00,2024-02-19
8279,2024-02-19 05:45:00,True,05:45:00,2024-02-19
8280,2024-02-19 06:00:00,True,06:00:00,2024-02-19
8281,2024-02-19 06:15:00,True,06:15:00,2024-02-19
8282,2024-02-19 06:30:00,True,06:30:00,2024-02-19
8283,2024-02-19 06:45:00,True,06:45:00,2024-02-19
8284,2024-02-19 07:00:00,True,07:00:00,2024-02-19
8285,2024-02-19 07:15:00,True,07:15:00,2024-02-19
8286,2024-02-19 07:30:00,True,07:30:00,2024-02-19
8287,2024-02-19 07:45:00,True,07:45:00,2024-02-19
8288,2024-02-19 08:00:00,True,08:00:00,2024-02-19
8289,2024-02-19 08:15:00,True,08:15:00,2024-02-19
8290,2024-02-19 08:30:00,True,08:30:00,2024-02-19
8291,2024-02-19 08:45:00,True,08:45:00,2024-02-19
8292,2024-02-19 09:00:00,True,09:00:00,2024-02-19
8293,2024-02-19 09:15:00,True,09:15:00,2024-02-19
8294,2024-02-19 09:30:00,True,09:30:00,2024-02-19
8295,2024-02-19 09:45:00,True,09:45:00,2024-02-19
8296,2024-02-19 10:00:00,True,10:00:00,2024-02-19
8297,2024-02-19 10:15:00,True,10:15:00,2024-02-19
8298,2024-02-19 10:30:00,True,10:30:00,2024-02-19
8299,2024-02-19 10:45:00,True,10:45:00,2024-02-19
8300,2024-02-19 11:00:00,True,11:00:00,2024-02-19
8301,2024-02-19 11:15:00,True,11:15:00,2024-02-19
8302,2024-02-19 11:30:00,True,11:30:00,2024-02-19
8303,2024-02-19 11:45:00,True,11:45:00,2024-02-19
8304,2024-02-19 12:00:00,True,12:00:00,2024-02-19
8305,2024-02-19 12:15:00,True,12:15:00,2024-02-19
8306,2024-02-19 12:30:00,True,12:30:00,2024-02-19
8307,2024-02-19 12:45:00,True,12:45:00,2024-02-19
8308,2024-02-19 13:00:00,True,13:00:00,2024-02-19
8309,2024-02-19 13:15:00,True,13:15:00,2024-02-19
8310,2024-02-19 13:30:00,True,13:30:00,2024-02-19
8311,2024-02-19 13:45:00,True,13:45:00,2024-02-19
8312,2024-02-19 14:00:00,True,14:00:00,2024-02-19
8313,2024-02-19 14:15:00,True,14:15:00,2024-02-19
8314,2024-02-19 14:30:00,True,14:30:00,2024-02-19
8315,2024-02-19 14:45:00,True,14:45:00,2024-02-19
8316,2024-02-19 15:00:00,True,15:00:00,2024-02-19
8317,2024-02-19 15:15:00,True,15:15:00,2024-02-19
8318,2024-02-19 15:30:00,True,15:30:00,2024-02-19
8319,2024-02-19 15:45:00,True,15:45:00,2024-02-19
8320,2024-02-19 16:00:00,True,16:00:00,2024-02-19
8321,2024-02-19 16:15:00,True,16:15:00,2024-02-19
8322,2024-02-19 16:30:00,True,16:30:00,2024-02-19
8323,2024-02-19 16:45:00,True,16:45:00,2024-02-19
8324,2024-02-19 17:00:00,True,17:00:00,2024-02-19
8325,2024-02-19 17:15:00,True,17:15:00,2024-02-19
8326,2024-02-19 17:30:00,True,17:30:00,2024-02-19
8327,2024-02-19 17:45:00,True,17:45:00,2024-02-19
8328,2024-02-19 18:00:00,True,18:00:00,2024-02-19
8329,2024-02-19 18:15:00,True,18:15:00,2024-02-19
8330,2024-02-19 18:30:00,True,18:30:00,2024-02-19
8331,2024-02-19 18:45:00,True,18:45:00,2024-02-19
8332,2024-02-19 19:00:00,True,19:00:00,2024-02-19
8333,2024-02-19 19:15:00,True,19:15:00,2024-02-19
8334,2024-02-19 19:30:00,True,19:30:00,2024-02-19
8335,2024-02-19 19:45:00,True,19:45:00,2024-02-19
8336,2024-02-19 20:00:00,True,20:00:00,2024-02-19
8337,2024-02-19 20:15:00,True,20:15:00,2024-02-19
8338,2024-02-19 20:30:00,True,20:30:00,2024-02-19
8339,2024-02-19 20:45:00,True,20:45:00,2024-02-19
8340,2024-02-19 21:00:00,True,21:00:00,2024-02-19
8341,2024-02-19 21:15:00,True,21:15:00,2024-02-19
8342,2024-02-19 21:30:00,True,21:30:00,2024-02-19
8343,2024-02-19 21:45:00,True,21:45:00,2024-02-19
8344,2024-02-19 22:00:00,True,22:00:00,2024-02-19
8345,2024-02-19 22:15:00,True,22:15:00,2024-02-19
8346,2024-02-19 22:30:00,True,22:30:00,2024-02-19
8347,2024-02-19 22:45:00,True,22:45:00,2024-02-19
8348,2024-02-19 23:00:00,True,23:00:00,2024-02-19
8349,2024-02-19 23:15:00,True,23:15:00,2024-02-19
8350,2024-02-19 23:30:00,True,23:30:00,2024-02-19
8351,2024-02-19 23:45:00,True,23:45:00,2024-02-19
8352,2024-02-20 00:00:00,True,00:00:00,2024-02-20
8353,2024-02-20 00:15:00,True,00:15:00,2024-02-20
8354,2024-02-20 00:30:00,True,00:30:00,2024-02-20
8355,2024-02-20 00:45:00,True,00:45:00,2024-02-20
8356,2024-02-20 01:00:00,True,01:00:00,2024-02-20
8357,2024-02-20 01:15:00,True,01:15:00,2024-02-20
8358,2024-02-20 01:30:00,True,01:30:00,2024-02-20
8359,2024-02-20 01:45:00,True,01:45:00,2024-02-20
8360,2024-02-20 02:00:00,True,02:00:00,2024-02-20
8361,2024-02-20 02:15:00,True,02:15:00,2024-02-20
8362,2024-02-20 02:30:00,True,02:30:00,2024-02-20
8363,2024-02-20 02:45:00,True,02:45:00,2024-02-20
8364,2024-02-20 03:00:00,True,03:00:00,2024-02-20
8365,2024-02-20 03:15:00,True,03:15:00,2024-02-20
8366,2024-02-20 03:30:00,True,03:30:00,2024-02-20
8367,2024-02-20 03:45:00,True,03:45:00,2024-02-20
8368,2024-02-20 04:00:00,True,04:00:00,2024-02-20
8369,2024-02-20 04:15:00,True,04:15:00,2024-02-20
8370,2024-02-20 04:30:00,True,04:30:00,2024-02-20
8371,2024-02-20 04:45:00,True,04:45:00,2024-02-20
8372,2024-02-20 05:00:00,True,05:00:00,2024-02-20
8373,2024-02-20 05:15:00,True,05:15:00,2024-02-20
8374,2024-02-20 05:30:00,True,05:30:00,2024-02-20
8375,2024-02-20 05:45:00,True,05:45:00,2024-02-20
8376,2024-02-20 06:00:00,True,06:00:00,2024-02-20
8377,2024-02-20 06:15:00,True,06:15:00,2024-02-20
8378,2024-02-20 06:30:00,True,06:30:00,2024-02-20
8379,2024-02-20 06:45:00,True,06:45:00,2024-02-20
8380,2024-02-20 07:00:00,True,07:00:00,2024-02-20
8381,2024-02-20 07:15:00,True,07:15:00,2024-02-20
8382,2024-02-20 07:30:00,True,07:30:00,2024-02-20
8383,2024-02-20 07:45:00,True,07:45:00,2024-02-20
8384,2024-02-20 08:00:00,True,08:00:00,2024-02-20
8385,2024-02-20 08:15:00,True,08:15:00,2024-02-20
8386,2024-02-20 08:30:00,True,08:30:00,2024-02-20
8387,2024-02-20 08:45:00,True,08:45:00,2024-02-20
8388,2024-02-20 09:00:00,True,09:00:00,2024-02-20
8389,2024-02-20 09:15:00,True,09:15:00,2024-02-20
8390,2024-02-20 09:30:00,True,09:30:00,2024-02-20
8391,2024-02-20 09:45:00,True,09:45:00,2024-02-20
8392,2024-02-20 10:00:00,True,10:00:00,2024-02-20
8393,2024-02-20 10:15:00,True,10:15:00,2024-02-20
8394,2024-02-20 10:30:00,True,10:30:00,2024-02-20
8395,2024-02-20 10:45:00,True,10:45:00,2024-02-20
8396,2024-02-20 11:00:00,True,11:00:00,2024-02-20
8397,2024-02-20 11:15:00,True,11:15:00,2024-02-20
8398,2024-02-20 11:30:00,True,11:30:00,2024-02-20
8399,2024-02-20 11:45:00,True,11:45:00,2024-02-20
8400,2024-02-20 12:00:00,True,12:00:00,2024-02-20
8401,2024-02-20 12:15:00,True,12:15:00,2024-02-20
8402,2024-02-20 12:30:00,True,12:30:00,2024-02-20
8403,2024-02-20 12:45:00,True,12:45:00,2024-02-20
8404,2024-02-20 13:00:00,True,13:00:00,2024-02-20
8405,2024-02-20 13:15:00,True,13:15:00,2024-02-20
8406,2024-02-20 13:30:00,True,13:30:00,2024-02-20
8407,2024-02-20 13:45:00,True,13:45:00,2024-02-20
8408,2024-02-20 14:00:00,True,14:00:00,2024-02-20
8409,2024-02-20 14:15:00,True,14:15:00,2024-02-20
8410,2024-02-20 14:30:00,True,14:30:00,2024-02-20
8411,2024-02-20 14:45:00,True,14:45:00,2024-02-20
8412,2024-02-20 15:00:00,True,15:00:00,2024-02-20
8413,2024-02-20 15:15:00,True,15:15:00,2024-02-20
8414,2024-02-20 15:30:00,True,15:30:00,2024-02-20
8415,2024-02-20 15:45:00,True,15:45:00,2024-02-20
8416,2024-02-20 16:00:00,True,16:00:00,2024-02-20
8417,2024-02-20 16:15:00,True,16:15:00,2024-02-20
8418,2024-02-20 16:30:00,True,16:30:00,2024-02-20
8419,2024-02-20 16:45:00,True,16:45:00,2024-02-20
8420,2024-02-20 17:00:00,True,17:00:00,2024-02-20
8421,2024-02-20 17:15:00,True,17:15:00,2024-02-20
8422,2024-02-20 17:30:00,True,17:30:00,2024-02-20
8423,2024-02-20 17:45:00,True,17:45:00,2024-02-20
8424,2024-02-20 18:00:00,True,18:00:00,2024-02-20
8425,2024-02-20 18:15:00,True,18:15:00,2024-02-20
8426,2024-02-20 18:30:00,True,18:30:00,2024-02-20
8427,2024-02-20 18:45:00,True,18:45:00,2024-02-20
8428,2024-02-20 19:00:00,True,19:00:00,2024-02-20
8429,2024-02-20 19:15:00,True,19:15:00,2024-02-20
8430,2024-02-20 19:30:00,True,19:30:00,2024-02-20
8431,2024-02-20 19:45:00,True,19:45:00,2024-02-20
8432,2024-02-20 20:00:00,True,20:00:00,2024-02-20
8433,2024-02-20 20:15:00,True,20:15:00,2024-02-20
8434,2024-02-20 20:30:00,True,20:30:00,2024-02-20
8435,2024-02-20 20:45:00,True,20:45:00,2024-02-20
8436,2024-02-20 21:00:00,True,21:00:00,2024-02-20
8437,2024-02-20 21:15:00,True,21:15:00,2024-02-20
8438,2024-02-20 21:30:00,True,21:30:00,2024-02-20
8439,2024-02-20 21:45:00,True,21:45:00,2024-02-20
8440,2024-02-20 22:00:00,True,22:00:00,2024-02-20
8441,2024-02-20 22:15:00,True,22:15:00,2024-02-20
8442,2024-02-20 22:30:00,True,22:30:00,2024-02-20
8443,2024-02-20 22:45:00,True,22:45:00,2024-02-20
8444,2024-02-20 23:00:00,True,23:00:00,2024-02-20
8445,2024-02-20 23:15:00,True,23:15:00,2024-02-20
8446,2024-02-20 23:30:00,True,23:30:00,2024-02-20
8447,2024-02-20 23:45:00,True,23:45:00,2024-02-20
8448,2024-02-21 00:00:00,True,00:00:00,2024-02-21
8449,2024-02-21 00:15:00,True,00:15:00,2024-02-21
8450,2024-02-21 00:30:00,True,00:30:00,2024-02-21
8451,2024-02-21 00:45:00,True,00:45:00,2024-02-21
8452,2024-02-21 01:00:00,True,01:00:00,2024-02-21
8453,2024-02-21 01:15:00,True,01:15:00,2024-02-21
8454,2024-02-21 01:30:00,True,01:30:00,2024-02-21
8455,2024-02-21 01:45:00,True,01:45:00,2024-02-21
8456,2024-02-21 02:00:00,True,02:00:00,2024-02-21
8457,2024-02-21 02:15:00,True,02:15:00,2024-02-21
8458,2024-02-21 02:30:00,True,02:30:00,2024-02-21
8459,2024-02-21 02:45:00,True,02:45:00,2024-02-21
8460,2024-02-21 03:00:00,True,03:00:00,2024-02-21
8461,2024-02-21 03:15:00,True,03:15:00,2024-02-21
8462,2024-02-21 03:30:00,True,03:30:00,2024-02-21
8463,2024-02-21 03:45:00,True,03:45:00,2024-02-21
8464,2024-02-21 04:00:00,True,04:00:00,2024-02-21
8465,2024-02-21 04:15:00,True,04:15:00,2024-02-21
8466,2024-02-21 04:30:00,True,04:30:00,2024-02-21
8467,2024-02-21 04:45:00,True,04:45:00,2024-02-21
8468,2024-02-21 05:00:00,True,05:00:00,2024-02-21
8469,2024-02-21 05:15:00,True,05:15:00,2024-02-21
8470,2024-02-21 05:30:00,True,05:30:00,2024-02-21
8471,2024-02-21 05:45:00,True,05:45:00,2024-02-21
8472,2024-02-21 06:00:00,True,06:00:00,2024-02-21
8473,2024-02-21 06:15:00,True,06:15:00,2024-02-21
8474,2024-02-21 06:30:00,True,06:30:00,2024-02-21
8475,2024-02-21 06:45:00,True,06:45:00,2024-02-21
8476,2024-02-21 07:00:00,True,07:00:00,2024-02-21
8477,2024-02-21 07:15:00,True,07:15:00,2024-02-21
8478,2024-02-21 07:30:00,True,07:30:00,2024-02-21
8479,2024-02-21 07:45:00,True,07:45:00,2024-02-21
8480,2024-02-21 08:00:00,True,08:00:00,2024-02-21
8481,2024-02-21 08:15:00,True,08:15:00,2024-02-21
8482,2024-02-21 08:30:00,True,08:30:00,2024-02-21
8483,2024-02-21 08:45:00,True,08:45:00,2024-02-21
8484,2024-02-21 09:00:00,True,09:00:00,2024-02-21
8485,2024-02-21 09:15:00,True,09:15:00,2024-02-21
8486,2024-02-21 09:30:00,True,09:30:00,2024-02-21
8487,2024-02-21 09:45:00,True,09:45:00,2024-02-21
8488,2024-02-21 10:00:00,True,10:00:00,2024-02-21
8489,2024-02-21 10:15:00,True,10:15:00,2024-02-21
8490,2024-02-21 10:30:00,True,10:30:00,2024-02-21
8491,2024-02-21 10:45:00,True,10:45:00,2024-02-21
8492,2024-02-21 11:00:00,True,11:00:00,2024-02-21
8493,2024-02-21 11:15:00,True,11:15:00,2024-02-21
8494,2024-02-21 11:30:00,True,11:30:00,2024-02-21
8495,2024-02-21 11:45:00,True,11:45:00,2024-02-21
8496,2024-02-21 12:00:00,True,12:00:00,2024-02-21
8497,2024-02-21 12:15:00,True,12:15:00,2024-02-21
8498,2024-02-21 12:30:00,True,12:30:00,2024-02-21
8499,2024-02-21 12:45:00,True,12:45:00,2024-02-21
8500,2024-02-21 13:00:00,True,13:00:00,2024-02-21
8501,2024-02-21 13:15:00,True,13:15:00,2024-02-21
8502,2024-02-21 13:30:00,True,13:30:00,2024-02-21
8503,2024-02-21 13:45:00,True,13:45:00,2024-02-21
8504,2024-02-21 14:00:00,True,14:00:00,2024-02-21
8505,2024-02-21 14:15:00,True,14:15:00,2024-02-21
8506,2024-02-21 14:30:00,True,14:30:00,2024-02-21
8507,2024-02-21 14:45:00,True,14:45:00,2024-02-21
8508,2024-02-21 15:00:00,True,15:00:00,2024-02-21
8509,2024-02-21 15:15:00,True,15:15:00,2024-02-21
8510,2024-02-21 15:30:00,True,15:30:00,2024-02-21
8511,2024-02-21 15:45:00,True,15:45:00,2024-02-21
8512,2024-02-21 16:00:00,True,16:00:00,2024-02-21
8513,2024-02-21 16:15:00,True,16:15:00,2024-02-21
8514,2024-02-21 16:30:00,True,16:30:00,2024-02-21
8515,2024-02-21 16:45:00,True,16:45:00,2024-02-21
8516,2024-02-21 17:00:00,True,17:00:00,2024-02-21
8517,2024-02-21 17:15:00,True,17:15:00,2024-02-21
8518,2024-02-21 17:30:00,True,17:30:00,2024-02-21
8519,2024-02-21 17:45:00,True,17:45:00,2024-02-21
8520,2024-02-21 18:00:00,True,18:00:00,2024-02-21
8521,2024-02-21 18:15:00,True,18:15:00,2024-02-21
8522,2024-02-21 18:30:00,True,18:30:00,2024-02-21
8523,2024-02-21 18:45:00,True,18:45:00,2024-02-21
8524,2024-02-21 19:00:00,True,19:00:00,2024-02-21
8525,2024-02-21 19:15:00,True,19:15:00,2024-02-21
8526,2024-02-21 19:30:00,True,19:30:00,2024-02-21
8527,2024-02-21 19:45:00,True,19:45:00,2024-02-21
8528,2024-02-21 20:00:00,True,20:00:00,2024-02-21
8529,2024-02-21 20:15:00,True,20:15:00,2024-02-21
8530,2024-02-21 20:30:00,True,20:30:00,2024-02-21
8531,2024-02-21 20:45:00,True,20:45:00,2024-02-21
8532,2024-02-21 21:00:00,True,21:00:00,2024-02-21
8533,2024-02-21 21:15:00,True,21:15:00,2024-02-21
8534,2024-02-21 21:30:00,True,21:30:00,2024-02-21
8535,2024-02-21 21:45:00,True,21:45:00,2024-02-21
8536,2024-02-21 22:00:00,True,22:00:00,2024-02-21
8537,2024-02-21 22:15:00,True,22:15:00,2024-02-21
8538,2024-02-21 22:30:00,True,22:30:00,2024-02-21
8539,2024-02-21 22:45:00,True,22:45:00,2024-02-21
8540,2024-02-21 23:00:00,True,23:00:00,2024-02-21
8541,2024-02-21 23:15:00,True,23:15:00,2024-02-21
8542,2024-02-21 23:30:00,True,23:30:00,2024-02-21
8543,2024-02-21 23:45:00,True,23:45:00,2024-02-21
8544,2024-02-22 00:00:00,True,00:00:00,2024-02-22
8545,2024-02-22 00:15:00,True,00:15:00,2024-02-22
8546,2024-02-22 00:30:00,True,00:30:00,2024-02-22
8547,2024-02-22 00:45:00,True,00:45:00,2024-02-22
8548,2024-02-22 01:00:00,True,01:00:00,2024-02-22
8549,2024-02-22 01:15:00,True,01:15:00,2024-02-22
8550,2024-02-22 01:30:00,True,01:30:00,2024-02-22
8551,2024-02-22 01:45:00,True,01:45:00,2024-02-22
8552,2024-02-22 02:00:00,True,02:00:00,2024-02-22
8553,2024-02-22 02:15:00,True,02:15:00,2024-02-22
8554,2024-02-22 02:30:00,True,02:30:00,2024-02-22
8555,2024-02-22 02:45:00,True,02:45:00,2024-02-22
8556,2024-02-22 03:00:00,True,03:00:00,2024-02-22
8557,2024-02-22 03:15:00,True,03:15:00,2024-02-22
8558,2024-02-22 03:30:00,True,03:30:00,2024-02-22
8559,2024-02-22 03:45:00,True,03:45:00,2024-02-22
8560,2024-02-22 04:00:00,True,04:00:00,2024-02-22
8561,2024-02-22 04:15:00,True,04:15:00,2024-02-22
8562,2024-02-22 04:30:00,True,04:30:00,2024-02-22
8563,2024-02-22 04:45:00,True,04:45:00,2024-02-22
8564,2024-02-22 05:00:00,True,05:00:00,2024-02-22
8565,2024-02-22 05:15:00,True,05:15:00,2024-02-22
8566,2024-02-22 05:30:00,True,05:30:00,2024-02-22
8567,2024-02-22 05:45:00,True,05:45:00,2024-02-22
8568,2024-02-22 06:00:00,True,06:00:00,2024-02-22
8569,2024-02-22 06:15:00,True,06:15:00,2024-02-22
8570,2024-02-22 06:30:00,True,06:30:00,2024-02-22
8571,2024-02-22 06:45:00,True,06:45:00,2024-02-22
8572,2024-02-22 07:00:00,True,07:00:00,2024-02-22
8573,2024-02-22 07:15:00,True,07:15:00,2024-02-22
8574,2024-02-22 07:30:00,True,07:30:00,2024-02-22
8575,2024-02-22 07:45:00,True,07:45:00,2024-02-22
8576,2024-02-22 08:00:00,True,08:00:00,2024-02-22
8577,2024-02-22 08:15:00,True,08:15:00,2024-02-22
8578,2024-02-22 08:30:00,True,08:30:00,2024-02-22
8579,2024-02-22 08:45:00,True,08:45:00,2024-02-22
8580,2024-02-22 09:00:00,True,09:00:00,2024-02-22
8581,2024-02-22 09:15:00,True,09:15:00,2024-02-22
8582,2024-02-22 09:30:00,True,09:30:00,2024-02-22
8583,2024-02-22 09:45:00,True,09:45:00,2024-02-22
8584,2024-02-22 10:00:00,True,10:00:00,2024-02-22
8585,2024-02-22 10:15:00,True,10:15:00,2024-02-22
8586,2024-02-22 10:30:00,True,10:30:00,2024-02-22
8587,2024-02-22 10:45:00,True,10:45:00,2024-02-22
8588,2024-02-22 11:00:00,True,11:00:00,2024-02-22
8589,2024-02-22 11:15:00,True,11:15:00,2024-02-22
8590,2024-02-22 11:30:00,True,11:30:00,2024-02-22
8591,2024-02-22 11:45:00,True,11:45:00,2024-02-22
8592,2024-02-22 12:00:00,True,12:00:00,2024-02-22
8593,2024-02-22 12:15:00,True,12:15:00,2024-02-22
8594,2024-02-22 12:30:00,True,12:30:00,2024-02-22
8595,2024-02-22 12:45:00,True,12:45:00,2024-02-22
8596,2024-02-22 13:00:00,True,13:00:00,2024-02-22
8597,2024-02-22 13:15:00,True,13:15:00,2024-02-22
8598,2024-02-22 13:30:00,True,13:30:00,2024-02-22
8599,2024-02-22 13:45:00,True,13:45:00,2024-02-22
8600,2024-02-22 14:00:00,True,14:00:00,2024-02-22
8601,2024-02-22 14:15:00,True,14:15:00,2024-02-22
8602,2024-02-22 14:30:00,True,14:30:00,2024-02-22
8603,2024-02-22 14:45:00,True,14:45:00,2024-02-22
8604,2024-02-22 15:00:00,True,15:00:00,2024-02-22
8605,2024-02-22 15:15:00,True,15:15:00,2024-02-22
8606,2024-02-22 15:30:00,True,15:30:00,2024-02-22
8607,2024-02-22 15:45:00,True,15:45:00,2024-02-22
8608,2024-02-22 16:00:00,True,16:00:00,2024-02-22
8609,2024-02-22 16:15:00,True,16:15:00,2024-02-22
8610,2024-02-22 16:30:00,True,16:30:00,2024-02-22
8611,2024-02-22 16:45:00,True,16:45:00,2024-02-22
8612,2024-02-22 17:00:00,True,17:00:00,2024-02-22
8613,2024-02-22 17:15:00,True,17:15:00,2024-02-22
8614,2024-02-22 17:30:00,True,17:30:00,2024-02-22
8615,2024-02-22 17:45:00,True,17:45:00,2024-02-22
8616,2024-02-22 18:00:00,True,18:00:00,2024-02-22
8617,2024-02-22 18:15:00,True,18:15:00,2024-02-22
8618,2024-02-22 18:30:00,True,18:30:00,2024-02-22
8619,2024-02-22 18:45:00,True,18:45:00,2024-02-22
8620,2024-02-22 19:00:00,True,19:00:00,2024-02-22
8621,2024-02-22 19:15:00,True,19:15:00,2024-02-22
8622,2024-02-22 19:30:00,True,19:30:00,2024-02-22
8623,2024-02-22 19:45:00,True,19:45:00,2024-02-22
8624,2024-02-22 20:00:00,True,20:00:00,2024-02-22
8625,2024-02-22 20:15:00,True,20:15:00,2024-02-22
8626,2024-02-22 20:30:00,True,20:30:00,2024-02-22
8627,2024-02-22 20:45:00,True,20:45:00,2024-02-22
8628,2024-02-22 21:00:00,True,21:00:00,2024-02-22
8629,2024-02-22 21:15:00,True,21:15:00,2024-02-22
8630,2024-02-22 21:30:00,True,21:30:00,2024-02-22
8631,2024-02-22 21:45:00,True,21:45:00,2024-02-22
8632,2024-02-22 22:00:00,True,22:00:00,2024-02-22
8633,2024-02-22 22:15:00,True,22:15:00,2024-02-22
8634,2024-02-22 22:30:00,True,22:30:00,2024-02-22
8635,2024-02-22 22:45:00,True,22:45:00,2024-02-22
8636,2024-02-22 23:00:00,True,23:00:00,2024-02-22
8637,2024-02-22 23:15:00,True,23:15:00,2024-02-22
8638,2024-02-22 23:30:00,True,23:30:00,2024-02-22
8639,2024-02-22 23:45:00,True,23:45:00,2024-02-22
8640,2024-02-23 00:00:00,True,00:00:00,2024-02-23
8641,2024-02-23 00:15:00,True,00:15:00,2024-02-23
8642,2024-02-23 00:30:00,True,00:30:00,2024-02-23
8643,2024-02-23 00:45:00,True,00:45:00,2024-02-23
8644,2024-02-23 01:00:00,True,01:00:00,2024-02-23
8645,2024-02-23 01:15:00,True,01:15:00,2024-02-23
8646,2024-02-23 01:30:00,True,01:30:00,2024-02-23
8647,2024-02-23 01:45:00,True,01:45:00,2024-02-23
8648,2024-02-23 02:00:00,True,02:00:00,2024-02-23
8649,2024-02-23 02:15:00,True,02:15:00,2024-02-23
8650,2024-02-23 02:30:00,True,02:30:00,2024-02-23
8651,2024-02-23 02:45:00,True,02:45:00,2024-02-23
8652,2024-02-23 03:00:00,True,03:00:00,2024-02-23
8653,2024-02-23 03:15:00,True,03:15:00,2024-02-23
8654,2024-02-23 03:30:00,True,03:30:00,2024-02-23
8655,2024-02-23 03:45:00,True,03:45:00,2024-02-23
8656,2024-02-23 04:00:00,True,04:00:00,2024-02-23
8657,2024-02-23 04:15:00,True,04:15:00,2024-02-23
8658,2024-02-23 04:30:00,True,04:30:00,2024-02-23
8659,2024-02-23 04:45:00,True,04:45:00,2024-02-23
8660,2024-02-23 05:00:00,True,05:00:00,2024-02-23
8661,2024-02-23 05:15:00,True,05:15:00,2024-02-23
8662,2024-02-23 05:30:00,True,05:30:00,2024-02-23
8663,2024-02-23 05:45:00,True,05:45:00,2024-02-23
8664,2024-02-23 06:00:00,True,06:00:00,2024-02-23
8665,2024-02-23 06:15:00,True,06:15:00,2024-02-23
8666,2024-02-23 06:30:00,True,06:30:00,2024-02-23
8667,2024-02-23 06:45:00,True,06:45:00,2024-02-23
8668,2024-02-23 07:00:00,True,07:00:00,2024-02-23
8669,2024-02-23 07:15:00,True,07:15:00,2024-02-23
8670,2024-02-23 07:30:00,True,07:30:00,2024-02-23
8671,2024-02-23 07:45:00,True,07:45:00,2024-02-23
8672,2024-02-23 08:00:00,True,08:00:00,2024-02-23
8673,2024-02-23 08:15:00,True,08:15:00,2024-02-23
8674,2024-02-23 08:30:00,True,08:30:00,2024-02-23
8675,2024-02-23 08:45:00,True,08:45:00,2024-02-23
8676,2024-02-23 09:00:00,True,09:00:00,2024-02-23
8677,2024-02-23 09:15:00,True,09:15:00,2024-02-23
8678,2024-02-23 09:30:00,True,09:30:00,2024-02-23
8679,2024-02-23 09:45:00,True,09:45:00,2024-02-23
8680,2024-02-23 10:00:00,True,10:00:00,2024-02-23
8681,2024-02-23 10:15:00,True,10:15:00,2024-02-23
8682,2024-02-23 10:30:00,True,10:30:00,2024-02-23
8683,2024-02-23 10:45:00,True,10:45:00,2024-02-23
8684,2024-02-23 11:00:00,True,11:00:00,2024-02-23
8685,2024-02-23 11:15:00,True,11:15:00,2024-02-23
8686,2024-02-23 11:30:00,True,11:30:00,2024-02-23
8687,2024-02-23 11:45:00,True,11:45:00,2024-02-23
8688,2024-02-23 12:00:00,True,12:00:00,2024-02-23
8689,2024-02-23 12:15:00,True,12:15:00,2024-02-23
8690,2024-02-23 12:30:00,True,12:30:00,2024-02-23
8691,2024-02-23 12:45:00,True,12:45:00,2024-02-23
8692,2024-02-23 13:00:00,True,13:00:00,2024-02-23
8693,2024-02-23 13:15:00,True,13:15:00,2024-02-23
8694,2024-02-23 13:30:00,True,13:30:00,2024-02-23
8695,2024-02-23 13:45:00,True,13:45:00,2024-02-23
8696,2024-02-23 14:00:00,True,14:00:00,2024-02-23
8697,2024-02-23 14:15:00,True,14:15:00,2024-02-23
8698,2024-02-23 14:30:00,True,14:30:00,2024-02-23
8699,2024-02-23 14:45:00,True,14:45:00,2024-02-23
8700,2024-02-23 15:00:00,True,15:00:00,2024-02-23
8701,2024-02-23 15:15:00,True,15:15:00,2024-02-23
8702,2024-02-23 15:30:00,True,15:30:00,2024-02-23
8703,2024-02-23 15:45:00,True,15:45:00,2024-02-23
8704,2024-02-23 16:00:00,True,16:00:00,2024-02-23
8705,2024-02-23 16:15:00,True,16:15:00,2024-02-23
8706,2024-02-23 16:30:00,True,16:30:00,2024-02-23
8707,2024-02-23 16:45:00,True,16:45:00,2024-02-23
8708,2024-02-23 17:00:00,True,17:00:00,2024-02-23
8709,2024-02-23 17:15:00,True,17:15:00,2024-02-23
8710,2024-02-23 17:30:00,True,17:30:00,2024-02-23
8711,2024-02-23 17:45:00,True,17:45:00,2024-02-23
8712,2024-02-23 18:00:00,True,18:00:00,2024-02-23
8713,2024-02-23 18:15:00,True,18:15:00,2024-02-23
8714,2024-02-23 18:30:00,True,18:30:00,2024-02-23
8715,2024-02-23 18:45:00,True,18:45:00,2024-02-23
8716,2024-02-23 19:00:00,True,19:00:00,2024-02-23
8717,2024-02-23 19:15:00,True,19:15:00,2024-02-23
8718,2024-02-23 19:30:00,True,19:30:00,2024-02-23
8719,2024-02-23 19:45:00,True,19:45:00,2024-02-23
8720,2024-02-23 20:00:00,True,20:00:00,2024-02-23
8721,2024-02-23 20:15:00,True,20:15:00,2024-02-23
8722,2024-02-23 20:30:00,True,20:30:00,2024-02-23
8723,2024-02-23 20:45:00,True,20:45:00,2024-02-23
8724,2024-02-23 21:00:00,True,21:00:00,2024-02-23
8725,2024-02-23 21:15:00,True,21:15:00,2024-02-23
8726,2024-02-23 21:30:00,True,21:30:00,2024-02-23
8727,2024-02-23 21:45:00,True,21:45:00,2024-02-23
8728,2024-02-23 22:00:00,True,22:00:00,2024-02-23
8729,2024-02-23 22:15:00,True,22:15:00,2024-02-23
8730,2024-02-23 22:30:00,True,22:30:00,2024-02-23
8731,2024-02-23 22:45:00,True,22:45:00,2024-02-23
8732,2024-02-23 23:00:00,True,23:00:00,2024-02-23
8733,2024-02-23 23:15:00,True,23:15:00,2024-02-23
8734,2024-02-23 23:30:00,True,23:30:00,2024-02-23
8735,2024-02-23 23:45:00,True,23:45:00,2024-02-23
8736,2024-02-24 00:00:00,True,00:00:00,2024-02-24
8737,2024-02-24 00:15:00,True,00:15:00,2024-02-24
8738,2024-02-24 00:30:00,True,00:30:00,2024-02-24
8739,2024-02-24 00:45:00,True,00:45:00,2024-02-24
8740,2024-02-24 01:00:00,True,01:00:00,2024-02-24
8741,2024-02-24 01:15:00,True,01:15:00,2024-02-24
8742,2024-02-24 01:30:00,True,01:30:00,2024-02-24
8743,2024-02-24 01:45:00,True,01:45:00,2024-02-24
8744,2024-02-24 02:00:00,True,02:00:00,2024-02-24
8745,2024-02-24 02:15:00,True,02:15:00,2024-02-24
8746,2024-02-24 02:30:00,True,02:30:00,2024-02-24
8747,2024-02-24 02:45:00,True,02:45:00,2024-02-24
8748,2024-02-24 03:00:00,True,03:00:00,2024-02-24
8749,2024-02-24 03:15:00,True,03:15:00,2024-02-24
8750,2024-02-24 03:30:00,True,03:30:00,2024-02-24
8751,2024-02-24 03:45:00,True,03:45:00,2024-02-24
8752,2024-02-24 04:00:00,True,04:00:00,2024-02-24
8753,2024-02-24 04:15:00,True,04:15:00,2024-02-24
8754,2024-02-24 04:30:00,True,04:30:00,2024-02-24
8755,2024-02-24 04:45:00,True,04:45:00,2024-02-24
8756,2024-02-24 05:00:00,True,05:00:00,2024-02-24
8757,2024-02-24 05:15:00,True,05:15:00,2024-02-24
8758,2024-02-24 05:30:00,True,05:30:00,2024-02-24
8759,2024-02-24 05:45:00,True,05:45:00,2024-02-24
8760,2024-02-24 06:00:00,True,06:00:00,2024-02-24
8761,2024-02-24 06:15:00,True,06:15:00,2024-02-24
8762,2024-02-24 06:30:00,True,06:30:00,2024-02-24
8763,2024-02-24 06:45:00,True,06:45:00,2024-02-24
8764,2024-02-24 07:00:00,True,07:00:00,2024-02-24
8765,2024-02-24 07:15:00,True,07:15:00,2024-02-24
8766,2024-02-24 07:30:00,True,07:30:00,2024-02-24
8767,2024-02-24 07:45:00,True,07:45:00,2024-02-24
8768,2024-02-24 08:00:00,True,08:00:00,2024-02-24
8769,2024-02-24 08:15:00,True,08:15:00,2024-02-24
8770,2024-02-24 08:30:00,True,08:30:00,2024-02-24
8771,2024-02-24 08:45:00,True,08:45:00,2024-02-24
8772,2024-02-24 09:00:00,True,09:00:00,2024-02-24
8773,2024-02-24 09:15:00,True,09:15:00,2024-02-24
8774,2024-02-24 09:30:00,True,09:30:00,2024-02-24
8775,2024-02-24 09:45:00,True,09:45:00,2024-02-24
8776,2024-02-24 10:00:00,True,10:00:00,2024-02-24
8777,2024-02-24 10:15:00,True,10:15:00,2024-02-24
8778,2024-02-24 10:30:00,True,10:30:00,2024-02-24
8779,2024-02-24 10:45:00,True,10:45:00,2024-02-24
8780,2024-02-24 11:00:00,True,11:00:00,2024-02-24
8781,2024-02-24 11:15:00,True,11:15:00,2024-02-24
8782,2024-02-24 11:30:00,True,11:30:00,2024-02-24
8783,2024-02-24 11:45:00,True,11:45:00,2024-02-24
8784,2024-02-24 12:00:00,True,12:00:00,2024-02-24
8785,2024-02-24 12:15:00,True,12:15:00,2024-02-24
8786,2024-02-24 12:30:00,True,12:30:00,2024-02-24
8787,2024-02-24 12:45:00,True,12:45:00,2024-02-24
8788,2024-02-24 13:00:00,True,13:00:00,2024-02-24
8789,2024-02-24 13:15:00,True,13:15:00,2024-02-24
8790,2024-02-24 13:30:00,True,13:30:00,2024-02-24
8791,2024-02-24 13:45:00,True,13:45:00,2024-02-24
8792,2024-02-24 14:00:00,True,14:00:00,2024-02-24
8793,2024-02-24 14:15:00,True,14:15:00,2024-02-24
8794,2024-02-24 14:30:00,True,14:30:00,2024-02-24
8795,2024-02-24 14:45:00,True,14:45:00,2024-02-24
8796,2024-02-24 15:00:00,True,15:00:00,2024-02-24
8797,2024-02-24 15:15:00,True,15:15:00,2024-02-24
8798,2024-02-24 15:30:00,True,15:30:00,2024-02-24
8799,2024-02-24 15:45:00,True,15:45:00,2024-02-24
8800,2024-02-24 16:00:00,True,16:00:00,2024-02-24
8801,2024-02-24 16:15:00,True,16:15:00,2024-02-24
8802,2024-02-24 16:30:00,True,16:30:00,2024-02-24
8803,2024-02-24 16:45:00,True,16:45:00,2024-02-24
8804,2024-02-24 17:00:00,True,17:00:00,2024-02-24
8805,2024-02-24 17:15:00,True,17:15:00,2024-02-24
8806,2024-02-24 17:30:00,True,17:30:00,2024-02-24
8807,2024-02-24 17:45:00,True,17:45:00,2024-02-24
8808,2024-02-24 18:00:00,True,18:00:00,2024-02-24
8809,2024-02-24 18:15:00,True,18:15:00,2024-02-24
8810,2024-02-24 18:30:00,True,18:30:00,2024-02-24
8811,2024-02-24 18:45:00,True,18:45:00,2024-02-24
8812,2024-02-24 19:00:00,True,19:00:00,2024-02-24
8813,2024-02-24 19:15:00,True,19:15:00,2024-02-24
8814,2024-02-24 19:30:00,True,19:30:00,2024-02-24
8815,2024-02-24 19:45:00,True,19:45:00,2024-02-24
8816,2024-02-24 20:00:00,True,20:00:00,2024-02-24
8817,2024-02-24 20:15:00,True,20:15:00,2024-02-24
8818,2024-02-24 20:30:00,True,20:30:00,2024-02-24
8819,2024-02-24 20:45:00,True,20:45:00,2024-02-24
8820,2024-02-24 21:00:00,True,21:00:00,2024-02-24
8821,2024-02-24 21:15:00,True,21:15:00,2024-02-24
8822,2024-02-24 21:30:00,True,21:30:00,2024-02-24
8823,2024-02-24 21:45:00,True,21:45:00,2024-02-24
8824,2024-02-24 22:00:00,True,22:00:00,2024-02-24
8825,2024-02-24 22:15:00,True,22:15:00,2024-02-24
8826,2024-02-24 22:30:00,True,22:30:00,2024-02-24
8827,2024-02-24 22:45:00,True,22:45:00,2024-02-24
8828,2024-02-24 23:00:00,True,23:00:00,2024-02-24
8829,2024-02-24 23:15:00,True,23:15:00,2024-02-24
8830,2024-02-24 23:30:00,True,23:30:00,2024-02-24
8831,2024-02-24 23:45:00,True,23:45:00,2024-02-24
