,interval_start,missflg,15_min_chunk,date
0,2023-10-18 00:00:00,True,00:00:00,2023-10-18
1,2023-10-18 00:15:00,True,00:15:00,2023-10-18
2,2023-10-18 00:30:00,True,00:30:00,2023-10-18
3,2023-10-18 00:45:00,True,00:45:00,2023-10-18
4,2023-10-18 01:00:00,True,01:00:00,2023-10-18
5,2023-10-18 01:15:00,True,01:15:00,2023-10-18
6,2023-10-18 01:30:00,True,01:30:00,2023-10-18
7,2023-10-18 01:45:00,True,01:45:00,2023-10-18
8,2023-10-18 02:00:00,True,02:00:00,2023-10-18
9,2023-10-18 02:15:00,True,02:15:00,2023-10-18
10,2023-10-18 02:30:00,True,02:30:00,2023-10-18
11,2023-10-18 02:45:00,True,02:45:00,2023-10-18
12,2023-10-18 03:00:00,True,03:00:00,2023-10-18
13,2023-10-18 03:15:00,True,03:15:00,2023-10-18
14,2023-10-18 03:30:00,True,03:30:00,2023-10-18
15,2023-10-18 03:45:00,True,03:45:00,2023-10-18
16,2023-10-18 04:00:00,True,04:00:00,2023-10-18
17,2023-10-18 04:15:00,True,04:15:00,2023-10-18
18,2023-10-18 04:30:00,True,04:30:00,2023-10-18
19,2023-10-18 04:45:00,True,04:45:00,2023-10-18
20,2023-10-18 05:00:00,True,05:00:00,2023-10-18
21,2023-10-18 05:15:00,True,05:15:00,2023-10-18
22,2023-10-18 05:30:00,True,05:30:00,2023-10-18
23,2023-10-18 05:45:00,True,05:45:00,2023-10-18
24,2023-10-18 06:00:00,True,06:00:00,2023-10-18
25,2023-10-18 06:15:00,True,06:15:00,2023-10-18
26,2023-10-18 06:30:00,True,06:30:00,2023-10-18
27,2023-10-18 06:45:00,True,06:45:00,2023-10-18
28,2023-10-18 07:00:00,True,07:00:00,2023-10-18
29,2023-10-18 07:15:00,True,07:15:00,2023-10-18
30,2023-10-18 07:30:00,True,07:30:00,2023-10-18
31,2023-10-18 07:45:00,True,07:45:00,2023-10-18
32,2023-10-18 08:00:00,True,08:00:00,2023-10-18
33,2023-10-18 08:15:00,True,08:15:00,2023-10-18
34,2023-10-18 08:30:00,True,08:30:00,2023-10-18
35,2023-10-18 08:45:00,True,08:45:00,2023-10-18
36,2023-10-18 09:00:00,True,09:00:00,2023-10-18
37,2023-10-18 09:15:00,True,09:15:00,2023-10-18
38,2023-10-18 09:30:00,True,09:30:00,2023-10-18
39,2023-10-18 09:45:00,True,09:45:00,2023-10-18
40,2023-10-18 10:00:00,True,10:00:00,2023-10-18
41,2023-10-18 10:15:00,True,10:15:00,2023-10-18
42,2023-10-18 10:30:00,True,10:30:00,2023-10-18
43,2023-10-18 10:45:00,True,10:45:00,2023-10-18
44,2023-10-18 11:00:00,True,11:00:00,2023-10-18
45,2023-10-18 11:15:00,True,11:15:00,2023-10-18
46,2023-10-18 11:30:00,True,11:30:00,2023-10-18
47,2023-10-18 11:45:00,True,11:45:00,2023-10-18
48,2023-10-18 12:00:00,True,12:00:00,2023-10-18
49,2023-10-18 12:15:00,True,12:15:00,2023-10-18
50,2023-10-18 12:30:00,True,12:30:00,2023-10-18
51,2023-10-18 12:45:00,True,12:45:00,2023-10-18
52,2023-10-18 13:00:00,True,13:00:00,2023-10-18
53,2023-10-18 13:15:00,True,13:15:00,2023-10-18
54,2023-10-18 13:30:00,True,13:30:00,2023-10-18
55,2023-10-18 13:45:00,True,13:45:00,2023-10-18
56,2023-10-18 14:00:00,True,14:00:00,2023-10-18
57,2023-10-18 14:15:00,True,14:15:00,2023-10-18
58,2023-10-18 14:30:00,True,14:30:00,2023-10-18
59,2023-10-18 14:45:00,True,14:45:00,2023-10-18
60,2023-10-18 15:00:00,True,15:00:00,2023-10-18
61,2023-10-18 15:15:00,True,15:15:00,2023-10-18
62,2023-10-18 15:30:00,True,15:30:00,2023-10-18
63,2023-10-18 15:45:00,True,15:45:00,2023-10-18
64,2023-10-18 16:00:00,True,16:00:00,2023-10-18
65,2023-10-18 16:15:00,True,16:15:00,2023-10-18
66,2023-10-18 16:30:00,True,16:30:00,2023-10-18
67,2023-10-18 16:45:00,True,16:45:00,2023-10-18
68,2023-10-18 17:00:00,True,17:00:00,2023-10-18
69,2023-10-18 17:15:00,True,17:15:00,2023-10-18
70,2023-10-18 17:30:00,True,17:30:00,2023-10-18
71,2023-10-18 17:45:00,True,17:45:00,2023-10-18
72,2023-10-18 18:00:00,True,18:00:00,2023-10-18
73,2023-10-18 18:15:00,True,18:15:00,2023-10-18
74,2023-10-18 18:30:00,True,18:30:00,2023-10-18
75,2023-10-18 18:45:00,True,18:45:00,2023-10-18
76,2023-10-18 19:00:00,True,19:00:00,2023-10-18
77,2023-10-18 19:15:00,True,19:15:00,2023-10-18
78,2023-10-18 19:30:00,True,19:30:00,2023-10-18
79,2023-10-18 19:45:00,True,19:45:00,2023-10-18
80,2023-10-18 20:00:00,True,20:00:00,2023-10-18
81,2023-10-18 20:15:00,True,20:15:00,2023-10-18
82,2023-10-18 20:30:00,True,20:30:00,2023-10-18
83,2023-10-18 20:45:00,True,20:45:00,2023-10-18
84,2023-10-18 21:00:00,True,21:00:00,2023-10-18
85,2023-10-18 21:15:00,True,21:15:00,2023-10-18
86,2023-10-18 21:30:00,True,21:30:00,2023-10-18
87,2023-10-18 21:45:00,True,21:45:00,2023-10-18
88,2023-10-18 22:00:00,True,22:00:00,2023-10-18
89,2023-10-18 22:15:00,True,22:15:00,2023-10-18
90,2023-10-18 22:30:00,True,22:30:00,2023-10-18
91,2023-10-18 22:45:00,True,22:45:00,2023-10-18
92,2023-10-18 23:00:00,False,23:00:00,2023-10-18
93,2023-10-18 23:15:00,True,23:15:00,2023-10-18
94,2023-10-18 23:30:00,True,23:30:00,2023-10-18
95,2023-10-18 23:45:00,True,23:45:00,2023-10-18
96,2023-10-19 00:00:00,True,00:00:00,2023-10-19
97,2023-10-19 00:15:00,True,00:15:00,2023-10-19
98,2023-10-19 00:30:00,True,00:30:00,2023-10-19
99,2023-10-19 00:45:00,True,00:45:00,2023-10-19
100,2023-10-19 01:00:00,True,01:00:00,2023-10-19
101,2023-10-19 01:15:00,True,01:15:00,2023-10-19
102,2023-10-19 01:30:00,True,01:30:00,2023-10-19
103,2023-10-19 01:45:00,True,01:45:00,2023-10-19
104,2023-10-19 02:00:00,True,02:00:00,2023-10-19
105,2023-10-19 02:15:00,True,02:15:00,2023-10-19
106,2023-10-19 02:30:00,True,02:30:00,2023-10-19
107,2023-10-19 02:45:00,True,02:45:00,2023-10-19
108,2023-10-19 03:00:00,True,03:00:00,2023-10-19
109,2023-10-19 03:15:00,True,03:15:00,2023-10-19
110,2023-10-19 03:30:00,True,03:30:00,2023-10-19
111,2023-10-19 03:45:00,True,03:45:00,2023-10-19
112,2023-10-19 04:00:00,True,04:00:00,2023-10-19
113,2023-10-19 04:15:00,True,04:15:00,2023-10-19
114,2023-10-19 04:30:00,True,04:30:00,2023-10-19
115,2023-10-19 04:45:00,True,04:45:00,2023-10-19
116,2023-10-19 05:00:00,True,05:00:00,2023-10-19
117,2023-10-19 05:15:00,True,05:15:00,2023-10-19
118,2023-10-19 05:30:00,True,05:30:00,2023-10-19
119,2023-10-19 05:45:00,True,05:45:00,2023-10-19
120,2023-10-19 06:00:00,True,06:00:00,2023-10-19
121,2023-10-19 06:15:00,True,06:15:00,2023-10-19
122,2023-10-19 06:30:00,True,06:30:00,2023-10-19
123,2023-10-19 06:45:00,True,06:45:00,2023-10-19
124,2023-10-19 07:00:00,True,07:00:00,2023-10-19
125,2023-10-19 07:15:00,True,07:15:00,2023-10-19
126,2023-10-19 07:30:00,False,07:30:00,2023-10-19
127,2023-10-19 07:45:00,False,07:45:00,2023-10-19
128,2023-10-19 08:00:00,True,08:00:00,2023-10-19
129,2023-10-19 08:15:00,True,08:15:00,2023-10-19
130,2023-10-19 08:30:00,True,08:30:00,2023-10-19
131,2023-10-19 08:45:00,True,08:45:00,2023-10-19
132,2023-10-19 09:00:00,False,09:00:00,2023-10-19
133,2023-10-19 09:15:00,False,09:15:00,2023-10-19
134,2023-10-19 09:30:00,False,09:30:00,2023-10-19
135,2023-10-19 09:45:00,False,09:45:00,2023-10-19
136,2023-10-19 10:00:00,False,10:00:00,2023-10-19
137,2023-10-19 10:15:00,False,10:15:00,2023-10-19
138,2023-10-19 10:30:00,False,10:30:00,2023-10-19
139,2023-10-19 10:45:00,False,10:45:00,2023-10-19
140,2023-10-19 11:00:00,False,11:00:00,2023-10-19
141,2023-10-19 11:15:00,False,11:15:00,2023-10-19
142,2023-10-19 11:30:00,False,11:30:00,2023-10-19
143,2023-10-19 11:45:00,False,11:45:00,2023-10-19
144,2023-10-19 12:00:00,False,12:00:00,2023-10-19
145,2023-10-19 12:15:00,False,12:15:00,2023-10-19
146,2023-10-19 12:30:00,False,12:30:00,2023-10-19
147,2023-10-19 12:45:00,False,12:45:00,2023-10-19
148,2023-10-19 13:00:00,False,13:00:00,2023-10-19
149,2023-10-19 13:15:00,False,13:15:00,2023-10-19
150,2023-10-19 13:30:00,False,13:30:00,2023-10-19
151,2023-10-19 13:45:00,False,13:45:00,2023-10-19
152,2023-10-19 14:00:00,False,14:00:00,2023-10-19
153,2023-10-19 14:15:00,False,14:15:00,2023-10-19
154,2023-10-19 14:30:00,False,14:30:00,2023-10-19
155,2023-10-19 14:45:00,False,14:45:00,2023-10-19
156,2023-10-19 15:00:00,False,15:00:00,2023-10-19
157,2023-10-19 15:15:00,False,15:15:00,2023-10-19
158,2023-10-19 15:30:00,False,15:30:00,2023-10-19
159,2023-10-19 15:45:00,False,15:45:00,2023-10-19
160,2023-10-19 16:00:00,False,16:00:00,2023-10-19
161,2023-10-19 16:15:00,False,16:15:00,2023-10-19
162,2023-10-19 16:30:00,False,16:30:00,2023-10-19
163,2023-10-19 16:45:00,False,16:45:00,2023-10-19
164,2023-10-19 17:00:00,False,17:00:00,2023-10-19
165,2023-10-19 17:15:00,False,17:15:00,2023-10-19
166,2023-10-19 17:30:00,False,17:30:00,2023-10-19
167,2023-10-19 17:45:00,False,17:45:00,2023-10-19
168,2023-10-19 18:00:00,False,18:00:00,2023-10-19
169,2023-10-19 18:15:00,False,18:15:00,2023-10-19
170,2023-10-19 18:30:00,False,18:30:00,2023-10-19
171,2023-10-19 18:45:00,False,18:45:00,2023-10-19
172,2023-10-19 19:00:00,False,19:00:00,2023-10-19
173,2023-10-19 19:15:00,False,19:15:00,2023-10-19
174,2023-10-19 19:30:00,False,19:30:00,2023-10-19
175,2023-10-19 19:45:00,False,19:45:00,2023-10-19
176,2023-10-19 20:00:00,False,20:00:00,2023-10-19
177,2023-10-19 20:15:00,False,20:15:00,2023-10-19
178,2023-10-19 20:30:00,False,20:30:00,2023-10-19
179,2023-10-19 20:45:00,False,20:45:00,2023-10-19
180,2023-10-19 21:00:00,False,21:00:00,2023-10-19
181,2023-10-19 21:15:00,False,21:15:00,2023-10-19
182,2023-10-19 21:30:00,False,21:30:00,2023-10-19
183,2023-10-19 21:45:00,False,21:45:00,2023-10-19
184,2023-10-19 22:00:00,False,22:00:00,2023-10-19
185,2023-10-19 22:15:00,False,22:15:00,2023-10-19
186,2023-10-19 22:30:00,False,22:30:00,2023-10-19
187,2023-10-19 22:45:00,False,22:45:00,2023-10-19
188,2023-10-19 23:00:00,False,23:00:00,2023-10-19
189,2023-10-19 23:15:00,False,23:15:00,2023-10-19
190,2023-10-19 23:30:00,False,23:30:00,2023-10-19
191,2023-10-19 23:45:00,False,23:45:00,2023-10-19
192,2023-10-20 00:00:00,False,00:00:00,2023-10-20
193,2023-10-20 00:15:00,False,00:15:00,2023-10-20
194,2023-10-20 00:30:00,False,00:30:00,2023-10-20
195,2023-10-20 00:45:00,False,00:45:00,2023-10-20
196,2023-10-20 01:00:00,False,01:00:00,2023-10-20
197,2023-10-20 01:15:00,False,01:15:00,2023-10-20
198,2023-10-20 01:30:00,False,01:30:00,2023-10-20
199,2023-10-20 01:45:00,False,01:45:00,2023-10-20
200,2023-10-20 02:00:00,False,02:00:00,2023-10-20
201,2023-10-20 02:15:00,False,02:15:00,2023-10-20
202,2023-10-20 02:30:00,False,02:30:00,2023-10-20
203,2023-10-20 02:45:00,False,02:45:00,2023-10-20
204,2023-10-20 03:00:00,False,03:00:00,2023-10-20
205,2023-10-20 03:15:00,False,03:15:00,2023-10-20
206,2023-10-20 03:30:00,False,03:30:00,2023-10-20
207,2023-10-20 03:45:00,False,03:45:00,2023-10-20
208,2023-10-20 04:00:00,False,04:00:00,2023-10-20
209,2023-10-20 04:15:00,False,04:15:00,2023-10-20
210,2023-10-20 04:30:00,False,04:30:00,2023-10-20
211,2023-10-20 04:45:00,False,04:45:00,2023-10-20
212,2023-10-20 05:00:00,False,05:00:00,2023-10-20
213,2023-10-20 05:15:00,False,05:15:00,2023-10-20
214,2023-10-20 05:30:00,False,05:30:00,2023-10-20
215,2023-10-20 05:45:00,False,05:45:00,2023-10-20
216,2023-10-20 06:00:00,False,06:00:00,2023-10-20
217,2023-10-20 06:15:00,False,06:15:00,2023-10-20
218,2023-10-20 06:30:00,False,06:30:00,2023-10-20
219,2023-10-20 06:45:00,False,06:45:00,2023-10-20
220,2023-10-20 07:00:00,False,07:00:00,2023-10-20
221,2023-10-20 07:15:00,False,07:15:00,2023-10-20
222,2023-10-20 07:30:00,False,07:30:00,2023-10-20
223,2023-10-20 07:45:00,False,07:45:00,2023-10-20
224,2023-10-20 08:00:00,False,08:00:00,2023-10-20
225,2023-10-20 08:15:00,False,08:15:00,2023-10-20
226,2023-10-20 08:30:00,False,08:30:00,2023-10-20
227,2023-10-20 08:45:00,False,08:45:00,2023-10-20
228,2023-10-20 09:00:00,False,09:00:00,2023-10-20
229,2023-10-20 09:15:00,False,09:15:00,2023-10-20
230,2023-10-20 09:30:00,False,09:30:00,2023-10-20
231,2023-10-20 09:45:00,False,09:45:00,2023-10-20
232,2023-10-20 10:00:00,False,10:00:00,2023-10-20
233,2023-10-20 10:15:00,False,10:15:00,2023-10-20
234,2023-10-20 10:30:00,False,10:30:00,2023-10-20
235,2023-10-20 10:45:00,False,10:45:00,2023-10-20
236,2023-10-20 11:00:00,False,11:00:00,2023-10-20
237,2023-10-20 11:15:00,False,11:15:00,2023-10-20
238,2023-10-20 11:30:00,False,11:30:00,2023-10-20
239,2023-10-20 11:45:00,False,11:45:00,2023-10-20
240,2023-10-20 12:00:00,False,12:00:00,2023-10-20
241,2023-10-20 12:15:00,False,12:15:00,2023-10-20
242,2023-10-20 12:30:00,False,12:30:00,2023-10-20
243,2023-10-20 12:45:00,False,12:45:00,2023-10-20
244,2023-10-20 13:00:00,False,13:00:00,2023-10-20
245,2023-10-20 13:15:00,False,13:15:00,2023-10-20
246,2023-10-20 13:30:00,False,13:30:00,2023-10-20
247,2023-10-20 13:45:00,False,13:45:00,2023-10-20
248,2023-10-20 14:00:00,False,14:00:00,2023-10-20
249,2023-10-20 14:15:00,False,14:15:00,2023-10-20
250,2023-10-20 14:30:00,False,14:30:00,2023-10-20
251,2023-10-20 14:45:00,False,14:45:00,2023-10-20
252,2023-10-20 15:00:00,False,15:00:00,2023-10-20
253,2023-10-20 15:15:00,False,15:15:00,2023-10-20
254,2023-10-20 15:30:00,False,15:30:00,2023-10-20
255,2023-10-20 15:45:00,False,15:45:00,2023-10-20
256,2023-10-20 16:00:00,False,16:00:00,2023-10-20
257,2023-10-20 16:15:00,False,16:15:00,2023-10-20
258,2023-10-20 16:30:00,False,16:30:00,2023-10-20
259,2023-10-20 16:45:00,False,16:45:00,2023-10-20
260,2023-10-20 17:00:00,False,17:00:00,2023-10-20
261,2023-10-20 17:15:00,False,17:15:00,2023-10-20
262,2023-10-20 17:30:00,False,17:30:00,2023-10-20
263,2023-10-20 17:45:00,False,17:45:00,2023-10-20
264,2023-10-20 18:00:00,False,18:00:00,2023-10-20
265,2023-10-20 18:15:00,False,18:15:00,2023-10-20
266,2023-10-20 18:30:00,False,18:30:00,2023-10-20
267,2023-10-20 18:45:00,False,18:45:00,2023-10-20
268,2023-10-20 19:00:00,False,19:00:00,2023-10-20
269,2023-10-20 19:15:00,False,19:15:00,2023-10-20
270,2023-10-20 19:30:00,False,19:30:00,2023-10-20
271,2023-10-20 19:45:00,False,19:45:00,2023-10-20
272,2023-10-20 20:00:00,False,20:00:00,2023-10-20
273,2023-10-20 20:15:00,False,20:15:00,2023-10-20
274,2023-10-20 20:30:00,False,20:30:00,2023-10-20
275,2023-10-20 20:45:00,False,20:45:00,2023-10-20
276,2023-10-20 21:00:00,False,21:00:00,2023-10-20
277,2023-10-20 21:15:00,False,21:15:00,2023-10-20
278,2023-10-20 21:30:00,False,21:30:00,2023-10-20
279,2023-10-20 21:45:00,False,21:45:00,2023-10-20
280,2023-10-20 22:00:00,False,22:00:00,2023-10-20
281,2023-10-20 22:15:00,False,22:15:00,2023-10-20
282,2023-10-20 22:30:00,False,22:30:00,2023-10-20
283,2023-10-20 22:45:00,False,22:45:00,2023-10-20
284,2023-10-20 23:00:00,False,23:00:00,2023-10-20
285,2023-10-20 23:15:00,False,23:15:00,2023-10-20
286,2023-10-20 23:30:00,False,23:30:00,2023-10-20
287,2023-10-20 23:45:00,False,23:45:00,2023-10-20
288,2023-10-21 00:00:00,False,00:00:00,2023-10-21
289,2023-10-21 00:15:00,False,00:15:00,2023-10-21
290,2023-10-21 00:30:00,False,00:30:00,2023-10-21
291,2023-10-21 00:45:00,False,00:45:00,2023-10-21
292,2023-10-21 01:00:00,False,01:00:00,2023-10-21
293,2023-10-21 01:15:00,False,01:15:00,2023-10-21
294,2023-10-21 01:30:00,False,01:30:00,2023-10-21
295,2023-10-21 01:45:00,False,01:45:00,2023-10-21
296,2023-10-21 02:00:00,False,02:00:00,2023-10-21
297,2023-10-21 02:15:00,False,02:15:00,2023-10-21
298,2023-10-21 02:30:00,False,02:30:00,2023-10-21
299,2023-10-21 02:45:00,False,02:45:00,2023-10-21
300,2023-10-21 03:00:00,False,03:00:00,2023-10-21
301,2023-10-21 03:15:00,False,03:15:00,2023-10-21
302,2023-10-21 03:30:00,False,03:30:00,2023-10-21
303,2023-10-21 03:45:00,False,03:45:00,2023-10-21
304,2023-10-21 04:00:00,False,04:00:00,2023-10-21
305,2023-10-21 04:15:00,False,04:15:00,2023-10-21
306,2023-10-21 04:30:00,False,04:30:00,2023-10-21
307,2023-10-21 04:45:00,False,04:45:00,2023-10-21
308,2023-10-21 05:00:00,False,05:00:00,2023-10-21
309,2023-10-21 05:15:00,False,05:15:00,2023-10-21
310,2023-10-21 05:30:00,False,05:30:00,2023-10-21
311,2023-10-21 05:45:00,False,05:45:00,2023-10-21
312,2023-10-21 06:00:00,False,06:00:00,2023-10-21
313,2023-10-21 06:15:00,False,06:15:00,2023-10-21
314,2023-10-21 06:30:00,False,06:30:00,2023-10-21
315,2023-10-21 06:45:00,False,06:45:00,2023-10-21
316,2023-10-21 07:00:00,False,07:00:00,2023-10-21
317,2023-10-21 07:15:00,False,07:15:00,2023-10-21
318,2023-10-21 07:30:00,False,07:30:00,2023-10-21
319,2023-10-21 07:45:00,False,07:45:00,2023-10-21
320,2023-10-21 08:00:00,False,08:00:00,2023-10-21
321,2023-10-21 08:15:00,False,08:15:00,2023-10-21
322,2023-10-21 08:30:00,False,08:30:00,2023-10-21
323,2023-10-21 08:45:00,False,08:45:00,2023-10-21
324,2023-10-21 09:00:00,False,09:00:00,2023-10-21
325,2023-10-21 09:15:00,False,09:15:00,2023-10-21
326,2023-10-21 09:30:00,False,09:30:00,2023-10-21
327,2023-10-21 09:45:00,False,09:45:00,2023-10-21
328,2023-10-21 10:00:00,False,10:00:00,2023-10-21
329,2023-10-21 10:15:00,False,10:15:00,2023-10-21
330,2023-10-21 10:30:00,False,10:30:00,2023-10-21
331,2023-10-21 10:45:00,False,10:45:00,2023-10-21
332,2023-10-21 11:00:00,False,11:00:00,2023-10-21
333,2023-10-21 11:15:00,False,11:15:00,2023-10-21
334,2023-10-21 11:30:00,False,11:30:00,2023-10-21
335,2023-10-21 11:45:00,False,11:45:00,2023-10-21
336,2023-10-21 12:00:00,False,12:00:00,2023-10-21
337,2023-10-21 12:15:00,False,12:15:00,2023-10-21
338,2023-10-21 12:30:00,False,12:30:00,2023-10-21
339,2023-10-21 12:45:00,False,12:45:00,2023-10-21
340,2023-10-21 13:00:00,False,13:00:00,2023-10-21
341,2023-10-21 13:15:00,False,13:15:00,2023-10-21
342,2023-10-21 13:30:00,False,13:30:00,2023-10-21
343,2023-10-21 13:45:00,False,13:45:00,2023-10-21
344,2023-10-21 14:00:00,False,14:00:00,2023-10-21
345,2023-10-21 14:15:00,False,14:15:00,2023-10-21
346,2023-10-21 14:30:00,False,14:30:00,2023-10-21
347,2023-10-21 14:45:00,False,14:45:00,2023-10-21
348,2023-10-21 15:00:00,False,15:00:00,2023-10-21
349,2023-10-21 15:15:00,False,15:15:00,2023-10-21
350,2023-10-21 15:30:00,False,15:30:00,2023-10-21
351,2023-10-21 15:45:00,False,15:45:00,2023-10-21
352,2023-10-21 16:00:00,False,16:00:00,2023-10-21
353,2023-10-21 16:15:00,False,16:15:00,2023-10-21
354,2023-10-21 16:30:00,False,16:30:00,2023-10-21
355,2023-10-21 16:45:00,False,16:45:00,2023-10-21
356,2023-10-21 17:00:00,False,17:00:00,2023-10-21
357,2023-10-21 17:15:00,False,17:15:00,2023-10-21
358,2023-10-21 17:30:00,False,17:30:00,2023-10-21
359,2023-10-21 17:45:00,False,17:45:00,2023-10-21
360,2023-10-21 18:00:00,False,18:00:00,2023-10-21
361,2023-10-21 18:15:00,False,18:15:00,2023-10-21
362,2023-10-21 18:30:00,False,18:30:00,2023-10-21
363,2023-10-21 18:45:00,False,18:45:00,2023-10-21
364,2023-10-21 19:00:00,False,19:00:00,2023-10-21
365,2023-10-21 19:15:00,False,19:15:00,2023-10-21
366,2023-10-21 19:30:00,False,19:30:00,2023-10-21
367,2023-10-21 19:45:00,False,19:45:00,2023-10-21
368,2023-10-21 20:00:00,False,20:00:00,2023-10-21
369,2023-10-21 20:15:00,False,20:15:00,2023-10-21
370,2023-10-21 20:30:00,False,20:30:00,2023-10-21
371,2023-10-21 20:45:00,False,20:45:00,2023-10-21
372,2023-10-21 21:00:00,False,21:00:00,2023-10-21
373,2023-10-21 21:15:00,False,21:15:00,2023-10-21
374,2023-10-21 21:30:00,False,21:30:00,2023-10-21
375,2023-10-21 21:45:00,False,21:45:00,2023-10-21
376,2023-10-21 22:00:00,False,22:00:00,2023-10-21
377,2023-10-21 22:15:00,False,22:15:00,2023-10-21
378,2023-10-21 22:30:00,False,22:30:00,2023-10-21
379,2023-10-21 22:45:00,False,22:45:00,2023-10-21
380,2023-10-21 23:00:00,False,23:00:00,2023-10-21
381,2023-10-21 23:15:00,False,23:15:00,2023-10-21
382,2023-10-21 23:30:00,False,23:30:00,2023-10-21
383,2023-10-21 23:45:00,False,23:45:00,2023-10-21
384,2023-10-22 00:00:00,False,00:00:00,2023-10-22
385,2023-10-22 00:15:00,False,00:15:00,2023-10-22
386,2023-10-22 00:30:00,False,00:30:00,2023-10-22
387,2023-10-22 00:45:00,False,00:45:00,2023-10-22
388,2023-10-22 01:00:00,False,01:00:00,2023-10-22
389,2023-10-22 01:15:00,False,01:15:00,2023-10-22
390,2023-10-22 01:30:00,False,01:30:00,2023-10-22
391,2023-10-22 01:45:00,False,01:45:00,2023-10-22
392,2023-10-22 02:00:00,False,02:00:00,2023-10-22
393,2023-10-22 02:15:00,False,02:15:00,2023-10-22
394,2023-10-22 02:30:00,False,02:30:00,2023-10-22
395,2023-10-22 02:45:00,False,02:45:00,2023-10-22
396,2023-10-22 03:00:00,False,03:00:00,2023-10-22
397,2023-10-22 03:15:00,False,03:15:00,2023-10-22
398,2023-10-22 03:30:00,False,03:30:00,2023-10-22
399,2023-10-22 03:45:00,False,03:45:00,2023-10-22
400,2023-10-22 04:00:00,False,04:00:00,2023-10-22
401,2023-10-22 04:15:00,False,04:15:00,2023-10-22
402,2023-10-22 04:30:00,False,04:30:00,2023-10-22
403,2023-10-22 04:45:00,False,04:45:00,2023-10-22
404,2023-10-22 05:00:00,False,05:00:00,2023-10-22
405,2023-10-22 05:15:00,False,05:15:00,2023-10-22
406,2023-10-22 05:30:00,False,05:30:00,2023-10-22
407,2023-10-22 05:45:00,False,05:45:00,2023-10-22
408,2023-10-22 06:00:00,False,06:00:00,2023-10-22
409,2023-10-22 06:15:00,False,06:15:00,2023-10-22
410,2023-10-22 06:30:00,False,06:30:00,2023-10-22
411,2023-10-22 06:45:00,False,06:45:00,2023-10-22
412,2023-10-22 07:00:00,False,07:00:00,2023-10-22
413,2023-10-22 07:15:00,False,07:15:00,2023-10-22
414,2023-10-22 07:30:00,False,07:30:00,2023-10-22
415,2023-10-22 07:45:00,False,07:45:00,2023-10-22
416,2023-10-22 08:00:00,False,08:00:00,2023-10-22
417,2023-10-22 08:15:00,False,08:15:00,2023-10-22
418,2023-10-22 08:30:00,False,08:30:00,2023-10-22
419,2023-10-22 08:45:00,False,08:45:00,2023-10-22
420,2023-10-22 09:00:00,False,09:00:00,2023-10-22
421,2023-10-22 09:15:00,False,09:15:00,2023-10-22
422,2023-10-22 09:30:00,False,09:30:00,2023-10-22
423,2023-10-22 09:45:00,False,09:45:00,2023-10-22
424,2023-10-22 10:00:00,False,10:00:00,2023-10-22
425,2023-10-22 10:15:00,False,10:15:00,2023-10-22
426,2023-10-22 10:30:00,False,10:30:00,2023-10-22
427,2023-10-22 10:45:00,False,10:45:00,2023-10-22
428,2023-10-22 11:00:00,False,11:00:00,2023-10-22
429,2023-10-22 11:15:00,False,11:15:00,2023-10-22
430,2023-10-22 11:30:00,False,11:30:00,2023-10-22
431,2023-10-22 11:45:00,False,11:45:00,2023-10-22
432,2023-10-22 12:00:00,False,12:00:00,2023-10-22
433,2023-10-22 12:15:00,False,12:15:00,2023-10-22
434,2023-10-22 12:30:00,False,12:30:00,2023-10-22
435,2023-10-22 12:45:00,False,12:45:00,2023-10-22
436,2023-10-22 13:00:00,False,13:00:00,2023-10-22
437,2023-10-22 13:15:00,False,13:15:00,2023-10-22
438,2023-10-22 13:30:00,False,13:30:00,2023-10-22
439,2023-10-22 13:45:00,False,13:45:00,2023-10-22
440,2023-10-22 14:00:00,False,14:00:00,2023-10-22
441,2023-10-22 14:15:00,False,14:15:00,2023-10-22
442,2023-10-22 14:30:00,False,14:30:00,2023-10-22
443,2023-10-22 14:45:00,False,14:45:00,2023-10-22
444,2023-10-22 15:00:00,False,15:00:00,2023-10-22
445,2023-10-22 15:15:00,False,15:15:00,2023-10-22
446,2023-10-22 15:30:00,False,15:30:00,2023-10-22
447,2023-10-22 15:45:00,False,15:45:00,2023-10-22
448,2023-10-22 16:00:00,False,16:00:00,2023-10-22
449,2023-10-22 16:15:00,False,16:15:00,2023-10-22
450,2023-10-22 16:30:00,False,16:30:00,2023-10-22
451,2023-10-22 16:45:00,False,16:45:00,2023-10-22
452,2023-10-22 17:00:00,False,17:00:00,2023-10-22
453,2023-10-22 17:15:00,False,17:15:00,2023-10-22
454,2023-10-22 17:30:00,False,17:30:00,2023-10-22
455,2023-10-22 17:45:00,False,17:45:00,2023-10-22
456,2023-10-22 18:00:00,False,18:00:00,2023-10-22
457,2023-10-22 18:15:00,False,18:15:00,2023-10-22
458,2023-10-22 18:30:00,False,18:30:00,2023-10-22
459,2023-10-22 18:45:00,False,18:45:00,2023-10-22
460,2023-10-22 19:00:00,True,19:00:00,2023-10-22
461,2023-10-22 19:15:00,True,19:15:00,2023-10-22
462,2023-10-22 19:30:00,False,19:30:00,2023-10-22
463,2023-10-22 19:45:00,False,19:45:00,2023-10-22
464,2023-10-22 20:00:00,False,20:00:00,2023-10-22
465,2023-10-22 20:15:00,False,20:15:00,2023-10-22
466,2023-10-22 20:30:00,False,20:30:00,2023-10-22
467,2023-10-22 20:45:00,False,20:45:00,2023-10-22
468,2023-10-22 21:00:00,False,21:00:00,2023-10-22
469,2023-10-22 21:15:00,False,21:15:00,2023-10-22
470,2023-10-22 21:30:00,False,21:30:00,2023-10-22
471,2023-10-22 21:45:00,False,21:45:00,2023-10-22
472,2023-10-22 22:00:00,False,22:00:00,2023-10-22
473,2023-10-22 22:15:00,False,22:15:00,2023-10-22
474,2023-10-22 22:30:00,False,22:30:00,2023-10-22
475,2023-10-22 22:45:00,False,22:45:00,2023-10-22
476,2023-10-22 23:00:00,False,23:00:00,2023-10-22
477,2023-10-22 23:15:00,False,23:15:00,2023-10-22
478,2023-10-22 23:30:00,False,23:30:00,2023-10-22
479,2023-10-22 23:45:00,False,23:45:00,2023-10-22
480,2023-10-23 00:00:00,False,00:00:00,2023-10-23
481,2023-10-23 00:15:00,False,00:15:00,2023-10-23
482,2023-10-23 00:30:00,False,00:30:00,2023-10-23
483,2023-10-23 00:45:00,False,00:45:00,2023-10-23
484,2023-10-23 01:00:00,False,01:00:00,2023-10-23
485,2023-10-23 01:15:00,False,01:15:00,2023-10-23
486,2023-10-23 01:30:00,False,01:30:00,2023-10-23
487,2023-10-23 01:45:00,False,01:45:00,2023-10-23
488,2023-10-23 02:00:00,False,02:00:00,2023-10-23
489,2023-10-23 02:15:00,False,02:15:00,2023-10-23
490,2023-10-23 02:30:00,False,02:30:00,2023-10-23
491,2023-10-23 02:45:00,False,02:45:00,2023-10-23
492,2023-10-23 03:00:00,False,03:00:00,2023-10-23
493,2023-10-23 03:15:00,False,03:15:00,2023-10-23
494,2023-10-23 03:30:00,False,03:30:00,2023-10-23
495,2023-10-23 03:45:00,False,03:45:00,2023-10-23
496,2023-10-23 04:00:00,False,04:00:00,2023-10-23
497,2023-10-23 04:15:00,False,04:15:00,2023-10-23
498,2023-10-23 04:30:00,False,04:30:00,2023-10-23
499,2023-10-23 04:45:00,False,04:45:00,2023-10-23
500,2023-10-23 05:00:00,False,05:00:00,2023-10-23
501,2023-10-23 05:15:00,False,05:15:00,2023-10-23
502,2023-10-23 05:30:00,False,05:30:00,2023-10-23
503,2023-10-23 05:45:00,False,05:45:00,2023-10-23
504,2023-10-23 06:00:00,False,06:00:00,2023-10-23
505,2023-10-23 06:15:00,False,06:15:00,2023-10-23
506,2023-10-23 06:30:00,False,06:30:00,2023-10-23
507,2023-10-23 06:45:00,False,06:45:00,2023-10-23
508,2023-10-23 07:00:00,False,07:00:00,2023-10-23
509,2023-10-23 07:15:00,False,07:15:00,2023-10-23
510,2023-10-23 07:30:00,False,07:30:00,2023-10-23
511,2023-10-23 07:45:00,False,07:45:00,2023-10-23
512,2023-10-23 08:00:00,False,08:00:00,2023-10-23
513,2023-10-23 08:15:00,False,08:15:00,2023-10-23
514,2023-10-23 08:30:00,False,08:30:00,2023-10-23
515,2023-10-23 08:45:00,False,08:45:00,2023-10-23
516,2023-10-23 09:00:00,False,09:00:00,2023-10-23
517,2023-10-23 09:15:00,False,09:15:00,2023-10-23
518,2023-10-23 09:30:00,False,09:30:00,2023-10-23
519,2023-10-23 09:45:00,False,09:45:00,2023-10-23
520,2023-10-23 10:00:00,False,10:00:00,2023-10-23
521,2023-10-23 10:15:00,False,10:15:00,2023-10-23
522,2023-10-23 10:30:00,False,10:30:00,2023-10-23
523,2023-10-23 10:45:00,False,10:45:00,2023-10-23
524,2023-10-23 11:00:00,False,11:00:00,2023-10-23
525,2023-10-23 11:15:00,False,11:15:00,2023-10-23
526,2023-10-23 11:30:00,False,11:30:00,2023-10-23
527,2023-10-23 11:45:00,False,11:45:00,2023-10-23
528,2023-10-23 12:00:00,False,12:00:00,2023-10-23
529,2023-10-23 12:15:00,False,12:15:00,2023-10-23
530,2023-10-23 12:30:00,False,12:30:00,2023-10-23
531,2023-10-23 12:45:00,False,12:45:00,2023-10-23
532,2023-10-23 13:00:00,False,13:00:00,2023-10-23
533,2023-10-23 13:15:00,False,13:15:00,2023-10-23
534,2023-10-23 13:30:00,False,13:30:00,2023-10-23
535,2023-10-23 13:45:00,False,13:45:00,2023-10-23
536,2023-10-23 14:00:00,False,14:00:00,2023-10-23
537,2023-10-23 14:15:00,False,14:15:00,2023-10-23
538,2023-10-23 14:30:00,False,14:30:00,2023-10-23
539,2023-10-23 14:45:00,False,14:45:00,2023-10-23
540,2023-10-23 15:00:00,False,15:00:00,2023-10-23
541,2023-10-23 15:15:00,False,15:15:00,2023-10-23
542,2023-10-23 15:30:00,False,15:30:00,2023-10-23
543,2023-10-23 15:45:00,False,15:45:00,2023-10-23
544,2023-10-23 16:00:00,False,16:00:00,2023-10-23
545,2023-10-23 16:15:00,False,16:15:00,2023-10-23
546,2023-10-23 16:30:00,False,16:30:00,2023-10-23
547,2023-10-23 16:45:00,False,16:45:00,2023-10-23
548,2023-10-23 17:00:00,False,17:00:00,2023-10-23
549,2023-10-23 17:15:00,False,17:15:00,2023-10-23
550,2023-10-23 17:30:00,False,17:30:00,2023-10-23
551,2023-10-23 17:45:00,False,17:45:00,2023-10-23
552,2023-10-23 18:00:00,False,18:00:00,2023-10-23
553,2023-10-23 18:15:00,False,18:15:00,2023-10-23
554,2023-10-23 18:30:00,False,18:30:00,2023-10-23
555,2023-10-23 18:45:00,False,18:45:00,2023-10-23
556,2023-10-23 19:00:00,False,19:00:00,2023-10-23
557,2023-10-23 19:15:00,False,19:15:00,2023-10-23
558,2023-10-23 19:30:00,False,19:30:00,2023-10-23
559,2023-10-23 19:45:00,False,19:45:00,2023-10-23
560,2023-10-23 20:00:00,False,20:00:00,2023-10-23
561,2023-10-23 20:15:00,False,20:15:00,2023-10-23
562,2023-10-23 20:30:00,False,20:30:00,2023-10-23
563,2023-10-23 20:45:00,False,20:45:00,2023-10-23
564,2023-10-23 21:00:00,False,21:00:00,2023-10-23
565,2023-10-23 21:15:00,False,21:15:00,2023-10-23
566,2023-10-23 21:30:00,False,21:30:00,2023-10-23
567,2023-10-23 21:45:00,False,21:45:00,2023-10-23
568,2023-10-23 22:00:00,False,22:00:00,2023-10-23
569,2023-10-23 22:15:00,False,22:15:00,2023-10-23
570,2023-10-23 22:30:00,False,22:30:00,2023-10-23
571,2023-10-23 22:45:00,False,22:45:00,2023-10-23
572,2023-10-23 23:00:00,False,23:00:00,2023-10-23
573,2023-10-23 23:15:00,False,23:15:00,2023-10-23
574,2023-10-23 23:30:00,False,23:30:00,2023-10-23
575,2023-10-23 23:45:00,False,23:45:00,2023-10-23
576,2023-10-24 00:00:00,False,00:00:00,2023-10-24
577,2023-10-24 00:15:00,False,00:15:00,2023-10-24
578,2023-10-24 00:30:00,False,00:30:00,2023-10-24
579,2023-10-24 00:45:00,False,00:45:00,2023-10-24
580,2023-10-24 01:00:00,False,01:00:00,2023-10-24
581,2023-10-24 01:15:00,False,01:15:00,2023-10-24
582,2023-10-24 01:30:00,False,01:30:00,2023-10-24
583,2023-10-24 01:45:00,False,01:45:00,2023-10-24
584,2023-10-24 02:00:00,False,02:00:00,2023-10-24
585,2023-10-24 02:15:00,False,02:15:00,2023-10-24
586,2023-10-24 02:30:00,False,02:30:00,2023-10-24
587,2023-10-24 02:45:00,False,02:45:00,2023-10-24
588,2023-10-24 03:00:00,False,03:00:00,2023-10-24
589,2023-10-24 03:15:00,False,03:15:00,2023-10-24
590,2023-10-24 03:30:00,False,03:30:00,2023-10-24
591,2023-10-24 03:45:00,False,03:45:00,2023-10-24
592,2023-10-24 04:00:00,False,04:00:00,2023-10-24
593,2023-10-24 04:15:00,False,04:15:00,2023-10-24
594,2023-10-24 04:30:00,False,04:30:00,2023-10-24
595,2023-10-24 04:45:00,False,04:45:00,2023-10-24
596,2023-10-24 05:00:00,False,05:00:00,2023-10-24
597,2023-10-24 05:15:00,False,05:15:00,2023-10-24
598,2023-10-24 05:30:00,False,05:30:00,2023-10-24
599,2023-10-24 05:45:00,False,05:45:00,2023-10-24
600,2023-10-24 06:00:00,False,06:00:00,2023-10-24
601,2023-10-24 06:15:00,False,06:15:00,2023-10-24
602,2023-10-24 06:30:00,False,06:30:00,2023-10-24
603,2023-10-24 06:45:00,False,06:45:00,2023-10-24
604,2023-10-24 07:00:00,False,07:00:00,2023-10-24
605,2023-10-24 07:15:00,False,07:15:00,2023-10-24
606,2023-10-24 07:30:00,False,07:30:00,2023-10-24
607,2023-10-24 07:45:00,False,07:45:00,2023-10-24
608,2023-10-24 08:00:00,False,08:00:00,2023-10-24
609,2023-10-24 08:15:00,False,08:15:00,2023-10-24
610,2023-10-24 08:30:00,False,08:30:00,2023-10-24
611,2023-10-24 08:45:00,False,08:45:00,2023-10-24
612,2023-10-24 09:00:00,False,09:00:00,2023-10-24
613,2023-10-24 09:15:00,False,09:15:00,2023-10-24
614,2023-10-24 09:30:00,False,09:30:00,2023-10-24
615,2023-10-24 09:45:00,False,09:45:00,2023-10-24
616,2023-10-24 10:00:00,False,10:00:00,2023-10-24
617,2023-10-24 10:15:00,False,10:15:00,2023-10-24
618,2023-10-24 10:30:00,False,10:30:00,2023-10-24
619,2023-10-24 10:45:00,False,10:45:00,2023-10-24
620,2023-10-24 11:00:00,False,11:00:00,2023-10-24
621,2023-10-24 11:15:00,False,11:15:00,2023-10-24
622,2023-10-24 11:30:00,False,11:30:00,2023-10-24
623,2023-10-24 11:45:00,False,11:45:00,2023-10-24
624,2023-10-24 12:00:00,False,12:00:00,2023-10-24
625,2023-10-24 12:15:00,False,12:15:00,2023-10-24
626,2023-10-24 12:30:00,False,12:30:00,2023-10-24
627,2023-10-24 12:45:00,False,12:45:00,2023-10-24
628,2023-10-24 13:00:00,False,13:00:00,2023-10-24
629,2023-10-24 13:15:00,False,13:15:00,2023-10-24
630,2023-10-24 13:30:00,False,13:30:00,2023-10-24
631,2023-10-24 13:45:00,False,13:45:00,2023-10-24
632,2023-10-24 14:00:00,False,14:00:00,2023-10-24
633,2023-10-24 14:15:00,False,14:15:00,2023-10-24
634,2023-10-24 14:30:00,False,14:30:00,2023-10-24
635,2023-10-24 14:45:00,False,14:45:00,2023-10-24
636,2023-10-24 15:00:00,False,15:00:00,2023-10-24
637,2023-10-24 15:15:00,False,15:15:00,2023-10-24
638,2023-10-24 15:30:00,False,15:30:00,2023-10-24
639,2023-10-24 15:45:00,False,15:45:00,2023-10-24
640,2023-10-24 16:00:00,False,16:00:00,2023-10-24
641,2023-10-24 16:15:00,False,16:15:00,2023-10-24
642,2023-10-24 16:30:00,False,16:30:00,2023-10-24
643,2023-10-24 16:45:00,False,16:45:00,2023-10-24
644,2023-10-24 17:00:00,False,17:00:00,2023-10-24
645,2023-10-24 17:15:00,False,17:15:00,2023-10-24
646,2023-10-24 17:30:00,False,17:30:00,2023-10-24
647,2023-10-24 17:45:00,False,17:45:00,2023-10-24
648,2023-10-24 18:00:00,False,18:00:00,2023-10-24
649,2023-10-24 18:15:00,False,18:15:00,2023-10-24
650,2023-10-24 18:30:00,False,18:30:00,2023-10-24
651,2023-10-24 18:45:00,False,18:45:00,2023-10-24
652,2023-10-24 19:00:00,False,19:00:00,2023-10-24
653,2023-10-24 19:15:00,False,19:15:00,2023-10-24
654,2023-10-24 19:30:00,False,19:30:00,2023-10-24
655,2023-10-24 19:45:00,False,19:45:00,2023-10-24
656,2023-10-24 20:00:00,False,20:00:00,2023-10-24
657,2023-10-24 20:15:00,False,20:15:00,2023-10-24
658,2023-10-24 20:30:00,False,20:30:00,2023-10-24
659,2023-10-24 20:45:00,False,20:45:00,2023-10-24
660,2023-10-24 21:00:00,False,21:00:00,2023-10-24
661,2023-10-24 21:15:00,False,21:15:00,2023-10-24
662,2023-10-24 21:30:00,False,21:30:00,2023-10-24
663,2023-10-24 21:45:00,False,21:45:00,2023-10-24
664,2023-10-24 22:00:00,False,22:00:00,2023-10-24
665,2023-10-24 22:15:00,False,22:15:00,2023-10-24
666,2023-10-24 22:30:00,False,22:30:00,2023-10-24
667,2023-10-24 22:45:00,False,22:45:00,2023-10-24
668,2023-10-24 23:00:00,False,23:00:00,2023-10-24
669,2023-10-24 23:15:00,False,23:15:00,2023-10-24
670,2023-10-24 23:30:00,False,23:30:00,2023-10-24
671,2023-10-24 23:45:00,False,23:45:00,2023-10-24
672,2023-10-25 00:00:00,False,00:00:00,2023-10-25
673,2023-10-25 00:15:00,False,00:15:00,2023-10-25
674,2023-10-25 00:30:00,False,00:30:00,2023-10-25
675,2023-10-25 00:45:00,False,00:45:00,2023-10-25
676,2023-10-25 01:00:00,False,01:00:00,2023-10-25
677,2023-10-25 01:15:00,False,01:15:00,2023-10-25
678,2023-10-25 01:30:00,False,01:30:00,2023-10-25
679,2023-10-25 01:45:00,False,01:45:00,2023-10-25
680,2023-10-25 02:00:00,False,02:00:00,2023-10-25
681,2023-10-25 02:15:00,False,02:15:00,2023-10-25
682,2023-10-25 02:30:00,False,02:30:00,2023-10-25
683,2023-10-25 02:45:00,False,02:45:00,2023-10-25
684,2023-10-25 03:00:00,False,03:00:00,2023-10-25
685,2023-10-25 03:15:00,False,03:15:00,2023-10-25
686,2023-10-25 03:30:00,False,03:30:00,2023-10-25
687,2023-10-25 03:45:00,False,03:45:00,2023-10-25
688,2023-10-25 04:00:00,False,04:00:00,2023-10-25
689,2023-10-25 04:15:00,False,04:15:00,2023-10-25
690,2023-10-25 04:30:00,False,04:30:00,2023-10-25
691,2023-10-25 04:45:00,False,04:45:00,2023-10-25
692,2023-10-25 05:00:00,False,05:00:00,2023-10-25
693,2023-10-25 05:15:00,False,05:15:00,2023-10-25
694,2023-10-25 05:30:00,False,05:30:00,2023-10-25
695,2023-10-25 05:45:00,False,05:45:00,2023-10-25
696,2023-10-25 06:00:00,False,06:00:00,2023-10-25
697,2023-10-25 06:15:00,False,06:15:00,2023-10-25
698,2023-10-25 06:30:00,False,06:30:00,2023-10-25
699,2023-10-25 06:45:00,False,06:45:00,2023-10-25
700,2023-10-25 07:00:00,False,07:00:00,2023-10-25
701,2023-10-25 07:15:00,False,07:15:00,2023-10-25
702,2023-10-25 07:30:00,False,07:30:00,2023-10-25
703,2023-10-25 07:45:00,True,07:45:00,2023-10-25
704,2023-10-25 08:00:00,True,08:00:00,2023-10-25
705,2023-10-25 08:15:00,True,08:15:00,2023-10-25
706,2023-10-25 08:30:00,True,08:30:00,2023-10-25
707,2023-10-25 08:45:00,True,08:45:00,2023-10-25
708,2023-10-25 09:00:00,True,09:00:00,2023-10-25
709,2023-10-25 09:15:00,True,09:15:00,2023-10-25
710,2023-10-25 09:30:00,True,09:30:00,2023-10-25
711,2023-10-25 09:45:00,False,09:45:00,2023-10-25
712,2023-10-25 10:00:00,False,10:00:00,2023-10-25
713,2023-10-25 10:15:00,False,10:15:00,2023-10-25
714,2023-10-25 10:30:00,False,10:30:00,2023-10-25
715,2023-10-25 10:45:00,False,10:45:00,2023-10-25
716,2023-10-25 11:00:00,False,11:00:00,2023-10-25
717,2023-10-25 11:15:00,False,11:15:00,2023-10-25
718,2023-10-25 11:30:00,False,11:30:00,2023-10-25
719,2023-10-25 11:45:00,False,11:45:00,2023-10-25
720,2023-10-25 12:00:00,False,12:00:00,2023-10-25
721,2023-10-25 12:15:00,False,12:15:00,2023-10-25
722,2023-10-25 12:30:00,False,12:30:00,2023-10-25
723,2023-10-25 12:45:00,False,12:45:00,2023-10-25
724,2023-10-25 13:00:00,False,13:00:00,2023-10-25
725,2023-10-25 13:15:00,False,13:15:00,2023-10-25
726,2023-10-25 13:30:00,False,13:30:00,2023-10-25
727,2023-10-25 13:45:00,False,13:45:00,2023-10-25
728,2023-10-25 14:00:00,False,14:00:00,2023-10-25
729,2023-10-25 14:15:00,False,14:15:00,2023-10-25
730,2023-10-25 14:30:00,False,14:30:00,2023-10-25
731,2023-10-25 14:45:00,False,14:45:00,2023-10-25
732,2023-10-25 15:00:00,False,15:00:00,2023-10-25
733,2023-10-25 15:15:00,False,15:15:00,2023-10-25
734,2023-10-25 15:30:00,False,15:30:00,2023-10-25
735,2023-10-25 15:45:00,False,15:45:00,2023-10-25
736,2023-10-25 16:00:00,False,16:00:00,2023-10-25
737,2023-10-25 16:15:00,False,16:15:00,2023-10-25
738,2023-10-25 16:30:00,False,16:30:00,2023-10-25
739,2023-10-25 16:45:00,False,16:45:00,2023-10-25
740,2023-10-25 17:00:00,False,17:00:00,2023-10-25
741,2023-10-25 17:15:00,False,17:15:00,2023-10-25
742,2023-10-25 17:30:00,False,17:30:00,2023-10-25
743,2023-10-25 17:45:00,False,17:45:00,2023-10-25
744,2023-10-25 18:00:00,True,18:00:00,2023-10-25
745,2023-10-25 18:15:00,True,18:15:00,2023-10-25
746,2023-10-25 18:30:00,True,18:30:00,2023-10-25
747,2023-10-25 18:45:00,True,18:45:00,2023-10-25
748,2023-10-25 19:00:00,True,19:00:00,2023-10-25
749,2023-10-25 19:15:00,True,19:15:00,2023-10-25
750,2023-10-25 19:30:00,True,19:30:00,2023-10-25
751,2023-10-25 19:45:00,True,19:45:00,2023-10-25
752,2023-10-25 20:00:00,True,20:00:00,2023-10-25
753,2023-10-25 20:15:00,True,20:15:00,2023-10-25
754,2023-10-25 20:30:00,True,20:30:00,2023-10-25
755,2023-10-25 20:45:00,True,20:45:00,2023-10-25
756,2023-10-25 21:00:00,True,21:00:00,2023-10-25
757,2023-10-25 21:15:00,True,21:15:00,2023-10-25
758,2023-10-25 21:30:00,True,21:30:00,2023-10-25
759,2023-10-25 21:45:00,True,21:45:00,2023-10-25
760,2023-10-25 22:00:00,True,22:00:00,2023-10-25
761,2023-10-25 22:15:00,True,22:15:00,2023-10-25
762,2023-10-25 22:30:00,True,22:30:00,2023-10-25
763,2023-10-25 22:45:00,True,22:45:00,2023-10-25
764,2023-10-25 23:00:00,True,23:00:00,2023-10-25
765,2023-10-25 23:15:00,True,23:15:00,2023-10-25
766,2023-10-25 23:30:00,True,23:30:00,2023-10-25
767,2023-10-25 23:45:00,True,23:45:00,2023-10-25
768,2023-10-26 00:00:00,True,00:00:00,2023-10-26
769,2023-10-26 00:15:00,True,00:15:00,2023-10-26
770,2023-10-26 00:30:00,True,00:30:00,2023-10-26
771,2023-10-26 00:45:00,True,00:45:00,2023-10-26
772,2023-10-26 01:00:00,True,01:00:00,2023-10-26
773,2023-10-26 01:15:00,True,01:15:00,2023-10-26
774,2023-10-26 01:30:00,True,01:30:00,2023-10-26
775,2023-10-26 01:45:00,True,01:45:00,2023-10-26
776,2023-10-26 02:00:00,True,02:00:00,2023-10-26
777,2023-10-26 02:15:00,True,02:15:00,2023-10-26
778,2023-10-26 02:30:00,True,02:30:00,2023-10-26
779,2023-10-26 02:45:00,True,02:45:00,2023-10-26
780,2023-10-26 03:00:00,True,03:00:00,2023-10-26
781,2023-10-26 03:15:00,True,03:15:00,2023-10-26
782,2023-10-26 03:30:00,True,03:30:00,2023-10-26
783,2023-10-26 03:45:00,True,03:45:00,2023-10-26
784,2023-10-26 04:00:00,True,04:00:00,2023-10-26
785,2023-10-26 04:15:00,True,04:15:00,2023-10-26
786,2023-10-26 04:30:00,True,04:30:00,2023-10-26
787,2023-10-26 04:45:00,True,04:45:00,2023-10-26
788,2023-10-26 05:00:00,True,05:00:00,2023-10-26
789,2023-10-26 05:15:00,True,05:15:00,2023-10-26
790,2023-10-26 05:30:00,True,05:30:00,2023-10-26
791,2023-10-26 05:45:00,True,05:45:00,2023-10-26
792,2023-10-26 06:00:00,True,06:00:00,2023-10-26
793,2023-10-26 06:15:00,True,06:15:00,2023-10-26
794,2023-10-26 06:30:00,True,06:30:00,2023-10-26
795,2023-10-26 06:45:00,True,06:45:00,2023-10-26
796,2023-10-26 07:00:00,True,07:00:00,2023-10-26
797,2023-10-26 07:15:00,True,07:15:00,2023-10-26
798,2023-10-26 07:30:00,True,07:30:00,2023-10-26
799,2023-10-26 07:45:00,True,07:45:00,2023-10-26
800,2023-10-26 08:00:00,True,08:00:00,2023-10-26
801,2023-10-26 08:15:00,True,08:15:00,2023-10-26
802,2023-10-26 08:30:00,True,08:30:00,2023-10-26
803,2023-10-26 08:45:00,True,08:45:00,2023-10-26
804,2023-10-26 09:00:00,True,09:00:00,2023-10-26
805,2023-10-26 09:15:00,True,09:15:00,2023-10-26
806,2023-10-26 09:30:00,True,09:30:00,2023-10-26
807,2023-10-26 09:45:00,True,09:45:00,2023-10-26
808,2023-10-26 10:00:00,True,10:00:00,2023-10-26
809,2023-10-26 10:15:00,True,10:15:00,2023-10-26
810,2023-10-26 10:30:00,True,10:30:00,2023-10-26
811,2023-10-26 10:45:00,True,10:45:00,2023-10-26
812,2023-10-26 11:00:00,True,11:00:00,2023-10-26
813,2023-10-26 11:15:00,True,11:15:00,2023-10-26
814,2023-10-26 11:30:00,True,11:30:00,2023-10-26
815,2023-10-26 11:45:00,True,11:45:00,2023-10-26
816,2023-10-26 12:00:00,True,12:00:00,2023-10-26
817,2023-10-26 12:15:00,True,12:15:00,2023-10-26
818,2023-10-26 12:30:00,True,12:30:00,2023-10-26
819,2023-10-26 12:45:00,True,12:45:00,2023-10-26
820,2023-10-26 13:00:00,True,13:00:00,2023-10-26
821,2023-10-26 13:15:00,True,13:15:00,2023-10-26
822,2023-10-26 13:30:00,True,13:30:00,2023-10-26
823,2023-10-26 13:45:00,True,13:45:00,2023-10-26
824,2023-10-26 14:00:00,True,14:00:00,2023-10-26
825,2023-10-26 14:15:00,True,14:15:00,2023-10-26
826,2023-10-26 14:30:00,True,14:30:00,2023-10-26
827,2023-10-26 14:45:00,True,14:45:00,2023-10-26
828,2023-10-26 15:00:00,True,15:00:00,2023-10-26
829,2023-10-26 15:15:00,True,15:15:00,2023-10-26
830,2023-10-26 15:30:00,True,15:30:00,2023-10-26
831,2023-10-26 15:45:00,True,15:45:00,2023-10-26
832,2023-10-26 16:00:00,True,16:00:00,2023-10-26
833,2023-10-26 16:15:00,True,16:15:00,2023-10-26
834,2023-10-26 16:30:00,True,16:30:00,2023-10-26
835,2023-10-26 16:45:00,True,16:45:00,2023-10-26
836,2023-10-26 17:00:00,True,17:00:00,2023-10-26
837,2023-10-26 17:15:00,True,17:15:00,2023-10-26
838,2023-10-26 17:30:00,True,17:30:00,2023-10-26
839,2023-10-26 17:45:00,True,17:45:00,2023-10-26
840,2023-10-26 18:00:00,True,18:00:00,2023-10-26
841,2023-10-26 18:15:00,True,18:15:00,2023-10-26
842,2023-10-26 18:30:00,True,18:30:00,2023-10-26
843,2023-10-26 18:45:00,True,18:45:00,2023-10-26
844,2023-10-26 19:00:00,True,19:00:00,2023-10-26
845,2023-10-26 19:15:00,True,19:15:00,2023-10-26
846,2023-10-26 19:30:00,True,19:30:00,2023-10-26
847,2023-10-26 19:45:00,True,19:45:00,2023-10-26
848,2023-10-26 20:00:00,True,20:00:00,2023-10-26
849,2023-10-26 20:15:00,True,20:15:00,2023-10-26
850,2023-10-26 20:30:00,True,20:30:00,2023-10-26
851,2023-10-26 20:45:00,True,20:45:00,2023-10-26
852,2023-10-26 21:00:00,True,21:00:00,2023-10-26
853,2023-10-26 21:15:00,True,21:15:00,2023-10-26
854,2023-10-26 21:30:00,True,21:30:00,2023-10-26
855,2023-10-26 21:45:00,True,21:45:00,2023-10-26
856,2023-10-26 22:00:00,True,22:00:00,2023-10-26
857,2023-10-26 22:15:00,True,22:15:00,2023-10-26
858,2023-10-26 22:30:00,True,22:30:00,2023-10-26
859,2023-10-26 22:45:00,True,22:45:00,2023-10-26
860,2023-10-26 23:00:00,True,23:00:00,2023-10-26
861,2023-10-26 23:15:00,True,23:15:00,2023-10-26
862,2023-10-26 23:30:00,True,23:30:00,2023-10-26
863,2023-10-26 23:45:00,True,23:45:00,2023-10-26
864,2023-10-27 00:00:00,True,00:00:00,2023-10-27
865,2023-10-27 00:15:00,True,00:15:00,2023-10-27
866,2023-10-27 00:30:00,True,00:30:00,2023-10-27
867,2023-10-27 00:45:00,True,00:45:00,2023-10-27
868,2023-10-27 01:00:00,True,01:00:00,2023-10-27
869,2023-10-27 01:15:00,True,01:15:00,2023-10-27
870,2023-10-27 01:30:00,True,01:30:00,2023-10-27
871,2023-10-27 01:45:00,True,01:45:00,2023-10-27
872,2023-10-27 02:00:00,True,02:00:00,2023-10-27
873,2023-10-27 02:15:00,True,02:15:00,2023-10-27
874,2023-10-27 02:30:00,True,02:30:00,2023-10-27
875,2023-10-27 02:45:00,True,02:45:00,2023-10-27
876,2023-10-27 03:00:00,True,03:00:00,2023-10-27
877,2023-10-27 03:15:00,True,03:15:00,2023-10-27
878,2023-10-27 03:30:00,True,03:30:00,2023-10-27
879,2023-10-27 03:45:00,True,03:45:00,2023-10-27
880,2023-10-27 04:00:00,True,04:00:00,2023-10-27
881,2023-10-27 04:15:00,True,04:15:00,2023-10-27
882,2023-10-27 04:30:00,True,04:30:00,2023-10-27
883,2023-10-27 04:45:00,True,04:45:00,2023-10-27
884,2023-10-27 05:00:00,True,05:00:00,2023-10-27
885,2023-10-27 05:15:00,True,05:15:00,2023-10-27
886,2023-10-27 05:30:00,True,05:30:00,2023-10-27
887,2023-10-27 05:45:00,True,05:45:00,2023-10-27
888,2023-10-27 06:00:00,True,06:00:00,2023-10-27
889,2023-10-27 06:15:00,True,06:15:00,2023-10-27
890,2023-10-27 06:30:00,True,06:30:00,2023-10-27
891,2023-10-27 06:45:00,True,06:45:00,2023-10-27
892,2023-10-27 07:00:00,True,07:00:00,2023-10-27
893,2023-10-27 07:15:00,True,07:15:00,2023-10-27
894,2023-10-27 07:30:00,True,07:30:00,2023-10-27
895,2023-10-27 07:45:00,True,07:45:00,2023-10-27
896,2023-10-27 08:00:00,True,08:00:00,2023-10-27
897,2023-10-27 08:15:00,True,08:15:00,2023-10-27
898,2023-10-27 08:30:00,True,08:30:00,2023-10-27
899,2023-10-27 08:45:00,True,08:45:00,2023-10-27
900,2023-10-27 09:00:00,True,09:00:00,2023-10-27
901,2023-10-27 09:15:00,True,09:15:00,2023-10-27
902,2023-10-27 09:30:00,True,09:30:00,2023-10-27
903,2023-10-27 09:45:00,True,09:45:00,2023-10-27
904,2023-10-27 10:00:00,True,10:00:00,2023-10-27
905,2023-10-27 10:15:00,True,10:15:00,2023-10-27
906,2023-10-27 10:30:00,True,10:30:00,2023-10-27
907,2023-10-27 10:45:00,True,10:45:00,2023-10-27
908,2023-10-27 11:00:00,True,11:00:00,2023-10-27
909,2023-10-27 11:15:00,True,11:15:00,2023-10-27
910,2023-10-27 11:30:00,True,11:30:00,2023-10-27
911,2023-10-27 11:45:00,True,11:45:00,2023-10-27
912,2023-10-27 12:00:00,True,12:00:00,2023-10-27
913,2023-10-27 12:15:00,True,12:15:00,2023-10-27
914,2023-10-27 12:30:00,True,12:30:00,2023-10-27
915,2023-10-27 12:45:00,True,12:45:00,2023-10-27
916,2023-10-27 13:00:00,True,13:00:00,2023-10-27
917,2023-10-27 13:15:00,True,13:15:00,2023-10-27
918,2023-10-27 13:30:00,True,13:30:00,2023-10-27
919,2023-10-27 13:45:00,True,13:45:00,2023-10-27
920,2023-10-27 14:00:00,True,14:00:00,2023-10-27
921,2023-10-27 14:15:00,True,14:15:00,2023-10-27
922,2023-10-27 14:30:00,True,14:30:00,2023-10-27
923,2023-10-27 14:45:00,True,14:45:00,2023-10-27
924,2023-10-27 15:00:00,True,15:00:00,2023-10-27
925,2023-10-27 15:15:00,True,15:15:00,2023-10-27
926,2023-10-27 15:30:00,True,15:30:00,2023-10-27
927,2023-10-27 15:45:00,True,15:45:00,2023-10-27
928,2023-10-27 16:00:00,True,16:00:00,2023-10-27
929,2023-10-27 16:15:00,True,16:15:00,2023-10-27
930,2023-10-27 16:30:00,True,16:30:00,2023-10-27
931,2023-10-27 16:45:00,True,16:45:00,2023-10-27
932,2023-10-27 17:00:00,True,17:00:00,2023-10-27
933,2023-10-27 17:15:00,True,17:15:00,2023-10-27
934,2023-10-27 17:30:00,True,17:30:00,2023-10-27
935,2023-10-27 17:45:00,True,17:45:00,2023-10-27
936,2023-10-27 18:00:00,True,18:00:00,2023-10-27
937,2023-10-27 18:15:00,True,18:15:00,2023-10-27
938,2023-10-27 18:30:00,True,18:30:00,2023-10-27
939,2023-10-27 18:45:00,True,18:45:00,2023-10-27
940,2023-10-27 19:00:00,True,19:00:00,2023-10-27
941,2023-10-27 19:15:00,True,19:15:00,2023-10-27
942,2023-10-27 19:30:00,True,19:30:00,2023-10-27
943,2023-10-27 19:45:00,True,19:45:00,2023-10-27
944,2023-10-27 20:00:00,True,20:00:00,2023-10-27
945,2023-10-27 20:15:00,True,20:15:00,2023-10-27
946,2023-10-27 20:30:00,True,20:30:00,2023-10-27
947,2023-10-27 20:45:00,True,20:45:00,2023-10-27
948,2023-10-27 21:00:00,True,21:00:00,2023-10-27
949,2023-10-27 21:15:00,True,21:15:00,2023-10-27
950,2023-10-27 21:30:00,True,21:30:00,2023-10-27
951,2023-10-27 21:45:00,True,21:45:00,2023-10-27
952,2023-10-27 22:00:00,True,22:00:00,2023-10-27
953,2023-10-27 22:15:00,True,22:15:00,2023-10-27
954,2023-10-27 22:30:00,True,22:30:00,2023-10-27
955,2023-10-27 22:45:00,True,22:45:00,2023-10-27
956,2023-10-27 23:00:00,True,23:00:00,2023-10-27
957,2023-10-27 23:15:00,True,23:15:00,2023-10-27
958,2023-10-27 23:30:00,True,23:30:00,2023-10-27
959,2023-10-27 23:45:00,True,23:45:00,2023-10-27
960,2023-10-28 00:00:00,True,00:00:00,2023-10-28
961,2023-10-28 00:15:00,True,00:15:00,2023-10-28
962,2023-10-28 00:30:00,True,00:30:00,2023-10-28
963,2023-10-28 00:45:00,True,00:45:00,2023-10-28
964,2023-10-28 01:00:00,True,01:00:00,2023-10-28
965,2023-10-28 01:15:00,True,01:15:00,2023-10-28
966,2023-10-28 01:30:00,True,01:30:00,2023-10-28
967,2023-10-28 01:45:00,True,01:45:00,2023-10-28
968,2023-10-28 02:00:00,True,02:00:00,2023-10-28
969,2023-10-28 02:15:00,True,02:15:00,2023-10-28
970,2023-10-28 02:30:00,True,02:30:00,2023-10-28
971,2023-10-28 02:45:00,True,02:45:00,2023-10-28
972,2023-10-28 03:00:00,True,03:00:00,2023-10-28
973,2023-10-28 03:15:00,True,03:15:00,2023-10-28
974,2023-10-28 03:30:00,True,03:30:00,2023-10-28
975,2023-10-28 03:45:00,True,03:45:00,2023-10-28
976,2023-10-28 04:00:00,True,04:00:00,2023-10-28
977,2023-10-28 04:15:00,True,04:15:00,2023-10-28
978,2023-10-28 04:30:00,True,04:30:00,2023-10-28
979,2023-10-28 04:45:00,True,04:45:00,2023-10-28
980,2023-10-28 05:00:00,True,05:00:00,2023-10-28
981,2023-10-28 05:15:00,True,05:15:00,2023-10-28
982,2023-10-28 05:30:00,True,05:30:00,2023-10-28
983,2023-10-28 05:45:00,True,05:45:00,2023-10-28
984,2023-10-28 06:00:00,True,06:00:00,2023-10-28
985,2023-10-28 06:15:00,True,06:15:00,2023-10-28
986,2023-10-28 06:30:00,True,06:30:00,2023-10-28
987,2023-10-28 06:45:00,True,06:45:00,2023-10-28
988,2023-10-28 07:00:00,True,07:00:00,2023-10-28
989,2023-10-28 07:15:00,True,07:15:00,2023-10-28
990,2023-10-28 07:30:00,True,07:30:00,2023-10-28
991,2023-10-28 07:45:00,True,07:45:00,2023-10-28
992,2023-10-28 08:00:00,True,08:00:00,2023-10-28
993,2023-10-28 08:15:00,True,08:15:00,2023-10-28
994,2023-10-28 08:30:00,True,08:30:00,2023-10-28
995,2023-10-28 08:45:00,True,08:45:00,2023-10-28
996,2023-10-28 09:00:00,True,09:00:00,2023-10-28
997,2023-10-28 09:15:00,True,09:15:00,2023-10-28
998,2023-10-28 09:30:00,True,09:30:00,2023-10-28
999,2023-10-28 09:45:00,True,09:45:00,2023-10-28
1000,2023-10-28 10:00:00,True,10:00:00,2023-10-28
1001,2023-10-28 10:15:00,True,10:15:00,2023-10-28
1002,2023-10-28 10:30:00,True,10:30:00,2023-10-28
1003,2023-10-28 10:45:00,True,10:45:00,2023-10-28
1004,2023-10-28 11:00:00,True,11:00:00,2023-10-28
1005,2023-10-28 11:15:00,True,11:15:00,2023-10-28
1006,2023-10-28 11:30:00,True,11:30:00,2023-10-28
1007,2023-10-28 11:45:00,True,11:45:00,2023-10-28
1008,2023-10-28 12:00:00,True,12:00:00,2023-10-28
1009,2023-10-28 12:15:00,True,12:15:00,2023-10-28
1010,2023-10-28 12:30:00,False,12:30:00,2023-10-28
1011,2023-10-28 12:45:00,False,12:45:00,2023-10-28
1012,2023-10-28 13:00:00,False,13:00:00,2023-10-28
1013,2023-10-28 13:15:00,False,13:15:00,2023-10-28
1014,2023-10-28 13:30:00,False,13:30:00,2023-10-28
1015,2023-10-28 13:45:00,False,13:45:00,2023-10-28
1016,2023-10-28 14:00:00,False,14:00:00,2023-10-28
1017,2023-10-28 14:15:00,False,14:15:00,2023-10-28
1018,2023-10-28 14:30:00,False,14:30:00,2023-10-28
1019,2023-10-28 14:45:00,False,14:45:00,2023-10-28
1020,2023-10-28 15:00:00,False,15:00:00,2023-10-28
1021,2023-10-28 15:15:00,False,15:15:00,2023-10-28
1022,2023-10-28 15:30:00,False,15:30:00,2023-10-28
1023,2023-10-28 15:45:00,False,15:45:00,2023-10-28
1024,2023-10-28 16:00:00,False,16:00:00,2023-10-28
1025,2023-10-28 16:15:00,False,16:15:00,2023-10-28
1026,2023-10-28 16:30:00,False,16:30:00,2023-10-28
1027,2023-10-28 16:45:00,False,16:45:00,2023-10-28
1028,2023-10-28 17:00:00,False,17:00:00,2023-10-28
1029,2023-10-28 17:15:00,False,17:15:00,2023-10-28
1030,2023-10-28 17:30:00,False,17:30:00,2023-10-28
1031,2023-10-28 17:45:00,False,17:45:00,2023-10-28
1032,2023-10-28 18:00:00,False,18:00:00,2023-10-28
1033,2023-10-28 18:15:00,False,18:15:00,2023-10-28
1034,2023-10-28 18:30:00,False,18:30:00,2023-10-28
1035,2023-10-28 18:45:00,False,18:45:00,2023-10-28
1036,2023-10-28 19:00:00,False,19:00:00,2023-10-28
1037,2023-10-28 19:15:00,False,19:15:00,2023-10-28
1038,2023-10-28 19:30:00,False,19:30:00,2023-10-28
1039,2023-10-28 19:45:00,False,19:45:00,2023-10-28
1040,2023-10-28 20:00:00,False,20:00:00,2023-10-28
1041,2023-10-28 20:15:00,False,20:15:00,2023-10-28
1042,2023-10-28 20:30:00,False,20:30:00,2023-10-28
1043,2023-10-28 20:45:00,False,20:45:00,2023-10-28
1044,2023-10-28 21:00:00,False,21:00:00,2023-10-28
1045,2023-10-28 21:15:00,False,21:15:00,2023-10-28
1046,2023-10-28 21:30:00,False,21:30:00,2023-10-28
1047,2023-10-28 21:45:00,False,21:45:00,2023-10-28
1048,2023-10-28 22:00:00,False,22:00:00,2023-10-28
1049,2023-10-28 22:15:00,False,22:15:00,2023-10-28
1050,2023-10-28 22:30:00,False,22:30:00,2023-10-28
1051,2023-10-28 22:45:00,False,22:45:00,2023-10-28
1052,2023-10-28 23:00:00,False,23:00:00,2023-10-28
1053,2023-10-28 23:15:00,False,23:15:00,2023-10-28
1054,2023-10-28 23:30:00,False,23:30:00,2023-10-28
1055,2023-10-28 23:45:00,False,23:45:00,2023-10-28
1056,2023-10-29 00:00:00,False,00:00:00,2023-10-29
1057,2023-10-29 00:15:00,False,00:15:00,2023-10-29
1058,2023-10-29 00:30:00,False,00:30:00,2023-10-29
1059,2023-10-29 00:45:00,False,00:45:00,2023-10-29
1060,2023-10-29 01:00:00,False,01:00:00,2023-10-29
1061,2023-10-29 01:15:00,False,01:15:00,2023-10-29
1062,2023-10-29 01:30:00,False,01:30:00,2023-10-29
1063,2023-10-29 01:45:00,False,01:45:00,2023-10-29
1064,2023-10-29 02:00:00,False,02:00:00,2023-10-29
1065,2023-10-29 02:15:00,False,02:15:00,2023-10-29
1066,2023-10-29 02:30:00,False,02:30:00,2023-10-29
1067,2023-10-29 02:45:00,False,02:45:00,2023-10-29
1068,2023-10-29 03:00:00,False,03:00:00,2023-10-29
1069,2023-10-29 03:15:00,False,03:15:00,2023-10-29
1070,2023-10-29 03:30:00,False,03:30:00,2023-10-29
1071,2023-10-29 03:45:00,False,03:45:00,2023-10-29
1072,2023-10-29 04:00:00,False,04:00:00,2023-10-29
1073,2023-10-29 04:15:00,False,04:15:00,2023-10-29
1074,2023-10-29 04:30:00,False,04:30:00,2023-10-29
1075,2023-10-29 04:45:00,False,04:45:00,2023-10-29
1076,2023-10-29 05:00:00,False,05:00:00,2023-10-29
1077,2023-10-29 05:15:00,False,05:15:00,2023-10-29
1078,2023-10-29 05:30:00,False,05:30:00,2023-10-29
1079,2023-10-29 05:45:00,False,05:45:00,2023-10-29
1080,2023-10-29 06:00:00,True,06:00:00,2023-10-29
1081,2023-10-29 06:15:00,True,06:15:00,2023-10-29
1082,2023-10-29 06:30:00,True,06:30:00,2023-10-29
1083,2023-10-29 06:45:00,True,06:45:00,2023-10-29
1084,2023-10-29 07:00:00,True,07:00:00,2023-10-29
1085,2023-10-29 07:15:00,True,07:15:00,2023-10-29
1086,2023-10-29 07:30:00,True,07:30:00,2023-10-29
1087,2023-10-29 07:45:00,True,07:45:00,2023-10-29
1088,2023-10-29 08:00:00,True,08:00:00,2023-10-29
1089,2023-10-29 08:15:00,True,08:15:00,2023-10-29
1090,2023-10-29 08:30:00,True,08:30:00,2023-10-29
1091,2023-10-29 08:45:00,True,08:45:00,2023-10-29
1092,2023-10-29 09:00:00,True,09:00:00,2023-10-29
1093,2023-10-29 09:15:00,True,09:15:00,2023-10-29
1094,2023-10-29 09:30:00,True,09:30:00,2023-10-29
1095,2023-10-29 09:45:00,True,09:45:00,2023-10-29
1096,2023-10-29 10:00:00,True,10:00:00,2023-10-29
1097,2023-10-29 10:15:00,True,10:15:00,2023-10-29
1098,2023-10-29 10:30:00,True,10:30:00,2023-10-29
1099,2023-10-29 10:45:00,True,10:45:00,2023-10-29
1100,2023-10-29 11:00:00,True,11:00:00,2023-10-29
1101,2023-10-29 11:15:00,True,11:15:00,2023-10-29
1102,2023-10-29 11:30:00,True,11:30:00,2023-10-29
1103,2023-10-29 11:45:00,True,11:45:00,2023-10-29
1104,2023-10-29 12:00:00,True,12:00:00,2023-10-29
1105,2023-10-29 12:15:00,True,12:15:00,2023-10-29
1106,2023-10-29 12:30:00,True,12:30:00,2023-10-29
1107,2023-10-29 12:45:00,True,12:45:00,2023-10-29
1108,2023-10-29 13:00:00,True,13:00:00,2023-10-29
1109,2023-10-29 13:15:00,True,13:15:00,2023-10-29
1110,2023-10-29 13:30:00,True,13:30:00,2023-10-29
1111,2023-10-29 13:45:00,True,13:45:00,2023-10-29
1112,2023-10-29 14:00:00,True,14:00:00,2023-10-29
1113,2023-10-29 14:15:00,True,14:15:00,2023-10-29
1114,2023-10-29 14:30:00,True,14:30:00,2023-10-29
1115,2023-10-29 14:45:00,True,14:45:00,2023-10-29
1116,2023-10-29 15:00:00,True,15:00:00,2023-10-29
1117,2023-10-29 15:15:00,True,15:15:00,2023-10-29
1118,2023-10-29 15:30:00,True,15:30:00,2023-10-29
1119,2023-10-29 15:45:00,True,15:45:00,2023-10-29
1120,2023-10-29 16:00:00,True,16:00:00,2023-10-29
1121,2023-10-29 16:15:00,True,16:15:00,2023-10-29
1122,2023-10-29 16:30:00,True,16:30:00,2023-10-29
1123,2023-10-29 16:45:00,True,16:45:00,2023-10-29
1124,2023-10-29 17:00:00,True,17:00:00,2023-10-29
1125,2023-10-29 17:15:00,True,17:15:00,2023-10-29
1126,2023-10-29 17:30:00,True,17:30:00,2023-10-29
1127,2023-10-29 17:45:00,True,17:45:00,2023-10-29
1128,2023-10-29 18:00:00,True,18:00:00,2023-10-29
1129,2023-10-29 18:15:00,True,18:15:00,2023-10-29
1130,2023-10-29 18:30:00,True,18:30:00,2023-10-29
1131,2023-10-29 18:45:00,True,18:45:00,2023-10-29
1132,2023-10-29 19:00:00,True,19:00:00,2023-10-29
1133,2023-10-29 19:15:00,True,19:15:00,2023-10-29
1134,2023-10-29 19:30:00,True,19:30:00,2023-10-29
1135,2023-10-29 19:45:00,False,19:45:00,2023-10-29
1136,2023-10-29 20:00:00,False,20:00:00,2023-10-29
1137,2023-10-29 20:15:00,False,20:15:00,2023-10-29
1138,2023-10-29 20:30:00,False,20:30:00,2023-10-29
1139,2023-10-29 20:45:00,False,20:45:00,2023-10-29
1140,2023-10-29 21:00:00,False,21:00:00,2023-10-29
1141,2023-10-29 21:15:00,False,21:15:00,2023-10-29
1142,2023-10-29 21:30:00,False,21:30:00,2023-10-29
1143,2023-10-29 21:45:00,False,21:45:00,2023-10-29
1144,2023-10-29 22:00:00,False,22:00:00,2023-10-29
1145,2023-10-29 22:15:00,False,22:15:00,2023-10-29
1146,2023-10-29 22:30:00,False,22:30:00,2023-10-29
1147,2023-10-29 22:45:00,False,22:45:00,2023-10-29
1148,2023-10-29 23:00:00,False,23:00:00,2023-10-29
1149,2023-10-29 23:15:00,False,23:15:00,2023-10-29
1150,2023-10-29 23:30:00,False,23:30:00,2023-10-29
1151,2023-10-29 23:45:00,False,23:45:00,2023-10-29
1152,2023-10-30 00:00:00,False,00:00:00,2023-10-30
1153,2023-10-30 00:15:00,False,00:15:00,2023-10-30
1154,2023-10-30 00:30:00,False,00:30:00,2023-10-30
1155,2023-10-30 00:45:00,False,00:45:00,2023-10-30
1156,2023-10-30 01:00:00,False,01:00:00,2023-10-30
1157,2023-10-30 01:15:00,False,01:15:00,2023-10-30
1158,2023-10-30 01:30:00,False,01:30:00,2023-10-30
1159,2023-10-30 01:45:00,False,01:45:00,2023-10-30
1160,2023-10-30 02:00:00,False,02:00:00,2023-10-30
1161,2023-10-30 02:15:00,False,02:15:00,2023-10-30
1162,2023-10-30 02:30:00,False,02:30:00,2023-10-30
1163,2023-10-30 02:45:00,False,02:45:00,2023-10-30
1164,2023-10-30 03:00:00,False,03:00:00,2023-10-30
1165,2023-10-30 03:15:00,False,03:15:00,2023-10-30
1166,2023-10-30 03:30:00,False,03:30:00,2023-10-30
1167,2023-10-30 03:45:00,False,03:45:00,2023-10-30
1168,2023-10-30 04:00:00,False,04:00:00,2023-10-30
1169,2023-10-30 04:15:00,False,04:15:00,2023-10-30
1170,2023-10-30 04:30:00,False,04:30:00,2023-10-30
1171,2023-10-30 04:45:00,False,04:45:00,2023-10-30
1172,2023-10-30 05:00:00,False,05:00:00,2023-10-30
1173,2023-10-30 05:15:00,False,05:15:00,2023-10-30
1174,2023-10-30 05:30:00,False,05:30:00,2023-10-30
1175,2023-10-30 05:45:00,False,05:45:00,2023-10-30
1176,2023-10-30 06:00:00,False,06:00:00,2023-10-30
1177,2023-10-30 06:15:00,False,06:15:00,2023-10-30
1178,2023-10-30 06:30:00,False,06:30:00,2023-10-30
1179,2023-10-30 06:45:00,False,06:45:00,2023-10-30
1180,2023-10-30 07:00:00,False,07:00:00,2023-10-30
1181,2023-10-30 07:15:00,False,07:15:00,2023-10-30
1182,2023-10-30 07:30:00,False,07:30:00,2023-10-30
1183,2023-10-30 07:45:00,False,07:45:00,2023-10-30
1184,2023-10-30 08:00:00,False,08:00:00,2023-10-30
1185,2023-10-30 08:15:00,False,08:15:00,2023-10-30
1186,2023-10-30 08:30:00,False,08:30:00,2023-10-30
1187,2023-10-30 08:45:00,False,08:45:00,2023-10-30
1188,2023-10-30 09:00:00,False,09:00:00,2023-10-30
1189,2023-10-30 09:15:00,False,09:15:00,2023-10-30
1190,2023-10-30 09:30:00,False,09:30:00,2023-10-30
1191,2023-10-30 09:45:00,False,09:45:00,2023-10-30
1192,2023-10-30 10:00:00,False,10:00:00,2023-10-30
1193,2023-10-30 10:15:00,False,10:15:00,2023-10-30
1194,2023-10-30 10:30:00,False,10:30:00,2023-10-30
1195,2023-10-30 10:45:00,False,10:45:00,2023-10-30
1196,2023-10-30 11:00:00,False,11:00:00,2023-10-30
1197,2023-10-30 11:15:00,False,11:15:00,2023-10-30
1198,2023-10-30 11:30:00,False,11:30:00,2023-10-30
1199,2023-10-30 11:45:00,False,11:45:00,2023-10-30
1200,2023-10-30 12:00:00,False,12:00:00,2023-10-30
1201,2023-10-30 12:15:00,False,12:15:00,2023-10-30
1202,2023-10-30 12:30:00,False,12:30:00,2023-10-30
1203,2023-10-30 12:45:00,False,12:45:00,2023-10-30
1204,2023-10-30 13:00:00,False,13:00:00,2023-10-30
1205,2023-10-30 13:15:00,False,13:15:00,2023-10-30
1206,2023-10-30 13:30:00,False,13:30:00,2023-10-30
1207,2023-10-30 13:45:00,False,13:45:00,2023-10-30
1208,2023-10-30 14:00:00,False,14:00:00,2023-10-30
1209,2023-10-30 14:15:00,False,14:15:00,2023-10-30
1210,2023-10-30 14:30:00,False,14:30:00,2023-10-30
1211,2023-10-30 14:45:00,False,14:45:00,2023-10-30
1212,2023-10-30 15:00:00,False,15:00:00,2023-10-30
1213,2023-10-30 15:15:00,False,15:15:00,2023-10-30
1214,2023-10-30 15:30:00,False,15:30:00,2023-10-30
1215,2023-10-30 15:45:00,False,15:45:00,2023-10-30
1216,2023-10-30 16:00:00,False,16:00:00,2023-10-30
1217,2023-10-30 16:15:00,False,16:15:00,2023-10-30
1218,2023-10-30 16:30:00,False,16:30:00,2023-10-30
1219,2023-10-30 16:45:00,False,16:45:00,2023-10-30
1220,2023-10-30 17:00:00,False,17:00:00,2023-10-30
1221,2023-10-30 17:15:00,False,17:15:00,2023-10-30
1222,2023-10-30 17:30:00,False,17:30:00,2023-10-30
1223,2023-10-30 17:45:00,False,17:45:00,2023-10-30
1224,2023-10-30 18:00:00,False,18:00:00,2023-10-30
1225,2023-10-30 18:15:00,False,18:15:00,2023-10-30
1226,2023-10-30 18:30:00,False,18:30:00,2023-10-30
1227,2023-10-30 18:45:00,False,18:45:00,2023-10-30
1228,2023-10-30 19:00:00,False,19:00:00,2023-10-30
1229,2023-10-30 19:15:00,False,19:15:00,2023-10-30
1230,2023-10-30 19:30:00,False,19:30:00,2023-10-30
1231,2023-10-30 19:45:00,False,19:45:00,2023-10-30
1232,2023-10-30 20:00:00,False,20:00:00,2023-10-30
1233,2023-10-30 20:15:00,False,20:15:00,2023-10-30
1234,2023-10-30 20:30:00,False,20:30:00,2023-10-30
1235,2023-10-30 20:45:00,False,20:45:00,2023-10-30
1236,2023-10-30 21:00:00,False,21:00:00,2023-10-30
1237,2023-10-30 21:15:00,False,21:15:00,2023-10-30
1238,2023-10-30 21:30:00,False,21:30:00,2023-10-30
1239,2023-10-30 21:45:00,False,21:45:00,2023-10-30
1240,2023-10-30 22:00:00,False,22:00:00,2023-10-30
1241,2023-10-30 22:15:00,False,22:15:00,2023-10-30
1242,2023-10-30 22:30:00,False,22:30:00,2023-10-30
1243,2023-10-30 22:45:00,False,22:45:00,2023-10-30
1244,2023-10-30 23:00:00,False,23:00:00,2023-10-30
1245,2023-10-30 23:15:00,False,23:15:00,2023-10-30
1246,2023-10-30 23:30:00,False,23:30:00,2023-10-30
1247,2023-10-30 23:45:00,False,23:45:00,2023-10-30
1248,2023-10-31 00:00:00,False,00:00:00,2023-10-31
1249,2023-10-31 00:15:00,False,00:15:00,2023-10-31
1250,2023-10-31 00:30:00,False,00:30:00,2023-10-31
1251,2023-10-31 00:45:00,False,00:45:00,2023-10-31
1252,2023-10-31 01:00:00,False,01:00:00,2023-10-31
1253,2023-10-31 01:15:00,False,01:15:00,2023-10-31
1254,2023-10-31 01:30:00,False,01:30:00,2023-10-31
1255,2023-10-31 01:45:00,False,01:45:00,2023-10-31
1256,2023-10-31 02:00:00,False,02:00:00,2023-10-31
1257,2023-10-31 02:15:00,False,02:15:00,2023-10-31
1258,2023-10-31 02:30:00,False,02:30:00,2023-10-31
1259,2023-10-31 02:45:00,False,02:45:00,2023-10-31
1260,2023-10-31 03:00:00,False,03:00:00,2023-10-31
1261,2023-10-31 03:15:00,False,03:15:00,2023-10-31
1262,2023-10-31 03:30:00,False,03:30:00,2023-10-31
1263,2023-10-31 03:45:00,False,03:45:00,2023-10-31
1264,2023-10-31 04:00:00,False,04:00:00,2023-10-31
1265,2023-10-31 04:15:00,False,04:15:00,2023-10-31
1266,2023-10-31 04:30:00,False,04:30:00,2023-10-31
1267,2023-10-31 04:45:00,False,04:45:00,2023-10-31
1268,2023-10-31 05:00:00,False,05:00:00,2023-10-31
1269,2023-10-31 05:15:00,False,05:15:00,2023-10-31
1270,2023-10-31 05:30:00,False,05:30:00,2023-10-31
1271,2023-10-31 05:45:00,False,05:45:00,2023-10-31
1272,2023-10-31 06:00:00,False,06:00:00,2023-10-31
1273,2023-10-31 06:15:00,False,06:15:00,2023-10-31
1274,2023-10-31 06:30:00,False,06:30:00,2023-10-31
1275,2023-10-31 06:45:00,False,06:45:00,2023-10-31
1276,2023-10-31 07:00:00,False,07:00:00,2023-10-31
1277,2023-10-31 07:15:00,False,07:15:00,2023-10-31
1278,2023-10-31 07:30:00,False,07:30:00,2023-10-31
1279,2023-10-31 07:45:00,False,07:45:00,2023-10-31
1280,2023-10-31 08:00:00,False,08:00:00,2023-10-31
1281,2023-10-31 08:15:00,False,08:15:00,2023-10-31
1282,2023-10-31 08:30:00,False,08:30:00,2023-10-31
1283,2023-10-31 08:45:00,False,08:45:00,2023-10-31
1284,2023-10-31 09:00:00,False,09:00:00,2023-10-31
1285,2023-10-31 09:15:00,False,09:15:00,2023-10-31
1286,2023-10-31 09:30:00,False,09:30:00,2023-10-31
1287,2023-10-31 09:45:00,False,09:45:00,2023-10-31
1288,2023-10-31 10:00:00,False,10:00:00,2023-10-31
1289,2023-10-31 10:15:00,False,10:15:00,2023-10-31
1290,2023-10-31 10:30:00,False,10:30:00,2023-10-31
1291,2023-10-31 10:45:00,False,10:45:00,2023-10-31
1292,2023-10-31 11:00:00,False,11:00:00,2023-10-31
1293,2023-10-31 11:15:00,False,11:15:00,2023-10-31
1294,2023-10-31 11:30:00,False,11:30:00,2023-10-31
1295,2023-10-31 11:45:00,False,11:45:00,2023-10-31
1296,2023-10-31 12:00:00,False,12:00:00,2023-10-31
1297,2023-10-31 12:15:00,False,12:15:00,2023-10-31
1298,2023-10-31 12:30:00,False,12:30:00,2023-10-31
1299,2023-10-31 12:45:00,False,12:45:00,2023-10-31
1300,2023-10-31 13:00:00,False,13:00:00,2023-10-31
1301,2023-10-31 13:15:00,False,13:15:00,2023-10-31
1302,2023-10-31 13:30:00,False,13:30:00,2023-10-31
1303,2023-10-31 13:45:00,False,13:45:00,2023-10-31
1304,2023-10-31 14:00:00,False,14:00:00,2023-10-31
1305,2023-10-31 14:15:00,False,14:15:00,2023-10-31
1306,2023-10-31 14:30:00,False,14:30:00,2023-10-31
1307,2023-10-31 14:45:00,False,14:45:00,2023-10-31
1308,2023-10-31 15:00:00,False,15:00:00,2023-10-31
1309,2023-10-31 15:15:00,False,15:15:00,2023-10-31
1310,2023-10-31 15:30:00,False,15:30:00,2023-10-31
1311,2023-10-31 15:45:00,False,15:45:00,2023-10-31
1312,2023-10-31 16:00:00,False,16:00:00,2023-10-31
1313,2023-10-31 16:15:00,False,16:15:00,2023-10-31
1314,2023-10-31 16:30:00,False,16:30:00,2023-10-31
1315,2023-10-31 16:45:00,False,16:45:00,2023-10-31
1316,2023-10-31 17:00:00,False,17:00:00,2023-10-31
1317,2023-10-31 17:15:00,False,17:15:00,2023-10-31
1318,2023-10-31 17:30:00,False,17:30:00,2023-10-31
1319,2023-10-31 17:45:00,False,17:45:00,2023-10-31
1320,2023-10-31 18:00:00,False,18:00:00,2023-10-31
1321,2023-10-31 18:15:00,False,18:15:00,2023-10-31
1322,2023-10-31 18:30:00,False,18:30:00,2023-10-31
1323,2023-10-31 18:45:00,False,18:45:00,2023-10-31
1324,2023-10-31 19:00:00,False,19:00:00,2023-10-31
1325,2023-10-31 19:15:00,False,19:15:00,2023-10-31
1326,2023-10-31 19:30:00,False,19:30:00,2023-10-31
1327,2023-10-31 19:45:00,False,19:45:00,2023-10-31
1328,2023-10-31 20:00:00,False,20:00:00,2023-10-31
1329,2023-10-31 20:15:00,False,20:15:00,2023-10-31
1330,2023-10-31 20:30:00,False,20:30:00,2023-10-31
1331,2023-10-31 20:45:00,False,20:45:00,2023-10-31
1332,2023-10-31 21:00:00,False,21:00:00,2023-10-31
1333,2023-10-31 21:15:00,False,21:15:00,2023-10-31
1334,2023-10-31 21:30:00,False,21:30:00,2023-10-31
1335,2023-10-31 21:45:00,False,21:45:00,2023-10-31
1336,2023-10-31 22:00:00,False,22:00:00,2023-10-31
1337,2023-10-31 22:15:00,False,22:15:00,2023-10-31
1338,2023-10-31 22:30:00,False,22:30:00,2023-10-31
1339,2023-10-31 22:45:00,False,22:45:00,2023-10-31
1340,2023-10-31 23:00:00,False,23:00:00,2023-10-31
1341,2023-10-31 23:15:00,False,23:15:00,2023-10-31
1342,2023-10-31 23:30:00,False,23:30:00,2023-10-31
1343,2023-10-31 23:45:00,False,23:45:00,2023-10-31
1344,2023-11-01 00:00:00,False,00:00:00,2023-11-01
1345,2023-11-01 00:15:00,False,00:15:00,2023-11-01
1346,2023-11-01 00:30:00,False,00:30:00,2023-11-01
1347,2023-11-01 00:45:00,False,00:45:00,2023-11-01
1348,2023-11-01 01:00:00,False,01:00:00,2023-11-01
1349,2023-11-01 01:15:00,False,01:15:00,2023-11-01
1350,2023-11-01 01:30:00,False,01:30:00,2023-11-01
1351,2023-11-01 01:45:00,False,01:45:00,2023-11-01
1352,2023-11-01 02:00:00,False,02:00:00,2023-11-01
1353,2023-11-01 02:15:00,False,02:15:00,2023-11-01
1354,2023-11-01 02:30:00,False,02:30:00,2023-11-01
1355,2023-11-01 02:45:00,False,02:45:00,2023-11-01
1356,2023-11-01 03:00:00,False,03:00:00,2023-11-01
1357,2023-11-01 03:15:00,False,03:15:00,2023-11-01
1358,2023-11-01 03:30:00,False,03:30:00,2023-11-01
1359,2023-11-01 03:45:00,False,03:45:00,2023-11-01
1360,2023-11-01 04:00:00,False,04:00:00,2023-11-01
1361,2023-11-01 04:15:00,False,04:15:00,2023-11-01
1362,2023-11-01 04:30:00,False,04:30:00,2023-11-01
1363,2023-11-01 04:45:00,False,04:45:00,2023-11-01
1364,2023-11-01 05:00:00,False,05:00:00,2023-11-01
1365,2023-11-01 05:15:00,False,05:15:00,2023-11-01
1366,2023-11-01 05:30:00,False,05:30:00,2023-11-01
1367,2023-11-01 05:45:00,False,05:45:00,2023-11-01
1368,2023-11-01 06:00:00,False,06:00:00,2023-11-01
1369,2023-11-01 06:15:00,False,06:15:00,2023-11-01
1370,2023-11-01 06:30:00,False,06:30:00,2023-11-01
1371,2023-11-01 06:45:00,False,06:45:00,2023-11-01
1372,2023-11-01 07:00:00,False,07:00:00,2023-11-01
1373,2023-11-01 07:15:00,False,07:15:00,2023-11-01
1374,2023-11-01 07:30:00,False,07:30:00,2023-11-01
1375,2023-11-01 07:45:00,False,07:45:00,2023-11-01
1376,2023-11-01 08:00:00,False,08:00:00,2023-11-01
1377,2023-11-01 08:15:00,False,08:15:00,2023-11-01
1378,2023-11-01 08:30:00,False,08:30:00,2023-11-01
1379,2023-11-01 08:45:00,False,08:45:00,2023-11-01
1380,2023-11-01 09:00:00,False,09:00:00,2023-11-01
1381,2023-11-01 09:15:00,False,09:15:00,2023-11-01
1382,2023-11-01 09:30:00,False,09:30:00,2023-11-01
1383,2023-11-01 09:45:00,False,09:45:00,2023-11-01
1384,2023-11-01 10:00:00,False,10:00:00,2023-11-01
1385,2023-11-01 10:15:00,False,10:15:00,2023-11-01
1386,2023-11-01 10:30:00,False,10:30:00,2023-11-01
1387,2023-11-01 10:45:00,False,10:45:00,2023-11-01
1388,2023-11-01 11:00:00,False,11:00:00,2023-11-01
1389,2023-11-01 11:15:00,False,11:15:00,2023-11-01
1390,2023-11-01 11:30:00,False,11:30:00,2023-11-01
1391,2023-11-01 11:45:00,False,11:45:00,2023-11-01
1392,2023-11-01 12:00:00,False,12:00:00,2023-11-01
1393,2023-11-01 12:15:00,False,12:15:00,2023-11-01
1394,2023-11-01 12:30:00,False,12:30:00,2023-11-01
1395,2023-11-01 12:45:00,False,12:45:00,2023-11-01
1396,2023-11-01 13:00:00,False,13:00:00,2023-11-01
1397,2023-11-01 13:15:00,False,13:15:00,2023-11-01
1398,2023-11-01 13:30:00,False,13:30:00,2023-11-01
1399,2023-11-01 13:45:00,False,13:45:00,2023-11-01
1400,2023-11-01 14:00:00,False,14:00:00,2023-11-01
1401,2023-11-01 14:15:00,False,14:15:00,2023-11-01
1402,2023-11-01 14:30:00,False,14:30:00,2023-11-01
1403,2023-11-01 14:45:00,False,14:45:00,2023-11-01
1404,2023-11-01 15:00:00,False,15:00:00,2023-11-01
1405,2023-11-01 15:15:00,False,15:15:00,2023-11-01
1406,2023-11-01 15:30:00,False,15:30:00,2023-11-01
1407,2023-11-01 15:45:00,False,15:45:00,2023-11-01
1408,2023-11-01 16:00:00,False,16:00:00,2023-11-01
1409,2023-11-01 16:15:00,False,16:15:00,2023-11-01
1410,2023-11-01 16:30:00,False,16:30:00,2023-11-01
1411,2023-11-01 16:45:00,False,16:45:00,2023-11-01
1412,2023-11-01 17:00:00,False,17:00:00,2023-11-01
1413,2023-11-01 17:15:00,False,17:15:00,2023-11-01
1414,2023-11-01 17:30:00,False,17:30:00,2023-11-01
1415,2023-11-01 17:45:00,False,17:45:00,2023-11-01
1416,2023-11-01 18:00:00,False,18:00:00,2023-11-01
1417,2023-11-01 18:15:00,False,18:15:00,2023-11-01
1418,2023-11-01 18:30:00,False,18:30:00,2023-11-01
1419,2023-11-01 18:45:00,False,18:45:00,2023-11-01
1420,2023-11-01 19:00:00,False,19:00:00,2023-11-01
1421,2023-11-01 19:15:00,False,19:15:00,2023-11-01
1422,2023-11-01 19:30:00,False,19:30:00,2023-11-01
1423,2023-11-01 19:45:00,False,19:45:00,2023-11-01
1424,2023-11-01 20:00:00,False,20:00:00,2023-11-01
1425,2023-11-01 20:15:00,False,20:15:00,2023-11-01
1426,2023-11-01 20:30:00,False,20:30:00,2023-11-01
1427,2023-11-01 20:45:00,False,20:45:00,2023-11-01
1428,2023-11-01 21:00:00,False,21:00:00,2023-11-01
1429,2023-11-01 21:15:00,False,21:15:00,2023-11-01
1430,2023-11-01 21:30:00,False,21:30:00,2023-11-01
1431,2023-11-01 21:45:00,False,21:45:00,2023-11-01
1432,2023-11-01 22:00:00,False,22:00:00,2023-11-01
1433,2023-11-01 22:15:00,False,22:15:00,2023-11-01
1434,2023-11-01 22:30:00,False,22:30:00,2023-11-01
1435,2023-11-01 22:45:00,False,22:45:00,2023-11-01
1436,2023-11-01 23:00:00,False,23:00:00,2023-11-01
1437,2023-11-01 23:15:00,False,23:15:00,2023-11-01
1438,2023-11-01 23:30:00,False,23:30:00,2023-11-01
1439,2023-11-01 23:45:00,False,23:45:00,2023-11-01
1440,2023-11-02 00:00:00,False,00:00:00,2023-11-02
1441,2023-11-02 00:15:00,False,00:15:00,2023-11-02
1442,2023-11-02 00:30:00,False,00:30:00,2023-11-02
1443,2023-11-02 00:45:00,False,00:45:00,2023-11-02
1444,2023-11-02 01:00:00,False,01:00:00,2023-11-02
1445,2023-11-02 01:15:00,False,01:15:00,2023-11-02
1446,2023-11-02 01:30:00,False,01:30:00,2023-11-02
1447,2023-11-02 01:45:00,False,01:45:00,2023-11-02
1448,2023-11-02 02:00:00,False,02:00:00,2023-11-02
1449,2023-11-02 02:15:00,False,02:15:00,2023-11-02
1450,2023-11-02 02:30:00,False,02:30:00,2023-11-02
1451,2023-11-02 02:45:00,False,02:45:00,2023-11-02
1452,2023-11-02 03:00:00,False,03:00:00,2023-11-02
1453,2023-11-02 03:15:00,False,03:15:00,2023-11-02
1454,2023-11-02 03:30:00,False,03:30:00,2023-11-02
1455,2023-11-02 03:45:00,False,03:45:00,2023-11-02
1456,2023-11-02 04:00:00,False,04:00:00,2023-11-02
1457,2023-11-02 04:15:00,False,04:15:00,2023-11-02
1458,2023-11-02 04:30:00,False,04:30:00,2023-11-02
1459,2023-11-02 04:45:00,False,04:45:00,2023-11-02
1460,2023-11-02 05:00:00,False,05:00:00,2023-11-02
1461,2023-11-02 05:15:00,False,05:15:00,2023-11-02
1462,2023-11-02 05:30:00,False,05:30:00,2023-11-02
1463,2023-11-02 05:45:00,False,05:45:00,2023-11-02
1464,2023-11-02 06:00:00,False,06:00:00,2023-11-02
1465,2023-11-02 06:15:00,False,06:15:00,2023-11-02
1466,2023-11-02 06:30:00,False,06:30:00,2023-11-02
1467,2023-11-02 06:45:00,False,06:45:00,2023-11-02
1468,2023-11-02 07:00:00,False,07:00:00,2023-11-02
1469,2023-11-02 07:15:00,False,07:15:00,2023-11-02
1470,2023-11-02 07:30:00,False,07:30:00,2023-11-02
1471,2023-11-02 07:45:00,False,07:45:00,2023-11-02
1472,2023-11-02 08:00:00,False,08:00:00,2023-11-02
1473,2023-11-02 08:15:00,False,08:15:00,2023-11-02
1474,2023-11-02 08:30:00,False,08:30:00,2023-11-02
1475,2023-11-02 08:45:00,False,08:45:00,2023-11-02
1476,2023-11-02 09:00:00,False,09:00:00,2023-11-02
1477,2023-11-02 09:15:00,False,09:15:00,2023-11-02
1478,2023-11-02 09:30:00,False,09:30:00,2023-11-02
1479,2023-11-02 09:45:00,False,09:45:00,2023-11-02
1480,2023-11-02 10:00:00,False,10:00:00,2023-11-02
1481,2023-11-02 10:15:00,False,10:15:00,2023-11-02
1482,2023-11-02 10:30:00,False,10:30:00,2023-11-02
1483,2023-11-02 10:45:00,False,10:45:00,2023-11-02
1484,2023-11-02 11:00:00,False,11:00:00,2023-11-02
1485,2023-11-02 11:15:00,False,11:15:00,2023-11-02
1486,2023-11-02 11:30:00,False,11:30:00,2023-11-02
1487,2023-11-02 11:45:00,False,11:45:00,2023-11-02
1488,2023-11-02 12:00:00,False,12:00:00,2023-11-02
1489,2023-11-02 12:15:00,False,12:15:00,2023-11-02
1490,2023-11-02 12:30:00,False,12:30:00,2023-11-02
1491,2023-11-02 12:45:00,False,12:45:00,2023-11-02
1492,2023-11-02 13:00:00,False,13:00:00,2023-11-02
1493,2023-11-02 13:15:00,False,13:15:00,2023-11-02
1494,2023-11-02 13:30:00,False,13:30:00,2023-11-02
1495,2023-11-02 13:45:00,False,13:45:00,2023-11-02
1496,2023-11-02 14:00:00,False,14:00:00,2023-11-02
1497,2023-11-02 14:15:00,False,14:15:00,2023-11-02
1498,2023-11-02 14:30:00,False,14:30:00,2023-11-02
1499,2023-11-02 14:45:00,False,14:45:00,2023-11-02
1500,2023-11-02 15:00:00,False,15:00:00,2023-11-02
1501,2023-11-02 15:15:00,False,15:15:00,2023-11-02
1502,2023-11-02 15:30:00,False,15:30:00,2023-11-02
1503,2023-11-02 15:45:00,False,15:45:00,2023-11-02
1504,2023-11-02 16:00:00,False,16:00:00,2023-11-02
1505,2023-11-02 16:15:00,False,16:15:00,2023-11-02
1506,2023-11-02 16:30:00,False,16:30:00,2023-11-02
1507,2023-11-02 16:45:00,False,16:45:00,2023-11-02
1508,2023-11-02 17:00:00,False,17:00:00,2023-11-02
1509,2023-11-02 17:15:00,False,17:15:00,2023-11-02
1510,2023-11-02 17:30:00,False,17:30:00,2023-11-02
1511,2023-11-02 17:45:00,False,17:45:00,2023-11-02
1512,2023-11-02 18:00:00,False,18:00:00,2023-11-02
1513,2023-11-02 18:15:00,False,18:15:00,2023-11-02
1514,2023-11-02 18:30:00,False,18:30:00,2023-11-02
1515,2023-11-02 18:45:00,False,18:45:00,2023-11-02
1516,2023-11-02 19:00:00,False,19:00:00,2023-11-02
1517,2023-11-02 19:15:00,False,19:15:00,2023-11-02
1518,2023-11-02 19:30:00,False,19:30:00,2023-11-02
1519,2023-11-02 19:45:00,False,19:45:00,2023-11-02
1520,2023-11-02 20:00:00,False,20:00:00,2023-11-02
1521,2023-11-02 20:15:00,False,20:15:00,2023-11-02
1522,2023-11-02 20:30:00,False,20:30:00,2023-11-02
1523,2023-11-02 20:45:00,False,20:45:00,2023-11-02
1524,2023-11-02 21:00:00,False,21:00:00,2023-11-02
1525,2023-11-02 21:15:00,False,21:15:00,2023-11-02
1526,2023-11-02 21:30:00,False,21:30:00,2023-11-02
1527,2023-11-02 21:45:00,False,21:45:00,2023-11-02
1528,2023-11-02 22:00:00,False,22:00:00,2023-11-02
1529,2023-11-02 22:15:00,False,22:15:00,2023-11-02
1530,2023-11-02 22:30:00,False,22:30:00,2023-11-02
1531,2023-11-02 22:45:00,False,22:45:00,2023-11-02
1532,2023-11-02 23:00:00,False,23:00:00,2023-11-02
1533,2023-11-02 23:15:00,False,23:15:00,2023-11-02
1534,2023-11-02 23:30:00,False,23:30:00,2023-11-02
1535,2023-11-02 23:45:00,False,23:45:00,2023-11-02
1536,2023-11-03 00:00:00,False,00:00:00,2023-11-03
1537,2023-11-03 00:15:00,False,00:15:00,2023-11-03
1538,2023-11-03 00:30:00,False,00:30:00,2023-11-03
1539,2023-11-03 00:45:00,False,00:45:00,2023-11-03
1540,2023-11-03 01:00:00,False,01:00:00,2023-11-03
1541,2023-11-03 01:15:00,False,01:15:00,2023-11-03
1542,2023-11-03 01:30:00,False,01:30:00,2023-11-03
1543,2023-11-03 01:45:00,False,01:45:00,2023-11-03
1544,2023-11-03 02:00:00,False,02:00:00,2023-11-03
1545,2023-11-03 02:15:00,False,02:15:00,2023-11-03
1546,2023-11-03 02:30:00,False,02:30:00,2023-11-03
1547,2023-11-03 02:45:00,False,02:45:00,2023-11-03
1548,2023-11-03 03:00:00,False,03:00:00,2023-11-03
1549,2023-11-03 03:15:00,False,03:15:00,2023-11-03
1550,2023-11-03 03:30:00,False,03:30:00,2023-11-03
1551,2023-11-03 03:45:00,False,03:45:00,2023-11-03
1552,2023-11-03 04:00:00,False,04:00:00,2023-11-03
1553,2023-11-03 04:15:00,False,04:15:00,2023-11-03
1554,2023-11-03 04:30:00,False,04:30:00,2023-11-03
1555,2023-11-03 04:45:00,False,04:45:00,2023-11-03
1556,2023-11-03 05:00:00,False,05:00:00,2023-11-03
1557,2023-11-03 05:15:00,False,05:15:00,2023-11-03
1558,2023-11-03 05:30:00,False,05:30:00,2023-11-03
1559,2023-11-03 05:45:00,False,05:45:00,2023-11-03
1560,2023-11-03 06:00:00,False,06:00:00,2023-11-03
1561,2023-11-03 06:15:00,False,06:15:00,2023-11-03
1562,2023-11-03 06:30:00,False,06:30:00,2023-11-03
1563,2023-11-03 06:45:00,False,06:45:00,2023-11-03
1564,2023-11-03 07:00:00,False,07:00:00,2023-11-03
1565,2023-11-03 07:15:00,False,07:15:00,2023-11-03
1566,2023-11-03 07:30:00,False,07:30:00,2023-11-03
1567,2023-11-03 07:45:00,False,07:45:00,2023-11-03
1568,2023-11-03 08:00:00,False,08:00:00,2023-11-03
1569,2023-11-03 08:15:00,False,08:15:00,2023-11-03
1570,2023-11-03 08:30:00,False,08:30:00,2023-11-03
1571,2023-11-03 08:45:00,False,08:45:00,2023-11-03
1572,2023-11-03 09:00:00,False,09:00:00,2023-11-03
1573,2023-11-03 09:15:00,False,09:15:00,2023-11-03
1574,2023-11-03 09:30:00,False,09:30:00,2023-11-03
1575,2023-11-03 09:45:00,False,09:45:00,2023-11-03
1576,2023-11-03 10:00:00,False,10:00:00,2023-11-03
1577,2023-11-03 10:15:00,False,10:15:00,2023-11-03
1578,2023-11-03 10:30:00,False,10:30:00,2023-11-03
1579,2023-11-03 10:45:00,False,10:45:00,2023-11-03
1580,2023-11-03 11:00:00,False,11:00:00,2023-11-03
1581,2023-11-03 11:15:00,False,11:15:00,2023-11-03
1582,2023-11-03 11:30:00,False,11:30:00,2023-11-03
1583,2023-11-03 11:45:00,False,11:45:00,2023-11-03
1584,2023-11-03 12:00:00,False,12:00:00,2023-11-03
1585,2023-11-03 12:15:00,False,12:15:00,2023-11-03
1586,2023-11-03 12:30:00,False,12:30:00,2023-11-03
1587,2023-11-03 12:45:00,False,12:45:00,2023-11-03
1588,2023-11-03 13:00:00,False,13:00:00,2023-11-03
1589,2023-11-03 13:15:00,False,13:15:00,2023-11-03
1590,2023-11-03 13:30:00,False,13:30:00,2023-11-03
1591,2023-11-03 13:45:00,False,13:45:00,2023-11-03
1592,2023-11-03 14:00:00,False,14:00:00,2023-11-03
1593,2023-11-03 14:15:00,False,14:15:00,2023-11-03
1594,2023-11-03 14:30:00,False,14:30:00,2023-11-03
1595,2023-11-03 14:45:00,False,14:45:00,2023-11-03
1596,2023-11-03 15:00:00,False,15:00:00,2023-11-03
1597,2023-11-03 15:15:00,False,15:15:00,2023-11-03
1598,2023-11-03 15:30:00,False,15:30:00,2023-11-03
1599,2023-11-03 15:45:00,False,15:45:00,2023-11-03
1600,2023-11-03 16:00:00,False,16:00:00,2023-11-03
1601,2023-11-03 16:15:00,False,16:15:00,2023-11-03
1602,2023-11-03 16:30:00,False,16:30:00,2023-11-03
1603,2023-11-03 16:45:00,False,16:45:00,2023-11-03
1604,2023-11-03 17:00:00,False,17:00:00,2023-11-03
1605,2023-11-03 17:15:00,False,17:15:00,2023-11-03
1606,2023-11-03 17:30:00,False,17:30:00,2023-11-03
1607,2023-11-03 17:45:00,False,17:45:00,2023-11-03
1608,2023-11-03 18:00:00,False,18:00:00,2023-11-03
1609,2023-11-03 18:15:00,False,18:15:00,2023-11-03
1610,2023-11-03 18:30:00,False,18:30:00,2023-11-03
1611,2023-11-03 18:45:00,False,18:45:00,2023-11-03
1612,2023-11-03 19:00:00,False,19:00:00,2023-11-03
1613,2023-11-03 19:15:00,False,19:15:00,2023-11-03
1614,2023-11-03 19:30:00,False,19:30:00,2023-11-03
1615,2023-11-03 19:45:00,False,19:45:00,2023-11-03
1616,2023-11-03 20:00:00,False,20:00:00,2023-11-03
1617,2023-11-03 20:15:00,False,20:15:00,2023-11-03
1618,2023-11-03 20:30:00,False,20:30:00,2023-11-03
1619,2023-11-03 20:45:00,False,20:45:00,2023-11-03
1620,2023-11-03 21:00:00,False,21:00:00,2023-11-03
1621,2023-11-03 21:15:00,False,21:15:00,2023-11-03
1622,2023-11-03 21:30:00,False,21:30:00,2023-11-03
1623,2023-11-03 21:45:00,False,21:45:00,2023-11-03
1624,2023-11-03 22:00:00,False,22:00:00,2023-11-03
1625,2023-11-03 22:15:00,False,22:15:00,2023-11-03
1626,2023-11-03 22:30:00,False,22:30:00,2023-11-03
1627,2023-11-03 22:45:00,False,22:45:00,2023-11-03
1628,2023-11-03 23:00:00,False,23:00:00,2023-11-03
1629,2023-11-03 23:15:00,False,23:15:00,2023-11-03
1630,2023-11-03 23:30:00,False,23:30:00,2023-11-03
1631,2023-11-03 23:45:00,False,23:45:00,2023-11-03
1632,2023-11-04 00:00:00,False,00:00:00,2023-11-04
1633,2023-11-04 00:15:00,False,00:15:00,2023-11-04
1634,2023-11-04 00:30:00,False,00:30:00,2023-11-04
1635,2023-11-04 00:45:00,False,00:45:00,2023-11-04
1636,2023-11-04 01:00:00,False,01:00:00,2023-11-04
1637,2023-11-04 01:15:00,False,01:15:00,2023-11-04
1638,2023-11-04 01:30:00,False,01:30:00,2023-11-04
1639,2023-11-04 01:45:00,False,01:45:00,2023-11-04
1640,2023-11-04 02:00:00,False,02:00:00,2023-11-04
1641,2023-11-04 02:15:00,False,02:15:00,2023-11-04
1642,2023-11-04 02:30:00,False,02:30:00,2023-11-04
1643,2023-11-04 02:45:00,False,02:45:00,2023-11-04
1644,2023-11-04 03:00:00,False,03:00:00,2023-11-04
1645,2023-11-04 03:15:00,False,03:15:00,2023-11-04
1646,2023-11-04 03:30:00,False,03:30:00,2023-11-04
1647,2023-11-04 03:45:00,False,03:45:00,2023-11-04
1648,2023-11-04 04:00:00,False,04:00:00,2023-11-04
1649,2023-11-04 04:15:00,False,04:15:00,2023-11-04
1650,2023-11-04 04:30:00,False,04:30:00,2023-11-04
1651,2023-11-04 04:45:00,False,04:45:00,2023-11-04
1652,2023-11-04 05:00:00,False,05:00:00,2023-11-04
1653,2023-11-04 05:15:00,False,05:15:00,2023-11-04
1654,2023-11-04 05:30:00,False,05:30:00,2023-11-04
1655,2023-11-04 05:45:00,False,05:45:00,2023-11-04
1656,2023-11-04 06:00:00,False,06:00:00,2023-11-04
1657,2023-11-04 06:15:00,False,06:15:00,2023-11-04
1658,2023-11-04 06:30:00,False,06:30:00,2023-11-04
1659,2023-11-04 06:45:00,False,06:45:00,2023-11-04
1660,2023-11-04 07:00:00,False,07:00:00,2023-11-04
1661,2023-11-04 07:15:00,False,07:15:00,2023-11-04
1662,2023-11-04 07:30:00,False,07:30:00,2023-11-04
1663,2023-11-04 07:45:00,False,07:45:00,2023-11-04
1664,2023-11-04 08:00:00,False,08:00:00,2023-11-04
1665,2023-11-04 08:15:00,False,08:15:00,2023-11-04
1666,2023-11-04 08:30:00,False,08:30:00,2023-11-04
1667,2023-11-04 08:45:00,False,08:45:00,2023-11-04
1668,2023-11-04 09:00:00,False,09:00:00,2023-11-04
1669,2023-11-04 09:15:00,False,09:15:00,2023-11-04
1670,2023-11-04 09:30:00,False,09:30:00,2023-11-04
1671,2023-11-04 09:45:00,False,09:45:00,2023-11-04
1672,2023-11-04 10:00:00,False,10:00:00,2023-11-04
1673,2023-11-04 10:15:00,False,10:15:00,2023-11-04
1674,2023-11-04 10:30:00,False,10:30:00,2023-11-04
1675,2023-11-04 10:45:00,False,10:45:00,2023-11-04
1676,2023-11-04 11:00:00,False,11:00:00,2023-11-04
1677,2023-11-04 11:15:00,False,11:15:00,2023-11-04
1678,2023-11-04 11:30:00,False,11:30:00,2023-11-04
1679,2023-11-04 11:45:00,False,11:45:00,2023-11-04
1680,2023-11-04 12:00:00,False,12:00:00,2023-11-04
1681,2023-11-04 12:15:00,False,12:15:00,2023-11-04
1682,2023-11-04 12:30:00,False,12:30:00,2023-11-04
1683,2023-11-04 12:45:00,False,12:45:00,2023-11-04
1684,2023-11-04 13:00:00,False,13:00:00,2023-11-04
1685,2023-11-04 13:15:00,False,13:15:00,2023-11-04
1686,2023-11-04 13:30:00,False,13:30:00,2023-11-04
1687,2023-11-04 13:45:00,False,13:45:00,2023-11-04
1688,2023-11-04 14:00:00,False,14:00:00,2023-11-04
1689,2023-11-04 14:15:00,False,14:15:00,2023-11-04
1690,2023-11-04 14:30:00,False,14:30:00,2023-11-04
1691,2023-11-04 14:45:00,False,14:45:00,2023-11-04
1692,2023-11-04 15:00:00,False,15:00:00,2023-11-04
1693,2023-11-04 15:15:00,False,15:15:00,2023-11-04
1694,2023-11-04 15:30:00,False,15:30:00,2023-11-04
1695,2023-11-04 15:45:00,False,15:45:00,2023-11-04
1696,2023-11-04 16:00:00,False,16:00:00,2023-11-04
1697,2023-11-04 16:15:00,False,16:15:00,2023-11-04
1698,2023-11-04 16:30:00,False,16:30:00,2023-11-04
1699,2023-11-04 16:45:00,False,16:45:00,2023-11-04
1700,2023-11-04 17:00:00,False,17:00:00,2023-11-04
1701,2023-11-04 17:15:00,False,17:15:00,2023-11-04
1702,2023-11-04 17:30:00,False,17:30:00,2023-11-04
1703,2023-11-04 17:45:00,False,17:45:00,2023-11-04
1704,2023-11-04 18:00:00,False,18:00:00,2023-11-04
1705,2023-11-04 18:15:00,False,18:15:00,2023-11-04
1706,2023-11-04 18:30:00,False,18:30:00,2023-11-04
1707,2023-11-04 18:45:00,False,18:45:00,2023-11-04
1708,2023-11-04 19:00:00,False,19:00:00,2023-11-04
1709,2023-11-04 19:15:00,False,19:15:00,2023-11-04
1710,2023-11-04 19:30:00,False,19:30:00,2023-11-04
1711,2023-11-04 19:45:00,False,19:45:00,2023-11-04
1712,2023-11-04 20:00:00,False,20:00:00,2023-11-04
1713,2023-11-04 20:15:00,False,20:15:00,2023-11-04
1714,2023-11-04 20:30:00,False,20:30:00,2023-11-04
1715,2023-11-04 20:45:00,False,20:45:00,2023-11-04
1716,2023-11-04 21:00:00,False,21:00:00,2023-11-04
1717,2023-11-04 21:15:00,False,21:15:00,2023-11-04
1718,2023-11-04 21:30:00,False,21:30:00,2023-11-04
1719,2023-11-04 21:45:00,False,21:45:00,2023-11-04
1720,2023-11-04 22:00:00,False,22:00:00,2023-11-04
1721,2023-11-04 22:15:00,False,22:15:00,2023-11-04
1722,2023-11-04 22:30:00,False,22:30:00,2023-11-04
1723,2023-11-04 22:45:00,False,22:45:00,2023-11-04
1724,2023-11-04 23:00:00,False,23:00:00,2023-11-04
1725,2023-11-04 23:15:00,False,23:15:00,2023-11-04
1726,2023-11-04 23:30:00,False,23:30:00,2023-11-04
1727,2023-11-04 23:45:00,False,23:45:00,2023-11-04
1728,2023-11-05 00:00:00,False,00:00:00,2023-11-05
1729,2023-11-05 00:15:00,False,00:15:00,2023-11-05
1730,2023-11-05 00:30:00,False,00:30:00,2023-11-05
1731,2023-11-05 00:45:00,False,00:45:00,2023-11-05
1732,2023-11-05 01:00:00,False,01:00:00,2023-11-05
1733,2023-11-05 01:15:00,False,01:15:00,2023-11-05
1734,2023-11-05 01:30:00,False,01:30:00,2023-11-05
1735,2023-11-05 01:45:00,False,01:45:00,2023-11-05
1736,2023-11-05 02:00:00,False,02:00:00,2023-11-05
1737,2023-11-05 02:15:00,False,02:15:00,2023-11-05
1738,2023-11-05 02:30:00,False,02:30:00,2023-11-05
1739,2023-11-05 02:45:00,False,02:45:00,2023-11-05
1740,2023-11-05 03:00:00,False,03:00:00,2023-11-05
1741,2023-11-05 03:15:00,False,03:15:00,2023-11-05
1742,2023-11-05 03:30:00,False,03:30:00,2023-11-05
1743,2023-11-05 03:45:00,False,03:45:00,2023-11-05
1744,2023-11-05 04:00:00,False,04:00:00,2023-11-05
1745,2023-11-05 04:15:00,False,04:15:00,2023-11-05
1746,2023-11-05 04:30:00,False,04:30:00,2023-11-05
1747,2023-11-05 04:45:00,False,04:45:00,2023-11-05
1748,2023-11-05 05:00:00,False,05:00:00,2023-11-05
1749,2023-11-05 05:15:00,False,05:15:00,2023-11-05
1750,2023-11-05 05:30:00,False,05:30:00,2023-11-05
1751,2023-11-05 05:45:00,False,05:45:00,2023-11-05
1752,2023-11-05 06:00:00,False,06:00:00,2023-11-05
1753,2023-11-05 06:15:00,False,06:15:00,2023-11-05
1754,2023-11-05 06:30:00,False,06:30:00,2023-11-05
1755,2023-11-05 06:45:00,False,06:45:00,2023-11-05
1756,2023-11-05 07:00:00,False,07:00:00,2023-11-05
1757,2023-11-05 07:15:00,False,07:15:00,2023-11-05
1758,2023-11-05 07:30:00,False,07:30:00,2023-11-05
1759,2023-11-05 07:45:00,False,07:45:00,2023-11-05
1760,2023-11-05 08:00:00,False,08:00:00,2023-11-05
1761,2023-11-05 08:15:00,False,08:15:00,2023-11-05
1762,2023-11-05 08:30:00,False,08:30:00,2023-11-05
1763,2023-11-05 08:45:00,False,08:45:00,2023-11-05
1764,2023-11-05 09:00:00,False,09:00:00,2023-11-05
1765,2023-11-05 09:15:00,False,09:15:00,2023-11-05
1766,2023-11-05 09:30:00,False,09:30:00,2023-11-05
1767,2023-11-05 09:45:00,False,09:45:00,2023-11-05
1768,2023-11-05 10:00:00,False,10:00:00,2023-11-05
1769,2023-11-05 10:15:00,False,10:15:00,2023-11-05
1770,2023-11-05 10:30:00,False,10:30:00,2023-11-05
1771,2023-11-05 10:45:00,False,10:45:00,2023-11-05
1772,2023-11-05 11:00:00,False,11:00:00,2023-11-05
1773,2023-11-05 11:15:00,False,11:15:00,2023-11-05
1774,2023-11-05 11:30:00,False,11:30:00,2023-11-05
1775,2023-11-05 11:45:00,False,11:45:00,2023-11-05
1776,2023-11-05 12:00:00,False,12:00:00,2023-11-05
1777,2023-11-05 12:15:00,False,12:15:00,2023-11-05
1778,2023-11-05 12:30:00,False,12:30:00,2023-11-05
1779,2023-11-05 12:45:00,False,12:45:00,2023-11-05
1780,2023-11-05 13:00:00,False,13:00:00,2023-11-05
1781,2023-11-05 13:15:00,False,13:15:00,2023-11-05
1782,2023-11-05 13:30:00,False,13:30:00,2023-11-05
1783,2023-11-05 13:45:00,False,13:45:00,2023-11-05
1784,2023-11-05 14:00:00,False,14:00:00,2023-11-05
1785,2023-11-05 14:15:00,False,14:15:00,2023-11-05
1786,2023-11-05 14:30:00,False,14:30:00,2023-11-05
1787,2023-11-05 14:45:00,False,14:45:00,2023-11-05
1788,2023-11-05 15:00:00,False,15:00:00,2023-11-05
1789,2023-11-05 15:15:00,False,15:15:00,2023-11-05
1790,2023-11-05 15:30:00,False,15:30:00,2023-11-05
1791,2023-11-05 15:45:00,False,15:45:00,2023-11-05
1792,2023-11-05 16:00:00,False,16:00:00,2023-11-05
1793,2023-11-05 16:15:00,False,16:15:00,2023-11-05
1794,2023-11-05 16:30:00,False,16:30:00,2023-11-05
1795,2023-11-05 16:45:00,False,16:45:00,2023-11-05
1796,2023-11-05 17:00:00,False,17:00:00,2023-11-05
1797,2023-11-05 17:15:00,False,17:15:00,2023-11-05
1798,2023-11-05 17:30:00,True,17:30:00,2023-11-05
1799,2023-11-05 17:45:00,False,17:45:00,2023-11-05
1800,2023-11-05 18:00:00,False,18:00:00,2023-11-05
1801,2023-11-05 18:15:00,False,18:15:00,2023-11-05
1802,2023-11-05 18:30:00,False,18:30:00,2023-11-05
1803,2023-11-05 18:45:00,False,18:45:00,2023-11-05
1804,2023-11-05 19:00:00,False,19:00:00,2023-11-05
1805,2023-11-05 19:15:00,False,19:15:00,2023-11-05
1806,2023-11-05 19:30:00,False,19:30:00,2023-11-05
1807,2023-11-05 19:45:00,False,19:45:00,2023-11-05
1808,2023-11-05 20:00:00,False,20:00:00,2023-11-05
1809,2023-11-05 20:15:00,False,20:15:00,2023-11-05
1810,2023-11-05 20:30:00,False,20:30:00,2023-11-05
1811,2023-11-05 20:45:00,False,20:45:00,2023-11-05
1812,2023-11-05 21:00:00,False,21:00:00,2023-11-05
1813,2023-11-05 21:15:00,False,21:15:00,2023-11-05
1814,2023-11-05 21:30:00,False,21:30:00,2023-11-05
1815,2023-11-05 21:45:00,False,21:45:00,2023-11-05
1816,2023-11-05 22:00:00,False,22:00:00,2023-11-05
1817,2023-11-05 22:15:00,False,22:15:00,2023-11-05
1818,2023-11-05 22:30:00,False,22:30:00,2023-11-05
1819,2023-11-05 22:45:00,False,22:45:00,2023-11-05
1820,2023-11-05 23:00:00,False,23:00:00,2023-11-05
1821,2023-11-05 23:15:00,False,23:15:00,2023-11-05
1822,2023-11-05 23:30:00,False,23:30:00,2023-11-05
1823,2023-11-05 23:45:00,False,23:45:00,2023-11-05
1824,2023-11-06 00:00:00,False,00:00:00,2023-11-06
1825,2023-11-06 00:15:00,False,00:15:00,2023-11-06
1826,2023-11-06 00:30:00,False,00:30:00,2023-11-06
1827,2023-11-06 00:45:00,False,00:45:00,2023-11-06
1828,2023-11-06 01:00:00,False,01:00:00,2023-11-06
1829,2023-11-06 01:15:00,False,01:15:00,2023-11-06
1830,2023-11-06 01:30:00,False,01:30:00,2023-11-06
1831,2023-11-06 01:45:00,False,01:45:00,2023-11-06
1832,2023-11-06 02:00:00,False,02:00:00,2023-11-06
1833,2023-11-06 02:15:00,False,02:15:00,2023-11-06
1834,2023-11-06 02:30:00,False,02:30:00,2023-11-06
1835,2023-11-06 02:45:00,False,02:45:00,2023-11-06
1836,2023-11-06 03:00:00,False,03:00:00,2023-11-06
1837,2023-11-06 03:15:00,False,03:15:00,2023-11-06
1838,2023-11-06 03:30:00,False,03:30:00,2023-11-06
1839,2023-11-06 03:45:00,False,03:45:00,2023-11-06
1840,2023-11-06 04:00:00,False,04:00:00,2023-11-06
1841,2023-11-06 04:15:00,False,04:15:00,2023-11-06
1842,2023-11-06 04:30:00,False,04:30:00,2023-11-06
1843,2023-11-06 04:45:00,False,04:45:00,2023-11-06
1844,2023-11-06 05:00:00,False,05:00:00,2023-11-06
1845,2023-11-06 05:15:00,False,05:15:00,2023-11-06
1846,2023-11-06 05:30:00,False,05:30:00,2023-11-06
1847,2023-11-06 05:45:00,False,05:45:00,2023-11-06
1848,2023-11-06 06:00:00,False,06:00:00,2023-11-06
1849,2023-11-06 06:15:00,False,06:15:00,2023-11-06
1850,2023-11-06 06:30:00,False,06:30:00,2023-11-06
1851,2023-11-06 06:45:00,False,06:45:00,2023-11-06
1852,2023-11-06 07:00:00,False,07:00:00,2023-11-06
1853,2023-11-06 07:15:00,False,07:15:00,2023-11-06
1854,2023-11-06 07:30:00,False,07:30:00,2023-11-06
1855,2023-11-06 07:45:00,False,07:45:00,2023-11-06
1856,2023-11-06 08:00:00,False,08:00:00,2023-11-06
1857,2023-11-06 08:15:00,False,08:15:00,2023-11-06
1858,2023-11-06 08:30:00,False,08:30:00,2023-11-06
1859,2023-11-06 08:45:00,False,08:45:00,2023-11-06
1860,2023-11-06 09:00:00,False,09:00:00,2023-11-06
1861,2023-11-06 09:15:00,False,09:15:00,2023-11-06
1862,2023-11-06 09:30:00,False,09:30:00,2023-11-06
1863,2023-11-06 09:45:00,False,09:45:00,2023-11-06
1864,2023-11-06 10:00:00,False,10:00:00,2023-11-06
1865,2023-11-06 10:15:00,False,10:15:00,2023-11-06
1866,2023-11-06 10:30:00,False,10:30:00,2023-11-06
1867,2023-11-06 10:45:00,False,10:45:00,2023-11-06
1868,2023-11-06 11:00:00,False,11:00:00,2023-11-06
1869,2023-11-06 11:15:00,False,11:15:00,2023-11-06
1870,2023-11-06 11:30:00,False,11:30:00,2023-11-06
1871,2023-11-06 11:45:00,False,11:45:00,2023-11-06
1872,2023-11-06 12:00:00,False,12:00:00,2023-11-06
1873,2023-11-06 12:15:00,False,12:15:00,2023-11-06
1874,2023-11-06 12:30:00,False,12:30:00,2023-11-06
1875,2023-11-06 12:45:00,False,12:45:00,2023-11-06
1876,2023-11-06 13:00:00,False,13:00:00,2023-11-06
1877,2023-11-06 13:15:00,False,13:15:00,2023-11-06
1878,2023-11-06 13:30:00,False,13:30:00,2023-11-06
1879,2023-11-06 13:45:00,False,13:45:00,2023-11-06
1880,2023-11-06 14:00:00,False,14:00:00,2023-11-06
1881,2023-11-06 14:15:00,False,14:15:00,2023-11-06
1882,2023-11-06 14:30:00,False,14:30:00,2023-11-06
1883,2023-11-06 14:45:00,False,14:45:00,2023-11-06
1884,2023-11-06 15:00:00,False,15:00:00,2023-11-06
1885,2023-11-06 15:15:00,False,15:15:00,2023-11-06
1886,2023-11-06 15:30:00,False,15:30:00,2023-11-06
1887,2023-11-06 15:45:00,False,15:45:00,2023-11-06
1888,2023-11-06 16:00:00,False,16:00:00,2023-11-06
1889,2023-11-06 16:15:00,False,16:15:00,2023-11-06
1890,2023-11-06 16:30:00,False,16:30:00,2023-11-06
1891,2023-11-06 16:45:00,False,16:45:00,2023-11-06
1892,2023-11-06 17:00:00,False,17:00:00,2023-11-06
1893,2023-11-06 17:15:00,False,17:15:00,2023-11-06
1894,2023-11-06 17:30:00,False,17:30:00,2023-11-06
1895,2023-11-06 17:45:00,False,17:45:00,2023-11-06
1896,2023-11-06 18:00:00,False,18:00:00,2023-11-06
1897,2023-11-06 18:15:00,False,18:15:00,2023-11-06
1898,2023-11-06 18:30:00,False,18:30:00,2023-11-06
1899,2023-11-06 18:45:00,False,18:45:00,2023-11-06
1900,2023-11-06 19:00:00,False,19:00:00,2023-11-06
1901,2023-11-06 19:15:00,True,19:15:00,2023-11-06
1902,2023-11-06 19:30:00,True,19:30:00,2023-11-06
1903,2023-11-06 19:45:00,True,19:45:00,2023-11-06
1904,2023-11-06 20:00:00,True,20:00:00,2023-11-06
1905,2023-11-06 20:15:00,True,20:15:00,2023-11-06
1906,2023-11-06 20:30:00,True,20:30:00,2023-11-06
1907,2023-11-06 20:45:00,True,20:45:00,2023-11-06
1908,2023-11-06 21:00:00,True,21:00:00,2023-11-06
1909,2023-11-06 21:15:00,True,21:15:00,2023-11-06
1910,2023-11-06 21:30:00,True,21:30:00,2023-11-06
1911,2023-11-06 21:45:00,True,21:45:00,2023-11-06
1912,2023-11-06 22:00:00,True,22:00:00,2023-11-06
1913,2023-11-06 22:15:00,True,22:15:00,2023-11-06
1914,2023-11-06 22:30:00,True,22:30:00,2023-11-06
1915,2023-11-06 22:45:00,True,22:45:00,2023-11-06
1916,2023-11-06 23:00:00,True,23:00:00,2023-11-06
1917,2023-11-06 23:15:00,True,23:15:00,2023-11-06
1918,2023-11-06 23:30:00,True,23:30:00,2023-11-06
1919,2023-11-06 23:45:00,True,23:45:00,2023-11-06
1920,2023-11-07 00:00:00,True,00:00:00,2023-11-07
1921,2023-11-07 00:15:00,True,00:15:00,2023-11-07
1922,2023-11-07 00:30:00,True,00:30:00,2023-11-07
1923,2023-11-07 00:45:00,True,00:45:00,2023-11-07
1924,2023-11-07 01:00:00,True,01:00:00,2023-11-07
1925,2023-11-07 01:15:00,True,01:15:00,2023-11-07
1926,2023-11-07 01:30:00,True,01:30:00,2023-11-07
1927,2023-11-07 01:45:00,True,01:45:00,2023-11-07
1928,2023-11-07 02:00:00,True,02:00:00,2023-11-07
1929,2023-11-07 02:15:00,True,02:15:00,2023-11-07
1930,2023-11-07 02:30:00,True,02:30:00,2023-11-07
1931,2023-11-07 02:45:00,True,02:45:00,2023-11-07
1932,2023-11-07 03:00:00,True,03:00:00,2023-11-07
1933,2023-11-07 03:15:00,True,03:15:00,2023-11-07
1934,2023-11-07 03:30:00,True,03:30:00,2023-11-07
1935,2023-11-07 03:45:00,True,03:45:00,2023-11-07
1936,2023-11-07 04:00:00,True,04:00:00,2023-11-07
1937,2023-11-07 04:15:00,True,04:15:00,2023-11-07
1938,2023-11-07 04:30:00,True,04:30:00,2023-11-07
1939,2023-11-07 04:45:00,True,04:45:00,2023-11-07
1940,2023-11-07 05:00:00,True,05:00:00,2023-11-07
1941,2023-11-07 05:15:00,True,05:15:00,2023-11-07
1942,2023-11-07 05:30:00,True,05:30:00,2023-11-07
1943,2023-11-07 05:45:00,True,05:45:00,2023-11-07
1944,2023-11-07 06:00:00,True,06:00:00,2023-11-07
1945,2023-11-07 06:15:00,True,06:15:00,2023-11-07
1946,2023-11-07 06:30:00,True,06:30:00,2023-11-07
1947,2023-11-07 06:45:00,True,06:45:00,2023-11-07
1948,2023-11-07 07:00:00,True,07:00:00,2023-11-07
1949,2023-11-07 07:15:00,True,07:15:00,2023-11-07
1950,2023-11-07 07:30:00,True,07:30:00,2023-11-07
1951,2023-11-07 07:45:00,True,07:45:00,2023-11-07
1952,2023-11-07 08:00:00,True,08:00:00,2023-11-07
1953,2023-11-07 08:15:00,True,08:15:00,2023-11-07
1954,2023-11-07 08:30:00,True,08:30:00,2023-11-07
1955,2023-11-07 08:45:00,True,08:45:00,2023-11-07
1956,2023-11-07 09:00:00,True,09:00:00,2023-11-07
1957,2023-11-07 09:15:00,True,09:15:00,2023-11-07
1958,2023-11-07 09:30:00,True,09:30:00,2023-11-07
1959,2023-11-07 09:45:00,True,09:45:00,2023-11-07
1960,2023-11-07 10:00:00,True,10:00:00,2023-11-07
1961,2023-11-07 10:15:00,True,10:15:00,2023-11-07
1962,2023-11-07 10:30:00,True,10:30:00,2023-11-07
1963,2023-11-07 10:45:00,True,10:45:00,2023-11-07
1964,2023-11-07 11:00:00,True,11:00:00,2023-11-07
1965,2023-11-07 11:15:00,True,11:15:00,2023-11-07
1966,2023-11-07 11:30:00,True,11:30:00,2023-11-07
1967,2023-11-07 11:45:00,True,11:45:00,2023-11-07
1968,2023-11-07 12:00:00,True,12:00:00,2023-11-07
1969,2023-11-07 12:15:00,True,12:15:00,2023-11-07
1970,2023-11-07 12:30:00,True,12:30:00,2023-11-07
1971,2023-11-07 12:45:00,True,12:45:00,2023-11-07
1972,2023-11-07 13:00:00,True,13:00:00,2023-11-07
1973,2023-11-07 13:15:00,True,13:15:00,2023-11-07
1974,2023-11-07 13:30:00,True,13:30:00,2023-11-07
1975,2023-11-07 13:45:00,True,13:45:00,2023-11-07
1976,2023-11-07 14:00:00,True,14:00:00,2023-11-07
1977,2023-11-07 14:15:00,True,14:15:00,2023-11-07
1978,2023-11-07 14:30:00,True,14:30:00,2023-11-07
1979,2023-11-07 14:45:00,True,14:45:00,2023-11-07
1980,2023-11-07 15:00:00,True,15:00:00,2023-11-07
1981,2023-11-07 15:15:00,True,15:15:00,2023-11-07
1982,2023-11-07 15:30:00,True,15:30:00,2023-11-07
1983,2023-11-07 15:45:00,True,15:45:00,2023-11-07
1984,2023-11-07 16:00:00,True,16:00:00,2023-11-07
1985,2023-11-07 16:15:00,True,16:15:00,2023-11-07
1986,2023-11-07 16:30:00,True,16:30:00,2023-11-07
1987,2023-11-07 16:45:00,True,16:45:00,2023-11-07
1988,2023-11-07 17:00:00,True,17:00:00,2023-11-07
1989,2023-11-07 17:15:00,True,17:15:00,2023-11-07
1990,2023-11-07 17:30:00,True,17:30:00,2023-11-07
1991,2023-11-07 17:45:00,True,17:45:00,2023-11-07
1992,2023-11-07 18:00:00,True,18:00:00,2023-11-07
1993,2023-11-07 18:15:00,True,18:15:00,2023-11-07
1994,2023-11-07 18:30:00,True,18:30:00,2023-11-07
1995,2023-11-07 18:45:00,True,18:45:00,2023-11-07
1996,2023-11-07 19:00:00,True,19:00:00,2023-11-07
1997,2023-11-07 19:15:00,True,19:15:00,2023-11-07
1998,2023-11-07 19:30:00,True,19:30:00,2023-11-07
1999,2023-11-07 19:45:00,True,19:45:00,2023-11-07
2000,2023-11-07 20:00:00,True,20:00:00,2023-11-07
2001,2023-11-07 20:15:00,True,20:15:00,2023-11-07
2002,2023-11-07 20:30:00,True,20:30:00,2023-11-07
2003,2023-11-07 20:45:00,True,20:45:00,2023-11-07
2004,2023-11-07 21:00:00,True,21:00:00,2023-11-07
2005,2023-11-07 21:15:00,True,21:15:00,2023-11-07
2006,2023-11-07 21:30:00,True,21:30:00,2023-11-07
2007,2023-11-07 21:45:00,True,21:45:00,2023-11-07
2008,2023-11-07 22:00:00,True,22:00:00,2023-11-07
2009,2023-11-07 22:15:00,True,22:15:00,2023-11-07
2010,2023-11-07 22:30:00,True,22:30:00,2023-11-07
2011,2023-11-07 22:45:00,True,22:45:00,2023-11-07
2012,2023-11-07 23:00:00,True,23:00:00,2023-11-07
2013,2023-11-07 23:15:00,True,23:15:00,2023-11-07
2014,2023-11-07 23:30:00,True,23:30:00,2023-11-07
2015,2023-11-07 23:45:00,True,23:45:00,2023-11-07
2016,2023-11-08 00:00:00,True,00:00:00,2023-11-08
2017,2023-11-08 00:15:00,True,00:15:00,2023-11-08
2018,2023-11-08 00:30:00,True,00:30:00,2023-11-08
2019,2023-11-08 00:45:00,True,00:45:00,2023-11-08
2020,2023-11-08 01:00:00,True,01:00:00,2023-11-08
2021,2023-11-08 01:15:00,True,01:15:00,2023-11-08
2022,2023-11-08 01:30:00,True,01:30:00,2023-11-08
2023,2023-11-08 01:45:00,True,01:45:00,2023-11-08
2024,2023-11-08 02:00:00,True,02:00:00,2023-11-08
2025,2023-11-08 02:15:00,True,02:15:00,2023-11-08
2026,2023-11-08 02:30:00,True,02:30:00,2023-11-08
2027,2023-11-08 02:45:00,True,02:45:00,2023-11-08
2028,2023-11-08 03:00:00,True,03:00:00,2023-11-08
2029,2023-11-08 03:15:00,True,03:15:00,2023-11-08
2030,2023-11-08 03:30:00,True,03:30:00,2023-11-08
2031,2023-11-08 03:45:00,True,03:45:00,2023-11-08
2032,2023-11-08 04:00:00,True,04:00:00,2023-11-08
2033,2023-11-08 04:15:00,True,04:15:00,2023-11-08
2034,2023-11-08 04:30:00,True,04:30:00,2023-11-08
2035,2023-11-08 04:45:00,True,04:45:00,2023-11-08
2036,2023-11-08 05:00:00,True,05:00:00,2023-11-08
2037,2023-11-08 05:15:00,True,05:15:00,2023-11-08
2038,2023-11-08 05:30:00,True,05:30:00,2023-11-08
2039,2023-11-08 05:45:00,True,05:45:00,2023-11-08
2040,2023-11-08 06:00:00,True,06:00:00,2023-11-08
2041,2023-11-08 06:15:00,True,06:15:00,2023-11-08
2042,2023-11-08 06:30:00,True,06:30:00,2023-11-08
2043,2023-11-08 06:45:00,True,06:45:00,2023-11-08
2044,2023-11-08 07:00:00,True,07:00:00,2023-11-08
2045,2023-11-08 07:15:00,True,07:15:00,2023-11-08
2046,2023-11-08 07:30:00,True,07:30:00,2023-11-08
2047,2023-11-08 07:45:00,True,07:45:00,2023-11-08
2048,2023-11-08 08:00:00,True,08:00:00,2023-11-08
2049,2023-11-08 08:15:00,True,08:15:00,2023-11-08
2050,2023-11-08 08:30:00,True,08:30:00,2023-11-08
2051,2023-11-08 08:45:00,True,08:45:00,2023-11-08
2052,2023-11-08 09:00:00,True,09:00:00,2023-11-08
2053,2023-11-08 09:15:00,True,09:15:00,2023-11-08
2054,2023-11-08 09:30:00,True,09:30:00,2023-11-08
2055,2023-11-08 09:45:00,True,09:45:00,2023-11-08
2056,2023-11-08 10:00:00,True,10:00:00,2023-11-08
2057,2023-11-08 10:15:00,True,10:15:00,2023-11-08
2058,2023-11-08 10:30:00,True,10:30:00,2023-11-08
2059,2023-11-08 10:45:00,True,10:45:00,2023-11-08
2060,2023-11-08 11:00:00,True,11:00:00,2023-11-08
2061,2023-11-08 11:15:00,True,11:15:00,2023-11-08
2062,2023-11-08 11:30:00,True,11:30:00,2023-11-08
2063,2023-11-08 11:45:00,True,11:45:00,2023-11-08
2064,2023-11-08 12:00:00,True,12:00:00,2023-11-08
2065,2023-11-08 12:15:00,True,12:15:00,2023-11-08
2066,2023-11-08 12:30:00,True,12:30:00,2023-11-08
2067,2023-11-08 12:45:00,True,12:45:00,2023-11-08
2068,2023-11-08 13:00:00,True,13:00:00,2023-11-08
2069,2023-11-08 13:15:00,True,13:15:00,2023-11-08
2070,2023-11-08 13:30:00,True,13:30:00,2023-11-08
2071,2023-11-08 13:45:00,True,13:45:00,2023-11-08
2072,2023-11-08 14:00:00,True,14:00:00,2023-11-08
2073,2023-11-08 14:15:00,True,14:15:00,2023-11-08
2074,2023-11-08 14:30:00,True,14:30:00,2023-11-08
2075,2023-11-08 14:45:00,True,14:45:00,2023-11-08
2076,2023-11-08 15:00:00,True,15:00:00,2023-11-08
2077,2023-11-08 15:15:00,True,15:15:00,2023-11-08
2078,2023-11-08 15:30:00,True,15:30:00,2023-11-08
2079,2023-11-08 15:45:00,True,15:45:00,2023-11-08
2080,2023-11-08 16:00:00,True,16:00:00,2023-11-08
2081,2023-11-08 16:15:00,True,16:15:00,2023-11-08
2082,2023-11-08 16:30:00,True,16:30:00,2023-11-08
2083,2023-11-08 16:45:00,True,16:45:00,2023-11-08
2084,2023-11-08 17:00:00,True,17:00:00,2023-11-08
2085,2023-11-08 17:15:00,True,17:15:00,2023-11-08
2086,2023-11-08 17:30:00,True,17:30:00,2023-11-08
2087,2023-11-08 17:45:00,True,17:45:00,2023-11-08
2088,2023-11-08 18:00:00,True,18:00:00,2023-11-08
2089,2023-11-08 18:15:00,True,18:15:00,2023-11-08
2090,2023-11-08 18:30:00,True,18:30:00,2023-11-08
2091,2023-11-08 18:45:00,True,18:45:00,2023-11-08
2092,2023-11-08 19:00:00,True,19:00:00,2023-11-08
2093,2023-11-08 19:15:00,True,19:15:00,2023-11-08
2094,2023-11-08 19:30:00,True,19:30:00,2023-11-08
2095,2023-11-08 19:45:00,True,19:45:00,2023-11-08
2096,2023-11-08 20:00:00,True,20:00:00,2023-11-08
2097,2023-11-08 20:15:00,True,20:15:00,2023-11-08
2098,2023-11-08 20:30:00,True,20:30:00,2023-11-08
2099,2023-11-08 20:45:00,True,20:45:00,2023-11-08
2100,2023-11-08 21:00:00,True,21:00:00,2023-11-08
2101,2023-11-08 21:15:00,True,21:15:00,2023-11-08
2102,2023-11-08 21:30:00,True,21:30:00,2023-11-08
2103,2023-11-08 21:45:00,True,21:45:00,2023-11-08
2104,2023-11-08 22:00:00,True,22:00:00,2023-11-08
2105,2023-11-08 22:15:00,True,22:15:00,2023-11-08
2106,2023-11-08 22:30:00,True,22:30:00,2023-11-08
2107,2023-11-08 22:45:00,True,22:45:00,2023-11-08
2108,2023-11-08 23:00:00,True,23:00:00,2023-11-08
2109,2023-11-08 23:15:00,True,23:15:00,2023-11-08
2110,2023-11-08 23:30:00,True,23:30:00,2023-11-08
2111,2023-11-08 23:45:00,True,23:45:00,2023-11-08
2112,2023-11-09 00:00:00,True,00:00:00,2023-11-09
2113,2023-11-09 00:15:00,True,00:15:00,2023-11-09
2114,2023-11-09 00:30:00,True,00:30:00,2023-11-09
2115,2023-11-09 00:45:00,True,00:45:00,2023-11-09
2116,2023-11-09 01:00:00,True,01:00:00,2023-11-09
2117,2023-11-09 01:15:00,True,01:15:00,2023-11-09
2118,2023-11-09 01:30:00,True,01:30:00,2023-11-09
2119,2023-11-09 01:45:00,True,01:45:00,2023-11-09
2120,2023-11-09 02:00:00,True,02:00:00,2023-11-09
2121,2023-11-09 02:15:00,True,02:15:00,2023-11-09
2122,2023-11-09 02:30:00,True,02:30:00,2023-11-09
2123,2023-11-09 02:45:00,True,02:45:00,2023-11-09
2124,2023-11-09 03:00:00,True,03:00:00,2023-11-09
2125,2023-11-09 03:15:00,True,03:15:00,2023-11-09
2126,2023-11-09 03:30:00,True,03:30:00,2023-11-09
2127,2023-11-09 03:45:00,True,03:45:00,2023-11-09
2128,2023-11-09 04:00:00,True,04:00:00,2023-11-09
2129,2023-11-09 04:15:00,True,04:15:00,2023-11-09
2130,2023-11-09 04:30:00,True,04:30:00,2023-11-09
2131,2023-11-09 04:45:00,True,04:45:00,2023-11-09
2132,2023-11-09 05:00:00,True,05:00:00,2023-11-09
2133,2023-11-09 05:15:00,True,05:15:00,2023-11-09
2134,2023-11-09 05:30:00,True,05:30:00,2023-11-09
2135,2023-11-09 05:45:00,True,05:45:00,2023-11-09
2136,2023-11-09 06:00:00,True,06:00:00,2023-11-09
2137,2023-11-09 06:15:00,True,06:15:00,2023-11-09
2138,2023-11-09 06:30:00,True,06:30:00,2023-11-09
2139,2023-11-09 06:45:00,True,06:45:00,2023-11-09
2140,2023-11-09 07:00:00,True,07:00:00,2023-11-09
2141,2023-11-09 07:15:00,True,07:15:00,2023-11-09
2142,2023-11-09 07:30:00,True,07:30:00,2023-11-09
2143,2023-11-09 07:45:00,True,07:45:00,2023-11-09
2144,2023-11-09 08:00:00,True,08:00:00,2023-11-09
2145,2023-11-09 08:15:00,True,08:15:00,2023-11-09
2146,2023-11-09 08:30:00,True,08:30:00,2023-11-09
2147,2023-11-09 08:45:00,True,08:45:00,2023-11-09
2148,2023-11-09 09:00:00,True,09:00:00,2023-11-09
2149,2023-11-09 09:15:00,True,09:15:00,2023-11-09
2150,2023-11-09 09:30:00,True,09:30:00,2023-11-09
2151,2023-11-09 09:45:00,True,09:45:00,2023-11-09
2152,2023-11-09 10:00:00,False,10:00:00,2023-11-09
2153,2023-11-09 10:15:00,False,10:15:00,2023-11-09
2154,2023-11-09 10:30:00,False,10:30:00,2023-11-09
2155,2023-11-09 10:45:00,False,10:45:00,2023-11-09
2156,2023-11-09 11:00:00,False,11:00:00,2023-11-09
2157,2023-11-09 11:15:00,False,11:15:00,2023-11-09
2158,2023-11-09 11:30:00,False,11:30:00,2023-11-09
2159,2023-11-09 11:45:00,False,11:45:00,2023-11-09
2160,2023-11-09 12:00:00,False,12:00:00,2023-11-09
2161,2023-11-09 12:15:00,False,12:15:00,2023-11-09
2162,2023-11-09 12:30:00,False,12:30:00,2023-11-09
2163,2023-11-09 12:45:00,False,12:45:00,2023-11-09
2164,2023-11-09 13:00:00,False,13:00:00,2023-11-09
2165,2023-11-09 13:15:00,False,13:15:00,2023-11-09
2166,2023-11-09 13:30:00,False,13:30:00,2023-11-09
2167,2023-11-09 13:45:00,False,13:45:00,2023-11-09
2168,2023-11-09 14:00:00,False,14:00:00,2023-11-09
2169,2023-11-09 14:15:00,False,14:15:00,2023-11-09
2170,2023-11-09 14:30:00,False,14:30:00,2023-11-09
2171,2023-11-09 14:45:00,False,14:45:00,2023-11-09
2172,2023-11-09 15:00:00,False,15:00:00,2023-11-09
2173,2023-11-09 15:15:00,False,15:15:00,2023-11-09
2174,2023-11-09 15:30:00,False,15:30:00,2023-11-09
2175,2023-11-09 15:45:00,False,15:45:00,2023-11-09
2176,2023-11-09 16:00:00,False,16:00:00,2023-11-09
2177,2023-11-09 16:15:00,False,16:15:00,2023-11-09
2178,2023-11-09 16:30:00,False,16:30:00,2023-11-09
2179,2023-11-09 16:45:00,False,16:45:00,2023-11-09
2180,2023-11-09 17:00:00,False,17:00:00,2023-11-09
2181,2023-11-09 17:15:00,False,17:15:00,2023-11-09
2182,2023-11-09 17:30:00,False,17:30:00,2023-11-09
2183,2023-11-09 17:45:00,False,17:45:00,2023-11-09
2184,2023-11-09 18:00:00,False,18:00:00,2023-11-09
2185,2023-11-09 18:15:00,False,18:15:00,2023-11-09
2186,2023-11-09 18:30:00,False,18:30:00,2023-11-09
2187,2023-11-09 18:45:00,False,18:45:00,2023-11-09
2188,2023-11-09 19:00:00,False,19:00:00,2023-11-09
2189,2023-11-09 19:15:00,False,19:15:00,2023-11-09
2190,2023-11-09 19:30:00,False,19:30:00,2023-11-09
2191,2023-11-09 19:45:00,False,19:45:00,2023-11-09
2192,2023-11-09 20:00:00,False,20:00:00,2023-11-09
2193,2023-11-09 20:15:00,False,20:15:00,2023-11-09
2194,2023-11-09 20:30:00,False,20:30:00,2023-11-09
2195,2023-11-09 20:45:00,False,20:45:00,2023-11-09
2196,2023-11-09 21:00:00,False,21:00:00,2023-11-09
2197,2023-11-09 21:15:00,False,21:15:00,2023-11-09
2198,2023-11-09 21:30:00,False,21:30:00,2023-11-09
2199,2023-11-09 21:45:00,False,21:45:00,2023-11-09
2200,2023-11-09 22:00:00,False,22:00:00,2023-11-09
2201,2023-11-09 22:15:00,False,22:15:00,2023-11-09
2202,2023-11-09 22:30:00,False,22:30:00,2023-11-09
2203,2023-11-09 22:45:00,False,22:45:00,2023-11-09
2204,2023-11-09 23:00:00,False,23:00:00,2023-11-09
2205,2023-11-09 23:15:00,False,23:15:00,2023-11-09
2206,2023-11-09 23:30:00,False,23:30:00,2023-11-09
2207,2023-11-09 23:45:00,False,23:45:00,2023-11-09
2208,2023-11-10 00:00:00,False,00:00:00,2023-11-10
2209,2023-11-10 00:15:00,False,00:15:00,2023-11-10
2210,2023-11-10 00:30:00,False,00:30:00,2023-11-10
2211,2023-11-10 00:45:00,False,00:45:00,2023-11-10
2212,2023-11-10 01:00:00,False,01:00:00,2023-11-10
2213,2023-11-10 01:15:00,False,01:15:00,2023-11-10
2214,2023-11-10 01:30:00,False,01:30:00,2023-11-10
2215,2023-11-10 01:45:00,False,01:45:00,2023-11-10
2216,2023-11-10 02:00:00,False,02:00:00,2023-11-10
2217,2023-11-10 02:15:00,False,02:15:00,2023-11-10
2218,2023-11-10 02:30:00,False,02:30:00,2023-11-10
2219,2023-11-10 02:45:00,False,02:45:00,2023-11-10
2220,2023-11-10 03:00:00,False,03:00:00,2023-11-10
2221,2023-11-10 03:15:00,False,03:15:00,2023-11-10
2222,2023-11-10 03:30:00,False,03:30:00,2023-11-10
2223,2023-11-10 03:45:00,False,03:45:00,2023-11-10
2224,2023-11-10 04:00:00,False,04:00:00,2023-11-10
2225,2023-11-10 04:15:00,False,04:15:00,2023-11-10
2226,2023-11-10 04:30:00,False,04:30:00,2023-11-10
2227,2023-11-10 04:45:00,False,04:45:00,2023-11-10
2228,2023-11-10 05:00:00,False,05:00:00,2023-11-10
2229,2023-11-10 05:15:00,False,05:15:00,2023-11-10
2230,2023-11-10 05:30:00,False,05:30:00,2023-11-10
2231,2023-11-10 05:45:00,False,05:45:00,2023-11-10
2232,2023-11-10 06:00:00,False,06:00:00,2023-11-10
2233,2023-11-10 06:15:00,False,06:15:00,2023-11-10
2234,2023-11-10 06:30:00,False,06:30:00,2023-11-10
2235,2023-11-10 06:45:00,False,06:45:00,2023-11-10
2236,2023-11-10 07:00:00,False,07:00:00,2023-11-10
2237,2023-11-10 07:15:00,False,07:15:00,2023-11-10
2238,2023-11-10 07:30:00,False,07:30:00,2023-11-10
2239,2023-11-10 07:45:00,False,07:45:00,2023-11-10
2240,2023-11-10 08:00:00,False,08:00:00,2023-11-10
2241,2023-11-10 08:15:00,False,08:15:00,2023-11-10
2242,2023-11-10 08:30:00,False,08:30:00,2023-11-10
2243,2023-11-10 08:45:00,False,08:45:00,2023-11-10
2244,2023-11-10 09:00:00,False,09:00:00,2023-11-10
2245,2023-11-10 09:15:00,False,09:15:00,2023-11-10
2246,2023-11-10 09:30:00,True,09:30:00,2023-11-10
2247,2023-11-10 09:45:00,True,09:45:00,2023-11-10
2248,2023-11-10 10:00:00,True,10:00:00,2023-11-10
2249,2023-11-10 10:15:00,True,10:15:00,2023-11-10
2250,2023-11-10 10:30:00,True,10:30:00,2023-11-10
2251,2023-11-10 10:45:00,False,10:45:00,2023-11-10
2252,2023-11-10 11:00:00,False,11:00:00,2023-11-10
2253,2023-11-10 11:15:00,False,11:15:00,2023-11-10
2254,2023-11-10 11:30:00,False,11:30:00,2023-11-10
2255,2023-11-10 11:45:00,False,11:45:00,2023-11-10
2256,2023-11-10 12:00:00,False,12:00:00,2023-11-10
2257,2023-11-10 12:15:00,False,12:15:00,2023-11-10
2258,2023-11-10 12:30:00,False,12:30:00,2023-11-10
2259,2023-11-10 12:45:00,False,12:45:00,2023-11-10
2260,2023-11-10 13:00:00,False,13:00:00,2023-11-10
2261,2023-11-10 13:15:00,False,13:15:00,2023-11-10
2262,2023-11-10 13:30:00,False,13:30:00,2023-11-10
2263,2023-11-10 13:45:00,False,13:45:00,2023-11-10
2264,2023-11-10 14:00:00,False,14:00:00,2023-11-10
2265,2023-11-10 14:15:00,False,14:15:00,2023-11-10
2266,2023-11-10 14:30:00,False,14:30:00,2023-11-10
2267,2023-11-10 14:45:00,False,14:45:00,2023-11-10
2268,2023-11-10 15:00:00,False,15:00:00,2023-11-10
2269,2023-11-10 15:15:00,False,15:15:00,2023-11-10
2270,2023-11-10 15:30:00,False,15:30:00,2023-11-10
2271,2023-11-10 15:45:00,False,15:45:00,2023-11-10
2272,2023-11-10 16:00:00,False,16:00:00,2023-11-10
2273,2023-11-10 16:15:00,False,16:15:00,2023-11-10
2274,2023-11-10 16:30:00,False,16:30:00,2023-11-10
2275,2023-11-10 16:45:00,False,16:45:00,2023-11-10
2276,2023-11-10 17:00:00,False,17:00:00,2023-11-10
2277,2023-11-10 17:15:00,False,17:15:00,2023-11-10
2278,2023-11-10 17:30:00,False,17:30:00,2023-11-10
2279,2023-11-10 17:45:00,False,17:45:00,2023-11-10
2280,2023-11-10 18:00:00,False,18:00:00,2023-11-10
2281,2023-11-10 18:15:00,False,18:15:00,2023-11-10
2282,2023-11-10 18:30:00,False,18:30:00,2023-11-10
2283,2023-11-10 18:45:00,False,18:45:00,2023-11-10
2284,2023-11-10 19:00:00,False,19:00:00,2023-11-10
2285,2023-11-10 19:15:00,False,19:15:00,2023-11-10
2286,2023-11-10 19:30:00,False,19:30:00,2023-11-10
2287,2023-11-10 19:45:00,False,19:45:00,2023-11-10
2288,2023-11-10 20:00:00,False,20:00:00,2023-11-10
2289,2023-11-10 20:15:00,False,20:15:00,2023-11-10
2290,2023-11-10 20:30:00,False,20:30:00,2023-11-10
2291,2023-11-10 20:45:00,False,20:45:00,2023-11-10
2292,2023-11-10 21:00:00,False,21:00:00,2023-11-10
2293,2023-11-10 21:15:00,False,21:15:00,2023-11-10
2294,2023-11-10 21:30:00,False,21:30:00,2023-11-10
2295,2023-11-10 21:45:00,False,21:45:00,2023-11-10
2296,2023-11-10 22:00:00,False,22:00:00,2023-11-10
2297,2023-11-10 22:15:00,False,22:15:00,2023-11-10
2298,2023-11-10 22:30:00,False,22:30:00,2023-11-10
2299,2023-11-10 22:45:00,False,22:45:00,2023-11-10
2300,2023-11-10 23:00:00,False,23:00:00,2023-11-10
2301,2023-11-10 23:15:00,False,23:15:00,2023-11-10
2302,2023-11-10 23:30:00,False,23:30:00,2023-11-10
2303,2023-11-10 23:45:00,False,23:45:00,2023-11-10
2304,2023-11-11 00:00:00,False,00:00:00,2023-11-11
2305,2023-11-11 00:15:00,False,00:15:00,2023-11-11
2306,2023-11-11 00:30:00,False,00:30:00,2023-11-11
2307,2023-11-11 00:45:00,False,00:45:00,2023-11-11
2308,2023-11-11 01:00:00,False,01:00:00,2023-11-11
2309,2023-11-11 01:15:00,False,01:15:00,2023-11-11
2310,2023-11-11 01:30:00,False,01:30:00,2023-11-11
2311,2023-11-11 01:45:00,False,01:45:00,2023-11-11
2312,2023-11-11 02:00:00,False,02:00:00,2023-11-11
2313,2023-11-11 02:15:00,False,02:15:00,2023-11-11
2314,2023-11-11 02:30:00,False,02:30:00,2023-11-11
2315,2023-11-11 02:45:00,False,02:45:00,2023-11-11
2316,2023-11-11 03:00:00,False,03:00:00,2023-11-11
2317,2023-11-11 03:15:00,False,03:15:00,2023-11-11
2318,2023-11-11 03:30:00,False,03:30:00,2023-11-11
2319,2023-11-11 03:45:00,False,03:45:00,2023-11-11
2320,2023-11-11 04:00:00,False,04:00:00,2023-11-11
2321,2023-11-11 04:15:00,False,04:15:00,2023-11-11
2322,2023-11-11 04:30:00,False,04:30:00,2023-11-11
2323,2023-11-11 04:45:00,False,04:45:00,2023-11-11
2324,2023-11-11 05:00:00,False,05:00:00,2023-11-11
2325,2023-11-11 05:15:00,False,05:15:00,2023-11-11
2326,2023-11-11 05:30:00,False,05:30:00,2023-11-11
2327,2023-11-11 05:45:00,False,05:45:00,2023-11-11
2328,2023-11-11 06:00:00,False,06:00:00,2023-11-11
2329,2023-11-11 06:15:00,False,06:15:00,2023-11-11
2330,2023-11-11 06:30:00,False,06:30:00,2023-11-11
2331,2023-11-11 06:45:00,False,06:45:00,2023-11-11
2332,2023-11-11 07:00:00,False,07:00:00,2023-11-11
2333,2023-11-11 07:15:00,False,07:15:00,2023-11-11
2334,2023-11-11 07:30:00,False,07:30:00,2023-11-11
2335,2023-11-11 07:45:00,False,07:45:00,2023-11-11
2336,2023-11-11 08:00:00,False,08:00:00,2023-11-11
2337,2023-11-11 08:15:00,False,08:15:00,2023-11-11
2338,2023-11-11 08:30:00,False,08:30:00,2023-11-11
2339,2023-11-11 08:45:00,False,08:45:00,2023-11-11
2340,2023-11-11 09:00:00,False,09:00:00,2023-11-11
2341,2023-11-11 09:15:00,False,09:15:00,2023-11-11
2342,2023-11-11 09:30:00,False,09:30:00,2023-11-11
2343,2023-11-11 09:45:00,False,09:45:00,2023-11-11
2344,2023-11-11 10:00:00,False,10:00:00,2023-11-11
2345,2023-11-11 10:15:00,False,10:15:00,2023-11-11
2346,2023-11-11 10:30:00,False,10:30:00,2023-11-11
2347,2023-11-11 10:45:00,False,10:45:00,2023-11-11
2348,2023-11-11 11:00:00,False,11:00:00,2023-11-11
2349,2023-11-11 11:15:00,False,11:15:00,2023-11-11
2350,2023-11-11 11:30:00,False,11:30:00,2023-11-11
2351,2023-11-11 11:45:00,False,11:45:00,2023-11-11
2352,2023-11-11 12:00:00,False,12:00:00,2023-11-11
2353,2023-11-11 12:15:00,False,12:15:00,2023-11-11
2354,2023-11-11 12:30:00,False,12:30:00,2023-11-11
2355,2023-11-11 12:45:00,False,12:45:00,2023-11-11
2356,2023-11-11 13:00:00,False,13:00:00,2023-11-11
2357,2023-11-11 13:15:00,False,13:15:00,2023-11-11
2358,2023-11-11 13:30:00,True,13:30:00,2023-11-11
2359,2023-11-11 13:45:00,True,13:45:00,2023-11-11
2360,2023-11-11 14:00:00,True,14:00:00,2023-11-11
2361,2023-11-11 14:15:00,True,14:15:00,2023-11-11
2362,2023-11-11 14:30:00,True,14:30:00,2023-11-11
2363,2023-11-11 14:45:00,True,14:45:00,2023-11-11
2364,2023-11-11 15:00:00,True,15:00:00,2023-11-11
2365,2023-11-11 15:15:00,True,15:15:00,2023-11-11
2366,2023-11-11 15:30:00,True,15:30:00,2023-11-11
2367,2023-11-11 15:45:00,True,15:45:00,2023-11-11
2368,2023-11-11 16:00:00,True,16:00:00,2023-11-11
2369,2023-11-11 16:15:00,True,16:15:00,2023-11-11
2370,2023-11-11 16:30:00,True,16:30:00,2023-11-11
2371,2023-11-11 16:45:00,True,16:45:00,2023-11-11
2372,2023-11-11 17:00:00,True,17:00:00,2023-11-11
2373,2023-11-11 17:15:00,True,17:15:00,2023-11-11
2374,2023-11-11 17:30:00,True,17:30:00,2023-11-11
2375,2023-11-11 17:45:00,True,17:45:00,2023-11-11
2376,2023-11-11 18:00:00,True,18:00:00,2023-11-11
2377,2023-11-11 18:15:00,True,18:15:00,2023-11-11
2378,2023-11-11 18:30:00,True,18:30:00,2023-11-11
2379,2023-11-11 18:45:00,True,18:45:00,2023-11-11
2380,2023-11-11 19:00:00,True,19:00:00,2023-11-11
2381,2023-11-11 19:15:00,True,19:15:00,2023-11-11
2382,2023-11-11 19:30:00,True,19:30:00,2023-11-11
2383,2023-11-11 19:45:00,True,19:45:00,2023-11-11
2384,2023-11-11 20:00:00,True,20:00:00,2023-11-11
2385,2023-11-11 20:15:00,True,20:15:00,2023-11-11
2386,2023-11-11 20:30:00,True,20:30:00,2023-11-11
2387,2023-11-11 20:45:00,True,20:45:00,2023-11-11
2388,2023-11-11 21:00:00,True,21:00:00,2023-11-11
2389,2023-11-11 21:15:00,True,21:15:00,2023-11-11
2390,2023-11-11 21:30:00,True,21:30:00,2023-11-11
2391,2023-11-11 21:45:00,True,21:45:00,2023-11-11
2392,2023-11-11 22:00:00,True,22:00:00,2023-11-11
2393,2023-11-11 22:15:00,True,22:15:00,2023-11-11
2394,2023-11-11 22:30:00,True,22:30:00,2023-11-11
2395,2023-11-11 22:45:00,True,22:45:00,2023-11-11
2396,2023-11-11 23:00:00,True,23:00:00,2023-11-11
2397,2023-11-11 23:15:00,True,23:15:00,2023-11-11
2398,2023-11-11 23:30:00,False,23:30:00,2023-11-11
2399,2023-11-11 23:45:00,False,23:45:00,2023-11-11
2400,2023-11-12 00:00:00,False,00:00:00,2023-11-12
2401,2023-11-12 00:15:00,False,00:15:00,2023-11-12
2402,2023-11-12 00:30:00,False,00:30:00,2023-11-12
2403,2023-11-12 00:45:00,False,00:45:00,2023-11-12
2404,2023-11-12 01:00:00,False,01:00:00,2023-11-12
2405,2023-11-12 01:15:00,False,01:15:00,2023-11-12
2406,2023-11-12 01:30:00,False,01:30:00,2023-11-12
2407,2023-11-12 01:45:00,False,01:45:00,2023-11-12
2408,2023-11-12 02:00:00,False,02:00:00,2023-11-12
2409,2023-11-12 02:15:00,False,02:15:00,2023-11-12
2410,2023-11-12 02:30:00,False,02:30:00,2023-11-12
2411,2023-11-12 02:45:00,False,02:45:00,2023-11-12
2412,2023-11-12 03:00:00,False,03:00:00,2023-11-12
2413,2023-11-12 03:15:00,False,03:15:00,2023-11-12
2414,2023-11-12 03:30:00,False,03:30:00,2023-11-12
2415,2023-11-12 03:45:00,False,03:45:00,2023-11-12
2416,2023-11-12 04:00:00,False,04:00:00,2023-11-12
2417,2023-11-12 04:15:00,False,04:15:00,2023-11-12
2418,2023-11-12 04:30:00,False,04:30:00,2023-11-12
2419,2023-11-12 04:45:00,False,04:45:00,2023-11-12
2420,2023-11-12 05:00:00,False,05:00:00,2023-11-12
2421,2023-11-12 05:15:00,False,05:15:00,2023-11-12
2422,2023-11-12 05:30:00,False,05:30:00,2023-11-12
2423,2023-11-12 05:45:00,False,05:45:00,2023-11-12
2424,2023-11-12 06:00:00,False,06:00:00,2023-11-12
2425,2023-11-12 06:15:00,False,06:15:00,2023-11-12
2426,2023-11-12 06:30:00,False,06:30:00,2023-11-12
2427,2023-11-12 06:45:00,False,06:45:00,2023-11-12
2428,2023-11-12 07:00:00,False,07:00:00,2023-11-12
2429,2023-11-12 07:15:00,False,07:15:00,2023-11-12
2430,2023-11-12 07:30:00,False,07:30:00,2023-11-12
2431,2023-11-12 07:45:00,False,07:45:00,2023-11-12
2432,2023-11-12 08:00:00,False,08:00:00,2023-11-12
2433,2023-11-12 08:15:00,False,08:15:00,2023-11-12
2434,2023-11-12 08:30:00,False,08:30:00,2023-11-12
2435,2023-11-12 08:45:00,False,08:45:00,2023-11-12
2436,2023-11-12 09:00:00,False,09:00:00,2023-11-12
2437,2023-11-12 09:15:00,False,09:15:00,2023-11-12
2438,2023-11-12 09:30:00,False,09:30:00,2023-11-12
2439,2023-11-12 09:45:00,False,09:45:00,2023-11-12
2440,2023-11-12 10:00:00,False,10:00:00,2023-11-12
2441,2023-11-12 10:15:00,False,10:15:00,2023-11-12
2442,2023-11-12 10:30:00,False,10:30:00,2023-11-12
2443,2023-11-12 10:45:00,False,10:45:00,2023-11-12
2444,2023-11-12 11:00:00,False,11:00:00,2023-11-12
2445,2023-11-12 11:15:00,False,11:15:00,2023-11-12
2446,2023-11-12 11:30:00,False,11:30:00,2023-11-12
2447,2023-11-12 11:45:00,False,11:45:00,2023-11-12
2448,2023-11-12 12:00:00,False,12:00:00,2023-11-12
2449,2023-11-12 12:15:00,False,12:15:00,2023-11-12
2450,2023-11-12 12:30:00,False,12:30:00,2023-11-12
2451,2023-11-12 12:45:00,False,12:45:00,2023-11-12
2452,2023-11-12 13:00:00,False,13:00:00,2023-11-12
2453,2023-11-12 13:15:00,False,13:15:00,2023-11-12
2454,2023-11-12 13:30:00,False,13:30:00,2023-11-12
2455,2023-11-12 13:45:00,False,13:45:00,2023-11-12
2456,2023-11-12 14:00:00,False,14:00:00,2023-11-12
2457,2023-11-12 14:15:00,False,14:15:00,2023-11-12
2458,2023-11-12 14:30:00,False,14:30:00,2023-11-12
2459,2023-11-12 14:45:00,False,14:45:00,2023-11-12
2460,2023-11-12 15:00:00,False,15:00:00,2023-11-12
2461,2023-11-12 15:15:00,False,15:15:00,2023-11-12
2462,2023-11-12 15:30:00,False,15:30:00,2023-11-12
2463,2023-11-12 15:45:00,False,15:45:00,2023-11-12
2464,2023-11-12 16:00:00,False,16:00:00,2023-11-12
2465,2023-11-12 16:15:00,False,16:15:00,2023-11-12
2466,2023-11-12 16:30:00,False,16:30:00,2023-11-12
2467,2023-11-12 16:45:00,False,16:45:00,2023-11-12
2468,2023-11-12 17:00:00,False,17:00:00,2023-11-12
2469,2023-11-12 17:15:00,False,17:15:00,2023-11-12
2470,2023-11-12 17:30:00,False,17:30:00,2023-11-12
2471,2023-11-12 17:45:00,False,17:45:00,2023-11-12
2472,2023-11-12 18:00:00,False,18:00:00,2023-11-12
2473,2023-11-12 18:15:00,False,18:15:00,2023-11-12
2474,2023-11-12 18:30:00,False,18:30:00,2023-11-12
2475,2023-11-12 18:45:00,False,18:45:00,2023-11-12
2476,2023-11-12 19:00:00,False,19:00:00,2023-11-12
2477,2023-11-12 19:15:00,False,19:15:00,2023-11-12
2478,2023-11-12 19:30:00,False,19:30:00,2023-11-12
2479,2023-11-12 19:45:00,False,19:45:00,2023-11-12
2480,2023-11-12 20:00:00,False,20:00:00,2023-11-12
2481,2023-11-12 20:15:00,False,20:15:00,2023-11-12
2482,2023-11-12 20:30:00,False,20:30:00,2023-11-12
2483,2023-11-12 20:45:00,False,20:45:00,2023-11-12
2484,2023-11-12 21:00:00,False,21:00:00,2023-11-12
2485,2023-11-12 21:15:00,False,21:15:00,2023-11-12
2486,2023-11-12 21:30:00,False,21:30:00,2023-11-12
2487,2023-11-12 21:45:00,False,21:45:00,2023-11-12
2488,2023-11-12 22:00:00,False,22:00:00,2023-11-12
2489,2023-11-12 22:15:00,False,22:15:00,2023-11-12
2490,2023-11-12 22:30:00,False,22:30:00,2023-11-12
2491,2023-11-12 22:45:00,False,22:45:00,2023-11-12
2492,2023-11-12 23:00:00,False,23:00:00,2023-11-12
2493,2023-11-12 23:15:00,False,23:15:00,2023-11-12
2494,2023-11-12 23:30:00,False,23:30:00,2023-11-12
2495,2023-11-12 23:45:00,False,23:45:00,2023-11-12
2496,2023-11-13 00:00:00,False,00:00:00,2023-11-13
2497,2023-11-13 00:15:00,False,00:15:00,2023-11-13
2498,2023-11-13 00:30:00,False,00:30:00,2023-11-13
2499,2023-11-13 00:45:00,False,00:45:00,2023-11-13
2500,2023-11-13 01:00:00,False,01:00:00,2023-11-13
2501,2023-11-13 01:15:00,False,01:15:00,2023-11-13
2502,2023-11-13 01:30:00,False,01:30:00,2023-11-13
2503,2023-11-13 01:45:00,False,01:45:00,2023-11-13
2504,2023-11-13 02:00:00,False,02:00:00,2023-11-13
2505,2023-11-13 02:15:00,False,02:15:00,2023-11-13
2506,2023-11-13 02:30:00,False,02:30:00,2023-11-13
2507,2023-11-13 02:45:00,False,02:45:00,2023-11-13
2508,2023-11-13 03:00:00,False,03:00:00,2023-11-13
2509,2023-11-13 03:15:00,False,03:15:00,2023-11-13
2510,2023-11-13 03:30:00,False,03:30:00,2023-11-13
2511,2023-11-13 03:45:00,False,03:45:00,2023-11-13
2512,2023-11-13 04:00:00,False,04:00:00,2023-11-13
2513,2023-11-13 04:15:00,False,04:15:00,2023-11-13
2514,2023-11-13 04:30:00,False,04:30:00,2023-11-13
2515,2023-11-13 04:45:00,False,04:45:00,2023-11-13
2516,2023-11-13 05:00:00,False,05:00:00,2023-11-13
2517,2023-11-13 05:15:00,False,05:15:00,2023-11-13
2518,2023-11-13 05:30:00,False,05:30:00,2023-11-13
2519,2023-11-13 05:45:00,False,05:45:00,2023-11-13
2520,2023-11-13 06:00:00,False,06:00:00,2023-11-13
2521,2023-11-13 06:15:00,False,06:15:00,2023-11-13
2522,2023-11-13 06:30:00,False,06:30:00,2023-11-13
2523,2023-11-13 06:45:00,False,06:45:00,2023-11-13
2524,2023-11-13 07:00:00,False,07:00:00,2023-11-13
2525,2023-11-13 07:15:00,False,07:15:00,2023-11-13
2526,2023-11-13 07:30:00,False,07:30:00,2023-11-13
2527,2023-11-13 07:45:00,False,07:45:00,2023-11-13
2528,2023-11-13 08:00:00,False,08:00:00,2023-11-13
2529,2023-11-13 08:15:00,False,08:15:00,2023-11-13
2530,2023-11-13 08:30:00,False,08:30:00,2023-11-13
2531,2023-11-13 08:45:00,False,08:45:00,2023-11-13
2532,2023-11-13 09:00:00,False,09:00:00,2023-11-13
2533,2023-11-13 09:15:00,False,09:15:00,2023-11-13
2534,2023-11-13 09:30:00,False,09:30:00,2023-11-13
2535,2023-11-13 09:45:00,False,09:45:00,2023-11-13
2536,2023-11-13 10:00:00,False,10:00:00,2023-11-13
2537,2023-11-13 10:15:00,False,10:15:00,2023-11-13
2538,2023-11-13 10:30:00,False,10:30:00,2023-11-13
2539,2023-11-13 10:45:00,False,10:45:00,2023-11-13
2540,2023-11-13 11:00:00,False,11:00:00,2023-11-13
2541,2023-11-13 11:15:00,False,11:15:00,2023-11-13
2542,2023-11-13 11:30:00,False,11:30:00,2023-11-13
2543,2023-11-13 11:45:00,False,11:45:00,2023-11-13
2544,2023-11-13 12:00:00,False,12:00:00,2023-11-13
2545,2023-11-13 12:15:00,False,12:15:00,2023-11-13
2546,2023-11-13 12:30:00,False,12:30:00,2023-11-13
2547,2023-11-13 12:45:00,False,12:45:00,2023-11-13
2548,2023-11-13 13:00:00,False,13:00:00,2023-11-13
2549,2023-11-13 13:15:00,False,13:15:00,2023-11-13
2550,2023-11-13 13:30:00,False,13:30:00,2023-11-13
2551,2023-11-13 13:45:00,False,13:45:00,2023-11-13
2552,2023-11-13 14:00:00,False,14:00:00,2023-11-13
2553,2023-11-13 14:15:00,False,14:15:00,2023-11-13
2554,2023-11-13 14:30:00,False,14:30:00,2023-11-13
2555,2023-11-13 14:45:00,False,14:45:00,2023-11-13
2556,2023-11-13 15:00:00,False,15:00:00,2023-11-13
2557,2023-11-13 15:15:00,False,15:15:00,2023-11-13
2558,2023-11-13 15:30:00,False,15:30:00,2023-11-13
2559,2023-11-13 15:45:00,False,15:45:00,2023-11-13
2560,2023-11-13 16:00:00,False,16:00:00,2023-11-13
2561,2023-11-13 16:15:00,False,16:15:00,2023-11-13
2562,2023-11-13 16:30:00,False,16:30:00,2023-11-13
2563,2023-11-13 16:45:00,False,16:45:00,2023-11-13
2564,2023-11-13 17:00:00,False,17:00:00,2023-11-13
2565,2023-11-13 17:15:00,False,17:15:00,2023-11-13
2566,2023-11-13 17:30:00,False,17:30:00,2023-11-13
2567,2023-11-13 17:45:00,False,17:45:00,2023-11-13
2568,2023-11-13 18:00:00,False,18:00:00,2023-11-13
2569,2023-11-13 18:15:00,False,18:15:00,2023-11-13
2570,2023-11-13 18:30:00,False,18:30:00,2023-11-13
2571,2023-11-13 18:45:00,False,18:45:00,2023-11-13
2572,2023-11-13 19:00:00,False,19:00:00,2023-11-13
2573,2023-11-13 19:15:00,False,19:15:00,2023-11-13
2574,2023-11-13 19:30:00,False,19:30:00,2023-11-13
2575,2023-11-13 19:45:00,False,19:45:00,2023-11-13
2576,2023-11-13 20:00:00,False,20:00:00,2023-11-13
2577,2023-11-13 20:15:00,False,20:15:00,2023-11-13
2578,2023-11-13 20:30:00,False,20:30:00,2023-11-13
2579,2023-11-13 20:45:00,False,20:45:00,2023-11-13
2580,2023-11-13 21:00:00,False,21:00:00,2023-11-13
2581,2023-11-13 21:15:00,False,21:15:00,2023-11-13
2582,2023-11-13 21:30:00,False,21:30:00,2023-11-13
2583,2023-11-13 21:45:00,False,21:45:00,2023-11-13
2584,2023-11-13 22:00:00,False,22:00:00,2023-11-13
2585,2023-11-13 22:15:00,False,22:15:00,2023-11-13
2586,2023-11-13 22:30:00,False,22:30:00,2023-11-13
2587,2023-11-13 22:45:00,False,22:45:00,2023-11-13
2588,2023-11-13 23:00:00,False,23:00:00,2023-11-13
2589,2023-11-13 23:15:00,False,23:15:00,2023-11-13
2590,2023-11-13 23:30:00,False,23:30:00,2023-11-13
2591,2023-11-13 23:45:00,False,23:45:00,2023-11-13
2592,2023-11-14 00:00:00,False,00:00:00,2023-11-14
2593,2023-11-14 00:15:00,False,00:15:00,2023-11-14
2594,2023-11-14 00:30:00,False,00:30:00,2023-11-14
2595,2023-11-14 00:45:00,False,00:45:00,2023-11-14
2596,2023-11-14 01:00:00,False,01:00:00,2023-11-14
2597,2023-11-14 01:15:00,False,01:15:00,2023-11-14
2598,2023-11-14 01:30:00,False,01:30:00,2023-11-14
2599,2023-11-14 01:45:00,False,01:45:00,2023-11-14
2600,2023-11-14 02:00:00,False,02:00:00,2023-11-14
2601,2023-11-14 02:15:00,False,02:15:00,2023-11-14
2602,2023-11-14 02:30:00,False,02:30:00,2023-11-14
2603,2023-11-14 02:45:00,False,02:45:00,2023-11-14
2604,2023-11-14 03:00:00,False,03:00:00,2023-11-14
2605,2023-11-14 03:15:00,False,03:15:00,2023-11-14
2606,2023-11-14 03:30:00,False,03:30:00,2023-11-14
2607,2023-11-14 03:45:00,False,03:45:00,2023-11-14
2608,2023-11-14 04:00:00,False,04:00:00,2023-11-14
2609,2023-11-14 04:15:00,False,04:15:00,2023-11-14
2610,2023-11-14 04:30:00,False,04:30:00,2023-11-14
2611,2023-11-14 04:45:00,False,04:45:00,2023-11-14
2612,2023-11-14 05:00:00,False,05:00:00,2023-11-14
2613,2023-11-14 05:15:00,False,05:15:00,2023-11-14
2614,2023-11-14 05:30:00,False,05:30:00,2023-11-14
2615,2023-11-14 05:45:00,False,05:45:00,2023-11-14
2616,2023-11-14 06:00:00,False,06:00:00,2023-11-14
2617,2023-11-14 06:15:00,False,06:15:00,2023-11-14
2618,2023-11-14 06:30:00,False,06:30:00,2023-11-14
2619,2023-11-14 06:45:00,False,06:45:00,2023-11-14
2620,2023-11-14 07:00:00,False,07:00:00,2023-11-14
2621,2023-11-14 07:15:00,False,07:15:00,2023-11-14
2622,2023-11-14 07:30:00,False,07:30:00,2023-11-14
2623,2023-11-14 07:45:00,False,07:45:00,2023-11-14
2624,2023-11-14 08:00:00,False,08:00:00,2023-11-14
2625,2023-11-14 08:15:00,False,08:15:00,2023-11-14
2626,2023-11-14 08:30:00,False,08:30:00,2023-11-14
2627,2023-11-14 08:45:00,False,08:45:00,2023-11-14
2628,2023-11-14 09:00:00,False,09:00:00,2023-11-14
2629,2023-11-14 09:15:00,False,09:15:00,2023-11-14
2630,2023-11-14 09:30:00,False,09:30:00,2023-11-14
2631,2023-11-14 09:45:00,False,09:45:00,2023-11-14
2632,2023-11-14 10:00:00,False,10:00:00,2023-11-14
2633,2023-11-14 10:15:00,False,10:15:00,2023-11-14
2634,2023-11-14 10:30:00,False,10:30:00,2023-11-14
2635,2023-11-14 10:45:00,False,10:45:00,2023-11-14
2636,2023-11-14 11:00:00,False,11:00:00,2023-11-14
2637,2023-11-14 11:15:00,False,11:15:00,2023-11-14
2638,2023-11-14 11:30:00,False,11:30:00,2023-11-14
2639,2023-11-14 11:45:00,False,11:45:00,2023-11-14
2640,2023-11-14 12:00:00,False,12:00:00,2023-11-14
2641,2023-11-14 12:15:00,False,12:15:00,2023-11-14
2642,2023-11-14 12:30:00,False,12:30:00,2023-11-14
2643,2023-11-14 12:45:00,False,12:45:00,2023-11-14
2644,2023-11-14 13:00:00,False,13:00:00,2023-11-14
2645,2023-11-14 13:15:00,False,13:15:00,2023-11-14
2646,2023-11-14 13:30:00,False,13:30:00,2023-11-14
2647,2023-11-14 13:45:00,False,13:45:00,2023-11-14
2648,2023-11-14 14:00:00,False,14:00:00,2023-11-14
2649,2023-11-14 14:15:00,False,14:15:00,2023-11-14
2650,2023-11-14 14:30:00,False,14:30:00,2023-11-14
2651,2023-11-14 14:45:00,False,14:45:00,2023-11-14
2652,2023-11-14 15:00:00,False,15:00:00,2023-11-14
2653,2023-11-14 15:15:00,False,15:15:00,2023-11-14
2654,2023-11-14 15:30:00,False,15:30:00,2023-11-14
2655,2023-11-14 15:45:00,False,15:45:00,2023-11-14
2656,2023-11-14 16:00:00,False,16:00:00,2023-11-14
2657,2023-11-14 16:15:00,False,16:15:00,2023-11-14
2658,2023-11-14 16:30:00,False,16:30:00,2023-11-14
2659,2023-11-14 16:45:00,False,16:45:00,2023-11-14
2660,2023-11-14 17:00:00,False,17:00:00,2023-11-14
2661,2023-11-14 17:15:00,False,17:15:00,2023-11-14
2662,2023-11-14 17:30:00,False,17:30:00,2023-11-14
2663,2023-11-14 17:45:00,False,17:45:00,2023-11-14
2664,2023-11-14 18:00:00,False,18:00:00,2023-11-14
2665,2023-11-14 18:15:00,False,18:15:00,2023-11-14
2666,2023-11-14 18:30:00,False,18:30:00,2023-11-14
2667,2023-11-14 18:45:00,False,18:45:00,2023-11-14
2668,2023-11-14 19:00:00,False,19:00:00,2023-11-14
2669,2023-11-14 19:15:00,False,19:15:00,2023-11-14
2670,2023-11-14 19:30:00,False,19:30:00,2023-11-14
2671,2023-11-14 19:45:00,False,19:45:00,2023-11-14
2672,2023-11-14 20:00:00,False,20:00:00,2023-11-14
2673,2023-11-14 20:15:00,False,20:15:00,2023-11-14
2674,2023-11-14 20:30:00,False,20:30:00,2023-11-14
2675,2023-11-14 20:45:00,False,20:45:00,2023-11-14
2676,2023-11-14 21:00:00,False,21:00:00,2023-11-14
2677,2023-11-14 21:15:00,False,21:15:00,2023-11-14
2678,2023-11-14 21:30:00,False,21:30:00,2023-11-14
2679,2023-11-14 21:45:00,False,21:45:00,2023-11-14
2680,2023-11-14 22:00:00,False,22:00:00,2023-11-14
2681,2023-11-14 22:15:00,False,22:15:00,2023-11-14
2682,2023-11-14 22:30:00,False,22:30:00,2023-11-14
2683,2023-11-14 22:45:00,False,22:45:00,2023-11-14
2684,2023-11-14 23:00:00,False,23:00:00,2023-11-14
2685,2023-11-14 23:15:00,False,23:15:00,2023-11-14
2686,2023-11-14 23:30:00,False,23:30:00,2023-11-14
2687,2023-11-14 23:45:00,False,23:45:00,2023-11-14
2688,2023-11-15 00:00:00,False,00:00:00,2023-11-15
2689,2023-11-15 00:15:00,False,00:15:00,2023-11-15
2690,2023-11-15 00:30:00,False,00:30:00,2023-11-15
2691,2023-11-15 00:45:00,False,00:45:00,2023-11-15
2692,2023-11-15 01:00:00,False,01:00:00,2023-11-15
2693,2023-11-15 01:15:00,False,01:15:00,2023-11-15
2694,2023-11-15 01:30:00,False,01:30:00,2023-11-15
2695,2023-11-15 01:45:00,False,01:45:00,2023-11-15
2696,2023-11-15 02:00:00,False,02:00:00,2023-11-15
2697,2023-11-15 02:15:00,False,02:15:00,2023-11-15
2698,2023-11-15 02:30:00,False,02:30:00,2023-11-15
2699,2023-11-15 02:45:00,False,02:45:00,2023-11-15
2700,2023-11-15 03:00:00,False,03:00:00,2023-11-15
2701,2023-11-15 03:15:00,False,03:15:00,2023-11-15
2702,2023-11-15 03:30:00,False,03:30:00,2023-11-15
2703,2023-11-15 03:45:00,False,03:45:00,2023-11-15
2704,2023-11-15 04:00:00,False,04:00:00,2023-11-15
2705,2023-11-15 04:15:00,False,04:15:00,2023-11-15
2706,2023-11-15 04:30:00,False,04:30:00,2023-11-15
2707,2023-11-15 04:45:00,False,04:45:00,2023-11-15
2708,2023-11-15 05:00:00,False,05:00:00,2023-11-15
2709,2023-11-15 05:15:00,False,05:15:00,2023-11-15
2710,2023-11-15 05:30:00,False,05:30:00,2023-11-15
2711,2023-11-15 05:45:00,False,05:45:00,2023-11-15
2712,2023-11-15 06:00:00,False,06:00:00,2023-11-15
2713,2023-11-15 06:15:00,False,06:15:00,2023-11-15
2714,2023-11-15 06:30:00,False,06:30:00,2023-11-15
2715,2023-11-15 06:45:00,False,06:45:00,2023-11-15
2716,2023-11-15 07:00:00,False,07:00:00,2023-11-15
2717,2023-11-15 07:15:00,False,07:15:00,2023-11-15
2718,2023-11-15 07:30:00,False,07:30:00,2023-11-15
2719,2023-11-15 07:45:00,False,07:45:00,2023-11-15
2720,2023-11-15 08:00:00,False,08:00:00,2023-11-15
2721,2023-11-15 08:15:00,False,08:15:00,2023-11-15
2722,2023-11-15 08:30:00,False,08:30:00,2023-11-15
2723,2023-11-15 08:45:00,False,08:45:00,2023-11-15
2724,2023-11-15 09:00:00,False,09:00:00,2023-11-15
2725,2023-11-15 09:15:00,False,09:15:00,2023-11-15
2726,2023-11-15 09:30:00,False,09:30:00,2023-11-15
2727,2023-11-15 09:45:00,False,09:45:00,2023-11-15
2728,2023-11-15 10:00:00,False,10:00:00,2023-11-15
2729,2023-11-15 10:15:00,False,10:15:00,2023-11-15
2730,2023-11-15 10:30:00,False,10:30:00,2023-11-15
2731,2023-11-15 10:45:00,False,10:45:00,2023-11-15
2732,2023-11-15 11:00:00,False,11:00:00,2023-11-15
2733,2023-11-15 11:15:00,False,11:15:00,2023-11-15
2734,2023-11-15 11:30:00,False,11:30:00,2023-11-15
2735,2023-11-15 11:45:00,False,11:45:00,2023-11-15
2736,2023-11-15 12:00:00,False,12:00:00,2023-11-15
2737,2023-11-15 12:15:00,False,12:15:00,2023-11-15
2738,2023-11-15 12:30:00,False,12:30:00,2023-11-15
2739,2023-11-15 12:45:00,False,12:45:00,2023-11-15
2740,2023-11-15 13:00:00,False,13:00:00,2023-11-15
2741,2023-11-15 13:15:00,False,13:15:00,2023-11-15
2742,2023-11-15 13:30:00,False,13:30:00,2023-11-15
2743,2023-11-15 13:45:00,False,13:45:00,2023-11-15
2744,2023-11-15 14:00:00,False,14:00:00,2023-11-15
2745,2023-11-15 14:15:00,False,14:15:00,2023-11-15
2746,2023-11-15 14:30:00,False,14:30:00,2023-11-15
2747,2023-11-15 14:45:00,False,14:45:00,2023-11-15
2748,2023-11-15 15:00:00,False,15:00:00,2023-11-15
2749,2023-11-15 15:15:00,False,15:15:00,2023-11-15
2750,2023-11-15 15:30:00,False,15:30:00,2023-11-15
2751,2023-11-15 15:45:00,False,15:45:00,2023-11-15
2752,2023-11-15 16:00:00,False,16:00:00,2023-11-15
2753,2023-11-15 16:15:00,False,16:15:00,2023-11-15
2754,2023-11-15 16:30:00,False,16:30:00,2023-11-15
2755,2023-11-15 16:45:00,False,16:45:00,2023-11-15
2756,2023-11-15 17:00:00,False,17:00:00,2023-11-15
2757,2023-11-15 17:15:00,False,17:15:00,2023-11-15
2758,2023-11-15 17:30:00,False,17:30:00,2023-11-15
2759,2023-11-15 17:45:00,False,17:45:00,2023-11-15
2760,2023-11-15 18:00:00,False,18:00:00,2023-11-15
2761,2023-11-15 18:15:00,False,18:15:00,2023-11-15
2762,2023-11-15 18:30:00,False,18:30:00,2023-11-15
2763,2023-11-15 18:45:00,False,18:45:00,2023-11-15
2764,2023-11-15 19:00:00,False,19:00:00,2023-11-15
2765,2023-11-15 19:15:00,False,19:15:00,2023-11-15
2766,2023-11-15 19:30:00,False,19:30:00,2023-11-15
2767,2023-11-15 19:45:00,False,19:45:00,2023-11-15
2768,2023-11-15 20:00:00,False,20:00:00,2023-11-15
2769,2023-11-15 20:15:00,False,20:15:00,2023-11-15
2770,2023-11-15 20:30:00,False,20:30:00,2023-11-15
2771,2023-11-15 20:45:00,False,20:45:00,2023-11-15
2772,2023-11-15 21:00:00,False,21:00:00,2023-11-15
2773,2023-11-15 21:15:00,False,21:15:00,2023-11-15
2774,2023-11-15 21:30:00,False,21:30:00,2023-11-15
2775,2023-11-15 21:45:00,False,21:45:00,2023-11-15
2776,2023-11-15 22:00:00,False,22:00:00,2023-11-15
2777,2023-11-15 22:15:00,False,22:15:00,2023-11-15
2778,2023-11-15 22:30:00,False,22:30:00,2023-11-15
2779,2023-11-15 22:45:00,False,22:45:00,2023-11-15
2780,2023-11-15 23:00:00,False,23:00:00,2023-11-15
2781,2023-11-15 23:15:00,False,23:15:00,2023-11-15
2782,2023-11-15 23:30:00,False,23:30:00,2023-11-15
2783,2023-11-15 23:45:00,False,23:45:00,2023-11-15
2784,2023-11-16 00:00:00,True,00:00:00,2023-11-16
2785,2023-11-16 00:15:00,False,00:15:00,2023-11-16
2786,2023-11-16 00:30:00,False,00:30:00,2023-11-16
2787,2023-11-16 00:45:00,False,00:45:00,2023-11-16
2788,2023-11-16 01:00:00,False,01:00:00,2023-11-16
2789,2023-11-16 01:15:00,False,01:15:00,2023-11-16
2790,2023-11-16 01:30:00,False,01:30:00,2023-11-16
2791,2023-11-16 01:45:00,False,01:45:00,2023-11-16
2792,2023-11-16 02:00:00,False,02:00:00,2023-11-16
2793,2023-11-16 02:15:00,False,02:15:00,2023-11-16
2794,2023-11-16 02:30:00,False,02:30:00,2023-11-16
2795,2023-11-16 02:45:00,False,02:45:00,2023-11-16
2796,2023-11-16 03:00:00,False,03:00:00,2023-11-16
2797,2023-11-16 03:15:00,False,03:15:00,2023-11-16
2798,2023-11-16 03:30:00,False,03:30:00,2023-11-16
2799,2023-11-16 03:45:00,False,03:45:00,2023-11-16
2800,2023-11-16 04:00:00,False,04:00:00,2023-11-16
2801,2023-11-16 04:15:00,False,04:15:00,2023-11-16
2802,2023-11-16 04:30:00,False,04:30:00,2023-11-16
2803,2023-11-16 04:45:00,False,04:45:00,2023-11-16
2804,2023-11-16 05:00:00,False,05:00:00,2023-11-16
2805,2023-11-16 05:15:00,False,05:15:00,2023-11-16
2806,2023-11-16 05:30:00,False,05:30:00,2023-11-16
2807,2023-11-16 05:45:00,False,05:45:00,2023-11-16
2808,2023-11-16 06:00:00,False,06:00:00,2023-11-16
2809,2023-11-16 06:15:00,False,06:15:00,2023-11-16
2810,2023-11-16 06:30:00,False,06:30:00,2023-11-16
2811,2023-11-16 06:45:00,False,06:45:00,2023-11-16
2812,2023-11-16 07:00:00,False,07:00:00,2023-11-16
2813,2023-11-16 07:15:00,False,07:15:00,2023-11-16
2814,2023-11-16 07:30:00,False,07:30:00,2023-11-16
2815,2023-11-16 07:45:00,False,07:45:00,2023-11-16
2816,2023-11-16 08:00:00,False,08:00:00,2023-11-16
2817,2023-11-16 08:15:00,False,08:15:00,2023-11-16
2818,2023-11-16 08:30:00,False,08:30:00,2023-11-16
2819,2023-11-16 08:45:00,False,08:45:00,2023-11-16
2820,2023-11-16 09:00:00,False,09:00:00,2023-11-16
2821,2023-11-16 09:15:00,False,09:15:00,2023-11-16
2822,2023-11-16 09:30:00,False,09:30:00,2023-11-16
2823,2023-11-16 09:45:00,False,09:45:00,2023-11-16
2824,2023-11-16 10:00:00,False,10:00:00,2023-11-16
2825,2023-11-16 10:15:00,False,10:15:00,2023-11-16
2826,2023-11-16 10:30:00,False,10:30:00,2023-11-16
2827,2023-11-16 10:45:00,False,10:45:00,2023-11-16
2828,2023-11-16 11:00:00,False,11:00:00,2023-11-16
2829,2023-11-16 11:15:00,False,11:15:00,2023-11-16
2830,2023-11-16 11:30:00,False,11:30:00,2023-11-16
2831,2023-11-16 11:45:00,False,11:45:00,2023-11-16
2832,2023-11-16 12:00:00,False,12:00:00,2023-11-16
2833,2023-11-16 12:15:00,False,12:15:00,2023-11-16
2834,2023-11-16 12:30:00,False,12:30:00,2023-11-16
2835,2023-11-16 12:45:00,False,12:45:00,2023-11-16
2836,2023-11-16 13:00:00,False,13:00:00,2023-11-16
2837,2023-11-16 13:15:00,False,13:15:00,2023-11-16
2838,2023-11-16 13:30:00,False,13:30:00,2023-11-16
2839,2023-11-16 13:45:00,False,13:45:00,2023-11-16
2840,2023-11-16 14:00:00,False,14:00:00,2023-11-16
2841,2023-11-16 14:15:00,False,14:15:00,2023-11-16
2842,2023-11-16 14:30:00,False,14:30:00,2023-11-16
2843,2023-11-16 14:45:00,False,14:45:00,2023-11-16
2844,2023-11-16 15:00:00,False,15:00:00,2023-11-16
2845,2023-11-16 15:15:00,False,15:15:00,2023-11-16
2846,2023-11-16 15:30:00,False,15:30:00,2023-11-16
2847,2023-11-16 15:45:00,False,15:45:00,2023-11-16
2848,2023-11-16 16:00:00,False,16:00:00,2023-11-16
2849,2023-11-16 16:15:00,False,16:15:00,2023-11-16
2850,2023-11-16 16:30:00,False,16:30:00,2023-11-16
2851,2023-11-16 16:45:00,False,16:45:00,2023-11-16
2852,2023-11-16 17:00:00,False,17:00:00,2023-11-16
2853,2023-11-16 17:15:00,False,17:15:00,2023-11-16
2854,2023-11-16 17:30:00,False,17:30:00,2023-11-16
2855,2023-11-16 17:45:00,False,17:45:00,2023-11-16
2856,2023-11-16 18:00:00,False,18:00:00,2023-11-16
2857,2023-11-16 18:15:00,False,18:15:00,2023-11-16
2858,2023-11-16 18:30:00,False,18:30:00,2023-11-16
2859,2023-11-16 18:45:00,False,18:45:00,2023-11-16
2860,2023-11-16 19:00:00,False,19:00:00,2023-11-16
2861,2023-11-16 19:15:00,False,19:15:00,2023-11-16
2862,2023-11-16 19:30:00,False,19:30:00,2023-11-16
2863,2023-11-16 19:45:00,False,19:45:00,2023-11-16
2864,2023-11-16 20:00:00,False,20:00:00,2023-11-16
2865,2023-11-16 20:15:00,False,20:15:00,2023-11-16
2866,2023-11-16 20:30:00,False,20:30:00,2023-11-16
2867,2023-11-16 20:45:00,False,20:45:00,2023-11-16
2868,2023-11-16 21:00:00,False,21:00:00,2023-11-16
2869,2023-11-16 21:15:00,False,21:15:00,2023-11-16
2870,2023-11-16 21:30:00,False,21:30:00,2023-11-16
2871,2023-11-16 21:45:00,False,21:45:00,2023-11-16
2872,2023-11-16 22:00:00,False,22:00:00,2023-11-16
2873,2023-11-16 22:15:00,False,22:15:00,2023-11-16
2874,2023-11-16 22:30:00,False,22:30:00,2023-11-16
2875,2023-11-16 22:45:00,False,22:45:00,2023-11-16
2876,2023-11-16 23:00:00,False,23:00:00,2023-11-16
2877,2023-11-16 23:15:00,False,23:15:00,2023-11-16
2878,2023-11-16 23:30:00,False,23:30:00,2023-11-16
2879,2023-11-16 23:45:00,False,23:45:00,2023-11-16
2880,2023-11-17 00:00:00,False,00:00:00,2023-11-17
2881,2023-11-17 00:15:00,False,00:15:00,2023-11-17
2882,2023-11-17 00:30:00,False,00:30:00,2023-11-17
2883,2023-11-17 00:45:00,False,00:45:00,2023-11-17
2884,2023-11-17 01:00:00,False,01:00:00,2023-11-17
2885,2023-11-17 01:15:00,False,01:15:00,2023-11-17
2886,2023-11-17 01:30:00,False,01:30:00,2023-11-17
2887,2023-11-17 01:45:00,False,01:45:00,2023-11-17
2888,2023-11-17 02:00:00,False,02:00:00,2023-11-17
2889,2023-11-17 02:15:00,False,02:15:00,2023-11-17
2890,2023-11-17 02:30:00,False,02:30:00,2023-11-17
2891,2023-11-17 02:45:00,False,02:45:00,2023-11-17
2892,2023-11-17 03:00:00,False,03:00:00,2023-11-17
2893,2023-11-17 03:15:00,False,03:15:00,2023-11-17
2894,2023-11-17 03:30:00,False,03:30:00,2023-11-17
2895,2023-11-17 03:45:00,False,03:45:00,2023-11-17
2896,2023-11-17 04:00:00,False,04:00:00,2023-11-17
2897,2023-11-17 04:15:00,False,04:15:00,2023-11-17
2898,2023-11-17 04:30:00,False,04:30:00,2023-11-17
2899,2023-11-17 04:45:00,False,04:45:00,2023-11-17
2900,2023-11-17 05:00:00,False,05:00:00,2023-11-17
2901,2023-11-17 05:15:00,False,05:15:00,2023-11-17
2902,2023-11-17 05:30:00,False,05:30:00,2023-11-17
2903,2023-11-17 05:45:00,False,05:45:00,2023-11-17
2904,2023-11-17 06:00:00,False,06:00:00,2023-11-17
2905,2023-11-17 06:15:00,False,06:15:00,2023-11-17
2906,2023-11-17 06:30:00,False,06:30:00,2023-11-17
2907,2023-11-17 06:45:00,False,06:45:00,2023-11-17
2908,2023-11-17 07:00:00,False,07:00:00,2023-11-17
2909,2023-11-17 07:15:00,False,07:15:00,2023-11-17
2910,2023-11-17 07:30:00,False,07:30:00,2023-11-17
2911,2023-11-17 07:45:00,False,07:45:00,2023-11-17
2912,2023-11-17 08:00:00,False,08:00:00,2023-11-17
2913,2023-11-17 08:15:00,False,08:15:00,2023-11-17
2914,2023-11-17 08:30:00,False,08:30:00,2023-11-17
2915,2023-11-17 08:45:00,False,08:45:00,2023-11-17
2916,2023-11-17 09:00:00,False,09:00:00,2023-11-17
2917,2023-11-17 09:15:00,False,09:15:00,2023-11-17
2918,2023-11-17 09:30:00,False,09:30:00,2023-11-17
2919,2023-11-17 09:45:00,False,09:45:00,2023-11-17
2920,2023-11-17 10:00:00,True,10:00:00,2023-11-17
2921,2023-11-17 10:15:00,True,10:15:00,2023-11-17
2922,2023-11-17 10:30:00,True,10:30:00,2023-11-17
2923,2023-11-17 10:45:00,False,10:45:00,2023-11-17
2924,2023-11-17 11:00:00,False,11:00:00,2023-11-17
2925,2023-11-17 11:15:00,False,11:15:00,2023-11-17
2926,2023-11-17 11:30:00,False,11:30:00,2023-11-17
2927,2023-11-17 11:45:00,False,11:45:00,2023-11-17
2928,2023-11-17 12:00:00,False,12:00:00,2023-11-17
2929,2023-11-17 12:15:00,False,12:15:00,2023-11-17
2930,2023-11-17 12:30:00,False,12:30:00,2023-11-17
2931,2023-11-17 12:45:00,False,12:45:00,2023-11-17
2932,2023-11-17 13:00:00,False,13:00:00,2023-11-17
2933,2023-11-17 13:15:00,False,13:15:00,2023-11-17
2934,2023-11-17 13:30:00,False,13:30:00,2023-11-17
2935,2023-11-17 13:45:00,False,13:45:00,2023-11-17
2936,2023-11-17 14:00:00,False,14:00:00,2023-11-17
2937,2023-11-17 14:15:00,False,14:15:00,2023-11-17
2938,2023-11-17 14:30:00,False,14:30:00,2023-11-17
2939,2023-11-17 14:45:00,False,14:45:00,2023-11-17
2940,2023-11-17 15:00:00,False,15:00:00,2023-11-17
2941,2023-11-17 15:15:00,False,15:15:00,2023-11-17
2942,2023-11-17 15:30:00,False,15:30:00,2023-11-17
2943,2023-11-17 15:45:00,False,15:45:00,2023-11-17
2944,2023-11-17 16:00:00,False,16:00:00,2023-11-17
2945,2023-11-17 16:15:00,False,16:15:00,2023-11-17
2946,2023-11-17 16:30:00,False,16:30:00,2023-11-17
2947,2023-11-17 16:45:00,False,16:45:00,2023-11-17
2948,2023-11-17 17:00:00,False,17:00:00,2023-11-17
2949,2023-11-17 17:15:00,False,17:15:00,2023-11-17
2950,2023-11-17 17:30:00,False,17:30:00,2023-11-17
2951,2023-11-17 17:45:00,False,17:45:00,2023-11-17
2952,2023-11-17 18:00:00,False,18:00:00,2023-11-17
2953,2023-11-17 18:15:00,False,18:15:00,2023-11-17
2954,2023-11-17 18:30:00,False,18:30:00,2023-11-17
2955,2023-11-17 18:45:00,False,18:45:00,2023-11-17
2956,2023-11-17 19:00:00,False,19:00:00,2023-11-17
2957,2023-11-17 19:15:00,False,19:15:00,2023-11-17
2958,2023-11-17 19:30:00,False,19:30:00,2023-11-17
2959,2023-11-17 19:45:00,False,19:45:00,2023-11-17
2960,2023-11-17 20:00:00,False,20:00:00,2023-11-17
2961,2023-11-17 20:15:00,False,20:15:00,2023-11-17
2962,2023-11-17 20:30:00,False,20:30:00,2023-11-17
2963,2023-11-17 20:45:00,False,20:45:00,2023-11-17
2964,2023-11-17 21:00:00,False,21:00:00,2023-11-17
2965,2023-11-17 21:15:00,False,21:15:00,2023-11-17
2966,2023-11-17 21:30:00,False,21:30:00,2023-11-17
2967,2023-11-17 21:45:00,False,21:45:00,2023-11-17
2968,2023-11-17 22:00:00,False,22:00:00,2023-11-17
2969,2023-11-17 22:15:00,False,22:15:00,2023-11-17
2970,2023-11-17 22:30:00,False,22:30:00,2023-11-17
2971,2023-11-17 22:45:00,False,22:45:00,2023-11-17
2972,2023-11-17 23:00:00,False,23:00:00,2023-11-17
2973,2023-11-17 23:15:00,False,23:15:00,2023-11-17
2974,2023-11-17 23:30:00,False,23:30:00,2023-11-17
2975,2023-11-17 23:45:00,False,23:45:00,2023-11-17
2976,2023-11-18 00:00:00,False,00:00:00,2023-11-18
2977,2023-11-18 00:15:00,False,00:15:00,2023-11-18
2978,2023-11-18 00:30:00,False,00:30:00,2023-11-18
2979,2023-11-18 00:45:00,False,00:45:00,2023-11-18
2980,2023-11-18 01:00:00,False,01:00:00,2023-11-18
2981,2023-11-18 01:15:00,False,01:15:00,2023-11-18
2982,2023-11-18 01:30:00,False,01:30:00,2023-11-18
2983,2023-11-18 01:45:00,False,01:45:00,2023-11-18
2984,2023-11-18 02:00:00,False,02:00:00,2023-11-18
2985,2023-11-18 02:15:00,False,02:15:00,2023-11-18
2986,2023-11-18 02:30:00,False,02:30:00,2023-11-18
2987,2023-11-18 02:45:00,False,02:45:00,2023-11-18
2988,2023-11-18 03:00:00,False,03:00:00,2023-11-18
2989,2023-11-18 03:15:00,False,03:15:00,2023-11-18
2990,2023-11-18 03:30:00,False,03:30:00,2023-11-18
2991,2023-11-18 03:45:00,False,03:45:00,2023-11-18
2992,2023-11-18 04:00:00,False,04:00:00,2023-11-18
2993,2023-11-18 04:15:00,False,04:15:00,2023-11-18
2994,2023-11-18 04:30:00,False,04:30:00,2023-11-18
2995,2023-11-18 04:45:00,False,04:45:00,2023-11-18
2996,2023-11-18 05:00:00,False,05:00:00,2023-11-18
2997,2023-11-18 05:15:00,False,05:15:00,2023-11-18
2998,2023-11-18 05:30:00,False,05:30:00,2023-11-18
2999,2023-11-18 05:45:00,False,05:45:00,2023-11-18
3000,2023-11-18 06:00:00,False,06:00:00,2023-11-18
3001,2023-11-18 06:15:00,False,06:15:00,2023-11-18
3002,2023-11-18 06:30:00,False,06:30:00,2023-11-18
3003,2023-11-18 06:45:00,False,06:45:00,2023-11-18
3004,2023-11-18 07:00:00,False,07:00:00,2023-11-18
3005,2023-11-18 07:15:00,False,07:15:00,2023-11-18
3006,2023-11-18 07:30:00,False,07:30:00,2023-11-18
3007,2023-11-18 07:45:00,False,07:45:00,2023-11-18
3008,2023-11-18 08:00:00,False,08:00:00,2023-11-18
3009,2023-11-18 08:15:00,False,08:15:00,2023-11-18
3010,2023-11-18 08:30:00,False,08:30:00,2023-11-18
3011,2023-11-18 08:45:00,False,08:45:00,2023-11-18
3012,2023-11-18 09:00:00,False,09:00:00,2023-11-18
3013,2023-11-18 09:15:00,False,09:15:00,2023-11-18
3014,2023-11-18 09:30:00,False,09:30:00,2023-11-18
3015,2023-11-18 09:45:00,False,09:45:00,2023-11-18
3016,2023-11-18 10:00:00,False,10:00:00,2023-11-18
3017,2023-11-18 10:15:00,False,10:15:00,2023-11-18
3018,2023-11-18 10:30:00,False,10:30:00,2023-11-18
3019,2023-11-18 10:45:00,False,10:45:00,2023-11-18
3020,2023-11-18 11:00:00,False,11:00:00,2023-11-18
3021,2023-11-18 11:15:00,False,11:15:00,2023-11-18
3022,2023-11-18 11:30:00,False,11:30:00,2023-11-18
3023,2023-11-18 11:45:00,False,11:45:00,2023-11-18
3024,2023-11-18 12:00:00,False,12:00:00,2023-11-18
3025,2023-11-18 12:15:00,False,12:15:00,2023-11-18
3026,2023-11-18 12:30:00,False,12:30:00,2023-11-18
3027,2023-11-18 12:45:00,False,12:45:00,2023-11-18
3028,2023-11-18 13:00:00,False,13:00:00,2023-11-18
3029,2023-11-18 13:15:00,False,13:15:00,2023-11-18
3030,2023-11-18 13:30:00,False,13:30:00,2023-11-18
3031,2023-11-18 13:45:00,False,13:45:00,2023-11-18
3032,2023-11-18 14:00:00,False,14:00:00,2023-11-18
3033,2023-11-18 14:15:00,False,14:15:00,2023-11-18
3034,2023-11-18 14:30:00,False,14:30:00,2023-11-18
3035,2023-11-18 14:45:00,False,14:45:00,2023-11-18
3036,2023-11-18 15:00:00,False,15:00:00,2023-11-18
3037,2023-11-18 15:15:00,False,15:15:00,2023-11-18
3038,2023-11-18 15:30:00,False,15:30:00,2023-11-18
3039,2023-11-18 15:45:00,False,15:45:00,2023-11-18
3040,2023-11-18 16:00:00,False,16:00:00,2023-11-18
3041,2023-11-18 16:15:00,False,16:15:00,2023-11-18
3042,2023-11-18 16:30:00,False,16:30:00,2023-11-18
3043,2023-11-18 16:45:00,False,16:45:00,2023-11-18
3044,2023-11-18 17:00:00,False,17:00:00,2023-11-18
3045,2023-11-18 17:15:00,False,17:15:00,2023-11-18
3046,2023-11-18 17:30:00,False,17:30:00,2023-11-18
3047,2023-11-18 17:45:00,False,17:45:00,2023-11-18
3048,2023-11-18 18:00:00,False,18:00:00,2023-11-18
3049,2023-11-18 18:15:00,False,18:15:00,2023-11-18
3050,2023-11-18 18:30:00,False,18:30:00,2023-11-18
3051,2023-11-18 18:45:00,False,18:45:00,2023-11-18
3052,2023-11-18 19:00:00,False,19:00:00,2023-11-18
3053,2023-11-18 19:15:00,False,19:15:00,2023-11-18
3054,2023-11-18 19:30:00,False,19:30:00,2023-11-18
3055,2023-11-18 19:45:00,False,19:45:00,2023-11-18
3056,2023-11-18 20:00:00,False,20:00:00,2023-11-18
3057,2023-11-18 20:15:00,False,20:15:00,2023-11-18
3058,2023-11-18 20:30:00,False,20:30:00,2023-11-18
3059,2023-11-18 20:45:00,False,20:45:00,2023-11-18
3060,2023-11-18 21:00:00,False,21:00:00,2023-11-18
3061,2023-11-18 21:15:00,False,21:15:00,2023-11-18
3062,2023-11-18 21:30:00,False,21:30:00,2023-11-18
3063,2023-11-18 21:45:00,False,21:45:00,2023-11-18
3064,2023-11-18 22:00:00,False,22:00:00,2023-11-18
3065,2023-11-18 22:15:00,False,22:15:00,2023-11-18
3066,2023-11-18 22:30:00,False,22:30:00,2023-11-18
3067,2023-11-18 22:45:00,False,22:45:00,2023-11-18
3068,2023-11-18 23:00:00,False,23:00:00,2023-11-18
3069,2023-11-18 23:15:00,False,23:15:00,2023-11-18
3070,2023-11-18 23:30:00,False,23:30:00,2023-11-18
3071,2023-11-18 23:45:00,False,23:45:00,2023-11-18
3072,2023-11-19 00:00:00,False,00:00:00,2023-11-19
3073,2023-11-19 00:15:00,False,00:15:00,2023-11-19
3074,2023-11-19 00:30:00,False,00:30:00,2023-11-19
3075,2023-11-19 00:45:00,False,00:45:00,2023-11-19
3076,2023-11-19 01:00:00,False,01:00:00,2023-11-19
3077,2023-11-19 01:15:00,False,01:15:00,2023-11-19
3078,2023-11-19 01:30:00,False,01:30:00,2023-11-19
3079,2023-11-19 01:45:00,False,01:45:00,2023-11-19
3080,2023-11-19 02:00:00,False,02:00:00,2023-11-19
3081,2023-11-19 02:15:00,False,02:15:00,2023-11-19
3082,2023-11-19 02:30:00,False,02:30:00,2023-11-19
3083,2023-11-19 02:45:00,False,02:45:00,2023-11-19
3084,2023-11-19 03:00:00,False,03:00:00,2023-11-19
3085,2023-11-19 03:15:00,False,03:15:00,2023-11-19
3086,2023-11-19 03:30:00,False,03:30:00,2023-11-19
3087,2023-11-19 03:45:00,False,03:45:00,2023-11-19
3088,2023-11-19 04:00:00,False,04:00:00,2023-11-19
3089,2023-11-19 04:15:00,False,04:15:00,2023-11-19
3090,2023-11-19 04:30:00,False,04:30:00,2023-11-19
3091,2023-11-19 04:45:00,False,04:45:00,2023-11-19
3092,2023-11-19 05:00:00,False,05:00:00,2023-11-19
3093,2023-11-19 05:15:00,False,05:15:00,2023-11-19
3094,2023-11-19 05:30:00,False,05:30:00,2023-11-19
3095,2023-11-19 05:45:00,False,05:45:00,2023-11-19
3096,2023-11-19 06:00:00,False,06:00:00,2023-11-19
3097,2023-11-19 06:15:00,False,06:15:00,2023-11-19
3098,2023-11-19 06:30:00,False,06:30:00,2023-11-19
3099,2023-11-19 06:45:00,False,06:45:00,2023-11-19
3100,2023-11-19 07:00:00,False,07:00:00,2023-11-19
3101,2023-11-19 07:15:00,False,07:15:00,2023-11-19
3102,2023-11-19 07:30:00,False,07:30:00,2023-11-19
3103,2023-11-19 07:45:00,False,07:45:00,2023-11-19
3104,2023-11-19 08:00:00,False,08:00:00,2023-11-19
3105,2023-11-19 08:15:00,False,08:15:00,2023-11-19
3106,2023-11-19 08:30:00,False,08:30:00,2023-11-19
3107,2023-11-19 08:45:00,False,08:45:00,2023-11-19
3108,2023-11-19 09:00:00,False,09:00:00,2023-11-19
3109,2023-11-19 09:15:00,False,09:15:00,2023-11-19
3110,2023-11-19 09:30:00,False,09:30:00,2023-11-19
3111,2023-11-19 09:45:00,False,09:45:00,2023-11-19
3112,2023-11-19 10:00:00,False,10:00:00,2023-11-19
3113,2023-11-19 10:15:00,False,10:15:00,2023-11-19
3114,2023-11-19 10:30:00,False,10:30:00,2023-11-19
3115,2023-11-19 10:45:00,False,10:45:00,2023-11-19
3116,2023-11-19 11:00:00,False,11:00:00,2023-11-19
3117,2023-11-19 11:15:00,False,11:15:00,2023-11-19
3118,2023-11-19 11:30:00,False,11:30:00,2023-11-19
3119,2023-11-19 11:45:00,False,11:45:00,2023-11-19
3120,2023-11-19 12:00:00,False,12:00:00,2023-11-19
3121,2023-11-19 12:15:00,False,12:15:00,2023-11-19
3122,2023-11-19 12:30:00,False,12:30:00,2023-11-19
3123,2023-11-19 12:45:00,False,12:45:00,2023-11-19
3124,2023-11-19 13:00:00,False,13:00:00,2023-11-19
3125,2023-11-19 13:15:00,False,13:15:00,2023-11-19
3126,2023-11-19 13:30:00,False,13:30:00,2023-11-19
3127,2023-11-19 13:45:00,False,13:45:00,2023-11-19
3128,2023-11-19 14:00:00,False,14:00:00,2023-11-19
3129,2023-11-19 14:15:00,False,14:15:00,2023-11-19
3130,2023-11-19 14:30:00,False,14:30:00,2023-11-19
3131,2023-11-19 14:45:00,False,14:45:00,2023-11-19
3132,2023-11-19 15:00:00,False,15:00:00,2023-11-19
3133,2023-11-19 15:15:00,False,15:15:00,2023-11-19
3134,2023-11-19 15:30:00,False,15:30:00,2023-11-19
3135,2023-11-19 15:45:00,False,15:45:00,2023-11-19
3136,2023-11-19 16:00:00,False,16:00:00,2023-11-19
3137,2023-11-19 16:15:00,False,16:15:00,2023-11-19
3138,2023-11-19 16:30:00,False,16:30:00,2023-11-19
3139,2023-11-19 16:45:00,False,16:45:00,2023-11-19
3140,2023-11-19 17:00:00,False,17:00:00,2023-11-19
3141,2023-11-19 17:15:00,False,17:15:00,2023-11-19
3142,2023-11-19 17:30:00,False,17:30:00,2023-11-19
3143,2023-11-19 17:45:00,False,17:45:00,2023-11-19
3144,2023-11-19 18:00:00,False,18:00:00,2023-11-19
3145,2023-11-19 18:15:00,False,18:15:00,2023-11-19
3146,2023-11-19 18:30:00,False,18:30:00,2023-11-19
3147,2023-11-19 18:45:00,False,18:45:00,2023-11-19
3148,2023-11-19 19:00:00,False,19:00:00,2023-11-19
3149,2023-11-19 19:15:00,False,19:15:00,2023-11-19
3150,2023-11-19 19:30:00,False,19:30:00,2023-11-19
3151,2023-11-19 19:45:00,False,19:45:00,2023-11-19
3152,2023-11-19 20:00:00,False,20:00:00,2023-11-19
3153,2023-11-19 20:15:00,False,20:15:00,2023-11-19
3154,2023-11-19 20:30:00,False,20:30:00,2023-11-19
3155,2023-11-19 20:45:00,False,20:45:00,2023-11-19
3156,2023-11-19 21:00:00,False,21:00:00,2023-11-19
3157,2023-11-19 21:15:00,False,21:15:00,2023-11-19
3158,2023-11-19 21:30:00,False,21:30:00,2023-11-19
3159,2023-11-19 21:45:00,False,21:45:00,2023-11-19
3160,2023-11-19 22:00:00,False,22:00:00,2023-11-19
3161,2023-11-19 22:15:00,False,22:15:00,2023-11-19
3162,2023-11-19 22:30:00,False,22:30:00,2023-11-19
3163,2023-11-19 22:45:00,False,22:45:00,2023-11-19
3164,2023-11-19 23:00:00,False,23:00:00,2023-11-19
3165,2023-11-19 23:15:00,False,23:15:00,2023-11-19
3166,2023-11-19 23:30:00,False,23:30:00,2023-11-19
3167,2023-11-19 23:45:00,False,23:45:00,2023-11-19
3168,2023-11-20 00:00:00,False,00:00:00,2023-11-20
3169,2023-11-20 00:15:00,False,00:15:00,2023-11-20
3170,2023-11-20 00:30:00,False,00:30:00,2023-11-20
3171,2023-11-20 00:45:00,False,00:45:00,2023-11-20
3172,2023-11-20 01:00:00,False,01:00:00,2023-11-20
3173,2023-11-20 01:15:00,False,01:15:00,2023-11-20
3174,2023-11-20 01:30:00,False,01:30:00,2023-11-20
3175,2023-11-20 01:45:00,False,01:45:00,2023-11-20
3176,2023-11-20 02:00:00,False,02:00:00,2023-11-20
3177,2023-11-20 02:15:00,False,02:15:00,2023-11-20
3178,2023-11-20 02:30:00,False,02:30:00,2023-11-20
3179,2023-11-20 02:45:00,False,02:45:00,2023-11-20
3180,2023-11-20 03:00:00,False,03:00:00,2023-11-20
3181,2023-11-20 03:15:00,False,03:15:00,2023-11-20
3182,2023-11-20 03:30:00,False,03:30:00,2023-11-20
3183,2023-11-20 03:45:00,False,03:45:00,2023-11-20
3184,2023-11-20 04:00:00,False,04:00:00,2023-11-20
3185,2023-11-20 04:15:00,False,04:15:00,2023-11-20
3186,2023-11-20 04:30:00,False,04:30:00,2023-11-20
3187,2023-11-20 04:45:00,False,04:45:00,2023-11-20
3188,2023-11-20 05:00:00,False,05:00:00,2023-11-20
3189,2023-11-20 05:15:00,False,05:15:00,2023-11-20
3190,2023-11-20 05:30:00,False,05:30:00,2023-11-20
3191,2023-11-20 05:45:00,False,05:45:00,2023-11-20
3192,2023-11-20 06:00:00,False,06:00:00,2023-11-20
3193,2023-11-20 06:15:00,False,06:15:00,2023-11-20
3194,2023-11-20 06:30:00,False,06:30:00,2023-11-20
3195,2023-11-20 06:45:00,False,06:45:00,2023-11-20
3196,2023-11-20 07:00:00,False,07:00:00,2023-11-20
3197,2023-11-20 07:15:00,False,07:15:00,2023-11-20
3198,2023-11-20 07:30:00,False,07:30:00,2023-11-20
3199,2023-11-20 07:45:00,False,07:45:00,2023-11-20
3200,2023-11-20 08:00:00,False,08:00:00,2023-11-20
3201,2023-11-20 08:15:00,False,08:15:00,2023-11-20
3202,2023-11-20 08:30:00,False,08:30:00,2023-11-20
3203,2023-11-20 08:45:00,False,08:45:00,2023-11-20
3204,2023-11-20 09:00:00,False,09:00:00,2023-11-20
3205,2023-11-20 09:15:00,False,09:15:00,2023-11-20
3206,2023-11-20 09:30:00,False,09:30:00,2023-11-20
3207,2023-11-20 09:45:00,False,09:45:00,2023-11-20
3208,2023-11-20 10:00:00,False,10:00:00,2023-11-20
3209,2023-11-20 10:15:00,False,10:15:00,2023-11-20
3210,2023-11-20 10:30:00,False,10:30:00,2023-11-20
3211,2023-11-20 10:45:00,False,10:45:00,2023-11-20
3212,2023-11-20 11:00:00,False,11:00:00,2023-11-20
3213,2023-11-20 11:15:00,False,11:15:00,2023-11-20
3214,2023-11-20 11:30:00,False,11:30:00,2023-11-20
3215,2023-11-20 11:45:00,False,11:45:00,2023-11-20
3216,2023-11-20 12:00:00,False,12:00:00,2023-11-20
3217,2023-11-20 12:15:00,False,12:15:00,2023-11-20
3218,2023-11-20 12:30:00,False,12:30:00,2023-11-20
3219,2023-11-20 12:45:00,False,12:45:00,2023-11-20
3220,2023-11-20 13:00:00,False,13:00:00,2023-11-20
3221,2023-11-20 13:15:00,False,13:15:00,2023-11-20
3222,2023-11-20 13:30:00,False,13:30:00,2023-11-20
3223,2023-11-20 13:45:00,False,13:45:00,2023-11-20
3224,2023-11-20 14:00:00,False,14:00:00,2023-11-20
3225,2023-11-20 14:15:00,False,14:15:00,2023-11-20
3226,2023-11-20 14:30:00,False,14:30:00,2023-11-20
3227,2023-11-20 14:45:00,False,14:45:00,2023-11-20
3228,2023-11-20 15:00:00,False,15:00:00,2023-11-20
3229,2023-11-20 15:15:00,False,15:15:00,2023-11-20
3230,2023-11-20 15:30:00,False,15:30:00,2023-11-20
3231,2023-11-20 15:45:00,False,15:45:00,2023-11-20
3232,2023-11-20 16:00:00,False,16:00:00,2023-11-20
3233,2023-11-20 16:15:00,False,16:15:00,2023-11-20
3234,2023-11-20 16:30:00,False,16:30:00,2023-11-20
3235,2023-11-20 16:45:00,False,16:45:00,2023-11-20
3236,2023-11-20 17:00:00,False,17:00:00,2023-11-20
3237,2023-11-20 17:15:00,False,17:15:00,2023-11-20
3238,2023-11-20 17:30:00,False,17:30:00,2023-11-20
3239,2023-11-20 17:45:00,False,17:45:00,2023-11-20
3240,2023-11-20 18:00:00,False,18:00:00,2023-11-20
3241,2023-11-20 18:15:00,False,18:15:00,2023-11-20
3242,2023-11-20 18:30:00,False,18:30:00,2023-11-20
3243,2023-11-20 18:45:00,False,18:45:00,2023-11-20
3244,2023-11-20 19:00:00,False,19:00:00,2023-11-20
3245,2023-11-20 19:15:00,False,19:15:00,2023-11-20
3246,2023-11-20 19:30:00,False,19:30:00,2023-11-20
3247,2023-11-20 19:45:00,False,19:45:00,2023-11-20
3248,2023-11-20 20:00:00,False,20:00:00,2023-11-20
3249,2023-11-20 20:15:00,False,20:15:00,2023-11-20
3250,2023-11-20 20:30:00,False,20:30:00,2023-11-20
3251,2023-11-20 20:45:00,False,20:45:00,2023-11-20
3252,2023-11-20 21:00:00,False,21:00:00,2023-11-20
3253,2023-11-20 21:15:00,False,21:15:00,2023-11-20
3254,2023-11-20 21:30:00,False,21:30:00,2023-11-20
3255,2023-11-20 21:45:00,False,21:45:00,2023-11-20
3256,2023-11-20 22:00:00,False,22:00:00,2023-11-20
3257,2023-11-20 22:15:00,False,22:15:00,2023-11-20
3258,2023-11-20 22:30:00,False,22:30:00,2023-11-20
3259,2023-11-20 22:45:00,False,22:45:00,2023-11-20
3260,2023-11-20 23:00:00,False,23:00:00,2023-11-20
3261,2023-11-20 23:15:00,False,23:15:00,2023-11-20
3262,2023-11-20 23:30:00,False,23:30:00,2023-11-20
3263,2023-11-20 23:45:00,False,23:45:00,2023-11-20
3264,2023-11-21 00:00:00,False,00:00:00,2023-11-21
3265,2023-11-21 00:15:00,False,00:15:00,2023-11-21
3266,2023-11-21 00:30:00,False,00:30:00,2023-11-21
3267,2023-11-21 00:45:00,False,00:45:00,2023-11-21
3268,2023-11-21 01:00:00,False,01:00:00,2023-11-21
3269,2023-11-21 01:15:00,False,01:15:00,2023-11-21
3270,2023-11-21 01:30:00,False,01:30:00,2023-11-21
3271,2023-11-21 01:45:00,False,01:45:00,2023-11-21
3272,2023-11-21 02:00:00,False,02:00:00,2023-11-21
3273,2023-11-21 02:15:00,False,02:15:00,2023-11-21
3274,2023-11-21 02:30:00,False,02:30:00,2023-11-21
3275,2023-11-21 02:45:00,False,02:45:00,2023-11-21
3276,2023-11-21 03:00:00,False,03:00:00,2023-11-21
3277,2023-11-21 03:15:00,False,03:15:00,2023-11-21
3278,2023-11-21 03:30:00,False,03:30:00,2023-11-21
3279,2023-11-21 03:45:00,False,03:45:00,2023-11-21
3280,2023-11-21 04:00:00,False,04:00:00,2023-11-21
3281,2023-11-21 04:15:00,False,04:15:00,2023-11-21
3282,2023-11-21 04:30:00,False,04:30:00,2023-11-21
3283,2023-11-21 04:45:00,False,04:45:00,2023-11-21
3284,2023-11-21 05:00:00,False,05:00:00,2023-11-21
3285,2023-11-21 05:15:00,False,05:15:00,2023-11-21
3286,2023-11-21 05:30:00,False,05:30:00,2023-11-21
3287,2023-11-21 05:45:00,False,05:45:00,2023-11-21
3288,2023-11-21 06:00:00,False,06:00:00,2023-11-21
3289,2023-11-21 06:15:00,False,06:15:00,2023-11-21
3290,2023-11-21 06:30:00,False,06:30:00,2023-11-21
3291,2023-11-21 06:45:00,False,06:45:00,2023-11-21
3292,2023-11-21 07:00:00,False,07:00:00,2023-11-21
3293,2023-11-21 07:15:00,False,07:15:00,2023-11-21
3294,2023-11-21 07:30:00,False,07:30:00,2023-11-21
3295,2023-11-21 07:45:00,False,07:45:00,2023-11-21
3296,2023-11-21 08:00:00,False,08:00:00,2023-11-21
3297,2023-11-21 08:15:00,False,08:15:00,2023-11-21
3298,2023-11-21 08:30:00,False,08:30:00,2023-11-21
3299,2023-11-21 08:45:00,False,08:45:00,2023-11-21
3300,2023-11-21 09:00:00,False,09:00:00,2023-11-21
3301,2023-11-21 09:15:00,False,09:15:00,2023-11-21
3302,2023-11-21 09:30:00,False,09:30:00,2023-11-21
3303,2023-11-21 09:45:00,False,09:45:00,2023-11-21
3304,2023-11-21 10:00:00,False,10:00:00,2023-11-21
3305,2023-11-21 10:15:00,False,10:15:00,2023-11-21
3306,2023-11-21 10:30:00,False,10:30:00,2023-11-21
3307,2023-11-21 10:45:00,False,10:45:00,2023-11-21
3308,2023-11-21 11:00:00,False,11:00:00,2023-11-21
3309,2023-11-21 11:15:00,False,11:15:00,2023-11-21
3310,2023-11-21 11:30:00,False,11:30:00,2023-11-21
3311,2023-11-21 11:45:00,False,11:45:00,2023-11-21
3312,2023-11-21 12:00:00,False,12:00:00,2023-11-21
3313,2023-11-21 12:15:00,False,12:15:00,2023-11-21
3314,2023-11-21 12:30:00,False,12:30:00,2023-11-21
3315,2023-11-21 12:45:00,True,12:45:00,2023-11-21
3316,2023-11-21 13:00:00,False,13:00:00,2023-11-21
3317,2023-11-21 13:15:00,False,13:15:00,2023-11-21
3318,2023-11-21 13:30:00,False,13:30:00,2023-11-21
3319,2023-11-21 13:45:00,False,13:45:00,2023-11-21
3320,2023-11-21 14:00:00,False,14:00:00,2023-11-21
3321,2023-11-21 14:15:00,False,14:15:00,2023-11-21
3322,2023-11-21 14:30:00,False,14:30:00,2023-11-21
3323,2023-11-21 14:45:00,False,14:45:00,2023-11-21
3324,2023-11-21 15:00:00,False,15:00:00,2023-11-21
3325,2023-11-21 15:15:00,False,15:15:00,2023-11-21
3326,2023-11-21 15:30:00,False,15:30:00,2023-11-21
3327,2023-11-21 15:45:00,False,15:45:00,2023-11-21
3328,2023-11-21 16:00:00,False,16:00:00,2023-11-21
3329,2023-11-21 16:15:00,False,16:15:00,2023-11-21
3330,2023-11-21 16:30:00,False,16:30:00,2023-11-21
3331,2023-11-21 16:45:00,False,16:45:00,2023-11-21
3332,2023-11-21 17:00:00,False,17:00:00,2023-11-21
3333,2023-11-21 17:15:00,False,17:15:00,2023-11-21
3334,2023-11-21 17:30:00,False,17:30:00,2023-11-21
3335,2023-11-21 17:45:00,False,17:45:00,2023-11-21
3336,2023-11-21 18:00:00,False,18:00:00,2023-11-21
3337,2023-11-21 18:15:00,False,18:15:00,2023-11-21
3338,2023-11-21 18:30:00,False,18:30:00,2023-11-21
3339,2023-11-21 18:45:00,False,18:45:00,2023-11-21
3340,2023-11-21 19:00:00,False,19:00:00,2023-11-21
3341,2023-11-21 19:15:00,False,19:15:00,2023-11-21
3342,2023-11-21 19:30:00,False,19:30:00,2023-11-21
3343,2023-11-21 19:45:00,False,19:45:00,2023-11-21
3344,2023-11-21 20:00:00,False,20:00:00,2023-11-21
3345,2023-11-21 20:15:00,False,20:15:00,2023-11-21
3346,2023-11-21 20:30:00,False,20:30:00,2023-11-21
3347,2023-11-21 20:45:00,False,20:45:00,2023-11-21
3348,2023-11-21 21:00:00,False,21:00:00,2023-11-21
3349,2023-11-21 21:15:00,False,21:15:00,2023-11-21
3350,2023-11-21 21:30:00,False,21:30:00,2023-11-21
3351,2023-11-21 21:45:00,False,21:45:00,2023-11-21
3352,2023-11-21 22:00:00,False,22:00:00,2023-11-21
3353,2023-11-21 22:15:00,False,22:15:00,2023-11-21
3354,2023-11-21 22:30:00,False,22:30:00,2023-11-21
3355,2023-11-21 22:45:00,False,22:45:00,2023-11-21
3356,2023-11-21 23:00:00,False,23:00:00,2023-11-21
3357,2023-11-21 23:15:00,False,23:15:00,2023-11-21
3358,2023-11-21 23:30:00,False,23:30:00,2023-11-21
3359,2023-11-21 23:45:00,False,23:45:00,2023-11-21
3360,2023-11-22 00:00:00,False,00:00:00,2023-11-22
3361,2023-11-22 00:15:00,False,00:15:00,2023-11-22
3362,2023-11-22 00:30:00,False,00:30:00,2023-11-22
3363,2023-11-22 00:45:00,False,00:45:00,2023-11-22
3364,2023-11-22 01:00:00,False,01:00:00,2023-11-22
3365,2023-11-22 01:15:00,False,01:15:00,2023-11-22
3366,2023-11-22 01:30:00,False,01:30:00,2023-11-22
3367,2023-11-22 01:45:00,False,01:45:00,2023-11-22
3368,2023-11-22 02:00:00,False,02:00:00,2023-11-22
3369,2023-11-22 02:15:00,False,02:15:00,2023-11-22
3370,2023-11-22 02:30:00,False,02:30:00,2023-11-22
3371,2023-11-22 02:45:00,False,02:45:00,2023-11-22
3372,2023-11-22 03:00:00,False,03:00:00,2023-11-22
3373,2023-11-22 03:15:00,False,03:15:00,2023-11-22
3374,2023-11-22 03:30:00,False,03:30:00,2023-11-22
3375,2023-11-22 03:45:00,False,03:45:00,2023-11-22
3376,2023-11-22 04:00:00,False,04:00:00,2023-11-22
3377,2023-11-22 04:15:00,False,04:15:00,2023-11-22
3378,2023-11-22 04:30:00,False,04:30:00,2023-11-22
3379,2023-11-22 04:45:00,False,04:45:00,2023-11-22
3380,2023-11-22 05:00:00,False,05:00:00,2023-11-22
3381,2023-11-22 05:15:00,False,05:15:00,2023-11-22
3382,2023-11-22 05:30:00,False,05:30:00,2023-11-22
3383,2023-11-22 05:45:00,False,05:45:00,2023-11-22
3384,2023-11-22 06:00:00,False,06:00:00,2023-11-22
3385,2023-11-22 06:15:00,False,06:15:00,2023-11-22
3386,2023-11-22 06:30:00,False,06:30:00,2023-11-22
3387,2023-11-22 06:45:00,False,06:45:00,2023-11-22
3388,2023-11-22 07:00:00,False,07:00:00,2023-11-22
3389,2023-11-22 07:15:00,False,07:15:00,2023-11-22
3390,2023-11-22 07:30:00,False,07:30:00,2023-11-22
3391,2023-11-22 07:45:00,False,07:45:00,2023-11-22
3392,2023-11-22 08:00:00,False,08:00:00,2023-11-22
3393,2023-11-22 08:15:00,False,08:15:00,2023-11-22
3394,2023-11-22 08:30:00,False,08:30:00,2023-11-22
3395,2023-11-22 08:45:00,False,08:45:00,2023-11-22
3396,2023-11-22 09:00:00,False,09:00:00,2023-11-22
3397,2023-11-22 09:15:00,False,09:15:00,2023-11-22
3398,2023-11-22 09:30:00,False,09:30:00,2023-11-22
3399,2023-11-22 09:45:00,False,09:45:00,2023-11-22
3400,2023-11-22 10:00:00,False,10:00:00,2023-11-22
3401,2023-11-22 10:15:00,False,10:15:00,2023-11-22
3402,2023-11-22 10:30:00,False,10:30:00,2023-11-22
3403,2023-11-22 10:45:00,False,10:45:00,2023-11-22
3404,2023-11-22 11:00:00,False,11:00:00,2023-11-22
3405,2023-11-22 11:15:00,False,11:15:00,2023-11-22
3406,2023-11-22 11:30:00,False,11:30:00,2023-11-22
3407,2023-11-22 11:45:00,False,11:45:00,2023-11-22
3408,2023-11-22 12:00:00,False,12:00:00,2023-11-22
3409,2023-11-22 12:15:00,False,12:15:00,2023-11-22
3410,2023-11-22 12:30:00,False,12:30:00,2023-11-22
3411,2023-11-22 12:45:00,False,12:45:00,2023-11-22
3412,2023-11-22 13:00:00,False,13:00:00,2023-11-22
3413,2023-11-22 13:15:00,False,13:15:00,2023-11-22
3414,2023-11-22 13:30:00,False,13:30:00,2023-11-22
3415,2023-11-22 13:45:00,False,13:45:00,2023-11-22
3416,2023-11-22 14:00:00,False,14:00:00,2023-11-22
3417,2023-11-22 14:15:00,False,14:15:00,2023-11-22
3418,2023-11-22 14:30:00,False,14:30:00,2023-11-22
3419,2023-11-22 14:45:00,False,14:45:00,2023-11-22
3420,2023-11-22 15:00:00,False,15:00:00,2023-11-22
3421,2023-11-22 15:15:00,False,15:15:00,2023-11-22
3422,2023-11-22 15:30:00,False,15:30:00,2023-11-22
3423,2023-11-22 15:45:00,False,15:45:00,2023-11-22
3424,2023-11-22 16:00:00,False,16:00:00,2023-11-22
3425,2023-11-22 16:15:00,False,16:15:00,2023-11-22
3426,2023-11-22 16:30:00,False,16:30:00,2023-11-22
3427,2023-11-22 16:45:00,False,16:45:00,2023-11-22
3428,2023-11-22 17:00:00,False,17:00:00,2023-11-22
3429,2023-11-22 17:15:00,False,17:15:00,2023-11-22
3430,2023-11-22 17:30:00,False,17:30:00,2023-11-22
3431,2023-11-22 17:45:00,False,17:45:00,2023-11-22
3432,2023-11-22 18:00:00,False,18:00:00,2023-11-22
3433,2023-11-22 18:15:00,False,18:15:00,2023-11-22
3434,2023-11-22 18:30:00,False,18:30:00,2023-11-22
3435,2023-11-22 18:45:00,False,18:45:00,2023-11-22
3436,2023-11-22 19:00:00,False,19:00:00,2023-11-22
3437,2023-11-22 19:15:00,False,19:15:00,2023-11-22
3438,2023-11-22 19:30:00,False,19:30:00,2023-11-22
3439,2023-11-22 19:45:00,False,19:45:00,2023-11-22
3440,2023-11-22 20:00:00,False,20:00:00,2023-11-22
3441,2023-11-22 20:15:00,False,20:15:00,2023-11-22
3442,2023-11-22 20:30:00,False,20:30:00,2023-11-22
3443,2023-11-22 20:45:00,False,20:45:00,2023-11-22
3444,2023-11-22 21:00:00,False,21:00:00,2023-11-22
3445,2023-11-22 21:15:00,False,21:15:00,2023-11-22
3446,2023-11-22 21:30:00,False,21:30:00,2023-11-22
3447,2023-11-22 21:45:00,False,21:45:00,2023-11-22
3448,2023-11-22 22:00:00,False,22:00:00,2023-11-22
3449,2023-11-22 22:15:00,False,22:15:00,2023-11-22
3450,2023-11-22 22:30:00,False,22:30:00,2023-11-22
3451,2023-11-22 22:45:00,False,22:45:00,2023-11-22
3452,2023-11-22 23:00:00,False,23:00:00,2023-11-22
3453,2023-11-22 23:15:00,False,23:15:00,2023-11-22
3454,2023-11-22 23:30:00,False,23:30:00,2023-11-22
3455,2023-11-22 23:45:00,False,23:45:00,2023-11-22
3456,2023-11-23 00:00:00,False,00:00:00,2023-11-23
3457,2023-11-23 00:15:00,False,00:15:00,2023-11-23
3458,2023-11-23 00:30:00,False,00:30:00,2023-11-23
3459,2023-11-23 00:45:00,False,00:45:00,2023-11-23
3460,2023-11-23 01:00:00,False,01:00:00,2023-11-23
3461,2023-11-23 01:15:00,False,01:15:00,2023-11-23
3462,2023-11-23 01:30:00,False,01:30:00,2023-11-23
3463,2023-11-23 01:45:00,False,01:45:00,2023-11-23
3464,2023-11-23 02:00:00,False,02:00:00,2023-11-23
3465,2023-11-23 02:15:00,False,02:15:00,2023-11-23
3466,2023-11-23 02:30:00,False,02:30:00,2023-11-23
3467,2023-11-23 02:45:00,False,02:45:00,2023-11-23
3468,2023-11-23 03:00:00,False,03:00:00,2023-11-23
3469,2023-11-23 03:15:00,False,03:15:00,2023-11-23
3470,2023-11-23 03:30:00,False,03:30:00,2023-11-23
3471,2023-11-23 03:45:00,False,03:45:00,2023-11-23
3472,2023-11-23 04:00:00,False,04:00:00,2023-11-23
3473,2023-11-23 04:15:00,False,04:15:00,2023-11-23
3474,2023-11-23 04:30:00,False,04:30:00,2023-11-23
3475,2023-11-23 04:45:00,False,04:45:00,2023-11-23
3476,2023-11-23 05:00:00,False,05:00:00,2023-11-23
3477,2023-11-23 05:15:00,False,05:15:00,2023-11-23
3478,2023-11-23 05:30:00,False,05:30:00,2023-11-23
3479,2023-11-23 05:45:00,False,05:45:00,2023-11-23
3480,2023-11-23 06:00:00,False,06:00:00,2023-11-23
3481,2023-11-23 06:15:00,False,06:15:00,2023-11-23
3482,2023-11-23 06:30:00,False,06:30:00,2023-11-23
3483,2023-11-23 06:45:00,False,06:45:00,2023-11-23
3484,2023-11-23 07:00:00,False,07:00:00,2023-11-23
3485,2023-11-23 07:15:00,False,07:15:00,2023-11-23
3486,2023-11-23 07:30:00,False,07:30:00,2023-11-23
3487,2023-11-23 07:45:00,False,07:45:00,2023-11-23
3488,2023-11-23 08:00:00,False,08:00:00,2023-11-23
3489,2023-11-23 08:15:00,False,08:15:00,2023-11-23
3490,2023-11-23 08:30:00,False,08:30:00,2023-11-23
3491,2023-11-23 08:45:00,False,08:45:00,2023-11-23
3492,2023-11-23 09:00:00,False,09:00:00,2023-11-23
3493,2023-11-23 09:15:00,False,09:15:00,2023-11-23
3494,2023-11-23 09:30:00,False,09:30:00,2023-11-23
3495,2023-11-23 09:45:00,False,09:45:00,2023-11-23
3496,2023-11-23 10:00:00,False,10:00:00,2023-11-23
3497,2023-11-23 10:15:00,False,10:15:00,2023-11-23
3498,2023-11-23 10:30:00,False,10:30:00,2023-11-23
3499,2023-11-23 10:45:00,False,10:45:00,2023-11-23
3500,2023-11-23 11:00:00,False,11:00:00,2023-11-23
3501,2023-11-23 11:15:00,False,11:15:00,2023-11-23
3502,2023-11-23 11:30:00,False,11:30:00,2023-11-23
3503,2023-11-23 11:45:00,False,11:45:00,2023-11-23
3504,2023-11-23 12:00:00,False,12:00:00,2023-11-23
3505,2023-11-23 12:15:00,False,12:15:00,2023-11-23
3506,2023-11-23 12:30:00,False,12:30:00,2023-11-23
3507,2023-11-23 12:45:00,False,12:45:00,2023-11-23
3508,2023-11-23 13:00:00,False,13:00:00,2023-11-23
3509,2023-11-23 13:15:00,False,13:15:00,2023-11-23
3510,2023-11-23 13:30:00,False,13:30:00,2023-11-23
3511,2023-11-23 13:45:00,False,13:45:00,2023-11-23
3512,2023-11-23 14:00:00,False,14:00:00,2023-11-23
3513,2023-11-23 14:15:00,False,14:15:00,2023-11-23
3514,2023-11-23 14:30:00,True,14:30:00,2023-11-23
3515,2023-11-23 14:45:00,True,14:45:00,2023-11-23
3516,2023-11-23 15:00:00,True,15:00:00,2023-11-23
3517,2023-11-23 15:15:00,True,15:15:00,2023-11-23
3518,2023-11-23 15:30:00,True,15:30:00,2023-11-23
3519,2023-11-23 15:45:00,True,15:45:00,2023-11-23
3520,2023-11-23 16:00:00,True,16:00:00,2023-11-23
3521,2023-11-23 16:15:00,True,16:15:00,2023-11-23
3522,2023-11-23 16:30:00,True,16:30:00,2023-11-23
3523,2023-11-23 16:45:00,True,16:45:00,2023-11-23
3524,2023-11-23 17:00:00,True,17:00:00,2023-11-23
3525,2023-11-23 17:15:00,True,17:15:00,2023-11-23
3526,2023-11-23 17:30:00,True,17:30:00,2023-11-23
3527,2023-11-23 17:45:00,True,17:45:00,2023-11-23
3528,2023-11-23 18:00:00,True,18:00:00,2023-11-23
3529,2023-11-23 18:15:00,True,18:15:00,2023-11-23
3530,2023-11-23 18:30:00,True,18:30:00,2023-11-23
3531,2023-11-23 18:45:00,True,18:45:00,2023-11-23
3532,2023-11-23 19:00:00,True,19:00:00,2023-11-23
3533,2023-11-23 19:15:00,True,19:15:00,2023-11-23
3534,2023-11-23 19:30:00,True,19:30:00,2023-11-23
3535,2023-11-23 19:45:00,True,19:45:00,2023-11-23
3536,2023-11-23 20:00:00,True,20:00:00,2023-11-23
3537,2023-11-23 20:15:00,True,20:15:00,2023-11-23
3538,2023-11-23 20:30:00,True,20:30:00,2023-11-23
3539,2023-11-23 20:45:00,True,20:45:00,2023-11-23
3540,2023-11-23 21:00:00,True,21:00:00,2023-11-23
3541,2023-11-23 21:15:00,True,21:15:00,2023-11-23
3542,2023-11-23 21:30:00,True,21:30:00,2023-11-23
3543,2023-11-23 21:45:00,True,21:45:00,2023-11-23
3544,2023-11-23 22:00:00,True,22:00:00,2023-11-23
3545,2023-11-23 22:15:00,True,22:15:00,2023-11-23
3546,2023-11-23 22:30:00,True,22:30:00,2023-11-23
3547,2023-11-23 22:45:00,True,22:45:00,2023-11-23
3548,2023-11-23 23:00:00,True,23:00:00,2023-11-23
3549,2023-11-23 23:15:00,True,23:15:00,2023-11-23
3550,2023-11-23 23:30:00,True,23:30:00,2023-11-23
3551,2023-11-23 23:45:00,True,23:45:00,2023-11-23
3552,2023-11-24 00:00:00,False,00:00:00,2023-11-24
3553,2023-11-24 00:15:00,False,00:15:00,2023-11-24
3554,2023-11-24 00:30:00,False,00:30:00,2023-11-24
3555,2023-11-24 00:45:00,False,00:45:00,2023-11-24
3556,2023-11-24 01:00:00,False,01:00:00,2023-11-24
3557,2023-11-24 01:15:00,False,01:15:00,2023-11-24
3558,2023-11-24 01:30:00,False,01:30:00,2023-11-24
3559,2023-11-24 01:45:00,False,01:45:00,2023-11-24
3560,2023-11-24 02:00:00,False,02:00:00,2023-11-24
3561,2023-11-24 02:15:00,False,02:15:00,2023-11-24
3562,2023-11-24 02:30:00,False,02:30:00,2023-11-24
3563,2023-11-24 02:45:00,False,02:45:00,2023-11-24
3564,2023-11-24 03:00:00,False,03:00:00,2023-11-24
3565,2023-11-24 03:15:00,False,03:15:00,2023-11-24
3566,2023-11-24 03:30:00,False,03:30:00,2023-11-24
3567,2023-11-24 03:45:00,False,03:45:00,2023-11-24
3568,2023-11-24 04:00:00,False,04:00:00,2023-11-24
3569,2023-11-24 04:15:00,False,04:15:00,2023-11-24
3570,2023-11-24 04:30:00,False,04:30:00,2023-11-24
3571,2023-11-24 04:45:00,False,04:45:00,2023-11-24
3572,2023-11-24 05:00:00,False,05:00:00,2023-11-24
3573,2023-11-24 05:15:00,False,05:15:00,2023-11-24
3574,2023-11-24 05:30:00,False,05:30:00,2023-11-24
3575,2023-11-24 05:45:00,False,05:45:00,2023-11-24
3576,2023-11-24 06:00:00,False,06:00:00,2023-11-24
3577,2023-11-24 06:15:00,False,06:15:00,2023-11-24
3578,2023-11-24 06:30:00,False,06:30:00,2023-11-24
3579,2023-11-24 06:45:00,False,06:45:00,2023-11-24
3580,2023-11-24 07:00:00,False,07:00:00,2023-11-24
3581,2023-11-24 07:15:00,False,07:15:00,2023-11-24
3582,2023-11-24 07:30:00,False,07:30:00,2023-11-24
3583,2023-11-24 07:45:00,False,07:45:00,2023-11-24
3584,2023-11-24 08:00:00,False,08:00:00,2023-11-24
3585,2023-11-24 08:15:00,False,08:15:00,2023-11-24
3586,2023-11-24 08:30:00,False,08:30:00,2023-11-24
3587,2023-11-24 08:45:00,False,08:45:00,2023-11-24
3588,2023-11-24 09:00:00,False,09:00:00,2023-11-24
3589,2023-11-24 09:15:00,False,09:15:00,2023-11-24
3590,2023-11-24 09:30:00,False,09:30:00,2023-11-24
3591,2023-11-24 09:45:00,False,09:45:00,2023-11-24
3592,2023-11-24 10:00:00,False,10:00:00,2023-11-24
3593,2023-11-24 10:15:00,False,10:15:00,2023-11-24
3594,2023-11-24 10:30:00,False,10:30:00,2023-11-24
3595,2023-11-24 10:45:00,False,10:45:00,2023-11-24
3596,2023-11-24 11:00:00,False,11:00:00,2023-11-24
3597,2023-11-24 11:15:00,False,11:15:00,2023-11-24
3598,2023-11-24 11:30:00,False,11:30:00,2023-11-24
3599,2023-11-24 11:45:00,False,11:45:00,2023-11-24
3600,2023-11-24 12:00:00,False,12:00:00,2023-11-24
3601,2023-11-24 12:15:00,False,12:15:00,2023-11-24
3602,2023-11-24 12:30:00,False,12:30:00,2023-11-24
3603,2023-11-24 12:45:00,False,12:45:00,2023-11-24
3604,2023-11-24 13:00:00,False,13:00:00,2023-11-24
3605,2023-11-24 13:15:00,False,13:15:00,2023-11-24
3606,2023-11-24 13:30:00,False,13:30:00,2023-11-24
3607,2023-11-24 13:45:00,False,13:45:00,2023-11-24
3608,2023-11-24 14:00:00,False,14:00:00,2023-11-24
3609,2023-11-24 14:15:00,False,14:15:00,2023-11-24
3610,2023-11-24 14:30:00,False,14:30:00,2023-11-24
3611,2023-11-24 14:45:00,False,14:45:00,2023-11-24
3612,2023-11-24 15:00:00,False,15:00:00,2023-11-24
3613,2023-11-24 15:15:00,False,15:15:00,2023-11-24
3614,2023-11-24 15:30:00,False,15:30:00,2023-11-24
3615,2023-11-24 15:45:00,False,15:45:00,2023-11-24
3616,2023-11-24 16:00:00,False,16:00:00,2023-11-24
3617,2023-11-24 16:15:00,False,16:15:00,2023-11-24
3618,2023-11-24 16:30:00,False,16:30:00,2023-11-24
3619,2023-11-24 16:45:00,False,16:45:00,2023-11-24
3620,2023-11-24 17:00:00,False,17:00:00,2023-11-24
3621,2023-11-24 17:15:00,False,17:15:00,2023-11-24
3622,2023-11-24 17:30:00,False,17:30:00,2023-11-24
3623,2023-11-24 17:45:00,False,17:45:00,2023-11-24
3624,2023-11-24 18:00:00,False,18:00:00,2023-11-24
3625,2023-11-24 18:15:00,False,18:15:00,2023-11-24
3626,2023-11-24 18:30:00,False,18:30:00,2023-11-24
3627,2023-11-24 18:45:00,False,18:45:00,2023-11-24
3628,2023-11-24 19:00:00,False,19:00:00,2023-11-24
3629,2023-11-24 19:15:00,False,19:15:00,2023-11-24
3630,2023-11-24 19:30:00,False,19:30:00,2023-11-24
3631,2023-11-24 19:45:00,False,19:45:00,2023-11-24
3632,2023-11-24 20:00:00,False,20:00:00,2023-11-24
3633,2023-11-24 20:15:00,True,20:15:00,2023-11-24
3634,2023-11-24 20:30:00,True,20:30:00,2023-11-24
3635,2023-11-24 20:45:00,True,20:45:00,2023-11-24
3636,2023-11-24 21:00:00,True,21:00:00,2023-11-24
3637,2023-11-24 21:15:00,True,21:15:00,2023-11-24
3638,2023-11-24 21:30:00,True,21:30:00,2023-11-24
3639,2023-11-24 21:45:00,True,21:45:00,2023-11-24
3640,2023-11-24 22:00:00,True,22:00:00,2023-11-24
3641,2023-11-24 22:15:00,True,22:15:00,2023-11-24
3642,2023-11-24 22:30:00,True,22:30:00,2023-11-24
3643,2023-11-24 22:45:00,True,22:45:00,2023-11-24
3644,2023-11-24 23:00:00,True,23:00:00,2023-11-24
3645,2023-11-24 23:15:00,True,23:15:00,2023-11-24
3646,2023-11-24 23:30:00,True,23:30:00,2023-11-24
3647,2023-11-24 23:45:00,True,23:45:00,2023-11-24
3648,2023-11-25 00:00:00,True,00:00:00,2023-11-25
3649,2023-11-25 00:15:00,True,00:15:00,2023-11-25
3650,2023-11-25 00:30:00,True,00:30:00,2023-11-25
3651,2023-11-25 00:45:00,True,00:45:00,2023-11-25
3652,2023-11-25 01:00:00,True,01:00:00,2023-11-25
3653,2023-11-25 01:15:00,True,01:15:00,2023-11-25
3654,2023-11-25 01:30:00,True,01:30:00,2023-11-25
3655,2023-11-25 01:45:00,True,01:45:00,2023-11-25
3656,2023-11-25 02:00:00,True,02:00:00,2023-11-25
3657,2023-11-25 02:15:00,True,02:15:00,2023-11-25
3658,2023-11-25 02:30:00,True,02:30:00,2023-11-25
3659,2023-11-25 02:45:00,True,02:45:00,2023-11-25
3660,2023-11-25 03:00:00,True,03:00:00,2023-11-25
3661,2023-11-25 03:15:00,True,03:15:00,2023-11-25
3662,2023-11-25 03:30:00,True,03:30:00,2023-11-25
3663,2023-11-25 03:45:00,True,03:45:00,2023-11-25
3664,2023-11-25 04:00:00,True,04:00:00,2023-11-25
3665,2023-11-25 04:15:00,True,04:15:00,2023-11-25
3666,2023-11-25 04:30:00,True,04:30:00,2023-11-25
3667,2023-11-25 04:45:00,True,04:45:00,2023-11-25
3668,2023-11-25 05:00:00,True,05:00:00,2023-11-25
3669,2023-11-25 05:15:00,True,05:15:00,2023-11-25
3670,2023-11-25 05:30:00,True,05:30:00,2023-11-25
3671,2023-11-25 05:45:00,True,05:45:00,2023-11-25
3672,2023-11-25 06:00:00,True,06:00:00,2023-11-25
3673,2023-11-25 06:15:00,True,06:15:00,2023-11-25
3674,2023-11-25 06:30:00,True,06:30:00,2023-11-25
3675,2023-11-25 06:45:00,True,06:45:00,2023-11-25
3676,2023-11-25 07:00:00,True,07:00:00,2023-11-25
3677,2023-11-25 07:15:00,True,07:15:00,2023-11-25
3678,2023-11-25 07:30:00,True,07:30:00,2023-11-25
3679,2023-11-25 07:45:00,True,07:45:00,2023-11-25
3680,2023-11-25 08:00:00,True,08:00:00,2023-11-25
3681,2023-11-25 08:15:00,True,08:15:00,2023-11-25
3682,2023-11-25 08:30:00,True,08:30:00,2023-11-25
3683,2023-11-25 08:45:00,True,08:45:00,2023-11-25
3684,2023-11-25 09:00:00,True,09:00:00,2023-11-25
3685,2023-11-25 09:15:00,True,09:15:00,2023-11-25
3686,2023-11-25 09:30:00,True,09:30:00,2023-11-25
3687,2023-11-25 09:45:00,True,09:45:00,2023-11-25
3688,2023-11-25 10:00:00,True,10:00:00,2023-11-25
3689,2023-11-25 10:15:00,True,10:15:00,2023-11-25
3690,2023-11-25 10:30:00,True,10:30:00,2023-11-25
3691,2023-11-25 10:45:00,True,10:45:00,2023-11-25
3692,2023-11-25 11:00:00,True,11:00:00,2023-11-25
3693,2023-11-25 11:15:00,True,11:15:00,2023-11-25
3694,2023-11-25 11:30:00,True,11:30:00,2023-11-25
3695,2023-11-25 11:45:00,True,11:45:00,2023-11-25
3696,2023-11-25 12:00:00,True,12:00:00,2023-11-25
3697,2023-11-25 12:15:00,True,12:15:00,2023-11-25
3698,2023-11-25 12:30:00,True,12:30:00,2023-11-25
3699,2023-11-25 12:45:00,True,12:45:00,2023-11-25
3700,2023-11-25 13:00:00,True,13:00:00,2023-11-25
3701,2023-11-25 13:15:00,True,13:15:00,2023-11-25
3702,2023-11-25 13:30:00,True,13:30:00,2023-11-25
3703,2023-11-25 13:45:00,True,13:45:00,2023-11-25
3704,2023-11-25 14:00:00,True,14:00:00,2023-11-25
3705,2023-11-25 14:15:00,True,14:15:00,2023-11-25
3706,2023-11-25 14:30:00,True,14:30:00,2023-11-25
3707,2023-11-25 14:45:00,True,14:45:00,2023-11-25
3708,2023-11-25 15:00:00,True,15:00:00,2023-11-25
3709,2023-11-25 15:15:00,True,15:15:00,2023-11-25
3710,2023-11-25 15:30:00,True,15:30:00,2023-11-25
3711,2023-11-25 15:45:00,True,15:45:00,2023-11-25
3712,2023-11-25 16:00:00,True,16:00:00,2023-11-25
3713,2023-11-25 16:15:00,True,16:15:00,2023-11-25
3714,2023-11-25 16:30:00,True,16:30:00,2023-11-25
3715,2023-11-25 16:45:00,True,16:45:00,2023-11-25
3716,2023-11-25 17:00:00,True,17:00:00,2023-11-25
3717,2023-11-25 17:15:00,True,17:15:00,2023-11-25
3718,2023-11-25 17:30:00,True,17:30:00,2023-11-25
3719,2023-11-25 17:45:00,True,17:45:00,2023-11-25
3720,2023-11-25 18:00:00,True,18:00:00,2023-11-25
3721,2023-11-25 18:15:00,True,18:15:00,2023-11-25
3722,2023-11-25 18:30:00,True,18:30:00,2023-11-25
3723,2023-11-25 18:45:00,True,18:45:00,2023-11-25
3724,2023-11-25 19:00:00,True,19:00:00,2023-11-25
3725,2023-11-25 19:15:00,True,19:15:00,2023-11-25
3726,2023-11-25 19:30:00,True,19:30:00,2023-11-25
3727,2023-11-25 19:45:00,True,19:45:00,2023-11-25
3728,2023-11-25 20:00:00,True,20:00:00,2023-11-25
3729,2023-11-25 20:15:00,True,20:15:00,2023-11-25
3730,2023-11-25 20:30:00,True,20:30:00,2023-11-25
3731,2023-11-25 20:45:00,True,20:45:00,2023-11-25
3732,2023-11-25 21:00:00,True,21:00:00,2023-11-25
3733,2023-11-25 21:15:00,True,21:15:00,2023-11-25
3734,2023-11-25 21:30:00,True,21:30:00,2023-11-25
3735,2023-11-25 21:45:00,True,21:45:00,2023-11-25
3736,2023-11-25 22:00:00,True,22:00:00,2023-11-25
3737,2023-11-25 22:15:00,True,22:15:00,2023-11-25
3738,2023-11-25 22:30:00,True,22:30:00,2023-11-25
3739,2023-11-25 22:45:00,True,22:45:00,2023-11-25
3740,2023-11-25 23:00:00,True,23:00:00,2023-11-25
3741,2023-11-25 23:15:00,True,23:15:00,2023-11-25
3742,2023-11-25 23:30:00,True,23:30:00,2023-11-25
3743,2023-11-25 23:45:00,True,23:45:00,2023-11-25
3744,2023-11-26 00:00:00,True,00:00:00,2023-11-26
3745,2023-11-26 00:15:00,False,00:15:00,2023-11-26
3746,2023-11-26 00:30:00,False,00:30:00,2023-11-26
3747,2023-11-26 00:45:00,False,00:45:00,2023-11-26
3748,2023-11-26 01:00:00,False,01:00:00,2023-11-26
3749,2023-11-26 01:15:00,False,01:15:00,2023-11-26
3750,2023-11-26 01:30:00,False,01:30:00,2023-11-26
3751,2023-11-26 01:45:00,False,01:45:00,2023-11-26
3752,2023-11-26 02:00:00,False,02:00:00,2023-11-26
3753,2023-11-26 02:15:00,False,02:15:00,2023-11-26
3754,2023-11-26 02:30:00,False,02:30:00,2023-11-26
3755,2023-11-26 02:45:00,False,02:45:00,2023-11-26
3756,2023-11-26 03:00:00,False,03:00:00,2023-11-26
3757,2023-11-26 03:15:00,False,03:15:00,2023-11-26
3758,2023-11-26 03:30:00,False,03:30:00,2023-11-26
3759,2023-11-26 03:45:00,False,03:45:00,2023-11-26
3760,2023-11-26 04:00:00,False,04:00:00,2023-11-26
3761,2023-11-26 04:15:00,False,04:15:00,2023-11-26
3762,2023-11-26 04:30:00,False,04:30:00,2023-11-26
3763,2023-11-26 04:45:00,False,04:45:00,2023-11-26
3764,2023-11-26 05:00:00,False,05:00:00,2023-11-26
3765,2023-11-26 05:15:00,False,05:15:00,2023-11-26
3766,2023-11-26 05:30:00,False,05:30:00,2023-11-26
3767,2023-11-26 05:45:00,False,05:45:00,2023-11-26
3768,2023-11-26 06:00:00,False,06:00:00,2023-11-26
3769,2023-11-26 06:15:00,False,06:15:00,2023-11-26
3770,2023-11-26 06:30:00,False,06:30:00,2023-11-26
3771,2023-11-26 06:45:00,False,06:45:00,2023-11-26
3772,2023-11-26 07:00:00,False,07:00:00,2023-11-26
3773,2023-11-26 07:15:00,False,07:15:00,2023-11-26
3774,2023-11-26 07:30:00,False,07:30:00,2023-11-26
3775,2023-11-26 07:45:00,False,07:45:00,2023-11-26
3776,2023-11-26 08:00:00,False,08:00:00,2023-11-26
3777,2023-11-26 08:15:00,False,08:15:00,2023-11-26
3778,2023-11-26 08:30:00,False,08:30:00,2023-11-26
3779,2023-11-26 08:45:00,False,08:45:00,2023-11-26
3780,2023-11-26 09:00:00,False,09:00:00,2023-11-26
3781,2023-11-26 09:15:00,False,09:15:00,2023-11-26
3782,2023-11-26 09:30:00,True,09:30:00,2023-11-26
3783,2023-11-26 09:45:00,True,09:45:00,2023-11-26
3784,2023-11-26 10:00:00,True,10:00:00,2023-11-26
3785,2023-11-26 10:15:00,True,10:15:00,2023-11-26
3786,2023-11-26 10:30:00,True,10:30:00,2023-11-26
3787,2023-11-26 10:45:00,True,10:45:00,2023-11-26
3788,2023-11-26 11:00:00,True,11:00:00,2023-11-26
3789,2023-11-26 11:15:00,True,11:15:00,2023-11-26
3790,2023-11-26 11:30:00,True,11:30:00,2023-11-26
3791,2023-11-26 11:45:00,True,11:45:00,2023-11-26
3792,2023-11-26 12:00:00,True,12:00:00,2023-11-26
3793,2023-11-26 12:15:00,True,12:15:00,2023-11-26
3794,2023-11-26 12:30:00,True,12:30:00,2023-11-26
3795,2023-11-26 12:45:00,True,12:45:00,2023-11-26
3796,2023-11-26 13:00:00,True,13:00:00,2023-11-26
3797,2023-11-26 13:15:00,True,13:15:00,2023-11-26
3798,2023-11-26 13:30:00,True,13:30:00,2023-11-26
3799,2023-11-26 13:45:00,True,13:45:00,2023-11-26
3800,2023-11-26 14:00:00,True,14:00:00,2023-11-26
3801,2023-11-26 14:15:00,True,14:15:00,2023-11-26
3802,2023-11-26 14:30:00,True,14:30:00,2023-11-26
3803,2023-11-26 14:45:00,True,14:45:00,2023-11-26
3804,2023-11-26 15:00:00,True,15:00:00,2023-11-26
3805,2023-11-26 15:15:00,True,15:15:00,2023-11-26
3806,2023-11-26 15:30:00,True,15:30:00,2023-11-26
3807,2023-11-26 15:45:00,True,15:45:00,2023-11-26
3808,2023-11-26 16:00:00,True,16:00:00,2023-11-26
3809,2023-11-26 16:15:00,True,16:15:00,2023-11-26
3810,2023-11-26 16:30:00,True,16:30:00,2023-11-26
3811,2023-11-26 16:45:00,True,16:45:00,2023-11-26
3812,2023-11-26 17:00:00,True,17:00:00,2023-11-26
3813,2023-11-26 17:15:00,True,17:15:00,2023-11-26
3814,2023-11-26 17:30:00,True,17:30:00,2023-11-26
3815,2023-11-26 17:45:00,True,17:45:00,2023-11-26
3816,2023-11-26 18:00:00,True,18:00:00,2023-11-26
3817,2023-11-26 18:15:00,True,18:15:00,2023-11-26
3818,2023-11-26 18:30:00,True,18:30:00,2023-11-26
3819,2023-11-26 18:45:00,True,18:45:00,2023-11-26
3820,2023-11-26 19:00:00,True,19:00:00,2023-11-26
3821,2023-11-26 19:15:00,True,19:15:00,2023-11-26
3822,2023-11-26 19:30:00,True,19:30:00,2023-11-26
3823,2023-11-26 19:45:00,True,19:45:00,2023-11-26
3824,2023-11-26 20:00:00,True,20:00:00,2023-11-26
3825,2023-11-26 20:15:00,True,20:15:00,2023-11-26
3826,2023-11-26 20:30:00,True,20:30:00,2023-11-26
3827,2023-11-26 20:45:00,True,20:45:00,2023-11-26
3828,2023-11-26 21:00:00,True,21:00:00,2023-11-26
3829,2023-11-26 21:15:00,True,21:15:00,2023-11-26
3830,2023-11-26 21:30:00,True,21:30:00,2023-11-26
3831,2023-11-26 21:45:00,True,21:45:00,2023-11-26
3832,2023-11-26 22:00:00,True,22:00:00,2023-11-26
3833,2023-11-26 22:15:00,True,22:15:00,2023-11-26
3834,2023-11-26 22:30:00,True,22:30:00,2023-11-26
3835,2023-11-26 22:45:00,True,22:45:00,2023-11-26
3836,2023-11-26 23:00:00,True,23:00:00,2023-11-26
3837,2023-11-26 23:15:00,True,23:15:00,2023-11-26
3838,2023-11-26 23:30:00,True,23:30:00,2023-11-26
3839,2023-11-26 23:45:00,True,23:45:00,2023-11-26
3840,2023-11-27 00:00:00,True,00:00:00,2023-11-27
3841,2023-11-27 00:15:00,True,00:15:00,2023-11-27
3842,2023-11-27 00:30:00,True,00:30:00,2023-11-27
3843,2023-11-27 00:45:00,True,00:45:00,2023-11-27
3844,2023-11-27 01:00:00,True,01:00:00,2023-11-27
3845,2023-11-27 01:15:00,True,01:15:00,2023-11-27
3846,2023-11-27 01:30:00,True,01:30:00,2023-11-27
3847,2023-11-27 01:45:00,True,01:45:00,2023-11-27
3848,2023-11-27 02:00:00,True,02:00:00,2023-11-27
3849,2023-11-27 02:15:00,True,02:15:00,2023-11-27
3850,2023-11-27 02:30:00,True,02:30:00,2023-11-27
3851,2023-11-27 02:45:00,True,02:45:00,2023-11-27
3852,2023-11-27 03:00:00,True,03:00:00,2023-11-27
3853,2023-11-27 03:15:00,True,03:15:00,2023-11-27
3854,2023-11-27 03:30:00,True,03:30:00,2023-11-27
3855,2023-11-27 03:45:00,True,03:45:00,2023-11-27
3856,2023-11-27 04:00:00,True,04:00:00,2023-11-27
3857,2023-11-27 04:15:00,True,04:15:00,2023-11-27
3858,2023-11-27 04:30:00,True,04:30:00,2023-11-27
3859,2023-11-27 04:45:00,True,04:45:00,2023-11-27
3860,2023-11-27 05:00:00,True,05:00:00,2023-11-27
3861,2023-11-27 05:15:00,True,05:15:00,2023-11-27
3862,2023-11-27 05:30:00,True,05:30:00,2023-11-27
3863,2023-11-27 05:45:00,True,05:45:00,2023-11-27
3864,2023-11-27 06:00:00,True,06:00:00,2023-11-27
3865,2023-11-27 06:15:00,True,06:15:00,2023-11-27
3866,2023-11-27 06:30:00,True,06:30:00,2023-11-27
3867,2023-11-27 06:45:00,True,06:45:00,2023-11-27
3868,2023-11-27 07:00:00,True,07:00:00,2023-11-27
3869,2023-11-27 07:15:00,True,07:15:00,2023-11-27
3870,2023-11-27 07:30:00,True,07:30:00,2023-11-27
3871,2023-11-27 07:45:00,True,07:45:00,2023-11-27
3872,2023-11-27 08:00:00,True,08:00:00,2023-11-27
3873,2023-11-27 08:15:00,True,08:15:00,2023-11-27
3874,2023-11-27 08:30:00,True,08:30:00,2023-11-27
3875,2023-11-27 08:45:00,True,08:45:00,2023-11-27
3876,2023-11-27 09:00:00,True,09:00:00,2023-11-27
3877,2023-11-27 09:15:00,True,09:15:00,2023-11-27
3878,2023-11-27 09:30:00,True,09:30:00,2023-11-27
3879,2023-11-27 09:45:00,True,09:45:00,2023-11-27
3880,2023-11-27 10:00:00,True,10:00:00,2023-11-27
3881,2023-11-27 10:15:00,True,10:15:00,2023-11-27
3882,2023-11-27 10:30:00,True,10:30:00,2023-11-27
3883,2023-11-27 10:45:00,True,10:45:00,2023-11-27
3884,2023-11-27 11:00:00,True,11:00:00,2023-11-27
3885,2023-11-27 11:15:00,True,11:15:00,2023-11-27
3886,2023-11-27 11:30:00,True,11:30:00,2023-11-27
3887,2023-11-27 11:45:00,True,11:45:00,2023-11-27
3888,2023-11-27 12:00:00,True,12:00:00,2023-11-27
3889,2023-11-27 12:15:00,True,12:15:00,2023-11-27
3890,2023-11-27 12:30:00,True,12:30:00,2023-11-27
3891,2023-11-27 12:45:00,True,12:45:00,2023-11-27
3892,2023-11-27 13:00:00,True,13:00:00,2023-11-27
3893,2023-11-27 13:15:00,True,13:15:00,2023-11-27
3894,2023-11-27 13:30:00,True,13:30:00,2023-11-27
3895,2023-11-27 13:45:00,True,13:45:00,2023-11-27
3896,2023-11-27 14:00:00,True,14:00:00,2023-11-27
3897,2023-11-27 14:15:00,True,14:15:00,2023-11-27
3898,2023-11-27 14:30:00,True,14:30:00,2023-11-27
3899,2023-11-27 14:45:00,True,14:45:00,2023-11-27
3900,2023-11-27 15:00:00,True,15:00:00,2023-11-27
3901,2023-11-27 15:15:00,True,15:15:00,2023-11-27
3902,2023-11-27 15:30:00,True,15:30:00,2023-11-27
3903,2023-11-27 15:45:00,True,15:45:00,2023-11-27
3904,2023-11-27 16:00:00,True,16:00:00,2023-11-27
3905,2023-11-27 16:15:00,True,16:15:00,2023-11-27
3906,2023-11-27 16:30:00,True,16:30:00,2023-11-27
3907,2023-11-27 16:45:00,True,16:45:00,2023-11-27
3908,2023-11-27 17:00:00,True,17:00:00,2023-11-27
3909,2023-11-27 17:15:00,True,17:15:00,2023-11-27
3910,2023-11-27 17:30:00,True,17:30:00,2023-11-27
3911,2023-11-27 17:45:00,True,17:45:00,2023-11-27
3912,2023-11-27 18:00:00,True,18:00:00,2023-11-27
3913,2023-11-27 18:15:00,True,18:15:00,2023-11-27
3914,2023-11-27 18:30:00,True,18:30:00,2023-11-27
3915,2023-11-27 18:45:00,True,18:45:00,2023-11-27
3916,2023-11-27 19:00:00,True,19:00:00,2023-11-27
3917,2023-11-27 19:15:00,True,19:15:00,2023-11-27
3918,2023-11-27 19:30:00,True,19:30:00,2023-11-27
3919,2023-11-27 19:45:00,True,19:45:00,2023-11-27
3920,2023-11-27 20:00:00,True,20:00:00,2023-11-27
3921,2023-11-27 20:15:00,True,20:15:00,2023-11-27
3922,2023-11-27 20:30:00,True,20:30:00,2023-11-27
3923,2023-11-27 20:45:00,True,20:45:00,2023-11-27
3924,2023-11-27 21:00:00,True,21:00:00,2023-11-27
3925,2023-11-27 21:15:00,True,21:15:00,2023-11-27
3926,2023-11-27 21:30:00,True,21:30:00,2023-11-27
3927,2023-11-27 21:45:00,True,21:45:00,2023-11-27
3928,2023-11-27 22:00:00,True,22:00:00,2023-11-27
3929,2023-11-27 22:15:00,False,22:15:00,2023-11-27
3930,2023-11-27 22:30:00,True,22:30:00,2023-11-27
3931,2023-11-27 22:45:00,False,22:45:00,2023-11-27
3932,2023-11-27 23:00:00,False,23:00:00,2023-11-27
3933,2023-11-27 23:15:00,False,23:15:00,2023-11-27
3934,2023-11-27 23:30:00,True,23:30:00,2023-11-27
3935,2023-11-27 23:45:00,True,23:45:00,2023-11-27
3936,2023-11-28 00:00:00,True,00:00:00,2023-11-28
3937,2023-11-28 00:15:00,True,00:15:00,2023-11-28
3938,2023-11-28 00:30:00,True,00:30:00,2023-11-28
3939,2023-11-28 00:45:00,True,00:45:00,2023-11-28
3940,2023-11-28 01:00:00,True,01:00:00,2023-11-28
3941,2023-11-28 01:15:00,False,01:15:00,2023-11-28
3942,2023-11-28 01:30:00,True,01:30:00,2023-11-28
3943,2023-11-28 01:45:00,True,01:45:00,2023-11-28
3944,2023-11-28 02:00:00,True,02:00:00,2023-11-28
3945,2023-11-28 02:15:00,True,02:15:00,2023-11-28
3946,2023-11-28 02:30:00,True,02:30:00,2023-11-28
3947,2023-11-28 02:45:00,True,02:45:00,2023-11-28
3948,2023-11-28 03:00:00,True,03:00:00,2023-11-28
3949,2023-11-28 03:15:00,True,03:15:00,2023-11-28
3950,2023-11-28 03:30:00,True,03:30:00,2023-11-28
3951,2023-11-28 03:45:00,True,03:45:00,2023-11-28
3952,2023-11-28 04:00:00,True,04:00:00,2023-11-28
3953,2023-11-28 04:15:00,True,04:15:00,2023-11-28
3954,2023-11-28 04:30:00,True,04:30:00,2023-11-28
3955,2023-11-28 04:45:00,True,04:45:00,2023-11-28
3956,2023-11-28 05:00:00,True,05:00:00,2023-11-28
3957,2023-11-28 05:15:00,True,05:15:00,2023-11-28
3958,2023-11-28 05:30:00,True,05:30:00,2023-11-28
3959,2023-11-28 05:45:00,True,05:45:00,2023-11-28
3960,2023-11-28 06:00:00,False,06:00:00,2023-11-28
3961,2023-11-28 06:15:00,True,06:15:00,2023-11-28
3962,2023-11-28 06:30:00,True,06:30:00,2023-11-28
3963,2023-11-28 06:45:00,True,06:45:00,2023-11-28
3964,2023-11-28 07:00:00,True,07:00:00,2023-11-28
3965,2023-11-28 07:15:00,True,07:15:00,2023-11-28
3966,2023-11-28 07:30:00,True,07:30:00,2023-11-28
3967,2023-11-28 07:45:00,True,07:45:00,2023-11-28
3968,2023-11-28 08:00:00,True,08:00:00,2023-11-28
3969,2023-11-28 08:15:00,True,08:15:00,2023-11-28
3970,2023-11-28 08:30:00,True,08:30:00,2023-11-28
3971,2023-11-28 08:45:00,True,08:45:00,2023-11-28
3972,2023-11-28 09:00:00,True,09:00:00,2023-11-28
3973,2023-11-28 09:15:00,True,09:15:00,2023-11-28
3974,2023-11-28 09:30:00,False,09:30:00,2023-11-28
3975,2023-11-28 09:45:00,False,09:45:00,2023-11-28
3976,2023-11-28 10:00:00,False,10:00:00,2023-11-28
3977,2023-11-28 10:15:00,True,10:15:00,2023-11-28
3978,2023-11-28 10:30:00,True,10:30:00,2023-11-28
3979,2023-11-28 10:45:00,True,10:45:00,2023-11-28
3980,2023-11-28 11:00:00,True,11:00:00,2023-11-28
3981,2023-11-28 11:15:00,True,11:15:00,2023-11-28
3982,2023-11-28 11:30:00,True,11:30:00,2023-11-28
3983,2023-11-28 11:45:00,True,11:45:00,2023-11-28
3984,2023-11-28 12:00:00,True,12:00:00,2023-11-28
3985,2023-11-28 12:15:00,True,12:15:00,2023-11-28
3986,2023-11-28 12:30:00,True,12:30:00,2023-11-28
3987,2023-11-28 12:45:00,True,12:45:00,2023-11-28
3988,2023-11-28 13:00:00,True,13:00:00,2023-11-28
3989,2023-11-28 13:15:00,True,13:15:00,2023-11-28
3990,2023-11-28 13:30:00,True,13:30:00,2023-11-28
3991,2023-11-28 13:45:00,True,13:45:00,2023-11-28
3992,2023-11-28 14:00:00,True,14:00:00,2023-11-28
3993,2023-11-28 14:15:00,True,14:15:00,2023-11-28
3994,2023-11-28 14:30:00,True,14:30:00,2023-11-28
3995,2023-11-28 14:45:00,True,14:45:00,2023-11-28
3996,2023-11-28 15:00:00,True,15:00:00,2023-11-28
3997,2023-11-28 15:15:00,True,15:15:00,2023-11-28
3998,2023-11-28 15:30:00,True,15:30:00,2023-11-28
3999,2023-11-28 15:45:00,True,15:45:00,2023-11-28
4000,2023-11-28 16:00:00,True,16:00:00,2023-11-28
4001,2023-11-28 16:15:00,True,16:15:00,2023-11-28
4002,2023-11-28 16:30:00,True,16:30:00,2023-11-28
4003,2023-11-28 16:45:00,True,16:45:00,2023-11-28
4004,2023-11-28 17:00:00,True,17:00:00,2023-11-28
4005,2023-11-28 17:15:00,True,17:15:00,2023-11-28
4006,2023-11-28 17:30:00,True,17:30:00,2023-11-28
4007,2023-11-28 17:45:00,True,17:45:00,2023-11-28
4008,2023-11-28 18:00:00,True,18:00:00,2023-11-28
4009,2023-11-28 18:15:00,True,18:15:00,2023-11-28
4010,2023-11-28 18:30:00,True,18:30:00,2023-11-28
4011,2023-11-28 18:45:00,True,18:45:00,2023-11-28
4012,2023-11-28 19:00:00,True,19:00:00,2023-11-28
4013,2023-11-28 19:15:00,True,19:15:00,2023-11-28
4014,2023-11-28 19:30:00,True,19:30:00,2023-11-28
4015,2023-11-28 19:45:00,True,19:45:00,2023-11-28
4016,2023-11-28 20:00:00,True,20:00:00,2023-11-28
4017,2023-11-28 20:15:00,True,20:15:00,2023-11-28
4018,2023-11-28 20:30:00,True,20:30:00,2023-11-28
4019,2023-11-28 20:45:00,True,20:45:00,2023-11-28
4020,2023-11-28 21:00:00,True,21:00:00,2023-11-28
4021,2023-11-28 21:15:00,True,21:15:00,2023-11-28
4022,2023-11-28 21:30:00,True,21:30:00,2023-11-28
4023,2023-11-28 21:45:00,True,21:45:00,2023-11-28
4024,2023-11-28 22:00:00,True,22:00:00,2023-11-28
4025,2023-11-28 22:15:00,True,22:15:00,2023-11-28
4026,2023-11-28 22:30:00,True,22:30:00,2023-11-28
4027,2023-11-28 22:45:00,True,22:45:00,2023-11-28
4028,2023-11-28 23:00:00,True,23:00:00,2023-11-28
4029,2023-11-28 23:15:00,True,23:15:00,2023-11-28
4030,2023-11-28 23:30:00,True,23:30:00,2023-11-28
4031,2023-11-28 23:45:00,True,23:45:00,2023-11-28
4032,2023-11-29 00:00:00,True,00:00:00,2023-11-29
4033,2023-11-29 00:15:00,True,00:15:00,2023-11-29
4034,2023-11-29 00:30:00,True,00:30:00,2023-11-29
4035,2023-11-29 00:45:00,True,00:45:00,2023-11-29
4036,2023-11-29 01:00:00,True,01:00:00,2023-11-29
4037,2023-11-29 01:15:00,True,01:15:00,2023-11-29
4038,2023-11-29 01:30:00,True,01:30:00,2023-11-29
4039,2023-11-29 01:45:00,True,01:45:00,2023-11-29
4040,2023-11-29 02:00:00,True,02:00:00,2023-11-29
4041,2023-11-29 02:15:00,True,02:15:00,2023-11-29
4042,2023-11-29 02:30:00,True,02:30:00,2023-11-29
4043,2023-11-29 02:45:00,True,02:45:00,2023-11-29
4044,2023-11-29 03:00:00,True,03:00:00,2023-11-29
4045,2023-11-29 03:15:00,True,03:15:00,2023-11-29
4046,2023-11-29 03:30:00,True,03:30:00,2023-11-29
4047,2023-11-29 03:45:00,True,03:45:00,2023-11-29
4048,2023-11-29 04:00:00,True,04:00:00,2023-11-29
4049,2023-11-29 04:15:00,True,04:15:00,2023-11-29
4050,2023-11-29 04:30:00,True,04:30:00,2023-11-29
4051,2023-11-29 04:45:00,True,04:45:00,2023-11-29
4052,2023-11-29 05:00:00,True,05:00:00,2023-11-29
4053,2023-11-29 05:15:00,True,05:15:00,2023-11-29
4054,2023-11-29 05:30:00,True,05:30:00,2023-11-29
4055,2023-11-29 05:45:00,True,05:45:00,2023-11-29
4056,2023-11-29 06:00:00,True,06:00:00,2023-11-29
4057,2023-11-29 06:15:00,True,06:15:00,2023-11-29
4058,2023-11-29 06:30:00,True,06:30:00,2023-11-29
4059,2023-11-29 06:45:00,True,06:45:00,2023-11-29
4060,2023-11-29 07:00:00,True,07:00:00,2023-11-29
4061,2023-11-29 07:15:00,True,07:15:00,2023-11-29
4062,2023-11-29 07:30:00,True,07:30:00,2023-11-29
4063,2023-11-29 07:45:00,True,07:45:00,2023-11-29
4064,2023-11-29 08:00:00,True,08:00:00,2023-11-29
4065,2023-11-29 08:15:00,True,08:15:00,2023-11-29
4066,2023-11-29 08:30:00,True,08:30:00,2023-11-29
4067,2023-11-29 08:45:00,True,08:45:00,2023-11-29
4068,2023-11-29 09:00:00,True,09:00:00,2023-11-29
4069,2023-11-29 09:15:00,True,09:15:00,2023-11-29
4070,2023-11-29 09:30:00,True,09:30:00,2023-11-29
4071,2023-11-29 09:45:00,True,09:45:00,2023-11-29
4072,2023-11-29 10:00:00,True,10:00:00,2023-11-29
4073,2023-11-29 10:15:00,True,10:15:00,2023-11-29
4074,2023-11-29 10:30:00,True,10:30:00,2023-11-29
4075,2023-11-29 10:45:00,True,10:45:00,2023-11-29
4076,2023-11-29 11:00:00,True,11:00:00,2023-11-29
4077,2023-11-29 11:15:00,True,11:15:00,2023-11-29
4078,2023-11-29 11:30:00,True,11:30:00,2023-11-29
4079,2023-11-29 11:45:00,True,11:45:00,2023-11-29
4080,2023-11-29 12:00:00,True,12:00:00,2023-11-29
4081,2023-11-29 12:15:00,True,12:15:00,2023-11-29
4082,2023-11-29 12:30:00,True,12:30:00,2023-11-29
4083,2023-11-29 12:45:00,True,12:45:00,2023-11-29
4084,2023-11-29 13:00:00,True,13:00:00,2023-11-29
4085,2023-11-29 13:15:00,True,13:15:00,2023-11-29
4086,2023-11-29 13:30:00,True,13:30:00,2023-11-29
4087,2023-11-29 13:45:00,True,13:45:00,2023-11-29
4088,2023-11-29 14:00:00,True,14:00:00,2023-11-29
4089,2023-11-29 14:15:00,True,14:15:00,2023-11-29
4090,2023-11-29 14:30:00,True,14:30:00,2023-11-29
4091,2023-11-29 14:45:00,True,14:45:00,2023-11-29
4092,2023-11-29 15:00:00,True,15:00:00,2023-11-29
4093,2023-11-29 15:15:00,True,15:15:00,2023-11-29
4094,2023-11-29 15:30:00,True,15:30:00,2023-11-29
4095,2023-11-29 15:45:00,True,15:45:00,2023-11-29
4096,2023-11-29 16:00:00,True,16:00:00,2023-11-29
4097,2023-11-29 16:15:00,True,16:15:00,2023-11-29
4098,2023-11-29 16:30:00,True,16:30:00,2023-11-29
4099,2023-11-29 16:45:00,True,16:45:00,2023-11-29
4100,2023-11-29 17:00:00,True,17:00:00,2023-11-29
4101,2023-11-29 17:15:00,True,17:15:00,2023-11-29
4102,2023-11-29 17:30:00,True,17:30:00,2023-11-29
4103,2023-11-29 17:45:00,True,17:45:00,2023-11-29
4104,2023-11-29 18:00:00,True,18:00:00,2023-11-29
4105,2023-11-29 18:15:00,True,18:15:00,2023-11-29
4106,2023-11-29 18:30:00,True,18:30:00,2023-11-29
4107,2023-11-29 18:45:00,True,18:45:00,2023-11-29
4108,2023-11-29 19:00:00,True,19:00:00,2023-11-29
4109,2023-11-29 19:15:00,True,19:15:00,2023-11-29
4110,2023-11-29 19:30:00,True,19:30:00,2023-11-29
4111,2023-11-29 19:45:00,True,19:45:00,2023-11-29
4112,2023-11-29 20:00:00,True,20:00:00,2023-11-29
4113,2023-11-29 20:15:00,True,20:15:00,2023-11-29
4114,2023-11-29 20:30:00,True,20:30:00,2023-11-29
4115,2023-11-29 20:45:00,True,20:45:00,2023-11-29
4116,2023-11-29 21:00:00,True,21:00:00,2023-11-29
4117,2023-11-29 21:15:00,True,21:15:00,2023-11-29
4118,2023-11-29 21:30:00,True,21:30:00,2023-11-29
4119,2023-11-29 21:45:00,True,21:45:00,2023-11-29
4120,2023-11-29 22:00:00,True,22:00:00,2023-11-29
4121,2023-11-29 22:15:00,True,22:15:00,2023-11-29
4122,2023-11-29 22:30:00,True,22:30:00,2023-11-29
4123,2023-11-29 22:45:00,True,22:45:00,2023-11-29
4124,2023-11-29 23:00:00,True,23:00:00,2023-11-29
4125,2023-11-29 23:15:00,True,23:15:00,2023-11-29
4126,2023-11-29 23:30:00,True,23:30:00,2023-11-29
4127,2023-11-29 23:45:00,True,23:45:00,2023-11-29
4128,2023-11-30 00:00:00,True,00:00:00,2023-11-30
4129,2023-11-30 00:15:00,True,00:15:00,2023-11-30
4130,2023-11-30 00:30:00,True,00:30:00,2023-11-30
4131,2023-11-30 00:45:00,True,00:45:00,2023-11-30
4132,2023-11-30 01:00:00,True,01:00:00,2023-11-30
4133,2023-11-30 01:15:00,True,01:15:00,2023-11-30
4134,2023-11-30 01:30:00,True,01:30:00,2023-11-30
4135,2023-11-30 01:45:00,True,01:45:00,2023-11-30
4136,2023-11-30 02:00:00,True,02:00:00,2023-11-30
4137,2023-11-30 02:15:00,True,02:15:00,2023-11-30
4138,2023-11-30 02:30:00,True,02:30:00,2023-11-30
4139,2023-11-30 02:45:00,True,02:45:00,2023-11-30
4140,2023-11-30 03:00:00,True,03:00:00,2023-11-30
4141,2023-11-30 03:15:00,True,03:15:00,2023-11-30
4142,2023-11-30 03:30:00,True,03:30:00,2023-11-30
4143,2023-11-30 03:45:00,True,03:45:00,2023-11-30
4144,2023-11-30 04:00:00,True,04:00:00,2023-11-30
4145,2023-11-30 04:15:00,True,04:15:00,2023-11-30
4146,2023-11-30 04:30:00,True,04:30:00,2023-11-30
4147,2023-11-30 04:45:00,True,04:45:00,2023-11-30
4148,2023-11-30 05:00:00,True,05:00:00,2023-11-30
4149,2023-11-30 05:15:00,True,05:15:00,2023-11-30
4150,2023-11-30 05:30:00,True,05:30:00,2023-11-30
4151,2023-11-30 05:45:00,True,05:45:00,2023-11-30
4152,2023-11-30 06:00:00,True,06:00:00,2023-11-30
4153,2023-11-30 06:15:00,True,06:15:00,2023-11-30
4154,2023-11-30 06:30:00,True,06:30:00,2023-11-30
4155,2023-11-30 06:45:00,True,06:45:00,2023-11-30
4156,2023-11-30 07:00:00,True,07:00:00,2023-11-30
4157,2023-11-30 07:15:00,True,07:15:00,2023-11-30
4158,2023-11-30 07:30:00,True,07:30:00,2023-11-30
4159,2023-11-30 07:45:00,True,07:45:00,2023-11-30
4160,2023-11-30 08:00:00,True,08:00:00,2023-11-30
4161,2023-11-30 08:15:00,True,08:15:00,2023-11-30
4162,2023-11-30 08:30:00,True,08:30:00,2023-11-30
4163,2023-11-30 08:45:00,True,08:45:00,2023-11-30
4164,2023-11-30 09:00:00,True,09:00:00,2023-11-30
4165,2023-11-30 09:15:00,True,09:15:00,2023-11-30
4166,2023-11-30 09:30:00,True,09:30:00,2023-11-30
4167,2023-11-30 09:45:00,True,09:45:00,2023-11-30
4168,2023-11-30 10:00:00,True,10:00:00,2023-11-30
4169,2023-11-30 10:15:00,True,10:15:00,2023-11-30
4170,2023-11-30 10:30:00,True,10:30:00,2023-11-30
4171,2023-11-30 10:45:00,True,10:45:00,2023-11-30
4172,2023-11-30 11:00:00,True,11:00:00,2023-11-30
4173,2023-11-30 11:15:00,True,11:15:00,2023-11-30
4174,2023-11-30 11:30:00,True,11:30:00,2023-11-30
4175,2023-11-30 11:45:00,True,11:45:00,2023-11-30
4176,2023-11-30 12:00:00,True,12:00:00,2023-11-30
4177,2023-11-30 12:15:00,True,12:15:00,2023-11-30
4178,2023-11-30 12:30:00,True,12:30:00,2023-11-30
4179,2023-11-30 12:45:00,True,12:45:00,2023-11-30
4180,2023-11-30 13:00:00,True,13:00:00,2023-11-30
4181,2023-11-30 13:15:00,True,13:15:00,2023-11-30
4182,2023-11-30 13:30:00,True,13:30:00,2023-11-30
4183,2023-11-30 13:45:00,True,13:45:00,2023-11-30
4184,2023-11-30 14:00:00,True,14:00:00,2023-11-30
4185,2023-11-30 14:15:00,True,14:15:00,2023-11-30
4186,2023-11-30 14:30:00,True,14:30:00,2023-11-30
4187,2023-11-30 14:45:00,True,14:45:00,2023-11-30
4188,2023-11-30 15:00:00,True,15:00:00,2023-11-30
4189,2023-11-30 15:15:00,True,15:15:00,2023-11-30
4190,2023-11-30 15:30:00,True,15:30:00,2023-11-30
4191,2023-11-30 15:45:00,True,15:45:00,2023-11-30
4192,2023-11-30 16:00:00,True,16:00:00,2023-11-30
4193,2023-11-30 16:15:00,True,16:15:00,2023-11-30
4194,2023-11-30 16:30:00,True,16:30:00,2023-11-30
4195,2023-11-30 16:45:00,True,16:45:00,2023-11-30
4196,2023-11-30 17:00:00,True,17:00:00,2023-11-30
4197,2023-11-30 17:15:00,True,17:15:00,2023-11-30
4198,2023-11-30 17:30:00,True,17:30:00,2023-11-30
4199,2023-11-30 17:45:00,True,17:45:00,2023-11-30
4200,2023-11-30 18:00:00,True,18:00:00,2023-11-30
4201,2023-11-30 18:15:00,True,18:15:00,2023-11-30
4202,2023-11-30 18:30:00,True,18:30:00,2023-11-30
4203,2023-11-30 18:45:00,True,18:45:00,2023-11-30
4204,2023-11-30 19:00:00,True,19:00:00,2023-11-30
4205,2023-11-30 19:15:00,True,19:15:00,2023-11-30
4206,2023-11-30 19:30:00,True,19:30:00,2023-11-30
4207,2023-11-30 19:45:00,True,19:45:00,2023-11-30
4208,2023-11-30 20:00:00,True,20:00:00,2023-11-30
4209,2023-11-30 20:15:00,True,20:15:00,2023-11-30
4210,2023-11-30 20:30:00,True,20:30:00,2023-11-30
4211,2023-11-30 20:45:00,True,20:45:00,2023-11-30
4212,2023-11-30 21:00:00,True,21:00:00,2023-11-30
4213,2023-11-30 21:15:00,True,21:15:00,2023-11-30
4214,2023-11-30 21:30:00,True,21:30:00,2023-11-30
4215,2023-11-30 21:45:00,True,21:45:00,2023-11-30
4216,2023-11-30 22:00:00,True,22:00:00,2023-11-30
4217,2023-11-30 22:15:00,True,22:15:00,2023-11-30
4218,2023-11-30 22:30:00,True,22:30:00,2023-11-30
4219,2023-11-30 22:45:00,True,22:45:00,2023-11-30
4220,2023-11-30 23:00:00,True,23:00:00,2023-11-30
4221,2023-11-30 23:15:00,True,23:15:00,2023-11-30
4222,2023-11-30 23:30:00,True,23:30:00,2023-11-30
4223,2023-11-30 23:45:00,True,23:45:00,2023-11-30
4224,2023-12-01 00:00:00,True,00:00:00,2023-12-01
4225,2023-12-01 00:15:00,True,00:15:00,2023-12-01
4226,2023-12-01 00:30:00,True,00:30:00,2023-12-01
4227,2023-12-01 00:45:00,True,00:45:00,2023-12-01
4228,2023-12-01 01:00:00,True,01:00:00,2023-12-01
4229,2023-12-01 01:15:00,True,01:15:00,2023-12-01
4230,2023-12-01 01:30:00,True,01:30:00,2023-12-01
4231,2023-12-01 01:45:00,True,01:45:00,2023-12-01
4232,2023-12-01 02:00:00,True,02:00:00,2023-12-01
4233,2023-12-01 02:15:00,True,02:15:00,2023-12-01
4234,2023-12-01 02:30:00,True,02:30:00,2023-12-01
4235,2023-12-01 02:45:00,True,02:45:00,2023-12-01
4236,2023-12-01 03:00:00,True,03:00:00,2023-12-01
4237,2023-12-01 03:15:00,True,03:15:00,2023-12-01
4238,2023-12-01 03:30:00,True,03:30:00,2023-12-01
4239,2023-12-01 03:45:00,True,03:45:00,2023-12-01
4240,2023-12-01 04:00:00,True,04:00:00,2023-12-01
4241,2023-12-01 04:15:00,True,04:15:00,2023-12-01
4242,2023-12-01 04:30:00,True,04:30:00,2023-12-01
4243,2023-12-01 04:45:00,True,04:45:00,2023-12-01
4244,2023-12-01 05:00:00,True,05:00:00,2023-12-01
4245,2023-12-01 05:15:00,True,05:15:00,2023-12-01
4246,2023-12-01 05:30:00,True,05:30:00,2023-12-01
4247,2023-12-01 05:45:00,True,05:45:00,2023-12-01
4248,2023-12-01 06:00:00,True,06:00:00,2023-12-01
4249,2023-12-01 06:15:00,True,06:15:00,2023-12-01
4250,2023-12-01 06:30:00,True,06:30:00,2023-12-01
4251,2023-12-01 06:45:00,True,06:45:00,2023-12-01
4252,2023-12-01 07:00:00,True,07:00:00,2023-12-01
4253,2023-12-01 07:15:00,True,07:15:00,2023-12-01
4254,2023-12-01 07:30:00,True,07:30:00,2023-12-01
4255,2023-12-01 07:45:00,True,07:45:00,2023-12-01
4256,2023-12-01 08:00:00,True,08:00:00,2023-12-01
4257,2023-12-01 08:15:00,True,08:15:00,2023-12-01
4258,2023-12-01 08:30:00,True,08:30:00,2023-12-01
4259,2023-12-01 08:45:00,True,08:45:00,2023-12-01
4260,2023-12-01 09:00:00,True,09:00:00,2023-12-01
4261,2023-12-01 09:15:00,True,09:15:00,2023-12-01
4262,2023-12-01 09:30:00,True,09:30:00,2023-12-01
4263,2023-12-01 09:45:00,True,09:45:00,2023-12-01
4264,2023-12-01 10:00:00,True,10:00:00,2023-12-01
4265,2023-12-01 10:15:00,True,10:15:00,2023-12-01
4266,2023-12-01 10:30:00,True,10:30:00,2023-12-01
4267,2023-12-01 10:45:00,True,10:45:00,2023-12-01
4268,2023-12-01 11:00:00,True,11:00:00,2023-12-01
4269,2023-12-01 11:15:00,True,11:15:00,2023-12-01
4270,2023-12-01 11:30:00,True,11:30:00,2023-12-01
4271,2023-12-01 11:45:00,True,11:45:00,2023-12-01
4272,2023-12-01 12:00:00,True,12:00:00,2023-12-01
4273,2023-12-01 12:15:00,True,12:15:00,2023-12-01
4274,2023-12-01 12:30:00,True,12:30:00,2023-12-01
4275,2023-12-01 12:45:00,True,12:45:00,2023-12-01
4276,2023-12-01 13:00:00,True,13:00:00,2023-12-01
4277,2023-12-01 13:15:00,True,13:15:00,2023-12-01
4278,2023-12-01 13:30:00,True,13:30:00,2023-12-01
4279,2023-12-01 13:45:00,True,13:45:00,2023-12-01
4280,2023-12-01 14:00:00,True,14:00:00,2023-12-01
4281,2023-12-01 14:15:00,True,14:15:00,2023-12-01
4282,2023-12-01 14:30:00,True,14:30:00,2023-12-01
4283,2023-12-01 14:45:00,True,14:45:00,2023-12-01
4284,2023-12-01 15:00:00,True,15:00:00,2023-12-01
4285,2023-12-01 15:15:00,True,15:15:00,2023-12-01
4286,2023-12-01 15:30:00,True,15:30:00,2023-12-01
4287,2023-12-01 15:45:00,True,15:45:00,2023-12-01
4288,2023-12-01 16:00:00,True,16:00:00,2023-12-01
4289,2023-12-01 16:15:00,True,16:15:00,2023-12-01
4290,2023-12-01 16:30:00,True,16:30:00,2023-12-01
4291,2023-12-01 16:45:00,True,16:45:00,2023-12-01
4292,2023-12-01 17:00:00,True,17:00:00,2023-12-01
4293,2023-12-01 17:15:00,True,17:15:00,2023-12-01
4294,2023-12-01 17:30:00,True,17:30:00,2023-12-01
4295,2023-12-01 17:45:00,True,17:45:00,2023-12-01
4296,2023-12-01 18:00:00,True,18:00:00,2023-12-01
4297,2023-12-01 18:15:00,True,18:15:00,2023-12-01
4298,2023-12-01 18:30:00,True,18:30:00,2023-12-01
4299,2023-12-01 18:45:00,True,18:45:00,2023-12-01
4300,2023-12-01 19:00:00,True,19:00:00,2023-12-01
4301,2023-12-01 19:15:00,True,19:15:00,2023-12-01
4302,2023-12-01 19:30:00,True,19:30:00,2023-12-01
4303,2023-12-01 19:45:00,True,19:45:00,2023-12-01
4304,2023-12-01 20:00:00,True,20:00:00,2023-12-01
4305,2023-12-01 20:15:00,True,20:15:00,2023-12-01
4306,2023-12-01 20:30:00,True,20:30:00,2023-12-01
4307,2023-12-01 20:45:00,True,20:45:00,2023-12-01
4308,2023-12-01 21:00:00,True,21:00:00,2023-12-01
4309,2023-12-01 21:15:00,True,21:15:00,2023-12-01
4310,2023-12-01 21:30:00,True,21:30:00,2023-12-01
4311,2023-12-01 21:45:00,True,21:45:00,2023-12-01
4312,2023-12-01 22:00:00,True,22:00:00,2023-12-01
4313,2023-12-01 22:15:00,True,22:15:00,2023-12-01
4314,2023-12-01 22:30:00,True,22:30:00,2023-12-01
4315,2023-12-01 22:45:00,True,22:45:00,2023-12-01
4316,2023-12-01 23:00:00,True,23:00:00,2023-12-01
4317,2023-12-01 23:15:00,True,23:15:00,2023-12-01
4318,2023-12-01 23:30:00,True,23:30:00,2023-12-01
4319,2023-12-01 23:45:00,True,23:45:00,2023-12-01
4320,2023-12-02 00:00:00,True,00:00:00,2023-12-02
4321,2023-12-02 00:15:00,True,00:15:00,2023-12-02
4322,2023-12-02 00:30:00,True,00:30:00,2023-12-02
4323,2023-12-02 00:45:00,True,00:45:00,2023-12-02
4324,2023-12-02 01:00:00,True,01:00:00,2023-12-02
4325,2023-12-02 01:15:00,True,01:15:00,2023-12-02
4326,2023-12-02 01:30:00,True,01:30:00,2023-12-02
4327,2023-12-02 01:45:00,True,01:45:00,2023-12-02
4328,2023-12-02 02:00:00,True,02:00:00,2023-12-02
4329,2023-12-02 02:15:00,True,02:15:00,2023-12-02
4330,2023-12-02 02:30:00,True,02:30:00,2023-12-02
4331,2023-12-02 02:45:00,True,02:45:00,2023-12-02
4332,2023-12-02 03:00:00,True,03:00:00,2023-12-02
4333,2023-12-02 03:15:00,True,03:15:00,2023-12-02
4334,2023-12-02 03:30:00,True,03:30:00,2023-12-02
4335,2023-12-02 03:45:00,True,03:45:00,2023-12-02
4336,2023-12-02 04:00:00,True,04:00:00,2023-12-02
4337,2023-12-02 04:15:00,True,04:15:00,2023-12-02
4338,2023-12-02 04:30:00,True,04:30:00,2023-12-02
4339,2023-12-02 04:45:00,True,04:45:00,2023-12-02
4340,2023-12-02 05:00:00,True,05:00:00,2023-12-02
4341,2023-12-02 05:15:00,True,05:15:00,2023-12-02
4342,2023-12-02 05:30:00,True,05:30:00,2023-12-02
4343,2023-12-02 05:45:00,True,05:45:00,2023-12-02
4344,2023-12-02 06:00:00,True,06:00:00,2023-12-02
4345,2023-12-02 06:15:00,True,06:15:00,2023-12-02
4346,2023-12-02 06:30:00,True,06:30:00,2023-12-02
4347,2023-12-02 06:45:00,True,06:45:00,2023-12-02
4348,2023-12-02 07:00:00,True,07:00:00,2023-12-02
4349,2023-12-02 07:15:00,True,07:15:00,2023-12-02
4350,2023-12-02 07:30:00,True,07:30:00,2023-12-02
4351,2023-12-02 07:45:00,True,07:45:00,2023-12-02
4352,2023-12-02 08:00:00,True,08:00:00,2023-12-02
4353,2023-12-02 08:15:00,True,08:15:00,2023-12-02
4354,2023-12-02 08:30:00,True,08:30:00,2023-12-02
4355,2023-12-02 08:45:00,True,08:45:00,2023-12-02
4356,2023-12-02 09:00:00,True,09:00:00,2023-12-02
4357,2023-12-02 09:15:00,True,09:15:00,2023-12-02
4358,2023-12-02 09:30:00,True,09:30:00,2023-12-02
4359,2023-12-02 09:45:00,True,09:45:00,2023-12-02
4360,2023-12-02 10:00:00,True,10:00:00,2023-12-02
4361,2023-12-02 10:15:00,True,10:15:00,2023-12-02
4362,2023-12-02 10:30:00,True,10:30:00,2023-12-02
4363,2023-12-02 10:45:00,True,10:45:00,2023-12-02
4364,2023-12-02 11:00:00,True,11:00:00,2023-12-02
4365,2023-12-02 11:15:00,True,11:15:00,2023-12-02
4366,2023-12-02 11:30:00,True,11:30:00,2023-12-02
4367,2023-12-02 11:45:00,True,11:45:00,2023-12-02
4368,2023-12-02 12:00:00,True,12:00:00,2023-12-02
4369,2023-12-02 12:15:00,True,12:15:00,2023-12-02
4370,2023-12-02 12:30:00,True,12:30:00,2023-12-02
4371,2023-12-02 12:45:00,True,12:45:00,2023-12-02
4372,2023-12-02 13:00:00,True,13:00:00,2023-12-02
4373,2023-12-02 13:15:00,True,13:15:00,2023-12-02
4374,2023-12-02 13:30:00,True,13:30:00,2023-12-02
4375,2023-12-02 13:45:00,True,13:45:00,2023-12-02
4376,2023-12-02 14:00:00,True,14:00:00,2023-12-02
4377,2023-12-02 14:15:00,True,14:15:00,2023-12-02
4378,2023-12-02 14:30:00,True,14:30:00,2023-12-02
4379,2023-12-02 14:45:00,True,14:45:00,2023-12-02
4380,2023-12-02 15:00:00,True,15:00:00,2023-12-02
4381,2023-12-02 15:15:00,True,15:15:00,2023-12-02
4382,2023-12-02 15:30:00,True,15:30:00,2023-12-02
4383,2023-12-02 15:45:00,True,15:45:00,2023-12-02
4384,2023-12-02 16:00:00,True,16:00:00,2023-12-02
4385,2023-12-02 16:15:00,True,16:15:00,2023-12-02
4386,2023-12-02 16:30:00,True,16:30:00,2023-12-02
4387,2023-12-02 16:45:00,True,16:45:00,2023-12-02
4388,2023-12-02 17:00:00,True,17:00:00,2023-12-02
4389,2023-12-02 17:15:00,True,17:15:00,2023-12-02
4390,2023-12-02 17:30:00,True,17:30:00,2023-12-02
4391,2023-12-02 17:45:00,True,17:45:00,2023-12-02
4392,2023-12-02 18:00:00,True,18:00:00,2023-12-02
4393,2023-12-02 18:15:00,True,18:15:00,2023-12-02
4394,2023-12-02 18:30:00,True,18:30:00,2023-12-02
4395,2023-12-02 18:45:00,True,18:45:00,2023-12-02
4396,2023-12-02 19:00:00,True,19:00:00,2023-12-02
4397,2023-12-02 19:15:00,True,19:15:00,2023-12-02
4398,2023-12-02 19:30:00,True,19:30:00,2023-12-02
4399,2023-12-02 19:45:00,True,19:45:00,2023-12-02
4400,2023-12-02 20:00:00,True,20:00:00,2023-12-02
4401,2023-12-02 20:15:00,True,20:15:00,2023-12-02
4402,2023-12-02 20:30:00,True,20:30:00,2023-12-02
4403,2023-12-02 20:45:00,True,20:45:00,2023-12-02
4404,2023-12-02 21:00:00,True,21:00:00,2023-12-02
4405,2023-12-02 21:15:00,True,21:15:00,2023-12-02
4406,2023-12-02 21:30:00,True,21:30:00,2023-12-02
4407,2023-12-02 21:45:00,True,21:45:00,2023-12-02
4408,2023-12-02 22:00:00,True,22:00:00,2023-12-02
4409,2023-12-02 22:15:00,True,22:15:00,2023-12-02
4410,2023-12-02 22:30:00,True,22:30:00,2023-12-02
4411,2023-12-02 22:45:00,True,22:45:00,2023-12-02
4412,2023-12-02 23:00:00,True,23:00:00,2023-12-02
4413,2023-12-02 23:15:00,True,23:15:00,2023-12-02
4414,2023-12-02 23:30:00,True,23:30:00,2023-12-02
4415,2023-12-02 23:45:00,True,23:45:00,2023-12-02
4416,2023-12-03 00:00:00,True,00:00:00,2023-12-03
4417,2023-12-03 00:15:00,True,00:15:00,2023-12-03
4418,2023-12-03 00:30:00,True,00:30:00,2023-12-03
4419,2023-12-03 00:45:00,True,00:45:00,2023-12-03
4420,2023-12-03 01:00:00,True,01:00:00,2023-12-03
4421,2023-12-03 01:15:00,True,01:15:00,2023-12-03
4422,2023-12-03 01:30:00,True,01:30:00,2023-12-03
4423,2023-12-03 01:45:00,True,01:45:00,2023-12-03
4424,2023-12-03 02:00:00,True,02:00:00,2023-12-03
4425,2023-12-03 02:15:00,True,02:15:00,2023-12-03
4426,2023-12-03 02:30:00,True,02:30:00,2023-12-03
4427,2023-12-03 02:45:00,True,02:45:00,2023-12-03
4428,2023-12-03 03:00:00,True,03:00:00,2023-12-03
4429,2023-12-03 03:15:00,True,03:15:00,2023-12-03
4430,2023-12-03 03:30:00,True,03:30:00,2023-12-03
4431,2023-12-03 03:45:00,True,03:45:00,2023-12-03
4432,2023-12-03 04:00:00,True,04:00:00,2023-12-03
4433,2023-12-03 04:15:00,True,04:15:00,2023-12-03
4434,2023-12-03 04:30:00,True,04:30:00,2023-12-03
4435,2023-12-03 04:45:00,True,04:45:00,2023-12-03
4436,2023-12-03 05:00:00,True,05:00:00,2023-12-03
4437,2023-12-03 05:15:00,True,05:15:00,2023-12-03
4438,2023-12-03 05:30:00,True,05:30:00,2023-12-03
4439,2023-12-03 05:45:00,True,05:45:00,2023-12-03
4440,2023-12-03 06:00:00,True,06:00:00,2023-12-03
4441,2023-12-03 06:15:00,True,06:15:00,2023-12-03
4442,2023-12-03 06:30:00,True,06:30:00,2023-12-03
4443,2023-12-03 06:45:00,True,06:45:00,2023-12-03
4444,2023-12-03 07:00:00,True,07:00:00,2023-12-03
4445,2023-12-03 07:15:00,True,07:15:00,2023-12-03
4446,2023-12-03 07:30:00,True,07:30:00,2023-12-03
4447,2023-12-03 07:45:00,True,07:45:00,2023-12-03
4448,2023-12-03 08:00:00,True,08:00:00,2023-12-03
4449,2023-12-03 08:15:00,False,08:15:00,2023-12-03
4450,2023-12-03 08:30:00,True,08:30:00,2023-12-03
4451,2023-12-03 08:45:00,True,08:45:00,2023-12-03
4452,2023-12-03 09:00:00,True,09:00:00,2023-12-03
4453,2023-12-03 09:15:00,True,09:15:00,2023-12-03
4454,2023-12-03 09:30:00,False,09:30:00,2023-12-03
4455,2023-12-03 09:45:00,False,09:45:00,2023-12-03
4456,2023-12-03 10:00:00,False,10:00:00,2023-12-03
4457,2023-12-03 10:15:00,False,10:15:00,2023-12-03
4458,2023-12-03 10:30:00,False,10:30:00,2023-12-03
4459,2023-12-03 10:45:00,False,10:45:00,2023-12-03
4460,2023-12-03 11:00:00,False,11:00:00,2023-12-03
4461,2023-12-03 11:15:00,False,11:15:00,2023-12-03
4462,2023-12-03 11:30:00,False,11:30:00,2023-12-03
4463,2023-12-03 11:45:00,True,11:45:00,2023-12-03
4464,2023-12-03 12:00:00,True,12:00:00,2023-12-03
4465,2023-12-03 12:15:00,True,12:15:00,2023-12-03
4466,2023-12-03 12:30:00,True,12:30:00,2023-12-03
4467,2023-12-03 12:45:00,False,12:45:00,2023-12-03
4468,2023-12-03 13:00:00,False,13:00:00,2023-12-03
4469,2023-12-03 13:15:00,False,13:15:00,2023-12-03
4470,2023-12-03 13:30:00,False,13:30:00,2023-12-03
4471,2023-12-03 13:45:00,False,13:45:00,2023-12-03
4472,2023-12-03 14:00:00,False,14:00:00,2023-12-03
4473,2023-12-03 14:15:00,False,14:15:00,2023-12-03
4474,2023-12-03 14:30:00,False,14:30:00,2023-12-03
4475,2023-12-03 14:45:00,False,14:45:00,2023-12-03
4476,2023-12-03 15:00:00,False,15:00:00,2023-12-03
4477,2023-12-03 15:15:00,False,15:15:00,2023-12-03
4478,2023-12-03 15:30:00,False,15:30:00,2023-12-03
4479,2023-12-03 15:45:00,False,15:45:00,2023-12-03
4480,2023-12-03 16:00:00,False,16:00:00,2023-12-03
4481,2023-12-03 16:15:00,False,16:15:00,2023-12-03
4482,2023-12-03 16:30:00,False,16:30:00,2023-12-03
4483,2023-12-03 16:45:00,False,16:45:00,2023-12-03
4484,2023-12-03 17:00:00,False,17:00:00,2023-12-03
4485,2023-12-03 17:15:00,False,17:15:00,2023-12-03
4486,2023-12-03 17:30:00,False,17:30:00,2023-12-03
4487,2023-12-03 17:45:00,False,17:45:00,2023-12-03
4488,2023-12-03 18:00:00,False,18:00:00,2023-12-03
4489,2023-12-03 18:15:00,False,18:15:00,2023-12-03
4490,2023-12-03 18:30:00,False,18:30:00,2023-12-03
4491,2023-12-03 18:45:00,False,18:45:00,2023-12-03
4492,2023-12-03 19:00:00,True,19:00:00,2023-12-03
4493,2023-12-03 19:15:00,True,19:15:00,2023-12-03
4494,2023-12-03 19:30:00,True,19:30:00,2023-12-03
4495,2023-12-03 19:45:00,True,19:45:00,2023-12-03
4496,2023-12-03 20:00:00,True,20:00:00,2023-12-03
4497,2023-12-03 20:15:00,True,20:15:00,2023-12-03
4498,2023-12-03 20:30:00,True,20:30:00,2023-12-03
4499,2023-12-03 20:45:00,True,20:45:00,2023-12-03
4500,2023-12-03 21:00:00,True,21:00:00,2023-12-03
4501,2023-12-03 21:15:00,False,21:15:00,2023-12-03
4502,2023-12-03 21:30:00,True,21:30:00,2023-12-03
4503,2023-12-03 21:45:00,True,21:45:00,2023-12-03
4504,2023-12-03 22:00:00,True,22:00:00,2023-12-03
4505,2023-12-03 22:15:00,False,22:15:00,2023-12-03
4506,2023-12-03 22:30:00,True,22:30:00,2023-12-03
4507,2023-12-03 22:45:00,True,22:45:00,2023-12-03
4508,2023-12-03 23:00:00,True,23:00:00,2023-12-03
4509,2023-12-03 23:15:00,True,23:15:00,2023-12-03
4510,2023-12-03 23:30:00,True,23:30:00,2023-12-03
4511,2023-12-03 23:45:00,True,23:45:00,2023-12-03
4512,2023-12-04 00:00:00,True,00:00:00,2023-12-04
4513,2023-12-04 00:15:00,True,00:15:00,2023-12-04
4514,2023-12-04 00:30:00,True,00:30:00,2023-12-04
4515,2023-12-04 00:45:00,True,00:45:00,2023-12-04
4516,2023-12-04 01:00:00,True,01:00:00,2023-12-04
4517,2023-12-04 01:15:00,True,01:15:00,2023-12-04
4518,2023-12-04 01:30:00,True,01:30:00,2023-12-04
4519,2023-12-04 01:45:00,True,01:45:00,2023-12-04
4520,2023-12-04 02:00:00,True,02:00:00,2023-12-04
4521,2023-12-04 02:15:00,True,02:15:00,2023-12-04
4522,2023-12-04 02:30:00,True,02:30:00,2023-12-04
4523,2023-12-04 02:45:00,True,02:45:00,2023-12-04
4524,2023-12-04 03:00:00,True,03:00:00,2023-12-04
4525,2023-12-04 03:15:00,True,03:15:00,2023-12-04
4526,2023-12-04 03:30:00,True,03:30:00,2023-12-04
4527,2023-12-04 03:45:00,True,03:45:00,2023-12-04
4528,2023-12-04 04:00:00,True,04:00:00,2023-12-04
4529,2023-12-04 04:15:00,True,04:15:00,2023-12-04
4530,2023-12-04 04:30:00,True,04:30:00,2023-12-04
4531,2023-12-04 04:45:00,True,04:45:00,2023-12-04
4532,2023-12-04 05:00:00,True,05:00:00,2023-12-04
4533,2023-12-04 05:15:00,True,05:15:00,2023-12-04
4534,2023-12-04 05:30:00,True,05:30:00,2023-12-04
4535,2023-12-04 05:45:00,True,05:45:00,2023-12-04
4536,2023-12-04 06:00:00,True,06:00:00,2023-12-04
4537,2023-12-04 06:15:00,True,06:15:00,2023-12-04
4538,2023-12-04 06:30:00,True,06:30:00,2023-12-04
4539,2023-12-04 06:45:00,True,06:45:00,2023-12-04
4540,2023-12-04 07:00:00,True,07:00:00,2023-12-04
4541,2023-12-04 07:15:00,True,07:15:00,2023-12-04
4542,2023-12-04 07:30:00,True,07:30:00,2023-12-04
4543,2023-12-04 07:45:00,True,07:45:00,2023-12-04
4544,2023-12-04 08:00:00,True,08:00:00,2023-12-04
4545,2023-12-04 08:15:00,True,08:15:00,2023-12-04
4546,2023-12-04 08:30:00,True,08:30:00,2023-12-04
4547,2023-12-04 08:45:00,True,08:45:00,2023-12-04
4548,2023-12-04 09:00:00,True,09:00:00,2023-12-04
4549,2023-12-04 09:15:00,True,09:15:00,2023-12-04
4550,2023-12-04 09:30:00,True,09:30:00,2023-12-04
4551,2023-12-04 09:45:00,True,09:45:00,2023-12-04
4552,2023-12-04 10:00:00,True,10:00:00,2023-12-04
4553,2023-12-04 10:15:00,True,10:15:00,2023-12-04
4554,2023-12-04 10:30:00,True,10:30:00,2023-12-04
4555,2023-12-04 10:45:00,True,10:45:00,2023-12-04
4556,2023-12-04 11:00:00,True,11:00:00,2023-12-04
4557,2023-12-04 11:15:00,True,11:15:00,2023-12-04
4558,2023-12-04 11:30:00,True,11:30:00,2023-12-04
4559,2023-12-04 11:45:00,True,11:45:00,2023-12-04
4560,2023-12-04 12:00:00,True,12:00:00,2023-12-04
4561,2023-12-04 12:15:00,True,12:15:00,2023-12-04
4562,2023-12-04 12:30:00,True,12:30:00,2023-12-04
4563,2023-12-04 12:45:00,True,12:45:00,2023-12-04
4564,2023-12-04 13:00:00,True,13:00:00,2023-12-04
4565,2023-12-04 13:15:00,True,13:15:00,2023-12-04
4566,2023-12-04 13:30:00,True,13:30:00,2023-12-04
4567,2023-12-04 13:45:00,True,13:45:00,2023-12-04
4568,2023-12-04 14:00:00,True,14:00:00,2023-12-04
4569,2023-12-04 14:15:00,True,14:15:00,2023-12-04
4570,2023-12-04 14:30:00,True,14:30:00,2023-12-04
4571,2023-12-04 14:45:00,True,14:45:00,2023-12-04
4572,2023-12-04 15:00:00,True,15:00:00,2023-12-04
4573,2023-12-04 15:15:00,True,15:15:00,2023-12-04
4574,2023-12-04 15:30:00,True,15:30:00,2023-12-04
4575,2023-12-04 15:45:00,True,15:45:00,2023-12-04
4576,2023-12-04 16:00:00,True,16:00:00,2023-12-04
4577,2023-12-04 16:15:00,True,16:15:00,2023-12-04
4578,2023-12-04 16:30:00,True,16:30:00,2023-12-04
4579,2023-12-04 16:45:00,True,16:45:00,2023-12-04
4580,2023-12-04 17:00:00,True,17:00:00,2023-12-04
4581,2023-12-04 17:15:00,True,17:15:00,2023-12-04
4582,2023-12-04 17:30:00,True,17:30:00,2023-12-04
4583,2023-12-04 17:45:00,True,17:45:00,2023-12-04
4584,2023-12-04 18:00:00,True,18:00:00,2023-12-04
4585,2023-12-04 18:15:00,True,18:15:00,2023-12-04
4586,2023-12-04 18:30:00,True,18:30:00,2023-12-04
4587,2023-12-04 18:45:00,True,18:45:00,2023-12-04
4588,2023-12-04 19:00:00,True,19:00:00,2023-12-04
4589,2023-12-04 19:15:00,True,19:15:00,2023-12-04
4590,2023-12-04 19:30:00,True,19:30:00,2023-12-04
4591,2023-12-04 19:45:00,True,19:45:00,2023-12-04
4592,2023-12-04 20:00:00,True,20:00:00,2023-12-04
4593,2023-12-04 20:15:00,True,20:15:00,2023-12-04
4594,2023-12-04 20:30:00,True,20:30:00,2023-12-04
4595,2023-12-04 20:45:00,True,20:45:00,2023-12-04
4596,2023-12-04 21:00:00,True,21:00:00,2023-12-04
4597,2023-12-04 21:15:00,False,21:15:00,2023-12-04
4598,2023-12-04 21:30:00,True,21:30:00,2023-12-04
4599,2023-12-04 21:45:00,True,21:45:00,2023-12-04
4600,2023-12-04 22:00:00,True,22:00:00,2023-12-04
4601,2023-12-04 22:15:00,True,22:15:00,2023-12-04
4602,2023-12-04 22:30:00,True,22:30:00,2023-12-04
4603,2023-12-04 22:45:00,True,22:45:00,2023-12-04
4604,2023-12-04 23:00:00,True,23:00:00,2023-12-04
4605,2023-12-04 23:15:00,True,23:15:00,2023-12-04
4606,2023-12-04 23:30:00,True,23:30:00,2023-12-04
4607,2023-12-04 23:45:00,True,23:45:00,2023-12-04
4608,2023-12-05 00:00:00,True,00:00:00,2023-12-05
4609,2023-12-05 00:15:00,True,00:15:00,2023-12-05
4610,2023-12-05 00:30:00,True,00:30:00,2023-12-05
4611,2023-12-05 00:45:00,True,00:45:00,2023-12-05
4612,2023-12-05 01:00:00,True,01:00:00,2023-12-05
4613,2023-12-05 01:15:00,True,01:15:00,2023-12-05
4614,2023-12-05 01:30:00,True,01:30:00,2023-12-05
4615,2023-12-05 01:45:00,True,01:45:00,2023-12-05
4616,2023-12-05 02:00:00,True,02:00:00,2023-12-05
4617,2023-12-05 02:15:00,True,02:15:00,2023-12-05
4618,2023-12-05 02:30:00,True,02:30:00,2023-12-05
4619,2023-12-05 02:45:00,True,02:45:00,2023-12-05
4620,2023-12-05 03:00:00,True,03:00:00,2023-12-05
4621,2023-12-05 03:15:00,True,03:15:00,2023-12-05
4622,2023-12-05 03:30:00,True,03:30:00,2023-12-05
4623,2023-12-05 03:45:00,True,03:45:00,2023-12-05
4624,2023-12-05 04:00:00,True,04:00:00,2023-12-05
4625,2023-12-05 04:15:00,True,04:15:00,2023-12-05
4626,2023-12-05 04:30:00,True,04:30:00,2023-12-05
4627,2023-12-05 04:45:00,True,04:45:00,2023-12-05
4628,2023-12-05 05:00:00,True,05:00:00,2023-12-05
4629,2023-12-05 05:15:00,True,05:15:00,2023-12-05
4630,2023-12-05 05:30:00,True,05:30:00,2023-12-05
4631,2023-12-05 05:45:00,True,05:45:00,2023-12-05
4632,2023-12-05 06:00:00,True,06:00:00,2023-12-05
4633,2023-12-05 06:15:00,True,06:15:00,2023-12-05
4634,2023-12-05 06:30:00,True,06:30:00,2023-12-05
4635,2023-12-05 06:45:00,True,06:45:00,2023-12-05
4636,2023-12-05 07:00:00,True,07:00:00,2023-12-05
4637,2023-12-05 07:15:00,True,07:15:00,2023-12-05
4638,2023-12-05 07:30:00,True,07:30:00,2023-12-05
4639,2023-12-05 07:45:00,True,07:45:00,2023-12-05
4640,2023-12-05 08:00:00,True,08:00:00,2023-12-05
4641,2023-12-05 08:15:00,True,08:15:00,2023-12-05
4642,2023-12-05 08:30:00,True,08:30:00,2023-12-05
4643,2023-12-05 08:45:00,True,08:45:00,2023-12-05
4644,2023-12-05 09:00:00,True,09:00:00,2023-12-05
4645,2023-12-05 09:15:00,True,09:15:00,2023-12-05
4646,2023-12-05 09:30:00,True,09:30:00,2023-12-05
4647,2023-12-05 09:45:00,True,09:45:00,2023-12-05
4648,2023-12-05 10:00:00,True,10:00:00,2023-12-05
4649,2023-12-05 10:15:00,True,10:15:00,2023-12-05
4650,2023-12-05 10:30:00,True,10:30:00,2023-12-05
4651,2023-12-05 10:45:00,True,10:45:00,2023-12-05
4652,2023-12-05 11:00:00,True,11:00:00,2023-12-05
4653,2023-12-05 11:15:00,True,11:15:00,2023-12-05
4654,2023-12-05 11:30:00,True,11:30:00,2023-12-05
4655,2023-12-05 11:45:00,True,11:45:00,2023-12-05
4656,2023-12-05 12:00:00,True,12:00:00,2023-12-05
4657,2023-12-05 12:15:00,True,12:15:00,2023-12-05
4658,2023-12-05 12:30:00,True,12:30:00,2023-12-05
4659,2023-12-05 12:45:00,True,12:45:00,2023-12-05
4660,2023-12-05 13:00:00,True,13:00:00,2023-12-05
4661,2023-12-05 13:15:00,True,13:15:00,2023-12-05
4662,2023-12-05 13:30:00,True,13:30:00,2023-12-05
4663,2023-12-05 13:45:00,True,13:45:00,2023-12-05
4664,2023-12-05 14:00:00,True,14:00:00,2023-12-05
4665,2023-12-05 14:15:00,True,14:15:00,2023-12-05
4666,2023-12-05 14:30:00,True,14:30:00,2023-12-05
4667,2023-12-05 14:45:00,True,14:45:00,2023-12-05
4668,2023-12-05 15:00:00,True,15:00:00,2023-12-05
4669,2023-12-05 15:15:00,True,15:15:00,2023-12-05
4670,2023-12-05 15:30:00,True,15:30:00,2023-12-05
4671,2023-12-05 15:45:00,True,15:45:00,2023-12-05
4672,2023-12-05 16:00:00,True,16:00:00,2023-12-05
4673,2023-12-05 16:15:00,True,16:15:00,2023-12-05
4674,2023-12-05 16:30:00,True,16:30:00,2023-12-05
4675,2023-12-05 16:45:00,True,16:45:00,2023-12-05
4676,2023-12-05 17:00:00,True,17:00:00,2023-12-05
4677,2023-12-05 17:15:00,True,17:15:00,2023-12-05
4678,2023-12-05 17:30:00,True,17:30:00,2023-12-05
4679,2023-12-05 17:45:00,True,17:45:00,2023-12-05
4680,2023-12-05 18:00:00,True,18:00:00,2023-12-05
4681,2023-12-05 18:15:00,True,18:15:00,2023-12-05
4682,2023-12-05 18:30:00,True,18:30:00,2023-12-05
4683,2023-12-05 18:45:00,True,18:45:00,2023-12-05
4684,2023-12-05 19:00:00,True,19:00:00,2023-12-05
4685,2023-12-05 19:15:00,True,19:15:00,2023-12-05
4686,2023-12-05 19:30:00,True,19:30:00,2023-12-05
4687,2023-12-05 19:45:00,True,19:45:00,2023-12-05
4688,2023-12-05 20:00:00,True,20:00:00,2023-12-05
4689,2023-12-05 20:15:00,True,20:15:00,2023-12-05
4690,2023-12-05 20:30:00,True,20:30:00,2023-12-05
4691,2023-12-05 20:45:00,True,20:45:00,2023-12-05
4692,2023-12-05 21:00:00,True,21:00:00,2023-12-05
4693,2023-12-05 21:15:00,True,21:15:00,2023-12-05
4694,2023-12-05 21:30:00,True,21:30:00,2023-12-05
4695,2023-12-05 21:45:00,True,21:45:00,2023-12-05
4696,2023-12-05 22:00:00,True,22:00:00,2023-12-05
4697,2023-12-05 22:15:00,True,22:15:00,2023-12-05
4698,2023-12-05 22:30:00,True,22:30:00,2023-12-05
4699,2023-12-05 22:45:00,True,22:45:00,2023-12-05
4700,2023-12-05 23:00:00,True,23:00:00,2023-12-05
4701,2023-12-05 23:15:00,True,23:15:00,2023-12-05
4702,2023-12-05 23:30:00,True,23:30:00,2023-12-05
4703,2023-12-05 23:45:00,True,23:45:00,2023-12-05
4704,2023-12-06 00:00:00,True,00:00:00,2023-12-06
4705,2023-12-06 00:15:00,True,00:15:00,2023-12-06
4706,2023-12-06 00:30:00,True,00:30:00,2023-12-06
4707,2023-12-06 00:45:00,True,00:45:00,2023-12-06
4708,2023-12-06 01:00:00,True,01:00:00,2023-12-06
4709,2023-12-06 01:15:00,True,01:15:00,2023-12-06
4710,2023-12-06 01:30:00,True,01:30:00,2023-12-06
4711,2023-12-06 01:45:00,True,01:45:00,2023-12-06
4712,2023-12-06 02:00:00,True,02:00:00,2023-12-06
4713,2023-12-06 02:15:00,True,02:15:00,2023-12-06
4714,2023-12-06 02:30:00,True,02:30:00,2023-12-06
4715,2023-12-06 02:45:00,True,02:45:00,2023-12-06
4716,2023-12-06 03:00:00,True,03:00:00,2023-12-06
4717,2023-12-06 03:15:00,True,03:15:00,2023-12-06
4718,2023-12-06 03:30:00,True,03:30:00,2023-12-06
4719,2023-12-06 03:45:00,True,03:45:00,2023-12-06
4720,2023-12-06 04:00:00,True,04:00:00,2023-12-06
4721,2023-12-06 04:15:00,True,04:15:00,2023-12-06
4722,2023-12-06 04:30:00,True,04:30:00,2023-12-06
4723,2023-12-06 04:45:00,True,04:45:00,2023-12-06
4724,2023-12-06 05:00:00,True,05:00:00,2023-12-06
4725,2023-12-06 05:15:00,True,05:15:00,2023-12-06
4726,2023-12-06 05:30:00,True,05:30:00,2023-12-06
4727,2023-12-06 05:45:00,True,05:45:00,2023-12-06
4728,2023-12-06 06:00:00,True,06:00:00,2023-12-06
4729,2023-12-06 06:15:00,True,06:15:00,2023-12-06
4730,2023-12-06 06:30:00,True,06:30:00,2023-12-06
4731,2023-12-06 06:45:00,True,06:45:00,2023-12-06
4732,2023-12-06 07:00:00,True,07:00:00,2023-12-06
4733,2023-12-06 07:15:00,True,07:15:00,2023-12-06
4734,2023-12-06 07:30:00,True,07:30:00,2023-12-06
4735,2023-12-06 07:45:00,True,07:45:00,2023-12-06
4736,2023-12-06 08:00:00,True,08:00:00,2023-12-06
4737,2023-12-06 08:15:00,True,08:15:00,2023-12-06
4738,2023-12-06 08:30:00,True,08:30:00,2023-12-06
4739,2023-12-06 08:45:00,True,08:45:00,2023-12-06
4740,2023-12-06 09:00:00,True,09:00:00,2023-12-06
4741,2023-12-06 09:15:00,True,09:15:00,2023-12-06
4742,2023-12-06 09:30:00,True,09:30:00,2023-12-06
4743,2023-12-06 09:45:00,True,09:45:00,2023-12-06
4744,2023-12-06 10:00:00,True,10:00:00,2023-12-06
4745,2023-12-06 10:15:00,True,10:15:00,2023-12-06
4746,2023-12-06 10:30:00,True,10:30:00,2023-12-06
4747,2023-12-06 10:45:00,True,10:45:00,2023-12-06
4748,2023-12-06 11:00:00,True,11:00:00,2023-12-06
4749,2023-12-06 11:15:00,True,11:15:00,2023-12-06
4750,2023-12-06 11:30:00,True,11:30:00,2023-12-06
4751,2023-12-06 11:45:00,True,11:45:00,2023-12-06
4752,2023-12-06 12:00:00,True,12:00:00,2023-12-06
4753,2023-12-06 12:15:00,True,12:15:00,2023-12-06
4754,2023-12-06 12:30:00,True,12:30:00,2023-12-06
4755,2023-12-06 12:45:00,True,12:45:00,2023-12-06
4756,2023-12-06 13:00:00,True,13:00:00,2023-12-06
4757,2023-12-06 13:15:00,True,13:15:00,2023-12-06
4758,2023-12-06 13:30:00,True,13:30:00,2023-12-06
4759,2023-12-06 13:45:00,True,13:45:00,2023-12-06
4760,2023-12-06 14:00:00,True,14:00:00,2023-12-06
4761,2023-12-06 14:15:00,True,14:15:00,2023-12-06
4762,2023-12-06 14:30:00,True,14:30:00,2023-12-06
4763,2023-12-06 14:45:00,True,14:45:00,2023-12-06
4764,2023-12-06 15:00:00,True,15:00:00,2023-12-06
4765,2023-12-06 15:15:00,True,15:15:00,2023-12-06
4766,2023-12-06 15:30:00,True,15:30:00,2023-12-06
4767,2023-12-06 15:45:00,True,15:45:00,2023-12-06
4768,2023-12-06 16:00:00,True,16:00:00,2023-12-06
4769,2023-12-06 16:15:00,True,16:15:00,2023-12-06
4770,2023-12-06 16:30:00,True,16:30:00,2023-12-06
4771,2023-12-06 16:45:00,True,16:45:00,2023-12-06
4772,2023-12-06 17:00:00,True,17:00:00,2023-12-06
4773,2023-12-06 17:15:00,True,17:15:00,2023-12-06
4774,2023-12-06 17:30:00,True,17:30:00,2023-12-06
4775,2023-12-06 17:45:00,True,17:45:00,2023-12-06
4776,2023-12-06 18:00:00,True,18:00:00,2023-12-06
4777,2023-12-06 18:15:00,True,18:15:00,2023-12-06
4778,2023-12-06 18:30:00,True,18:30:00,2023-12-06
4779,2023-12-06 18:45:00,True,18:45:00,2023-12-06
4780,2023-12-06 19:00:00,True,19:00:00,2023-12-06
4781,2023-12-06 19:15:00,True,19:15:00,2023-12-06
4782,2023-12-06 19:30:00,True,19:30:00,2023-12-06
4783,2023-12-06 19:45:00,False,19:45:00,2023-12-06
4784,2023-12-06 20:00:00,False,20:00:00,2023-12-06
4785,2023-12-06 20:15:00,False,20:15:00,2023-12-06
4786,2023-12-06 20:30:00,False,20:30:00,2023-12-06
4787,2023-12-06 20:45:00,False,20:45:00,2023-12-06
4788,2023-12-06 21:00:00,False,21:00:00,2023-12-06
4789,2023-12-06 21:15:00,False,21:15:00,2023-12-06
4790,2023-12-06 21:30:00,False,21:30:00,2023-12-06
4791,2023-12-06 21:45:00,False,21:45:00,2023-12-06
4792,2023-12-06 22:00:00,False,22:00:00,2023-12-06
4793,2023-12-06 22:15:00,False,22:15:00,2023-12-06
4794,2023-12-06 22:30:00,False,22:30:00,2023-12-06
4795,2023-12-06 22:45:00,False,22:45:00,2023-12-06
4796,2023-12-06 23:00:00,False,23:00:00,2023-12-06
4797,2023-12-06 23:15:00,False,23:15:00,2023-12-06
4798,2023-12-06 23:30:00,False,23:30:00,2023-12-06
4799,2023-12-06 23:45:00,False,23:45:00,2023-12-06
4800,2023-12-07 00:00:00,False,00:00:00,2023-12-07
4801,2023-12-07 00:15:00,False,00:15:00,2023-12-07
4802,2023-12-07 00:30:00,False,00:30:00,2023-12-07
4803,2023-12-07 00:45:00,False,00:45:00,2023-12-07
4804,2023-12-07 01:00:00,False,01:00:00,2023-12-07
4805,2023-12-07 01:15:00,False,01:15:00,2023-12-07
4806,2023-12-07 01:30:00,False,01:30:00,2023-12-07
4807,2023-12-07 01:45:00,False,01:45:00,2023-12-07
4808,2023-12-07 02:00:00,False,02:00:00,2023-12-07
4809,2023-12-07 02:15:00,False,02:15:00,2023-12-07
4810,2023-12-07 02:30:00,False,02:30:00,2023-12-07
4811,2023-12-07 02:45:00,False,02:45:00,2023-12-07
4812,2023-12-07 03:00:00,False,03:00:00,2023-12-07
4813,2023-12-07 03:15:00,False,03:15:00,2023-12-07
4814,2023-12-07 03:30:00,False,03:30:00,2023-12-07
4815,2023-12-07 03:45:00,False,03:45:00,2023-12-07
4816,2023-12-07 04:00:00,False,04:00:00,2023-12-07
4817,2023-12-07 04:15:00,False,04:15:00,2023-12-07
4818,2023-12-07 04:30:00,False,04:30:00,2023-12-07
4819,2023-12-07 04:45:00,False,04:45:00,2023-12-07
4820,2023-12-07 05:00:00,False,05:00:00,2023-12-07
4821,2023-12-07 05:15:00,False,05:15:00,2023-12-07
4822,2023-12-07 05:30:00,False,05:30:00,2023-12-07
4823,2023-12-07 05:45:00,False,05:45:00,2023-12-07
4824,2023-12-07 06:00:00,False,06:00:00,2023-12-07
4825,2023-12-07 06:15:00,False,06:15:00,2023-12-07
4826,2023-12-07 06:30:00,False,06:30:00,2023-12-07
4827,2023-12-07 06:45:00,False,06:45:00,2023-12-07
4828,2023-12-07 07:00:00,False,07:00:00,2023-12-07
4829,2023-12-07 07:15:00,False,07:15:00,2023-12-07
4830,2023-12-07 07:30:00,False,07:30:00,2023-12-07
4831,2023-12-07 07:45:00,False,07:45:00,2023-12-07
4832,2023-12-07 08:00:00,False,08:00:00,2023-12-07
4833,2023-12-07 08:15:00,False,08:15:00,2023-12-07
4834,2023-12-07 08:30:00,False,08:30:00,2023-12-07
4835,2023-12-07 08:45:00,False,08:45:00,2023-12-07
4836,2023-12-07 09:00:00,False,09:00:00,2023-12-07
4837,2023-12-07 09:15:00,False,09:15:00,2023-12-07
4838,2023-12-07 09:30:00,False,09:30:00,2023-12-07
4839,2023-12-07 09:45:00,False,09:45:00,2023-12-07
4840,2023-12-07 10:00:00,False,10:00:00,2023-12-07
4841,2023-12-07 10:15:00,False,10:15:00,2023-12-07
4842,2023-12-07 10:30:00,False,10:30:00,2023-12-07
4843,2023-12-07 10:45:00,False,10:45:00,2023-12-07
4844,2023-12-07 11:00:00,False,11:00:00,2023-12-07
4845,2023-12-07 11:15:00,False,11:15:00,2023-12-07
4846,2023-12-07 11:30:00,False,11:30:00,2023-12-07
4847,2023-12-07 11:45:00,False,11:45:00,2023-12-07
4848,2023-12-07 12:00:00,False,12:00:00,2023-12-07
4849,2023-12-07 12:15:00,False,12:15:00,2023-12-07
4850,2023-12-07 12:30:00,False,12:30:00,2023-12-07
4851,2023-12-07 12:45:00,False,12:45:00,2023-12-07
4852,2023-12-07 13:00:00,False,13:00:00,2023-12-07
4853,2023-12-07 13:15:00,False,13:15:00,2023-12-07
4854,2023-12-07 13:30:00,False,13:30:00,2023-12-07
4855,2023-12-07 13:45:00,False,13:45:00,2023-12-07
4856,2023-12-07 14:00:00,False,14:00:00,2023-12-07
4857,2023-12-07 14:15:00,False,14:15:00,2023-12-07
4858,2023-12-07 14:30:00,False,14:30:00,2023-12-07
4859,2023-12-07 14:45:00,False,14:45:00,2023-12-07
4860,2023-12-07 15:00:00,False,15:00:00,2023-12-07
4861,2023-12-07 15:15:00,False,15:15:00,2023-12-07
4862,2023-12-07 15:30:00,False,15:30:00,2023-12-07
4863,2023-12-07 15:45:00,False,15:45:00,2023-12-07
4864,2023-12-07 16:00:00,False,16:00:00,2023-12-07
4865,2023-12-07 16:15:00,False,16:15:00,2023-12-07
4866,2023-12-07 16:30:00,False,16:30:00,2023-12-07
4867,2023-12-07 16:45:00,False,16:45:00,2023-12-07
4868,2023-12-07 17:00:00,False,17:00:00,2023-12-07
4869,2023-12-07 17:15:00,False,17:15:00,2023-12-07
4870,2023-12-07 17:30:00,False,17:30:00,2023-12-07
4871,2023-12-07 17:45:00,False,17:45:00,2023-12-07
4872,2023-12-07 18:00:00,False,18:00:00,2023-12-07
4873,2023-12-07 18:15:00,False,18:15:00,2023-12-07
4874,2023-12-07 18:30:00,False,18:30:00,2023-12-07
4875,2023-12-07 18:45:00,False,18:45:00,2023-12-07
4876,2023-12-07 19:00:00,False,19:00:00,2023-12-07
4877,2023-12-07 19:15:00,False,19:15:00,2023-12-07
4878,2023-12-07 19:30:00,False,19:30:00,2023-12-07
4879,2023-12-07 19:45:00,False,19:45:00,2023-12-07
4880,2023-12-07 20:00:00,False,20:00:00,2023-12-07
4881,2023-12-07 20:15:00,False,20:15:00,2023-12-07
4882,2023-12-07 20:30:00,False,20:30:00,2023-12-07
4883,2023-12-07 20:45:00,False,20:45:00,2023-12-07
4884,2023-12-07 21:00:00,False,21:00:00,2023-12-07
4885,2023-12-07 21:15:00,False,21:15:00,2023-12-07
4886,2023-12-07 21:30:00,False,21:30:00,2023-12-07
4887,2023-12-07 21:45:00,False,21:45:00,2023-12-07
4888,2023-12-07 22:00:00,False,22:00:00,2023-12-07
4889,2023-12-07 22:15:00,False,22:15:00,2023-12-07
4890,2023-12-07 22:30:00,False,22:30:00,2023-12-07
4891,2023-12-07 22:45:00,False,22:45:00,2023-12-07
4892,2023-12-07 23:00:00,False,23:00:00,2023-12-07
4893,2023-12-07 23:15:00,False,23:15:00,2023-12-07
4894,2023-12-07 23:30:00,False,23:30:00,2023-12-07
4895,2023-12-07 23:45:00,False,23:45:00,2023-12-07
4896,2023-12-08 00:00:00,False,00:00:00,2023-12-08
4897,2023-12-08 00:15:00,False,00:15:00,2023-12-08
4898,2023-12-08 00:30:00,False,00:30:00,2023-12-08
4899,2023-12-08 00:45:00,False,00:45:00,2023-12-08
4900,2023-12-08 01:00:00,False,01:00:00,2023-12-08
4901,2023-12-08 01:15:00,False,01:15:00,2023-12-08
4902,2023-12-08 01:30:00,False,01:30:00,2023-12-08
4903,2023-12-08 01:45:00,False,01:45:00,2023-12-08
4904,2023-12-08 02:00:00,False,02:00:00,2023-12-08
4905,2023-12-08 02:15:00,False,02:15:00,2023-12-08
4906,2023-12-08 02:30:00,False,02:30:00,2023-12-08
4907,2023-12-08 02:45:00,False,02:45:00,2023-12-08
4908,2023-12-08 03:00:00,False,03:00:00,2023-12-08
4909,2023-12-08 03:15:00,False,03:15:00,2023-12-08
4910,2023-12-08 03:30:00,False,03:30:00,2023-12-08
4911,2023-12-08 03:45:00,False,03:45:00,2023-12-08
4912,2023-12-08 04:00:00,False,04:00:00,2023-12-08
4913,2023-12-08 04:15:00,False,04:15:00,2023-12-08
4914,2023-12-08 04:30:00,False,04:30:00,2023-12-08
4915,2023-12-08 04:45:00,False,04:45:00,2023-12-08
4916,2023-12-08 05:00:00,False,05:00:00,2023-12-08
4917,2023-12-08 05:15:00,False,05:15:00,2023-12-08
4918,2023-12-08 05:30:00,False,05:30:00,2023-12-08
4919,2023-12-08 05:45:00,False,05:45:00,2023-12-08
4920,2023-12-08 06:00:00,False,06:00:00,2023-12-08
4921,2023-12-08 06:15:00,False,06:15:00,2023-12-08
4922,2023-12-08 06:30:00,False,06:30:00,2023-12-08
4923,2023-12-08 06:45:00,False,06:45:00,2023-12-08
4924,2023-12-08 07:00:00,False,07:00:00,2023-12-08
4925,2023-12-08 07:15:00,False,07:15:00,2023-12-08
4926,2023-12-08 07:30:00,False,07:30:00,2023-12-08
4927,2023-12-08 07:45:00,False,07:45:00,2023-12-08
4928,2023-12-08 08:00:00,False,08:00:00,2023-12-08
4929,2023-12-08 08:15:00,False,08:15:00,2023-12-08
4930,2023-12-08 08:30:00,False,08:30:00,2023-12-08
4931,2023-12-08 08:45:00,False,08:45:00,2023-12-08
4932,2023-12-08 09:00:00,False,09:00:00,2023-12-08
4933,2023-12-08 09:15:00,False,09:15:00,2023-12-08
4934,2023-12-08 09:30:00,False,09:30:00,2023-12-08
4935,2023-12-08 09:45:00,False,09:45:00,2023-12-08
4936,2023-12-08 10:00:00,False,10:00:00,2023-12-08
4937,2023-12-08 10:15:00,False,10:15:00,2023-12-08
4938,2023-12-08 10:30:00,False,10:30:00,2023-12-08
4939,2023-12-08 10:45:00,False,10:45:00,2023-12-08
4940,2023-12-08 11:00:00,False,11:00:00,2023-12-08
4941,2023-12-08 11:15:00,False,11:15:00,2023-12-08
4942,2023-12-08 11:30:00,False,11:30:00,2023-12-08
4943,2023-12-08 11:45:00,False,11:45:00,2023-12-08
4944,2023-12-08 12:00:00,False,12:00:00,2023-12-08
4945,2023-12-08 12:15:00,False,12:15:00,2023-12-08
4946,2023-12-08 12:30:00,False,12:30:00,2023-12-08
4947,2023-12-08 12:45:00,False,12:45:00,2023-12-08
4948,2023-12-08 13:00:00,False,13:00:00,2023-12-08
4949,2023-12-08 13:15:00,False,13:15:00,2023-12-08
4950,2023-12-08 13:30:00,False,13:30:00,2023-12-08
4951,2023-12-08 13:45:00,False,13:45:00,2023-12-08
4952,2023-12-08 14:00:00,False,14:00:00,2023-12-08
4953,2023-12-08 14:15:00,False,14:15:00,2023-12-08
4954,2023-12-08 14:30:00,False,14:30:00,2023-12-08
4955,2023-12-08 14:45:00,False,14:45:00,2023-12-08
4956,2023-12-08 15:00:00,False,15:00:00,2023-12-08
4957,2023-12-08 15:15:00,False,15:15:00,2023-12-08
4958,2023-12-08 15:30:00,False,15:30:00,2023-12-08
4959,2023-12-08 15:45:00,False,15:45:00,2023-12-08
4960,2023-12-08 16:00:00,False,16:00:00,2023-12-08
4961,2023-12-08 16:15:00,False,16:15:00,2023-12-08
4962,2023-12-08 16:30:00,False,16:30:00,2023-12-08
4963,2023-12-08 16:45:00,False,16:45:00,2023-12-08
4964,2023-12-08 17:00:00,False,17:00:00,2023-12-08
4965,2023-12-08 17:15:00,False,17:15:00,2023-12-08
4966,2023-12-08 17:30:00,False,17:30:00,2023-12-08
4967,2023-12-08 17:45:00,False,17:45:00,2023-12-08
4968,2023-12-08 18:00:00,False,18:00:00,2023-12-08
4969,2023-12-08 18:15:00,False,18:15:00,2023-12-08
4970,2023-12-08 18:30:00,False,18:30:00,2023-12-08
4971,2023-12-08 18:45:00,False,18:45:00,2023-12-08
4972,2023-12-08 19:00:00,False,19:00:00,2023-12-08
4973,2023-12-08 19:15:00,False,19:15:00,2023-12-08
4974,2023-12-08 19:30:00,False,19:30:00,2023-12-08
4975,2023-12-08 19:45:00,False,19:45:00,2023-12-08
4976,2023-12-08 20:00:00,False,20:00:00,2023-12-08
4977,2023-12-08 20:15:00,False,20:15:00,2023-12-08
4978,2023-12-08 20:30:00,False,20:30:00,2023-12-08
4979,2023-12-08 20:45:00,False,20:45:00,2023-12-08
4980,2023-12-08 21:00:00,False,21:00:00,2023-12-08
4981,2023-12-08 21:15:00,False,21:15:00,2023-12-08
4982,2023-12-08 21:30:00,False,21:30:00,2023-12-08
4983,2023-12-08 21:45:00,False,21:45:00,2023-12-08
4984,2023-12-08 22:00:00,False,22:00:00,2023-12-08
4985,2023-12-08 22:15:00,False,22:15:00,2023-12-08
4986,2023-12-08 22:30:00,False,22:30:00,2023-12-08
4987,2023-12-08 22:45:00,False,22:45:00,2023-12-08
4988,2023-12-08 23:00:00,False,23:00:00,2023-12-08
4989,2023-12-08 23:15:00,False,23:15:00,2023-12-08
4990,2023-12-08 23:30:00,False,23:30:00,2023-12-08
4991,2023-12-08 23:45:00,False,23:45:00,2023-12-08
4992,2023-12-09 00:00:00,False,00:00:00,2023-12-09
4993,2023-12-09 00:15:00,False,00:15:00,2023-12-09
4994,2023-12-09 00:30:00,False,00:30:00,2023-12-09
4995,2023-12-09 00:45:00,False,00:45:00,2023-12-09
4996,2023-12-09 01:00:00,False,01:00:00,2023-12-09
4997,2023-12-09 01:15:00,False,01:15:00,2023-12-09
4998,2023-12-09 01:30:00,False,01:30:00,2023-12-09
4999,2023-12-09 01:45:00,False,01:45:00,2023-12-09
5000,2023-12-09 02:00:00,False,02:00:00,2023-12-09
5001,2023-12-09 02:15:00,False,02:15:00,2023-12-09
5002,2023-12-09 02:30:00,False,02:30:00,2023-12-09
5003,2023-12-09 02:45:00,False,02:45:00,2023-12-09
5004,2023-12-09 03:00:00,False,03:00:00,2023-12-09
5005,2023-12-09 03:15:00,False,03:15:00,2023-12-09
5006,2023-12-09 03:30:00,False,03:30:00,2023-12-09
5007,2023-12-09 03:45:00,False,03:45:00,2023-12-09
5008,2023-12-09 04:00:00,False,04:00:00,2023-12-09
5009,2023-12-09 04:15:00,False,04:15:00,2023-12-09
5010,2023-12-09 04:30:00,False,04:30:00,2023-12-09
5011,2023-12-09 04:45:00,False,04:45:00,2023-12-09
5012,2023-12-09 05:00:00,False,05:00:00,2023-12-09
5013,2023-12-09 05:15:00,False,05:15:00,2023-12-09
5014,2023-12-09 05:30:00,False,05:30:00,2023-12-09
5015,2023-12-09 05:45:00,False,05:45:00,2023-12-09
5016,2023-12-09 06:00:00,False,06:00:00,2023-12-09
5017,2023-12-09 06:15:00,False,06:15:00,2023-12-09
5018,2023-12-09 06:30:00,False,06:30:00,2023-12-09
5019,2023-12-09 06:45:00,False,06:45:00,2023-12-09
5020,2023-12-09 07:00:00,False,07:00:00,2023-12-09
5021,2023-12-09 07:15:00,False,07:15:00,2023-12-09
5022,2023-12-09 07:30:00,False,07:30:00,2023-12-09
5023,2023-12-09 07:45:00,False,07:45:00,2023-12-09
5024,2023-12-09 08:00:00,False,08:00:00,2023-12-09
5025,2023-12-09 08:15:00,False,08:15:00,2023-12-09
5026,2023-12-09 08:30:00,False,08:30:00,2023-12-09
5027,2023-12-09 08:45:00,False,08:45:00,2023-12-09
5028,2023-12-09 09:00:00,False,09:00:00,2023-12-09
5029,2023-12-09 09:15:00,False,09:15:00,2023-12-09
5030,2023-12-09 09:30:00,False,09:30:00,2023-12-09
5031,2023-12-09 09:45:00,True,09:45:00,2023-12-09
5032,2023-12-09 10:00:00,False,10:00:00,2023-12-09
5033,2023-12-09 10:15:00,False,10:15:00,2023-12-09
5034,2023-12-09 10:30:00,False,10:30:00,2023-12-09
5035,2023-12-09 10:45:00,False,10:45:00,2023-12-09
5036,2023-12-09 11:00:00,False,11:00:00,2023-12-09
5037,2023-12-09 11:15:00,False,11:15:00,2023-12-09
5038,2023-12-09 11:30:00,False,11:30:00,2023-12-09
5039,2023-12-09 11:45:00,False,11:45:00,2023-12-09
5040,2023-12-09 12:00:00,False,12:00:00,2023-12-09
5041,2023-12-09 12:15:00,False,12:15:00,2023-12-09
5042,2023-12-09 12:30:00,False,12:30:00,2023-12-09
5043,2023-12-09 12:45:00,False,12:45:00,2023-12-09
5044,2023-12-09 13:00:00,False,13:00:00,2023-12-09
5045,2023-12-09 13:15:00,False,13:15:00,2023-12-09
5046,2023-12-09 13:30:00,False,13:30:00,2023-12-09
5047,2023-12-09 13:45:00,False,13:45:00,2023-12-09
5048,2023-12-09 14:00:00,False,14:00:00,2023-12-09
5049,2023-12-09 14:15:00,False,14:15:00,2023-12-09
5050,2023-12-09 14:30:00,False,14:30:00,2023-12-09
5051,2023-12-09 14:45:00,False,14:45:00,2023-12-09
5052,2023-12-09 15:00:00,False,15:00:00,2023-12-09
5053,2023-12-09 15:15:00,False,15:15:00,2023-12-09
5054,2023-12-09 15:30:00,False,15:30:00,2023-12-09
5055,2023-12-09 15:45:00,False,15:45:00,2023-12-09
5056,2023-12-09 16:00:00,False,16:00:00,2023-12-09
5057,2023-12-09 16:15:00,False,16:15:00,2023-12-09
5058,2023-12-09 16:30:00,False,16:30:00,2023-12-09
5059,2023-12-09 16:45:00,False,16:45:00,2023-12-09
5060,2023-12-09 17:00:00,False,17:00:00,2023-12-09
5061,2023-12-09 17:15:00,False,17:15:00,2023-12-09
5062,2023-12-09 17:30:00,False,17:30:00,2023-12-09
5063,2023-12-09 17:45:00,False,17:45:00,2023-12-09
5064,2023-12-09 18:00:00,False,18:00:00,2023-12-09
5065,2023-12-09 18:15:00,False,18:15:00,2023-12-09
5066,2023-12-09 18:30:00,False,18:30:00,2023-12-09
5067,2023-12-09 18:45:00,False,18:45:00,2023-12-09
5068,2023-12-09 19:00:00,False,19:00:00,2023-12-09
5069,2023-12-09 19:15:00,False,19:15:00,2023-12-09
5070,2023-12-09 19:30:00,False,19:30:00,2023-12-09
5071,2023-12-09 19:45:00,False,19:45:00,2023-12-09
5072,2023-12-09 20:00:00,False,20:00:00,2023-12-09
5073,2023-12-09 20:15:00,False,20:15:00,2023-12-09
5074,2023-12-09 20:30:00,False,20:30:00,2023-12-09
5075,2023-12-09 20:45:00,False,20:45:00,2023-12-09
5076,2023-12-09 21:00:00,False,21:00:00,2023-12-09
5077,2023-12-09 21:15:00,False,21:15:00,2023-12-09
5078,2023-12-09 21:30:00,False,21:30:00,2023-12-09
5079,2023-12-09 21:45:00,False,21:45:00,2023-12-09
5080,2023-12-09 22:00:00,False,22:00:00,2023-12-09
5081,2023-12-09 22:15:00,False,22:15:00,2023-12-09
5082,2023-12-09 22:30:00,False,22:30:00,2023-12-09
5083,2023-12-09 22:45:00,False,22:45:00,2023-12-09
5084,2023-12-09 23:00:00,False,23:00:00,2023-12-09
5085,2023-12-09 23:15:00,False,23:15:00,2023-12-09
5086,2023-12-09 23:30:00,False,23:30:00,2023-12-09
5087,2023-12-09 23:45:00,False,23:45:00,2023-12-09
5088,2023-12-10 00:00:00,False,00:00:00,2023-12-10
5089,2023-12-10 00:15:00,False,00:15:00,2023-12-10
5090,2023-12-10 00:30:00,False,00:30:00,2023-12-10
5091,2023-12-10 00:45:00,False,00:45:00,2023-12-10
5092,2023-12-10 01:00:00,False,01:00:00,2023-12-10
5093,2023-12-10 01:15:00,False,01:15:00,2023-12-10
5094,2023-12-10 01:30:00,False,01:30:00,2023-12-10
5095,2023-12-10 01:45:00,False,01:45:00,2023-12-10
5096,2023-12-10 02:00:00,False,02:00:00,2023-12-10
5097,2023-12-10 02:15:00,False,02:15:00,2023-12-10
5098,2023-12-10 02:30:00,False,02:30:00,2023-12-10
5099,2023-12-10 02:45:00,False,02:45:00,2023-12-10
5100,2023-12-10 03:00:00,False,03:00:00,2023-12-10
5101,2023-12-10 03:15:00,False,03:15:00,2023-12-10
5102,2023-12-10 03:30:00,False,03:30:00,2023-12-10
5103,2023-12-10 03:45:00,False,03:45:00,2023-12-10
5104,2023-12-10 04:00:00,False,04:00:00,2023-12-10
5105,2023-12-10 04:15:00,False,04:15:00,2023-12-10
5106,2023-12-10 04:30:00,False,04:30:00,2023-12-10
5107,2023-12-10 04:45:00,False,04:45:00,2023-12-10
5108,2023-12-10 05:00:00,False,05:00:00,2023-12-10
5109,2023-12-10 05:15:00,False,05:15:00,2023-12-10
5110,2023-12-10 05:30:00,False,05:30:00,2023-12-10
5111,2023-12-10 05:45:00,False,05:45:00,2023-12-10
5112,2023-12-10 06:00:00,False,06:00:00,2023-12-10
5113,2023-12-10 06:15:00,False,06:15:00,2023-12-10
5114,2023-12-10 06:30:00,False,06:30:00,2023-12-10
5115,2023-12-10 06:45:00,False,06:45:00,2023-12-10
5116,2023-12-10 07:00:00,False,07:00:00,2023-12-10
5117,2023-12-10 07:15:00,False,07:15:00,2023-12-10
5118,2023-12-10 07:30:00,False,07:30:00,2023-12-10
5119,2023-12-10 07:45:00,False,07:45:00,2023-12-10
5120,2023-12-10 08:00:00,False,08:00:00,2023-12-10
5121,2023-12-10 08:15:00,False,08:15:00,2023-12-10
5122,2023-12-10 08:30:00,False,08:30:00,2023-12-10
5123,2023-12-10 08:45:00,False,08:45:00,2023-12-10
5124,2023-12-10 09:00:00,False,09:00:00,2023-12-10
5125,2023-12-10 09:15:00,False,09:15:00,2023-12-10
5126,2023-12-10 09:30:00,False,09:30:00,2023-12-10
5127,2023-12-10 09:45:00,False,09:45:00,2023-12-10
5128,2023-12-10 10:00:00,False,10:00:00,2023-12-10
5129,2023-12-10 10:15:00,False,10:15:00,2023-12-10
5130,2023-12-10 10:30:00,False,10:30:00,2023-12-10
5131,2023-12-10 10:45:00,False,10:45:00,2023-12-10
5132,2023-12-10 11:00:00,False,11:00:00,2023-12-10
5133,2023-12-10 11:15:00,False,11:15:00,2023-12-10
5134,2023-12-10 11:30:00,False,11:30:00,2023-12-10
5135,2023-12-10 11:45:00,False,11:45:00,2023-12-10
5136,2023-12-10 12:00:00,False,12:00:00,2023-12-10
5137,2023-12-10 12:15:00,False,12:15:00,2023-12-10
5138,2023-12-10 12:30:00,False,12:30:00,2023-12-10
5139,2023-12-10 12:45:00,False,12:45:00,2023-12-10
5140,2023-12-10 13:00:00,False,13:00:00,2023-12-10
5141,2023-12-10 13:15:00,False,13:15:00,2023-12-10
5142,2023-12-10 13:30:00,False,13:30:00,2023-12-10
5143,2023-12-10 13:45:00,False,13:45:00,2023-12-10
5144,2023-12-10 14:00:00,False,14:00:00,2023-12-10
5145,2023-12-10 14:15:00,False,14:15:00,2023-12-10
5146,2023-12-10 14:30:00,False,14:30:00,2023-12-10
5147,2023-12-10 14:45:00,False,14:45:00,2023-12-10
5148,2023-12-10 15:00:00,False,15:00:00,2023-12-10
5149,2023-12-10 15:15:00,False,15:15:00,2023-12-10
5150,2023-12-10 15:30:00,False,15:30:00,2023-12-10
5151,2023-12-10 15:45:00,False,15:45:00,2023-12-10
5152,2023-12-10 16:00:00,False,16:00:00,2023-12-10
5153,2023-12-10 16:15:00,False,16:15:00,2023-12-10
5154,2023-12-10 16:30:00,False,16:30:00,2023-12-10
5155,2023-12-10 16:45:00,False,16:45:00,2023-12-10
5156,2023-12-10 17:00:00,False,17:00:00,2023-12-10
5157,2023-12-10 17:15:00,False,17:15:00,2023-12-10
5158,2023-12-10 17:30:00,False,17:30:00,2023-12-10
5159,2023-12-10 17:45:00,False,17:45:00,2023-12-10
5160,2023-12-10 18:00:00,False,18:00:00,2023-12-10
5161,2023-12-10 18:15:00,False,18:15:00,2023-12-10
5162,2023-12-10 18:30:00,False,18:30:00,2023-12-10
5163,2023-12-10 18:45:00,False,18:45:00,2023-12-10
5164,2023-12-10 19:00:00,False,19:00:00,2023-12-10
5165,2023-12-10 19:15:00,False,19:15:00,2023-12-10
5166,2023-12-10 19:30:00,False,19:30:00,2023-12-10
5167,2023-12-10 19:45:00,False,19:45:00,2023-12-10
5168,2023-12-10 20:00:00,False,20:00:00,2023-12-10
5169,2023-12-10 20:15:00,False,20:15:00,2023-12-10
5170,2023-12-10 20:30:00,False,20:30:00,2023-12-10
5171,2023-12-10 20:45:00,False,20:45:00,2023-12-10
5172,2023-12-10 21:00:00,False,21:00:00,2023-12-10
5173,2023-12-10 21:15:00,False,21:15:00,2023-12-10
5174,2023-12-10 21:30:00,False,21:30:00,2023-12-10
5175,2023-12-10 21:45:00,False,21:45:00,2023-12-10
5176,2023-12-10 22:00:00,False,22:00:00,2023-12-10
5177,2023-12-10 22:15:00,False,22:15:00,2023-12-10
5178,2023-12-10 22:30:00,False,22:30:00,2023-12-10
5179,2023-12-10 22:45:00,False,22:45:00,2023-12-10
5180,2023-12-10 23:00:00,False,23:00:00,2023-12-10
5181,2023-12-10 23:15:00,False,23:15:00,2023-12-10
5182,2023-12-10 23:30:00,False,23:30:00,2023-12-10
5183,2023-12-10 23:45:00,False,23:45:00,2023-12-10
5184,2023-12-11 00:00:00,False,00:00:00,2023-12-11
5185,2023-12-11 00:15:00,False,00:15:00,2023-12-11
5186,2023-12-11 00:30:00,False,00:30:00,2023-12-11
5187,2023-12-11 00:45:00,False,00:45:00,2023-12-11
5188,2023-12-11 01:00:00,False,01:00:00,2023-12-11
5189,2023-12-11 01:15:00,False,01:15:00,2023-12-11
5190,2023-12-11 01:30:00,False,01:30:00,2023-12-11
5191,2023-12-11 01:45:00,False,01:45:00,2023-12-11
5192,2023-12-11 02:00:00,False,02:00:00,2023-12-11
5193,2023-12-11 02:15:00,True,02:15:00,2023-12-11
5194,2023-12-11 02:30:00,True,02:30:00,2023-12-11
5195,2023-12-11 02:45:00,True,02:45:00,2023-12-11
5196,2023-12-11 03:00:00,True,03:00:00,2023-12-11
5197,2023-12-11 03:15:00,True,03:15:00,2023-12-11
5198,2023-12-11 03:30:00,True,03:30:00,2023-12-11
5199,2023-12-11 03:45:00,True,03:45:00,2023-12-11
5200,2023-12-11 04:00:00,True,04:00:00,2023-12-11
5201,2023-12-11 04:15:00,True,04:15:00,2023-12-11
5202,2023-12-11 04:30:00,True,04:30:00,2023-12-11
5203,2023-12-11 04:45:00,True,04:45:00,2023-12-11
5204,2023-12-11 05:00:00,True,05:00:00,2023-12-11
5205,2023-12-11 05:15:00,True,05:15:00,2023-12-11
5206,2023-12-11 05:30:00,True,05:30:00,2023-12-11
5207,2023-12-11 05:45:00,True,05:45:00,2023-12-11
5208,2023-12-11 06:00:00,True,06:00:00,2023-12-11
5209,2023-12-11 06:15:00,True,06:15:00,2023-12-11
5210,2023-12-11 06:30:00,True,06:30:00,2023-12-11
5211,2023-12-11 06:45:00,True,06:45:00,2023-12-11
5212,2023-12-11 07:00:00,True,07:00:00,2023-12-11
5213,2023-12-11 07:15:00,True,07:15:00,2023-12-11
5214,2023-12-11 07:30:00,True,07:30:00,2023-12-11
5215,2023-12-11 07:45:00,True,07:45:00,2023-12-11
5216,2023-12-11 08:00:00,True,08:00:00,2023-12-11
5217,2023-12-11 08:15:00,True,08:15:00,2023-12-11
5218,2023-12-11 08:30:00,True,08:30:00,2023-12-11
5219,2023-12-11 08:45:00,True,08:45:00,2023-12-11
5220,2023-12-11 09:00:00,True,09:00:00,2023-12-11
5221,2023-12-11 09:15:00,True,09:15:00,2023-12-11
5222,2023-12-11 09:30:00,True,09:30:00,2023-12-11
5223,2023-12-11 09:45:00,True,09:45:00,2023-12-11
5224,2023-12-11 10:00:00,True,10:00:00,2023-12-11
5225,2023-12-11 10:15:00,True,10:15:00,2023-12-11
5226,2023-12-11 10:30:00,True,10:30:00,2023-12-11
5227,2023-12-11 10:45:00,True,10:45:00,2023-12-11
5228,2023-12-11 11:00:00,True,11:00:00,2023-12-11
5229,2023-12-11 11:15:00,True,11:15:00,2023-12-11
5230,2023-12-11 11:30:00,True,11:30:00,2023-12-11
5231,2023-12-11 11:45:00,True,11:45:00,2023-12-11
5232,2023-12-11 12:00:00,True,12:00:00,2023-12-11
5233,2023-12-11 12:15:00,True,12:15:00,2023-12-11
5234,2023-12-11 12:30:00,True,12:30:00,2023-12-11
5235,2023-12-11 12:45:00,True,12:45:00,2023-12-11
5236,2023-12-11 13:00:00,True,13:00:00,2023-12-11
5237,2023-12-11 13:15:00,True,13:15:00,2023-12-11
5238,2023-12-11 13:30:00,True,13:30:00,2023-12-11
5239,2023-12-11 13:45:00,True,13:45:00,2023-12-11
5240,2023-12-11 14:00:00,True,14:00:00,2023-12-11
5241,2023-12-11 14:15:00,True,14:15:00,2023-12-11
5242,2023-12-11 14:30:00,True,14:30:00,2023-12-11
5243,2023-12-11 14:45:00,True,14:45:00,2023-12-11
5244,2023-12-11 15:00:00,True,15:00:00,2023-12-11
5245,2023-12-11 15:15:00,True,15:15:00,2023-12-11
5246,2023-12-11 15:30:00,True,15:30:00,2023-12-11
5247,2023-12-11 15:45:00,True,15:45:00,2023-12-11
5248,2023-12-11 16:00:00,True,16:00:00,2023-12-11
5249,2023-12-11 16:15:00,True,16:15:00,2023-12-11
5250,2023-12-11 16:30:00,True,16:30:00,2023-12-11
5251,2023-12-11 16:45:00,True,16:45:00,2023-12-11
5252,2023-12-11 17:00:00,True,17:00:00,2023-12-11
5253,2023-12-11 17:15:00,True,17:15:00,2023-12-11
5254,2023-12-11 17:30:00,True,17:30:00,2023-12-11
5255,2023-12-11 17:45:00,True,17:45:00,2023-12-11
5256,2023-12-11 18:00:00,True,18:00:00,2023-12-11
5257,2023-12-11 18:15:00,True,18:15:00,2023-12-11
5258,2023-12-11 18:30:00,True,18:30:00,2023-12-11
5259,2023-12-11 18:45:00,True,18:45:00,2023-12-11
5260,2023-12-11 19:00:00,True,19:00:00,2023-12-11
5261,2023-12-11 19:15:00,True,19:15:00,2023-12-11
5262,2023-12-11 19:30:00,True,19:30:00,2023-12-11
5263,2023-12-11 19:45:00,True,19:45:00,2023-12-11
5264,2023-12-11 20:00:00,True,20:00:00,2023-12-11
5265,2023-12-11 20:15:00,True,20:15:00,2023-12-11
5266,2023-12-11 20:30:00,True,20:30:00,2023-12-11
5267,2023-12-11 20:45:00,True,20:45:00,2023-12-11
5268,2023-12-11 21:00:00,True,21:00:00,2023-12-11
5269,2023-12-11 21:15:00,True,21:15:00,2023-12-11
5270,2023-12-11 21:30:00,True,21:30:00,2023-12-11
5271,2023-12-11 21:45:00,True,21:45:00,2023-12-11
5272,2023-12-11 22:00:00,True,22:00:00,2023-12-11
5273,2023-12-11 22:15:00,True,22:15:00,2023-12-11
5274,2023-12-11 22:30:00,True,22:30:00,2023-12-11
5275,2023-12-11 22:45:00,True,22:45:00,2023-12-11
5276,2023-12-11 23:00:00,True,23:00:00,2023-12-11
5277,2023-12-11 23:15:00,True,23:15:00,2023-12-11
5278,2023-12-11 23:30:00,True,23:30:00,2023-12-11
5279,2023-12-11 23:45:00,True,23:45:00,2023-12-11
5280,2023-12-12 00:00:00,True,00:00:00,2023-12-12
5281,2023-12-12 00:15:00,True,00:15:00,2023-12-12
5282,2023-12-12 00:30:00,True,00:30:00,2023-12-12
5283,2023-12-12 00:45:00,True,00:45:00,2023-12-12
5284,2023-12-12 01:00:00,True,01:00:00,2023-12-12
5285,2023-12-12 01:15:00,True,01:15:00,2023-12-12
5286,2023-12-12 01:30:00,True,01:30:00,2023-12-12
5287,2023-12-12 01:45:00,True,01:45:00,2023-12-12
5288,2023-12-12 02:00:00,True,02:00:00,2023-12-12
5289,2023-12-12 02:15:00,True,02:15:00,2023-12-12
5290,2023-12-12 02:30:00,True,02:30:00,2023-12-12
5291,2023-12-12 02:45:00,True,02:45:00,2023-12-12
5292,2023-12-12 03:00:00,True,03:00:00,2023-12-12
5293,2023-12-12 03:15:00,True,03:15:00,2023-12-12
5294,2023-12-12 03:30:00,True,03:30:00,2023-12-12
5295,2023-12-12 03:45:00,True,03:45:00,2023-12-12
5296,2023-12-12 04:00:00,True,04:00:00,2023-12-12
5297,2023-12-12 04:15:00,True,04:15:00,2023-12-12
5298,2023-12-12 04:30:00,True,04:30:00,2023-12-12
5299,2023-12-12 04:45:00,True,04:45:00,2023-12-12
5300,2023-12-12 05:00:00,True,05:00:00,2023-12-12
5301,2023-12-12 05:15:00,True,05:15:00,2023-12-12
5302,2023-12-12 05:30:00,True,05:30:00,2023-12-12
5303,2023-12-12 05:45:00,True,05:45:00,2023-12-12
5304,2023-12-12 06:00:00,True,06:00:00,2023-12-12
5305,2023-12-12 06:15:00,True,06:15:00,2023-12-12
5306,2023-12-12 06:30:00,True,06:30:00,2023-12-12
5307,2023-12-12 06:45:00,True,06:45:00,2023-12-12
5308,2023-12-12 07:00:00,True,07:00:00,2023-12-12
5309,2023-12-12 07:15:00,True,07:15:00,2023-12-12
5310,2023-12-12 07:30:00,True,07:30:00,2023-12-12
5311,2023-12-12 07:45:00,True,07:45:00,2023-12-12
5312,2023-12-12 08:00:00,True,08:00:00,2023-12-12
5313,2023-12-12 08:15:00,True,08:15:00,2023-12-12
5314,2023-12-12 08:30:00,True,08:30:00,2023-12-12
5315,2023-12-12 08:45:00,True,08:45:00,2023-12-12
5316,2023-12-12 09:00:00,True,09:00:00,2023-12-12
5317,2023-12-12 09:15:00,True,09:15:00,2023-12-12
5318,2023-12-12 09:30:00,True,09:30:00,2023-12-12
5319,2023-12-12 09:45:00,True,09:45:00,2023-12-12
5320,2023-12-12 10:00:00,True,10:00:00,2023-12-12
5321,2023-12-12 10:15:00,True,10:15:00,2023-12-12
5322,2023-12-12 10:30:00,True,10:30:00,2023-12-12
5323,2023-12-12 10:45:00,True,10:45:00,2023-12-12
5324,2023-12-12 11:00:00,True,11:00:00,2023-12-12
5325,2023-12-12 11:15:00,True,11:15:00,2023-12-12
5326,2023-12-12 11:30:00,True,11:30:00,2023-12-12
5327,2023-12-12 11:45:00,True,11:45:00,2023-12-12
5328,2023-12-12 12:00:00,True,12:00:00,2023-12-12
5329,2023-12-12 12:15:00,True,12:15:00,2023-12-12
5330,2023-12-12 12:30:00,True,12:30:00,2023-12-12
5331,2023-12-12 12:45:00,True,12:45:00,2023-12-12
5332,2023-12-12 13:00:00,True,13:00:00,2023-12-12
5333,2023-12-12 13:15:00,True,13:15:00,2023-12-12
5334,2023-12-12 13:30:00,True,13:30:00,2023-12-12
5335,2023-12-12 13:45:00,True,13:45:00,2023-12-12
5336,2023-12-12 14:00:00,True,14:00:00,2023-12-12
5337,2023-12-12 14:15:00,True,14:15:00,2023-12-12
5338,2023-12-12 14:30:00,True,14:30:00,2023-12-12
5339,2023-12-12 14:45:00,True,14:45:00,2023-12-12
5340,2023-12-12 15:00:00,True,15:00:00,2023-12-12
5341,2023-12-12 15:15:00,True,15:15:00,2023-12-12
5342,2023-12-12 15:30:00,True,15:30:00,2023-12-12
5343,2023-12-12 15:45:00,True,15:45:00,2023-12-12
5344,2023-12-12 16:00:00,True,16:00:00,2023-12-12
5345,2023-12-12 16:15:00,True,16:15:00,2023-12-12
5346,2023-12-12 16:30:00,True,16:30:00,2023-12-12
5347,2023-12-12 16:45:00,True,16:45:00,2023-12-12
5348,2023-12-12 17:00:00,True,17:00:00,2023-12-12
5349,2023-12-12 17:15:00,True,17:15:00,2023-12-12
5350,2023-12-12 17:30:00,True,17:30:00,2023-12-12
5351,2023-12-12 17:45:00,True,17:45:00,2023-12-12
5352,2023-12-12 18:00:00,True,18:00:00,2023-12-12
5353,2023-12-12 18:15:00,True,18:15:00,2023-12-12
5354,2023-12-12 18:30:00,True,18:30:00,2023-12-12
5355,2023-12-12 18:45:00,True,18:45:00,2023-12-12
5356,2023-12-12 19:00:00,True,19:00:00,2023-12-12
5357,2023-12-12 19:15:00,True,19:15:00,2023-12-12
5358,2023-12-12 19:30:00,True,19:30:00,2023-12-12
5359,2023-12-12 19:45:00,True,19:45:00,2023-12-12
5360,2023-12-12 20:00:00,True,20:00:00,2023-12-12
5361,2023-12-12 20:15:00,True,20:15:00,2023-12-12
5362,2023-12-12 20:30:00,True,20:30:00,2023-12-12
5363,2023-12-12 20:45:00,True,20:45:00,2023-12-12
5364,2023-12-12 21:00:00,True,21:00:00,2023-12-12
5365,2023-12-12 21:15:00,True,21:15:00,2023-12-12
5366,2023-12-12 21:30:00,True,21:30:00,2023-12-12
5367,2023-12-12 21:45:00,True,21:45:00,2023-12-12
5368,2023-12-12 22:00:00,True,22:00:00,2023-12-12
5369,2023-12-12 22:15:00,True,22:15:00,2023-12-12
5370,2023-12-12 22:30:00,True,22:30:00,2023-12-12
5371,2023-12-12 22:45:00,True,22:45:00,2023-12-12
5372,2023-12-12 23:00:00,True,23:00:00,2023-12-12
5373,2023-12-12 23:15:00,True,23:15:00,2023-12-12
5374,2023-12-12 23:30:00,True,23:30:00,2023-12-12
5375,2023-12-12 23:45:00,True,23:45:00,2023-12-12
5376,2023-12-13 00:00:00,True,00:00:00,2023-12-13
5377,2023-12-13 00:15:00,True,00:15:00,2023-12-13
5378,2023-12-13 00:30:00,True,00:30:00,2023-12-13
5379,2023-12-13 00:45:00,True,00:45:00,2023-12-13
5380,2023-12-13 01:00:00,True,01:00:00,2023-12-13
5381,2023-12-13 01:15:00,True,01:15:00,2023-12-13
5382,2023-12-13 01:30:00,True,01:30:00,2023-12-13
5383,2023-12-13 01:45:00,True,01:45:00,2023-12-13
5384,2023-12-13 02:00:00,True,02:00:00,2023-12-13
5385,2023-12-13 02:15:00,True,02:15:00,2023-12-13
5386,2023-12-13 02:30:00,True,02:30:00,2023-12-13
5387,2023-12-13 02:45:00,True,02:45:00,2023-12-13
5388,2023-12-13 03:00:00,True,03:00:00,2023-12-13
5389,2023-12-13 03:15:00,True,03:15:00,2023-12-13
5390,2023-12-13 03:30:00,True,03:30:00,2023-12-13
5391,2023-12-13 03:45:00,True,03:45:00,2023-12-13
5392,2023-12-13 04:00:00,True,04:00:00,2023-12-13
5393,2023-12-13 04:15:00,True,04:15:00,2023-12-13
5394,2023-12-13 04:30:00,True,04:30:00,2023-12-13
5395,2023-12-13 04:45:00,True,04:45:00,2023-12-13
5396,2023-12-13 05:00:00,True,05:00:00,2023-12-13
5397,2023-12-13 05:15:00,True,05:15:00,2023-12-13
5398,2023-12-13 05:30:00,True,05:30:00,2023-12-13
5399,2023-12-13 05:45:00,True,05:45:00,2023-12-13
5400,2023-12-13 06:00:00,True,06:00:00,2023-12-13
5401,2023-12-13 06:15:00,True,06:15:00,2023-12-13
5402,2023-12-13 06:30:00,True,06:30:00,2023-12-13
5403,2023-12-13 06:45:00,True,06:45:00,2023-12-13
5404,2023-12-13 07:00:00,True,07:00:00,2023-12-13
5405,2023-12-13 07:15:00,True,07:15:00,2023-12-13
5406,2023-12-13 07:30:00,True,07:30:00,2023-12-13
5407,2023-12-13 07:45:00,True,07:45:00,2023-12-13
5408,2023-12-13 08:00:00,True,08:00:00,2023-12-13
5409,2023-12-13 08:15:00,True,08:15:00,2023-12-13
5410,2023-12-13 08:30:00,False,08:30:00,2023-12-13
5411,2023-12-13 08:45:00,False,08:45:00,2023-12-13
5412,2023-12-13 09:00:00,False,09:00:00,2023-12-13
5413,2023-12-13 09:15:00,False,09:15:00,2023-12-13
5414,2023-12-13 09:30:00,False,09:30:00,2023-12-13
5415,2023-12-13 09:45:00,False,09:45:00,2023-12-13
5416,2023-12-13 10:00:00,False,10:00:00,2023-12-13
5417,2023-12-13 10:15:00,False,10:15:00,2023-12-13
5418,2023-12-13 10:30:00,False,10:30:00,2023-12-13
5419,2023-12-13 10:45:00,False,10:45:00,2023-12-13
5420,2023-12-13 11:00:00,False,11:00:00,2023-12-13
5421,2023-12-13 11:15:00,False,11:15:00,2023-12-13
5422,2023-12-13 11:30:00,False,11:30:00,2023-12-13
5423,2023-12-13 11:45:00,False,11:45:00,2023-12-13
5424,2023-12-13 12:00:00,False,12:00:00,2023-12-13
5425,2023-12-13 12:15:00,False,12:15:00,2023-12-13
5426,2023-12-13 12:30:00,False,12:30:00,2023-12-13
5427,2023-12-13 12:45:00,False,12:45:00,2023-12-13
5428,2023-12-13 13:00:00,False,13:00:00,2023-12-13
5429,2023-12-13 13:15:00,False,13:15:00,2023-12-13
5430,2023-12-13 13:30:00,False,13:30:00,2023-12-13
5431,2023-12-13 13:45:00,False,13:45:00,2023-12-13
5432,2023-12-13 14:00:00,False,14:00:00,2023-12-13
5433,2023-12-13 14:15:00,False,14:15:00,2023-12-13
5434,2023-12-13 14:30:00,False,14:30:00,2023-12-13
5435,2023-12-13 14:45:00,False,14:45:00,2023-12-13
5436,2023-12-13 15:00:00,False,15:00:00,2023-12-13
5437,2023-12-13 15:15:00,False,15:15:00,2023-12-13
5438,2023-12-13 15:30:00,False,15:30:00,2023-12-13
5439,2023-12-13 15:45:00,False,15:45:00,2023-12-13
5440,2023-12-13 16:00:00,False,16:00:00,2023-12-13
5441,2023-12-13 16:15:00,False,16:15:00,2023-12-13
5442,2023-12-13 16:30:00,False,16:30:00,2023-12-13
5443,2023-12-13 16:45:00,False,16:45:00,2023-12-13
5444,2023-12-13 17:00:00,False,17:00:00,2023-12-13
5445,2023-12-13 17:15:00,False,17:15:00,2023-12-13
5446,2023-12-13 17:30:00,False,17:30:00,2023-12-13
5447,2023-12-13 17:45:00,False,17:45:00,2023-12-13
5448,2023-12-13 18:00:00,False,18:00:00,2023-12-13
5449,2023-12-13 18:15:00,False,18:15:00,2023-12-13
5450,2023-12-13 18:30:00,False,18:30:00,2023-12-13
5451,2023-12-13 18:45:00,False,18:45:00,2023-12-13
5452,2023-12-13 19:00:00,False,19:00:00,2023-12-13
5453,2023-12-13 19:15:00,False,19:15:00,2023-12-13
5454,2023-12-13 19:30:00,False,19:30:00,2023-12-13
5455,2023-12-13 19:45:00,False,19:45:00,2023-12-13
5456,2023-12-13 20:00:00,False,20:00:00,2023-12-13
5457,2023-12-13 20:15:00,False,20:15:00,2023-12-13
5458,2023-12-13 20:30:00,False,20:30:00,2023-12-13
5459,2023-12-13 20:45:00,False,20:45:00,2023-12-13
5460,2023-12-13 21:00:00,False,21:00:00,2023-12-13
5461,2023-12-13 21:15:00,False,21:15:00,2023-12-13
5462,2023-12-13 21:30:00,False,21:30:00,2023-12-13
5463,2023-12-13 21:45:00,False,21:45:00,2023-12-13
5464,2023-12-13 22:00:00,False,22:00:00,2023-12-13
5465,2023-12-13 22:15:00,False,22:15:00,2023-12-13
5466,2023-12-13 22:30:00,False,22:30:00,2023-12-13
5467,2023-12-13 22:45:00,False,22:45:00,2023-12-13
5468,2023-12-13 23:00:00,False,23:00:00,2023-12-13
5469,2023-12-13 23:15:00,False,23:15:00,2023-12-13
5470,2023-12-13 23:30:00,False,23:30:00,2023-12-13
5471,2023-12-13 23:45:00,False,23:45:00,2023-12-13
5472,2023-12-14 00:00:00,False,00:00:00,2023-12-14
5473,2023-12-14 00:15:00,False,00:15:00,2023-12-14
5474,2023-12-14 00:30:00,False,00:30:00,2023-12-14
5475,2023-12-14 00:45:00,False,00:45:00,2023-12-14
5476,2023-12-14 01:00:00,False,01:00:00,2023-12-14
5477,2023-12-14 01:15:00,False,01:15:00,2023-12-14
5478,2023-12-14 01:30:00,False,01:30:00,2023-12-14
5479,2023-12-14 01:45:00,False,01:45:00,2023-12-14
5480,2023-12-14 02:00:00,False,02:00:00,2023-12-14
5481,2023-12-14 02:15:00,False,02:15:00,2023-12-14
5482,2023-12-14 02:30:00,False,02:30:00,2023-12-14
5483,2023-12-14 02:45:00,False,02:45:00,2023-12-14
5484,2023-12-14 03:00:00,False,03:00:00,2023-12-14
5485,2023-12-14 03:15:00,False,03:15:00,2023-12-14
5486,2023-12-14 03:30:00,False,03:30:00,2023-12-14
5487,2023-12-14 03:45:00,False,03:45:00,2023-12-14
5488,2023-12-14 04:00:00,False,04:00:00,2023-12-14
5489,2023-12-14 04:15:00,False,04:15:00,2023-12-14
5490,2023-12-14 04:30:00,False,04:30:00,2023-12-14
5491,2023-12-14 04:45:00,False,04:45:00,2023-12-14
5492,2023-12-14 05:00:00,False,05:00:00,2023-12-14
5493,2023-12-14 05:15:00,False,05:15:00,2023-12-14
5494,2023-12-14 05:30:00,False,05:30:00,2023-12-14
5495,2023-12-14 05:45:00,False,05:45:00,2023-12-14
5496,2023-12-14 06:00:00,False,06:00:00,2023-12-14
5497,2023-12-14 06:15:00,False,06:15:00,2023-12-14
5498,2023-12-14 06:30:00,False,06:30:00,2023-12-14
5499,2023-12-14 06:45:00,False,06:45:00,2023-12-14
5500,2023-12-14 07:00:00,False,07:00:00,2023-12-14
5501,2023-12-14 07:15:00,False,07:15:00,2023-12-14
5502,2023-12-14 07:30:00,False,07:30:00,2023-12-14
5503,2023-12-14 07:45:00,False,07:45:00,2023-12-14
5504,2023-12-14 08:00:00,False,08:00:00,2023-12-14
5505,2023-12-14 08:15:00,False,08:15:00,2023-12-14
5506,2023-12-14 08:30:00,False,08:30:00,2023-12-14
5507,2023-12-14 08:45:00,False,08:45:00,2023-12-14
5508,2023-12-14 09:00:00,False,09:00:00,2023-12-14
5509,2023-12-14 09:15:00,False,09:15:00,2023-12-14
5510,2023-12-14 09:30:00,False,09:30:00,2023-12-14
5511,2023-12-14 09:45:00,False,09:45:00,2023-12-14
5512,2023-12-14 10:00:00,False,10:00:00,2023-12-14
5513,2023-12-14 10:15:00,False,10:15:00,2023-12-14
5514,2023-12-14 10:30:00,False,10:30:00,2023-12-14
5515,2023-12-14 10:45:00,False,10:45:00,2023-12-14
5516,2023-12-14 11:00:00,False,11:00:00,2023-12-14
5517,2023-12-14 11:15:00,False,11:15:00,2023-12-14
5518,2023-12-14 11:30:00,False,11:30:00,2023-12-14
5519,2023-12-14 11:45:00,False,11:45:00,2023-12-14
5520,2023-12-14 12:00:00,False,12:00:00,2023-12-14
5521,2023-12-14 12:15:00,False,12:15:00,2023-12-14
5522,2023-12-14 12:30:00,False,12:30:00,2023-12-14
5523,2023-12-14 12:45:00,False,12:45:00,2023-12-14
5524,2023-12-14 13:00:00,False,13:00:00,2023-12-14
5525,2023-12-14 13:15:00,False,13:15:00,2023-12-14
5526,2023-12-14 13:30:00,False,13:30:00,2023-12-14
5527,2023-12-14 13:45:00,False,13:45:00,2023-12-14
5528,2023-12-14 14:00:00,False,14:00:00,2023-12-14
5529,2023-12-14 14:15:00,False,14:15:00,2023-12-14
5530,2023-12-14 14:30:00,False,14:30:00,2023-12-14
5531,2023-12-14 14:45:00,False,14:45:00,2023-12-14
5532,2023-12-14 15:00:00,False,15:00:00,2023-12-14
5533,2023-12-14 15:15:00,False,15:15:00,2023-12-14
5534,2023-12-14 15:30:00,False,15:30:00,2023-12-14
5535,2023-12-14 15:45:00,False,15:45:00,2023-12-14
5536,2023-12-14 16:00:00,False,16:00:00,2023-12-14
5537,2023-12-14 16:15:00,False,16:15:00,2023-12-14
5538,2023-12-14 16:30:00,False,16:30:00,2023-12-14
5539,2023-12-14 16:45:00,False,16:45:00,2023-12-14
5540,2023-12-14 17:00:00,False,17:00:00,2023-12-14
5541,2023-12-14 17:15:00,False,17:15:00,2023-12-14
5542,2023-12-14 17:30:00,False,17:30:00,2023-12-14
5543,2023-12-14 17:45:00,False,17:45:00,2023-12-14
5544,2023-12-14 18:00:00,False,18:00:00,2023-12-14
5545,2023-12-14 18:15:00,False,18:15:00,2023-12-14
5546,2023-12-14 18:30:00,False,18:30:00,2023-12-14
5547,2023-12-14 18:45:00,False,18:45:00,2023-12-14
5548,2023-12-14 19:00:00,False,19:00:00,2023-12-14
5549,2023-12-14 19:15:00,False,19:15:00,2023-12-14
5550,2023-12-14 19:30:00,False,19:30:00,2023-12-14
5551,2023-12-14 19:45:00,False,19:45:00,2023-12-14
5552,2023-12-14 20:00:00,False,20:00:00,2023-12-14
5553,2023-12-14 20:15:00,False,20:15:00,2023-12-14
5554,2023-12-14 20:30:00,False,20:30:00,2023-12-14
5555,2023-12-14 20:45:00,False,20:45:00,2023-12-14
5556,2023-12-14 21:00:00,False,21:00:00,2023-12-14
5557,2023-12-14 21:15:00,False,21:15:00,2023-12-14
5558,2023-12-14 21:30:00,False,21:30:00,2023-12-14
5559,2023-12-14 21:45:00,False,21:45:00,2023-12-14
5560,2023-12-14 22:00:00,False,22:00:00,2023-12-14
5561,2023-12-14 22:15:00,False,22:15:00,2023-12-14
5562,2023-12-14 22:30:00,False,22:30:00,2023-12-14
5563,2023-12-14 22:45:00,False,22:45:00,2023-12-14
5564,2023-12-14 23:00:00,False,23:00:00,2023-12-14
5565,2023-12-14 23:15:00,False,23:15:00,2023-12-14
5566,2023-12-14 23:30:00,False,23:30:00,2023-12-14
5567,2023-12-14 23:45:00,False,23:45:00,2023-12-14
5568,2023-12-15 00:00:00,False,00:00:00,2023-12-15
5569,2023-12-15 00:15:00,False,00:15:00,2023-12-15
5570,2023-12-15 00:30:00,False,00:30:00,2023-12-15
5571,2023-12-15 00:45:00,False,00:45:00,2023-12-15
5572,2023-12-15 01:00:00,False,01:00:00,2023-12-15
5573,2023-12-15 01:15:00,False,01:15:00,2023-12-15
5574,2023-12-15 01:30:00,False,01:30:00,2023-12-15
5575,2023-12-15 01:45:00,False,01:45:00,2023-12-15
5576,2023-12-15 02:00:00,False,02:00:00,2023-12-15
5577,2023-12-15 02:15:00,False,02:15:00,2023-12-15
5578,2023-12-15 02:30:00,False,02:30:00,2023-12-15
5579,2023-12-15 02:45:00,False,02:45:00,2023-12-15
5580,2023-12-15 03:00:00,False,03:00:00,2023-12-15
5581,2023-12-15 03:15:00,False,03:15:00,2023-12-15
5582,2023-12-15 03:30:00,False,03:30:00,2023-12-15
5583,2023-12-15 03:45:00,False,03:45:00,2023-12-15
5584,2023-12-15 04:00:00,False,04:00:00,2023-12-15
5585,2023-12-15 04:15:00,False,04:15:00,2023-12-15
5586,2023-12-15 04:30:00,False,04:30:00,2023-12-15
5587,2023-12-15 04:45:00,False,04:45:00,2023-12-15
5588,2023-12-15 05:00:00,False,05:00:00,2023-12-15
5589,2023-12-15 05:15:00,False,05:15:00,2023-12-15
5590,2023-12-15 05:30:00,False,05:30:00,2023-12-15
5591,2023-12-15 05:45:00,False,05:45:00,2023-12-15
5592,2023-12-15 06:00:00,False,06:00:00,2023-12-15
5593,2023-12-15 06:15:00,False,06:15:00,2023-12-15
5594,2023-12-15 06:30:00,False,06:30:00,2023-12-15
5595,2023-12-15 06:45:00,False,06:45:00,2023-12-15
5596,2023-12-15 07:00:00,False,07:00:00,2023-12-15
5597,2023-12-15 07:15:00,False,07:15:00,2023-12-15
5598,2023-12-15 07:30:00,False,07:30:00,2023-12-15
5599,2023-12-15 07:45:00,False,07:45:00,2023-12-15
5600,2023-12-15 08:00:00,False,08:00:00,2023-12-15
5601,2023-12-15 08:15:00,False,08:15:00,2023-12-15
5602,2023-12-15 08:30:00,False,08:30:00,2023-12-15
5603,2023-12-15 08:45:00,False,08:45:00,2023-12-15
5604,2023-12-15 09:00:00,False,09:00:00,2023-12-15
5605,2023-12-15 09:15:00,False,09:15:00,2023-12-15
5606,2023-12-15 09:30:00,False,09:30:00,2023-12-15
5607,2023-12-15 09:45:00,False,09:45:00,2023-12-15
5608,2023-12-15 10:00:00,False,10:00:00,2023-12-15
5609,2023-12-15 10:15:00,False,10:15:00,2023-12-15
5610,2023-12-15 10:30:00,False,10:30:00,2023-12-15
5611,2023-12-15 10:45:00,False,10:45:00,2023-12-15
5612,2023-12-15 11:00:00,False,11:00:00,2023-12-15
5613,2023-12-15 11:15:00,False,11:15:00,2023-12-15
5614,2023-12-15 11:30:00,False,11:30:00,2023-12-15
5615,2023-12-15 11:45:00,False,11:45:00,2023-12-15
5616,2023-12-15 12:00:00,False,12:00:00,2023-12-15
5617,2023-12-15 12:15:00,False,12:15:00,2023-12-15
5618,2023-12-15 12:30:00,False,12:30:00,2023-12-15
5619,2023-12-15 12:45:00,False,12:45:00,2023-12-15
5620,2023-12-15 13:00:00,False,13:00:00,2023-12-15
5621,2023-12-15 13:15:00,False,13:15:00,2023-12-15
5622,2023-12-15 13:30:00,False,13:30:00,2023-12-15
5623,2023-12-15 13:45:00,False,13:45:00,2023-12-15
5624,2023-12-15 14:00:00,False,14:00:00,2023-12-15
5625,2023-12-15 14:15:00,False,14:15:00,2023-12-15
5626,2023-12-15 14:30:00,False,14:30:00,2023-12-15
5627,2023-12-15 14:45:00,False,14:45:00,2023-12-15
5628,2023-12-15 15:00:00,False,15:00:00,2023-12-15
5629,2023-12-15 15:15:00,False,15:15:00,2023-12-15
5630,2023-12-15 15:30:00,False,15:30:00,2023-12-15
5631,2023-12-15 15:45:00,False,15:45:00,2023-12-15
5632,2023-12-15 16:00:00,False,16:00:00,2023-12-15
5633,2023-12-15 16:15:00,False,16:15:00,2023-12-15
5634,2023-12-15 16:30:00,False,16:30:00,2023-12-15
5635,2023-12-15 16:45:00,False,16:45:00,2023-12-15
5636,2023-12-15 17:00:00,False,17:00:00,2023-12-15
5637,2023-12-15 17:15:00,False,17:15:00,2023-12-15
5638,2023-12-15 17:30:00,False,17:30:00,2023-12-15
5639,2023-12-15 17:45:00,False,17:45:00,2023-12-15
5640,2023-12-15 18:00:00,False,18:00:00,2023-12-15
5641,2023-12-15 18:15:00,False,18:15:00,2023-12-15
5642,2023-12-15 18:30:00,False,18:30:00,2023-12-15
5643,2023-12-15 18:45:00,False,18:45:00,2023-12-15
5644,2023-12-15 19:00:00,False,19:00:00,2023-12-15
5645,2023-12-15 19:15:00,False,19:15:00,2023-12-15
5646,2023-12-15 19:30:00,False,19:30:00,2023-12-15
5647,2023-12-15 19:45:00,False,19:45:00,2023-12-15
5648,2023-12-15 20:00:00,False,20:00:00,2023-12-15
5649,2023-12-15 20:15:00,False,20:15:00,2023-12-15
5650,2023-12-15 20:30:00,False,20:30:00,2023-12-15
5651,2023-12-15 20:45:00,False,20:45:00,2023-12-15
5652,2023-12-15 21:00:00,False,21:00:00,2023-12-15
5653,2023-12-15 21:15:00,False,21:15:00,2023-12-15
5654,2023-12-15 21:30:00,False,21:30:00,2023-12-15
5655,2023-12-15 21:45:00,False,21:45:00,2023-12-15
5656,2023-12-15 22:00:00,False,22:00:00,2023-12-15
5657,2023-12-15 22:15:00,False,22:15:00,2023-12-15
5658,2023-12-15 22:30:00,False,22:30:00,2023-12-15
5659,2023-12-15 22:45:00,False,22:45:00,2023-12-15
5660,2023-12-15 23:00:00,False,23:00:00,2023-12-15
5661,2023-12-15 23:15:00,False,23:15:00,2023-12-15
5662,2023-12-15 23:30:00,False,23:30:00,2023-12-15
5663,2023-12-15 23:45:00,False,23:45:00,2023-12-15
5664,2023-12-16 00:00:00,False,00:00:00,2023-12-16
5665,2023-12-16 00:15:00,False,00:15:00,2023-12-16
5666,2023-12-16 00:30:00,False,00:30:00,2023-12-16
5667,2023-12-16 00:45:00,False,00:45:00,2023-12-16
5668,2023-12-16 01:00:00,False,01:00:00,2023-12-16
5669,2023-12-16 01:15:00,False,01:15:00,2023-12-16
5670,2023-12-16 01:30:00,False,01:30:00,2023-12-16
5671,2023-12-16 01:45:00,False,01:45:00,2023-12-16
5672,2023-12-16 02:00:00,False,02:00:00,2023-12-16
5673,2023-12-16 02:15:00,False,02:15:00,2023-12-16
5674,2023-12-16 02:30:00,False,02:30:00,2023-12-16
5675,2023-12-16 02:45:00,False,02:45:00,2023-12-16
5676,2023-12-16 03:00:00,False,03:00:00,2023-12-16
5677,2023-12-16 03:15:00,False,03:15:00,2023-12-16
5678,2023-12-16 03:30:00,False,03:30:00,2023-12-16
5679,2023-12-16 03:45:00,False,03:45:00,2023-12-16
5680,2023-12-16 04:00:00,False,04:00:00,2023-12-16
5681,2023-12-16 04:15:00,False,04:15:00,2023-12-16
5682,2023-12-16 04:30:00,False,04:30:00,2023-12-16
5683,2023-12-16 04:45:00,False,04:45:00,2023-12-16
5684,2023-12-16 05:00:00,False,05:00:00,2023-12-16
5685,2023-12-16 05:15:00,False,05:15:00,2023-12-16
5686,2023-12-16 05:30:00,False,05:30:00,2023-12-16
5687,2023-12-16 05:45:00,False,05:45:00,2023-12-16
5688,2023-12-16 06:00:00,False,06:00:00,2023-12-16
5689,2023-12-16 06:15:00,False,06:15:00,2023-12-16
5690,2023-12-16 06:30:00,False,06:30:00,2023-12-16
5691,2023-12-16 06:45:00,False,06:45:00,2023-12-16
5692,2023-12-16 07:00:00,False,07:00:00,2023-12-16
5693,2023-12-16 07:15:00,False,07:15:00,2023-12-16
5694,2023-12-16 07:30:00,False,07:30:00,2023-12-16
5695,2023-12-16 07:45:00,False,07:45:00,2023-12-16
5696,2023-12-16 08:00:00,False,08:00:00,2023-12-16
5697,2023-12-16 08:15:00,False,08:15:00,2023-12-16
5698,2023-12-16 08:30:00,False,08:30:00,2023-12-16
5699,2023-12-16 08:45:00,False,08:45:00,2023-12-16
5700,2023-12-16 09:00:00,False,09:00:00,2023-12-16
5701,2023-12-16 09:15:00,False,09:15:00,2023-12-16
5702,2023-12-16 09:30:00,False,09:30:00,2023-12-16
5703,2023-12-16 09:45:00,False,09:45:00,2023-12-16
5704,2023-12-16 10:00:00,False,10:00:00,2023-12-16
5705,2023-12-16 10:15:00,False,10:15:00,2023-12-16
5706,2023-12-16 10:30:00,False,10:30:00,2023-12-16
5707,2023-12-16 10:45:00,False,10:45:00,2023-12-16
5708,2023-12-16 11:00:00,False,11:00:00,2023-12-16
5709,2023-12-16 11:15:00,False,11:15:00,2023-12-16
5710,2023-12-16 11:30:00,False,11:30:00,2023-12-16
5711,2023-12-16 11:45:00,False,11:45:00,2023-12-16
5712,2023-12-16 12:00:00,False,12:00:00,2023-12-16
5713,2023-12-16 12:15:00,False,12:15:00,2023-12-16
5714,2023-12-16 12:30:00,False,12:30:00,2023-12-16
5715,2023-12-16 12:45:00,False,12:45:00,2023-12-16
5716,2023-12-16 13:00:00,False,13:00:00,2023-12-16
5717,2023-12-16 13:15:00,True,13:15:00,2023-12-16
5718,2023-12-16 13:30:00,True,13:30:00,2023-12-16
5719,2023-12-16 13:45:00,True,13:45:00,2023-12-16
5720,2023-12-16 14:00:00,False,14:00:00,2023-12-16
5721,2023-12-16 14:15:00,False,14:15:00,2023-12-16
5722,2023-12-16 14:30:00,False,14:30:00,2023-12-16
5723,2023-12-16 14:45:00,False,14:45:00,2023-12-16
5724,2023-12-16 15:00:00,False,15:00:00,2023-12-16
5725,2023-12-16 15:15:00,False,15:15:00,2023-12-16
5726,2023-12-16 15:30:00,False,15:30:00,2023-12-16
5727,2023-12-16 15:45:00,False,15:45:00,2023-12-16
5728,2023-12-16 16:00:00,False,16:00:00,2023-12-16
5729,2023-12-16 16:15:00,False,16:15:00,2023-12-16
5730,2023-12-16 16:30:00,False,16:30:00,2023-12-16
5731,2023-12-16 16:45:00,False,16:45:00,2023-12-16
5732,2023-12-16 17:00:00,False,17:00:00,2023-12-16
5733,2023-12-16 17:15:00,False,17:15:00,2023-12-16
5734,2023-12-16 17:30:00,False,17:30:00,2023-12-16
5735,2023-12-16 17:45:00,False,17:45:00,2023-12-16
5736,2023-12-16 18:00:00,False,18:00:00,2023-12-16
5737,2023-12-16 18:15:00,False,18:15:00,2023-12-16
5738,2023-12-16 18:30:00,False,18:30:00,2023-12-16
5739,2023-12-16 18:45:00,False,18:45:00,2023-12-16
5740,2023-12-16 19:00:00,False,19:00:00,2023-12-16
5741,2023-12-16 19:15:00,False,19:15:00,2023-12-16
5742,2023-12-16 19:30:00,False,19:30:00,2023-12-16
5743,2023-12-16 19:45:00,False,19:45:00,2023-12-16
5744,2023-12-16 20:00:00,False,20:00:00,2023-12-16
5745,2023-12-16 20:15:00,False,20:15:00,2023-12-16
5746,2023-12-16 20:30:00,False,20:30:00,2023-12-16
5747,2023-12-16 20:45:00,False,20:45:00,2023-12-16
5748,2023-12-16 21:00:00,False,21:00:00,2023-12-16
5749,2023-12-16 21:15:00,False,21:15:00,2023-12-16
5750,2023-12-16 21:30:00,False,21:30:00,2023-12-16
5751,2023-12-16 21:45:00,False,21:45:00,2023-12-16
5752,2023-12-16 22:00:00,False,22:00:00,2023-12-16
5753,2023-12-16 22:15:00,False,22:15:00,2023-12-16
5754,2023-12-16 22:30:00,False,22:30:00,2023-12-16
5755,2023-12-16 22:45:00,False,22:45:00,2023-12-16
5756,2023-12-16 23:00:00,False,23:00:00,2023-12-16
5757,2023-12-16 23:15:00,False,23:15:00,2023-12-16
5758,2023-12-16 23:30:00,False,23:30:00,2023-12-16
5759,2023-12-16 23:45:00,False,23:45:00,2023-12-16
5760,2023-12-17 00:00:00,False,00:00:00,2023-12-17
5761,2023-12-17 00:15:00,False,00:15:00,2023-12-17
5762,2023-12-17 00:30:00,False,00:30:00,2023-12-17
5763,2023-12-17 00:45:00,False,00:45:00,2023-12-17
5764,2023-12-17 01:00:00,False,01:00:00,2023-12-17
5765,2023-12-17 01:15:00,False,01:15:00,2023-12-17
5766,2023-12-17 01:30:00,False,01:30:00,2023-12-17
5767,2023-12-17 01:45:00,False,01:45:00,2023-12-17
5768,2023-12-17 02:00:00,False,02:00:00,2023-12-17
5769,2023-12-17 02:15:00,False,02:15:00,2023-12-17
5770,2023-12-17 02:30:00,False,02:30:00,2023-12-17
5771,2023-12-17 02:45:00,False,02:45:00,2023-12-17
5772,2023-12-17 03:00:00,False,03:00:00,2023-12-17
5773,2023-12-17 03:15:00,False,03:15:00,2023-12-17
5774,2023-12-17 03:30:00,False,03:30:00,2023-12-17
5775,2023-12-17 03:45:00,False,03:45:00,2023-12-17
5776,2023-12-17 04:00:00,False,04:00:00,2023-12-17
5777,2023-12-17 04:15:00,False,04:15:00,2023-12-17
5778,2023-12-17 04:30:00,False,04:30:00,2023-12-17
5779,2023-12-17 04:45:00,False,04:45:00,2023-12-17
5780,2023-12-17 05:00:00,False,05:00:00,2023-12-17
5781,2023-12-17 05:15:00,False,05:15:00,2023-12-17
5782,2023-12-17 05:30:00,False,05:30:00,2023-12-17
5783,2023-12-17 05:45:00,False,05:45:00,2023-12-17
5784,2023-12-17 06:00:00,False,06:00:00,2023-12-17
5785,2023-12-17 06:15:00,False,06:15:00,2023-12-17
5786,2023-12-17 06:30:00,False,06:30:00,2023-12-17
5787,2023-12-17 06:45:00,False,06:45:00,2023-12-17
5788,2023-12-17 07:00:00,False,07:00:00,2023-12-17
5789,2023-12-17 07:15:00,False,07:15:00,2023-12-17
5790,2023-12-17 07:30:00,False,07:30:00,2023-12-17
5791,2023-12-17 07:45:00,False,07:45:00,2023-12-17
5792,2023-12-17 08:00:00,False,08:00:00,2023-12-17
5793,2023-12-17 08:15:00,False,08:15:00,2023-12-17
5794,2023-12-17 08:30:00,False,08:30:00,2023-12-17
5795,2023-12-17 08:45:00,False,08:45:00,2023-12-17
5796,2023-12-17 09:00:00,False,09:00:00,2023-12-17
5797,2023-12-17 09:15:00,False,09:15:00,2023-12-17
5798,2023-12-17 09:30:00,False,09:30:00,2023-12-17
5799,2023-12-17 09:45:00,False,09:45:00,2023-12-17
5800,2023-12-17 10:00:00,False,10:00:00,2023-12-17
5801,2023-12-17 10:15:00,False,10:15:00,2023-12-17
5802,2023-12-17 10:30:00,False,10:30:00,2023-12-17
5803,2023-12-17 10:45:00,False,10:45:00,2023-12-17
5804,2023-12-17 11:00:00,False,11:00:00,2023-12-17
5805,2023-12-17 11:15:00,False,11:15:00,2023-12-17
5806,2023-12-17 11:30:00,False,11:30:00,2023-12-17
5807,2023-12-17 11:45:00,False,11:45:00,2023-12-17
5808,2023-12-17 12:00:00,False,12:00:00,2023-12-17
5809,2023-12-17 12:15:00,False,12:15:00,2023-12-17
5810,2023-12-17 12:30:00,False,12:30:00,2023-12-17
5811,2023-12-17 12:45:00,False,12:45:00,2023-12-17
5812,2023-12-17 13:00:00,False,13:00:00,2023-12-17
5813,2023-12-17 13:15:00,False,13:15:00,2023-12-17
5814,2023-12-17 13:30:00,False,13:30:00,2023-12-17
5815,2023-12-17 13:45:00,False,13:45:00,2023-12-17
5816,2023-12-17 14:00:00,False,14:00:00,2023-12-17
5817,2023-12-17 14:15:00,False,14:15:00,2023-12-17
5818,2023-12-17 14:30:00,False,14:30:00,2023-12-17
5819,2023-12-17 14:45:00,False,14:45:00,2023-12-17
5820,2023-12-17 15:00:00,False,15:00:00,2023-12-17
5821,2023-12-17 15:15:00,False,15:15:00,2023-12-17
5822,2023-12-17 15:30:00,False,15:30:00,2023-12-17
5823,2023-12-17 15:45:00,False,15:45:00,2023-12-17
5824,2023-12-17 16:00:00,False,16:00:00,2023-12-17
5825,2023-12-17 16:15:00,False,16:15:00,2023-12-17
5826,2023-12-17 16:30:00,False,16:30:00,2023-12-17
5827,2023-12-17 16:45:00,False,16:45:00,2023-12-17
5828,2023-12-17 17:00:00,False,17:00:00,2023-12-17
5829,2023-12-17 17:15:00,False,17:15:00,2023-12-17
5830,2023-12-17 17:30:00,False,17:30:00,2023-12-17
5831,2023-12-17 17:45:00,False,17:45:00,2023-12-17
5832,2023-12-17 18:00:00,False,18:00:00,2023-12-17
5833,2023-12-17 18:15:00,False,18:15:00,2023-12-17
5834,2023-12-17 18:30:00,False,18:30:00,2023-12-17
5835,2023-12-17 18:45:00,False,18:45:00,2023-12-17
5836,2023-12-17 19:00:00,False,19:00:00,2023-12-17
5837,2023-12-17 19:15:00,False,19:15:00,2023-12-17
5838,2023-12-17 19:30:00,False,19:30:00,2023-12-17
5839,2023-12-17 19:45:00,False,19:45:00,2023-12-17
5840,2023-12-17 20:00:00,False,20:00:00,2023-12-17
5841,2023-12-17 20:15:00,False,20:15:00,2023-12-17
5842,2023-12-17 20:30:00,False,20:30:00,2023-12-17
5843,2023-12-17 20:45:00,False,20:45:00,2023-12-17
5844,2023-12-17 21:00:00,False,21:00:00,2023-12-17
5845,2023-12-17 21:15:00,False,21:15:00,2023-12-17
5846,2023-12-17 21:30:00,False,21:30:00,2023-12-17
5847,2023-12-17 21:45:00,False,21:45:00,2023-12-17
5848,2023-12-17 22:00:00,False,22:00:00,2023-12-17
5849,2023-12-17 22:15:00,False,22:15:00,2023-12-17
5850,2023-12-17 22:30:00,False,22:30:00,2023-12-17
5851,2023-12-17 22:45:00,False,22:45:00,2023-12-17
5852,2023-12-17 23:00:00,False,23:00:00,2023-12-17
5853,2023-12-17 23:15:00,False,23:15:00,2023-12-17
5854,2023-12-17 23:30:00,False,23:30:00,2023-12-17
5855,2023-12-17 23:45:00,False,23:45:00,2023-12-17
5856,2023-12-18 00:00:00,False,00:00:00,2023-12-18
5857,2023-12-18 00:15:00,False,00:15:00,2023-12-18
5858,2023-12-18 00:30:00,False,00:30:00,2023-12-18
5859,2023-12-18 00:45:00,False,00:45:00,2023-12-18
5860,2023-12-18 01:00:00,False,01:00:00,2023-12-18
5861,2023-12-18 01:15:00,False,01:15:00,2023-12-18
5862,2023-12-18 01:30:00,False,01:30:00,2023-12-18
5863,2023-12-18 01:45:00,False,01:45:00,2023-12-18
5864,2023-12-18 02:00:00,False,02:00:00,2023-12-18
5865,2023-12-18 02:15:00,False,02:15:00,2023-12-18
5866,2023-12-18 02:30:00,False,02:30:00,2023-12-18
5867,2023-12-18 02:45:00,False,02:45:00,2023-12-18
5868,2023-12-18 03:00:00,False,03:00:00,2023-12-18
5869,2023-12-18 03:15:00,False,03:15:00,2023-12-18
5870,2023-12-18 03:30:00,False,03:30:00,2023-12-18
5871,2023-12-18 03:45:00,False,03:45:00,2023-12-18
5872,2023-12-18 04:00:00,False,04:00:00,2023-12-18
5873,2023-12-18 04:15:00,False,04:15:00,2023-12-18
5874,2023-12-18 04:30:00,False,04:30:00,2023-12-18
5875,2023-12-18 04:45:00,False,04:45:00,2023-12-18
5876,2023-12-18 05:00:00,False,05:00:00,2023-12-18
5877,2023-12-18 05:15:00,False,05:15:00,2023-12-18
5878,2023-12-18 05:30:00,False,05:30:00,2023-12-18
5879,2023-12-18 05:45:00,False,05:45:00,2023-12-18
5880,2023-12-18 06:00:00,False,06:00:00,2023-12-18
5881,2023-12-18 06:15:00,False,06:15:00,2023-12-18
5882,2023-12-18 06:30:00,False,06:30:00,2023-12-18
5883,2023-12-18 06:45:00,False,06:45:00,2023-12-18
5884,2023-12-18 07:00:00,False,07:00:00,2023-12-18
5885,2023-12-18 07:15:00,False,07:15:00,2023-12-18
5886,2023-12-18 07:30:00,False,07:30:00,2023-12-18
5887,2023-12-18 07:45:00,False,07:45:00,2023-12-18
5888,2023-12-18 08:00:00,False,08:00:00,2023-12-18
5889,2023-12-18 08:15:00,False,08:15:00,2023-12-18
5890,2023-12-18 08:30:00,False,08:30:00,2023-12-18
5891,2023-12-18 08:45:00,False,08:45:00,2023-12-18
5892,2023-12-18 09:00:00,False,09:00:00,2023-12-18
5893,2023-12-18 09:15:00,False,09:15:00,2023-12-18
5894,2023-12-18 09:30:00,False,09:30:00,2023-12-18
5895,2023-12-18 09:45:00,False,09:45:00,2023-12-18
5896,2023-12-18 10:00:00,False,10:00:00,2023-12-18
5897,2023-12-18 10:15:00,False,10:15:00,2023-12-18
5898,2023-12-18 10:30:00,False,10:30:00,2023-12-18
5899,2023-12-18 10:45:00,False,10:45:00,2023-12-18
5900,2023-12-18 11:00:00,False,11:00:00,2023-12-18
5901,2023-12-18 11:15:00,False,11:15:00,2023-12-18
5902,2023-12-18 11:30:00,False,11:30:00,2023-12-18
5903,2023-12-18 11:45:00,False,11:45:00,2023-12-18
5904,2023-12-18 12:00:00,False,12:00:00,2023-12-18
5905,2023-12-18 12:15:00,False,12:15:00,2023-12-18
5906,2023-12-18 12:30:00,False,12:30:00,2023-12-18
5907,2023-12-18 12:45:00,False,12:45:00,2023-12-18
5908,2023-12-18 13:00:00,False,13:00:00,2023-12-18
5909,2023-12-18 13:15:00,False,13:15:00,2023-12-18
5910,2023-12-18 13:30:00,False,13:30:00,2023-12-18
5911,2023-12-18 13:45:00,False,13:45:00,2023-12-18
5912,2023-12-18 14:00:00,False,14:00:00,2023-12-18
5913,2023-12-18 14:15:00,False,14:15:00,2023-12-18
5914,2023-12-18 14:30:00,False,14:30:00,2023-12-18
5915,2023-12-18 14:45:00,False,14:45:00,2023-12-18
5916,2023-12-18 15:00:00,False,15:00:00,2023-12-18
5917,2023-12-18 15:15:00,False,15:15:00,2023-12-18
5918,2023-12-18 15:30:00,False,15:30:00,2023-12-18
5919,2023-12-18 15:45:00,False,15:45:00,2023-12-18
5920,2023-12-18 16:00:00,False,16:00:00,2023-12-18
5921,2023-12-18 16:15:00,True,16:15:00,2023-12-18
5922,2023-12-18 16:30:00,True,16:30:00,2023-12-18
5923,2023-12-18 16:45:00,True,16:45:00,2023-12-18
5924,2023-12-18 17:00:00,True,17:00:00,2023-12-18
5925,2023-12-18 17:15:00,True,17:15:00,2023-12-18
5926,2023-12-18 17:30:00,True,17:30:00,2023-12-18
5927,2023-12-18 17:45:00,True,17:45:00,2023-12-18
5928,2023-12-18 18:00:00,True,18:00:00,2023-12-18
5929,2023-12-18 18:15:00,True,18:15:00,2023-12-18
5930,2023-12-18 18:30:00,True,18:30:00,2023-12-18
5931,2023-12-18 18:45:00,True,18:45:00,2023-12-18
5932,2023-12-18 19:00:00,True,19:00:00,2023-12-18
5933,2023-12-18 19:15:00,True,19:15:00,2023-12-18
5934,2023-12-18 19:30:00,True,19:30:00,2023-12-18
5935,2023-12-18 19:45:00,False,19:45:00,2023-12-18
5936,2023-12-18 20:00:00,False,20:00:00,2023-12-18
5937,2023-12-18 20:15:00,False,20:15:00,2023-12-18
5938,2023-12-18 20:30:00,False,20:30:00,2023-12-18
5939,2023-12-18 20:45:00,False,20:45:00,2023-12-18
5940,2023-12-18 21:00:00,False,21:00:00,2023-12-18
5941,2023-12-18 21:15:00,False,21:15:00,2023-12-18
5942,2023-12-18 21:30:00,False,21:30:00,2023-12-18
5943,2023-12-18 21:45:00,False,21:45:00,2023-12-18
5944,2023-12-18 22:00:00,False,22:00:00,2023-12-18
5945,2023-12-18 22:15:00,False,22:15:00,2023-12-18
5946,2023-12-18 22:30:00,False,22:30:00,2023-12-18
5947,2023-12-18 22:45:00,False,22:45:00,2023-12-18
5948,2023-12-18 23:00:00,False,23:00:00,2023-12-18
5949,2023-12-18 23:15:00,False,23:15:00,2023-12-18
5950,2023-12-18 23:30:00,False,23:30:00,2023-12-18
5951,2023-12-18 23:45:00,False,23:45:00,2023-12-18
5952,2023-12-19 00:00:00,False,00:00:00,2023-12-19
5953,2023-12-19 00:15:00,False,00:15:00,2023-12-19
5954,2023-12-19 00:30:00,False,00:30:00,2023-12-19
5955,2023-12-19 00:45:00,False,00:45:00,2023-12-19
5956,2023-12-19 01:00:00,False,01:00:00,2023-12-19
5957,2023-12-19 01:15:00,False,01:15:00,2023-12-19
5958,2023-12-19 01:30:00,False,01:30:00,2023-12-19
5959,2023-12-19 01:45:00,False,01:45:00,2023-12-19
5960,2023-12-19 02:00:00,False,02:00:00,2023-12-19
5961,2023-12-19 02:15:00,False,02:15:00,2023-12-19
5962,2023-12-19 02:30:00,False,02:30:00,2023-12-19
5963,2023-12-19 02:45:00,False,02:45:00,2023-12-19
5964,2023-12-19 03:00:00,False,03:00:00,2023-12-19
5965,2023-12-19 03:15:00,False,03:15:00,2023-12-19
5966,2023-12-19 03:30:00,False,03:30:00,2023-12-19
5967,2023-12-19 03:45:00,False,03:45:00,2023-12-19
5968,2023-12-19 04:00:00,False,04:00:00,2023-12-19
5969,2023-12-19 04:15:00,False,04:15:00,2023-12-19
5970,2023-12-19 04:30:00,False,04:30:00,2023-12-19
5971,2023-12-19 04:45:00,False,04:45:00,2023-12-19
5972,2023-12-19 05:00:00,False,05:00:00,2023-12-19
5973,2023-12-19 05:15:00,False,05:15:00,2023-12-19
5974,2023-12-19 05:30:00,False,05:30:00,2023-12-19
5975,2023-12-19 05:45:00,False,05:45:00,2023-12-19
5976,2023-12-19 06:00:00,False,06:00:00,2023-12-19
5977,2023-12-19 06:15:00,False,06:15:00,2023-12-19
5978,2023-12-19 06:30:00,False,06:30:00,2023-12-19
5979,2023-12-19 06:45:00,False,06:45:00,2023-12-19
5980,2023-12-19 07:00:00,False,07:00:00,2023-12-19
5981,2023-12-19 07:15:00,False,07:15:00,2023-12-19
5982,2023-12-19 07:30:00,False,07:30:00,2023-12-19
5983,2023-12-19 07:45:00,False,07:45:00,2023-12-19
5984,2023-12-19 08:00:00,False,08:00:00,2023-12-19
5985,2023-12-19 08:15:00,False,08:15:00,2023-12-19
5986,2023-12-19 08:30:00,False,08:30:00,2023-12-19
5987,2023-12-19 08:45:00,False,08:45:00,2023-12-19
5988,2023-12-19 09:00:00,False,09:00:00,2023-12-19
5989,2023-12-19 09:15:00,False,09:15:00,2023-12-19
5990,2023-12-19 09:30:00,False,09:30:00,2023-12-19
5991,2023-12-19 09:45:00,False,09:45:00,2023-12-19
5992,2023-12-19 10:00:00,False,10:00:00,2023-12-19
5993,2023-12-19 10:15:00,False,10:15:00,2023-12-19
5994,2023-12-19 10:30:00,False,10:30:00,2023-12-19
5995,2023-12-19 10:45:00,False,10:45:00,2023-12-19
5996,2023-12-19 11:00:00,False,11:00:00,2023-12-19
5997,2023-12-19 11:15:00,False,11:15:00,2023-12-19
5998,2023-12-19 11:30:00,False,11:30:00,2023-12-19
5999,2023-12-19 11:45:00,False,11:45:00,2023-12-19
6000,2023-12-19 12:00:00,False,12:00:00,2023-12-19
6001,2023-12-19 12:15:00,False,12:15:00,2023-12-19
6002,2023-12-19 12:30:00,False,12:30:00,2023-12-19
6003,2023-12-19 12:45:00,False,12:45:00,2023-12-19
6004,2023-12-19 13:00:00,False,13:00:00,2023-12-19
6005,2023-12-19 13:15:00,False,13:15:00,2023-12-19
6006,2023-12-19 13:30:00,False,13:30:00,2023-12-19
6007,2023-12-19 13:45:00,False,13:45:00,2023-12-19
6008,2023-12-19 14:00:00,False,14:00:00,2023-12-19
6009,2023-12-19 14:15:00,False,14:15:00,2023-12-19
6010,2023-12-19 14:30:00,False,14:30:00,2023-12-19
6011,2023-12-19 14:45:00,False,14:45:00,2023-12-19
6012,2023-12-19 15:00:00,False,15:00:00,2023-12-19
6013,2023-12-19 15:15:00,False,15:15:00,2023-12-19
6014,2023-12-19 15:30:00,False,15:30:00,2023-12-19
6015,2023-12-19 15:45:00,False,15:45:00,2023-12-19
6016,2023-12-19 16:00:00,False,16:00:00,2023-12-19
6017,2023-12-19 16:15:00,False,16:15:00,2023-12-19
6018,2023-12-19 16:30:00,False,16:30:00,2023-12-19
6019,2023-12-19 16:45:00,False,16:45:00,2023-12-19
6020,2023-12-19 17:00:00,False,17:00:00,2023-12-19
6021,2023-12-19 17:15:00,False,17:15:00,2023-12-19
6022,2023-12-19 17:30:00,False,17:30:00,2023-12-19
6023,2023-12-19 17:45:00,False,17:45:00,2023-12-19
6024,2023-12-19 18:00:00,False,18:00:00,2023-12-19
6025,2023-12-19 18:15:00,False,18:15:00,2023-12-19
6026,2023-12-19 18:30:00,False,18:30:00,2023-12-19
6027,2023-12-19 18:45:00,False,18:45:00,2023-12-19
6028,2023-12-19 19:00:00,False,19:00:00,2023-12-19
6029,2023-12-19 19:15:00,False,19:15:00,2023-12-19
6030,2023-12-19 19:30:00,False,19:30:00,2023-12-19
6031,2023-12-19 19:45:00,False,19:45:00,2023-12-19
6032,2023-12-19 20:00:00,False,20:00:00,2023-12-19
6033,2023-12-19 20:15:00,False,20:15:00,2023-12-19
6034,2023-12-19 20:30:00,False,20:30:00,2023-12-19
6035,2023-12-19 20:45:00,False,20:45:00,2023-12-19
6036,2023-12-19 21:00:00,False,21:00:00,2023-12-19
6037,2023-12-19 21:15:00,False,21:15:00,2023-12-19
6038,2023-12-19 21:30:00,False,21:30:00,2023-12-19
6039,2023-12-19 21:45:00,False,21:45:00,2023-12-19
6040,2023-12-19 22:00:00,False,22:00:00,2023-12-19
6041,2023-12-19 22:15:00,False,22:15:00,2023-12-19
6042,2023-12-19 22:30:00,False,22:30:00,2023-12-19
6043,2023-12-19 22:45:00,False,22:45:00,2023-12-19
6044,2023-12-19 23:00:00,False,23:00:00,2023-12-19
6045,2023-12-19 23:15:00,False,23:15:00,2023-12-19
6046,2023-12-19 23:30:00,False,23:30:00,2023-12-19
6047,2023-12-19 23:45:00,False,23:45:00,2023-12-19
6048,2023-12-20 00:00:00,False,00:00:00,2023-12-20
6049,2023-12-20 00:15:00,False,00:15:00,2023-12-20
6050,2023-12-20 00:30:00,False,00:30:00,2023-12-20
6051,2023-12-20 00:45:00,False,00:45:00,2023-12-20
6052,2023-12-20 01:00:00,False,01:00:00,2023-12-20
6053,2023-12-20 01:15:00,False,01:15:00,2023-12-20
6054,2023-12-20 01:30:00,False,01:30:00,2023-12-20
6055,2023-12-20 01:45:00,False,01:45:00,2023-12-20
6056,2023-12-20 02:00:00,False,02:00:00,2023-12-20
6057,2023-12-20 02:15:00,False,02:15:00,2023-12-20
6058,2023-12-20 02:30:00,False,02:30:00,2023-12-20
6059,2023-12-20 02:45:00,False,02:45:00,2023-12-20
6060,2023-12-20 03:00:00,False,03:00:00,2023-12-20
6061,2023-12-20 03:15:00,False,03:15:00,2023-12-20
6062,2023-12-20 03:30:00,False,03:30:00,2023-12-20
6063,2023-12-20 03:45:00,False,03:45:00,2023-12-20
6064,2023-12-20 04:00:00,False,04:00:00,2023-12-20
6065,2023-12-20 04:15:00,False,04:15:00,2023-12-20
6066,2023-12-20 04:30:00,False,04:30:00,2023-12-20
6067,2023-12-20 04:45:00,False,04:45:00,2023-12-20
6068,2023-12-20 05:00:00,False,05:00:00,2023-12-20
6069,2023-12-20 05:15:00,False,05:15:00,2023-12-20
6070,2023-12-20 05:30:00,False,05:30:00,2023-12-20
6071,2023-12-20 05:45:00,False,05:45:00,2023-12-20
6072,2023-12-20 06:00:00,False,06:00:00,2023-12-20
6073,2023-12-20 06:15:00,False,06:15:00,2023-12-20
6074,2023-12-20 06:30:00,False,06:30:00,2023-12-20
6075,2023-12-20 06:45:00,False,06:45:00,2023-12-20
6076,2023-12-20 07:00:00,False,07:00:00,2023-12-20
6077,2023-12-20 07:15:00,False,07:15:00,2023-12-20
6078,2023-12-20 07:30:00,False,07:30:00,2023-12-20
6079,2023-12-20 07:45:00,False,07:45:00,2023-12-20
6080,2023-12-20 08:00:00,False,08:00:00,2023-12-20
6081,2023-12-20 08:15:00,False,08:15:00,2023-12-20
6082,2023-12-20 08:30:00,False,08:30:00,2023-12-20
6083,2023-12-20 08:45:00,False,08:45:00,2023-12-20
6084,2023-12-20 09:00:00,False,09:00:00,2023-12-20
6085,2023-12-20 09:15:00,False,09:15:00,2023-12-20
6086,2023-12-20 09:30:00,False,09:30:00,2023-12-20
6087,2023-12-20 09:45:00,False,09:45:00,2023-12-20
6088,2023-12-20 10:00:00,False,10:00:00,2023-12-20
6089,2023-12-20 10:15:00,False,10:15:00,2023-12-20
6090,2023-12-20 10:30:00,False,10:30:00,2023-12-20
6091,2023-12-20 10:45:00,False,10:45:00,2023-12-20
6092,2023-12-20 11:00:00,False,11:00:00,2023-12-20
6093,2023-12-20 11:15:00,False,11:15:00,2023-12-20
6094,2023-12-20 11:30:00,False,11:30:00,2023-12-20
6095,2023-12-20 11:45:00,False,11:45:00,2023-12-20
6096,2023-12-20 12:00:00,False,12:00:00,2023-12-20
6097,2023-12-20 12:15:00,False,12:15:00,2023-12-20
6098,2023-12-20 12:30:00,False,12:30:00,2023-12-20
6099,2023-12-20 12:45:00,False,12:45:00,2023-12-20
6100,2023-12-20 13:00:00,False,13:00:00,2023-12-20
6101,2023-12-20 13:15:00,False,13:15:00,2023-12-20
6102,2023-12-20 13:30:00,False,13:30:00,2023-12-20
6103,2023-12-20 13:45:00,False,13:45:00,2023-12-20
6104,2023-12-20 14:00:00,False,14:00:00,2023-12-20
6105,2023-12-20 14:15:00,False,14:15:00,2023-12-20
6106,2023-12-20 14:30:00,False,14:30:00,2023-12-20
6107,2023-12-20 14:45:00,False,14:45:00,2023-12-20
6108,2023-12-20 15:00:00,False,15:00:00,2023-12-20
6109,2023-12-20 15:15:00,False,15:15:00,2023-12-20
6110,2023-12-20 15:30:00,False,15:30:00,2023-12-20
6111,2023-12-20 15:45:00,False,15:45:00,2023-12-20
6112,2023-12-20 16:00:00,False,16:00:00,2023-12-20
6113,2023-12-20 16:15:00,False,16:15:00,2023-12-20
6114,2023-12-20 16:30:00,False,16:30:00,2023-12-20
6115,2023-12-20 16:45:00,False,16:45:00,2023-12-20
6116,2023-12-20 17:00:00,False,17:00:00,2023-12-20
6117,2023-12-20 17:15:00,False,17:15:00,2023-12-20
6118,2023-12-20 17:30:00,False,17:30:00,2023-12-20
6119,2023-12-20 17:45:00,False,17:45:00,2023-12-20
6120,2023-12-20 18:00:00,False,18:00:00,2023-12-20
6121,2023-12-20 18:15:00,False,18:15:00,2023-12-20
6122,2023-12-20 18:30:00,False,18:30:00,2023-12-20
6123,2023-12-20 18:45:00,False,18:45:00,2023-12-20
6124,2023-12-20 19:00:00,False,19:00:00,2023-12-20
6125,2023-12-20 19:15:00,False,19:15:00,2023-12-20
6126,2023-12-20 19:30:00,False,19:30:00,2023-12-20
6127,2023-12-20 19:45:00,False,19:45:00,2023-12-20
6128,2023-12-20 20:00:00,False,20:00:00,2023-12-20
6129,2023-12-20 20:15:00,False,20:15:00,2023-12-20
6130,2023-12-20 20:30:00,False,20:30:00,2023-12-20
6131,2023-12-20 20:45:00,False,20:45:00,2023-12-20
6132,2023-12-20 21:00:00,False,21:00:00,2023-12-20
6133,2023-12-20 21:15:00,False,21:15:00,2023-12-20
6134,2023-12-20 21:30:00,False,21:30:00,2023-12-20
6135,2023-12-20 21:45:00,False,21:45:00,2023-12-20
6136,2023-12-20 22:00:00,False,22:00:00,2023-12-20
6137,2023-12-20 22:15:00,False,22:15:00,2023-12-20
6138,2023-12-20 22:30:00,False,22:30:00,2023-12-20
6139,2023-12-20 22:45:00,False,22:45:00,2023-12-20
6140,2023-12-20 23:00:00,False,23:00:00,2023-12-20
6141,2023-12-20 23:15:00,False,23:15:00,2023-12-20
6142,2023-12-20 23:30:00,False,23:30:00,2023-12-20
6143,2023-12-20 23:45:00,False,23:45:00,2023-12-20
6144,2023-12-21 00:00:00,False,00:00:00,2023-12-21
6145,2023-12-21 00:15:00,False,00:15:00,2023-12-21
6146,2023-12-21 00:30:00,False,00:30:00,2023-12-21
6147,2023-12-21 00:45:00,False,00:45:00,2023-12-21
6148,2023-12-21 01:00:00,False,01:00:00,2023-12-21
6149,2023-12-21 01:15:00,False,01:15:00,2023-12-21
6150,2023-12-21 01:30:00,False,01:30:00,2023-12-21
6151,2023-12-21 01:45:00,False,01:45:00,2023-12-21
6152,2023-12-21 02:00:00,False,02:00:00,2023-12-21
6153,2023-12-21 02:15:00,False,02:15:00,2023-12-21
6154,2023-12-21 02:30:00,False,02:30:00,2023-12-21
6155,2023-12-21 02:45:00,False,02:45:00,2023-12-21
6156,2023-12-21 03:00:00,False,03:00:00,2023-12-21
6157,2023-12-21 03:15:00,False,03:15:00,2023-12-21
6158,2023-12-21 03:30:00,False,03:30:00,2023-12-21
6159,2023-12-21 03:45:00,False,03:45:00,2023-12-21
6160,2023-12-21 04:00:00,False,04:00:00,2023-12-21
6161,2023-12-21 04:15:00,False,04:15:00,2023-12-21
6162,2023-12-21 04:30:00,False,04:30:00,2023-12-21
6163,2023-12-21 04:45:00,False,04:45:00,2023-12-21
6164,2023-12-21 05:00:00,False,05:00:00,2023-12-21
6165,2023-12-21 05:15:00,False,05:15:00,2023-12-21
6166,2023-12-21 05:30:00,False,05:30:00,2023-12-21
6167,2023-12-21 05:45:00,False,05:45:00,2023-12-21
6168,2023-12-21 06:00:00,False,06:00:00,2023-12-21
6169,2023-12-21 06:15:00,False,06:15:00,2023-12-21
6170,2023-12-21 06:30:00,False,06:30:00,2023-12-21
6171,2023-12-21 06:45:00,False,06:45:00,2023-12-21
6172,2023-12-21 07:00:00,False,07:00:00,2023-12-21
6173,2023-12-21 07:15:00,False,07:15:00,2023-12-21
6174,2023-12-21 07:30:00,False,07:30:00,2023-12-21
6175,2023-12-21 07:45:00,False,07:45:00,2023-12-21
6176,2023-12-21 08:00:00,False,08:00:00,2023-12-21
6177,2023-12-21 08:15:00,False,08:15:00,2023-12-21
6178,2023-12-21 08:30:00,False,08:30:00,2023-12-21
6179,2023-12-21 08:45:00,False,08:45:00,2023-12-21
6180,2023-12-21 09:00:00,False,09:00:00,2023-12-21
6181,2023-12-21 09:15:00,False,09:15:00,2023-12-21
6182,2023-12-21 09:30:00,False,09:30:00,2023-12-21
6183,2023-12-21 09:45:00,False,09:45:00,2023-12-21
6184,2023-12-21 10:00:00,False,10:00:00,2023-12-21
6185,2023-12-21 10:15:00,False,10:15:00,2023-12-21
6186,2023-12-21 10:30:00,False,10:30:00,2023-12-21
6187,2023-12-21 10:45:00,False,10:45:00,2023-12-21
6188,2023-12-21 11:00:00,False,11:00:00,2023-12-21
6189,2023-12-21 11:15:00,False,11:15:00,2023-12-21
6190,2023-12-21 11:30:00,False,11:30:00,2023-12-21
6191,2023-12-21 11:45:00,False,11:45:00,2023-12-21
6192,2023-12-21 12:00:00,False,12:00:00,2023-12-21
6193,2023-12-21 12:15:00,False,12:15:00,2023-12-21
6194,2023-12-21 12:30:00,False,12:30:00,2023-12-21
6195,2023-12-21 12:45:00,False,12:45:00,2023-12-21
6196,2023-12-21 13:00:00,False,13:00:00,2023-12-21
6197,2023-12-21 13:15:00,False,13:15:00,2023-12-21
6198,2023-12-21 13:30:00,False,13:30:00,2023-12-21
6199,2023-12-21 13:45:00,False,13:45:00,2023-12-21
6200,2023-12-21 14:00:00,False,14:00:00,2023-12-21
6201,2023-12-21 14:15:00,False,14:15:00,2023-12-21
6202,2023-12-21 14:30:00,False,14:30:00,2023-12-21
6203,2023-12-21 14:45:00,False,14:45:00,2023-12-21
6204,2023-12-21 15:00:00,False,15:00:00,2023-12-21
6205,2023-12-21 15:15:00,False,15:15:00,2023-12-21
6206,2023-12-21 15:30:00,False,15:30:00,2023-12-21
6207,2023-12-21 15:45:00,False,15:45:00,2023-12-21
6208,2023-12-21 16:00:00,False,16:00:00,2023-12-21
6209,2023-12-21 16:15:00,False,16:15:00,2023-12-21
6210,2023-12-21 16:30:00,False,16:30:00,2023-12-21
6211,2023-12-21 16:45:00,False,16:45:00,2023-12-21
6212,2023-12-21 17:00:00,False,17:00:00,2023-12-21
6213,2023-12-21 17:15:00,False,17:15:00,2023-12-21
6214,2023-12-21 17:30:00,False,17:30:00,2023-12-21
6215,2023-12-21 17:45:00,False,17:45:00,2023-12-21
6216,2023-12-21 18:00:00,False,18:00:00,2023-12-21
6217,2023-12-21 18:15:00,False,18:15:00,2023-12-21
6218,2023-12-21 18:30:00,False,18:30:00,2023-12-21
6219,2023-12-21 18:45:00,False,18:45:00,2023-12-21
6220,2023-12-21 19:00:00,False,19:00:00,2023-12-21
6221,2023-12-21 19:15:00,False,19:15:00,2023-12-21
6222,2023-12-21 19:30:00,False,19:30:00,2023-12-21
6223,2023-12-21 19:45:00,False,19:45:00,2023-12-21
6224,2023-12-21 20:00:00,False,20:00:00,2023-12-21
6225,2023-12-21 20:15:00,False,20:15:00,2023-12-21
6226,2023-12-21 20:30:00,False,20:30:00,2023-12-21
6227,2023-12-21 20:45:00,False,20:45:00,2023-12-21
6228,2023-12-21 21:00:00,False,21:00:00,2023-12-21
6229,2023-12-21 21:15:00,False,21:15:00,2023-12-21
6230,2023-12-21 21:30:00,False,21:30:00,2023-12-21
6231,2023-12-21 21:45:00,False,21:45:00,2023-12-21
6232,2023-12-21 22:00:00,False,22:00:00,2023-12-21
6233,2023-12-21 22:15:00,False,22:15:00,2023-12-21
6234,2023-12-21 22:30:00,False,22:30:00,2023-12-21
6235,2023-12-21 22:45:00,False,22:45:00,2023-12-21
6236,2023-12-21 23:00:00,False,23:00:00,2023-12-21
6237,2023-12-21 23:15:00,False,23:15:00,2023-12-21
6238,2023-12-21 23:30:00,False,23:30:00,2023-12-21
6239,2023-12-21 23:45:00,False,23:45:00,2023-12-21
6240,2023-12-22 00:00:00,False,00:00:00,2023-12-22
6241,2023-12-22 00:15:00,False,00:15:00,2023-12-22
6242,2023-12-22 00:30:00,False,00:30:00,2023-12-22
6243,2023-12-22 00:45:00,False,00:45:00,2023-12-22
6244,2023-12-22 01:00:00,False,01:00:00,2023-12-22
6245,2023-12-22 01:15:00,False,01:15:00,2023-12-22
6246,2023-12-22 01:30:00,False,01:30:00,2023-12-22
6247,2023-12-22 01:45:00,False,01:45:00,2023-12-22
6248,2023-12-22 02:00:00,False,02:00:00,2023-12-22
6249,2023-12-22 02:15:00,False,02:15:00,2023-12-22
6250,2023-12-22 02:30:00,False,02:30:00,2023-12-22
6251,2023-12-22 02:45:00,False,02:45:00,2023-12-22
6252,2023-12-22 03:00:00,False,03:00:00,2023-12-22
6253,2023-12-22 03:15:00,False,03:15:00,2023-12-22
6254,2023-12-22 03:30:00,False,03:30:00,2023-12-22
6255,2023-12-22 03:45:00,False,03:45:00,2023-12-22
6256,2023-12-22 04:00:00,False,04:00:00,2023-12-22
6257,2023-12-22 04:15:00,False,04:15:00,2023-12-22
6258,2023-12-22 04:30:00,False,04:30:00,2023-12-22
6259,2023-12-22 04:45:00,False,04:45:00,2023-12-22
6260,2023-12-22 05:00:00,False,05:00:00,2023-12-22
6261,2023-12-22 05:15:00,False,05:15:00,2023-12-22
6262,2023-12-22 05:30:00,False,05:30:00,2023-12-22
6263,2023-12-22 05:45:00,False,05:45:00,2023-12-22
6264,2023-12-22 06:00:00,False,06:00:00,2023-12-22
6265,2023-12-22 06:15:00,False,06:15:00,2023-12-22
6266,2023-12-22 06:30:00,False,06:30:00,2023-12-22
6267,2023-12-22 06:45:00,False,06:45:00,2023-12-22
6268,2023-12-22 07:00:00,False,07:00:00,2023-12-22
6269,2023-12-22 07:15:00,False,07:15:00,2023-12-22
6270,2023-12-22 07:30:00,False,07:30:00,2023-12-22
6271,2023-12-22 07:45:00,False,07:45:00,2023-12-22
6272,2023-12-22 08:00:00,False,08:00:00,2023-12-22
6273,2023-12-22 08:15:00,False,08:15:00,2023-12-22
6274,2023-12-22 08:30:00,False,08:30:00,2023-12-22
6275,2023-12-22 08:45:00,False,08:45:00,2023-12-22
6276,2023-12-22 09:00:00,False,09:00:00,2023-12-22
6277,2023-12-22 09:15:00,False,09:15:00,2023-12-22
6278,2023-12-22 09:30:00,True,09:30:00,2023-12-22
6279,2023-12-22 09:45:00,True,09:45:00,2023-12-22
6280,2023-12-22 10:00:00,True,10:00:00,2023-12-22
6281,2023-12-22 10:15:00,True,10:15:00,2023-12-22
6282,2023-12-22 10:30:00,True,10:30:00,2023-12-22
6283,2023-12-22 10:45:00,True,10:45:00,2023-12-22
6284,2023-12-22 11:00:00,True,11:00:00,2023-12-22
6285,2023-12-22 11:15:00,True,11:15:00,2023-12-22
6286,2023-12-22 11:30:00,True,11:30:00,2023-12-22
6287,2023-12-22 11:45:00,True,11:45:00,2023-12-22
6288,2023-12-22 12:00:00,True,12:00:00,2023-12-22
6289,2023-12-22 12:15:00,True,12:15:00,2023-12-22
6290,2023-12-22 12:30:00,False,12:30:00,2023-12-22
6291,2023-12-22 12:45:00,False,12:45:00,2023-12-22
6292,2023-12-22 13:00:00,False,13:00:00,2023-12-22
6293,2023-12-22 13:15:00,False,13:15:00,2023-12-22
6294,2023-12-22 13:30:00,False,13:30:00,2023-12-22
6295,2023-12-22 13:45:00,False,13:45:00,2023-12-22
6296,2023-12-22 14:00:00,False,14:00:00,2023-12-22
6297,2023-12-22 14:15:00,False,14:15:00,2023-12-22
6298,2023-12-22 14:30:00,False,14:30:00,2023-12-22
6299,2023-12-22 14:45:00,False,14:45:00,2023-12-22
6300,2023-12-22 15:00:00,False,15:00:00,2023-12-22
6301,2023-12-22 15:15:00,False,15:15:00,2023-12-22
6302,2023-12-22 15:30:00,False,15:30:00,2023-12-22
6303,2023-12-22 15:45:00,False,15:45:00,2023-12-22
6304,2023-12-22 16:00:00,False,16:00:00,2023-12-22
6305,2023-12-22 16:15:00,False,16:15:00,2023-12-22
6306,2023-12-22 16:30:00,False,16:30:00,2023-12-22
6307,2023-12-22 16:45:00,False,16:45:00,2023-12-22
6308,2023-12-22 17:00:00,False,17:00:00,2023-12-22
6309,2023-12-22 17:15:00,False,17:15:00,2023-12-22
6310,2023-12-22 17:30:00,False,17:30:00,2023-12-22
6311,2023-12-22 17:45:00,False,17:45:00,2023-12-22
6312,2023-12-22 18:00:00,False,18:00:00,2023-12-22
6313,2023-12-22 18:15:00,False,18:15:00,2023-12-22
6314,2023-12-22 18:30:00,False,18:30:00,2023-12-22
6315,2023-12-22 18:45:00,False,18:45:00,2023-12-22
6316,2023-12-22 19:00:00,False,19:00:00,2023-12-22
6317,2023-12-22 19:15:00,False,19:15:00,2023-12-22
6318,2023-12-22 19:30:00,False,19:30:00,2023-12-22
6319,2023-12-22 19:45:00,False,19:45:00,2023-12-22
6320,2023-12-22 20:00:00,False,20:00:00,2023-12-22
6321,2023-12-22 20:15:00,False,20:15:00,2023-12-22
6322,2023-12-22 20:30:00,False,20:30:00,2023-12-22
6323,2023-12-22 20:45:00,False,20:45:00,2023-12-22
6324,2023-12-22 21:00:00,False,21:00:00,2023-12-22
6325,2023-12-22 21:15:00,False,21:15:00,2023-12-22
6326,2023-12-22 21:30:00,False,21:30:00,2023-12-22
6327,2023-12-22 21:45:00,False,21:45:00,2023-12-22
6328,2023-12-22 22:00:00,False,22:00:00,2023-12-22
6329,2023-12-22 22:15:00,False,22:15:00,2023-12-22
6330,2023-12-22 22:30:00,False,22:30:00,2023-12-22
6331,2023-12-22 22:45:00,False,22:45:00,2023-12-22
6332,2023-12-22 23:00:00,False,23:00:00,2023-12-22
6333,2023-12-22 23:15:00,False,23:15:00,2023-12-22
6334,2023-12-22 23:30:00,False,23:30:00,2023-12-22
6335,2023-12-22 23:45:00,False,23:45:00,2023-12-22
6336,2023-12-23 00:00:00,False,00:00:00,2023-12-23
6337,2023-12-23 00:15:00,False,00:15:00,2023-12-23
6338,2023-12-23 00:30:00,False,00:30:00,2023-12-23
6339,2023-12-23 00:45:00,False,00:45:00,2023-12-23
6340,2023-12-23 01:00:00,False,01:00:00,2023-12-23
6341,2023-12-23 01:15:00,False,01:15:00,2023-12-23
6342,2023-12-23 01:30:00,False,01:30:00,2023-12-23
6343,2023-12-23 01:45:00,False,01:45:00,2023-12-23
6344,2023-12-23 02:00:00,False,02:00:00,2023-12-23
6345,2023-12-23 02:15:00,False,02:15:00,2023-12-23
6346,2023-12-23 02:30:00,False,02:30:00,2023-12-23
6347,2023-12-23 02:45:00,False,02:45:00,2023-12-23
6348,2023-12-23 03:00:00,False,03:00:00,2023-12-23
6349,2023-12-23 03:15:00,False,03:15:00,2023-12-23
6350,2023-12-23 03:30:00,False,03:30:00,2023-12-23
6351,2023-12-23 03:45:00,False,03:45:00,2023-12-23
6352,2023-12-23 04:00:00,False,04:00:00,2023-12-23
6353,2023-12-23 04:15:00,False,04:15:00,2023-12-23
6354,2023-12-23 04:30:00,False,04:30:00,2023-12-23
6355,2023-12-23 04:45:00,False,04:45:00,2023-12-23
6356,2023-12-23 05:00:00,False,05:00:00,2023-12-23
6357,2023-12-23 05:15:00,False,05:15:00,2023-12-23
6358,2023-12-23 05:30:00,False,05:30:00,2023-12-23
6359,2023-12-23 05:45:00,False,05:45:00,2023-12-23
6360,2023-12-23 06:00:00,False,06:00:00,2023-12-23
6361,2023-12-23 06:15:00,False,06:15:00,2023-12-23
6362,2023-12-23 06:30:00,False,06:30:00,2023-12-23
6363,2023-12-23 06:45:00,False,06:45:00,2023-12-23
6364,2023-12-23 07:00:00,False,07:00:00,2023-12-23
6365,2023-12-23 07:15:00,False,07:15:00,2023-12-23
6366,2023-12-23 07:30:00,False,07:30:00,2023-12-23
6367,2023-12-23 07:45:00,False,07:45:00,2023-12-23
6368,2023-12-23 08:00:00,False,08:00:00,2023-12-23
6369,2023-12-23 08:15:00,False,08:15:00,2023-12-23
6370,2023-12-23 08:30:00,False,08:30:00,2023-12-23
6371,2023-12-23 08:45:00,False,08:45:00,2023-12-23
6372,2023-12-23 09:00:00,False,09:00:00,2023-12-23
6373,2023-12-23 09:15:00,False,09:15:00,2023-12-23
6374,2023-12-23 09:30:00,False,09:30:00,2023-12-23
6375,2023-12-23 09:45:00,False,09:45:00,2023-12-23
6376,2023-12-23 10:00:00,False,10:00:00,2023-12-23
6377,2023-12-23 10:15:00,False,10:15:00,2023-12-23
6378,2023-12-23 10:30:00,False,10:30:00,2023-12-23
6379,2023-12-23 10:45:00,False,10:45:00,2023-12-23
6380,2023-12-23 11:00:00,False,11:00:00,2023-12-23
6381,2023-12-23 11:15:00,False,11:15:00,2023-12-23
6382,2023-12-23 11:30:00,False,11:30:00,2023-12-23
6383,2023-12-23 11:45:00,False,11:45:00,2023-12-23
6384,2023-12-23 12:00:00,False,12:00:00,2023-12-23
6385,2023-12-23 12:15:00,False,12:15:00,2023-12-23
6386,2023-12-23 12:30:00,False,12:30:00,2023-12-23
6387,2023-12-23 12:45:00,False,12:45:00,2023-12-23
6388,2023-12-23 13:00:00,False,13:00:00,2023-12-23
6389,2023-12-23 13:15:00,False,13:15:00,2023-12-23
6390,2023-12-23 13:30:00,False,13:30:00,2023-12-23
6391,2023-12-23 13:45:00,False,13:45:00,2023-12-23
6392,2023-12-23 14:00:00,False,14:00:00,2023-12-23
6393,2023-12-23 14:15:00,False,14:15:00,2023-12-23
6394,2023-12-23 14:30:00,False,14:30:00,2023-12-23
6395,2023-12-23 14:45:00,False,14:45:00,2023-12-23
6396,2023-12-23 15:00:00,False,15:00:00,2023-12-23
6397,2023-12-23 15:15:00,False,15:15:00,2023-12-23
6398,2023-12-23 15:30:00,False,15:30:00,2023-12-23
6399,2023-12-23 15:45:00,False,15:45:00,2023-12-23
6400,2023-12-23 16:00:00,False,16:00:00,2023-12-23
6401,2023-12-23 16:15:00,False,16:15:00,2023-12-23
6402,2023-12-23 16:30:00,False,16:30:00,2023-12-23
6403,2023-12-23 16:45:00,False,16:45:00,2023-12-23
6404,2023-12-23 17:00:00,False,17:00:00,2023-12-23
6405,2023-12-23 17:15:00,False,17:15:00,2023-12-23
6406,2023-12-23 17:30:00,False,17:30:00,2023-12-23
6407,2023-12-23 17:45:00,False,17:45:00,2023-12-23
6408,2023-12-23 18:00:00,False,18:00:00,2023-12-23
6409,2023-12-23 18:15:00,False,18:15:00,2023-12-23
6410,2023-12-23 18:30:00,False,18:30:00,2023-12-23
6411,2023-12-23 18:45:00,False,18:45:00,2023-12-23
6412,2023-12-23 19:00:00,True,19:00:00,2023-12-23
6413,2023-12-23 19:15:00,True,19:15:00,2023-12-23
6414,2023-12-23 19:30:00,True,19:30:00,2023-12-23
6415,2023-12-23 19:45:00,True,19:45:00,2023-12-23
6416,2023-12-23 20:00:00,True,20:00:00,2023-12-23
6417,2023-12-23 20:15:00,True,20:15:00,2023-12-23
6418,2023-12-23 20:30:00,True,20:30:00,2023-12-23
6419,2023-12-23 20:45:00,True,20:45:00,2023-12-23
6420,2023-12-23 21:00:00,True,21:00:00,2023-12-23
6421,2023-12-23 21:15:00,True,21:15:00,2023-12-23
6422,2023-12-23 21:30:00,True,21:30:00,2023-12-23
6423,2023-12-23 21:45:00,True,21:45:00,2023-12-23
6424,2023-12-23 22:00:00,True,22:00:00,2023-12-23
6425,2023-12-23 22:15:00,True,22:15:00,2023-12-23
6426,2023-12-23 22:30:00,True,22:30:00,2023-12-23
6427,2023-12-23 22:45:00,True,22:45:00,2023-12-23
6428,2023-12-23 23:00:00,True,23:00:00,2023-12-23
6429,2023-12-23 23:15:00,True,23:15:00,2023-12-23
6430,2023-12-23 23:30:00,True,23:30:00,2023-12-23
6431,2023-12-23 23:45:00,True,23:45:00,2023-12-23
6432,2023-12-24 00:00:00,True,00:00:00,2023-12-24
6433,2023-12-24 00:15:00,True,00:15:00,2023-12-24
6434,2023-12-24 00:30:00,True,00:30:00,2023-12-24
6435,2023-12-24 00:45:00,True,00:45:00,2023-12-24
6436,2023-12-24 01:00:00,True,01:00:00,2023-12-24
6437,2023-12-24 01:15:00,True,01:15:00,2023-12-24
6438,2023-12-24 01:30:00,True,01:30:00,2023-12-24
6439,2023-12-24 01:45:00,True,01:45:00,2023-12-24
6440,2023-12-24 02:00:00,True,02:00:00,2023-12-24
6441,2023-12-24 02:15:00,True,02:15:00,2023-12-24
6442,2023-12-24 02:30:00,True,02:30:00,2023-12-24
6443,2023-12-24 02:45:00,True,02:45:00,2023-12-24
6444,2023-12-24 03:00:00,True,03:00:00,2023-12-24
6445,2023-12-24 03:15:00,True,03:15:00,2023-12-24
6446,2023-12-24 03:30:00,True,03:30:00,2023-12-24
6447,2023-12-24 03:45:00,True,03:45:00,2023-12-24
6448,2023-12-24 04:00:00,True,04:00:00,2023-12-24
6449,2023-12-24 04:15:00,True,04:15:00,2023-12-24
6450,2023-12-24 04:30:00,True,04:30:00,2023-12-24
6451,2023-12-24 04:45:00,True,04:45:00,2023-12-24
6452,2023-12-24 05:00:00,True,05:00:00,2023-12-24
6453,2023-12-24 05:15:00,True,05:15:00,2023-12-24
6454,2023-12-24 05:30:00,True,05:30:00,2023-12-24
6455,2023-12-24 05:45:00,True,05:45:00,2023-12-24
6456,2023-12-24 06:00:00,True,06:00:00,2023-12-24
6457,2023-12-24 06:15:00,True,06:15:00,2023-12-24
6458,2023-12-24 06:30:00,True,06:30:00,2023-12-24
6459,2023-12-24 06:45:00,True,06:45:00,2023-12-24
6460,2023-12-24 07:00:00,True,07:00:00,2023-12-24
6461,2023-12-24 07:15:00,True,07:15:00,2023-12-24
6462,2023-12-24 07:30:00,True,07:30:00,2023-12-24
6463,2023-12-24 07:45:00,True,07:45:00,2023-12-24
6464,2023-12-24 08:00:00,True,08:00:00,2023-12-24
6465,2023-12-24 08:15:00,True,08:15:00,2023-12-24
6466,2023-12-24 08:30:00,True,08:30:00,2023-12-24
6467,2023-12-24 08:45:00,True,08:45:00,2023-12-24
6468,2023-12-24 09:00:00,True,09:00:00,2023-12-24
6469,2023-12-24 09:15:00,True,09:15:00,2023-12-24
6470,2023-12-24 09:30:00,True,09:30:00,2023-12-24
6471,2023-12-24 09:45:00,True,09:45:00,2023-12-24
6472,2023-12-24 10:00:00,True,10:00:00,2023-12-24
6473,2023-12-24 10:15:00,True,10:15:00,2023-12-24
6474,2023-12-24 10:30:00,True,10:30:00,2023-12-24
6475,2023-12-24 10:45:00,True,10:45:00,2023-12-24
6476,2023-12-24 11:00:00,True,11:00:00,2023-12-24
6477,2023-12-24 11:15:00,True,11:15:00,2023-12-24
6478,2023-12-24 11:30:00,True,11:30:00,2023-12-24
6479,2023-12-24 11:45:00,True,11:45:00,2023-12-24
6480,2023-12-24 12:00:00,True,12:00:00,2023-12-24
6481,2023-12-24 12:15:00,True,12:15:00,2023-12-24
6482,2023-12-24 12:30:00,True,12:30:00,2023-12-24
6483,2023-12-24 12:45:00,True,12:45:00,2023-12-24
6484,2023-12-24 13:00:00,True,13:00:00,2023-12-24
6485,2023-12-24 13:15:00,True,13:15:00,2023-12-24
6486,2023-12-24 13:30:00,True,13:30:00,2023-12-24
6487,2023-12-24 13:45:00,True,13:45:00,2023-12-24
6488,2023-12-24 14:00:00,True,14:00:00,2023-12-24
6489,2023-12-24 14:15:00,True,14:15:00,2023-12-24
6490,2023-12-24 14:30:00,True,14:30:00,2023-12-24
6491,2023-12-24 14:45:00,True,14:45:00,2023-12-24
6492,2023-12-24 15:00:00,True,15:00:00,2023-12-24
6493,2023-12-24 15:15:00,True,15:15:00,2023-12-24
6494,2023-12-24 15:30:00,True,15:30:00,2023-12-24
6495,2023-12-24 15:45:00,True,15:45:00,2023-12-24
6496,2023-12-24 16:00:00,True,16:00:00,2023-12-24
6497,2023-12-24 16:15:00,True,16:15:00,2023-12-24
6498,2023-12-24 16:30:00,True,16:30:00,2023-12-24
6499,2023-12-24 16:45:00,True,16:45:00,2023-12-24
6500,2023-12-24 17:00:00,True,17:00:00,2023-12-24
6501,2023-12-24 17:15:00,True,17:15:00,2023-12-24
6502,2023-12-24 17:30:00,True,17:30:00,2023-12-24
6503,2023-12-24 17:45:00,True,17:45:00,2023-12-24
6504,2023-12-24 18:00:00,True,18:00:00,2023-12-24
6505,2023-12-24 18:15:00,True,18:15:00,2023-12-24
6506,2023-12-24 18:30:00,True,18:30:00,2023-12-24
6507,2023-12-24 18:45:00,True,18:45:00,2023-12-24
6508,2023-12-24 19:00:00,True,19:00:00,2023-12-24
6509,2023-12-24 19:15:00,True,19:15:00,2023-12-24
6510,2023-12-24 19:30:00,True,19:30:00,2023-12-24
6511,2023-12-24 19:45:00,True,19:45:00,2023-12-24
6512,2023-12-24 20:00:00,True,20:00:00,2023-12-24
6513,2023-12-24 20:15:00,True,20:15:00,2023-12-24
6514,2023-12-24 20:30:00,True,20:30:00,2023-12-24
6515,2023-12-24 20:45:00,True,20:45:00,2023-12-24
6516,2023-12-24 21:00:00,True,21:00:00,2023-12-24
6517,2023-12-24 21:15:00,True,21:15:00,2023-12-24
6518,2023-12-24 21:30:00,True,21:30:00,2023-12-24
6519,2023-12-24 21:45:00,True,21:45:00,2023-12-24
6520,2023-12-24 22:00:00,True,22:00:00,2023-12-24
6521,2023-12-24 22:15:00,True,22:15:00,2023-12-24
6522,2023-12-24 22:30:00,True,22:30:00,2023-12-24
6523,2023-12-24 22:45:00,True,22:45:00,2023-12-24
6524,2023-12-24 23:00:00,True,23:00:00,2023-12-24
6525,2023-12-24 23:15:00,True,23:15:00,2023-12-24
6526,2023-12-24 23:30:00,True,23:30:00,2023-12-24
6527,2023-12-24 23:45:00,True,23:45:00,2023-12-24
6528,2023-12-25 00:00:00,True,00:00:00,2023-12-25
6529,2023-12-25 00:15:00,True,00:15:00,2023-12-25
6530,2023-12-25 00:30:00,True,00:30:00,2023-12-25
6531,2023-12-25 00:45:00,True,00:45:00,2023-12-25
6532,2023-12-25 01:00:00,True,01:00:00,2023-12-25
6533,2023-12-25 01:15:00,True,01:15:00,2023-12-25
6534,2023-12-25 01:30:00,True,01:30:00,2023-12-25
6535,2023-12-25 01:45:00,True,01:45:00,2023-12-25
6536,2023-12-25 02:00:00,True,02:00:00,2023-12-25
6537,2023-12-25 02:15:00,True,02:15:00,2023-12-25
6538,2023-12-25 02:30:00,True,02:30:00,2023-12-25
6539,2023-12-25 02:45:00,True,02:45:00,2023-12-25
6540,2023-12-25 03:00:00,True,03:00:00,2023-12-25
6541,2023-12-25 03:15:00,True,03:15:00,2023-12-25
6542,2023-12-25 03:30:00,True,03:30:00,2023-12-25
6543,2023-12-25 03:45:00,True,03:45:00,2023-12-25
6544,2023-12-25 04:00:00,True,04:00:00,2023-12-25
6545,2023-12-25 04:15:00,True,04:15:00,2023-12-25
6546,2023-12-25 04:30:00,True,04:30:00,2023-12-25
6547,2023-12-25 04:45:00,True,04:45:00,2023-12-25
6548,2023-12-25 05:00:00,True,05:00:00,2023-12-25
6549,2023-12-25 05:15:00,True,05:15:00,2023-12-25
6550,2023-12-25 05:30:00,True,05:30:00,2023-12-25
6551,2023-12-25 05:45:00,True,05:45:00,2023-12-25
6552,2023-12-25 06:00:00,True,06:00:00,2023-12-25
6553,2023-12-25 06:15:00,True,06:15:00,2023-12-25
6554,2023-12-25 06:30:00,True,06:30:00,2023-12-25
6555,2023-12-25 06:45:00,True,06:45:00,2023-12-25
6556,2023-12-25 07:00:00,True,07:00:00,2023-12-25
6557,2023-12-25 07:15:00,True,07:15:00,2023-12-25
6558,2023-12-25 07:30:00,True,07:30:00,2023-12-25
6559,2023-12-25 07:45:00,True,07:45:00,2023-12-25
6560,2023-12-25 08:00:00,True,08:00:00,2023-12-25
6561,2023-12-25 08:15:00,True,08:15:00,2023-12-25
6562,2023-12-25 08:30:00,True,08:30:00,2023-12-25
6563,2023-12-25 08:45:00,True,08:45:00,2023-12-25
6564,2023-12-25 09:00:00,True,09:00:00,2023-12-25
6565,2023-12-25 09:15:00,True,09:15:00,2023-12-25
6566,2023-12-25 09:30:00,True,09:30:00,2023-12-25
6567,2023-12-25 09:45:00,True,09:45:00,2023-12-25
6568,2023-12-25 10:00:00,True,10:00:00,2023-12-25
6569,2023-12-25 10:15:00,True,10:15:00,2023-12-25
6570,2023-12-25 10:30:00,True,10:30:00,2023-12-25
6571,2023-12-25 10:45:00,True,10:45:00,2023-12-25
6572,2023-12-25 11:00:00,True,11:00:00,2023-12-25
6573,2023-12-25 11:15:00,True,11:15:00,2023-12-25
6574,2023-12-25 11:30:00,True,11:30:00,2023-12-25
6575,2023-12-25 11:45:00,True,11:45:00,2023-12-25
6576,2023-12-25 12:00:00,True,12:00:00,2023-12-25
6577,2023-12-25 12:15:00,True,12:15:00,2023-12-25
6578,2023-12-25 12:30:00,True,12:30:00,2023-12-25
6579,2023-12-25 12:45:00,True,12:45:00,2023-12-25
6580,2023-12-25 13:00:00,True,13:00:00,2023-12-25
6581,2023-12-25 13:15:00,True,13:15:00,2023-12-25
6582,2023-12-25 13:30:00,True,13:30:00,2023-12-25
6583,2023-12-25 13:45:00,True,13:45:00,2023-12-25
6584,2023-12-25 14:00:00,True,14:00:00,2023-12-25
6585,2023-12-25 14:15:00,True,14:15:00,2023-12-25
6586,2023-12-25 14:30:00,True,14:30:00,2023-12-25
6587,2023-12-25 14:45:00,True,14:45:00,2023-12-25
6588,2023-12-25 15:00:00,True,15:00:00,2023-12-25
6589,2023-12-25 15:15:00,True,15:15:00,2023-12-25
6590,2023-12-25 15:30:00,True,15:30:00,2023-12-25
6591,2023-12-25 15:45:00,True,15:45:00,2023-12-25
6592,2023-12-25 16:00:00,True,16:00:00,2023-12-25
6593,2023-12-25 16:15:00,True,16:15:00,2023-12-25
6594,2023-12-25 16:30:00,True,16:30:00,2023-12-25
6595,2023-12-25 16:45:00,True,16:45:00,2023-12-25
6596,2023-12-25 17:00:00,True,17:00:00,2023-12-25
6597,2023-12-25 17:15:00,True,17:15:00,2023-12-25
6598,2023-12-25 17:30:00,True,17:30:00,2023-12-25
6599,2023-12-25 17:45:00,True,17:45:00,2023-12-25
6600,2023-12-25 18:00:00,True,18:00:00,2023-12-25
6601,2023-12-25 18:15:00,True,18:15:00,2023-12-25
6602,2023-12-25 18:30:00,True,18:30:00,2023-12-25
6603,2023-12-25 18:45:00,True,18:45:00,2023-12-25
6604,2023-12-25 19:00:00,True,19:00:00,2023-12-25
6605,2023-12-25 19:15:00,True,19:15:00,2023-12-25
6606,2023-12-25 19:30:00,True,19:30:00,2023-12-25
6607,2023-12-25 19:45:00,True,19:45:00,2023-12-25
6608,2023-12-25 20:00:00,True,20:00:00,2023-12-25
6609,2023-12-25 20:15:00,True,20:15:00,2023-12-25
6610,2023-12-25 20:30:00,True,20:30:00,2023-12-25
6611,2023-12-25 20:45:00,True,20:45:00,2023-12-25
6612,2023-12-25 21:00:00,True,21:00:00,2023-12-25
6613,2023-12-25 21:15:00,True,21:15:00,2023-12-25
6614,2023-12-25 21:30:00,False,21:30:00,2023-12-25
6615,2023-12-25 21:45:00,False,21:45:00,2023-12-25
6616,2023-12-25 22:00:00,False,22:00:00,2023-12-25
6617,2023-12-25 22:15:00,False,22:15:00,2023-12-25
6618,2023-12-25 22:30:00,False,22:30:00,2023-12-25
6619,2023-12-25 22:45:00,False,22:45:00,2023-12-25
6620,2023-12-25 23:00:00,False,23:00:00,2023-12-25
6621,2023-12-25 23:15:00,False,23:15:00,2023-12-25
6622,2023-12-25 23:30:00,False,23:30:00,2023-12-25
6623,2023-12-25 23:45:00,False,23:45:00,2023-12-25
6624,2023-12-26 00:00:00,False,00:00:00,2023-12-26
6625,2023-12-26 00:15:00,False,00:15:00,2023-12-26
6626,2023-12-26 00:30:00,False,00:30:00,2023-12-26
6627,2023-12-26 00:45:00,False,00:45:00,2023-12-26
6628,2023-12-26 01:00:00,False,01:00:00,2023-12-26
6629,2023-12-26 01:15:00,False,01:15:00,2023-12-26
6630,2023-12-26 01:30:00,False,01:30:00,2023-12-26
6631,2023-12-26 01:45:00,False,01:45:00,2023-12-26
6632,2023-12-26 02:00:00,False,02:00:00,2023-12-26
6633,2023-12-26 02:15:00,False,02:15:00,2023-12-26
6634,2023-12-26 02:30:00,False,02:30:00,2023-12-26
6635,2023-12-26 02:45:00,False,02:45:00,2023-12-26
6636,2023-12-26 03:00:00,False,03:00:00,2023-12-26
6637,2023-12-26 03:15:00,False,03:15:00,2023-12-26
6638,2023-12-26 03:30:00,False,03:30:00,2023-12-26
6639,2023-12-26 03:45:00,False,03:45:00,2023-12-26
6640,2023-12-26 04:00:00,False,04:00:00,2023-12-26
6641,2023-12-26 04:15:00,False,04:15:00,2023-12-26
6642,2023-12-26 04:30:00,False,04:30:00,2023-12-26
6643,2023-12-26 04:45:00,False,04:45:00,2023-12-26
6644,2023-12-26 05:00:00,False,05:00:00,2023-12-26
6645,2023-12-26 05:15:00,False,05:15:00,2023-12-26
6646,2023-12-26 05:30:00,False,05:30:00,2023-12-26
6647,2023-12-26 05:45:00,False,05:45:00,2023-12-26
6648,2023-12-26 06:00:00,False,06:00:00,2023-12-26
6649,2023-12-26 06:15:00,False,06:15:00,2023-12-26
6650,2023-12-26 06:30:00,False,06:30:00,2023-12-26
6651,2023-12-26 06:45:00,False,06:45:00,2023-12-26
6652,2023-12-26 07:00:00,False,07:00:00,2023-12-26
6653,2023-12-26 07:15:00,False,07:15:00,2023-12-26
6654,2023-12-26 07:30:00,False,07:30:00,2023-12-26
6655,2023-12-26 07:45:00,False,07:45:00,2023-12-26
6656,2023-12-26 08:00:00,False,08:00:00,2023-12-26
6657,2023-12-26 08:15:00,False,08:15:00,2023-12-26
6658,2023-12-26 08:30:00,False,08:30:00,2023-12-26
6659,2023-12-26 08:45:00,False,08:45:00,2023-12-26
6660,2023-12-26 09:00:00,False,09:00:00,2023-12-26
6661,2023-12-26 09:15:00,False,09:15:00,2023-12-26
6662,2023-12-26 09:30:00,False,09:30:00,2023-12-26
6663,2023-12-26 09:45:00,False,09:45:00,2023-12-26
6664,2023-12-26 10:00:00,False,10:00:00,2023-12-26
6665,2023-12-26 10:15:00,False,10:15:00,2023-12-26
6666,2023-12-26 10:30:00,False,10:30:00,2023-12-26
6667,2023-12-26 10:45:00,False,10:45:00,2023-12-26
6668,2023-12-26 11:00:00,False,11:00:00,2023-12-26
6669,2023-12-26 11:15:00,False,11:15:00,2023-12-26
6670,2023-12-26 11:30:00,False,11:30:00,2023-12-26
6671,2023-12-26 11:45:00,False,11:45:00,2023-12-26
6672,2023-12-26 12:00:00,False,12:00:00,2023-12-26
6673,2023-12-26 12:15:00,False,12:15:00,2023-12-26
6674,2023-12-26 12:30:00,False,12:30:00,2023-12-26
6675,2023-12-26 12:45:00,False,12:45:00,2023-12-26
6676,2023-12-26 13:00:00,False,13:00:00,2023-12-26
6677,2023-12-26 13:15:00,False,13:15:00,2023-12-26
6678,2023-12-26 13:30:00,False,13:30:00,2023-12-26
6679,2023-12-26 13:45:00,False,13:45:00,2023-12-26
6680,2023-12-26 14:00:00,False,14:00:00,2023-12-26
6681,2023-12-26 14:15:00,False,14:15:00,2023-12-26
6682,2023-12-26 14:30:00,False,14:30:00,2023-12-26
6683,2023-12-26 14:45:00,False,14:45:00,2023-12-26
6684,2023-12-26 15:00:00,False,15:00:00,2023-12-26
6685,2023-12-26 15:15:00,False,15:15:00,2023-12-26
6686,2023-12-26 15:30:00,False,15:30:00,2023-12-26
6687,2023-12-26 15:45:00,False,15:45:00,2023-12-26
6688,2023-12-26 16:00:00,False,16:00:00,2023-12-26
6689,2023-12-26 16:15:00,False,16:15:00,2023-12-26
6690,2023-12-26 16:30:00,False,16:30:00,2023-12-26
6691,2023-12-26 16:45:00,False,16:45:00,2023-12-26
6692,2023-12-26 17:00:00,False,17:00:00,2023-12-26
6693,2023-12-26 17:15:00,False,17:15:00,2023-12-26
6694,2023-12-26 17:30:00,False,17:30:00,2023-12-26
6695,2023-12-26 17:45:00,False,17:45:00,2023-12-26
6696,2023-12-26 18:00:00,False,18:00:00,2023-12-26
6697,2023-12-26 18:15:00,False,18:15:00,2023-12-26
6698,2023-12-26 18:30:00,False,18:30:00,2023-12-26
6699,2023-12-26 18:45:00,False,18:45:00,2023-12-26
6700,2023-12-26 19:00:00,False,19:00:00,2023-12-26
6701,2023-12-26 19:15:00,False,19:15:00,2023-12-26
6702,2023-12-26 19:30:00,False,19:30:00,2023-12-26
6703,2023-12-26 19:45:00,False,19:45:00,2023-12-26
6704,2023-12-26 20:00:00,False,20:00:00,2023-12-26
6705,2023-12-26 20:15:00,False,20:15:00,2023-12-26
6706,2023-12-26 20:30:00,False,20:30:00,2023-12-26
6707,2023-12-26 20:45:00,False,20:45:00,2023-12-26
6708,2023-12-26 21:00:00,False,21:00:00,2023-12-26
6709,2023-12-26 21:15:00,False,21:15:00,2023-12-26
6710,2023-12-26 21:30:00,False,21:30:00,2023-12-26
6711,2023-12-26 21:45:00,False,21:45:00,2023-12-26
6712,2023-12-26 22:00:00,False,22:00:00,2023-12-26
6713,2023-12-26 22:15:00,False,22:15:00,2023-12-26
6714,2023-12-26 22:30:00,False,22:30:00,2023-12-26
6715,2023-12-26 22:45:00,False,22:45:00,2023-12-26
6716,2023-12-26 23:00:00,False,23:00:00,2023-12-26
6717,2023-12-26 23:15:00,False,23:15:00,2023-12-26
6718,2023-12-26 23:30:00,False,23:30:00,2023-12-26
6719,2023-12-26 23:45:00,False,23:45:00,2023-12-26
6720,2023-12-27 00:00:00,False,00:00:00,2023-12-27
6721,2023-12-27 00:15:00,False,00:15:00,2023-12-27
6722,2023-12-27 00:30:00,False,00:30:00,2023-12-27
6723,2023-12-27 00:45:00,False,00:45:00,2023-12-27
6724,2023-12-27 01:00:00,False,01:00:00,2023-12-27
6725,2023-12-27 01:15:00,False,01:15:00,2023-12-27
6726,2023-12-27 01:30:00,False,01:30:00,2023-12-27
6727,2023-12-27 01:45:00,False,01:45:00,2023-12-27
6728,2023-12-27 02:00:00,False,02:00:00,2023-12-27
6729,2023-12-27 02:15:00,False,02:15:00,2023-12-27
6730,2023-12-27 02:30:00,False,02:30:00,2023-12-27
6731,2023-12-27 02:45:00,False,02:45:00,2023-12-27
6732,2023-12-27 03:00:00,False,03:00:00,2023-12-27
6733,2023-12-27 03:15:00,False,03:15:00,2023-12-27
6734,2023-12-27 03:30:00,False,03:30:00,2023-12-27
6735,2023-12-27 03:45:00,False,03:45:00,2023-12-27
6736,2023-12-27 04:00:00,False,04:00:00,2023-12-27
6737,2023-12-27 04:15:00,False,04:15:00,2023-12-27
6738,2023-12-27 04:30:00,False,04:30:00,2023-12-27
6739,2023-12-27 04:45:00,False,04:45:00,2023-12-27
6740,2023-12-27 05:00:00,False,05:00:00,2023-12-27
6741,2023-12-27 05:15:00,False,05:15:00,2023-12-27
6742,2023-12-27 05:30:00,False,05:30:00,2023-12-27
6743,2023-12-27 05:45:00,False,05:45:00,2023-12-27
6744,2023-12-27 06:00:00,False,06:00:00,2023-12-27
6745,2023-12-27 06:15:00,False,06:15:00,2023-12-27
6746,2023-12-27 06:30:00,False,06:30:00,2023-12-27
6747,2023-12-27 06:45:00,False,06:45:00,2023-12-27
6748,2023-12-27 07:00:00,False,07:00:00,2023-12-27
6749,2023-12-27 07:15:00,False,07:15:00,2023-12-27
6750,2023-12-27 07:30:00,False,07:30:00,2023-12-27
6751,2023-12-27 07:45:00,False,07:45:00,2023-12-27
6752,2023-12-27 08:00:00,False,08:00:00,2023-12-27
6753,2023-12-27 08:15:00,False,08:15:00,2023-12-27
6754,2023-12-27 08:30:00,False,08:30:00,2023-12-27
6755,2023-12-27 08:45:00,False,08:45:00,2023-12-27
6756,2023-12-27 09:00:00,False,09:00:00,2023-12-27
6757,2023-12-27 09:15:00,False,09:15:00,2023-12-27
6758,2023-12-27 09:30:00,False,09:30:00,2023-12-27
6759,2023-12-27 09:45:00,False,09:45:00,2023-12-27
6760,2023-12-27 10:00:00,False,10:00:00,2023-12-27
6761,2023-12-27 10:15:00,False,10:15:00,2023-12-27
6762,2023-12-27 10:30:00,False,10:30:00,2023-12-27
6763,2023-12-27 10:45:00,True,10:45:00,2023-12-27
6764,2023-12-27 11:00:00,True,11:00:00,2023-12-27
6765,2023-12-27 11:15:00,True,11:15:00,2023-12-27
6766,2023-12-27 11:30:00,False,11:30:00,2023-12-27
6767,2023-12-27 11:45:00,False,11:45:00,2023-12-27
6768,2023-12-27 12:00:00,False,12:00:00,2023-12-27
6769,2023-12-27 12:15:00,False,12:15:00,2023-12-27
6770,2023-12-27 12:30:00,False,12:30:00,2023-12-27
6771,2023-12-27 12:45:00,False,12:45:00,2023-12-27
6772,2023-12-27 13:00:00,False,13:00:00,2023-12-27
6773,2023-12-27 13:15:00,False,13:15:00,2023-12-27
6774,2023-12-27 13:30:00,False,13:30:00,2023-12-27
6775,2023-12-27 13:45:00,False,13:45:00,2023-12-27
6776,2023-12-27 14:00:00,False,14:00:00,2023-12-27
6777,2023-12-27 14:15:00,False,14:15:00,2023-12-27
6778,2023-12-27 14:30:00,False,14:30:00,2023-12-27
6779,2023-12-27 14:45:00,False,14:45:00,2023-12-27
6780,2023-12-27 15:00:00,False,15:00:00,2023-12-27
6781,2023-12-27 15:15:00,False,15:15:00,2023-12-27
6782,2023-12-27 15:30:00,False,15:30:00,2023-12-27
6783,2023-12-27 15:45:00,False,15:45:00,2023-12-27
6784,2023-12-27 16:00:00,False,16:00:00,2023-12-27
6785,2023-12-27 16:15:00,False,16:15:00,2023-12-27
6786,2023-12-27 16:30:00,False,16:30:00,2023-12-27
6787,2023-12-27 16:45:00,False,16:45:00,2023-12-27
6788,2023-12-27 17:00:00,False,17:00:00,2023-12-27
6789,2023-12-27 17:15:00,False,17:15:00,2023-12-27
6790,2023-12-27 17:30:00,False,17:30:00,2023-12-27
6791,2023-12-27 17:45:00,False,17:45:00,2023-12-27
6792,2023-12-27 18:00:00,False,18:00:00,2023-12-27
6793,2023-12-27 18:15:00,False,18:15:00,2023-12-27
6794,2023-12-27 18:30:00,False,18:30:00,2023-12-27
6795,2023-12-27 18:45:00,False,18:45:00,2023-12-27
6796,2023-12-27 19:00:00,False,19:00:00,2023-12-27
6797,2023-12-27 19:15:00,False,19:15:00,2023-12-27
6798,2023-12-27 19:30:00,False,19:30:00,2023-12-27
6799,2023-12-27 19:45:00,False,19:45:00,2023-12-27
6800,2023-12-27 20:00:00,False,20:00:00,2023-12-27
6801,2023-12-27 20:15:00,False,20:15:00,2023-12-27
6802,2023-12-27 20:30:00,False,20:30:00,2023-12-27
6803,2023-12-27 20:45:00,False,20:45:00,2023-12-27
6804,2023-12-27 21:00:00,False,21:00:00,2023-12-27
6805,2023-12-27 21:15:00,False,21:15:00,2023-12-27
6806,2023-12-27 21:30:00,False,21:30:00,2023-12-27
6807,2023-12-27 21:45:00,False,21:45:00,2023-12-27
6808,2023-12-27 22:00:00,False,22:00:00,2023-12-27
6809,2023-12-27 22:15:00,False,22:15:00,2023-12-27
6810,2023-12-27 22:30:00,False,22:30:00,2023-12-27
6811,2023-12-27 22:45:00,False,22:45:00,2023-12-27
6812,2023-12-27 23:00:00,False,23:00:00,2023-12-27
6813,2023-12-27 23:15:00,False,23:15:00,2023-12-27
6814,2023-12-27 23:30:00,False,23:30:00,2023-12-27
6815,2023-12-27 23:45:00,False,23:45:00,2023-12-27
6816,2023-12-28 00:00:00,False,00:00:00,2023-12-28
6817,2023-12-28 00:15:00,False,00:15:00,2023-12-28
6818,2023-12-28 00:30:00,False,00:30:00,2023-12-28
6819,2023-12-28 00:45:00,False,00:45:00,2023-12-28
6820,2023-12-28 01:00:00,False,01:00:00,2023-12-28
6821,2023-12-28 01:15:00,False,01:15:00,2023-12-28
6822,2023-12-28 01:30:00,False,01:30:00,2023-12-28
6823,2023-12-28 01:45:00,False,01:45:00,2023-12-28
6824,2023-12-28 02:00:00,False,02:00:00,2023-12-28
6825,2023-12-28 02:15:00,False,02:15:00,2023-12-28
6826,2023-12-28 02:30:00,False,02:30:00,2023-12-28
6827,2023-12-28 02:45:00,False,02:45:00,2023-12-28
6828,2023-12-28 03:00:00,False,03:00:00,2023-12-28
6829,2023-12-28 03:15:00,False,03:15:00,2023-12-28
6830,2023-12-28 03:30:00,False,03:30:00,2023-12-28
6831,2023-12-28 03:45:00,False,03:45:00,2023-12-28
6832,2023-12-28 04:00:00,False,04:00:00,2023-12-28
6833,2023-12-28 04:15:00,False,04:15:00,2023-12-28
6834,2023-12-28 04:30:00,False,04:30:00,2023-12-28
6835,2023-12-28 04:45:00,False,04:45:00,2023-12-28
6836,2023-12-28 05:00:00,False,05:00:00,2023-12-28
6837,2023-12-28 05:15:00,False,05:15:00,2023-12-28
6838,2023-12-28 05:30:00,False,05:30:00,2023-12-28
6839,2023-12-28 05:45:00,False,05:45:00,2023-12-28
6840,2023-12-28 06:00:00,False,06:00:00,2023-12-28
6841,2023-12-28 06:15:00,False,06:15:00,2023-12-28
6842,2023-12-28 06:30:00,False,06:30:00,2023-12-28
6843,2023-12-28 06:45:00,False,06:45:00,2023-12-28
6844,2023-12-28 07:00:00,False,07:00:00,2023-12-28
6845,2023-12-28 07:15:00,False,07:15:00,2023-12-28
6846,2023-12-28 07:30:00,False,07:30:00,2023-12-28
6847,2023-12-28 07:45:00,False,07:45:00,2023-12-28
6848,2023-12-28 08:00:00,False,08:00:00,2023-12-28
6849,2023-12-28 08:15:00,False,08:15:00,2023-12-28
6850,2023-12-28 08:30:00,False,08:30:00,2023-12-28
6851,2023-12-28 08:45:00,False,08:45:00,2023-12-28
6852,2023-12-28 09:00:00,False,09:00:00,2023-12-28
6853,2023-12-28 09:15:00,False,09:15:00,2023-12-28
6854,2023-12-28 09:30:00,False,09:30:00,2023-12-28
6855,2023-12-28 09:45:00,False,09:45:00,2023-12-28
6856,2023-12-28 10:00:00,False,10:00:00,2023-12-28
6857,2023-12-28 10:15:00,False,10:15:00,2023-12-28
6858,2023-12-28 10:30:00,False,10:30:00,2023-12-28
6859,2023-12-28 10:45:00,False,10:45:00,2023-12-28
6860,2023-12-28 11:00:00,False,11:00:00,2023-12-28
6861,2023-12-28 11:15:00,False,11:15:00,2023-12-28
6862,2023-12-28 11:30:00,False,11:30:00,2023-12-28
6863,2023-12-28 11:45:00,False,11:45:00,2023-12-28
6864,2023-12-28 12:00:00,False,12:00:00,2023-12-28
6865,2023-12-28 12:15:00,False,12:15:00,2023-12-28
6866,2023-12-28 12:30:00,False,12:30:00,2023-12-28
6867,2023-12-28 12:45:00,False,12:45:00,2023-12-28
6868,2023-12-28 13:00:00,False,13:00:00,2023-12-28
6869,2023-12-28 13:15:00,False,13:15:00,2023-12-28
6870,2023-12-28 13:30:00,False,13:30:00,2023-12-28
6871,2023-12-28 13:45:00,False,13:45:00,2023-12-28
6872,2023-12-28 14:00:00,False,14:00:00,2023-12-28
6873,2023-12-28 14:15:00,False,14:15:00,2023-12-28
6874,2023-12-28 14:30:00,False,14:30:00,2023-12-28
6875,2023-12-28 14:45:00,False,14:45:00,2023-12-28
6876,2023-12-28 15:00:00,False,15:00:00,2023-12-28
6877,2023-12-28 15:15:00,False,15:15:00,2023-12-28
6878,2023-12-28 15:30:00,False,15:30:00,2023-12-28
6879,2023-12-28 15:45:00,False,15:45:00,2023-12-28
6880,2023-12-28 16:00:00,False,16:00:00,2023-12-28
6881,2023-12-28 16:15:00,False,16:15:00,2023-12-28
6882,2023-12-28 16:30:00,False,16:30:00,2023-12-28
6883,2023-12-28 16:45:00,False,16:45:00,2023-12-28
6884,2023-12-28 17:00:00,False,17:00:00,2023-12-28
6885,2023-12-28 17:15:00,False,17:15:00,2023-12-28
6886,2023-12-28 17:30:00,False,17:30:00,2023-12-28
6887,2023-12-28 17:45:00,False,17:45:00,2023-12-28
6888,2023-12-28 18:00:00,False,18:00:00,2023-12-28
6889,2023-12-28 18:15:00,False,18:15:00,2023-12-28
6890,2023-12-28 18:30:00,False,18:30:00,2023-12-28
6891,2023-12-28 18:45:00,False,18:45:00,2023-12-28
6892,2023-12-28 19:00:00,False,19:00:00,2023-12-28
6893,2023-12-28 19:15:00,False,19:15:00,2023-12-28
6894,2023-12-28 19:30:00,False,19:30:00,2023-12-28
6895,2023-12-28 19:45:00,False,19:45:00,2023-12-28
6896,2023-12-28 20:00:00,False,20:00:00,2023-12-28
6897,2023-12-28 20:15:00,False,20:15:00,2023-12-28
6898,2023-12-28 20:30:00,False,20:30:00,2023-12-28
6899,2023-12-28 20:45:00,False,20:45:00,2023-12-28
6900,2023-12-28 21:00:00,False,21:00:00,2023-12-28
6901,2023-12-28 21:15:00,False,21:15:00,2023-12-28
6902,2023-12-28 21:30:00,False,21:30:00,2023-12-28
6903,2023-12-28 21:45:00,False,21:45:00,2023-12-28
6904,2023-12-28 22:00:00,False,22:00:00,2023-12-28
6905,2023-12-28 22:15:00,False,22:15:00,2023-12-28
6906,2023-12-28 22:30:00,False,22:30:00,2023-12-28
6907,2023-12-28 22:45:00,False,22:45:00,2023-12-28
6908,2023-12-28 23:00:00,False,23:00:00,2023-12-28
6909,2023-12-28 23:15:00,False,23:15:00,2023-12-28
6910,2023-12-28 23:30:00,False,23:30:00,2023-12-28
6911,2023-12-28 23:45:00,False,23:45:00,2023-12-28
6912,2023-12-29 00:00:00,False,00:00:00,2023-12-29
6913,2023-12-29 00:15:00,False,00:15:00,2023-12-29
6914,2023-12-29 00:30:00,False,00:30:00,2023-12-29
6915,2023-12-29 00:45:00,False,00:45:00,2023-12-29
6916,2023-12-29 01:00:00,False,01:00:00,2023-12-29
6917,2023-12-29 01:15:00,False,01:15:00,2023-12-29
6918,2023-12-29 01:30:00,False,01:30:00,2023-12-29
6919,2023-12-29 01:45:00,False,01:45:00,2023-12-29
6920,2023-12-29 02:00:00,False,02:00:00,2023-12-29
6921,2023-12-29 02:15:00,False,02:15:00,2023-12-29
6922,2023-12-29 02:30:00,False,02:30:00,2023-12-29
6923,2023-12-29 02:45:00,False,02:45:00,2023-12-29
6924,2023-12-29 03:00:00,False,03:00:00,2023-12-29
6925,2023-12-29 03:15:00,False,03:15:00,2023-12-29
6926,2023-12-29 03:30:00,False,03:30:00,2023-12-29
6927,2023-12-29 03:45:00,False,03:45:00,2023-12-29
6928,2023-12-29 04:00:00,False,04:00:00,2023-12-29
6929,2023-12-29 04:15:00,False,04:15:00,2023-12-29
6930,2023-12-29 04:30:00,False,04:30:00,2023-12-29
6931,2023-12-29 04:45:00,False,04:45:00,2023-12-29
6932,2023-12-29 05:00:00,False,05:00:00,2023-12-29
6933,2023-12-29 05:15:00,False,05:15:00,2023-12-29
6934,2023-12-29 05:30:00,False,05:30:00,2023-12-29
6935,2023-12-29 05:45:00,False,05:45:00,2023-12-29
6936,2023-12-29 06:00:00,False,06:00:00,2023-12-29
6937,2023-12-29 06:15:00,False,06:15:00,2023-12-29
6938,2023-12-29 06:30:00,False,06:30:00,2023-12-29
6939,2023-12-29 06:45:00,False,06:45:00,2023-12-29
6940,2023-12-29 07:00:00,False,07:00:00,2023-12-29
6941,2023-12-29 07:15:00,False,07:15:00,2023-12-29
6942,2023-12-29 07:30:00,False,07:30:00,2023-12-29
6943,2023-12-29 07:45:00,False,07:45:00,2023-12-29
6944,2023-12-29 08:00:00,False,08:00:00,2023-12-29
6945,2023-12-29 08:15:00,False,08:15:00,2023-12-29
6946,2023-12-29 08:30:00,False,08:30:00,2023-12-29
6947,2023-12-29 08:45:00,False,08:45:00,2023-12-29
6948,2023-12-29 09:00:00,False,09:00:00,2023-12-29
6949,2023-12-29 09:15:00,False,09:15:00,2023-12-29
6950,2023-12-29 09:30:00,False,09:30:00,2023-12-29
6951,2023-12-29 09:45:00,False,09:45:00,2023-12-29
6952,2023-12-29 10:00:00,False,10:00:00,2023-12-29
6953,2023-12-29 10:15:00,False,10:15:00,2023-12-29
6954,2023-12-29 10:30:00,False,10:30:00,2023-12-29
6955,2023-12-29 10:45:00,False,10:45:00,2023-12-29
6956,2023-12-29 11:00:00,False,11:00:00,2023-12-29
6957,2023-12-29 11:15:00,False,11:15:00,2023-12-29
6958,2023-12-29 11:30:00,False,11:30:00,2023-12-29
6959,2023-12-29 11:45:00,False,11:45:00,2023-12-29
6960,2023-12-29 12:00:00,False,12:00:00,2023-12-29
6961,2023-12-29 12:15:00,False,12:15:00,2023-12-29
6962,2023-12-29 12:30:00,False,12:30:00,2023-12-29
6963,2023-12-29 12:45:00,True,12:45:00,2023-12-29
6964,2023-12-29 13:00:00,True,13:00:00,2023-12-29
6965,2023-12-29 13:15:00,True,13:15:00,2023-12-29
6966,2023-12-29 13:30:00,True,13:30:00,2023-12-29
6967,2023-12-29 13:45:00,False,13:45:00,2023-12-29
6968,2023-12-29 14:00:00,False,14:00:00,2023-12-29
6969,2023-12-29 14:15:00,False,14:15:00,2023-12-29
6970,2023-12-29 14:30:00,False,14:30:00,2023-12-29
6971,2023-12-29 14:45:00,False,14:45:00,2023-12-29
6972,2023-12-29 15:00:00,False,15:00:00,2023-12-29
6973,2023-12-29 15:15:00,False,15:15:00,2023-12-29
6974,2023-12-29 15:30:00,False,15:30:00,2023-12-29
6975,2023-12-29 15:45:00,False,15:45:00,2023-12-29
6976,2023-12-29 16:00:00,False,16:00:00,2023-12-29
6977,2023-12-29 16:15:00,False,16:15:00,2023-12-29
6978,2023-12-29 16:30:00,False,16:30:00,2023-12-29
6979,2023-12-29 16:45:00,False,16:45:00,2023-12-29
6980,2023-12-29 17:00:00,False,17:00:00,2023-12-29
6981,2023-12-29 17:15:00,False,17:15:00,2023-12-29
6982,2023-12-29 17:30:00,False,17:30:00,2023-12-29
6983,2023-12-29 17:45:00,False,17:45:00,2023-12-29
6984,2023-12-29 18:00:00,False,18:00:00,2023-12-29
6985,2023-12-29 18:15:00,False,18:15:00,2023-12-29
6986,2023-12-29 18:30:00,False,18:30:00,2023-12-29
6987,2023-12-29 18:45:00,False,18:45:00,2023-12-29
6988,2023-12-29 19:00:00,False,19:00:00,2023-12-29
6989,2023-12-29 19:15:00,False,19:15:00,2023-12-29
6990,2023-12-29 19:30:00,False,19:30:00,2023-12-29
6991,2023-12-29 19:45:00,False,19:45:00,2023-12-29
6992,2023-12-29 20:00:00,True,20:00:00,2023-12-29
6993,2023-12-29 20:15:00,True,20:15:00,2023-12-29
6994,2023-12-29 20:30:00,True,20:30:00,2023-12-29
6995,2023-12-29 20:45:00,False,20:45:00,2023-12-29
6996,2023-12-29 21:00:00,False,21:00:00,2023-12-29
6997,2023-12-29 21:15:00,False,21:15:00,2023-12-29
6998,2023-12-29 21:30:00,False,21:30:00,2023-12-29
6999,2023-12-29 21:45:00,False,21:45:00,2023-12-29
7000,2023-12-29 22:00:00,False,22:00:00,2023-12-29
7001,2023-12-29 22:15:00,False,22:15:00,2023-12-29
7002,2023-12-29 22:30:00,False,22:30:00,2023-12-29
7003,2023-12-29 22:45:00,False,22:45:00,2023-12-29
7004,2023-12-29 23:00:00,False,23:00:00,2023-12-29
7005,2023-12-29 23:15:00,False,23:15:00,2023-12-29
7006,2023-12-29 23:30:00,False,23:30:00,2023-12-29
7007,2023-12-29 23:45:00,False,23:45:00,2023-12-29
7008,2023-12-30 00:00:00,False,00:00:00,2023-12-30
7009,2023-12-30 00:15:00,False,00:15:00,2023-12-30
7010,2023-12-30 00:30:00,False,00:30:00,2023-12-30
7011,2023-12-30 00:45:00,False,00:45:00,2023-12-30
7012,2023-12-30 01:00:00,False,01:00:00,2023-12-30
7013,2023-12-30 01:15:00,False,01:15:00,2023-12-30
7014,2023-12-30 01:30:00,False,01:30:00,2023-12-30
7015,2023-12-30 01:45:00,False,01:45:00,2023-12-30
7016,2023-12-30 02:00:00,False,02:00:00,2023-12-30
7017,2023-12-30 02:15:00,False,02:15:00,2023-12-30
7018,2023-12-30 02:30:00,False,02:30:00,2023-12-30
7019,2023-12-30 02:45:00,False,02:45:00,2023-12-30
7020,2023-12-30 03:00:00,False,03:00:00,2023-12-30
7021,2023-12-30 03:15:00,False,03:15:00,2023-12-30
7022,2023-12-30 03:30:00,False,03:30:00,2023-12-30
7023,2023-12-30 03:45:00,False,03:45:00,2023-12-30
7024,2023-12-30 04:00:00,False,04:00:00,2023-12-30
7025,2023-12-30 04:15:00,False,04:15:00,2023-12-30
7026,2023-12-30 04:30:00,False,04:30:00,2023-12-30
7027,2023-12-30 04:45:00,False,04:45:00,2023-12-30
7028,2023-12-30 05:00:00,False,05:00:00,2023-12-30
7029,2023-12-30 05:15:00,False,05:15:00,2023-12-30
7030,2023-12-30 05:30:00,False,05:30:00,2023-12-30
7031,2023-12-30 05:45:00,False,05:45:00,2023-12-30
7032,2023-12-30 06:00:00,False,06:00:00,2023-12-30
7033,2023-12-30 06:15:00,False,06:15:00,2023-12-30
7034,2023-12-30 06:30:00,False,06:30:00,2023-12-30
7035,2023-12-30 06:45:00,False,06:45:00,2023-12-30
7036,2023-12-30 07:00:00,False,07:00:00,2023-12-30
7037,2023-12-30 07:15:00,False,07:15:00,2023-12-30
7038,2023-12-30 07:30:00,False,07:30:00,2023-12-30
7039,2023-12-30 07:45:00,False,07:45:00,2023-12-30
7040,2023-12-30 08:00:00,False,08:00:00,2023-12-30
7041,2023-12-30 08:15:00,False,08:15:00,2023-12-30
7042,2023-12-30 08:30:00,False,08:30:00,2023-12-30
7043,2023-12-30 08:45:00,False,08:45:00,2023-12-30
7044,2023-12-30 09:00:00,False,09:00:00,2023-12-30
7045,2023-12-30 09:15:00,False,09:15:00,2023-12-30
7046,2023-12-30 09:30:00,False,09:30:00,2023-12-30
7047,2023-12-30 09:45:00,False,09:45:00,2023-12-30
7048,2023-12-30 10:00:00,False,10:00:00,2023-12-30
7049,2023-12-30 10:15:00,False,10:15:00,2023-12-30
7050,2023-12-30 10:30:00,False,10:30:00,2023-12-30
7051,2023-12-30 10:45:00,False,10:45:00,2023-12-30
7052,2023-12-30 11:00:00,False,11:00:00,2023-12-30
7053,2023-12-30 11:15:00,False,11:15:00,2023-12-30
7054,2023-12-30 11:30:00,False,11:30:00,2023-12-30
7055,2023-12-30 11:45:00,False,11:45:00,2023-12-30
7056,2023-12-30 12:00:00,False,12:00:00,2023-12-30
7057,2023-12-30 12:15:00,False,12:15:00,2023-12-30
7058,2023-12-30 12:30:00,False,12:30:00,2023-12-30
7059,2023-12-30 12:45:00,False,12:45:00,2023-12-30
7060,2023-12-30 13:00:00,False,13:00:00,2023-12-30
7061,2023-12-30 13:15:00,False,13:15:00,2023-12-30
7062,2023-12-30 13:30:00,False,13:30:00,2023-12-30
7063,2023-12-30 13:45:00,False,13:45:00,2023-12-30
7064,2023-12-30 14:00:00,False,14:00:00,2023-12-30
7065,2023-12-30 14:15:00,False,14:15:00,2023-12-30
7066,2023-12-30 14:30:00,False,14:30:00,2023-12-30
7067,2023-12-30 14:45:00,False,14:45:00,2023-12-30
7068,2023-12-30 15:00:00,False,15:00:00,2023-12-30
7069,2023-12-30 15:15:00,False,15:15:00,2023-12-30
7070,2023-12-30 15:30:00,False,15:30:00,2023-12-30
7071,2023-12-30 15:45:00,False,15:45:00,2023-12-30
7072,2023-12-30 16:00:00,False,16:00:00,2023-12-30
7073,2023-12-30 16:15:00,False,16:15:00,2023-12-30
7074,2023-12-30 16:30:00,False,16:30:00,2023-12-30
7075,2023-12-30 16:45:00,False,16:45:00,2023-12-30
7076,2023-12-30 17:00:00,False,17:00:00,2023-12-30
7077,2023-12-30 17:15:00,False,17:15:00,2023-12-30
7078,2023-12-30 17:30:00,False,17:30:00,2023-12-30
7079,2023-12-30 17:45:00,False,17:45:00,2023-12-30
7080,2023-12-30 18:00:00,False,18:00:00,2023-12-30
7081,2023-12-30 18:15:00,False,18:15:00,2023-12-30
7082,2023-12-30 18:30:00,False,18:30:00,2023-12-30
7083,2023-12-30 18:45:00,False,18:45:00,2023-12-30
7084,2023-12-30 19:00:00,False,19:00:00,2023-12-30
7085,2023-12-30 19:15:00,False,19:15:00,2023-12-30
7086,2023-12-30 19:30:00,False,19:30:00,2023-12-30
7087,2023-12-30 19:45:00,False,19:45:00,2023-12-30
7088,2023-12-30 20:00:00,False,20:00:00,2023-12-30
7089,2023-12-30 20:15:00,False,20:15:00,2023-12-30
7090,2023-12-30 20:30:00,False,20:30:00,2023-12-30
7091,2023-12-30 20:45:00,False,20:45:00,2023-12-30
7092,2023-12-30 21:00:00,False,21:00:00,2023-12-30
7093,2023-12-30 21:15:00,False,21:15:00,2023-12-30
7094,2023-12-30 21:30:00,False,21:30:00,2023-12-30
7095,2023-12-30 21:45:00,False,21:45:00,2023-12-30
7096,2023-12-30 22:00:00,False,22:00:00,2023-12-30
7097,2023-12-30 22:15:00,False,22:15:00,2023-12-30
7098,2023-12-30 22:30:00,False,22:30:00,2023-12-30
7099,2023-12-30 22:45:00,False,22:45:00,2023-12-30
7100,2023-12-30 23:00:00,False,23:00:00,2023-12-30
7101,2023-12-30 23:15:00,False,23:15:00,2023-12-30
7102,2023-12-30 23:30:00,False,23:30:00,2023-12-30
7103,2023-12-30 23:45:00,False,23:45:00,2023-12-30
7104,2023-12-31 00:00:00,False,00:00:00,2023-12-31
7105,2023-12-31 00:15:00,False,00:15:00,2023-12-31
7106,2023-12-31 00:30:00,False,00:30:00,2023-12-31
7107,2023-12-31 00:45:00,False,00:45:00,2023-12-31
7108,2023-12-31 01:00:00,False,01:00:00,2023-12-31
7109,2023-12-31 01:15:00,False,01:15:00,2023-12-31
7110,2023-12-31 01:30:00,False,01:30:00,2023-12-31
7111,2023-12-31 01:45:00,False,01:45:00,2023-12-31
7112,2023-12-31 02:00:00,False,02:00:00,2023-12-31
7113,2023-12-31 02:15:00,False,02:15:00,2023-12-31
7114,2023-12-31 02:30:00,False,02:30:00,2023-12-31
7115,2023-12-31 02:45:00,False,02:45:00,2023-12-31
7116,2023-12-31 03:00:00,False,03:00:00,2023-12-31
7117,2023-12-31 03:15:00,False,03:15:00,2023-12-31
7118,2023-12-31 03:30:00,False,03:30:00,2023-12-31
7119,2023-12-31 03:45:00,False,03:45:00,2023-12-31
7120,2023-12-31 04:00:00,False,04:00:00,2023-12-31
7121,2023-12-31 04:15:00,False,04:15:00,2023-12-31
7122,2023-12-31 04:30:00,False,04:30:00,2023-12-31
7123,2023-12-31 04:45:00,False,04:45:00,2023-12-31
7124,2023-12-31 05:00:00,False,05:00:00,2023-12-31
7125,2023-12-31 05:15:00,False,05:15:00,2023-12-31
7126,2023-12-31 05:30:00,False,05:30:00,2023-12-31
7127,2023-12-31 05:45:00,False,05:45:00,2023-12-31
7128,2023-12-31 06:00:00,False,06:00:00,2023-12-31
7129,2023-12-31 06:15:00,False,06:15:00,2023-12-31
7130,2023-12-31 06:30:00,False,06:30:00,2023-12-31
7131,2023-12-31 06:45:00,False,06:45:00,2023-12-31
7132,2023-12-31 07:00:00,False,07:00:00,2023-12-31
7133,2023-12-31 07:15:00,False,07:15:00,2023-12-31
7134,2023-12-31 07:30:00,False,07:30:00,2023-12-31
7135,2023-12-31 07:45:00,False,07:45:00,2023-12-31
7136,2023-12-31 08:00:00,False,08:00:00,2023-12-31
7137,2023-12-31 08:15:00,False,08:15:00,2023-12-31
7138,2023-12-31 08:30:00,False,08:30:00,2023-12-31
7139,2023-12-31 08:45:00,False,08:45:00,2023-12-31
7140,2023-12-31 09:00:00,False,09:00:00,2023-12-31
7141,2023-12-31 09:15:00,False,09:15:00,2023-12-31
7142,2023-12-31 09:30:00,False,09:30:00,2023-12-31
7143,2023-12-31 09:45:00,False,09:45:00,2023-12-31
7144,2023-12-31 10:00:00,False,10:00:00,2023-12-31
7145,2023-12-31 10:15:00,False,10:15:00,2023-12-31
7146,2023-12-31 10:30:00,False,10:30:00,2023-12-31
7147,2023-12-31 10:45:00,False,10:45:00,2023-12-31
7148,2023-12-31 11:00:00,False,11:00:00,2023-12-31
7149,2023-12-31 11:15:00,False,11:15:00,2023-12-31
7150,2023-12-31 11:30:00,False,11:30:00,2023-12-31
7151,2023-12-31 11:45:00,False,11:45:00,2023-12-31
7152,2023-12-31 12:00:00,False,12:00:00,2023-12-31
7153,2023-12-31 12:15:00,False,12:15:00,2023-12-31
7154,2023-12-31 12:30:00,False,12:30:00,2023-12-31
7155,2023-12-31 12:45:00,False,12:45:00,2023-12-31
7156,2023-12-31 13:00:00,False,13:00:00,2023-12-31
7157,2023-12-31 13:15:00,False,13:15:00,2023-12-31
7158,2023-12-31 13:30:00,False,13:30:00,2023-12-31
7159,2023-12-31 13:45:00,False,13:45:00,2023-12-31
7160,2023-12-31 14:00:00,False,14:00:00,2023-12-31
7161,2023-12-31 14:15:00,False,14:15:00,2023-12-31
7162,2023-12-31 14:30:00,False,14:30:00,2023-12-31
7163,2023-12-31 14:45:00,False,14:45:00,2023-12-31
7164,2023-12-31 15:00:00,False,15:00:00,2023-12-31
7165,2023-12-31 15:15:00,False,15:15:00,2023-12-31
7166,2023-12-31 15:30:00,False,15:30:00,2023-12-31
7167,2023-12-31 15:45:00,False,15:45:00,2023-12-31
7168,2023-12-31 16:00:00,False,16:00:00,2023-12-31
7169,2023-12-31 16:15:00,False,16:15:00,2023-12-31
7170,2023-12-31 16:30:00,False,16:30:00,2023-12-31
7171,2023-12-31 16:45:00,False,16:45:00,2023-12-31
7172,2023-12-31 17:00:00,False,17:00:00,2023-12-31
7173,2023-12-31 17:15:00,False,17:15:00,2023-12-31
7174,2023-12-31 17:30:00,False,17:30:00,2023-12-31
7175,2023-12-31 17:45:00,False,17:45:00,2023-12-31
7176,2023-12-31 18:00:00,False,18:00:00,2023-12-31
7177,2023-12-31 18:15:00,False,18:15:00,2023-12-31
7178,2023-12-31 18:30:00,False,18:30:00,2023-12-31
7179,2023-12-31 18:45:00,False,18:45:00,2023-12-31
7180,2023-12-31 19:00:00,True,19:00:00,2023-12-31
7181,2023-12-31 19:15:00,True,19:15:00,2023-12-31
7182,2023-12-31 19:30:00,False,19:30:00,2023-12-31
7183,2023-12-31 19:45:00,False,19:45:00,2023-12-31
7184,2023-12-31 20:00:00,False,20:00:00,2023-12-31
7185,2023-12-31 20:15:00,False,20:15:00,2023-12-31
7186,2023-12-31 20:30:00,False,20:30:00,2023-12-31
7187,2023-12-31 20:45:00,False,20:45:00,2023-12-31
7188,2023-12-31 21:00:00,False,21:00:00,2023-12-31
7189,2023-12-31 21:15:00,False,21:15:00,2023-12-31
7190,2023-12-31 21:30:00,False,21:30:00,2023-12-31
7191,2023-12-31 21:45:00,False,21:45:00,2023-12-31
7192,2023-12-31 22:00:00,False,22:00:00,2023-12-31
7193,2023-12-31 22:15:00,False,22:15:00,2023-12-31
7194,2023-12-31 22:30:00,False,22:30:00,2023-12-31
7195,2023-12-31 22:45:00,False,22:45:00,2023-12-31
7196,2023-12-31 23:00:00,False,23:00:00,2023-12-31
7197,2023-12-31 23:15:00,False,23:15:00,2023-12-31
7198,2023-12-31 23:30:00,False,23:30:00,2023-12-31
7199,2023-12-31 23:45:00,False,23:45:00,2023-12-31
7200,2024-01-01 00:00:00,False,00:00:00,2024-01-01
7201,2024-01-01 00:15:00,False,00:15:00,2024-01-01
7202,2024-01-01 00:30:00,False,00:30:00,2024-01-01
7203,2024-01-01 00:45:00,False,00:45:00,2024-01-01
7204,2024-01-01 01:00:00,False,01:00:00,2024-01-01
7205,2024-01-01 01:15:00,False,01:15:00,2024-01-01
7206,2024-01-01 01:30:00,False,01:30:00,2024-01-01
7207,2024-01-01 01:45:00,False,01:45:00,2024-01-01
7208,2024-01-01 02:00:00,False,02:00:00,2024-01-01
7209,2024-01-01 02:15:00,False,02:15:00,2024-01-01
7210,2024-01-01 02:30:00,False,02:30:00,2024-01-01
7211,2024-01-01 02:45:00,False,02:45:00,2024-01-01
7212,2024-01-01 03:00:00,False,03:00:00,2024-01-01
7213,2024-01-01 03:15:00,False,03:15:00,2024-01-01
7214,2024-01-01 03:30:00,False,03:30:00,2024-01-01
7215,2024-01-01 03:45:00,False,03:45:00,2024-01-01
7216,2024-01-01 04:00:00,False,04:00:00,2024-01-01
7217,2024-01-01 04:15:00,False,04:15:00,2024-01-01
7218,2024-01-01 04:30:00,False,04:30:00,2024-01-01
7219,2024-01-01 04:45:00,False,04:45:00,2024-01-01
7220,2024-01-01 05:00:00,False,05:00:00,2024-01-01
7221,2024-01-01 05:15:00,False,05:15:00,2024-01-01
7222,2024-01-01 05:30:00,False,05:30:00,2024-01-01
7223,2024-01-01 05:45:00,False,05:45:00,2024-01-01
7224,2024-01-01 06:00:00,False,06:00:00,2024-01-01
7225,2024-01-01 06:15:00,False,06:15:00,2024-01-01
7226,2024-01-01 06:30:00,False,06:30:00,2024-01-01
7227,2024-01-01 06:45:00,False,06:45:00,2024-01-01
7228,2024-01-01 07:00:00,False,07:00:00,2024-01-01
7229,2024-01-01 07:15:00,False,07:15:00,2024-01-01
7230,2024-01-01 07:30:00,False,07:30:00,2024-01-01
7231,2024-01-01 07:45:00,False,07:45:00,2024-01-01
7232,2024-01-01 08:00:00,False,08:00:00,2024-01-01
7233,2024-01-01 08:15:00,False,08:15:00,2024-01-01
7234,2024-01-01 08:30:00,False,08:30:00,2024-01-01
7235,2024-01-01 08:45:00,False,08:45:00,2024-01-01
7236,2024-01-01 09:00:00,False,09:00:00,2024-01-01
7237,2024-01-01 09:15:00,False,09:15:00,2024-01-01
7238,2024-01-01 09:30:00,False,09:30:00,2024-01-01
7239,2024-01-01 09:45:00,False,09:45:00,2024-01-01
7240,2024-01-01 10:00:00,False,10:00:00,2024-01-01
7241,2024-01-01 10:15:00,False,10:15:00,2024-01-01
7242,2024-01-01 10:30:00,False,10:30:00,2024-01-01
7243,2024-01-01 10:45:00,False,10:45:00,2024-01-01
7244,2024-01-01 11:00:00,False,11:00:00,2024-01-01
7245,2024-01-01 11:15:00,False,11:15:00,2024-01-01
7246,2024-01-01 11:30:00,False,11:30:00,2024-01-01
7247,2024-01-01 11:45:00,False,11:45:00,2024-01-01
7248,2024-01-01 12:00:00,False,12:00:00,2024-01-01
7249,2024-01-01 12:15:00,False,12:15:00,2024-01-01
7250,2024-01-01 12:30:00,False,12:30:00,2024-01-01
7251,2024-01-01 12:45:00,False,12:45:00,2024-01-01
7252,2024-01-01 13:00:00,False,13:00:00,2024-01-01
7253,2024-01-01 13:15:00,False,13:15:00,2024-01-01
7254,2024-01-01 13:30:00,False,13:30:00,2024-01-01
7255,2024-01-01 13:45:00,False,13:45:00,2024-01-01
7256,2024-01-01 14:00:00,False,14:00:00,2024-01-01
7257,2024-01-01 14:15:00,False,14:15:00,2024-01-01
7258,2024-01-01 14:30:00,False,14:30:00,2024-01-01
7259,2024-01-01 14:45:00,False,14:45:00,2024-01-01
7260,2024-01-01 15:00:00,False,15:00:00,2024-01-01
7261,2024-01-01 15:15:00,False,15:15:00,2024-01-01
7262,2024-01-01 15:30:00,False,15:30:00,2024-01-01
7263,2024-01-01 15:45:00,True,15:45:00,2024-01-01
7264,2024-01-01 16:00:00,True,16:00:00,2024-01-01
7265,2024-01-01 16:15:00,True,16:15:00,2024-01-01
7266,2024-01-01 16:30:00,True,16:30:00,2024-01-01
7267,2024-01-01 16:45:00,False,16:45:00,2024-01-01
7268,2024-01-01 17:00:00,False,17:00:00,2024-01-01
7269,2024-01-01 17:15:00,False,17:15:00,2024-01-01
7270,2024-01-01 17:30:00,False,17:30:00,2024-01-01
7271,2024-01-01 17:45:00,False,17:45:00,2024-01-01
7272,2024-01-01 18:00:00,False,18:00:00,2024-01-01
7273,2024-01-01 18:15:00,False,18:15:00,2024-01-01
7274,2024-01-01 18:30:00,False,18:30:00,2024-01-01
7275,2024-01-01 18:45:00,False,18:45:00,2024-01-01
7276,2024-01-01 19:00:00,False,19:00:00,2024-01-01
7277,2024-01-01 19:15:00,False,19:15:00,2024-01-01
7278,2024-01-01 19:30:00,False,19:30:00,2024-01-01
7279,2024-01-01 19:45:00,False,19:45:00,2024-01-01
7280,2024-01-01 20:00:00,False,20:00:00,2024-01-01
7281,2024-01-01 20:15:00,False,20:15:00,2024-01-01
7282,2024-01-01 20:30:00,False,20:30:00,2024-01-01
7283,2024-01-01 20:45:00,False,20:45:00,2024-01-01
7284,2024-01-01 21:00:00,False,21:00:00,2024-01-01
7285,2024-01-01 21:15:00,False,21:15:00,2024-01-01
7286,2024-01-01 21:30:00,False,21:30:00,2024-01-01
7287,2024-01-01 21:45:00,False,21:45:00,2024-01-01
7288,2024-01-01 22:00:00,False,22:00:00,2024-01-01
7289,2024-01-01 22:15:00,False,22:15:00,2024-01-01
7290,2024-01-01 22:30:00,False,22:30:00,2024-01-01
7291,2024-01-01 22:45:00,False,22:45:00,2024-01-01
7292,2024-01-01 23:00:00,False,23:00:00,2024-01-01
7293,2024-01-01 23:15:00,False,23:15:00,2024-01-01
7294,2024-01-01 23:30:00,False,23:30:00,2024-01-01
7295,2024-01-01 23:45:00,False,23:45:00,2024-01-01
7296,2024-01-02 00:00:00,False,00:00:00,2024-01-02
7297,2024-01-02 00:15:00,False,00:15:00,2024-01-02
7298,2024-01-02 00:30:00,False,00:30:00,2024-01-02
7299,2024-01-02 00:45:00,False,00:45:00,2024-01-02
7300,2024-01-02 01:00:00,False,01:00:00,2024-01-02
7301,2024-01-02 01:15:00,False,01:15:00,2024-01-02
7302,2024-01-02 01:30:00,False,01:30:00,2024-01-02
7303,2024-01-02 01:45:00,False,01:45:00,2024-01-02
7304,2024-01-02 02:00:00,False,02:00:00,2024-01-02
7305,2024-01-02 02:15:00,False,02:15:00,2024-01-02
7306,2024-01-02 02:30:00,False,02:30:00,2024-01-02
7307,2024-01-02 02:45:00,False,02:45:00,2024-01-02
7308,2024-01-02 03:00:00,False,03:00:00,2024-01-02
7309,2024-01-02 03:15:00,False,03:15:00,2024-01-02
7310,2024-01-02 03:30:00,False,03:30:00,2024-01-02
7311,2024-01-02 03:45:00,False,03:45:00,2024-01-02
7312,2024-01-02 04:00:00,False,04:00:00,2024-01-02
7313,2024-01-02 04:15:00,False,04:15:00,2024-01-02
7314,2024-01-02 04:30:00,False,04:30:00,2024-01-02
7315,2024-01-02 04:45:00,False,04:45:00,2024-01-02
7316,2024-01-02 05:00:00,False,05:00:00,2024-01-02
7317,2024-01-02 05:15:00,False,05:15:00,2024-01-02
7318,2024-01-02 05:30:00,False,05:30:00,2024-01-02
7319,2024-01-02 05:45:00,False,05:45:00,2024-01-02
7320,2024-01-02 06:00:00,False,06:00:00,2024-01-02
7321,2024-01-02 06:15:00,False,06:15:00,2024-01-02
7322,2024-01-02 06:30:00,False,06:30:00,2024-01-02
7323,2024-01-02 06:45:00,False,06:45:00,2024-01-02
7324,2024-01-02 07:00:00,False,07:00:00,2024-01-02
7325,2024-01-02 07:15:00,False,07:15:00,2024-01-02
7326,2024-01-02 07:30:00,False,07:30:00,2024-01-02
7327,2024-01-02 07:45:00,False,07:45:00,2024-01-02
7328,2024-01-02 08:00:00,False,08:00:00,2024-01-02
7329,2024-01-02 08:15:00,False,08:15:00,2024-01-02
7330,2024-01-02 08:30:00,False,08:30:00,2024-01-02
7331,2024-01-02 08:45:00,False,08:45:00,2024-01-02
7332,2024-01-02 09:00:00,False,09:00:00,2024-01-02
7333,2024-01-02 09:15:00,False,09:15:00,2024-01-02
7334,2024-01-02 09:30:00,False,09:30:00,2024-01-02
7335,2024-01-02 09:45:00,False,09:45:00,2024-01-02
7336,2024-01-02 10:00:00,False,10:00:00,2024-01-02
7337,2024-01-02 10:15:00,False,10:15:00,2024-01-02
7338,2024-01-02 10:30:00,False,10:30:00,2024-01-02
7339,2024-01-02 10:45:00,False,10:45:00,2024-01-02
7340,2024-01-02 11:00:00,False,11:00:00,2024-01-02
7341,2024-01-02 11:15:00,False,11:15:00,2024-01-02
7342,2024-01-02 11:30:00,False,11:30:00,2024-01-02
7343,2024-01-02 11:45:00,False,11:45:00,2024-01-02
7344,2024-01-02 12:00:00,False,12:00:00,2024-01-02
7345,2024-01-02 12:15:00,False,12:15:00,2024-01-02
7346,2024-01-02 12:30:00,False,12:30:00,2024-01-02
7347,2024-01-02 12:45:00,False,12:45:00,2024-01-02
7348,2024-01-02 13:00:00,False,13:00:00,2024-01-02
7349,2024-01-02 13:15:00,False,13:15:00,2024-01-02
7350,2024-01-02 13:30:00,False,13:30:00,2024-01-02
7351,2024-01-02 13:45:00,False,13:45:00,2024-01-02
7352,2024-01-02 14:00:00,False,14:00:00,2024-01-02
7353,2024-01-02 14:15:00,False,14:15:00,2024-01-02
7354,2024-01-02 14:30:00,False,14:30:00,2024-01-02
7355,2024-01-02 14:45:00,False,14:45:00,2024-01-02
7356,2024-01-02 15:00:00,False,15:00:00,2024-01-02
7357,2024-01-02 15:15:00,False,15:15:00,2024-01-02
7358,2024-01-02 15:30:00,False,15:30:00,2024-01-02
7359,2024-01-02 15:45:00,False,15:45:00,2024-01-02
7360,2024-01-02 16:00:00,False,16:00:00,2024-01-02
7361,2024-01-02 16:15:00,False,16:15:00,2024-01-02
7362,2024-01-02 16:30:00,False,16:30:00,2024-01-02
7363,2024-01-02 16:45:00,False,16:45:00,2024-01-02
7364,2024-01-02 17:00:00,False,17:00:00,2024-01-02
7365,2024-01-02 17:15:00,False,17:15:00,2024-01-02
7366,2024-01-02 17:30:00,False,17:30:00,2024-01-02
7367,2024-01-02 17:45:00,False,17:45:00,2024-01-02
7368,2024-01-02 18:00:00,False,18:00:00,2024-01-02
7369,2024-01-02 18:15:00,False,18:15:00,2024-01-02
7370,2024-01-02 18:30:00,False,18:30:00,2024-01-02
7371,2024-01-02 18:45:00,False,18:45:00,2024-01-02
7372,2024-01-02 19:00:00,False,19:00:00,2024-01-02
7373,2024-01-02 19:15:00,False,19:15:00,2024-01-02
7374,2024-01-02 19:30:00,False,19:30:00,2024-01-02
7375,2024-01-02 19:45:00,False,19:45:00,2024-01-02
7376,2024-01-02 20:00:00,False,20:00:00,2024-01-02
7377,2024-01-02 20:15:00,False,20:15:00,2024-01-02
7378,2024-01-02 20:30:00,False,20:30:00,2024-01-02
7379,2024-01-02 20:45:00,False,20:45:00,2024-01-02
7380,2024-01-02 21:00:00,False,21:00:00,2024-01-02
7381,2024-01-02 21:15:00,False,21:15:00,2024-01-02
7382,2024-01-02 21:30:00,False,21:30:00,2024-01-02
7383,2024-01-02 21:45:00,False,21:45:00,2024-01-02
7384,2024-01-02 22:00:00,False,22:00:00,2024-01-02
7385,2024-01-02 22:15:00,False,22:15:00,2024-01-02
7386,2024-01-02 22:30:00,False,22:30:00,2024-01-02
7387,2024-01-02 22:45:00,False,22:45:00,2024-01-02
7388,2024-01-02 23:00:00,False,23:00:00,2024-01-02
7389,2024-01-02 23:15:00,False,23:15:00,2024-01-02
7390,2024-01-02 23:30:00,False,23:30:00,2024-01-02
7391,2024-01-02 23:45:00,False,23:45:00,2024-01-02
7392,2024-01-03 00:00:00,False,00:00:00,2024-01-03
7393,2024-01-03 00:15:00,False,00:15:00,2024-01-03
7394,2024-01-03 00:30:00,False,00:30:00,2024-01-03
7395,2024-01-03 00:45:00,False,00:45:00,2024-01-03
7396,2024-01-03 01:00:00,False,01:00:00,2024-01-03
7397,2024-01-03 01:15:00,False,01:15:00,2024-01-03
7398,2024-01-03 01:30:00,False,01:30:00,2024-01-03
7399,2024-01-03 01:45:00,False,01:45:00,2024-01-03
7400,2024-01-03 02:00:00,False,02:00:00,2024-01-03
7401,2024-01-03 02:15:00,False,02:15:00,2024-01-03
7402,2024-01-03 02:30:00,False,02:30:00,2024-01-03
7403,2024-01-03 02:45:00,False,02:45:00,2024-01-03
7404,2024-01-03 03:00:00,False,03:00:00,2024-01-03
7405,2024-01-03 03:15:00,False,03:15:00,2024-01-03
7406,2024-01-03 03:30:00,False,03:30:00,2024-01-03
7407,2024-01-03 03:45:00,False,03:45:00,2024-01-03
7408,2024-01-03 04:00:00,False,04:00:00,2024-01-03
7409,2024-01-03 04:15:00,False,04:15:00,2024-01-03
7410,2024-01-03 04:30:00,False,04:30:00,2024-01-03
7411,2024-01-03 04:45:00,False,04:45:00,2024-01-03
7412,2024-01-03 05:00:00,False,05:00:00,2024-01-03
7413,2024-01-03 05:15:00,False,05:15:00,2024-01-03
7414,2024-01-03 05:30:00,False,05:30:00,2024-01-03
7415,2024-01-03 05:45:00,False,05:45:00,2024-01-03
7416,2024-01-03 06:00:00,False,06:00:00,2024-01-03
7417,2024-01-03 06:15:00,False,06:15:00,2024-01-03
7418,2024-01-03 06:30:00,False,06:30:00,2024-01-03
7419,2024-01-03 06:45:00,False,06:45:00,2024-01-03
7420,2024-01-03 07:00:00,False,07:00:00,2024-01-03
7421,2024-01-03 07:15:00,False,07:15:00,2024-01-03
7422,2024-01-03 07:30:00,False,07:30:00,2024-01-03
7423,2024-01-03 07:45:00,False,07:45:00,2024-01-03
7424,2024-01-03 08:00:00,False,08:00:00,2024-01-03
7425,2024-01-03 08:15:00,False,08:15:00,2024-01-03
7426,2024-01-03 08:30:00,False,08:30:00,2024-01-03
7427,2024-01-03 08:45:00,False,08:45:00,2024-01-03
7428,2024-01-03 09:00:00,False,09:00:00,2024-01-03
7429,2024-01-03 09:15:00,False,09:15:00,2024-01-03
7430,2024-01-03 09:30:00,False,09:30:00,2024-01-03
7431,2024-01-03 09:45:00,False,09:45:00,2024-01-03
7432,2024-01-03 10:00:00,False,10:00:00,2024-01-03
7433,2024-01-03 10:15:00,False,10:15:00,2024-01-03
7434,2024-01-03 10:30:00,False,10:30:00,2024-01-03
7435,2024-01-03 10:45:00,False,10:45:00,2024-01-03
7436,2024-01-03 11:00:00,False,11:00:00,2024-01-03
7437,2024-01-03 11:15:00,False,11:15:00,2024-01-03
7438,2024-01-03 11:30:00,False,11:30:00,2024-01-03
7439,2024-01-03 11:45:00,False,11:45:00,2024-01-03
7440,2024-01-03 12:00:00,False,12:00:00,2024-01-03
7441,2024-01-03 12:15:00,False,12:15:00,2024-01-03
7442,2024-01-03 12:30:00,False,12:30:00,2024-01-03
7443,2024-01-03 12:45:00,False,12:45:00,2024-01-03
7444,2024-01-03 13:00:00,False,13:00:00,2024-01-03
7445,2024-01-03 13:15:00,False,13:15:00,2024-01-03
7446,2024-01-03 13:30:00,False,13:30:00,2024-01-03
7447,2024-01-03 13:45:00,False,13:45:00,2024-01-03
7448,2024-01-03 14:00:00,False,14:00:00,2024-01-03
7449,2024-01-03 14:15:00,False,14:15:00,2024-01-03
7450,2024-01-03 14:30:00,False,14:30:00,2024-01-03
7451,2024-01-03 14:45:00,False,14:45:00,2024-01-03
7452,2024-01-03 15:00:00,False,15:00:00,2024-01-03
7453,2024-01-03 15:15:00,False,15:15:00,2024-01-03
7454,2024-01-03 15:30:00,False,15:30:00,2024-01-03
7455,2024-01-03 15:45:00,False,15:45:00,2024-01-03
7456,2024-01-03 16:00:00,False,16:00:00,2024-01-03
7457,2024-01-03 16:15:00,False,16:15:00,2024-01-03
7458,2024-01-03 16:30:00,False,16:30:00,2024-01-03
7459,2024-01-03 16:45:00,False,16:45:00,2024-01-03
7460,2024-01-03 17:00:00,False,17:00:00,2024-01-03
7461,2024-01-03 17:15:00,False,17:15:00,2024-01-03
7462,2024-01-03 17:30:00,False,17:30:00,2024-01-03
7463,2024-01-03 17:45:00,False,17:45:00,2024-01-03
7464,2024-01-03 18:00:00,False,18:00:00,2024-01-03
7465,2024-01-03 18:15:00,False,18:15:00,2024-01-03
7466,2024-01-03 18:30:00,False,18:30:00,2024-01-03
7467,2024-01-03 18:45:00,False,18:45:00,2024-01-03
7468,2024-01-03 19:00:00,False,19:00:00,2024-01-03
7469,2024-01-03 19:15:00,False,19:15:00,2024-01-03
7470,2024-01-03 19:30:00,False,19:30:00,2024-01-03
7471,2024-01-03 19:45:00,False,19:45:00,2024-01-03
7472,2024-01-03 20:00:00,False,20:00:00,2024-01-03
7473,2024-01-03 20:15:00,False,20:15:00,2024-01-03
7474,2024-01-03 20:30:00,False,20:30:00,2024-01-03
7475,2024-01-03 20:45:00,False,20:45:00,2024-01-03
7476,2024-01-03 21:00:00,False,21:00:00,2024-01-03
7477,2024-01-03 21:15:00,False,21:15:00,2024-01-03
7478,2024-01-03 21:30:00,False,21:30:00,2024-01-03
7479,2024-01-03 21:45:00,False,21:45:00,2024-01-03
7480,2024-01-03 22:00:00,False,22:00:00,2024-01-03
7481,2024-01-03 22:15:00,False,22:15:00,2024-01-03
7482,2024-01-03 22:30:00,False,22:30:00,2024-01-03
7483,2024-01-03 22:45:00,False,22:45:00,2024-01-03
7484,2024-01-03 23:00:00,False,23:00:00,2024-01-03
7485,2024-01-03 23:15:00,False,23:15:00,2024-01-03
7486,2024-01-03 23:30:00,False,23:30:00,2024-01-03
7487,2024-01-03 23:45:00,False,23:45:00,2024-01-03
7488,2024-01-04 00:00:00,False,00:00:00,2024-01-04
7489,2024-01-04 00:15:00,False,00:15:00,2024-01-04
7490,2024-01-04 00:30:00,False,00:30:00,2024-01-04
7491,2024-01-04 00:45:00,False,00:45:00,2024-01-04
7492,2024-01-04 01:00:00,False,01:00:00,2024-01-04
7493,2024-01-04 01:15:00,False,01:15:00,2024-01-04
7494,2024-01-04 01:30:00,False,01:30:00,2024-01-04
7495,2024-01-04 01:45:00,False,01:45:00,2024-01-04
7496,2024-01-04 02:00:00,False,02:00:00,2024-01-04
7497,2024-01-04 02:15:00,False,02:15:00,2024-01-04
7498,2024-01-04 02:30:00,False,02:30:00,2024-01-04
7499,2024-01-04 02:45:00,False,02:45:00,2024-01-04
7500,2024-01-04 03:00:00,False,03:00:00,2024-01-04
7501,2024-01-04 03:15:00,False,03:15:00,2024-01-04
7502,2024-01-04 03:30:00,False,03:30:00,2024-01-04
7503,2024-01-04 03:45:00,False,03:45:00,2024-01-04
7504,2024-01-04 04:00:00,False,04:00:00,2024-01-04
7505,2024-01-04 04:15:00,False,04:15:00,2024-01-04
7506,2024-01-04 04:30:00,False,04:30:00,2024-01-04
7507,2024-01-04 04:45:00,False,04:45:00,2024-01-04
7508,2024-01-04 05:00:00,False,05:00:00,2024-01-04
7509,2024-01-04 05:15:00,False,05:15:00,2024-01-04
7510,2024-01-04 05:30:00,False,05:30:00,2024-01-04
7511,2024-01-04 05:45:00,False,05:45:00,2024-01-04
7512,2024-01-04 06:00:00,False,06:00:00,2024-01-04
7513,2024-01-04 06:15:00,False,06:15:00,2024-01-04
7514,2024-01-04 06:30:00,False,06:30:00,2024-01-04
7515,2024-01-04 06:45:00,False,06:45:00,2024-01-04
7516,2024-01-04 07:00:00,False,07:00:00,2024-01-04
7517,2024-01-04 07:15:00,False,07:15:00,2024-01-04
7518,2024-01-04 07:30:00,False,07:30:00,2024-01-04
7519,2024-01-04 07:45:00,False,07:45:00,2024-01-04
7520,2024-01-04 08:00:00,False,08:00:00,2024-01-04
7521,2024-01-04 08:15:00,False,08:15:00,2024-01-04
7522,2024-01-04 08:30:00,False,08:30:00,2024-01-04
7523,2024-01-04 08:45:00,False,08:45:00,2024-01-04
7524,2024-01-04 09:00:00,False,09:00:00,2024-01-04
7525,2024-01-04 09:15:00,False,09:15:00,2024-01-04
7526,2024-01-04 09:30:00,False,09:30:00,2024-01-04
7527,2024-01-04 09:45:00,False,09:45:00,2024-01-04
7528,2024-01-04 10:00:00,False,10:00:00,2024-01-04
7529,2024-01-04 10:15:00,False,10:15:00,2024-01-04
7530,2024-01-04 10:30:00,False,10:30:00,2024-01-04
7531,2024-01-04 10:45:00,True,10:45:00,2024-01-04
7532,2024-01-04 11:00:00,False,11:00:00,2024-01-04
7533,2024-01-04 11:15:00,False,11:15:00,2024-01-04
7534,2024-01-04 11:30:00,False,11:30:00,2024-01-04
7535,2024-01-04 11:45:00,False,11:45:00,2024-01-04
7536,2024-01-04 12:00:00,False,12:00:00,2024-01-04
7537,2024-01-04 12:15:00,False,12:15:00,2024-01-04
7538,2024-01-04 12:30:00,False,12:30:00,2024-01-04
7539,2024-01-04 12:45:00,False,12:45:00,2024-01-04
7540,2024-01-04 13:00:00,False,13:00:00,2024-01-04
7541,2024-01-04 13:15:00,False,13:15:00,2024-01-04
7542,2024-01-04 13:30:00,False,13:30:00,2024-01-04
7543,2024-01-04 13:45:00,False,13:45:00,2024-01-04
7544,2024-01-04 14:00:00,False,14:00:00,2024-01-04
7545,2024-01-04 14:15:00,False,14:15:00,2024-01-04
7546,2024-01-04 14:30:00,False,14:30:00,2024-01-04
7547,2024-01-04 14:45:00,False,14:45:00,2024-01-04
7548,2024-01-04 15:00:00,False,15:00:00,2024-01-04
7549,2024-01-04 15:15:00,False,15:15:00,2024-01-04
7550,2024-01-04 15:30:00,False,15:30:00,2024-01-04
7551,2024-01-04 15:45:00,False,15:45:00,2024-01-04
7552,2024-01-04 16:00:00,False,16:00:00,2024-01-04
7553,2024-01-04 16:15:00,False,16:15:00,2024-01-04
7554,2024-01-04 16:30:00,False,16:30:00,2024-01-04
7555,2024-01-04 16:45:00,False,16:45:00,2024-01-04
7556,2024-01-04 17:00:00,False,17:00:00,2024-01-04
7557,2024-01-04 17:15:00,False,17:15:00,2024-01-04
7558,2024-01-04 17:30:00,False,17:30:00,2024-01-04
7559,2024-01-04 17:45:00,False,17:45:00,2024-01-04
7560,2024-01-04 18:00:00,False,18:00:00,2024-01-04
7561,2024-01-04 18:15:00,False,18:15:00,2024-01-04
7562,2024-01-04 18:30:00,False,18:30:00,2024-01-04
7563,2024-01-04 18:45:00,False,18:45:00,2024-01-04
7564,2024-01-04 19:00:00,False,19:00:00,2024-01-04
7565,2024-01-04 19:15:00,False,19:15:00,2024-01-04
7566,2024-01-04 19:30:00,False,19:30:00,2024-01-04
7567,2024-01-04 19:45:00,False,19:45:00,2024-01-04
7568,2024-01-04 20:00:00,False,20:00:00,2024-01-04
7569,2024-01-04 20:15:00,False,20:15:00,2024-01-04
7570,2024-01-04 20:30:00,False,20:30:00,2024-01-04
7571,2024-01-04 20:45:00,False,20:45:00,2024-01-04
7572,2024-01-04 21:00:00,False,21:00:00,2024-01-04
7573,2024-01-04 21:15:00,False,21:15:00,2024-01-04
7574,2024-01-04 21:30:00,False,21:30:00,2024-01-04
7575,2024-01-04 21:45:00,False,21:45:00,2024-01-04
7576,2024-01-04 22:00:00,False,22:00:00,2024-01-04
7577,2024-01-04 22:15:00,False,22:15:00,2024-01-04
7578,2024-01-04 22:30:00,False,22:30:00,2024-01-04
7579,2024-01-04 22:45:00,False,22:45:00,2024-01-04
7580,2024-01-04 23:00:00,False,23:00:00,2024-01-04
7581,2024-01-04 23:15:00,False,23:15:00,2024-01-04
7582,2024-01-04 23:30:00,False,23:30:00,2024-01-04
7583,2024-01-04 23:45:00,False,23:45:00,2024-01-04
7584,2024-01-05 00:00:00,False,00:00:00,2024-01-05
7585,2024-01-05 00:15:00,False,00:15:00,2024-01-05
7586,2024-01-05 00:30:00,False,00:30:00,2024-01-05
7587,2024-01-05 00:45:00,False,00:45:00,2024-01-05
7588,2024-01-05 01:00:00,False,01:00:00,2024-01-05
7589,2024-01-05 01:15:00,False,01:15:00,2024-01-05
7590,2024-01-05 01:30:00,True,01:30:00,2024-01-05
7591,2024-01-05 01:45:00,True,01:45:00,2024-01-05
7592,2024-01-05 02:00:00,True,02:00:00,2024-01-05
7593,2024-01-05 02:15:00,True,02:15:00,2024-01-05
7594,2024-01-05 02:30:00,True,02:30:00,2024-01-05
7595,2024-01-05 02:45:00,True,02:45:00,2024-01-05
7596,2024-01-05 03:00:00,True,03:00:00,2024-01-05
7597,2024-01-05 03:15:00,True,03:15:00,2024-01-05
7598,2024-01-05 03:30:00,True,03:30:00,2024-01-05
7599,2024-01-05 03:45:00,True,03:45:00,2024-01-05
7600,2024-01-05 04:00:00,True,04:00:00,2024-01-05
7601,2024-01-05 04:15:00,True,04:15:00,2024-01-05
7602,2024-01-05 04:30:00,True,04:30:00,2024-01-05
7603,2024-01-05 04:45:00,True,04:45:00,2024-01-05
7604,2024-01-05 05:00:00,True,05:00:00,2024-01-05
7605,2024-01-05 05:15:00,True,05:15:00,2024-01-05
7606,2024-01-05 05:30:00,True,05:30:00,2024-01-05
7607,2024-01-05 05:45:00,True,05:45:00,2024-01-05
7608,2024-01-05 06:00:00,True,06:00:00,2024-01-05
7609,2024-01-05 06:15:00,True,06:15:00,2024-01-05
7610,2024-01-05 06:30:00,True,06:30:00,2024-01-05
7611,2024-01-05 06:45:00,True,06:45:00,2024-01-05
7612,2024-01-05 07:00:00,True,07:00:00,2024-01-05
7613,2024-01-05 07:15:00,True,07:15:00,2024-01-05
7614,2024-01-05 07:30:00,True,07:30:00,2024-01-05
7615,2024-01-05 07:45:00,True,07:45:00,2024-01-05
7616,2024-01-05 08:00:00,True,08:00:00,2024-01-05
7617,2024-01-05 08:15:00,True,08:15:00,2024-01-05
7618,2024-01-05 08:30:00,True,08:30:00,2024-01-05
7619,2024-01-05 08:45:00,True,08:45:00,2024-01-05
7620,2024-01-05 09:00:00,True,09:00:00,2024-01-05
7621,2024-01-05 09:15:00,True,09:15:00,2024-01-05
7622,2024-01-05 09:30:00,True,09:30:00,2024-01-05
7623,2024-01-05 09:45:00,True,09:45:00,2024-01-05
7624,2024-01-05 10:00:00,True,10:00:00,2024-01-05
7625,2024-01-05 10:15:00,True,10:15:00,2024-01-05
7626,2024-01-05 10:30:00,True,10:30:00,2024-01-05
7627,2024-01-05 10:45:00,True,10:45:00,2024-01-05
7628,2024-01-05 11:00:00,True,11:00:00,2024-01-05
7629,2024-01-05 11:15:00,True,11:15:00,2024-01-05
7630,2024-01-05 11:30:00,True,11:30:00,2024-01-05
7631,2024-01-05 11:45:00,True,11:45:00,2024-01-05
7632,2024-01-05 12:00:00,True,12:00:00,2024-01-05
7633,2024-01-05 12:15:00,True,12:15:00,2024-01-05
7634,2024-01-05 12:30:00,True,12:30:00,2024-01-05
7635,2024-01-05 12:45:00,True,12:45:00,2024-01-05
7636,2024-01-05 13:00:00,True,13:00:00,2024-01-05
7637,2024-01-05 13:15:00,True,13:15:00,2024-01-05
7638,2024-01-05 13:30:00,True,13:30:00,2024-01-05
7639,2024-01-05 13:45:00,True,13:45:00,2024-01-05
7640,2024-01-05 14:00:00,True,14:00:00,2024-01-05
7641,2024-01-05 14:15:00,True,14:15:00,2024-01-05
7642,2024-01-05 14:30:00,True,14:30:00,2024-01-05
7643,2024-01-05 14:45:00,True,14:45:00,2024-01-05
7644,2024-01-05 15:00:00,True,15:00:00,2024-01-05
7645,2024-01-05 15:15:00,True,15:15:00,2024-01-05
7646,2024-01-05 15:30:00,True,15:30:00,2024-01-05
7647,2024-01-05 15:45:00,True,15:45:00,2024-01-05
7648,2024-01-05 16:00:00,True,16:00:00,2024-01-05
7649,2024-01-05 16:15:00,True,16:15:00,2024-01-05
7650,2024-01-05 16:30:00,True,16:30:00,2024-01-05
7651,2024-01-05 16:45:00,True,16:45:00,2024-01-05
7652,2024-01-05 17:00:00,True,17:00:00,2024-01-05
7653,2024-01-05 17:15:00,True,17:15:00,2024-01-05
7654,2024-01-05 17:30:00,True,17:30:00,2024-01-05
7655,2024-01-05 17:45:00,True,17:45:00,2024-01-05
7656,2024-01-05 18:00:00,True,18:00:00,2024-01-05
7657,2024-01-05 18:15:00,True,18:15:00,2024-01-05
7658,2024-01-05 18:30:00,True,18:30:00,2024-01-05
7659,2024-01-05 18:45:00,True,18:45:00,2024-01-05
7660,2024-01-05 19:00:00,True,19:00:00,2024-01-05
7661,2024-01-05 19:15:00,True,19:15:00,2024-01-05
7662,2024-01-05 19:30:00,True,19:30:00,2024-01-05
7663,2024-01-05 19:45:00,True,19:45:00,2024-01-05
7664,2024-01-05 20:00:00,True,20:00:00,2024-01-05
7665,2024-01-05 20:15:00,True,20:15:00,2024-01-05
7666,2024-01-05 20:30:00,True,20:30:00,2024-01-05
7667,2024-01-05 20:45:00,True,20:45:00,2024-01-05
7668,2024-01-05 21:00:00,True,21:00:00,2024-01-05
7669,2024-01-05 21:15:00,True,21:15:00,2024-01-05
7670,2024-01-05 21:30:00,True,21:30:00,2024-01-05
7671,2024-01-05 21:45:00,True,21:45:00,2024-01-05
7672,2024-01-05 22:00:00,True,22:00:00,2024-01-05
7673,2024-01-05 22:15:00,True,22:15:00,2024-01-05
7674,2024-01-05 22:30:00,True,22:30:00,2024-01-05
7675,2024-01-05 22:45:00,True,22:45:00,2024-01-05
7676,2024-01-05 23:00:00,True,23:00:00,2024-01-05
7677,2024-01-05 23:15:00,True,23:15:00,2024-01-05
7678,2024-01-05 23:30:00,True,23:30:00,2024-01-05
7679,2024-01-05 23:45:00,True,23:45:00,2024-01-05
7680,2024-01-06 00:00:00,True,00:00:00,2024-01-06
7681,2024-01-06 00:15:00,True,00:15:00,2024-01-06
7682,2024-01-06 00:30:00,True,00:30:00,2024-01-06
7683,2024-01-06 00:45:00,True,00:45:00,2024-01-06
7684,2024-01-06 01:00:00,True,01:00:00,2024-01-06
7685,2024-01-06 01:15:00,True,01:15:00,2024-01-06
7686,2024-01-06 01:30:00,True,01:30:00,2024-01-06
7687,2024-01-06 01:45:00,True,01:45:00,2024-01-06
7688,2024-01-06 02:00:00,True,02:00:00,2024-01-06
7689,2024-01-06 02:15:00,True,02:15:00,2024-01-06
7690,2024-01-06 02:30:00,True,02:30:00,2024-01-06
7691,2024-01-06 02:45:00,True,02:45:00,2024-01-06
7692,2024-01-06 03:00:00,True,03:00:00,2024-01-06
7693,2024-01-06 03:15:00,True,03:15:00,2024-01-06
7694,2024-01-06 03:30:00,True,03:30:00,2024-01-06
7695,2024-01-06 03:45:00,True,03:45:00,2024-01-06
7696,2024-01-06 04:00:00,True,04:00:00,2024-01-06
7697,2024-01-06 04:15:00,True,04:15:00,2024-01-06
7698,2024-01-06 04:30:00,True,04:30:00,2024-01-06
7699,2024-01-06 04:45:00,True,04:45:00,2024-01-06
7700,2024-01-06 05:00:00,True,05:00:00,2024-01-06
7701,2024-01-06 05:15:00,True,05:15:00,2024-01-06
7702,2024-01-06 05:30:00,True,05:30:00,2024-01-06
7703,2024-01-06 05:45:00,True,05:45:00,2024-01-06
7704,2024-01-06 06:00:00,True,06:00:00,2024-01-06
7705,2024-01-06 06:15:00,True,06:15:00,2024-01-06
7706,2024-01-06 06:30:00,True,06:30:00,2024-01-06
7707,2024-01-06 06:45:00,True,06:45:00,2024-01-06
7708,2024-01-06 07:00:00,True,07:00:00,2024-01-06
7709,2024-01-06 07:15:00,True,07:15:00,2024-01-06
7710,2024-01-06 07:30:00,True,07:30:00,2024-01-06
7711,2024-01-06 07:45:00,True,07:45:00,2024-01-06
7712,2024-01-06 08:00:00,True,08:00:00,2024-01-06
7713,2024-01-06 08:15:00,True,08:15:00,2024-01-06
7714,2024-01-06 08:30:00,True,08:30:00,2024-01-06
7715,2024-01-06 08:45:00,True,08:45:00,2024-01-06
7716,2024-01-06 09:00:00,True,09:00:00,2024-01-06
7717,2024-01-06 09:15:00,True,09:15:00,2024-01-06
7718,2024-01-06 09:30:00,True,09:30:00,2024-01-06
7719,2024-01-06 09:45:00,True,09:45:00,2024-01-06
7720,2024-01-06 10:00:00,True,10:00:00,2024-01-06
7721,2024-01-06 10:15:00,True,10:15:00,2024-01-06
7722,2024-01-06 10:30:00,True,10:30:00,2024-01-06
7723,2024-01-06 10:45:00,True,10:45:00,2024-01-06
7724,2024-01-06 11:00:00,True,11:00:00,2024-01-06
7725,2024-01-06 11:15:00,True,11:15:00,2024-01-06
7726,2024-01-06 11:30:00,True,11:30:00,2024-01-06
7727,2024-01-06 11:45:00,True,11:45:00,2024-01-06
7728,2024-01-06 12:00:00,True,12:00:00,2024-01-06
7729,2024-01-06 12:15:00,True,12:15:00,2024-01-06
7730,2024-01-06 12:30:00,True,12:30:00,2024-01-06
7731,2024-01-06 12:45:00,True,12:45:00,2024-01-06
7732,2024-01-06 13:00:00,True,13:00:00,2024-01-06
7733,2024-01-06 13:15:00,True,13:15:00,2024-01-06
7734,2024-01-06 13:30:00,True,13:30:00,2024-01-06
7735,2024-01-06 13:45:00,True,13:45:00,2024-01-06
7736,2024-01-06 14:00:00,True,14:00:00,2024-01-06
7737,2024-01-06 14:15:00,True,14:15:00,2024-01-06
7738,2024-01-06 14:30:00,True,14:30:00,2024-01-06
7739,2024-01-06 14:45:00,True,14:45:00,2024-01-06
7740,2024-01-06 15:00:00,True,15:00:00,2024-01-06
7741,2024-01-06 15:15:00,True,15:15:00,2024-01-06
7742,2024-01-06 15:30:00,True,15:30:00,2024-01-06
7743,2024-01-06 15:45:00,True,15:45:00,2024-01-06
7744,2024-01-06 16:00:00,True,16:00:00,2024-01-06
7745,2024-01-06 16:15:00,True,16:15:00,2024-01-06
7746,2024-01-06 16:30:00,True,16:30:00,2024-01-06
7747,2024-01-06 16:45:00,True,16:45:00,2024-01-06
7748,2024-01-06 17:00:00,True,17:00:00,2024-01-06
7749,2024-01-06 17:15:00,True,17:15:00,2024-01-06
7750,2024-01-06 17:30:00,True,17:30:00,2024-01-06
7751,2024-01-06 17:45:00,True,17:45:00,2024-01-06
7752,2024-01-06 18:00:00,True,18:00:00,2024-01-06
7753,2024-01-06 18:15:00,True,18:15:00,2024-01-06
7754,2024-01-06 18:30:00,True,18:30:00,2024-01-06
7755,2024-01-06 18:45:00,True,18:45:00,2024-01-06
7756,2024-01-06 19:00:00,True,19:00:00,2024-01-06
7757,2024-01-06 19:15:00,True,19:15:00,2024-01-06
7758,2024-01-06 19:30:00,True,19:30:00,2024-01-06
7759,2024-01-06 19:45:00,True,19:45:00,2024-01-06
7760,2024-01-06 20:00:00,True,20:00:00,2024-01-06
7761,2024-01-06 20:15:00,True,20:15:00,2024-01-06
7762,2024-01-06 20:30:00,True,20:30:00,2024-01-06
7763,2024-01-06 20:45:00,True,20:45:00,2024-01-06
7764,2024-01-06 21:00:00,True,21:00:00,2024-01-06
7765,2024-01-06 21:15:00,True,21:15:00,2024-01-06
7766,2024-01-06 21:30:00,True,21:30:00,2024-01-06
7767,2024-01-06 21:45:00,True,21:45:00,2024-01-06
7768,2024-01-06 22:00:00,True,22:00:00,2024-01-06
7769,2024-01-06 22:15:00,True,22:15:00,2024-01-06
7770,2024-01-06 22:30:00,True,22:30:00,2024-01-06
7771,2024-01-06 22:45:00,True,22:45:00,2024-01-06
7772,2024-01-06 23:00:00,True,23:00:00,2024-01-06
7773,2024-01-06 23:15:00,True,23:15:00,2024-01-06
7774,2024-01-06 23:30:00,True,23:30:00,2024-01-06
7775,2024-01-06 23:45:00,True,23:45:00,2024-01-06
7776,2024-01-07 00:00:00,True,00:00:00,2024-01-07
7777,2024-01-07 00:15:00,True,00:15:00,2024-01-07
7778,2024-01-07 00:30:00,True,00:30:00,2024-01-07
7779,2024-01-07 00:45:00,True,00:45:00,2024-01-07
7780,2024-01-07 01:00:00,True,01:00:00,2024-01-07
7781,2024-01-07 01:15:00,True,01:15:00,2024-01-07
7782,2024-01-07 01:30:00,True,01:30:00,2024-01-07
7783,2024-01-07 01:45:00,True,01:45:00,2024-01-07
7784,2024-01-07 02:00:00,True,02:00:00,2024-01-07
7785,2024-01-07 02:15:00,True,02:15:00,2024-01-07
7786,2024-01-07 02:30:00,True,02:30:00,2024-01-07
7787,2024-01-07 02:45:00,True,02:45:00,2024-01-07
7788,2024-01-07 03:00:00,True,03:00:00,2024-01-07
7789,2024-01-07 03:15:00,True,03:15:00,2024-01-07
7790,2024-01-07 03:30:00,True,03:30:00,2024-01-07
7791,2024-01-07 03:45:00,True,03:45:00,2024-01-07
7792,2024-01-07 04:00:00,True,04:00:00,2024-01-07
7793,2024-01-07 04:15:00,True,04:15:00,2024-01-07
7794,2024-01-07 04:30:00,True,04:30:00,2024-01-07
7795,2024-01-07 04:45:00,True,04:45:00,2024-01-07
7796,2024-01-07 05:00:00,True,05:00:00,2024-01-07
7797,2024-01-07 05:15:00,True,05:15:00,2024-01-07
7798,2024-01-07 05:30:00,True,05:30:00,2024-01-07
7799,2024-01-07 05:45:00,True,05:45:00,2024-01-07
7800,2024-01-07 06:00:00,True,06:00:00,2024-01-07
7801,2024-01-07 06:15:00,True,06:15:00,2024-01-07
7802,2024-01-07 06:30:00,True,06:30:00,2024-01-07
7803,2024-01-07 06:45:00,True,06:45:00,2024-01-07
7804,2024-01-07 07:00:00,True,07:00:00,2024-01-07
7805,2024-01-07 07:15:00,True,07:15:00,2024-01-07
7806,2024-01-07 07:30:00,True,07:30:00,2024-01-07
7807,2024-01-07 07:45:00,True,07:45:00,2024-01-07
7808,2024-01-07 08:00:00,True,08:00:00,2024-01-07
7809,2024-01-07 08:15:00,True,08:15:00,2024-01-07
7810,2024-01-07 08:30:00,True,08:30:00,2024-01-07
7811,2024-01-07 08:45:00,True,08:45:00,2024-01-07
7812,2024-01-07 09:00:00,True,09:00:00,2024-01-07
7813,2024-01-07 09:15:00,False,09:15:00,2024-01-07
7814,2024-01-07 09:30:00,False,09:30:00,2024-01-07
7815,2024-01-07 09:45:00,False,09:45:00,2024-01-07
7816,2024-01-07 10:00:00,False,10:00:00,2024-01-07
7817,2024-01-07 10:15:00,False,10:15:00,2024-01-07
7818,2024-01-07 10:30:00,False,10:30:00,2024-01-07
7819,2024-01-07 10:45:00,False,10:45:00,2024-01-07
7820,2024-01-07 11:00:00,False,11:00:00,2024-01-07
7821,2024-01-07 11:15:00,False,11:15:00,2024-01-07
7822,2024-01-07 11:30:00,False,11:30:00,2024-01-07
7823,2024-01-07 11:45:00,False,11:45:00,2024-01-07
7824,2024-01-07 12:00:00,False,12:00:00,2024-01-07
7825,2024-01-07 12:15:00,False,12:15:00,2024-01-07
7826,2024-01-07 12:30:00,False,12:30:00,2024-01-07
7827,2024-01-07 12:45:00,False,12:45:00,2024-01-07
7828,2024-01-07 13:00:00,False,13:00:00,2024-01-07
7829,2024-01-07 13:15:00,False,13:15:00,2024-01-07
7830,2024-01-07 13:30:00,False,13:30:00,2024-01-07
7831,2024-01-07 13:45:00,False,13:45:00,2024-01-07
7832,2024-01-07 14:00:00,False,14:00:00,2024-01-07
7833,2024-01-07 14:15:00,False,14:15:00,2024-01-07
7834,2024-01-07 14:30:00,False,14:30:00,2024-01-07
7835,2024-01-07 14:45:00,False,14:45:00,2024-01-07
7836,2024-01-07 15:00:00,False,15:00:00,2024-01-07
7837,2024-01-07 15:15:00,False,15:15:00,2024-01-07
7838,2024-01-07 15:30:00,False,15:30:00,2024-01-07
7839,2024-01-07 15:45:00,False,15:45:00,2024-01-07
7840,2024-01-07 16:00:00,False,16:00:00,2024-01-07
7841,2024-01-07 16:15:00,False,16:15:00,2024-01-07
7842,2024-01-07 16:30:00,False,16:30:00,2024-01-07
7843,2024-01-07 16:45:00,False,16:45:00,2024-01-07
7844,2024-01-07 17:00:00,False,17:00:00,2024-01-07
7845,2024-01-07 17:15:00,False,17:15:00,2024-01-07
7846,2024-01-07 17:30:00,False,17:30:00,2024-01-07
7847,2024-01-07 17:45:00,False,17:45:00,2024-01-07
7848,2024-01-07 18:00:00,False,18:00:00,2024-01-07
7849,2024-01-07 18:15:00,False,18:15:00,2024-01-07
7850,2024-01-07 18:30:00,False,18:30:00,2024-01-07
7851,2024-01-07 18:45:00,False,18:45:00,2024-01-07
7852,2024-01-07 19:00:00,False,19:00:00,2024-01-07
7853,2024-01-07 19:15:00,False,19:15:00,2024-01-07
7854,2024-01-07 19:30:00,False,19:30:00,2024-01-07
7855,2024-01-07 19:45:00,False,19:45:00,2024-01-07
7856,2024-01-07 20:00:00,False,20:00:00,2024-01-07
7857,2024-01-07 20:15:00,False,20:15:00,2024-01-07
7858,2024-01-07 20:30:00,False,20:30:00,2024-01-07
7859,2024-01-07 20:45:00,False,20:45:00,2024-01-07
7860,2024-01-07 21:00:00,False,21:00:00,2024-01-07
7861,2024-01-07 21:15:00,False,21:15:00,2024-01-07
7862,2024-01-07 21:30:00,False,21:30:00,2024-01-07
7863,2024-01-07 21:45:00,False,21:45:00,2024-01-07
7864,2024-01-07 22:00:00,False,22:00:00,2024-01-07
7865,2024-01-07 22:15:00,False,22:15:00,2024-01-07
7866,2024-01-07 22:30:00,False,22:30:00,2024-01-07
7867,2024-01-07 22:45:00,False,22:45:00,2024-01-07
7868,2024-01-07 23:00:00,False,23:00:00,2024-01-07
7869,2024-01-07 23:15:00,False,23:15:00,2024-01-07
7870,2024-01-07 23:30:00,False,23:30:00,2024-01-07
7871,2024-01-07 23:45:00,False,23:45:00,2024-01-07
7872,2024-01-08 00:00:00,False,00:00:00,2024-01-08
7873,2024-01-08 00:15:00,False,00:15:00,2024-01-08
7874,2024-01-08 00:30:00,False,00:30:00,2024-01-08
7875,2024-01-08 00:45:00,False,00:45:00,2024-01-08
7876,2024-01-08 01:00:00,False,01:00:00,2024-01-08
7877,2024-01-08 01:15:00,False,01:15:00,2024-01-08
7878,2024-01-08 01:30:00,False,01:30:00,2024-01-08
7879,2024-01-08 01:45:00,False,01:45:00,2024-01-08
7880,2024-01-08 02:00:00,False,02:00:00,2024-01-08
7881,2024-01-08 02:15:00,False,02:15:00,2024-01-08
7882,2024-01-08 02:30:00,False,02:30:00,2024-01-08
7883,2024-01-08 02:45:00,False,02:45:00,2024-01-08
7884,2024-01-08 03:00:00,False,03:00:00,2024-01-08
7885,2024-01-08 03:15:00,False,03:15:00,2024-01-08
7886,2024-01-08 03:30:00,False,03:30:00,2024-01-08
7887,2024-01-08 03:45:00,False,03:45:00,2024-01-08
7888,2024-01-08 04:00:00,False,04:00:00,2024-01-08
7889,2024-01-08 04:15:00,False,04:15:00,2024-01-08
7890,2024-01-08 04:30:00,False,04:30:00,2024-01-08
7891,2024-01-08 04:45:00,False,04:45:00,2024-01-08
7892,2024-01-08 05:00:00,False,05:00:00,2024-01-08
7893,2024-01-08 05:15:00,False,05:15:00,2024-01-08
7894,2024-01-08 05:30:00,False,05:30:00,2024-01-08
7895,2024-01-08 05:45:00,False,05:45:00,2024-01-08
7896,2024-01-08 06:00:00,False,06:00:00,2024-01-08
7897,2024-01-08 06:15:00,False,06:15:00,2024-01-08
7898,2024-01-08 06:30:00,False,06:30:00,2024-01-08
7899,2024-01-08 06:45:00,False,06:45:00,2024-01-08
7900,2024-01-08 07:00:00,False,07:00:00,2024-01-08
7901,2024-01-08 07:15:00,False,07:15:00,2024-01-08
7902,2024-01-08 07:30:00,False,07:30:00,2024-01-08
7903,2024-01-08 07:45:00,False,07:45:00,2024-01-08
7904,2024-01-08 08:00:00,False,08:00:00,2024-01-08
7905,2024-01-08 08:15:00,False,08:15:00,2024-01-08
7906,2024-01-08 08:30:00,False,08:30:00,2024-01-08
7907,2024-01-08 08:45:00,False,08:45:00,2024-01-08
7908,2024-01-08 09:00:00,False,09:00:00,2024-01-08
7909,2024-01-08 09:15:00,False,09:15:00,2024-01-08
7910,2024-01-08 09:30:00,False,09:30:00,2024-01-08
7911,2024-01-08 09:45:00,False,09:45:00,2024-01-08
7912,2024-01-08 10:00:00,False,10:00:00,2024-01-08
7913,2024-01-08 10:15:00,True,10:15:00,2024-01-08
7914,2024-01-08 10:30:00,True,10:30:00,2024-01-08
7915,2024-01-08 10:45:00,True,10:45:00,2024-01-08
7916,2024-01-08 11:00:00,True,11:00:00,2024-01-08
7917,2024-01-08 11:15:00,True,11:15:00,2024-01-08
7918,2024-01-08 11:30:00,True,11:30:00,2024-01-08
7919,2024-01-08 11:45:00,True,11:45:00,2024-01-08
7920,2024-01-08 12:00:00,True,12:00:00,2024-01-08
7921,2024-01-08 12:15:00,True,12:15:00,2024-01-08
7922,2024-01-08 12:30:00,True,12:30:00,2024-01-08
7923,2024-01-08 12:45:00,True,12:45:00,2024-01-08
7924,2024-01-08 13:00:00,True,13:00:00,2024-01-08
7925,2024-01-08 13:15:00,True,13:15:00,2024-01-08
7926,2024-01-08 13:30:00,True,13:30:00,2024-01-08
7927,2024-01-08 13:45:00,True,13:45:00,2024-01-08
7928,2024-01-08 14:00:00,True,14:00:00,2024-01-08
7929,2024-01-08 14:15:00,True,14:15:00,2024-01-08
7930,2024-01-08 14:30:00,True,14:30:00,2024-01-08
7931,2024-01-08 14:45:00,True,14:45:00,2024-01-08
7932,2024-01-08 15:00:00,True,15:00:00,2024-01-08
7933,2024-01-08 15:15:00,True,15:15:00,2024-01-08
7934,2024-01-08 15:30:00,True,15:30:00,2024-01-08
7935,2024-01-08 15:45:00,True,15:45:00,2024-01-08
7936,2024-01-08 16:00:00,True,16:00:00,2024-01-08
7937,2024-01-08 16:15:00,True,16:15:00,2024-01-08
7938,2024-01-08 16:30:00,True,16:30:00,2024-01-08
7939,2024-01-08 16:45:00,True,16:45:00,2024-01-08
7940,2024-01-08 17:00:00,True,17:00:00,2024-01-08
7941,2024-01-08 17:15:00,True,17:15:00,2024-01-08
7942,2024-01-08 17:30:00,True,17:30:00,2024-01-08
7943,2024-01-08 17:45:00,True,17:45:00,2024-01-08
7944,2024-01-08 18:00:00,True,18:00:00,2024-01-08
7945,2024-01-08 18:15:00,True,18:15:00,2024-01-08
7946,2024-01-08 18:30:00,True,18:30:00,2024-01-08
7947,2024-01-08 18:45:00,True,18:45:00,2024-01-08
7948,2024-01-08 19:00:00,True,19:00:00,2024-01-08
7949,2024-01-08 19:15:00,True,19:15:00,2024-01-08
7950,2024-01-08 19:30:00,True,19:30:00,2024-01-08
7951,2024-01-08 19:45:00,True,19:45:00,2024-01-08
7952,2024-01-08 20:00:00,True,20:00:00,2024-01-08
7953,2024-01-08 20:15:00,True,20:15:00,2024-01-08
7954,2024-01-08 20:30:00,True,20:30:00,2024-01-08
7955,2024-01-08 20:45:00,True,20:45:00,2024-01-08
7956,2024-01-08 21:00:00,True,21:00:00,2024-01-08
7957,2024-01-08 21:15:00,True,21:15:00,2024-01-08
7958,2024-01-08 21:30:00,True,21:30:00,2024-01-08
7959,2024-01-08 21:45:00,True,21:45:00,2024-01-08
7960,2024-01-08 22:00:00,True,22:00:00,2024-01-08
7961,2024-01-08 22:15:00,True,22:15:00,2024-01-08
7962,2024-01-08 22:30:00,True,22:30:00,2024-01-08
7963,2024-01-08 22:45:00,True,22:45:00,2024-01-08
7964,2024-01-08 23:00:00,True,23:00:00,2024-01-08
7965,2024-01-08 23:15:00,True,23:15:00,2024-01-08
7966,2024-01-08 23:30:00,True,23:30:00,2024-01-08
7967,2024-01-08 23:45:00,True,23:45:00,2024-01-08
7968,2024-01-09 00:00:00,True,00:00:00,2024-01-09
7969,2024-01-09 00:15:00,True,00:15:00,2024-01-09
7970,2024-01-09 00:30:00,True,00:30:00,2024-01-09
7971,2024-01-09 00:45:00,True,00:45:00,2024-01-09
7972,2024-01-09 01:00:00,True,01:00:00,2024-01-09
7973,2024-01-09 01:15:00,True,01:15:00,2024-01-09
7974,2024-01-09 01:30:00,True,01:30:00,2024-01-09
7975,2024-01-09 01:45:00,True,01:45:00,2024-01-09
7976,2024-01-09 02:00:00,True,02:00:00,2024-01-09
7977,2024-01-09 02:15:00,True,02:15:00,2024-01-09
7978,2024-01-09 02:30:00,True,02:30:00,2024-01-09
7979,2024-01-09 02:45:00,True,02:45:00,2024-01-09
7980,2024-01-09 03:00:00,True,03:00:00,2024-01-09
7981,2024-01-09 03:15:00,True,03:15:00,2024-01-09
7982,2024-01-09 03:30:00,True,03:30:00,2024-01-09
7983,2024-01-09 03:45:00,True,03:45:00,2024-01-09
7984,2024-01-09 04:00:00,True,04:00:00,2024-01-09
7985,2024-01-09 04:15:00,True,04:15:00,2024-01-09
7986,2024-01-09 04:30:00,True,04:30:00,2024-01-09
7987,2024-01-09 04:45:00,True,04:45:00,2024-01-09
7988,2024-01-09 05:00:00,True,05:00:00,2024-01-09
7989,2024-01-09 05:15:00,True,05:15:00,2024-01-09
7990,2024-01-09 05:30:00,True,05:30:00,2024-01-09
7991,2024-01-09 05:45:00,True,05:45:00,2024-01-09
7992,2024-01-09 06:00:00,True,06:00:00,2024-01-09
7993,2024-01-09 06:15:00,True,06:15:00,2024-01-09
7994,2024-01-09 06:30:00,True,06:30:00,2024-01-09
7995,2024-01-09 06:45:00,True,06:45:00,2024-01-09
7996,2024-01-09 07:00:00,True,07:00:00,2024-01-09
7997,2024-01-09 07:15:00,True,07:15:00,2024-01-09
7998,2024-01-09 07:30:00,False,07:30:00,2024-01-09
7999,2024-01-09 07:45:00,False,07:45:00,2024-01-09
8000,2024-01-09 08:00:00,False,08:00:00,2024-01-09
8001,2024-01-09 08:15:00,False,08:15:00,2024-01-09
8002,2024-01-09 08:30:00,False,08:30:00,2024-01-09
8003,2024-01-09 08:45:00,False,08:45:00,2024-01-09
8004,2024-01-09 09:00:00,False,09:00:00,2024-01-09
8005,2024-01-09 09:15:00,False,09:15:00,2024-01-09
8006,2024-01-09 09:30:00,False,09:30:00,2024-01-09
8007,2024-01-09 09:45:00,False,09:45:00,2024-01-09
8008,2024-01-09 10:00:00,False,10:00:00,2024-01-09
8009,2024-01-09 10:15:00,False,10:15:00,2024-01-09
8010,2024-01-09 10:30:00,False,10:30:00,2024-01-09
8011,2024-01-09 10:45:00,False,10:45:00,2024-01-09
8012,2024-01-09 11:00:00,False,11:00:00,2024-01-09
8013,2024-01-09 11:15:00,False,11:15:00,2024-01-09
8014,2024-01-09 11:30:00,False,11:30:00,2024-01-09
8015,2024-01-09 11:45:00,False,11:45:00,2024-01-09
8016,2024-01-09 12:00:00,False,12:00:00,2024-01-09
8017,2024-01-09 12:15:00,False,12:15:00,2024-01-09
8018,2024-01-09 12:30:00,False,12:30:00,2024-01-09
8019,2024-01-09 12:45:00,False,12:45:00,2024-01-09
8020,2024-01-09 13:00:00,False,13:00:00,2024-01-09
8021,2024-01-09 13:15:00,False,13:15:00,2024-01-09
8022,2024-01-09 13:30:00,False,13:30:00,2024-01-09
8023,2024-01-09 13:45:00,False,13:45:00,2024-01-09
8024,2024-01-09 14:00:00,False,14:00:00,2024-01-09
8025,2024-01-09 14:15:00,False,14:15:00,2024-01-09
8026,2024-01-09 14:30:00,False,14:30:00,2024-01-09
8027,2024-01-09 14:45:00,False,14:45:00,2024-01-09
8028,2024-01-09 15:00:00,False,15:00:00,2024-01-09
8029,2024-01-09 15:15:00,False,15:15:00,2024-01-09
8030,2024-01-09 15:30:00,False,15:30:00,2024-01-09
8031,2024-01-09 15:45:00,False,15:45:00,2024-01-09
8032,2024-01-09 16:00:00,False,16:00:00,2024-01-09
8033,2024-01-09 16:15:00,False,16:15:00,2024-01-09
8034,2024-01-09 16:30:00,False,16:30:00,2024-01-09
8035,2024-01-09 16:45:00,False,16:45:00,2024-01-09
8036,2024-01-09 17:00:00,False,17:00:00,2024-01-09
8037,2024-01-09 17:15:00,False,17:15:00,2024-01-09
8038,2024-01-09 17:30:00,False,17:30:00,2024-01-09
8039,2024-01-09 17:45:00,False,17:45:00,2024-01-09
8040,2024-01-09 18:00:00,False,18:00:00,2024-01-09
8041,2024-01-09 18:15:00,False,18:15:00,2024-01-09
8042,2024-01-09 18:30:00,False,18:30:00,2024-01-09
8043,2024-01-09 18:45:00,False,18:45:00,2024-01-09
8044,2024-01-09 19:00:00,False,19:00:00,2024-01-09
8045,2024-01-09 19:15:00,False,19:15:00,2024-01-09
8046,2024-01-09 19:30:00,False,19:30:00,2024-01-09
8047,2024-01-09 19:45:00,False,19:45:00,2024-01-09
8048,2024-01-09 20:00:00,False,20:00:00,2024-01-09
8049,2024-01-09 20:15:00,False,20:15:00,2024-01-09
8050,2024-01-09 20:30:00,False,20:30:00,2024-01-09
8051,2024-01-09 20:45:00,False,20:45:00,2024-01-09
8052,2024-01-09 21:00:00,False,21:00:00,2024-01-09
8053,2024-01-09 21:15:00,False,21:15:00,2024-01-09
8054,2024-01-09 21:30:00,False,21:30:00,2024-01-09
8055,2024-01-09 21:45:00,False,21:45:00,2024-01-09
8056,2024-01-09 22:00:00,False,22:00:00,2024-01-09
8057,2024-01-09 22:15:00,False,22:15:00,2024-01-09
8058,2024-01-09 22:30:00,False,22:30:00,2024-01-09
8059,2024-01-09 22:45:00,False,22:45:00,2024-01-09
8060,2024-01-09 23:00:00,False,23:00:00,2024-01-09
8061,2024-01-09 23:15:00,False,23:15:00,2024-01-09
8062,2024-01-09 23:30:00,False,23:30:00,2024-01-09
8063,2024-01-09 23:45:00,False,23:45:00,2024-01-09
8064,2024-01-10 00:00:00,False,00:00:00,2024-01-10
8065,2024-01-10 00:15:00,False,00:15:00,2024-01-10
8066,2024-01-10 00:30:00,False,00:30:00,2024-01-10
8067,2024-01-10 00:45:00,False,00:45:00,2024-01-10
8068,2024-01-10 01:00:00,False,01:00:00,2024-01-10
8069,2024-01-10 01:15:00,False,01:15:00,2024-01-10
8070,2024-01-10 01:30:00,False,01:30:00,2024-01-10
8071,2024-01-10 01:45:00,False,01:45:00,2024-01-10
8072,2024-01-10 02:00:00,False,02:00:00,2024-01-10
8073,2024-01-10 02:15:00,False,02:15:00,2024-01-10
8074,2024-01-10 02:30:00,False,02:30:00,2024-01-10
8075,2024-01-10 02:45:00,False,02:45:00,2024-01-10
8076,2024-01-10 03:00:00,False,03:00:00,2024-01-10
8077,2024-01-10 03:15:00,False,03:15:00,2024-01-10
8078,2024-01-10 03:30:00,False,03:30:00,2024-01-10
8079,2024-01-10 03:45:00,False,03:45:00,2024-01-10
8080,2024-01-10 04:00:00,False,04:00:00,2024-01-10
8081,2024-01-10 04:15:00,False,04:15:00,2024-01-10
8082,2024-01-10 04:30:00,False,04:30:00,2024-01-10
8083,2024-01-10 04:45:00,False,04:45:00,2024-01-10
8084,2024-01-10 05:00:00,False,05:00:00,2024-01-10
8085,2024-01-10 05:15:00,False,05:15:00,2024-01-10
8086,2024-01-10 05:30:00,False,05:30:00,2024-01-10
8087,2024-01-10 05:45:00,False,05:45:00,2024-01-10
8088,2024-01-10 06:00:00,False,06:00:00,2024-01-10
8089,2024-01-10 06:15:00,False,06:15:00,2024-01-10
8090,2024-01-10 06:30:00,False,06:30:00,2024-01-10
8091,2024-01-10 06:45:00,False,06:45:00,2024-01-10
8092,2024-01-10 07:00:00,False,07:00:00,2024-01-10
8093,2024-01-10 07:15:00,False,07:15:00,2024-01-10
8094,2024-01-10 07:30:00,False,07:30:00,2024-01-10
8095,2024-01-10 07:45:00,False,07:45:00,2024-01-10
8096,2024-01-10 08:00:00,False,08:00:00,2024-01-10
8097,2024-01-10 08:15:00,False,08:15:00,2024-01-10
8098,2024-01-10 08:30:00,False,08:30:00,2024-01-10
8099,2024-01-10 08:45:00,False,08:45:00,2024-01-10
8100,2024-01-10 09:00:00,False,09:00:00,2024-01-10
8101,2024-01-10 09:15:00,False,09:15:00,2024-01-10
8102,2024-01-10 09:30:00,False,09:30:00,2024-01-10
8103,2024-01-10 09:45:00,False,09:45:00,2024-01-10
8104,2024-01-10 10:00:00,False,10:00:00,2024-01-10
8105,2024-01-10 10:15:00,False,10:15:00,2024-01-10
8106,2024-01-10 10:30:00,False,10:30:00,2024-01-10
8107,2024-01-10 10:45:00,False,10:45:00,2024-01-10
8108,2024-01-10 11:00:00,False,11:00:00,2024-01-10
8109,2024-01-10 11:15:00,False,11:15:00,2024-01-10
8110,2024-01-10 11:30:00,False,11:30:00,2024-01-10
8111,2024-01-10 11:45:00,False,11:45:00,2024-01-10
8112,2024-01-10 12:00:00,False,12:00:00,2024-01-10
8113,2024-01-10 12:15:00,False,12:15:00,2024-01-10
8114,2024-01-10 12:30:00,False,12:30:00,2024-01-10
8115,2024-01-10 12:45:00,False,12:45:00,2024-01-10
8116,2024-01-10 13:00:00,False,13:00:00,2024-01-10
8117,2024-01-10 13:15:00,False,13:15:00,2024-01-10
8118,2024-01-10 13:30:00,False,13:30:00,2024-01-10
8119,2024-01-10 13:45:00,False,13:45:00,2024-01-10
8120,2024-01-10 14:00:00,False,14:00:00,2024-01-10
8121,2024-01-10 14:15:00,False,14:15:00,2024-01-10
8122,2024-01-10 14:30:00,False,14:30:00,2024-01-10
8123,2024-01-10 14:45:00,False,14:45:00,2024-01-10
8124,2024-01-10 15:00:00,False,15:00:00,2024-01-10
8125,2024-01-10 15:15:00,False,15:15:00,2024-01-10
8126,2024-01-10 15:30:00,False,15:30:00,2024-01-10
8127,2024-01-10 15:45:00,False,15:45:00,2024-01-10
8128,2024-01-10 16:00:00,False,16:00:00,2024-01-10
8129,2024-01-10 16:15:00,False,16:15:00,2024-01-10
8130,2024-01-10 16:30:00,False,16:30:00,2024-01-10
8131,2024-01-10 16:45:00,False,16:45:00,2024-01-10
8132,2024-01-10 17:00:00,False,17:00:00,2024-01-10
8133,2024-01-10 17:15:00,False,17:15:00,2024-01-10
8134,2024-01-10 17:30:00,False,17:30:00,2024-01-10
8135,2024-01-10 17:45:00,False,17:45:00,2024-01-10
8136,2024-01-10 18:00:00,False,18:00:00,2024-01-10
8137,2024-01-10 18:15:00,False,18:15:00,2024-01-10
8138,2024-01-10 18:30:00,False,18:30:00,2024-01-10
8139,2024-01-10 18:45:00,False,18:45:00,2024-01-10
8140,2024-01-10 19:00:00,False,19:00:00,2024-01-10
8141,2024-01-10 19:15:00,False,19:15:00,2024-01-10
8142,2024-01-10 19:30:00,False,19:30:00,2024-01-10
8143,2024-01-10 19:45:00,False,19:45:00,2024-01-10
8144,2024-01-10 20:00:00,False,20:00:00,2024-01-10
8145,2024-01-10 20:15:00,False,20:15:00,2024-01-10
8146,2024-01-10 20:30:00,False,20:30:00,2024-01-10
8147,2024-01-10 20:45:00,False,20:45:00,2024-01-10
8148,2024-01-10 21:00:00,False,21:00:00,2024-01-10
8149,2024-01-10 21:15:00,False,21:15:00,2024-01-10
8150,2024-01-10 21:30:00,False,21:30:00,2024-01-10
8151,2024-01-10 21:45:00,False,21:45:00,2024-01-10
8152,2024-01-10 22:00:00,False,22:00:00,2024-01-10
8153,2024-01-10 22:15:00,False,22:15:00,2024-01-10
8154,2024-01-10 22:30:00,False,22:30:00,2024-01-10
8155,2024-01-10 22:45:00,False,22:45:00,2024-01-10
8156,2024-01-10 23:00:00,False,23:00:00,2024-01-10
8157,2024-01-10 23:15:00,False,23:15:00,2024-01-10
8158,2024-01-10 23:30:00,False,23:30:00,2024-01-10
8159,2024-01-10 23:45:00,False,23:45:00,2024-01-10
8160,2024-01-11 00:00:00,False,00:00:00,2024-01-11
8161,2024-01-11 00:15:00,False,00:15:00,2024-01-11
8162,2024-01-11 00:30:00,False,00:30:00,2024-01-11
8163,2024-01-11 00:45:00,False,00:45:00,2024-01-11
8164,2024-01-11 01:00:00,False,01:00:00,2024-01-11
8165,2024-01-11 01:15:00,False,01:15:00,2024-01-11
8166,2024-01-11 01:30:00,False,01:30:00,2024-01-11
8167,2024-01-11 01:45:00,False,01:45:00,2024-01-11
8168,2024-01-11 02:00:00,False,02:00:00,2024-01-11
8169,2024-01-11 02:15:00,False,02:15:00,2024-01-11
8170,2024-01-11 02:30:00,False,02:30:00,2024-01-11
8171,2024-01-11 02:45:00,False,02:45:00,2024-01-11
8172,2024-01-11 03:00:00,False,03:00:00,2024-01-11
8173,2024-01-11 03:15:00,False,03:15:00,2024-01-11
8174,2024-01-11 03:30:00,False,03:30:00,2024-01-11
8175,2024-01-11 03:45:00,False,03:45:00,2024-01-11
8176,2024-01-11 04:00:00,False,04:00:00,2024-01-11
8177,2024-01-11 04:15:00,False,04:15:00,2024-01-11
8178,2024-01-11 04:30:00,False,04:30:00,2024-01-11
8179,2024-01-11 04:45:00,False,04:45:00,2024-01-11
8180,2024-01-11 05:00:00,False,05:00:00,2024-01-11
8181,2024-01-11 05:15:00,False,05:15:00,2024-01-11
8182,2024-01-11 05:30:00,False,05:30:00,2024-01-11
8183,2024-01-11 05:45:00,False,05:45:00,2024-01-11
8184,2024-01-11 06:00:00,False,06:00:00,2024-01-11
8185,2024-01-11 06:15:00,False,06:15:00,2024-01-11
8186,2024-01-11 06:30:00,False,06:30:00,2024-01-11
8187,2024-01-11 06:45:00,False,06:45:00,2024-01-11
8188,2024-01-11 07:00:00,False,07:00:00,2024-01-11
8189,2024-01-11 07:15:00,False,07:15:00,2024-01-11
8190,2024-01-11 07:30:00,False,07:30:00,2024-01-11
8191,2024-01-11 07:45:00,False,07:45:00,2024-01-11
8192,2024-01-11 08:00:00,False,08:00:00,2024-01-11
8193,2024-01-11 08:15:00,False,08:15:00,2024-01-11
8194,2024-01-11 08:30:00,False,08:30:00,2024-01-11
8195,2024-01-11 08:45:00,False,08:45:00,2024-01-11
8196,2024-01-11 09:00:00,False,09:00:00,2024-01-11
8197,2024-01-11 09:15:00,False,09:15:00,2024-01-11
8198,2024-01-11 09:30:00,False,09:30:00,2024-01-11
8199,2024-01-11 09:45:00,False,09:45:00,2024-01-11
8200,2024-01-11 10:00:00,False,10:00:00,2024-01-11
8201,2024-01-11 10:15:00,False,10:15:00,2024-01-11
8202,2024-01-11 10:30:00,False,10:30:00,2024-01-11
8203,2024-01-11 10:45:00,False,10:45:00,2024-01-11
8204,2024-01-11 11:00:00,False,11:00:00,2024-01-11
8205,2024-01-11 11:15:00,False,11:15:00,2024-01-11
8206,2024-01-11 11:30:00,False,11:30:00,2024-01-11
8207,2024-01-11 11:45:00,False,11:45:00,2024-01-11
8208,2024-01-11 12:00:00,False,12:00:00,2024-01-11
8209,2024-01-11 12:15:00,False,12:15:00,2024-01-11
8210,2024-01-11 12:30:00,False,12:30:00,2024-01-11
8211,2024-01-11 12:45:00,False,12:45:00,2024-01-11
8212,2024-01-11 13:00:00,False,13:00:00,2024-01-11
8213,2024-01-11 13:15:00,False,13:15:00,2024-01-11
8214,2024-01-11 13:30:00,False,13:30:00,2024-01-11
8215,2024-01-11 13:45:00,False,13:45:00,2024-01-11
8216,2024-01-11 14:00:00,False,14:00:00,2024-01-11
8217,2024-01-11 14:15:00,False,14:15:00,2024-01-11
8218,2024-01-11 14:30:00,False,14:30:00,2024-01-11
8219,2024-01-11 14:45:00,False,14:45:00,2024-01-11
8220,2024-01-11 15:00:00,False,15:00:00,2024-01-11
8221,2024-01-11 15:15:00,False,15:15:00,2024-01-11
8222,2024-01-11 15:30:00,False,15:30:00,2024-01-11
8223,2024-01-11 15:45:00,False,15:45:00,2024-01-11
8224,2024-01-11 16:00:00,False,16:00:00,2024-01-11
8225,2024-01-11 16:15:00,False,16:15:00,2024-01-11
8226,2024-01-11 16:30:00,False,16:30:00,2024-01-11
8227,2024-01-11 16:45:00,False,16:45:00,2024-01-11
8228,2024-01-11 17:00:00,False,17:00:00,2024-01-11
8229,2024-01-11 17:15:00,False,17:15:00,2024-01-11
8230,2024-01-11 17:30:00,False,17:30:00,2024-01-11
8231,2024-01-11 17:45:00,False,17:45:00,2024-01-11
8232,2024-01-11 18:00:00,False,18:00:00,2024-01-11
8233,2024-01-11 18:15:00,False,18:15:00,2024-01-11
8234,2024-01-11 18:30:00,False,18:30:00,2024-01-11
8235,2024-01-11 18:45:00,False,18:45:00,2024-01-11
8236,2024-01-11 19:00:00,False,19:00:00,2024-01-11
8237,2024-01-11 19:15:00,False,19:15:00,2024-01-11
8238,2024-01-11 19:30:00,False,19:30:00,2024-01-11
8239,2024-01-11 19:45:00,False,19:45:00,2024-01-11
8240,2024-01-11 20:00:00,False,20:00:00,2024-01-11
8241,2024-01-11 20:15:00,False,20:15:00,2024-01-11
8242,2024-01-11 20:30:00,False,20:30:00,2024-01-11
8243,2024-01-11 20:45:00,False,20:45:00,2024-01-11
8244,2024-01-11 21:00:00,False,21:00:00,2024-01-11
8245,2024-01-11 21:15:00,False,21:15:00,2024-01-11
8246,2024-01-11 21:30:00,False,21:30:00,2024-01-11
8247,2024-01-11 21:45:00,False,21:45:00,2024-01-11
8248,2024-01-11 22:00:00,False,22:00:00,2024-01-11
8249,2024-01-11 22:15:00,False,22:15:00,2024-01-11
8250,2024-01-11 22:30:00,False,22:30:00,2024-01-11
8251,2024-01-11 22:45:00,False,22:45:00,2024-01-11
8252,2024-01-11 23:00:00,False,23:00:00,2024-01-11
8253,2024-01-11 23:15:00,False,23:15:00,2024-01-11
8254,2024-01-11 23:30:00,False,23:30:00,2024-01-11
8255,2024-01-11 23:45:00,False,23:45:00,2024-01-11
8256,2024-01-12 00:00:00,False,00:00:00,2024-01-12
8257,2024-01-12 00:15:00,False,00:15:00,2024-01-12
8258,2024-01-12 00:30:00,False,00:30:00,2024-01-12
8259,2024-01-12 00:45:00,False,00:45:00,2024-01-12
8260,2024-01-12 01:00:00,False,01:00:00,2024-01-12
8261,2024-01-12 01:15:00,False,01:15:00,2024-01-12
8262,2024-01-12 01:30:00,False,01:30:00,2024-01-12
8263,2024-01-12 01:45:00,False,01:45:00,2024-01-12
8264,2024-01-12 02:00:00,False,02:00:00,2024-01-12
8265,2024-01-12 02:15:00,False,02:15:00,2024-01-12
8266,2024-01-12 02:30:00,False,02:30:00,2024-01-12
8267,2024-01-12 02:45:00,False,02:45:00,2024-01-12
8268,2024-01-12 03:00:00,False,03:00:00,2024-01-12
8269,2024-01-12 03:15:00,False,03:15:00,2024-01-12
8270,2024-01-12 03:30:00,False,03:30:00,2024-01-12
8271,2024-01-12 03:45:00,False,03:45:00,2024-01-12
8272,2024-01-12 04:00:00,False,04:00:00,2024-01-12
8273,2024-01-12 04:15:00,False,04:15:00,2024-01-12
8274,2024-01-12 04:30:00,False,04:30:00,2024-01-12
8275,2024-01-12 04:45:00,False,04:45:00,2024-01-12
8276,2024-01-12 05:00:00,False,05:00:00,2024-01-12
8277,2024-01-12 05:15:00,False,05:15:00,2024-01-12
8278,2024-01-12 05:30:00,False,05:30:00,2024-01-12
8279,2024-01-12 05:45:00,False,05:45:00,2024-01-12
8280,2024-01-12 06:00:00,False,06:00:00,2024-01-12
8281,2024-01-12 06:15:00,False,06:15:00,2024-01-12
8282,2024-01-12 06:30:00,False,06:30:00,2024-01-12
8283,2024-01-12 06:45:00,False,06:45:00,2024-01-12
8284,2024-01-12 07:00:00,False,07:00:00,2024-01-12
8285,2024-01-12 07:15:00,False,07:15:00,2024-01-12
8286,2024-01-12 07:30:00,False,07:30:00,2024-01-12
8287,2024-01-12 07:45:00,False,07:45:00,2024-01-12
8288,2024-01-12 08:00:00,False,08:00:00,2024-01-12
8289,2024-01-12 08:15:00,False,08:15:00,2024-01-12
8290,2024-01-12 08:30:00,False,08:30:00,2024-01-12
8291,2024-01-12 08:45:00,False,08:45:00,2024-01-12
8292,2024-01-12 09:00:00,False,09:00:00,2024-01-12
8293,2024-01-12 09:15:00,False,09:15:00,2024-01-12
8294,2024-01-12 09:30:00,False,09:30:00,2024-01-12
8295,2024-01-12 09:45:00,False,09:45:00,2024-01-12
8296,2024-01-12 10:00:00,False,10:00:00,2024-01-12
8297,2024-01-12 10:15:00,False,10:15:00,2024-01-12
8298,2024-01-12 10:30:00,False,10:30:00,2024-01-12
8299,2024-01-12 10:45:00,False,10:45:00,2024-01-12
8300,2024-01-12 11:00:00,False,11:00:00,2024-01-12
8301,2024-01-12 11:15:00,False,11:15:00,2024-01-12
8302,2024-01-12 11:30:00,False,11:30:00,2024-01-12
8303,2024-01-12 11:45:00,False,11:45:00,2024-01-12
8304,2024-01-12 12:00:00,False,12:00:00,2024-01-12
8305,2024-01-12 12:15:00,False,12:15:00,2024-01-12
8306,2024-01-12 12:30:00,False,12:30:00,2024-01-12
8307,2024-01-12 12:45:00,False,12:45:00,2024-01-12
8308,2024-01-12 13:00:00,False,13:00:00,2024-01-12
8309,2024-01-12 13:15:00,False,13:15:00,2024-01-12
8310,2024-01-12 13:30:00,False,13:30:00,2024-01-12
8311,2024-01-12 13:45:00,False,13:45:00,2024-01-12
8312,2024-01-12 14:00:00,False,14:00:00,2024-01-12
8313,2024-01-12 14:15:00,False,14:15:00,2024-01-12
8314,2024-01-12 14:30:00,False,14:30:00,2024-01-12
8315,2024-01-12 14:45:00,False,14:45:00,2024-01-12
8316,2024-01-12 15:00:00,False,15:00:00,2024-01-12
8317,2024-01-12 15:15:00,False,15:15:00,2024-01-12
8318,2024-01-12 15:30:00,False,15:30:00,2024-01-12
8319,2024-01-12 15:45:00,False,15:45:00,2024-01-12
8320,2024-01-12 16:00:00,False,16:00:00,2024-01-12
8321,2024-01-12 16:15:00,False,16:15:00,2024-01-12
8322,2024-01-12 16:30:00,False,16:30:00,2024-01-12
8323,2024-01-12 16:45:00,False,16:45:00,2024-01-12
8324,2024-01-12 17:00:00,False,17:00:00,2024-01-12
8325,2024-01-12 17:15:00,False,17:15:00,2024-01-12
8326,2024-01-12 17:30:00,False,17:30:00,2024-01-12
8327,2024-01-12 17:45:00,False,17:45:00,2024-01-12
8328,2024-01-12 18:00:00,False,18:00:00,2024-01-12
8329,2024-01-12 18:15:00,False,18:15:00,2024-01-12
8330,2024-01-12 18:30:00,False,18:30:00,2024-01-12
8331,2024-01-12 18:45:00,False,18:45:00,2024-01-12
8332,2024-01-12 19:00:00,False,19:00:00,2024-01-12
8333,2024-01-12 19:15:00,False,19:15:00,2024-01-12
8334,2024-01-12 19:30:00,False,19:30:00,2024-01-12
8335,2024-01-12 19:45:00,False,19:45:00,2024-01-12
8336,2024-01-12 20:00:00,False,20:00:00,2024-01-12
8337,2024-01-12 20:15:00,False,20:15:00,2024-01-12
8338,2024-01-12 20:30:00,False,20:30:00,2024-01-12
8339,2024-01-12 20:45:00,False,20:45:00,2024-01-12
8340,2024-01-12 21:00:00,False,21:00:00,2024-01-12
8341,2024-01-12 21:15:00,False,21:15:00,2024-01-12
8342,2024-01-12 21:30:00,False,21:30:00,2024-01-12
8343,2024-01-12 21:45:00,False,21:45:00,2024-01-12
8344,2024-01-12 22:00:00,False,22:00:00,2024-01-12
8345,2024-01-12 22:15:00,False,22:15:00,2024-01-12
8346,2024-01-12 22:30:00,False,22:30:00,2024-01-12
8347,2024-01-12 22:45:00,False,22:45:00,2024-01-12
8348,2024-01-12 23:00:00,False,23:00:00,2024-01-12
8349,2024-01-12 23:15:00,False,23:15:00,2024-01-12
8350,2024-01-12 23:30:00,False,23:30:00,2024-01-12
8351,2024-01-12 23:45:00,False,23:45:00,2024-01-12
8352,2024-01-13 00:00:00,False,00:00:00,2024-01-13
8353,2024-01-13 00:15:00,False,00:15:00,2024-01-13
8354,2024-01-13 00:30:00,False,00:30:00,2024-01-13
8355,2024-01-13 00:45:00,False,00:45:00,2024-01-13
8356,2024-01-13 01:00:00,False,01:00:00,2024-01-13
8357,2024-01-13 01:15:00,False,01:15:00,2024-01-13
8358,2024-01-13 01:30:00,False,01:30:00,2024-01-13
8359,2024-01-13 01:45:00,False,01:45:00,2024-01-13
8360,2024-01-13 02:00:00,False,02:00:00,2024-01-13
8361,2024-01-13 02:15:00,False,02:15:00,2024-01-13
8362,2024-01-13 02:30:00,False,02:30:00,2024-01-13
8363,2024-01-13 02:45:00,False,02:45:00,2024-01-13
8364,2024-01-13 03:00:00,False,03:00:00,2024-01-13
8365,2024-01-13 03:15:00,False,03:15:00,2024-01-13
8366,2024-01-13 03:30:00,False,03:30:00,2024-01-13
8367,2024-01-13 03:45:00,False,03:45:00,2024-01-13
8368,2024-01-13 04:00:00,False,04:00:00,2024-01-13
8369,2024-01-13 04:15:00,False,04:15:00,2024-01-13
8370,2024-01-13 04:30:00,False,04:30:00,2024-01-13
8371,2024-01-13 04:45:00,False,04:45:00,2024-01-13
8372,2024-01-13 05:00:00,False,05:00:00,2024-01-13
8373,2024-01-13 05:15:00,False,05:15:00,2024-01-13
8374,2024-01-13 05:30:00,False,05:30:00,2024-01-13
8375,2024-01-13 05:45:00,False,05:45:00,2024-01-13
8376,2024-01-13 06:00:00,False,06:00:00,2024-01-13
8377,2024-01-13 06:15:00,False,06:15:00,2024-01-13
8378,2024-01-13 06:30:00,False,06:30:00,2024-01-13
8379,2024-01-13 06:45:00,False,06:45:00,2024-01-13
8380,2024-01-13 07:00:00,False,07:00:00,2024-01-13
8381,2024-01-13 07:15:00,False,07:15:00,2024-01-13
8382,2024-01-13 07:30:00,False,07:30:00,2024-01-13
8383,2024-01-13 07:45:00,False,07:45:00,2024-01-13
8384,2024-01-13 08:00:00,False,08:00:00,2024-01-13
8385,2024-01-13 08:15:00,False,08:15:00,2024-01-13
8386,2024-01-13 08:30:00,False,08:30:00,2024-01-13
8387,2024-01-13 08:45:00,False,08:45:00,2024-01-13
8388,2024-01-13 09:00:00,False,09:00:00,2024-01-13
8389,2024-01-13 09:15:00,False,09:15:00,2024-01-13
8390,2024-01-13 09:30:00,False,09:30:00,2024-01-13
8391,2024-01-13 09:45:00,False,09:45:00,2024-01-13
8392,2024-01-13 10:00:00,False,10:00:00,2024-01-13
8393,2024-01-13 10:15:00,False,10:15:00,2024-01-13
8394,2024-01-13 10:30:00,False,10:30:00,2024-01-13
8395,2024-01-13 10:45:00,False,10:45:00,2024-01-13
8396,2024-01-13 11:00:00,False,11:00:00,2024-01-13
8397,2024-01-13 11:15:00,False,11:15:00,2024-01-13
8398,2024-01-13 11:30:00,False,11:30:00,2024-01-13
8399,2024-01-13 11:45:00,False,11:45:00,2024-01-13
8400,2024-01-13 12:00:00,False,12:00:00,2024-01-13
8401,2024-01-13 12:15:00,False,12:15:00,2024-01-13
8402,2024-01-13 12:30:00,False,12:30:00,2024-01-13
8403,2024-01-13 12:45:00,False,12:45:00,2024-01-13
8404,2024-01-13 13:00:00,False,13:00:00,2024-01-13
8405,2024-01-13 13:15:00,False,13:15:00,2024-01-13
8406,2024-01-13 13:30:00,False,13:30:00,2024-01-13
8407,2024-01-13 13:45:00,False,13:45:00,2024-01-13
8408,2024-01-13 14:00:00,False,14:00:00,2024-01-13
8409,2024-01-13 14:15:00,False,14:15:00,2024-01-13
8410,2024-01-13 14:30:00,False,14:30:00,2024-01-13
8411,2024-01-13 14:45:00,False,14:45:00,2024-01-13
8412,2024-01-13 15:00:00,False,15:00:00,2024-01-13
8413,2024-01-13 15:15:00,False,15:15:00,2024-01-13
8414,2024-01-13 15:30:00,False,15:30:00,2024-01-13
8415,2024-01-13 15:45:00,False,15:45:00,2024-01-13
8416,2024-01-13 16:00:00,False,16:00:00,2024-01-13
8417,2024-01-13 16:15:00,False,16:15:00,2024-01-13
8418,2024-01-13 16:30:00,False,16:30:00,2024-01-13
8419,2024-01-13 16:45:00,False,16:45:00,2024-01-13
8420,2024-01-13 17:00:00,False,17:00:00,2024-01-13
8421,2024-01-13 17:15:00,False,17:15:00,2024-01-13
8422,2024-01-13 17:30:00,False,17:30:00,2024-01-13
8423,2024-01-13 17:45:00,False,17:45:00,2024-01-13
8424,2024-01-13 18:00:00,False,18:00:00,2024-01-13
8425,2024-01-13 18:15:00,False,18:15:00,2024-01-13
8426,2024-01-13 18:30:00,False,18:30:00,2024-01-13
8427,2024-01-13 18:45:00,False,18:45:00,2024-01-13
8428,2024-01-13 19:00:00,False,19:00:00,2024-01-13
8429,2024-01-13 19:15:00,False,19:15:00,2024-01-13
8430,2024-01-13 19:30:00,False,19:30:00,2024-01-13
8431,2024-01-13 19:45:00,False,19:45:00,2024-01-13
8432,2024-01-13 20:00:00,False,20:00:00,2024-01-13
8433,2024-01-13 20:15:00,False,20:15:00,2024-01-13
8434,2024-01-13 20:30:00,False,20:30:00,2024-01-13
8435,2024-01-13 20:45:00,False,20:45:00,2024-01-13
8436,2024-01-13 21:00:00,False,21:00:00,2024-01-13
8437,2024-01-13 21:15:00,False,21:15:00,2024-01-13
8438,2024-01-13 21:30:00,False,21:30:00,2024-01-13
8439,2024-01-13 21:45:00,False,21:45:00,2024-01-13
8440,2024-01-13 22:00:00,False,22:00:00,2024-01-13
8441,2024-01-13 22:15:00,False,22:15:00,2024-01-13
8442,2024-01-13 22:30:00,False,22:30:00,2024-01-13
8443,2024-01-13 22:45:00,False,22:45:00,2024-01-13
8444,2024-01-13 23:00:00,False,23:00:00,2024-01-13
8445,2024-01-13 23:15:00,False,23:15:00,2024-01-13
8446,2024-01-13 23:30:00,False,23:30:00,2024-01-13
8447,2024-01-13 23:45:00,False,23:45:00,2024-01-13
8448,2024-01-14 00:00:00,False,00:00:00,2024-01-14
8449,2024-01-14 00:15:00,False,00:15:00,2024-01-14
8450,2024-01-14 00:30:00,False,00:30:00,2024-01-14
8451,2024-01-14 00:45:00,False,00:45:00,2024-01-14
8452,2024-01-14 01:00:00,False,01:00:00,2024-01-14
8453,2024-01-14 01:15:00,False,01:15:00,2024-01-14
8454,2024-01-14 01:30:00,False,01:30:00,2024-01-14
8455,2024-01-14 01:45:00,False,01:45:00,2024-01-14
8456,2024-01-14 02:00:00,False,02:00:00,2024-01-14
8457,2024-01-14 02:15:00,False,02:15:00,2024-01-14
8458,2024-01-14 02:30:00,False,02:30:00,2024-01-14
8459,2024-01-14 02:45:00,False,02:45:00,2024-01-14
8460,2024-01-14 03:00:00,False,03:00:00,2024-01-14
8461,2024-01-14 03:15:00,False,03:15:00,2024-01-14
8462,2024-01-14 03:30:00,False,03:30:00,2024-01-14
8463,2024-01-14 03:45:00,False,03:45:00,2024-01-14
8464,2024-01-14 04:00:00,False,04:00:00,2024-01-14
8465,2024-01-14 04:15:00,False,04:15:00,2024-01-14
8466,2024-01-14 04:30:00,False,04:30:00,2024-01-14
8467,2024-01-14 04:45:00,False,04:45:00,2024-01-14
8468,2024-01-14 05:00:00,False,05:00:00,2024-01-14
8469,2024-01-14 05:15:00,False,05:15:00,2024-01-14
8470,2024-01-14 05:30:00,False,05:30:00,2024-01-14
8471,2024-01-14 05:45:00,False,05:45:00,2024-01-14
8472,2024-01-14 06:00:00,False,06:00:00,2024-01-14
8473,2024-01-14 06:15:00,False,06:15:00,2024-01-14
8474,2024-01-14 06:30:00,False,06:30:00,2024-01-14
8475,2024-01-14 06:45:00,False,06:45:00,2024-01-14
8476,2024-01-14 07:00:00,False,07:00:00,2024-01-14
8477,2024-01-14 07:15:00,False,07:15:00,2024-01-14
8478,2024-01-14 07:30:00,False,07:30:00,2024-01-14
8479,2024-01-14 07:45:00,False,07:45:00,2024-01-14
8480,2024-01-14 08:00:00,False,08:00:00,2024-01-14
8481,2024-01-14 08:15:00,False,08:15:00,2024-01-14
8482,2024-01-14 08:30:00,False,08:30:00,2024-01-14
8483,2024-01-14 08:45:00,False,08:45:00,2024-01-14
8484,2024-01-14 09:00:00,False,09:00:00,2024-01-14
8485,2024-01-14 09:15:00,False,09:15:00,2024-01-14
8486,2024-01-14 09:30:00,False,09:30:00,2024-01-14
8487,2024-01-14 09:45:00,False,09:45:00,2024-01-14
8488,2024-01-14 10:00:00,False,10:00:00,2024-01-14
8489,2024-01-14 10:15:00,False,10:15:00,2024-01-14
8490,2024-01-14 10:30:00,False,10:30:00,2024-01-14
8491,2024-01-14 10:45:00,False,10:45:00,2024-01-14
8492,2024-01-14 11:00:00,False,11:00:00,2024-01-14
8493,2024-01-14 11:15:00,False,11:15:00,2024-01-14
8494,2024-01-14 11:30:00,False,11:30:00,2024-01-14
8495,2024-01-14 11:45:00,False,11:45:00,2024-01-14
8496,2024-01-14 12:00:00,False,12:00:00,2024-01-14
8497,2024-01-14 12:15:00,False,12:15:00,2024-01-14
8498,2024-01-14 12:30:00,False,12:30:00,2024-01-14
8499,2024-01-14 12:45:00,False,12:45:00,2024-01-14
8500,2024-01-14 13:00:00,False,13:00:00,2024-01-14
8501,2024-01-14 13:15:00,False,13:15:00,2024-01-14
8502,2024-01-14 13:30:00,False,13:30:00,2024-01-14
8503,2024-01-14 13:45:00,False,13:45:00,2024-01-14
8504,2024-01-14 14:00:00,False,14:00:00,2024-01-14
8505,2024-01-14 14:15:00,False,14:15:00,2024-01-14
8506,2024-01-14 14:30:00,False,14:30:00,2024-01-14
8507,2024-01-14 14:45:00,False,14:45:00,2024-01-14
8508,2024-01-14 15:00:00,False,15:00:00,2024-01-14
8509,2024-01-14 15:15:00,False,15:15:00,2024-01-14
8510,2024-01-14 15:30:00,False,15:30:00,2024-01-14
8511,2024-01-14 15:45:00,False,15:45:00,2024-01-14
8512,2024-01-14 16:00:00,True,16:00:00,2024-01-14
8513,2024-01-14 16:15:00,True,16:15:00,2024-01-14
8514,2024-01-14 16:30:00,True,16:30:00,2024-01-14
8515,2024-01-14 16:45:00,True,16:45:00,2024-01-14
8516,2024-01-14 17:00:00,True,17:00:00,2024-01-14
8517,2024-01-14 17:15:00,True,17:15:00,2024-01-14
8518,2024-01-14 17:30:00,False,17:30:00,2024-01-14
8519,2024-01-14 17:45:00,False,17:45:00,2024-01-14
8520,2024-01-14 18:00:00,False,18:00:00,2024-01-14
8521,2024-01-14 18:15:00,False,18:15:00,2024-01-14
8522,2024-01-14 18:30:00,False,18:30:00,2024-01-14
8523,2024-01-14 18:45:00,False,18:45:00,2024-01-14
8524,2024-01-14 19:00:00,False,19:00:00,2024-01-14
8525,2024-01-14 19:15:00,False,19:15:00,2024-01-14
8526,2024-01-14 19:30:00,False,19:30:00,2024-01-14
8527,2024-01-14 19:45:00,False,19:45:00,2024-01-14
8528,2024-01-14 20:00:00,False,20:00:00,2024-01-14
8529,2024-01-14 20:15:00,False,20:15:00,2024-01-14
8530,2024-01-14 20:30:00,False,20:30:00,2024-01-14
8531,2024-01-14 20:45:00,False,20:45:00,2024-01-14
8532,2024-01-14 21:00:00,False,21:00:00,2024-01-14
8533,2024-01-14 21:15:00,False,21:15:00,2024-01-14
8534,2024-01-14 21:30:00,False,21:30:00,2024-01-14
8535,2024-01-14 21:45:00,False,21:45:00,2024-01-14
8536,2024-01-14 22:00:00,False,22:00:00,2024-01-14
8537,2024-01-14 22:15:00,False,22:15:00,2024-01-14
8538,2024-01-14 22:30:00,False,22:30:00,2024-01-14
8539,2024-01-14 22:45:00,False,22:45:00,2024-01-14
8540,2024-01-14 23:00:00,False,23:00:00,2024-01-14
8541,2024-01-14 23:15:00,False,23:15:00,2024-01-14
8542,2024-01-14 23:30:00,False,23:30:00,2024-01-14
8543,2024-01-14 23:45:00,False,23:45:00,2024-01-14
8544,2024-01-15 00:00:00,False,00:00:00,2024-01-15
8545,2024-01-15 00:15:00,False,00:15:00,2024-01-15
8546,2024-01-15 00:30:00,False,00:30:00,2024-01-15
8547,2024-01-15 00:45:00,False,00:45:00,2024-01-15
8548,2024-01-15 01:00:00,False,01:00:00,2024-01-15
8549,2024-01-15 01:15:00,False,01:15:00,2024-01-15
8550,2024-01-15 01:30:00,False,01:30:00,2024-01-15
8551,2024-01-15 01:45:00,False,01:45:00,2024-01-15
8552,2024-01-15 02:00:00,False,02:00:00,2024-01-15
8553,2024-01-15 02:15:00,False,02:15:00,2024-01-15
8554,2024-01-15 02:30:00,False,02:30:00,2024-01-15
8555,2024-01-15 02:45:00,False,02:45:00,2024-01-15
8556,2024-01-15 03:00:00,False,03:00:00,2024-01-15
8557,2024-01-15 03:15:00,False,03:15:00,2024-01-15
8558,2024-01-15 03:30:00,False,03:30:00,2024-01-15
8559,2024-01-15 03:45:00,False,03:45:00,2024-01-15
8560,2024-01-15 04:00:00,False,04:00:00,2024-01-15
8561,2024-01-15 04:15:00,False,04:15:00,2024-01-15
8562,2024-01-15 04:30:00,False,04:30:00,2024-01-15
8563,2024-01-15 04:45:00,False,04:45:00,2024-01-15
8564,2024-01-15 05:00:00,False,05:00:00,2024-01-15
8565,2024-01-15 05:15:00,False,05:15:00,2024-01-15
8566,2024-01-15 05:30:00,False,05:30:00,2024-01-15
8567,2024-01-15 05:45:00,False,05:45:00,2024-01-15
8568,2024-01-15 06:00:00,False,06:00:00,2024-01-15
8569,2024-01-15 06:15:00,False,06:15:00,2024-01-15
8570,2024-01-15 06:30:00,False,06:30:00,2024-01-15
8571,2024-01-15 06:45:00,False,06:45:00,2024-01-15
8572,2024-01-15 07:00:00,False,07:00:00,2024-01-15
8573,2024-01-15 07:15:00,False,07:15:00,2024-01-15
8574,2024-01-15 07:30:00,False,07:30:00,2024-01-15
8575,2024-01-15 07:45:00,False,07:45:00,2024-01-15
8576,2024-01-15 08:00:00,False,08:00:00,2024-01-15
8577,2024-01-15 08:15:00,False,08:15:00,2024-01-15
8578,2024-01-15 08:30:00,False,08:30:00,2024-01-15
8579,2024-01-15 08:45:00,False,08:45:00,2024-01-15
8580,2024-01-15 09:00:00,False,09:00:00,2024-01-15
8581,2024-01-15 09:15:00,False,09:15:00,2024-01-15
8582,2024-01-15 09:30:00,False,09:30:00,2024-01-15
8583,2024-01-15 09:45:00,False,09:45:00,2024-01-15
8584,2024-01-15 10:00:00,False,10:00:00,2024-01-15
8585,2024-01-15 10:15:00,False,10:15:00,2024-01-15
8586,2024-01-15 10:30:00,False,10:30:00,2024-01-15
8587,2024-01-15 10:45:00,False,10:45:00,2024-01-15
8588,2024-01-15 11:00:00,False,11:00:00,2024-01-15
8589,2024-01-15 11:15:00,False,11:15:00,2024-01-15
8590,2024-01-15 11:30:00,False,11:30:00,2024-01-15
8591,2024-01-15 11:45:00,False,11:45:00,2024-01-15
8592,2024-01-15 12:00:00,False,12:00:00,2024-01-15
8593,2024-01-15 12:15:00,False,12:15:00,2024-01-15
8594,2024-01-15 12:30:00,False,12:30:00,2024-01-15
8595,2024-01-15 12:45:00,False,12:45:00,2024-01-15
8596,2024-01-15 13:00:00,False,13:00:00,2024-01-15
8597,2024-01-15 13:15:00,False,13:15:00,2024-01-15
8598,2024-01-15 13:30:00,False,13:30:00,2024-01-15
8599,2024-01-15 13:45:00,False,13:45:00,2024-01-15
8600,2024-01-15 14:00:00,False,14:00:00,2024-01-15
8601,2024-01-15 14:15:00,False,14:15:00,2024-01-15
8602,2024-01-15 14:30:00,False,14:30:00,2024-01-15
8603,2024-01-15 14:45:00,False,14:45:00,2024-01-15
8604,2024-01-15 15:00:00,False,15:00:00,2024-01-15
8605,2024-01-15 15:15:00,False,15:15:00,2024-01-15
8606,2024-01-15 15:30:00,False,15:30:00,2024-01-15
8607,2024-01-15 15:45:00,False,15:45:00,2024-01-15
8608,2024-01-15 16:00:00,False,16:00:00,2024-01-15
8609,2024-01-15 16:15:00,False,16:15:00,2024-01-15
8610,2024-01-15 16:30:00,False,16:30:00,2024-01-15
8611,2024-01-15 16:45:00,False,16:45:00,2024-01-15
8612,2024-01-15 17:00:00,False,17:00:00,2024-01-15
8613,2024-01-15 17:15:00,False,17:15:00,2024-01-15
8614,2024-01-15 17:30:00,False,17:30:00,2024-01-15
8615,2024-01-15 17:45:00,False,17:45:00,2024-01-15
8616,2024-01-15 18:00:00,False,18:00:00,2024-01-15
8617,2024-01-15 18:15:00,False,18:15:00,2024-01-15
8618,2024-01-15 18:30:00,False,18:30:00,2024-01-15
8619,2024-01-15 18:45:00,False,18:45:00,2024-01-15
8620,2024-01-15 19:00:00,False,19:00:00,2024-01-15
8621,2024-01-15 19:15:00,False,19:15:00,2024-01-15
8622,2024-01-15 19:30:00,False,19:30:00,2024-01-15
8623,2024-01-15 19:45:00,False,19:45:00,2024-01-15
8624,2024-01-15 20:00:00,False,20:00:00,2024-01-15
8625,2024-01-15 20:15:00,False,20:15:00,2024-01-15
8626,2024-01-15 20:30:00,False,20:30:00,2024-01-15
8627,2024-01-15 20:45:00,False,20:45:00,2024-01-15
8628,2024-01-15 21:00:00,False,21:00:00,2024-01-15
8629,2024-01-15 21:15:00,False,21:15:00,2024-01-15
8630,2024-01-15 21:30:00,False,21:30:00,2024-01-15
8631,2024-01-15 21:45:00,False,21:45:00,2024-01-15
8632,2024-01-15 22:00:00,False,22:00:00,2024-01-15
8633,2024-01-15 22:15:00,False,22:15:00,2024-01-15
8634,2024-01-15 22:30:00,False,22:30:00,2024-01-15
8635,2024-01-15 22:45:00,False,22:45:00,2024-01-15
8636,2024-01-15 23:00:00,False,23:00:00,2024-01-15
8637,2024-01-15 23:15:00,False,23:15:00,2024-01-15
8638,2024-01-15 23:30:00,False,23:30:00,2024-01-15
8639,2024-01-15 23:45:00,False,23:45:00,2024-01-15
8640,2024-01-16 00:00:00,False,00:00:00,2024-01-16
8641,2024-01-16 00:15:00,False,00:15:00,2024-01-16
8642,2024-01-16 00:30:00,False,00:30:00,2024-01-16
8643,2024-01-16 00:45:00,False,00:45:00,2024-01-16
8644,2024-01-16 01:00:00,False,01:00:00,2024-01-16
8645,2024-01-16 01:15:00,False,01:15:00,2024-01-16
8646,2024-01-16 01:30:00,False,01:30:00,2024-01-16
8647,2024-01-16 01:45:00,False,01:45:00,2024-01-16
8648,2024-01-16 02:00:00,False,02:00:00,2024-01-16
8649,2024-01-16 02:15:00,False,02:15:00,2024-01-16
8650,2024-01-16 02:30:00,False,02:30:00,2024-01-16
8651,2024-01-16 02:45:00,False,02:45:00,2024-01-16
8652,2024-01-16 03:00:00,False,03:00:00,2024-01-16
8653,2024-01-16 03:15:00,False,03:15:00,2024-01-16
8654,2024-01-16 03:30:00,False,03:30:00,2024-01-16
8655,2024-01-16 03:45:00,False,03:45:00,2024-01-16
8656,2024-01-16 04:00:00,False,04:00:00,2024-01-16
8657,2024-01-16 04:15:00,False,04:15:00,2024-01-16
8658,2024-01-16 04:30:00,False,04:30:00,2024-01-16
8659,2024-01-16 04:45:00,False,04:45:00,2024-01-16
8660,2024-01-16 05:00:00,False,05:00:00,2024-01-16
8661,2024-01-16 05:15:00,False,05:15:00,2024-01-16
8662,2024-01-16 05:30:00,False,05:30:00,2024-01-16
8663,2024-01-16 05:45:00,False,05:45:00,2024-01-16
8664,2024-01-16 06:00:00,False,06:00:00,2024-01-16
8665,2024-01-16 06:15:00,False,06:15:00,2024-01-16
8666,2024-01-16 06:30:00,False,06:30:00,2024-01-16
8667,2024-01-16 06:45:00,False,06:45:00,2024-01-16
8668,2024-01-16 07:00:00,False,07:00:00,2024-01-16
8669,2024-01-16 07:15:00,False,07:15:00,2024-01-16
8670,2024-01-16 07:30:00,False,07:30:00,2024-01-16
8671,2024-01-16 07:45:00,False,07:45:00,2024-01-16
8672,2024-01-16 08:00:00,False,08:00:00,2024-01-16
8673,2024-01-16 08:15:00,False,08:15:00,2024-01-16
8674,2024-01-16 08:30:00,False,08:30:00,2024-01-16
8675,2024-01-16 08:45:00,False,08:45:00,2024-01-16
8676,2024-01-16 09:00:00,False,09:00:00,2024-01-16
8677,2024-01-16 09:15:00,False,09:15:00,2024-01-16
8678,2024-01-16 09:30:00,False,09:30:00,2024-01-16
8679,2024-01-16 09:45:00,False,09:45:00,2024-01-16
8680,2024-01-16 10:00:00,False,10:00:00,2024-01-16
8681,2024-01-16 10:15:00,False,10:15:00,2024-01-16
8682,2024-01-16 10:30:00,False,10:30:00,2024-01-16
8683,2024-01-16 10:45:00,False,10:45:00,2024-01-16
8684,2024-01-16 11:00:00,False,11:00:00,2024-01-16
8685,2024-01-16 11:15:00,False,11:15:00,2024-01-16
8686,2024-01-16 11:30:00,False,11:30:00,2024-01-16
8687,2024-01-16 11:45:00,False,11:45:00,2024-01-16
8688,2024-01-16 12:00:00,False,12:00:00,2024-01-16
8689,2024-01-16 12:15:00,False,12:15:00,2024-01-16
8690,2024-01-16 12:30:00,False,12:30:00,2024-01-16
8691,2024-01-16 12:45:00,False,12:45:00,2024-01-16
8692,2024-01-16 13:00:00,False,13:00:00,2024-01-16
8693,2024-01-16 13:15:00,False,13:15:00,2024-01-16
8694,2024-01-16 13:30:00,False,13:30:00,2024-01-16
8695,2024-01-16 13:45:00,False,13:45:00,2024-01-16
8696,2024-01-16 14:00:00,False,14:00:00,2024-01-16
8697,2024-01-16 14:15:00,False,14:15:00,2024-01-16
8698,2024-01-16 14:30:00,False,14:30:00,2024-01-16
8699,2024-01-16 14:45:00,False,14:45:00,2024-01-16
8700,2024-01-16 15:00:00,False,15:00:00,2024-01-16
8701,2024-01-16 15:15:00,False,15:15:00,2024-01-16
8702,2024-01-16 15:30:00,False,15:30:00,2024-01-16
8703,2024-01-16 15:45:00,False,15:45:00,2024-01-16
8704,2024-01-16 16:00:00,False,16:00:00,2024-01-16
8705,2024-01-16 16:15:00,False,16:15:00,2024-01-16
8706,2024-01-16 16:30:00,False,16:30:00,2024-01-16
8707,2024-01-16 16:45:00,False,16:45:00,2024-01-16
8708,2024-01-16 17:00:00,False,17:00:00,2024-01-16
8709,2024-01-16 17:15:00,False,17:15:00,2024-01-16
8710,2024-01-16 17:30:00,False,17:30:00,2024-01-16
8711,2024-01-16 17:45:00,False,17:45:00,2024-01-16
8712,2024-01-16 18:00:00,False,18:00:00,2024-01-16
8713,2024-01-16 18:15:00,False,18:15:00,2024-01-16
8714,2024-01-16 18:30:00,False,18:30:00,2024-01-16
8715,2024-01-16 18:45:00,False,18:45:00,2024-01-16
8716,2024-01-16 19:00:00,False,19:00:00,2024-01-16
8717,2024-01-16 19:15:00,False,19:15:00,2024-01-16
8718,2024-01-16 19:30:00,False,19:30:00,2024-01-16
8719,2024-01-16 19:45:00,False,19:45:00,2024-01-16
8720,2024-01-16 20:00:00,False,20:00:00,2024-01-16
8721,2024-01-16 20:15:00,False,20:15:00,2024-01-16
8722,2024-01-16 20:30:00,False,20:30:00,2024-01-16
8723,2024-01-16 20:45:00,False,20:45:00,2024-01-16
8724,2024-01-16 21:00:00,True,21:00:00,2024-01-16
8725,2024-01-16 21:15:00,True,21:15:00,2024-01-16
8726,2024-01-16 21:30:00,True,21:30:00,2024-01-16
8727,2024-01-16 21:45:00,True,21:45:00,2024-01-16
8728,2024-01-16 22:00:00,True,22:00:00,2024-01-16
8729,2024-01-16 22:15:00,True,22:15:00,2024-01-16
8730,2024-01-16 22:30:00,True,22:30:00,2024-01-16
8731,2024-01-16 22:45:00,True,22:45:00,2024-01-16
8732,2024-01-16 23:00:00,True,23:00:00,2024-01-16
8733,2024-01-16 23:15:00,True,23:15:00,2024-01-16
8734,2024-01-16 23:30:00,True,23:30:00,2024-01-16
8735,2024-01-16 23:45:00,True,23:45:00,2024-01-16
8736,2024-01-17 00:00:00,True,00:00:00,2024-01-17
8737,2024-01-17 00:15:00,True,00:15:00,2024-01-17
8738,2024-01-17 00:30:00,True,00:30:00,2024-01-17
8739,2024-01-17 00:45:00,True,00:45:00,2024-01-17
8740,2024-01-17 01:00:00,True,01:00:00,2024-01-17
8741,2024-01-17 01:15:00,True,01:15:00,2024-01-17
8742,2024-01-17 01:30:00,True,01:30:00,2024-01-17
8743,2024-01-17 01:45:00,True,01:45:00,2024-01-17
8744,2024-01-17 02:00:00,True,02:00:00,2024-01-17
8745,2024-01-17 02:15:00,True,02:15:00,2024-01-17
8746,2024-01-17 02:30:00,True,02:30:00,2024-01-17
8747,2024-01-17 02:45:00,True,02:45:00,2024-01-17
8748,2024-01-17 03:00:00,True,03:00:00,2024-01-17
8749,2024-01-17 03:15:00,True,03:15:00,2024-01-17
8750,2024-01-17 03:30:00,True,03:30:00,2024-01-17
8751,2024-01-17 03:45:00,True,03:45:00,2024-01-17
8752,2024-01-17 04:00:00,True,04:00:00,2024-01-17
8753,2024-01-17 04:15:00,True,04:15:00,2024-01-17
8754,2024-01-17 04:30:00,True,04:30:00,2024-01-17
8755,2024-01-17 04:45:00,True,04:45:00,2024-01-17
8756,2024-01-17 05:00:00,True,05:00:00,2024-01-17
8757,2024-01-17 05:15:00,True,05:15:00,2024-01-17
8758,2024-01-17 05:30:00,True,05:30:00,2024-01-17
8759,2024-01-17 05:45:00,True,05:45:00,2024-01-17
8760,2024-01-17 06:00:00,True,06:00:00,2024-01-17
8761,2024-01-17 06:15:00,True,06:15:00,2024-01-17
8762,2024-01-17 06:30:00,True,06:30:00,2024-01-17
8763,2024-01-17 06:45:00,True,06:45:00,2024-01-17
8764,2024-01-17 07:00:00,True,07:00:00,2024-01-17
8765,2024-01-17 07:15:00,True,07:15:00,2024-01-17
8766,2024-01-17 07:30:00,True,07:30:00,2024-01-17
8767,2024-01-17 07:45:00,True,07:45:00,2024-01-17
8768,2024-01-17 08:00:00,True,08:00:00,2024-01-17
8769,2024-01-17 08:15:00,True,08:15:00,2024-01-17
8770,2024-01-17 08:30:00,True,08:30:00,2024-01-17
8771,2024-01-17 08:45:00,True,08:45:00,2024-01-17
8772,2024-01-17 09:00:00,True,09:00:00,2024-01-17
8773,2024-01-17 09:15:00,True,09:15:00,2024-01-17
8774,2024-01-17 09:30:00,True,09:30:00,2024-01-17
8775,2024-01-17 09:45:00,True,09:45:00,2024-01-17
8776,2024-01-17 10:00:00,True,10:00:00,2024-01-17
8777,2024-01-17 10:15:00,True,10:15:00,2024-01-17
8778,2024-01-17 10:30:00,True,10:30:00,2024-01-17
8779,2024-01-17 10:45:00,True,10:45:00,2024-01-17
8780,2024-01-17 11:00:00,True,11:00:00,2024-01-17
8781,2024-01-17 11:15:00,True,11:15:00,2024-01-17
8782,2024-01-17 11:30:00,True,11:30:00,2024-01-17
8783,2024-01-17 11:45:00,True,11:45:00,2024-01-17
8784,2024-01-17 12:00:00,True,12:00:00,2024-01-17
8785,2024-01-17 12:15:00,False,12:15:00,2024-01-17
8786,2024-01-17 12:30:00,False,12:30:00,2024-01-17
8787,2024-01-17 12:45:00,False,12:45:00,2024-01-17
8788,2024-01-17 13:00:00,False,13:00:00,2024-01-17
8789,2024-01-17 13:15:00,False,13:15:00,2024-01-17
8790,2024-01-17 13:30:00,False,13:30:00,2024-01-17
8791,2024-01-17 13:45:00,False,13:45:00,2024-01-17
8792,2024-01-17 14:00:00,False,14:00:00,2024-01-17
8793,2024-01-17 14:15:00,False,14:15:00,2024-01-17
8794,2024-01-17 14:30:00,False,14:30:00,2024-01-17
8795,2024-01-17 14:45:00,False,14:45:00,2024-01-17
8796,2024-01-17 15:00:00,False,15:00:00,2024-01-17
8797,2024-01-17 15:15:00,False,15:15:00,2024-01-17
8798,2024-01-17 15:30:00,False,15:30:00,2024-01-17
8799,2024-01-17 15:45:00,False,15:45:00,2024-01-17
8800,2024-01-17 16:00:00,False,16:00:00,2024-01-17
8801,2024-01-17 16:15:00,False,16:15:00,2024-01-17
8802,2024-01-17 16:30:00,False,16:30:00,2024-01-17
8803,2024-01-17 16:45:00,False,16:45:00,2024-01-17
8804,2024-01-17 17:00:00,False,17:00:00,2024-01-17
8805,2024-01-17 17:15:00,False,17:15:00,2024-01-17
8806,2024-01-17 17:30:00,False,17:30:00,2024-01-17
8807,2024-01-17 17:45:00,False,17:45:00,2024-01-17
8808,2024-01-17 18:00:00,False,18:00:00,2024-01-17
8809,2024-01-17 18:15:00,False,18:15:00,2024-01-17
8810,2024-01-17 18:30:00,False,18:30:00,2024-01-17
8811,2024-01-17 18:45:00,False,18:45:00,2024-01-17
8812,2024-01-17 19:00:00,False,19:00:00,2024-01-17
8813,2024-01-17 19:15:00,False,19:15:00,2024-01-17
8814,2024-01-17 19:30:00,False,19:30:00,2024-01-17
8815,2024-01-17 19:45:00,False,19:45:00,2024-01-17
8816,2024-01-17 20:00:00,False,20:00:00,2024-01-17
8817,2024-01-17 20:15:00,False,20:15:00,2024-01-17
8818,2024-01-17 20:30:00,False,20:30:00,2024-01-17
8819,2024-01-17 20:45:00,False,20:45:00,2024-01-17
8820,2024-01-17 21:00:00,False,21:00:00,2024-01-17
8821,2024-01-17 21:15:00,False,21:15:00,2024-01-17
8822,2024-01-17 21:30:00,False,21:30:00,2024-01-17
8823,2024-01-17 21:45:00,False,21:45:00,2024-01-17
8824,2024-01-17 22:00:00,False,22:00:00,2024-01-17
8825,2024-01-17 22:15:00,False,22:15:00,2024-01-17
8826,2024-01-17 22:30:00,False,22:30:00,2024-01-17
8827,2024-01-17 22:45:00,False,22:45:00,2024-01-17
8828,2024-01-17 23:00:00,False,23:00:00,2024-01-17
8829,2024-01-17 23:15:00,False,23:15:00,2024-01-17
8830,2024-01-17 23:30:00,False,23:30:00,2024-01-17
8831,2024-01-17 23:45:00,False,23:45:00,2024-01-17
8832,2024-01-18 00:00:00,False,00:00:00,2024-01-18
8833,2024-01-18 00:15:00,False,00:15:00,2024-01-18
8834,2024-01-18 00:30:00,False,00:30:00,2024-01-18
8835,2024-01-18 00:45:00,False,00:45:00,2024-01-18
8836,2024-01-18 01:00:00,False,01:00:00,2024-01-18
8837,2024-01-18 01:15:00,False,01:15:00,2024-01-18
8838,2024-01-18 01:30:00,False,01:30:00,2024-01-18
8839,2024-01-18 01:45:00,False,01:45:00,2024-01-18
8840,2024-01-18 02:00:00,False,02:00:00,2024-01-18
8841,2024-01-18 02:15:00,False,02:15:00,2024-01-18
8842,2024-01-18 02:30:00,False,02:30:00,2024-01-18
8843,2024-01-18 02:45:00,False,02:45:00,2024-01-18
8844,2024-01-18 03:00:00,False,03:00:00,2024-01-18
8845,2024-01-18 03:15:00,False,03:15:00,2024-01-18
8846,2024-01-18 03:30:00,False,03:30:00,2024-01-18
8847,2024-01-18 03:45:00,False,03:45:00,2024-01-18
8848,2024-01-18 04:00:00,False,04:00:00,2024-01-18
8849,2024-01-18 04:15:00,False,04:15:00,2024-01-18
8850,2024-01-18 04:30:00,False,04:30:00,2024-01-18
8851,2024-01-18 04:45:00,False,04:45:00,2024-01-18
8852,2024-01-18 05:00:00,False,05:00:00,2024-01-18
8853,2024-01-18 05:15:00,False,05:15:00,2024-01-18
8854,2024-01-18 05:30:00,False,05:30:00,2024-01-18
8855,2024-01-18 05:45:00,False,05:45:00,2024-01-18
8856,2024-01-18 06:00:00,False,06:00:00,2024-01-18
8857,2024-01-18 06:15:00,False,06:15:00,2024-01-18
8858,2024-01-18 06:30:00,False,06:30:00,2024-01-18
8859,2024-01-18 06:45:00,False,06:45:00,2024-01-18
8860,2024-01-18 07:00:00,False,07:00:00,2024-01-18
8861,2024-01-18 07:15:00,False,07:15:00,2024-01-18
8862,2024-01-18 07:30:00,False,07:30:00,2024-01-18
8863,2024-01-18 07:45:00,False,07:45:00,2024-01-18
8864,2024-01-18 08:00:00,False,08:00:00,2024-01-18
8865,2024-01-18 08:15:00,False,08:15:00,2024-01-18
8866,2024-01-18 08:30:00,False,08:30:00,2024-01-18
8867,2024-01-18 08:45:00,False,08:45:00,2024-01-18
8868,2024-01-18 09:00:00,False,09:00:00,2024-01-18
8869,2024-01-18 09:15:00,False,09:15:00,2024-01-18
8870,2024-01-18 09:30:00,False,09:30:00,2024-01-18
8871,2024-01-18 09:45:00,False,09:45:00,2024-01-18
8872,2024-01-18 10:00:00,False,10:00:00,2024-01-18
8873,2024-01-18 10:15:00,False,10:15:00,2024-01-18
8874,2024-01-18 10:30:00,False,10:30:00,2024-01-18
8875,2024-01-18 10:45:00,False,10:45:00,2024-01-18
8876,2024-01-18 11:00:00,False,11:00:00,2024-01-18
8877,2024-01-18 11:15:00,False,11:15:00,2024-01-18
8878,2024-01-18 11:30:00,False,11:30:00,2024-01-18
8879,2024-01-18 11:45:00,False,11:45:00,2024-01-18
8880,2024-01-18 12:00:00,False,12:00:00,2024-01-18
8881,2024-01-18 12:15:00,False,12:15:00,2024-01-18
8882,2024-01-18 12:30:00,False,12:30:00,2024-01-18
8883,2024-01-18 12:45:00,False,12:45:00,2024-01-18
8884,2024-01-18 13:00:00,False,13:00:00,2024-01-18
8885,2024-01-18 13:15:00,False,13:15:00,2024-01-18
8886,2024-01-18 13:30:00,False,13:30:00,2024-01-18
8887,2024-01-18 13:45:00,False,13:45:00,2024-01-18
8888,2024-01-18 14:00:00,False,14:00:00,2024-01-18
8889,2024-01-18 14:15:00,False,14:15:00,2024-01-18
8890,2024-01-18 14:30:00,False,14:30:00,2024-01-18
8891,2024-01-18 14:45:00,False,14:45:00,2024-01-18
8892,2024-01-18 15:00:00,False,15:00:00,2024-01-18
8893,2024-01-18 15:15:00,False,15:15:00,2024-01-18
8894,2024-01-18 15:30:00,False,15:30:00,2024-01-18
8895,2024-01-18 15:45:00,False,15:45:00,2024-01-18
8896,2024-01-18 16:00:00,False,16:00:00,2024-01-18
8897,2024-01-18 16:15:00,False,16:15:00,2024-01-18
8898,2024-01-18 16:30:00,False,16:30:00,2024-01-18
8899,2024-01-18 16:45:00,False,16:45:00,2024-01-18
8900,2024-01-18 17:00:00,False,17:00:00,2024-01-18
8901,2024-01-18 17:15:00,False,17:15:00,2024-01-18
8902,2024-01-18 17:30:00,False,17:30:00,2024-01-18
8903,2024-01-18 17:45:00,False,17:45:00,2024-01-18
8904,2024-01-18 18:00:00,False,18:00:00,2024-01-18
8905,2024-01-18 18:15:00,False,18:15:00,2024-01-18
8906,2024-01-18 18:30:00,False,18:30:00,2024-01-18
8907,2024-01-18 18:45:00,False,18:45:00,2024-01-18
8908,2024-01-18 19:00:00,False,19:00:00,2024-01-18
8909,2024-01-18 19:15:00,False,19:15:00,2024-01-18
8910,2024-01-18 19:30:00,False,19:30:00,2024-01-18
8911,2024-01-18 19:45:00,False,19:45:00,2024-01-18
8912,2024-01-18 20:00:00,False,20:00:00,2024-01-18
8913,2024-01-18 20:15:00,False,20:15:00,2024-01-18
8914,2024-01-18 20:30:00,False,20:30:00,2024-01-18
8915,2024-01-18 20:45:00,False,20:45:00,2024-01-18
8916,2024-01-18 21:00:00,False,21:00:00,2024-01-18
8917,2024-01-18 21:15:00,False,21:15:00,2024-01-18
8918,2024-01-18 21:30:00,False,21:30:00,2024-01-18
8919,2024-01-18 21:45:00,False,21:45:00,2024-01-18
8920,2024-01-18 22:00:00,False,22:00:00,2024-01-18
8921,2024-01-18 22:15:00,False,22:15:00,2024-01-18
8922,2024-01-18 22:30:00,False,22:30:00,2024-01-18
8923,2024-01-18 22:45:00,False,22:45:00,2024-01-18
8924,2024-01-18 23:00:00,False,23:00:00,2024-01-18
8925,2024-01-18 23:15:00,False,23:15:00,2024-01-18
8926,2024-01-18 23:30:00,False,23:30:00,2024-01-18
8927,2024-01-18 23:45:00,False,23:45:00,2024-01-18
8928,2024-01-19 00:00:00,False,00:00:00,2024-01-19
8929,2024-01-19 00:15:00,False,00:15:00,2024-01-19
8930,2024-01-19 00:30:00,False,00:30:00,2024-01-19
8931,2024-01-19 00:45:00,False,00:45:00,2024-01-19
8932,2024-01-19 01:00:00,False,01:00:00,2024-01-19
8933,2024-01-19 01:15:00,False,01:15:00,2024-01-19
8934,2024-01-19 01:30:00,False,01:30:00,2024-01-19
8935,2024-01-19 01:45:00,False,01:45:00,2024-01-19
8936,2024-01-19 02:00:00,False,02:00:00,2024-01-19
8937,2024-01-19 02:15:00,False,02:15:00,2024-01-19
8938,2024-01-19 02:30:00,False,02:30:00,2024-01-19
8939,2024-01-19 02:45:00,False,02:45:00,2024-01-19
8940,2024-01-19 03:00:00,False,03:00:00,2024-01-19
8941,2024-01-19 03:15:00,False,03:15:00,2024-01-19
8942,2024-01-19 03:30:00,False,03:30:00,2024-01-19
8943,2024-01-19 03:45:00,False,03:45:00,2024-01-19
8944,2024-01-19 04:00:00,False,04:00:00,2024-01-19
8945,2024-01-19 04:15:00,False,04:15:00,2024-01-19
8946,2024-01-19 04:30:00,False,04:30:00,2024-01-19
8947,2024-01-19 04:45:00,False,04:45:00,2024-01-19
8948,2024-01-19 05:00:00,False,05:00:00,2024-01-19
8949,2024-01-19 05:15:00,False,05:15:00,2024-01-19
8950,2024-01-19 05:30:00,False,05:30:00,2024-01-19
8951,2024-01-19 05:45:00,False,05:45:00,2024-01-19
8952,2024-01-19 06:00:00,False,06:00:00,2024-01-19
8953,2024-01-19 06:15:00,False,06:15:00,2024-01-19
8954,2024-01-19 06:30:00,False,06:30:00,2024-01-19
8955,2024-01-19 06:45:00,False,06:45:00,2024-01-19
8956,2024-01-19 07:00:00,False,07:00:00,2024-01-19
8957,2024-01-19 07:15:00,False,07:15:00,2024-01-19
8958,2024-01-19 07:30:00,False,07:30:00,2024-01-19
8959,2024-01-19 07:45:00,False,07:45:00,2024-01-19
8960,2024-01-19 08:00:00,False,08:00:00,2024-01-19
8961,2024-01-19 08:15:00,False,08:15:00,2024-01-19
8962,2024-01-19 08:30:00,False,08:30:00,2024-01-19
8963,2024-01-19 08:45:00,False,08:45:00,2024-01-19
8964,2024-01-19 09:00:00,False,09:00:00,2024-01-19
8965,2024-01-19 09:15:00,False,09:15:00,2024-01-19
8966,2024-01-19 09:30:00,False,09:30:00,2024-01-19
8967,2024-01-19 09:45:00,False,09:45:00,2024-01-19
8968,2024-01-19 10:00:00,False,10:00:00,2024-01-19
8969,2024-01-19 10:15:00,False,10:15:00,2024-01-19
8970,2024-01-19 10:30:00,False,10:30:00,2024-01-19
8971,2024-01-19 10:45:00,False,10:45:00,2024-01-19
8972,2024-01-19 11:00:00,False,11:00:00,2024-01-19
8973,2024-01-19 11:15:00,False,11:15:00,2024-01-19
8974,2024-01-19 11:30:00,False,11:30:00,2024-01-19
8975,2024-01-19 11:45:00,False,11:45:00,2024-01-19
8976,2024-01-19 12:00:00,False,12:00:00,2024-01-19
8977,2024-01-19 12:15:00,False,12:15:00,2024-01-19
8978,2024-01-19 12:30:00,False,12:30:00,2024-01-19
8979,2024-01-19 12:45:00,False,12:45:00,2024-01-19
8980,2024-01-19 13:00:00,False,13:00:00,2024-01-19
8981,2024-01-19 13:15:00,False,13:15:00,2024-01-19
8982,2024-01-19 13:30:00,False,13:30:00,2024-01-19
8983,2024-01-19 13:45:00,False,13:45:00,2024-01-19
8984,2024-01-19 14:00:00,False,14:00:00,2024-01-19
8985,2024-01-19 14:15:00,False,14:15:00,2024-01-19
8986,2024-01-19 14:30:00,False,14:30:00,2024-01-19
8987,2024-01-19 14:45:00,False,14:45:00,2024-01-19
8988,2024-01-19 15:00:00,False,15:00:00,2024-01-19
8989,2024-01-19 15:15:00,False,15:15:00,2024-01-19
8990,2024-01-19 15:30:00,False,15:30:00,2024-01-19
8991,2024-01-19 15:45:00,False,15:45:00,2024-01-19
8992,2024-01-19 16:00:00,False,16:00:00,2024-01-19
8993,2024-01-19 16:15:00,False,16:15:00,2024-01-19
8994,2024-01-19 16:30:00,False,16:30:00,2024-01-19
8995,2024-01-19 16:45:00,False,16:45:00,2024-01-19
8996,2024-01-19 17:00:00,False,17:00:00,2024-01-19
8997,2024-01-19 17:15:00,False,17:15:00,2024-01-19
8998,2024-01-19 17:30:00,False,17:30:00,2024-01-19
8999,2024-01-19 17:45:00,False,17:45:00,2024-01-19
9000,2024-01-19 18:00:00,False,18:00:00,2024-01-19
9001,2024-01-19 18:15:00,False,18:15:00,2024-01-19
9002,2024-01-19 18:30:00,False,18:30:00,2024-01-19
9003,2024-01-19 18:45:00,False,18:45:00,2024-01-19
9004,2024-01-19 19:00:00,False,19:00:00,2024-01-19
9005,2024-01-19 19:15:00,False,19:15:00,2024-01-19
9006,2024-01-19 19:30:00,False,19:30:00,2024-01-19
9007,2024-01-19 19:45:00,False,19:45:00,2024-01-19
9008,2024-01-19 20:00:00,False,20:00:00,2024-01-19
9009,2024-01-19 20:15:00,False,20:15:00,2024-01-19
9010,2024-01-19 20:30:00,False,20:30:00,2024-01-19
9011,2024-01-19 20:45:00,False,20:45:00,2024-01-19
9012,2024-01-19 21:00:00,False,21:00:00,2024-01-19
9013,2024-01-19 21:15:00,False,21:15:00,2024-01-19
9014,2024-01-19 21:30:00,False,21:30:00,2024-01-19
9015,2024-01-19 21:45:00,False,21:45:00,2024-01-19
9016,2024-01-19 22:00:00,False,22:00:00,2024-01-19
9017,2024-01-19 22:15:00,False,22:15:00,2024-01-19
9018,2024-01-19 22:30:00,False,22:30:00,2024-01-19
9019,2024-01-19 22:45:00,False,22:45:00,2024-01-19
9020,2024-01-19 23:00:00,False,23:00:00,2024-01-19
9021,2024-01-19 23:15:00,False,23:15:00,2024-01-19
9022,2024-01-19 23:30:00,False,23:30:00,2024-01-19
9023,2024-01-19 23:45:00,False,23:45:00,2024-01-19
9024,2024-01-20 00:00:00,False,00:00:00,2024-01-20
9025,2024-01-20 00:15:00,False,00:15:00,2024-01-20
9026,2024-01-20 00:30:00,False,00:30:00,2024-01-20
9027,2024-01-20 00:45:00,False,00:45:00,2024-01-20
9028,2024-01-20 01:00:00,False,01:00:00,2024-01-20
9029,2024-01-20 01:15:00,False,01:15:00,2024-01-20
9030,2024-01-20 01:30:00,False,01:30:00,2024-01-20
9031,2024-01-20 01:45:00,False,01:45:00,2024-01-20
9032,2024-01-20 02:00:00,False,02:00:00,2024-01-20
9033,2024-01-20 02:15:00,False,02:15:00,2024-01-20
9034,2024-01-20 02:30:00,False,02:30:00,2024-01-20
9035,2024-01-20 02:45:00,False,02:45:00,2024-01-20
9036,2024-01-20 03:00:00,False,03:00:00,2024-01-20
9037,2024-01-20 03:15:00,False,03:15:00,2024-01-20
9038,2024-01-20 03:30:00,False,03:30:00,2024-01-20
9039,2024-01-20 03:45:00,False,03:45:00,2024-01-20
9040,2024-01-20 04:00:00,False,04:00:00,2024-01-20
9041,2024-01-20 04:15:00,False,04:15:00,2024-01-20
9042,2024-01-20 04:30:00,False,04:30:00,2024-01-20
9043,2024-01-20 04:45:00,False,04:45:00,2024-01-20
9044,2024-01-20 05:00:00,False,05:00:00,2024-01-20
9045,2024-01-20 05:15:00,False,05:15:00,2024-01-20
9046,2024-01-20 05:30:00,False,05:30:00,2024-01-20
9047,2024-01-20 05:45:00,False,05:45:00,2024-01-20
9048,2024-01-20 06:00:00,False,06:00:00,2024-01-20
9049,2024-01-20 06:15:00,False,06:15:00,2024-01-20
9050,2024-01-20 06:30:00,False,06:30:00,2024-01-20
9051,2024-01-20 06:45:00,False,06:45:00,2024-01-20
9052,2024-01-20 07:00:00,False,07:00:00,2024-01-20
9053,2024-01-20 07:15:00,False,07:15:00,2024-01-20
9054,2024-01-20 07:30:00,False,07:30:00,2024-01-20
9055,2024-01-20 07:45:00,False,07:45:00,2024-01-20
9056,2024-01-20 08:00:00,False,08:00:00,2024-01-20
9057,2024-01-20 08:15:00,False,08:15:00,2024-01-20
9058,2024-01-20 08:30:00,False,08:30:00,2024-01-20
9059,2024-01-20 08:45:00,False,08:45:00,2024-01-20
9060,2024-01-20 09:00:00,False,09:00:00,2024-01-20
9061,2024-01-20 09:15:00,False,09:15:00,2024-01-20
9062,2024-01-20 09:30:00,False,09:30:00,2024-01-20
9063,2024-01-20 09:45:00,False,09:45:00,2024-01-20
9064,2024-01-20 10:00:00,False,10:00:00,2024-01-20
9065,2024-01-20 10:15:00,False,10:15:00,2024-01-20
9066,2024-01-20 10:30:00,False,10:30:00,2024-01-20
9067,2024-01-20 10:45:00,False,10:45:00,2024-01-20
9068,2024-01-20 11:00:00,False,11:00:00,2024-01-20
9069,2024-01-20 11:15:00,False,11:15:00,2024-01-20
9070,2024-01-20 11:30:00,False,11:30:00,2024-01-20
9071,2024-01-20 11:45:00,False,11:45:00,2024-01-20
9072,2024-01-20 12:00:00,False,12:00:00,2024-01-20
9073,2024-01-20 12:15:00,False,12:15:00,2024-01-20
9074,2024-01-20 12:30:00,False,12:30:00,2024-01-20
9075,2024-01-20 12:45:00,False,12:45:00,2024-01-20
9076,2024-01-20 13:00:00,False,13:00:00,2024-01-20
9077,2024-01-20 13:15:00,False,13:15:00,2024-01-20
9078,2024-01-20 13:30:00,False,13:30:00,2024-01-20
9079,2024-01-20 13:45:00,False,13:45:00,2024-01-20
9080,2024-01-20 14:00:00,False,14:00:00,2024-01-20
9081,2024-01-20 14:15:00,False,14:15:00,2024-01-20
9082,2024-01-20 14:30:00,False,14:30:00,2024-01-20
9083,2024-01-20 14:45:00,False,14:45:00,2024-01-20
9084,2024-01-20 15:00:00,False,15:00:00,2024-01-20
9085,2024-01-20 15:15:00,False,15:15:00,2024-01-20
9086,2024-01-20 15:30:00,False,15:30:00,2024-01-20
9087,2024-01-20 15:45:00,False,15:45:00,2024-01-20
9088,2024-01-20 16:00:00,False,16:00:00,2024-01-20
9089,2024-01-20 16:15:00,False,16:15:00,2024-01-20
9090,2024-01-20 16:30:00,False,16:30:00,2024-01-20
9091,2024-01-20 16:45:00,False,16:45:00,2024-01-20
9092,2024-01-20 17:00:00,False,17:00:00,2024-01-20
9093,2024-01-20 17:15:00,False,17:15:00,2024-01-20
9094,2024-01-20 17:30:00,False,17:30:00,2024-01-20
9095,2024-01-20 17:45:00,True,17:45:00,2024-01-20
9096,2024-01-20 18:00:00,True,18:00:00,2024-01-20
9097,2024-01-20 18:15:00,False,18:15:00,2024-01-20
9098,2024-01-20 18:30:00,False,18:30:00,2024-01-20
9099,2024-01-20 18:45:00,False,18:45:00,2024-01-20
9100,2024-01-20 19:00:00,False,19:00:00,2024-01-20
9101,2024-01-20 19:15:00,False,19:15:00,2024-01-20
9102,2024-01-20 19:30:00,False,19:30:00,2024-01-20
9103,2024-01-20 19:45:00,False,19:45:00,2024-01-20
9104,2024-01-20 20:00:00,False,20:00:00,2024-01-20
9105,2024-01-20 20:15:00,False,20:15:00,2024-01-20
9106,2024-01-20 20:30:00,False,20:30:00,2024-01-20
9107,2024-01-20 20:45:00,False,20:45:00,2024-01-20
9108,2024-01-20 21:00:00,False,21:00:00,2024-01-20
9109,2024-01-20 21:15:00,False,21:15:00,2024-01-20
9110,2024-01-20 21:30:00,False,21:30:00,2024-01-20
9111,2024-01-20 21:45:00,False,21:45:00,2024-01-20
9112,2024-01-20 22:00:00,False,22:00:00,2024-01-20
9113,2024-01-20 22:15:00,False,22:15:00,2024-01-20
9114,2024-01-20 22:30:00,False,22:30:00,2024-01-20
9115,2024-01-20 22:45:00,False,22:45:00,2024-01-20
9116,2024-01-20 23:00:00,False,23:00:00,2024-01-20
9117,2024-01-20 23:15:00,False,23:15:00,2024-01-20
9118,2024-01-20 23:30:00,False,23:30:00,2024-01-20
9119,2024-01-20 23:45:00,False,23:45:00,2024-01-20
9120,2024-01-21 00:00:00,False,00:00:00,2024-01-21
9121,2024-01-21 00:15:00,False,00:15:00,2024-01-21
9122,2024-01-21 00:30:00,False,00:30:00,2024-01-21
9123,2024-01-21 00:45:00,False,00:45:00,2024-01-21
9124,2024-01-21 01:00:00,False,01:00:00,2024-01-21
9125,2024-01-21 01:15:00,False,01:15:00,2024-01-21
9126,2024-01-21 01:30:00,False,01:30:00,2024-01-21
9127,2024-01-21 01:45:00,False,01:45:00,2024-01-21
9128,2024-01-21 02:00:00,False,02:00:00,2024-01-21
9129,2024-01-21 02:15:00,False,02:15:00,2024-01-21
9130,2024-01-21 02:30:00,False,02:30:00,2024-01-21
9131,2024-01-21 02:45:00,False,02:45:00,2024-01-21
9132,2024-01-21 03:00:00,False,03:00:00,2024-01-21
9133,2024-01-21 03:15:00,False,03:15:00,2024-01-21
9134,2024-01-21 03:30:00,False,03:30:00,2024-01-21
9135,2024-01-21 03:45:00,False,03:45:00,2024-01-21
9136,2024-01-21 04:00:00,False,04:00:00,2024-01-21
9137,2024-01-21 04:15:00,False,04:15:00,2024-01-21
9138,2024-01-21 04:30:00,False,04:30:00,2024-01-21
9139,2024-01-21 04:45:00,False,04:45:00,2024-01-21
9140,2024-01-21 05:00:00,False,05:00:00,2024-01-21
9141,2024-01-21 05:15:00,False,05:15:00,2024-01-21
9142,2024-01-21 05:30:00,False,05:30:00,2024-01-21
9143,2024-01-21 05:45:00,False,05:45:00,2024-01-21
9144,2024-01-21 06:00:00,False,06:00:00,2024-01-21
9145,2024-01-21 06:15:00,False,06:15:00,2024-01-21
9146,2024-01-21 06:30:00,False,06:30:00,2024-01-21
9147,2024-01-21 06:45:00,False,06:45:00,2024-01-21
9148,2024-01-21 07:00:00,False,07:00:00,2024-01-21
9149,2024-01-21 07:15:00,False,07:15:00,2024-01-21
9150,2024-01-21 07:30:00,False,07:30:00,2024-01-21
9151,2024-01-21 07:45:00,False,07:45:00,2024-01-21
9152,2024-01-21 08:00:00,False,08:00:00,2024-01-21
9153,2024-01-21 08:15:00,False,08:15:00,2024-01-21
9154,2024-01-21 08:30:00,False,08:30:00,2024-01-21
9155,2024-01-21 08:45:00,False,08:45:00,2024-01-21
9156,2024-01-21 09:00:00,False,09:00:00,2024-01-21
9157,2024-01-21 09:15:00,False,09:15:00,2024-01-21
9158,2024-01-21 09:30:00,False,09:30:00,2024-01-21
9159,2024-01-21 09:45:00,False,09:45:00,2024-01-21
9160,2024-01-21 10:00:00,False,10:00:00,2024-01-21
9161,2024-01-21 10:15:00,False,10:15:00,2024-01-21
9162,2024-01-21 10:30:00,False,10:30:00,2024-01-21
9163,2024-01-21 10:45:00,False,10:45:00,2024-01-21
9164,2024-01-21 11:00:00,False,11:00:00,2024-01-21
9165,2024-01-21 11:15:00,False,11:15:00,2024-01-21
9166,2024-01-21 11:30:00,False,11:30:00,2024-01-21
9167,2024-01-21 11:45:00,False,11:45:00,2024-01-21
9168,2024-01-21 12:00:00,False,12:00:00,2024-01-21
9169,2024-01-21 12:15:00,False,12:15:00,2024-01-21
9170,2024-01-21 12:30:00,False,12:30:00,2024-01-21
9171,2024-01-21 12:45:00,False,12:45:00,2024-01-21
9172,2024-01-21 13:00:00,False,13:00:00,2024-01-21
9173,2024-01-21 13:15:00,False,13:15:00,2024-01-21
9174,2024-01-21 13:30:00,False,13:30:00,2024-01-21
9175,2024-01-21 13:45:00,False,13:45:00,2024-01-21
9176,2024-01-21 14:00:00,False,14:00:00,2024-01-21
9177,2024-01-21 14:15:00,False,14:15:00,2024-01-21
9178,2024-01-21 14:30:00,False,14:30:00,2024-01-21
9179,2024-01-21 14:45:00,False,14:45:00,2024-01-21
9180,2024-01-21 15:00:00,False,15:00:00,2024-01-21
9181,2024-01-21 15:15:00,False,15:15:00,2024-01-21
9182,2024-01-21 15:30:00,False,15:30:00,2024-01-21
9183,2024-01-21 15:45:00,False,15:45:00,2024-01-21
9184,2024-01-21 16:00:00,False,16:00:00,2024-01-21
9185,2024-01-21 16:15:00,False,16:15:00,2024-01-21
9186,2024-01-21 16:30:00,False,16:30:00,2024-01-21
9187,2024-01-21 16:45:00,False,16:45:00,2024-01-21
9188,2024-01-21 17:00:00,False,17:00:00,2024-01-21
9189,2024-01-21 17:15:00,False,17:15:00,2024-01-21
9190,2024-01-21 17:30:00,False,17:30:00,2024-01-21
9191,2024-01-21 17:45:00,False,17:45:00,2024-01-21
9192,2024-01-21 18:00:00,False,18:00:00,2024-01-21
9193,2024-01-21 18:15:00,False,18:15:00,2024-01-21
9194,2024-01-21 18:30:00,False,18:30:00,2024-01-21
9195,2024-01-21 18:45:00,False,18:45:00,2024-01-21
9196,2024-01-21 19:00:00,False,19:00:00,2024-01-21
9197,2024-01-21 19:15:00,False,19:15:00,2024-01-21
9198,2024-01-21 19:30:00,False,19:30:00,2024-01-21
9199,2024-01-21 19:45:00,False,19:45:00,2024-01-21
9200,2024-01-21 20:00:00,False,20:00:00,2024-01-21
9201,2024-01-21 20:15:00,False,20:15:00,2024-01-21
9202,2024-01-21 20:30:00,False,20:30:00,2024-01-21
9203,2024-01-21 20:45:00,False,20:45:00,2024-01-21
9204,2024-01-21 21:00:00,False,21:00:00,2024-01-21
9205,2024-01-21 21:15:00,False,21:15:00,2024-01-21
9206,2024-01-21 21:30:00,False,21:30:00,2024-01-21
9207,2024-01-21 21:45:00,False,21:45:00,2024-01-21
9208,2024-01-21 22:00:00,False,22:00:00,2024-01-21
9209,2024-01-21 22:15:00,False,22:15:00,2024-01-21
9210,2024-01-21 22:30:00,False,22:30:00,2024-01-21
9211,2024-01-21 22:45:00,False,22:45:00,2024-01-21
9212,2024-01-21 23:00:00,False,23:00:00,2024-01-21
9213,2024-01-21 23:15:00,False,23:15:00,2024-01-21
9214,2024-01-21 23:30:00,False,23:30:00,2024-01-21
9215,2024-01-21 23:45:00,False,23:45:00,2024-01-21
9216,2024-01-22 00:00:00,False,00:00:00,2024-01-22
9217,2024-01-22 00:15:00,False,00:15:00,2024-01-22
9218,2024-01-22 00:30:00,False,00:30:00,2024-01-22
9219,2024-01-22 00:45:00,False,00:45:00,2024-01-22
9220,2024-01-22 01:00:00,False,01:00:00,2024-01-22
9221,2024-01-22 01:15:00,False,01:15:00,2024-01-22
9222,2024-01-22 01:30:00,False,01:30:00,2024-01-22
9223,2024-01-22 01:45:00,False,01:45:00,2024-01-22
9224,2024-01-22 02:00:00,False,02:00:00,2024-01-22
9225,2024-01-22 02:15:00,False,02:15:00,2024-01-22
9226,2024-01-22 02:30:00,False,02:30:00,2024-01-22
9227,2024-01-22 02:45:00,False,02:45:00,2024-01-22
9228,2024-01-22 03:00:00,False,03:00:00,2024-01-22
9229,2024-01-22 03:15:00,False,03:15:00,2024-01-22
9230,2024-01-22 03:30:00,False,03:30:00,2024-01-22
9231,2024-01-22 03:45:00,False,03:45:00,2024-01-22
9232,2024-01-22 04:00:00,False,04:00:00,2024-01-22
9233,2024-01-22 04:15:00,False,04:15:00,2024-01-22
9234,2024-01-22 04:30:00,False,04:30:00,2024-01-22
9235,2024-01-22 04:45:00,False,04:45:00,2024-01-22
9236,2024-01-22 05:00:00,False,05:00:00,2024-01-22
9237,2024-01-22 05:15:00,False,05:15:00,2024-01-22
9238,2024-01-22 05:30:00,False,05:30:00,2024-01-22
9239,2024-01-22 05:45:00,False,05:45:00,2024-01-22
9240,2024-01-22 06:00:00,False,06:00:00,2024-01-22
9241,2024-01-22 06:15:00,False,06:15:00,2024-01-22
9242,2024-01-22 06:30:00,False,06:30:00,2024-01-22
9243,2024-01-22 06:45:00,False,06:45:00,2024-01-22
9244,2024-01-22 07:00:00,False,07:00:00,2024-01-22
9245,2024-01-22 07:15:00,False,07:15:00,2024-01-22
9246,2024-01-22 07:30:00,False,07:30:00,2024-01-22
9247,2024-01-22 07:45:00,False,07:45:00,2024-01-22
9248,2024-01-22 08:00:00,False,08:00:00,2024-01-22
9249,2024-01-22 08:15:00,False,08:15:00,2024-01-22
9250,2024-01-22 08:30:00,False,08:30:00,2024-01-22
9251,2024-01-22 08:45:00,False,08:45:00,2024-01-22
9252,2024-01-22 09:00:00,False,09:00:00,2024-01-22
9253,2024-01-22 09:15:00,False,09:15:00,2024-01-22
9254,2024-01-22 09:30:00,False,09:30:00,2024-01-22
9255,2024-01-22 09:45:00,False,09:45:00,2024-01-22
9256,2024-01-22 10:00:00,False,10:00:00,2024-01-22
9257,2024-01-22 10:15:00,False,10:15:00,2024-01-22
9258,2024-01-22 10:30:00,False,10:30:00,2024-01-22
9259,2024-01-22 10:45:00,False,10:45:00,2024-01-22
9260,2024-01-22 11:00:00,False,11:00:00,2024-01-22
9261,2024-01-22 11:15:00,False,11:15:00,2024-01-22
9262,2024-01-22 11:30:00,False,11:30:00,2024-01-22
9263,2024-01-22 11:45:00,False,11:45:00,2024-01-22
9264,2024-01-22 12:00:00,False,12:00:00,2024-01-22
9265,2024-01-22 12:15:00,False,12:15:00,2024-01-22
9266,2024-01-22 12:30:00,False,12:30:00,2024-01-22
9267,2024-01-22 12:45:00,False,12:45:00,2024-01-22
9268,2024-01-22 13:00:00,False,13:00:00,2024-01-22
9269,2024-01-22 13:15:00,False,13:15:00,2024-01-22
9270,2024-01-22 13:30:00,False,13:30:00,2024-01-22
9271,2024-01-22 13:45:00,False,13:45:00,2024-01-22
9272,2024-01-22 14:00:00,False,14:00:00,2024-01-22
9273,2024-01-22 14:15:00,False,14:15:00,2024-01-22
9274,2024-01-22 14:30:00,False,14:30:00,2024-01-22
9275,2024-01-22 14:45:00,False,14:45:00,2024-01-22
9276,2024-01-22 15:00:00,False,15:00:00,2024-01-22
9277,2024-01-22 15:15:00,False,15:15:00,2024-01-22
9278,2024-01-22 15:30:00,False,15:30:00,2024-01-22
9279,2024-01-22 15:45:00,False,15:45:00,2024-01-22
9280,2024-01-22 16:00:00,False,16:00:00,2024-01-22
9281,2024-01-22 16:15:00,False,16:15:00,2024-01-22
9282,2024-01-22 16:30:00,False,16:30:00,2024-01-22
9283,2024-01-22 16:45:00,False,16:45:00,2024-01-22
9284,2024-01-22 17:00:00,False,17:00:00,2024-01-22
9285,2024-01-22 17:15:00,False,17:15:00,2024-01-22
9286,2024-01-22 17:30:00,False,17:30:00,2024-01-22
9287,2024-01-22 17:45:00,False,17:45:00,2024-01-22
9288,2024-01-22 18:00:00,False,18:00:00,2024-01-22
9289,2024-01-22 18:15:00,False,18:15:00,2024-01-22
9290,2024-01-22 18:30:00,False,18:30:00,2024-01-22
9291,2024-01-22 18:45:00,False,18:45:00,2024-01-22
9292,2024-01-22 19:00:00,False,19:00:00,2024-01-22
9293,2024-01-22 19:15:00,False,19:15:00,2024-01-22
9294,2024-01-22 19:30:00,False,19:30:00,2024-01-22
9295,2024-01-22 19:45:00,False,19:45:00,2024-01-22
9296,2024-01-22 20:00:00,False,20:00:00,2024-01-22
9297,2024-01-22 20:15:00,False,20:15:00,2024-01-22
9298,2024-01-22 20:30:00,False,20:30:00,2024-01-22
9299,2024-01-22 20:45:00,False,20:45:00,2024-01-22
9300,2024-01-22 21:00:00,False,21:00:00,2024-01-22
9301,2024-01-22 21:15:00,False,21:15:00,2024-01-22
9302,2024-01-22 21:30:00,False,21:30:00,2024-01-22
9303,2024-01-22 21:45:00,False,21:45:00,2024-01-22
9304,2024-01-22 22:00:00,False,22:00:00,2024-01-22
9305,2024-01-22 22:15:00,False,22:15:00,2024-01-22
9306,2024-01-22 22:30:00,False,22:30:00,2024-01-22
9307,2024-01-22 22:45:00,False,22:45:00,2024-01-22
9308,2024-01-22 23:00:00,False,23:00:00,2024-01-22
9309,2024-01-22 23:15:00,False,23:15:00,2024-01-22
9310,2024-01-22 23:30:00,False,23:30:00,2024-01-22
9311,2024-01-22 23:45:00,False,23:45:00,2024-01-22
9312,2024-01-23 00:00:00,False,00:00:00,2024-01-23
9313,2024-01-23 00:15:00,False,00:15:00,2024-01-23
9314,2024-01-23 00:30:00,False,00:30:00,2024-01-23
9315,2024-01-23 00:45:00,False,00:45:00,2024-01-23
9316,2024-01-23 01:00:00,False,01:00:00,2024-01-23
9317,2024-01-23 01:15:00,False,01:15:00,2024-01-23
9318,2024-01-23 01:30:00,False,01:30:00,2024-01-23
9319,2024-01-23 01:45:00,False,01:45:00,2024-01-23
9320,2024-01-23 02:00:00,False,02:00:00,2024-01-23
9321,2024-01-23 02:15:00,False,02:15:00,2024-01-23
9322,2024-01-23 02:30:00,False,02:30:00,2024-01-23
9323,2024-01-23 02:45:00,False,02:45:00,2024-01-23
9324,2024-01-23 03:00:00,False,03:00:00,2024-01-23
9325,2024-01-23 03:15:00,False,03:15:00,2024-01-23
9326,2024-01-23 03:30:00,False,03:30:00,2024-01-23
9327,2024-01-23 03:45:00,False,03:45:00,2024-01-23
9328,2024-01-23 04:00:00,False,04:00:00,2024-01-23
9329,2024-01-23 04:15:00,False,04:15:00,2024-01-23
9330,2024-01-23 04:30:00,False,04:30:00,2024-01-23
9331,2024-01-23 04:45:00,False,04:45:00,2024-01-23
9332,2024-01-23 05:00:00,False,05:00:00,2024-01-23
9333,2024-01-23 05:15:00,False,05:15:00,2024-01-23
9334,2024-01-23 05:30:00,False,05:30:00,2024-01-23
9335,2024-01-23 05:45:00,False,05:45:00,2024-01-23
9336,2024-01-23 06:00:00,False,06:00:00,2024-01-23
9337,2024-01-23 06:15:00,False,06:15:00,2024-01-23
9338,2024-01-23 06:30:00,False,06:30:00,2024-01-23
9339,2024-01-23 06:45:00,False,06:45:00,2024-01-23
9340,2024-01-23 07:00:00,False,07:00:00,2024-01-23
9341,2024-01-23 07:15:00,False,07:15:00,2024-01-23
9342,2024-01-23 07:30:00,False,07:30:00,2024-01-23
9343,2024-01-23 07:45:00,False,07:45:00,2024-01-23
9344,2024-01-23 08:00:00,False,08:00:00,2024-01-23
9345,2024-01-23 08:15:00,False,08:15:00,2024-01-23
9346,2024-01-23 08:30:00,False,08:30:00,2024-01-23
9347,2024-01-23 08:45:00,False,08:45:00,2024-01-23
9348,2024-01-23 09:00:00,False,09:00:00,2024-01-23
9349,2024-01-23 09:15:00,False,09:15:00,2024-01-23
9350,2024-01-23 09:30:00,False,09:30:00,2024-01-23
9351,2024-01-23 09:45:00,False,09:45:00,2024-01-23
9352,2024-01-23 10:00:00,False,10:00:00,2024-01-23
9353,2024-01-23 10:15:00,False,10:15:00,2024-01-23
9354,2024-01-23 10:30:00,False,10:30:00,2024-01-23
9355,2024-01-23 10:45:00,False,10:45:00,2024-01-23
9356,2024-01-23 11:00:00,False,11:00:00,2024-01-23
9357,2024-01-23 11:15:00,False,11:15:00,2024-01-23
9358,2024-01-23 11:30:00,False,11:30:00,2024-01-23
9359,2024-01-23 11:45:00,False,11:45:00,2024-01-23
9360,2024-01-23 12:00:00,False,12:00:00,2024-01-23
9361,2024-01-23 12:15:00,False,12:15:00,2024-01-23
9362,2024-01-23 12:30:00,False,12:30:00,2024-01-23
9363,2024-01-23 12:45:00,False,12:45:00,2024-01-23
9364,2024-01-23 13:00:00,False,13:00:00,2024-01-23
9365,2024-01-23 13:15:00,False,13:15:00,2024-01-23
9366,2024-01-23 13:30:00,False,13:30:00,2024-01-23
9367,2024-01-23 13:45:00,False,13:45:00,2024-01-23
9368,2024-01-23 14:00:00,False,14:00:00,2024-01-23
9369,2024-01-23 14:15:00,False,14:15:00,2024-01-23
9370,2024-01-23 14:30:00,False,14:30:00,2024-01-23
9371,2024-01-23 14:45:00,False,14:45:00,2024-01-23
9372,2024-01-23 15:00:00,False,15:00:00,2024-01-23
9373,2024-01-23 15:15:00,False,15:15:00,2024-01-23
9374,2024-01-23 15:30:00,False,15:30:00,2024-01-23
9375,2024-01-23 15:45:00,False,15:45:00,2024-01-23
9376,2024-01-23 16:00:00,False,16:00:00,2024-01-23
9377,2024-01-23 16:15:00,False,16:15:00,2024-01-23
9378,2024-01-23 16:30:00,False,16:30:00,2024-01-23
9379,2024-01-23 16:45:00,False,16:45:00,2024-01-23
9380,2024-01-23 17:00:00,False,17:00:00,2024-01-23
9381,2024-01-23 17:15:00,False,17:15:00,2024-01-23
9382,2024-01-23 17:30:00,False,17:30:00,2024-01-23
9383,2024-01-23 17:45:00,False,17:45:00,2024-01-23
9384,2024-01-23 18:00:00,False,18:00:00,2024-01-23
9385,2024-01-23 18:15:00,False,18:15:00,2024-01-23
9386,2024-01-23 18:30:00,False,18:30:00,2024-01-23
9387,2024-01-23 18:45:00,False,18:45:00,2024-01-23
9388,2024-01-23 19:00:00,False,19:00:00,2024-01-23
9389,2024-01-23 19:15:00,False,19:15:00,2024-01-23
9390,2024-01-23 19:30:00,False,19:30:00,2024-01-23
9391,2024-01-23 19:45:00,False,19:45:00,2024-01-23
9392,2024-01-23 20:00:00,False,20:00:00,2024-01-23
9393,2024-01-23 20:15:00,False,20:15:00,2024-01-23
9394,2024-01-23 20:30:00,False,20:30:00,2024-01-23
9395,2024-01-23 20:45:00,False,20:45:00,2024-01-23
9396,2024-01-23 21:00:00,False,21:00:00,2024-01-23
9397,2024-01-23 21:15:00,False,21:15:00,2024-01-23
9398,2024-01-23 21:30:00,False,21:30:00,2024-01-23
9399,2024-01-23 21:45:00,False,21:45:00,2024-01-23
9400,2024-01-23 22:00:00,False,22:00:00,2024-01-23
9401,2024-01-23 22:15:00,False,22:15:00,2024-01-23
9402,2024-01-23 22:30:00,False,22:30:00,2024-01-23
9403,2024-01-23 22:45:00,False,22:45:00,2024-01-23
9404,2024-01-23 23:00:00,False,23:00:00,2024-01-23
9405,2024-01-23 23:15:00,False,23:15:00,2024-01-23
9406,2024-01-23 23:30:00,False,23:30:00,2024-01-23
9407,2024-01-23 23:45:00,False,23:45:00,2024-01-23
9408,2024-01-24 00:00:00,False,00:00:00,2024-01-24
9409,2024-01-24 00:15:00,False,00:15:00,2024-01-24
9410,2024-01-24 00:30:00,False,00:30:00,2024-01-24
9411,2024-01-24 00:45:00,False,00:45:00,2024-01-24
9412,2024-01-24 01:00:00,False,01:00:00,2024-01-24
9413,2024-01-24 01:15:00,False,01:15:00,2024-01-24
9414,2024-01-24 01:30:00,False,01:30:00,2024-01-24
9415,2024-01-24 01:45:00,False,01:45:00,2024-01-24
9416,2024-01-24 02:00:00,False,02:00:00,2024-01-24
9417,2024-01-24 02:15:00,False,02:15:00,2024-01-24
9418,2024-01-24 02:30:00,False,02:30:00,2024-01-24
9419,2024-01-24 02:45:00,False,02:45:00,2024-01-24
9420,2024-01-24 03:00:00,False,03:00:00,2024-01-24
9421,2024-01-24 03:15:00,False,03:15:00,2024-01-24
9422,2024-01-24 03:30:00,False,03:30:00,2024-01-24
9423,2024-01-24 03:45:00,False,03:45:00,2024-01-24
9424,2024-01-24 04:00:00,False,04:00:00,2024-01-24
9425,2024-01-24 04:15:00,False,04:15:00,2024-01-24
9426,2024-01-24 04:30:00,False,04:30:00,2024-01-24
9427,2024-01-24 04:45:00,False,04:45:00,2024-01-24
9428,2024-01-24 05:00:00,False,05:00:00,2024-01-24
9429,2024-01-24 05:15:00,False,05:15:00,2024-01-24
9430,2024-01-24 05:30:00,False,05:30:00,2024-01-24
9431,2024-01-24 05:45:00,False,05:45:00,2024-01-24
9432,2024-01-24 06:00:00,False,06:00:00,2024-01-24
9433,2024-01-24 06:15:00,False,06:15:00,2024-01-24
9434,2024-01-24 06:30:00,False,06:30:00,2024-01-24
9435,2024-01-24 06:45:00,False,06:45:00,2024-01-24
9436,2024-01-24 07:00:00,False,07:00:00,2024-01-24
9437,2024-01-24 07:15:00,False,07:15:00,2024-01-24
9438,2024-01-24 07:30:00,False,07:30:00,2024-01-24
9439,2024-01-24 07:45:00,False,07:45:00,2024-01-24
9440,2024-01-24 08:00:00,False,08:00:00,2024-01-24
9441,2024-01-24 08:15:00,False,08:15:00,2024-01-24
9442,2024-01-24 08:30:00,False,08:30:00,2024-01-24
9443,2024-01-24 08:45:00,False,08:45:00,2024-01-24
9444,2024-01-24 09:00:00,False,09:00:00,2024-01-24
9445,2024-01-24 09:15:00,False,09:15:00,2024-01-24
9446,2024-01-24 09:30:00,False,09:30:00,2024-01-24
9447,2024-01-24 09:45:00,False,09:45:00,2024-01-24
9448,2024-01-24 10:00:00,False,10:00:00,2024-01-24
9449,2024-01-24 10:15:00,False,10:15:00,2024-01-24
9450,2024-01-24 10:30:00,False,10:30:00,2024-01-24
9451,2024-01-24 10:45:00,False,10:45:00,2024-01-24
9452,2024-01-24 11:00:00,False,11:00:00,2024-01-24
9453,2024-01-24 11:15:00,False,11:15:00,2024-01-24
9454,2024-01-24 11:30:00,False,11:30:00,2024-01-24
9455,2024-01-24 11:45:00,False,11:45:00,2024-01-24
9456,2024-01-24 12:00:00,False,12:00:00,2024-01-24
9457,2024-01-24 12:15:00,False,12:15:00,2024-01-24
9458,2024-01-24 12:30:00,False,12:30:00,2024-01-24
9459,2024-01-24 12:45:00,False,12:45:00,2024-01-24
9460,2024-01-24 13:00:00,False,13:00:00,2024-01-24
9461,2024-01-24 13:15:00,False,13:15:00,2024-01-24
9462,2024-01-24 13:30:00,False,13:30:00,2024-01-24
9463,2024-01-24 13:45:00,False,13:45:00,2024-01-24
9464,2024-01-24 14:00:00,False,14:00:00,2024-01-24
9465,2024-01-24 14:15:00,False,14:15:00,2024-01-24
9466,2024-01-24 14:30:00,False,14:30:00,2024-01-24
9467,2024-01-24 14:45:00,False,14:45:00,2024-01-24
9468,2024-01-24 15:00:00,False,15:00:00,2024-01-24
9469,2024-01-24 15:15:00,False,15:15:00,2024-01-24
9470,2024-01-24 15:30:00,False,15:30:00,2024-01-24
9471,2024-01-24 15:45:00,False,15:45:00,2024-01-24
9472,2024-01-24 16:00:00,False,16:00:00,2024-01-24
9473,2024-01-24 16:15:00,False,16:15:00,2024-01-24
9474,2024-01-24 16:30:00,False,16:30:00,2024-01-24
9475,2024-01-24 16:45:00,False,16:45:00,2024-01-24
9476,2024-01-24 17:00:00,False,17:00:00,2024-01-24
9477,2024-01-24 17:15:00,False,17:15:00,2024-01-24
9478,2024-01-24 17:30:00,False,17:30:00,2024-01-24
9479,2024-01-24 17:45:00,False,17:45:00,2024-01-24
9480,2024-01-24 18:00:00,False,18:00:00,2024-01-24
9481,2024-01-24 18:15:00,False,18:15:00,2024-01-24
9482,2024-01-24 18:30:00,False,18:30:00,2024-01-24
9483,2024-01-24 18:45:00,False,18:45:00,2024-01-24
9484,2024-01-24 19:00:00,False,19:00:00,2024-01-24
9485,2024-01-24 19:15:00,False,19:15:00,2024-01-24
9486,2024-01-24 19:30:00,False,19:30:00,2024-01-24
9487,2024-01-24 19:45:00,False,19:45:00,2024-01-24
9488,2024-01-24 20:00:00,False,20:00:00,2024-01-24
9489,2024-01-24 20:15:00,False,20:15:00,2024-01-24
9490,2024-01-24 20:30:00,False,20:30:00,2024-01-24
9491,2024-01-24 20:45:00,False,20:45:00,2024-01-24
9492,2024-01-24 21:00:00,False,21:00:00,2024-01-24
9493,2024-01-24 21:15:00,False,21:15:00,2024-01-24
9494,2024-01-24 21:30:00,False,21:30:00,2024-01-24
9495,2024-01-24 21:45:00,False,21:45:00,2024-01-24
9496,2024-01-24 22:00:00,False,22:00:00,2024-01-24
9497,2024-01-24 22:15:00,False,22:15:00,2024-01-24
9498,2024-01-24 22:30:00,False,22:30:00,2024-01-24
9499,2024-01-24 22:45:00,False,22:45:00,2024-01-24
9500,2024-01-24 23:00:00,False,23:00:00,2024-01-24
9501,2024-01-24 23:15:00,False,23:15:00,2024-01-24
9502,2024-01-24 23:30:00,False,23:30:00,2024-01-24
9503,2024-01-24 23:45:00,False,23:45:00,2024-01-24
9504,2024-01-25 00:00:00,False,00:00:00,2024-01-25
9505,2024-01-25 00:15:00,False,00:15:00,2024-01-25
9506,2024-01-25 00:30:00,False,00:30:00,2024-01-25
9507,2024-01-25 00:45:00,False,00:45:00,2024-01-25
9508,2024-01-25 01:00:00,False,01:00:00,2024-01-25
9509,2024-01-25 01:15:00,False,01:15:00,2024-01-25
9510,2024-01-25 01:30:00,False,01:30:00,2024-01-25
9511,2024-01-25 01:45:00,False,01:45:00,2024-01-25
9512,2024-01-25 02:00:00,False,02:00:00,2024-01-25
9513,2024-01-25 02:15:00,False,02:15:00,2024-01-25
9514,2024-01-25 02:30:00,False,02:30:00,2024-01-25
9515,2024-01-25 02:45:00,False,02:45:00,2024-01-25
9516,2024-01-25 03:00:00,False,03:00:00,2024-01-25
9517,2024-01-25 03:15:00,False,03:15:00,2024-01-25
9518,2024-01-25 03:30:00,False,03:30:00,2024-01-25
9519,2024-01-25 03:45:00,False,03:45:00,2024-01-25
9520,2024-01-25 04:00:00,False,04:00:00,2024-01-25
9521,2024-01-25 04:15:00,False,04:15:00,2024-01-25
9522,2024-01-25 04:30:00,False,04:30:00,2024-01-25
9523,2024-01-25 04:45:00,False,04:45:00,2024-01-25
9524,2024-01-25 05:00:00,False,05:00:00,2024-01-25
9525,2024-01-25 05:15:00,False,05:15:00,2024-01-25
9526,2024-01-25 05:30:00,False,05:30:00,2024-01-25
9527,2024-01-25 05:45:00,False,05:45:00,2024-01-25
9528,2024-01-25 06:00:00,False,06:00:00,2024-01-25
9529,2024-01-25 06:15:00,False,06:15:00,2024-01-25
9530,2024-01-25 06:30:00,False,06:30:00,2024-01-25
9531,2024-01-25 06:45:00,False,06:45:00,2024-01-25
9532,2024-01-25 07:00:00,False,07:00:00,2024-01-25
9533,2024-01-25 07:15:00,False,07:15:00,2024-01-25
9534,2024-01-25 07:30:00,False,07:30:00,2024-01-25
9535,2024-01-25 07:45:00,False,07:45:00,2024-01-25
9536,2024-01-25 08:00:00,False,08:00:00,2024-01-25
9537,2024-01-25 08:15:00,False,08:15:00,2024-01-25
9538,2024-01-25 08:30:00,False,08:30:00,2024-01-25
9539,2024-01-25 08:45:00,True,08:45:00,2024-01-25
9540,2024-01-25 09:00:00,False,09:00:00,2024-01-25
9541,2024-01-25 09:15:00,False,09:15:00,2024-01-25
9542,2024-01-25 09:30:00,False,09:30:00,2024-01-25
9543,2024-01-25 09:45:00,False,09:45:00,2024-01-25
9544,2024-01-25 10:00:00,False,10:00:00,2024-01-25
9545,2024-01-25 10:15:00,False,10:15:00,2024-01-25
9546,2024-01-25 10:30:00,False,10:30:00,2024-01-25
9547,2024-01-25 10:45:00,False,10:45:00,2024-01-25
9548,2024-01-25 11:00:00,False,11:00:00,2024-01-25
9549,2024-01-25 11:15:00,False,11:15:00,2024-01-25
9550,2024-01-25 11:30:00,False,11:30:00,2024-01-25
9551,2024-01-25 11:45:00,False,11:45:00,2024-01-25
9552,2024-01-25 12:00:00,False,12:00:00,2024-01-25
9553,2024-01-25 12:15:00,False,12:15:00,2024-01-25
9554,2024-01-25 12:30:00,False,12:30:00,2024-01-25
9555,2024-01-25 12:45:00,False,12:45:00,2024-01-25
9556,2024-01-25 13:00:00,False,13:00:00,2024-01-25
9557,2024-01-25 13:15:00,False,13:15:00,2024-01-25
9558,2024-01-25 13:30:00,False,13:30:00,2024-01-25
9559,2024-01-25 13:45:00,False,13:45:00,2024-01-25
9560,2024-01-25 14:00:00,False,14:00:00,2024-01-25
9561,2024-01-25 14:15:00,False,14:15:00,2024-01-25
9562,2024-01-25 14:30:00,False,14:30:00,2024-01-25
9563,2024-01-25 14:45:00,False,14:45:00,2024-01-25
9564,2024-01-25 15:00:00,False,15:00:00,2024-01-25
9565,2024-01-25 15:15:00,False,15:15:00,2024-01-25
9566,2024-01-25 15:30:00,False,15:30:00,2024-01-25
9567,2024-01-25 15:45:00,False,15:45:00,2024-01-25
9568,2024-01-25 16:00:00,False,16:00:00,2024-01-25
9569,2024-01-25 16:15:00,False,16:15:00,2024-01-25
9570,2024-01-25 16:30:00,False,16:30:00,2024-01-25
9571,2024-01-25 16:45:00,False,16:45:00,2024-01-25
9572,2024-01-25 17:00:00,False,17:00:00,2024-01-25
9573,2024-01-25 17:15:00,False,17:15:00,2024-01-25
9574,2024-01-25 17:30:00,False,17:30:00,2024-01-25
9575,2024-01-25 17:45:00,False,17:45:00,2024-01-25
9576,2024-01-25 18:00:00,False,18:00:00,2024-01-25
9577,2024-01-25 18:15:00,False,18:15:00,2024-01-25
9578,2024-01-25 18:30:00,False,18:30:00,2024-01-25
9579,2024-01-25 18:45:00,False,18:45:00,2024-01-25
9580,2024-01-25 19:00:00,False,19:00:00,2024-01-25
9581,2024-01-25 19:15:00,False,19:15:00,2024-01-25
9582,2024-01-25 19:30:00,False,19:30:00,2024-01-25
9583,2024-01-25 19:45:00,False,19:45:00,2024-01-25
9584,2024-01-25 20:00:00,False,20:00:00,2024-01-25
9585,2024-01-25 20:15:00,False,20:15:00,2024-01-25
9586,2024-01-25 20:30:00,False,20:30:00,2024-01-25
9587,2024-01-25 20:45:00,False,20:45:00,2024-01-25
9588,2024-01-25 21:00:00,False,21:00:00,2024-01-25
9589,2024-01-25 21:15:00,False,21:15:00,2024-01-25
9590,2024-01-25 21:30:00,False,21:30:00,2024-01-25
9591,2024-01-25 21:45:00,False,21:45:00,2024-01-25
9592,2024-01-25 22:00:00,False,22:00:00,2024-01-25
9593,2024-01-25 22:15:00,False,22:15:00,2024-01-25
9594,2024-01-25 22:30:00,False,22:30:00,2024-01-25
9595,2024-01-25 22:45:00,False,22:45:00,2024-01-25
9596,2024-01-25 23:00:00,False,23:00:00,2024-01-25
9597,2024-01-25 23:15:00,False,23:15:00,2024-01-25
9598,2024-01-25 23:30:00,False,23:30:00,2024-01-25
9599,2024-01-25 23:45:00,False,23:45:00,2024-01-25
9600,2024-01-26 00:00:00,False,00:00:00,2024-01-26
9601,2024-01-26 00:15:00,False,00:15:00,2024-01-26
9602,2024-01-26 00:30:00,False,00:30:00,2024-01-26
9603,2024-01-26 00:45:00,False,00:45:00,2024-01-26
9604,2024-01-26 01:00:00,False,01:00:00,2024-01-26
9605,2024-01-26 01:15:00,False,01:15:00,2024-01-26
9606,2024-01-26 01:30:00,False,01:30:00,2024-01-26
9607,2024-01-26 01:45:00,False,01:45:00,2024-01-26
9608,2024-01-26 02:00:00,False,02:00:00,2024-01-26
9609,2024-01-26 02:15:00,False,02:15:00,2024-01-26
9610,2024-01-26 02:30:00,False,02:30:00,2024-01-26
9611,2024-01-26 02:45:00,False,02:45:00,2024-01-26
9612,2024-01-26 03:00:00,False,03:00:00,2024-01-26
9613,2024-01-26 03:15:00,False,03:15:00,2024-01-26
9614,2024-01-26 03:30:00,False,03:30:00,2024-01-26
9615,2024-01-26 03:45:00,False,03:45:00,2024-01-26
9616,2024-01-26 04:00:00,False,04:00:00,2024-01-26
9617,2024-01-26 04:15:00,False,04:15:00,2024-01-26
9618,2024-01-26 04:30:00,False,04:30:00,2024-01-26
9619,2024-01-26 04:45:00,False,04:45:00,2024-01-26
9620,2024-01-26 05:00:00,False,05:00:00,2024-01-26
9621,2024-01-26 05:15:00,False,05:15:00,2024-01-26
9622,2024-01-26 05:30:00,False,05:30:00,2024-01-26
9623,2024-01-26 05:45:00,False,05:45:00,2024-01-26
9624,2024-01-26 06:00:00,False,06:00:00,2024-01-26
9625,2024-01-26 06:15:00,False,06:15:00,2024-01-26
9626,2024-01-26 06:30:00,False,06:30:00,2024-01-26
9627,2024-01-26 06:45:00,False,06:45:00,2024-01-26
9628,2024-01-26 07:00:00,False,07:00:00,2024-01-26
9629,2024-01-26 07:15:00,False,07:15:00,2024-01-26
9630,2024-01-26 07:30:00,False,07:30:00,2024-01-26
9631,2024-01-26 07:45:00,False,07:45:00,2024-01-26
9632,2024-01-26 08:00:00,False,08:00:00,2024-01-26
9633,2024-01-26 08:15:00,False,08:15:00,2024-01-26
9634,2024-01-26 08:30:00,False,08:30:00,2024-01-26
9635,2024-01-26 08:45:00,False,08:45:00,2024-01-26
9636,2024-01-26 09:00:00,False,09:00:00,2024-01-26
9637,2024-01-26 09:15:00,False,09:15:00,2024-01-26
9638,2024-01-26 09:30:00,False,09:30:00,2024-01-26
9639,2024-01-26 09:45:00,False,09:45:00,2024-01-26
9640,2024-01-26 10:00:00,False,10:00:00,2024-01-26
9641,2024-01-26 10:15:00,False,10:15:00,2024-01-26
9642,2024-01-26 10:30:00,False,10:30:00,2024-01-26
9643,2024-01-26 10:45:00,False,10:45:00,2024-01-26
9644,2024-01-26 11:00:00,False,11:00:00,2024-01-26
9645,2024-01-26 11:15:00,False,11:15:00,2024-01-26
9646,2024-01-26 11:30:00,False,11:30:00,2024-01-26
9647,2024-01-26 11:45:00,False,11:45:00,2024-01-26
9648,2024-01-26 12:00:00,False,12:00:00,2024-01-26
9649,2024-01-26 12:15:00,False,12:15:00,2024-01-26
9650,2024-01-26 12:30:00,False,12:30:00,2024-01-26
9651,2024-01-26 12:45:00,False,12:45:00,2024-01-26
9652,2024-01-26 13:00:00,False,13:00:00,2024-01-26
9653,2024-01-26 13:15:00,False,13:15:00,2024-01-26
9654,2024-01-26 13:30:00,False,13:30:00,2024-01-26
9655,2024-01-26 13:45:00,False,13:45:00,2024-01-26
9656,2024-01-26 14:00:00,False,14:00:00,2024-01-26
9657,2024-01-26 14:15:00,False,14:15:00,2024-01-26
9658,2024-01-26 14:30:00,False,14:30:00,2024-01-26
9659,2024-01-26 14:45:00,False,14:45:00,2024-01-26
9660,2024-01-26 15:00:00,False,15:00:00,2024-01-26
9661,2024-01-26 15:15:00,False,15:15:00,2024-01-26
9662,2024-01-26 15:30:00,False,15:30:00,2024-01-26
9663,2024-01-26 15:45:00,False,15:45:00,2024-01-26
9664,2024-01-26 16:00:00,False,16:00:00,2024-01-26
9665,2024-01-26 16:15:00,False,16:15:00,2024-01-26
9666,2024-01-26 16:30:00,False,16:30:00,2024-01-26
9667,2024-01-26 16:45:00,False,16:45:00,2024-01-26
9668,2024-01-26 17:00:00,False,17:00:00,2024-01-26
9669,2024-01-26 17:15:00,False,17:15:00,2024-01-26
9670,2024-01-26 17:30:00,False,17:30:00,2024-01-26
9671,2024-01-26 17:45:00,False,17:45:00,2024-01-26
9672,2024-01-26 18:00:00,False,18:00:00,2024-01-26
9673,2024-01-26 18:15:00,False,18:15:00,2024-01-26
9674,2024-01-26 18:30:00,False,18:30:00,2024-01-26
9675,2024-01-26 18:45:00,False,18:45:00,2024-01-26
9676,2024-01-26 19:00:00,False,19:00:00,2024-01-26
9677,2024-01-26 19:15:00,False,19:15:00,2024-01-26
9678,2024-01-26 19:30:00,False,19:30:00,2024-01-26
9679,2024-01-26 19:45:00,False,19:45:00,2024-01-26
9680,2024-01-26 20:00:00,False,20:00:00,2024-01-26
9681,2024-01-26 20:15:00,False,20:15:00,2024-01-26
9682,2024-01-26 20:30:00,False,20:30:00,2024-01-26
9683,2024-01-26 20:45:00,False,20:45:00,2024-01-26
9684,2024-01-26 21:00:00,False,21:00:00,2024-01-26
9685,2024-01-26 21:15:00,False,21:15:00,2024-01-26
9686,2024-01-26 21:30:00,False,21:30:00,2024-01-26
9687,2024-01-26 21:45:00,False,21:45:00,2024-01-26
9688,2024-01-26 22:00:00,False,22:00:00,2024-01-26
9689,2024-01-26 22:15:00,False,22:15:00,2024-01-26
9690,2024-01-26 22:30:00,False,22:30:00,2024-01-26
9691,2024-01-26 22:45:00,False,22:45:00,2024-01-26
9692,2024-01-26 23:00:00,False,23:00:00,2024-01-26
9693,2024-01-26 23:15:00,False,23:15:00,2024-01-26
9694,2024-01-26 23:30:00,False,23:30:00,2024-01-26
9695,2024-01-26 23:45:00,False,23:45:00,2024-01-26
9696,2024-01-27 00:00:00,False,00:00:00,2024-01-27
9697,2024-01-27 00:15:00,False,00:15:00,2024-01-27
9698,2024-01-27 00:30:00,False,00:30:00,2024-01-27
9699,2024-01-27 00:45:00,False,00:45:00,2024-01-27
9700,2024-01-27 01:00:00,False,01:00:00,2024-01-27
9701,2024-01-27 01:15:00,False,01:15:00,2024-01-27
9702,2024-01-27 01:30:00,False,01:30:00,2024-01-27
9703,2024-01-27 01:45:00,False,01:45:00,2024-01-27
9704,2024-01-27 02:00:00,False,02:00:00,2024-01-27
9705,2024-01-27 02:15:00,False,02:15:00,2024-01-27
9706,2024-01-27 02:30:00,False,02:30:00,2024-01-27
9707,2024-01-27 02:45:00,False,02:45:00,2024-01-27
9708,2024-01-27 03:00:00,False,03:00:00,2024-01-27
9709,2024-01-27 03:15:00,False,03:15:00,2024-01-27
9710,2024-01-27 03:30:00,False,03:30:00,2024-01-27
9711,2024-01-27 03:45:00,False,03:45:00,2024-01-27
9712,2024-01-27 04:00:00,False,04:00:00,2024-01-27
9713,2024-01-27 04:15:00,False,04:15:00,2024-01-27
9714,2024-01-27 04:30:00,False,04:30:00,2024-01-27
9715,2024-01-27 04:45:00,False,04:45:00,2024-01-27
9716,2024-01-27 05:00:00,False,05:00:00,2024-01-27
9717,2024-01-27 05:15:00,False,05:15:00,2024-01-27
9718,2024-01-27 05:30:00,False,05:30:00,2024-01-27
9719,2024-01-27 05:45:00,False,05:45:00,2024-01-27
9720,2024-01-27 06:00:00,False,06:00:00,2024-01-27
9721,2024-01-27 06:15:00,False,06:15:00,2024-01-27
9722,2024-01-27 06:30:00,False,06:30:00,2024-01-27
9723,2024-01-27 06:45:00,False,06:45:00,2024-01-27
9724,2024-01-27 07:00:00,False,07:00:00,2024-01-27
9725,2024-01-27 07:15:00,False,07:15:00,2024-01-27
9726,2024-01-27 07:30:00,False,07:30:00,2024-01-27
9727,2024-01-27 07:45:00,False,07:45:00,2024-01-27
9728,2024-01-27 08:00:00,False,08:00:00,2024-01-27
9729,2024-01-27 08:15:00,False,08:15:00,2024-01-27
9730,2024-01-27 08:30:00,False,08:30:00,2024-01-27
9731,2024-01-27 08:45:00,False,08:45:00,2024-01-27
9732,2024-01-27 09:00:00,False,09:00:00,2024-01-27
9733,2024-01-27 09:15:00,True,09:15:00,2024-01-27
9734,2024-01-27 09:30:00,True,09:30:00,2024-01-27
9735,2024-01-27 09:45:00,True,09:45:00,2024-01-27
9736,2024-01-27 10:00:00,True,10:00:00,2024-01-27
9737,2024-01-27 10:15:00,True,10:15:00,2024-01-27
9738,2024-01-27 10:30:00,True,10:30:00,2024-01-27
9739,2024-01-27 10:45:00,False,10:45:00,2024-01-27
9740,2024-01-27 11:00:00,False,11:00:00,2024-01-27
9741,2024-01-27 11:15:00,False,11:15:00,2024-01-27
9742,2024-01-27 11:30:00,False,11:30:00,2024-01-27
9743,2024-01-27 11:45:00,False,11:45:00,2024-01-27
9744,2024-01-27 12:00:00,False,12:00:00,2024-01-27
9745,2024-01-27 12:15:00,False,12:15:00,2024-01-27
9746,2024-01-27 12:30:00,False,12:30:00,2024-01-27
9747,2024-01-27 12:45:00,False,12:45:00,2024-01-27
9748,2024-01-27 13:00:00,False,13:00:00,2024-01-27
9749,2024-01-27 13:15:00,False,13:15:00,2024-01-27
9750,2024-01-27 13:30:00,False,13:30:00,2024-01-27
9751,2024-01-27 13:45:00,False,13:45:00,2024-01-27
9752,2024-01-27 14:00:00,False,14:00:00,2024-01-27
9753,2024-01-27 14:15:00,False,14:15:00,2024-01-27
9754,2024-01-27 14:30:00,False,14:30:00,2024-01-27
9755,2024-01-27 14:45:00,False,14:45:00,2024-01-27
9756,2024-01-27 15:00:00,False,15:00:00,2024-01-27
9757,2024-01-27 15:15:00,False,15:15:00,2024-01-27
9758,2024-01-27 15:30:00,False,15:30:00,2024-01-27
9759,2024-01-27 15:45:00,False,15:45:00,2024-01-27
9760,2024-01-27 16:00:00,False,16:00:00,2024-01-27
9761,2024-01-27 16:15:00,False,16:15:00,2024-01-27
9762,2024-01-27 16:30:00,False,16:30:00,2024-01-27
9763,2024-01-27 16:45:00,False,16:45:00,2024-01-27
9764,2024-01-27 17:00:00,False,17:00:00,2024-01-27
9765,2024-01-27 17:15:00,False,17:15:00,2024-01-27
9766,2024-01-27 17:30:00,False,17:30:00,2024-01-27
9767,2024-01-27 17:45:00,False,17:45:00,2024-01-27
9768,2024-01-27 18:00:00,False,18:00:00,2024-01-27
9769,2024-01-27 18:15:00,False,18:15:00,2024-01-27
9770,2024-01-27 18:30:00,False,18:30:00,2024-01-27
9771,2024-01-27 18:45:00,False,18:45:00,2024-01-27
9772,2024-01-27 19:00:00,False,19:00:00,2024-01-27
9773,2024-01-27 19:15:00,False,19:15:00,2024-01-27
9774,2024-01-27 19:30:00,False,19:30:00,2024-01-27
9775,2024-01-27 19:45:00,False,19:45:00,2024-01-27
9776,2024-01-27 20:00:00,False,20:00:00,2024-01-27
9777,2024-01-27 20:15:00,False,20:15:00,2024-01-27
9778,2024-01-27 20:30:00,False,20:30:00,2024-01-27
9779,2024-01-27 20:45:00,False,20:45:00,2024-01-27
9780,2024-01-27 21:00:00,False,21:00:00,2024-01-27
9781,2024-01-27 21:15:00,False,21:15:00,2024-01-27
9782,2024-01-27 21:30:00,False,21:30:00,2024-01-27
9783,2024-01-27 21:45:00,False,21:45:00,2024-01-27
9784,2024-01-27 22:00:00,False,22:00:00,2024-01-27
9785,2024-01-27 22:15:00,False,22:15:00,2024-01-27
9786,2024-01-27 22:30:00,False,22:30:00,2024-01-27
9787,2024-01-27 22:45:00,False,22:45:00,2024-01-27
9788,2024-01-27 23:00:00,False,23:00:00,2024-01-27
9789,2024-01-27 23:15:00,False,23:15:00,2024-01-27
9790,2024-01-27 23:30:00,False,23:30:00,2024-01-27
9791,2024-01-27 23:45:00,False,23:45:00,2024-01-27
9792,2024-01-28 00:00:00,False,00:00:00,2024-01-28
9793,2024-01-28 00:15:00,False,00:15:00,2024-01-28
9794,2024-01-28 00:30:00,False,00:30:00,2024-01-28
9795,2024-01-28 00:45:00,False,00:45:00,2024-01-28
9796,2024-01-28 01:00:00,False,01:00:00,2024-01-28
9797,2024-01-28 01:15:00,False,01:15:00,2024-01-28
9798,2024-01-28 01:30:00,False,01:30:00,2024-01-28
9799,2024-01-28 01:45:00,False,01:45:00,2024-01-28
9800,2024-01-28 02:00:00,False,02:00:00,2024-01-28
9801,2024-01-28 02:15:00,False,02:15:00,2024-01-28
9802,2024-01-28 02:30:00,False,02:30:00,2024-01-28
9803,2024-01-28 02:45:00,False,02:45:00,2024-01-28
9804,2024-01-28 03:00:00,False,03:00:00,2024-01-28
9805,2024-01-28 03:15:00,False,03:15:00,2024-01-28
9806,2024-01-28 03:30:00,False,03:30:00,2024-01-28
9807,2024-01-28 03:45:00,False,03:45:00,2024-01-28
9808,2024-01-28 04:00:00,False,04:00:00,2024-01-28
9809,2024-01-28 04:15:00,False,04:15:00,2024-01-28
9810,2024-01-28 04:30:00,False,04:30:00,2024-01-28
9811,2024-01-28 04:45:00,False,04:45:00,2024-01-28
9812,2024-01-28 05:00:00,False,05:00:00,2024-01-28
9813,2024-01-28 05:15:00,False,05:15:00,2024-01-28
9814,2024-01-28 05:30:00,False,05:30:00,2024-01-28
9815,2024-01-28 05:45:00,False,05:45:00,2024-01-28
9816,2024-01-28 06:00:00,False,06:00:00,2024-01-28
9817,2024-01-28 06:15:00,False,06:15:00,2024-01-28
9818,2024-01-28 06:30:00,False,06:30:00,2024-01-28
9819,2024-01-28 06:45:00,False,06:45:00,2024-01-28
9820,2024-01-28 07:00:00,False,07:00:00,2024-01-28
9821,2024-01-28 07:15:00,False,07:15:00,2024-01-28
9822,2024-01-28 07:30:00,False,07:30:00,2024-01-28
9823,2024-01-28 07:45:00,False,07:45:00,2024-01-28
9824,2024-01-28 08:00:00,False,08:00:00,2024-01-28
9825,2024-01-28 08:15:00,False,08:15:00,2024-01-28
9826,2024-01-28 08:30:00,False,08:30:00,2024-01-28
9827,2024-01-28 08:45:00,False,08:45:00,2024-01-28
9828,2024-01-28 09:00:00,False,09:00:00,2024-01-28
9829,2024-01-28 09:15:00,False,09:15:00,2024-01-28
9830,2024-01-28 09:30:00,False,09:30:00,2024-01-28
9831,2024-01-28 09:45:00,False,09:45:00,2024-01-28
9832,2024-01-28 10:00:00,False,10:00:00,2024-01-28
9833,2024-01-28 10:15:00,False,10:15:00,2024-01-28
9834,2024-01-28 10:30:00,False,10:30:00,2024-01-28
9835,2024-01-28 10:45:00,False,10:45:00,2024-01-28
9836,2024-01-28 11:00:00,False,11:00:00,2024-01-28
9837,2024-01-28 11:15:00,False,11:15:00,2024-01-28
9838,2024-01-28 11:30:00,False,11:30:00,2024-01-28
9839,2024-01-28 11:45:00,False,11:45:00,2024-01-28
9840,2024-01-28 12:00:00,False,12:00:00,2024-01-28
9841,2024-01-28 12:15:00,False,12:15:00,2024-01-28
9842,2024-01-28 12:30:00,False,12:30:00,2024-01-28
9843,2024-01-28 12:45:00,False,12:45:00,2024-01-28
9844,2024-01-28 13:00:00,False,13:00:00,2024-01-28
9845,2024-01-28 13:15:00,False,13:15:00,2024-01-28
9846,2024-01-28 13:30:00,False,13:30:00,2024-01-28
9847,2024-01-28 13:45:00,False,13:45:00,2024-01-28
9848,2024-01-28 14:00:00,False,14:00:00,2024-01-28
9849,2024-01-28 14:15:00,False,14:15:00,2024-01-28
9850,2024-01-28 14:30:00,False,14:30:00,2024-01-28
9851,2024-01-28 14:45:00,False,14:45:00,2024-01-28
9852,2024-01-28 15:00:00,False,15:00:00,2024-01-28
9853,2024-01-28 15:15:00,False,15:15:00,2024-01-28
9854,2024-01-28 15:30:00,False,15:30:00,2024-01-28
9855,2024-01-28 15:45:00,False,15:45:00,2024-01-28
9856,2024-01-28 16:00:00,False,16:00:00,2024-01-28
9857,2024-01-28 16:15:00,False,16:15:00,2024-01-28
9858,2024-01-28 16:30:00,False,16:30:00,2024-01-28
9859,2024-01-28 16:45:00,False,16:45:00,2024-01-28
9860,2024-01-28 17:00:00,False,17:00:00,2024-01-28
9861,2024-01-28 17:15:00,False,17:15:00,2024-01-28
9862,2024-01-28 17:30:00,False,17:30:00,2024-01-28
9863,2024-01-28 17:45:00,False,17:45:00,2024-01-28
9864,2024-01-28 18:00:00,False,18:00:00,2024-01-28
9865,2024-01-28 18:15:00,False,18:15:00,2024-01-28
9866,2024-01-28 18:30:00,False,18:30:00,2024-01-28
9867,2024-01-28 18:45:00,False,18:45:00,2024-01-28
9868,2024-01-28 19:00:00,False,19:00:00,2024-01-28
9869,2024-01-28 19:15:00,False,19:15:00,2024-01-28
9870,2024-01-28 19:30:00,False,19:30:00,2024-01-28
9871,2024-01-28 19:45:00,False,19:45:00,2024-01-28
9872,2024-01-28 20:00:00,False,20:00:00,2024-01-28
9873,2024-01-28 20:15:00,False,20:15:00,2024-01-28
9874,2024-01-28 20:30:00,False,20:30:00,2024-01-28
9875,2024-01-28 20:45:00,False,20:45:00,2024-01-28
9876,2024-01-28 21:00:00,False,21:00:00,2024-01-28
9877,2024-01-28 21:15:00,False,21:15:00,2024-01-28
9878,2024-01-28 21:30:00,False,21:30:00,2024-01-28
9879,2024-01-28 21:45:00,False,21:45:00,2024-01-28
9880,2024-01-28 22:00:00,False,22:00:00,2024-01-28
9881,2024-01-28 22:15:00,False,22:15:00,2024-01-28
9882,2024-01-28 22:30:00,False,22:30:00,2024-01-28
9883,2024-01-28 22:45:00,False,22:45:00,2024-01-28
9884,2024-01-28 23:00:00,False,23:00:00,2024-01-28
9885,2024-01-28 23:15:00,False,23:15:00,2024-01-28
9886,2024-01-28 23:30:00,False,23:30:00,2024-01-28
9887,2024-01-28 23:45:00,False,23:45:00,2024-01-28
9888,2024-01-29 00:00:00,False,00:00:00,2024-01-29
9889,2024-01-29 00:15:00,False,00:15:00,2024-01-29
9890,2024-01-29 00:30:00,False,00:30:00,2024-01-29
9891,2024-01-29 00:45:00,False,00:45:00,2024-01-29
9892,2024-01-29 01:00:00,False,01:00:00,2024-01-29
9893,2024-01-29 01:15:00,False,01:15:00,2024-01-29
9894,2024-01-29 01:30:00,False,01:30:00,2024-01-29
9895,2024-01-29 01:45:00,False,01:45:00,2024-01-29
9896,2024-01-29 02:00:00,False,02:00:00,2024-01-29
9897,2024-01-29 02:15:00,False,02:15:00,2024-01-29
9898,2024-01-29 02:30:00,False,02:30:00,2024-01-29
9899,2024-01-29 02:45:00,False,02:45:00,2024-01-29
9900,2024-01-29 03:00:00,False,03:00:00,2024-01-29
9901,2024-01-29 03:15:00,False,03:15:00,2024-01-29
9902,2024-01-29 03:30:00,False,03:30:00,2024-01-29
9903,2024-01-29 03:45:00,False,03:45:00,2024-01-29
9904,2024-01-29 04:00:00,False,04:00:00,2024-01-29
9905,2024-01-29 04:15:00,False,04:15:00,2024-01-29
9906,2024-01-29 04:30:00,False,04:30:00,2024-01-29
9907,2024-01-29 04:45:00,False,04:45:00,2024-01-29
9908,2024-01-29 05:00:00,False,05:00:00,2024-01-29
9909,2024-01-29 05:15:00,False,05:15:00,2024-01-29
9910,2024-01-29 05:30:00,False,05:30:00,2024-01-29
9911,2024-01-29 05:45:00,False,05:45:00,2024-01-29
9912,2024-01-29 06:00:00,False,06:00:00,2024-01-29
9913,2024-01-29 06:15:00,False,06:15:00,2024-01-29
9914,2024-01-29 06:30:00,False,06:30:00,2024-01-29
9915,2024-01-29 06:45:00,False,06:45:00,2024-01-29
9916,2024-01-29 07:00:00,False,07:00:00,2024-01-29
9917,2024-01-29 07:15:00,False,07:15:00,2024-01-29
9918,2024-01-29 07:30:00,False,07:30:00,2024-01-29
9919,2024-01-29 07:45:00,False,07:45:00,2024-01-29
9920,2024-01-29 08:00:00,False,08:00:00,2024-01-29
9921,2024-01-29 08:15:00,False,08:15:00,2024-01-29
9922,2024-01-29 08:30:00,False,08:30:00,2024-01-29
9923,2024-01-29 08:45:00,False,08:45:00,2024-01-29
9924,2024-01-29 09:00:00,False,09:00:00,2024-01-29
9925,2024-01-29 09:15:00,False,09:15:00,2024-01-29
9926,2024-01-29 09:30:00,False,09:30:00,2024-01-29
9927,2024-01-29 09:45:00,False,09:45:00,2024-01-29
9928,2024-01-29 10:00:00,False,10:00:00,2024-01-29
9929,2024-01-29 10:15:00,False,10:15:00,2024-01-29
9930,2024-01-29 10:30:00,False,10:30:00,2024-01-29
9931,2024-01-29 10:45:00,False,10:45:00,2024-01-29
9932,2024-01-29 11:00:00,False,11:00:00,2024-01-29
9933,2024-01-29 11:15:00,False,11:15:00,2024-01-29
9934,2024-01-29 11:30:00,False,11:30:00,2024-01-29
9935,2024-01-29 11:45:00,False,11:45:00,2024-01-29
9936,2024-01-29 12:00:00,False,12:00:00,2024-01-29
9937,2024-01-29 12:15:00,False,12:15:00,2024-01-29
9938,2024-01-29 12:30:00,False,12:30:00,2024-01-29
9939,2024-01-29 12:45:00,False,12:45:00,2024-01-29
9940,2024-01-29 13:00:00,False,13:00:00,2024-01-29
9941,2024-01-29 13:15:00,False,13:15:00,2024-01-29
9942,2024-01-29 13:30:00,False,13:30:00,2024-01-29
9943,2024-01-29 13:45:00,False,13:45:00,2024-01-29
9944,2024-01-29 14:00:00,False,14:00:00,2024-01-29
9945,2024-01-29 14:15:00,False,14:15:00,2024-01-29
9946,2024-01-29 14:30:00,False,14:30:00,2024-01-29
9947,2024-01-29 14:45:00,False,14:45:00,2024-01-29
9948,2024-01-29 15:00:00,False,15:00:00,2024-01-29
9949,2024-01-29 15:15:00,False,15:15:00,2024-01-29
9950,2024-01-29 15:30:00,False,15:30:00,2024-01-29
9951,2024-01-29 15:45:00,False,15:45:00,2024-01-29
9952,2024-01-29 16:00:00,False,16:00:00,2024-01-29
9953,2024-01-29 16:15:00,False,16:15:00,2024-01-29
9954,2024-01-29 16:30:00,False,16:30:00,2024-01-29
9955,2024-01-29 16:45:00,False,16:45:00,2024-01-29
9956,2024-01-29 17:00:00,False,17:00:00,2024-01-29
9957,2024-01-29 17:15:00,False,17:15:00,2024-01-29
9958,2024-01-29 17:30:00,False,17:30:00,2024-01-29
9959,2024-01-29 17:45:00,False,17:45:00,2024-01-29
9960,2024-01-29 18:00:00,False,18:00:00,2024-01-29
9961,2024-01-29 18:15:00,False,18:15:00,2024-01-29
9962,2024-01-29 18:30:00,False,18:30:00,2024-01-29
9963,2024-01-29 18:45:00,False,18:45:00,2024-01-29
9964,2024-01-29 19:00:00,False,19:00:00,2024-01-29
9965,2024-01-29 19:15:00,False,19:15:00,2024-01-29
9966,2024-01-29 19:30:00,False,19:30:00,2024-01-29
9967,2024-01-29 19:45:00,False,19:45:00,2024-01-29
9968,2024-01-29 20:00:00,False,20:00:00,2024-01-29
9969,2024-01-29 20:15:00,False,20:15:00,2024-01-29
9970,2024-01-29 20:30:00,False,20:30:00,2024-01-29
9971,2024-01-29 20:45:00,False,20:45:00,2024-01-29
9972,2024-01-29 21:00:00,False,21:00:00,2024-01-29
9973,2024-01-29 21:15:00,False,21:15:00,2024-01-29
9974,2024-01-29 21:30:00,False,21:30:00,2024-01-29
9975,2024-01-29 21:45:00,False,21:45:00,2024-01-29
9976,2024-01-29 22:00:00,False,22:00:00,2024-01-29
9977,2024-01-29 22:15:00,False,22:15:00,2024-01-29
9978,2024-01-29 22:30:00,False,22:30:00,2024-01-29
9979,2024-01-29 22:45:00,False,22:45:00,2024-01-29
9980,2024-01-29 23:00:00,False,23:00:00,2024-01-29
9981,2024-01-29 23:15:00,False,23:15:00,2024-01-29
9982,2024-01-29 23:30:00,False,23:30:00,2024-01-29
9983,2024-01-29 23:45:00,False,23:45:00,2024-01-29
9984,2024-01-30 00:00:00,False,00:00:00,2024-01-30
9985,2024-01-30 00:15:00,False,00:15:00,2024-01-30
9986,2024-01-30 00:30:00,False,00:30:00,2024-01-30
9987,2024-01-30 00:45:00,False,00:45:00,2024-01-30
9988,2024-01-30 01:00:00,False,01:00:00,2024-01-30
9989,2024-01-30 01:15:00,False,01:15:00,2024-01-30
9990,2024-01-30 01:30:00,False,01:30:00,2024-01-30
9991,2024-01-30 01:45:00,False,01:45:00,2024-01-30
9992,2024-01-30 02:00:00,False,02:00:00,2024-01-30
9993,2024-01-30 02:15:00,False,02:15:00,2024-01-30
9994,2024-01-30 02:30:00,False,02:30:00,2024-01-30
9995,2024-01-30 02:45:00,False,02:45:00,2024-01-30
9996,2024-01-30 03:00:00,False,03:00:00,2024-01-30
9997,2024-01-30 03:15:00,False,03:15:00,2024-01-30
9998,2024-01-30 03:30:00,False,03:30:00,2024-01-30
9999,2024-01-30 03:45:00,False,03:45:00,2024-01-30
10000,2024-01-30 04:00:00,False,04:00:00,2024-01-30
10001,2024-01-30 04:15:00,False,04:15:00,2024-01-30
10002,2024-01-30 04:30:00,False,04:30:00,2024-01-30
10003,2024-01-30 04:45:00,False,04:45:00,2024-01-30
10004,2024-01-30 05:00:00,False,05:00:00,2024-01-30
10005,2024-01-30 05:15:00,False,05:15:00,2024-01-30
10006,2024-01-30 05:30:00,False,05:30:00,2024-01-30
10007,2024-01-30 05:45:00,False,05:45:00,2024-01-30
10008,2024-01-30 06:00:00,False,06:00:00,2024-01-30
10009,2024-01-30 06:15:00,False,06:15:00,2024-01-30
10010,2024-01-30 06:30:00,False,06:30:00,2024-01-30
10011,2024-01-30 06:45:00,False,06:45:00,2024-01-30
10012,2024-01-30 07:00:00,False,07:00:00,2024-01-30
10013,2024-01-30 07:15:00,False,07:15:00,2024-01-30
10014,2024-01-30 07:30:00,False,07:30:00,2024-01-30
10015,2024-01-30 07:45:00,False,07:45:00,2024-01-30
10016,2024-01-30 08:00:00,False,08:00:00,2024-01-30
10017,2024-01-30 08:15:00,False,08:15:00,2024-01-30
10018,2024-01-30 08:30:00,False,08:30:00,2024-01-30
10019,2024-01-30 08:45:00,False,08:45:00,2024-01-30
10020,2024-01-30 09:00:00,False,09:00:00,2024-01-30
10021,2024-01-30 09:15:00,False,09:15:00,2024-01-30
10022,2024-01-30 09:30:00,False,09:30:00,2024-01-30
10023,2024-01-30 09:45:00,False,09:45:00,2024-01-30
10024,2024-01-30 10:00:00,False,10:00:00,2024-01-30
10025,2024-01-30 10:15:00,False,10:15:00,2024-01-30
10026,2024-01-30 10:30:00,False,10:30:00,2024-01-30
10027,2024-01-30 10:45:00,False,10:45:00,2024-01-30
10028,2024-01-30 11:00:00,False,11:00:00,2024-01-30
10029,2024-01-30 11:15:00,False,11:15:00,2024-01-30
10030,2024-01-30 11:30:00,False,11:30:00,2024-01-30
10031,2024-01-30 11:45:00,False,11:45:00,2024-01-30
10032,2024-01-30 12:00:00,False,12:00:00,2024-01-30
10033,2024-01-30 12:15:00,False,12:15:00,2024-01-30
10034,2024-01-30 12:30:00,False,12:30:00,2024-01-30
10035,2024-01-30 12:45:00,False,12:45:00,2024-01-30
10036,2024-01-30 13:00:00,False,13:00:00,2024-01-30
10037,2024-01-30 13:15:00,False,13:15:00,2024-01-30
10038,2024-01-30 13:30:00,False,13:30:00,2024-01-30
10039,2024-01-30 13:45:00,False,13:45:00,2024-01-30
10040,2024-01-30 14:00:00,False,14:00:00,2024-01-30
10041,2024-01-30 14:15:00,False,14:15:00,2024-01-30
10042,2024-01-30 14:30:00,False,14:30:00,2024-01-30
10043,2024-01-30 14:45:00,False,14:45:00,2024-01-30
10044,2024-01-30 15:00:00,False,15:00:00,2024-01-30
10045,2024-01-30 15:15:00,False,15:15:00,2024-01-30
10046,2024-01-30 15:30:00,False,15:30:00,2024-01-30
10047,2024-01-30 15:45:00,False,15:45:00,2024-01-30
10048,2024-01-30 16:00:00,False,16:00:00,2024-01-30
10049,2024-01-30 16:15:00,False,16:15:00,2024-01-30
10050,2024-01-30 16:30:00,False,16:30:00,2024-01-30
10051,2024-01-30 16:45:00,False,16:45:00,2024-01-30
10052,2024-01-30 17:00:00,False,17:00:00,2024-01-30
10053,2024-01-30 17:15:00,False,17:15:00,2024-01-30
10054,2024-01-30 17:30:00,False,17:30:00,2024-01-30
10055,2024-01-30 17:45:00,False,17:45:00,2024-01-30
10056,2024-01-30 18:00:00,False,18:00:00,2024-01-30
10057,2024-01-30 18:15:00,False,18:15:00,2024-01-30
10058,2024-01-30 18:30:00,False,18:30:00,2024-01-30
10059,2024-01-30 18:45:00,False,18:45:00,2024-01-30
10060,2024-01-30 19:00:00,False,19:00:00,2024-01-30
10061,2024-01-30 19:15:00,False,19:15:00,2024-01-30
10062,2024-01-30 19:30:00,False,19:30:00,2024-01-30
10063,2024-01-30 19:45:00,False,19:45:00,2024-01-30
10064,2024-01-30 20:00:00,False,20:00:00,2024-01-30
10065,2024-01-30 20:15:00,False,20:15:00,2024-01-30
10066,2024-01-30 20:30:00,False,20:30:00,2024-01-30
10067,2024-01-30 20:45:00,False,20:45:00,2024-01-30
10068,2024-01-30 21:00:00,False,21:00:00,2024-01-30
10069,2024-01-30 21:15:00,False,21:15:00,2024-01-30
10070,2024-01-30 21:30:00,False,21:30:00,2024-01-30
10071,2024-01-30 21:45:00,False,21:45:00,2024-01-30
10072,2024-01-30 22:00:00,False,22:00:00,2024-01-30
10073,2024-01-30 22:15:00,False,22:15:00,2024-01-30
10074,2024-01-30 22:30:00,False,22:30:00,2024-01-30
10075,2024-01-30 22:45:00,False,22:45:00,2024-01-30
10076,2024-01-30 23:00:00,False,23:00:00,2024-01-30
10077,2024-01-30 23:15:00,False,23:15:00,2024-01-30
10078,2024-01-30 23:30:00,False,23:30:00,2024-01-30
10079,2024-01-30 23:45:00,False,23:45:00,2024-01-30
10080,2024-01-31 00:00:00,False,00:00:00,2024-01-31
10081,2024-01-31 00:15:00,False,00:15:00,2024-01-31
10082,2024-01-31 00:30:00,False,00:30:00,2024-01-31
10083,2024-01-31 00:45:00,False,00:45:00,2024-01-31
10084,2024-01-31 01:00:00,False,01:00:00,2024-01-31
10085,2024-01-31 01:15:00,False,01:15:00,2024-01-31
10086,2024-01-31 01:30:00,False,01:30:00,2024-01-31
10087,2024-01-31 01:45:00,False,01:45:00,2024-01-31
10088,2024-01-31 02:00:00,False,02:00:00,2024-01-31
10089,2024-01-31 02:15:00,False,02:15:00,2024-01-31
10090,2024-01-31 02:30:00,False,02:30:00,2024-01-31
10091,2024-01-31 02:45:00,False,02:45:00,2024-01-31
10092,2024-01-31 03:00:00,False,03:00:00,2024-01-31
10093,2024-01-31 03:15:00,False,03:15:00,2024-01-31
10094,2024-01-31 03:30:00,False,03:30:00,2024-01-31
10095,2024-01-31 03:45:00,False,03:45:00,2024-01-31
10096,2024-01-31 04:00:00,False,04:00:00,2024-01-31
10097,2024-01-31 04:15:00,False,04:15:00,2024-01-31
10098,2024-01-31 04:30:00,False,04:30:00,2024-01-31
10099,2024-01-31 04:45:00,False,04:45:00,2024-01-31
10100,2024-01-31 05:00:00,False,05:00:00,2024-01-31
10101,2024-01-31 05:15:00,False,05:15:00,2024-01-31
10102,2024-01-31 05:30:00,False,05:30:00,2024-01-31
10103,2024-01-31 05:45:00,False,05:45:00,2024-01-31
10104,2024-01-31 06:00:00,False,06:00:00,2024-01-31
10105,2024-01-31 06:15:00,False,06:15:00,2024-01-31
10106,2024-01-31 06:30:00,False,06:30:00,2024-01-31
10107,2024-01-31 06:45:00,False,06:45:00,2024-01-31
10108,2024-01-31 07:00:00,False,07:00:00,2024-01-31
10109,2024-01-31 07:15:00,False,07:15:00,2024-01-31
10110,2024-01-31 07:30:00,False,07:30:00,2024-01-31
10111,2024-01-31 07:45:00,False,07:45:00,2024-01-31
10112,2024-01-31 08:00:00,False,08:00:00,2024-01-31
10113,2024-01-31 08:15:00,False,08:15:00,2024-01-31
10114,2024-01-31 08:30:00,False,08:30:00,2024-01-31
10115,2024-01-31 08:45:00,False,08:45:00,2024-01-31
10116,2024-01-31 09:00:00,False,09:00:00,2024-01-31
10117,2024-01-31 09:15:00,False,09:15:00,2024-01-31
10118,2024-01-31 09:30:00,False,09:30:00,2024-01-31
10119,2024-01-31 09:45:00,False,09:45:00,2024-01-31
10120,2024-01-31 10:00:00,False,10:00:00,2024-01-31
10121,2024-01-31 10:15:00,False,10:15:00,2024-01-31
10122,2024-01-31 10:30:00,False,10:30:00,2024-01-31
10123,2024-01-31 10:45:00,False,10:45:00,2024-01-31
10124,2024-01-31 11:00:00,False,11:00:00,2024-01-31
10125,2024-01-31 11:15:00,False,11:15:00,2024-01-31
10126,2024-01-31 11:30:00,False,11:30:00,2024-01-31
10127,2024-01-31 11:45:00,False,11:45:00,2024-01-31
10128,2024-01-31 12:00:00,False,12:00:00,2024-01-31
10129,2024-01-31 12:15:00,False,12:15:00,2024-01-31
10130,2024-01-31 12:30:00,False,12:30:00,2024-01-31
10131,2024-01-31 12:45:00,False,12:45:00,2024-01-31
10132,2024-01-31 13:00:00,False,13:00:00,2024-01-31
10133,2024-01-31 13:15:00,False,13:15:00,2024-01-31
10134,2024-01-31 13:30:00,False,13:30:00,2024-01-31
10135,2024-01-31 13:45:00,False,13:45:00,2024-01-31
10136,2024-01-31 14:00:00,False,14:00:00,2024-01-31
10137,2024-01-31 14:15:00,False,14:15:00,2024-01-31
10138,2024-01-31 14:30:00,False,14:30:00,2024-01-31
10139,2024-01-31 14:45:00,False,14:45:00,2024-01-31
10140,2024-01-31 15:00:00,False,15:00:00,2024-01-31
10141,2024-01-31 15:15:00,False,15:15:00,2024-01-31
10142,2024-01-31 15:30:00,False,15:30:00,2024-01-31
10143,2024-01-31 15:45:00,False,15:45:00,2024-01-31
10144,2024-01-31 16:00:00,False,16:00:00,2024-01-31
10145,2024-01-31 16:15:00,False,16:15:00,2024-01-31
10146,2024-01-31 16:30:00,False,16:30:00,2024-01-31
10147,2024-01-31 16:45:00,False,16:45:00,2024-01-31
10148,2024-01-31 17:00:00,False,17:00:00,2024-01-31
10149,2024-01-31 17:15:00,False,17:15:00,2024-01-31
10150,2024-01-31 17:30:00,False,17:30:00,2024-01-31
10151,2024-01-31 17:45:00,False,17:45:00,2024-01-31
10152,2024-01-31 18:00:00,False,18:00:00,2024-01-31
10153,2024-01-31 18:15:00,False,18:15:00,2024-01-31
10154,2024-01-31 18:30:00,False,18:30:00,2024-01-31
10155,2024-01-31 18:45:00,False,18:45:00,2024-01-31
10156,2024-01-31 19:00:00,False,19:00:00,2024-01-31
10157,2024-01-31 19:15:00,False,19:15:00,2024-01-31
10158,2024-01-31 19:30:00,False,19:30:00,2024-01-31
10159,2024-01-31 19:45:00,False,19:45:00,2024-01-31
10160,2024-01-31 20:00:00,False,20:00:00,2024-01-31
10161,2024-01-31 20:15:00,False,20:15:00,2024-01-31
10162,2024-01-31 20:30:00,False,20:30:00,2024-01-31
10163,2024-01-31 20:45:00,False,20:45:00,2024-01-31
10164,2024-01-31 21:00:00,False,21:00:00,2024-01-31
10165,2024-01-31 21:15:00,False,21:15:00,2024-01-31
10166,2024-01-31 21:30:00,False,21:30:00,2024-01-31
10167,2024-01-31 21:45:00,False,21:45:00,2024-01-31
10168,2024-01-31 22:00:00,False,22:00:00,2024-01-31
10169,2024-01-31 22:15:00,False,22:15:00,2024-01-31
10170,2024-01-31 22:30:00,False,22:30:00,2024-01-31
10171,2024-01-31 22:45:00,False,22:45:00,2024-01-31
10172,2024-01-31 23:00:00,False,23:00:00,2024-01-31
10173,2024-01-31 23:15:00,False,23:15:00,2024-01-31
10174,2024-01-31 23:30:00,False,23:30:00,2024-01-31
10175,2024-01-31 23:45:00,False,23:45:00,2024-01-31
10176,2024-02-01 00:00:00,False,00:00:00,2024-02-01
10177,2024-02-01 00:15:00,False,00:15:00,2024-02-01
10178,2024-02-01 00:30:00,False,00:30:00,2024-02-01
10179,2024-02-01 00:45:00,False,00:45:00,2024-02-01
10180,2024-02-01 01:00:00,False,01:00:00,2024-02-01
10181,2024-02-01 01:15:00,False,01:15:00,2024-02-01
10182,2024-02-01 01:30:00,False,01:30:00,2024-02-01
10183,2024-02-01 01:45:00,False,01:45:00,2024-02-01
10184,2024-02-01 02:00:00,False,02:00:00,2024-02-01
10185,2024-02-01 02:15:00,False,02:15:00,2024-02-01
10186,2024-02-01 02:30:00,False,02:30:00,2024-02-01
10187,2024-02-01 02:45:00,False,02:45:00,2024-02-01
10188,2024-02-01 03:00:00,False,03:00:00,2024-02-01
10189,2024-02-01 03:15:00,False,03:15:00,2024-02-01
10190,2024-02-01 03:30:00,False,03:30:00,2024-02-01
10191,2024-02-01 03:45:00,False,03:45:00,2024-02-01
10192,2024-02-01 04:00:00,False,04:00:00,2024-02-01
10193,2024-02-01 04:15:00,False,04:15:00,2024-02-01
10194,2024-02-01 04:30:00,False,04:30:00,2024-02-01
10195,2024-02-01 04:45:00,False,04:45:00,2024-02-01
10196,2024-02-01 05:00:00,False,05:00:00,2024-02-01
10197,2024-02-01 05:15:00,False,05:15:00,2024-02-01
10198,2024-02-01 05:30:00,False,05:30:00,2024-02-01
10199,2024-02-01 05:45:00,False,05:45:00,2024-02-01
10200,2024-02-01 06:00:00,False,06:00:00,2024-02-01
10201,2024-02-01 06:15:00,False,06:15:00,2024-02-01
10202,2024-02-01 06:30:00,False,06:30:00,2024-02-01
10203,2024-02-01 06:45:00,False,06:45:00,2024-02-01
10204,2024-02-01 07:00:00,False,07:00:00,2024-02-01
10205,2024-02-01 07:15:00,False,07:15:00,2024-02-01
10206,2024-02-01 07:30:00,False,07:30:00,2024-02-01
10207,2024-02-01 07:45:00,False,07:45:00,2024-02-01
10208,2024-02-01 08:00:00,False,08:00:00,2024-02-01
10209,2024-02-01 08:15:00,False,08:15:00,2024-02-01
10210,2024-02-01 08:30:00,False,08:30:00,2024-02-01
10211,2024-02-01 08:45:00,False,08:45:00,2024-02-01
10212,2024-02-01 09:00:00,False,09:00:00,2024-02-01
10213,2024-02-01 09:15:00,False,09:15:00,2024-02-01
10214,2024-02-01 09:30:00,False,09:30:00,2024-02-01
10215,2024-02-01 09:45:00,False,09:45:00,2024-02-01
10216,2024-02-01 10:00:00,False,10:00:00,2024-02-01
10217,2024-02-01 10:15:00,False,10:15:00,2024-02-01
10218,2024-02-01 10:30:00,False,10:30:00,2024-02-01
10219,2024-02-01 10:45:00,False,10:45:00,2024-02-01
10220,2024-02-01 11:00:00,False,11:00:00,2024-02-01
10221,2024-02-01 11:15:00,False,11:15:00,2024-02-01
10222,2024-02-01 11:30:00,False,11:30:00,2024-02-01
10223,2024-02-01 11:45:00,False,11:45:00,2024-02-01
10224,2024-02-01 12:00:00,False,12:00:00,2024-02-01
10225,2024-02-01 12:15:00,False,12:15:00,2024-02-01
10226,2024-02-01 12:30:00,False,12:30:00,2024-02-01
10227,2024-02-01 12:45:00,False,12:45:00,2024-02-01
10228,2024-02-01 13:00:00,False,13:00:00,2024-02-01
10229,2024-02-01 13:15:00,False,13:15:00,2024-02-01
10230,2024-02-01 13:30:00,False,13:30:00,2024-02-01
10231,2024-02-01 13:45:00,False,13:45:00,2024-02-01
10232,2024-02-01 14:00:00,False,14:00:00,2024-02-01
10233,2024-02-01 14:15:00,False,14:15:00,2024-02-01
10234,2024-02-01 14:30:00,False,14:30:00,2024-02-01
10235,2024-02-01 14:45:00,False,14:45:00,2024-02-01
10236,2024-02-01 15:00:00,False,15:00:00,2024-02-01
10237,2024-02-01 15:15:00,False,15:15:00,2024-02-01
10238,2024-02-01 15:30:00,False,15:30:00,2024-02-01
10239,2024-02-01 15:45:00,False,15:45:00,2024-02-01
10240,2024-02-01 16:00:00,False,16:00:00,2024-02-01
10241,2024-02-01 16:15:00,False,16:15:00,2024-02-01
10242,2024-02-01 16:30:00,False,16:30:00,2024-02-01
10243,2024-02-01 16:45:00,False,16:45:00,2024-02-01
10244,2024-02-01 17:00:00,False,17:00:00,2024-02-01
10245,2024-02-01 17:15:00,False,17:15:00,2024-02-01
10246,2024-02-01 17:30:00,False,17:30:00,2024-02-01
10247,2024-02-01 17:45:00,False,17:45:00,2024-02-01
10248,2024-02-01 18:00:00,False,18:00:00,2024-02-01
10249,2024-02-01 18:15:00,False,18:15:00,2024-02-01
10250,2024-02-01 18:30:00,False,18:30:00,2024-02-01
10251,2024-02-01 18:45:00,False,18:45:00,2024-02-01
10252,2024-02-01 19:00:00,False,19:00:00,2024-02-01
10253,2024-02-01 19:15:00,False,19:15:00,2024-02-01
10254,2024-02-01 19:30:00,False,19:30:00,2024-02-01
10255,2024-02-01 19:45:00,False,19:45:00,2024-02-01
10256,2024-02-01 20:00:00,False,20:00:00,2024-02-01
10257,2024-02-01 20:15:00,False,20:15:00,2024-02-01
10258,2024-02-01 20:30:00,False,20:30:00,2024-02-01
10259,2024-02-01 20:45:00,False,20:45:00,2024-02-01
10260,2024-02-01 21:00:00,False,21:00:00,2024-02-01
10261,2024-02-01 21:15:00,False,21:15:00,2024-02-01
10262,2024-02-01 21:30:00,False,21:30:00,2024-02-01
10263,2024-02-01 21:45:00,False,21:45:00,2024-02-01
10264,2024-02-01 22:00:00,False,22:00:00,2024-02-01
10265,2024-02-01 22:15:00,False,22:15:00,2024-02-01
10266,2024-02-01 22:30:00,False,22:30:00,2024-02-01
10267,2024-02-01 22:45:00,False,22:45:00,2024-02-01
10268,2024-02-01 23:00:00,False,23:00:00,2024-02-01
10269,2024-02-01 23:15:00,False,23:15:00,2024-02-01
10270,2024-02-01 23:30:00,False,23:30:00,2024-02-01
10271,2024-02-01 23:45:00,False,23:45:00,2024-02-01
10272,2024-02-02 00:00:00,False,00:00:00,2024-02-02
10273,2024-02-02 00:15:00,False,00:15:00,2024-02-02
10274,2024-02-02 00:30:00,False,00:30:00,2024-02-02
10275,2024-02-02 00:45:00,False,00:45:00,2024-02-02
10276,2024-02-02 01:00:00,False,01:00:00,2024-02-02
10277,2024-02-02 01:15:00,False,01:15:00,2024-02-02
10278,2024-02-02 01:30:00,False,01:30:00,2024-02-02
10279,2024-02-02 01:45:00,False,01:45:00,2024-02-02
10280,2024-02-02 02:00:00,False,02:00:00,2024-02-02
10281,2024-02-02 02:15:00,False,02:15:00,2024-02-02
10282,2024-02-02 02:30:00,False,02:30:00,2024-02-02
10283,2024-02-02 02:45:00,False,02:45:00,2024-02-02
10284,2024-02-02 03:00:00,False,03:00:00,2024-02-02
10285,2024-02-02 03:15:00,False,03:15:00,2024-02-02
10286,2024-02-02 03:30:00,False,03:30:00,2024-02-02
10287,2024-02-02 03:45:00,False,03:45:00,2024-02-02
10288,2024-02-02 04:00:00,False,04:00:00,2024-02-02
10289,2024-02-02 04:15:00,False,04:15:00,2024-02-02
10290,2024-02-02 04:30:00,False,04:30:00,2024-02-02
10291,2024-02-02 04:45:00,False,04:45:00,2024-02-02
10292,2024-02-02 05:00:00,False,05:00:00,2024-02-02
10293,2024-02-02 05:15:00,False,05:15:00,2024-02-02
10294,2024-02-02 05:30:00,False,05:30:00,2024-02-02
10295,2024-02-02 05:45:00,False,05:45:00,2024-02-02
10296,2024-02-02 06:00:00,False,06:00:00,2024-02-02
10297,2024-02-02 06:15:00,False,06:15:00,2024-02-02
10298,2024-02-02 06:30:00,False,06:30:00,2024-02-02
10299,2024-02-02 06:45:00,False,06:45:00,2024-02-02
10300,2024-02-02 07:00:00,False,07:00:00,2024-02-02
10301,2024-02-02 07:15:00,False,07:15:00,2024-02-02
10302,2024-02-02 07:30:00,False,07:30:00,2024-02-02
10303,2024-02-02 07:45:00,False,07:45:00,2024-02-02
10304,2024-02-02 08:00:00,False,08:00:00,2024-02-02
10305,2024-02-02 08:15:00,False,08:15:00,2024-02-02
10306,2024-02-02 08:30:00,False,08:30:00,2024-02-02
10307,2024-02-02 08:45:00,False,08:45:00,2024-02-02
10308,2024-02-02 09:00:00,False,09:00:00,2024-02-02
10309,2024-02-02 09:15:00,False,09:15:00,2024-02-02
10310,2024-02-02 09:30:00,False,09:30:00,2024-02-02
10311,2024-02-02 09:45:00,False,09:45:00,2024-02-02
10312,2024-02-02 10:00:00,False,10:00:00,2024-02-02
10313,2024-02-02 10:15:00,False,10:15:00,2024-02-02
10314,2024-02-02 10:30:00,False,10:30:00,2024-02-02
10315,2024-02-02 10:45:00,False,10:45:00,2024-02-02
10316,2024-02-02 11:00:00,False,11:00:00,2024-02-02
10317,2024-02-02 11:15:00,False,11:15:00,2024-02-02
10318,2024-02-02 11:30:00,False,11:30:00,2024-02-02
10319,2024-02-02 11:45:00,False,11:45:00,2024-02-02
10320,2024-02-02 12:00:00,False,12:00:00,2024-02-02
10321,2024-02-02 12:15:00,False,12:15:00,2024-02-02
10322,2024-02-02 12:30:00,False,12:30:00,2024-02-02
10323,2024-02-02 12:45:00,False,12:45:00,2024-02-02
10324,2024-02-02 13:00:00,False,13:00:00,2024-02-02
10325,2024-02-02 13:15:00,False,13:15:00,2024-02-02
10326,2024-02-02 13:30:00,False,13:30:00,2024-02-02
10327,2024-02-02 13:45:00,False,13:45:00,2024-02-02
10328,2024-02-02 14:00:00,False,14:00:00,2024-02-02
10329,2024-02-02 14:15:00,False,14:15:00,2024-02-02
10330,2024-02-02 14:30:00,False,14:30:00,2024-02-02
10331,2024-02-02 14:45:00,False,14:45:00,2024-02-02
10332,2024-02-02 15:00:00,False,15:00:00,2024-02-02
10333,2024-02-02 15:15:00,False,15:15:00,2024-02-02
10334,2024-02-02 15:30:00,False,15:30:00,2024-02-02
10335,2024-02-02 15:45:00,False,15:45:00,2024-02-02
10336,2024-02-02 16:00:00,False,16:00:00,2024-02-02
10337,2024-02-02 16:15:00,False,16:15:00,2024-02-02
10338,2024-02-02 16:30:00,False,16:30:00,2024-02-02
10339,2024-02-02 16:45:00,False,16:45:00,2024-02-02
10340,2024-02-02 17:00:00,False,17:00:00,2024-02-02
10341,2024-02-02 17:15:00,False,17:15:00,2024-02-02
10342,2024-02-02 17:30:00,False,17:30:00,2024-02-02
10343,2024-02-02 17:45:00,False,17:45:00,2024-02-02
10344,2024-02-02 18:00:00,False,18:00:00,2024-02-02
10345,2024-02-02 18:15:00,False,18:15:00,2024-02-02
10346,2024-02-02 18:30:00,False,18:30:00,2024-02-02
10347,2024-02-02 18:45:00,False,18:45:00,2024-02-02
10348,2024-02-02 19:00:00,False,19:00:00,2024-02-02
10349,2024-02-02 19:15:00,False,19:15:00,2024-02-02
10350,2024-02-02 19:30:00,False,19:30:00,2024-02-02
10351,2024-02-02 19:45:00,False,19:45:00,2024-02-02
10352,2024-02-02 20:00:00,False,20:00:00,2024-02-02
10353,2024-02-02 20:15:00,False,20:15:00,2024-02-02
10354,2024-02-02 20:30:00,False,20:30:00,2024-02-02
10355,2024-02-02 20:45:00,False,20:45:00,2024-02-02
10356,2024-02-02 21:00:00,False,21:00:00,2024-02-02
10357,2024-02-02 21:15:00,False,21:15:00,2024-02-02
10358,2024-02-02 21:30:00,False,21:30:00,2024-02-02
10359,2024-02-02 21:45:00,False,21:45:00,2024-02-02
10360,2024-02-02 22:00:00,False,22:00:00,2024-02-02
10361,2024-02-02 22:15:00,False,22:15:00,2024-02-02
10362,2024-02-02 22:30:00,False,22:30:00,2024-02-02
10363,2024-02-02 22:45:00,False,22:45:00,2024-02-02
10364,2024-02-02 23:00:00,False,23:00:00,2024-02-02
10365,2024-02-02 23:15:00,False,23:15:00,2024-02-02
10366,2024-02-02 23:30:00,False,23:30:00,2024-02-02
10367,2024-02-02 23:45:00,False,23:45:00,2024-02-02
10368,2024-02-03 00:00:00,False,00:00:00,2024-02-03
10369,2024-02-03 00:15:00,False,00:15:00,2024-02-03
10370,2024-02-03 00:30:00,False,00:30:00,2024-02-03
10371,2024-02-03 00:45:00,False,00:45:00,2024-02-03
10372,2024-02-03 01:00:00,False,01:00:00,2024-02-03
10373,2024-02-03 01:15:00,False,01:15:00,2024-02-03
10374,2024-02-03 01:30:00,False,01:30:00,2024-02-03
10375,2024-02-03 01:45:00,False,01:45:00,2024-02-03
10376,2024-02-03 02:00:00,False,02:00:00,2024-02-03
10377,2024-02-03 02:15:00,False,02:15:00,2024-02-03
10378,2024-02-03 02:30:00,False,02:30:00,2024-02-03
10379,2024-02-03 02:45:00,False,02:45:00,2024-02-03
10380,2024-02-03 03:00:00,False,03:00:00,2024-02-03
10381,2024-02-03 03:15:00,False,03:15:00,2024-02-03
10382,2024-02-03 03:30:00,False,03:30:00,2024-02-03
10383,2024-02-03 03:45:00,False,03:45:00,2024-02-03
10384,2024-02-03 04:00:00,False,04:00:00,2024-02-03
10385,2024-02-03 04:15:00,False,04:15:00,2024-02-03
10386,2024-02-03 04:30:00,False,04:30:00,2024-02-03
10387,2024-02-03 04:45:00,False,04:45:00,2024-02-03
10388,2024-02-03 05:00:00,False,05:00:00,2024-02-03
10389,2024-02-03 05:15:00,False,05:15:00,2024-02-03
10390,2024-02-03 05:30:00,False,05:30:00,2024-02-03
10391,2024-02-03 05:45:00,False,05:45:00,2024-02-03
10392,2024-02-03 06:00:00,False,06:00:00,2024-02-03
10393,2024-02-03 06:15:00,False,06:15:00,2024-02-03
10394,2024-02-03 06:30:00,False,06:30:00,2024-02-03
10395,2024-02-03 06:45:00,False,06:45:00,2024-02-03
10396,2024-02-03 07:00:00,False,07:00:00,2024-02-03
10397,2024-02-03 07:15:00,False,07:15:00,2024-02-03
10398,2024-02-03 07:30:00,False,07:30:00,2024-02-03
10399,2024-02-03 07:45:00,False,07:45:00,2024-02-03
10400,2024-02-03 08:00:00,False,08:00:00,2024-02-03
10401,2024-02-03 08:15:00,False,08:15:00,2024-02-03
10402,2024-02-03 08:30:00,False,08:30:00,2024-02-03
10403,2024-02-03 08:45:00,False,08:45:00,2024-02-03
10404,2024-02-03 09:00:00,False,09:00:00,2024-02-03
10405,2024-02-03 09:15:00,False,09:15:00,2024-02-03
10406,2024-02-03 09:30:00,False,09:30:00,2024-02-03
10407,2024-02-03 09:45:00,False,09:45:00,2024-02-03
10408,2024-02-03 10:00:00,False,10:00:00,2024-02-03
10409,2024-02-03 10:15:00,False,10:15:00,2024-02-03
10410,2024-02-03 10:30:00,False,10:30:00,2024-02-03
10411,2024-02-03 10:45:00,False,10:45:00,2024-02-03
10412,2024-02-03 11:00:00,False,11:00:00,2024-02-03
10413,2024-02-03 11:15:00,False,11:15:00,2024-02-03
10414,2024-02-03 11:30:00,False,11:30:00,2024-02-03
10415,2024-02-03 11:45:00,False,11:45:00,2024-02-03
10416,2024-02-03 12:00:00,False,12:00:00,2024-02-03
10417,2024-02-03 12:15:00,False,12:15:00,2024-02-03
10418,2024-02-03 12:30:00,False,12:30:00,2024-02-03
10419,2024-02-03 12:45:00,False,12:45:00,2024-02-03
10420,2024-02-03 13:00:00,False,13:00:00,2024-02-03
10421,2024-02-03 13:15:00,False,13:15:00,2024-02-03
10422,2024-02-03 13:30:00,False,13:30:00,2024-02-03
10423,2024-02-03 13:45:00,False,13:45:00,2024-02-03
10424,2024-02-03 14:00:00,False,14:00:00,2024-02-03
10425,2024-02-03 14:15:00,False,14:15:00,2024-02-03
10426,2024-02-03 14:30:00,False,14:30:00,2024-02-03
10427,2024-02-03 14:45:00,False,14:45:00,2024-02-03
10428,2024-02-03 15:00:00,False,15:00:00,2024-02-03
10429,2024-02-03 15:15:00,False,15:15:00,2024-02-03
10430,2024-02-03 15:30:00,False,15:30:00,2024-02-03
10431,2024-02-03 15:45:00,False,15:45:00,2024-02-03
10432,2024-02-03 16:00:00,False,16:00:00,2024-02-03
10433,2024-02-03 16:15:00,False,16:15:00,2024-02-03
10434,2024-02-03 16:30:00,False,16:30:00,2024-02-03
10435,2024-02-03 16:45:00,False,16:45:00,2024-02-03
10436,2024-02-03 17:00:00,False,17:00:00,2024-02-03
10437,2024-02-03 17:15:00,False,17:15:00,2024-02-03
10438,2024-02-03 17:30:00,False,17:30:00,2024-02-03
10439,2024-02-03 17:45:00,False,17:45:00,2024-02-03
10440,2024-02-03 18:00:00,False,18:00:00,2024-02-03
10441,2024-02-03 18:15:00,False,18:15:00,2024-02-03
10442,2024-02-03 18:30:00,False,18:30:00,2024-02-03
10443,2024-02-03 18:45:00,False,18:45:00,2024-02-03
10444,2024-02-03 19:00:00,False,19:00:00,2024-02-03
10445,2024-02-03 19:15:00,False,19:15:00,2024-02-03
10446,2024-02-03 19:30:00,False,19:30:00,2024-02-03
10447,2024-02-03 19:45:00,False,19:45:00,2024-02-03
10448,2024-02-03 20:00:00,False,20:00:00,2024-02-03
10449,2024-02-03 20:15:00,False,20:15:00,2024-02-03
10450,2024-02-03 20:30:00,False,20:30:00,2024-02-03
10451,2024-02-03 20:45:00,False,20:45:00,2024-02-03
10452,2024-02-03 21:00:00,False,21:00:00,2024-02-03
10453,2024-02-03 21:15:00,False,21:15:00,2024-02-03
10454,2024-02-03 21:30:00,False,21:30:00,2024-02-03
10455,2024-02-03 21:45:00,False,21:45:00,2024-02-03
10456,2024-02-03 22:00:00,False,22:00:00,2024-02-03
10457,2024-02-03 22:15:00,False,22:15:00,2024-02-03
10458,2024-02-03 22:30:00,False,22:30:00,2024-02-03
10459,2024-02-03 22:45:00,False,22:45:00,2024-02-03
10460,2024-02-03 23:00:00,False,23:00:00,2024-02-03
10461,2024-02-03 23:15:00,False,23:15:00,2024-02-03
10462,2024-02-03 23:30:00,False,23:30:00,2024-02-03
10463,2024-02-03 23:45:00,False,23:45:00,2024-02-03
10464,2024-02-04 00:00:00,False,00:00:00,2024-02-04
10465,2024-02-04 00:15:00,False,00:15:00,2024-02-04
10466,2024-02-04 00:30:00,False,00:30:00,2024-02-04
10467,2024-02-04 00:45:00,False,00:45:00,2024-02-04
10468,2024-02-04 01:00:00,False,01:00:00,2024-02-04
10469,2024-02-04 01:15:00,False,01:15:00,2024-02-04
10470,2024-02-04 01:30:00,False,01:30:00,2024-02-04
10471,2024-02-04 01:45:00,False,01:45:00,2024-02-04
10472,2024-02-04 02:00:00,False,02:00:00,2024-02-04
10473,2024-02-04 02:15:00,False,02:15:00,2024-02-04
10474,2024-02-04 02:30:00,False,02:30:00,2024-02-04
10475,2024-02-04 02:45:00,False,02:45:00,2024-02-04
10476,2024-02-04 03:00:00,False,03:00:00,2024-02-04
10477,2024-02-04 03:15:00,False,03:15:00,2024-02-04
10478,2024-02-04 03:30:00,False,03:30:00,2024-02-04
10479,2024-02-04 03:45:00,False,03:45:00,2024-02-04
10480,2024-02-04 04:00:00,False,04:00:00,2024-02-04
10481,2024-02-04 04:15:00,False,04:15:00,2024-02-04
10482,2024-02-04 04:30:00,False,04:30:00,2024-02-04
10483,2024-02-04 04:45:00,False,04:45:00,2024-02-04
10484,2024-02-04 05:00:00,False,05:00:00,2024-02-04
10485,2024-02-04 05:15:00,False,05:15:00,2024-02-04
10486,2024-02-04 05:30:00,False,05:30:00,2024-02-04
10487,2024-02-04 05:45:00,False,05:45:00,2024-02-04
10488,2024-02-04 06:00:00,False,06:00:00,2024-02-04
10489,2024-02-04 06:15:00,False,06:15:00,2024-02-04
10490,2024-02-04 06:30:00,False,06:30:00,2024-02-04
10491,2024-02-04 06:45:00,False,06:45:00,2024-02-04
10492,2024-02-04 07:00:00,False,07:00:00,2024-02-04
10493,2024-02-04 07:15:00,False,07:15:00,2024-02-04
10494,2024-02-04 07:30:00,False,07:30:00,2024-02-04
10495,2024-02-04 07:45:00,False,07:45:00,2024-02-04
10496,2024-02-04 08:00:00,False,08:00:00,2024-02-04
10497,2024-02-04 08:15:00,False,08:15:00,2024-02-04
10498,2024-02-04 08:30:00,False,08:30:00,2024-02-04
10499,2024-02-04 08:45:00,False,08:45:00,2024-02-04
10500,2024-02-04 09:00:00,False,09:00:00,2024-02-04
10501,2024-02-04 09:15:00,False,09:15:00,2024-02-04
10502,2024-02-04 09:30:00,False,09:30:00,2024-02-04
10503,2024-02-04 09:45:00,False,09:45:00,2024-02-04
10504,2024-02-04 10:00:00,False,10:00:00,2024-02-04
10505,2024-02-04 10:15:00,False,10:15:00,2024-02-04
10506,2024-02-04 10:30:00,False,10:30:00,2024-02-04
10507,2024-02-04 10:45:00,False,10:45:00,2024-02-04
10508,2024-02-04 11:00:00,False,11:00:00,2024-02-04
10509,2024-02-04 11:15:00,False,11:15:00,2024-02-04
10510,2024-02-04 11:30:00,False,11:30:00,2024-02-04
10511,2024-02-04 11:45:00,False,11:45:00,2024-02-04
10512,2024-02-04 12:00:00,False,12:00:00,2024-02-04
10513,2024-02-04 12:15:00,False,12:15:00,2024-02-04
10514,2024-02-04 12:30:00,False,12:30:00,2024-02-04
10515,2024-02-04 12:45:00,False,12:45:00,2024-02-04
10516,2024-02-04 13:00:00,False,13:00:00,2024-02-04
10517,2024-02-04 13:15:00,False,13:15:00,2024-02-04
10518,2024-02-04 13:30:00,False,13:30:00,2024-02-04
10519,2024-02-04 13:45:00,False,13:45:00,2024-02-04
10520,2024-02-04 14:00:00,False,14:00:00,2024-02-04
10521,2024-02-04 14:15:00,False,14:15:00,2024-02-04
10522,2024-02-04 14:30:00,False,14:30:00,2024-02-04
10523,2024-02-04 14:45:00,False,14:45:00,2024-02-04
10524,2024-02-04 15:00:00,False,15:00:00,2024-02-04
10525,2024-02-04 15:15:00,False,15:15:00,2024-02-04
10526,2024-02-04 15:30:00,False,15:30:00,2024-02-04
10527,2024-02-04 15:45:00,False,15:45:00,2024-02-04
10528,2024-02-04 16:00:00,False,16:00:00,2024-02-04
10529,2024-02-04 16:15:00,False,16:15:00,2024-02-04
10530,2024-02-04 16:30:00,False,16:30:00,2024-02-04
10531,2024-02-04 16:45:00,False,16:45:00,2024-02-04
10532,2024-02-04 17:00:00,False,17:00:00,2024-02-04
10533,2024-02-04 17:15:00,False,17:15:00,2024-02-04
10534,2024-02-04 17:30:00,False,17:30:00,2024-02-04
10535,2024-02-04 17:45:00,False,17:45:00,2024-02-04
10536,2024-02-04 18:00:00,False,18:00:00,2024-02-04
10537,2024-02-04 18:15:00,False,18:15:00,2024-02-04
10538,2024-02-04 18:30:00,False,18:30:00,2024-02-04
10539,2024-02-04 18:45:00,False,18:45:00,2024-02-04
10540,2024-02-04 19:00:00,False,19:00:00,2024-02-04
10541,2024-02-04 19:15:00,False,19:15:00,2024-02-04
10542,2024-02-04 19:30:00,False,19:30:00,2024-02-04
10543,2024-02-04 19:45:00,False,19:45:00,2024-02-04
10544,2024-02-04 20:00:00,False,20:00:00,2024-02-04
10545,2024-02-04 20:15:00,False,20:15:00,2024-02-04
10546,2024-02-04 20:30:00,False,20:30:00,2024-02-04
10547,2024-02-04 20:45:00,False,20:45:00,2024-02-04
10548,2024-02-04 21:00:00,False,21:00:00,2024-02-04
10549,2024-02-04 21:15:00,False,21:15:00,2024-02-04
10550,2024-02-04 21:30:00,False,21:30:00,2024-02-04
10551,2024-02-04 21:45:00,False,21:45:00,2024-02-04
10552,2024-02-04 22:00:00,False,22:00:00,2024-02-04
10553,2024-02-04 22:15:00,False,22:15:00,2024-02-04
10554,2024-02-04 22:30:00,False,22:30:00,2024-02-04
10555,2024-02-04 22:45:00,False,22:45:00,2024-02-04
10556,2024-02-04 23:00:00,False,23:00:00,2024-02-04
10557,2024-02-04 23:15:00,False,23:15:00,2024-02-04
10558,2024-02-04 23:30:00,False,23:30:00,2024-02-04
10559,2024-02-04 23:45:00,False,23:45:00,2024-02-04
10560,2024-02-05 00:00:00,False,00:00:00,2024-02-05
10561,2024-02-05 00:15:00,False,00:15:00,2024-02-05
10562,2024-02-05 00:30:00,False,00:30:00,2024-02-05
10563,2024-02-05 00:45:00,False,00:45:00,2024-02-05
10564,2024-02-05 01:00:00,False,01:00:00,2024-02-05
10565,2024-02-05 01:15:00,False,01:15:00,2024-02-05
10566,2024-02-05 01:30:00,False,01:30:00,2024-02-05
10567,2024-02-05 01:45:00,False,01:45:00,2024-02-05
10568,2024-02-05 02:00:00,False,02:00:00,2024-02-05
10569,2024-02-05 02:15:00,False,02:15:00,2024-02-05
10570,2024-02-05 02:30:00,False,02:30:00,2024-02-05
10571,2024-02-05 02:45:00,False,02:45:00,2024-02-05
10572,2024-02-05 03:00:00,False,03:00:00,2024-02-05
10573,2024-02-05 03:15:00,False,03:15:00,2024-02-05
10574,2024-02-05 03:30:00,False,03:30:00,2024-02-05
10575,2024-02-05 03:45:00,False,03:45:00,2024-02-05
10576,2024-02-05 04:00:00,False,04:00:00,2024-02-05
10577,2024-02-05 04:15:00,False,04:15:00,2024-02-05
10578,2024-02-05 04:30:00,False,04:30:00,2024-02-05
10579,2024-02-05 04:45:00,False,04:45:00,2024-02-05
10580,2024-02-05 05:00:00,False,05:00:00,2024-02-05
10581,2024-02-05 05:15:00,False,05:15:00,2024-02-05
10582,2024-02-05 05:30:00,False,05:30:00,2024-02-05
10583,2024-02-05 05:45:00,False,05:45:00,2024-02-05
10584,2024-02-05 06:00:00,False,06:00:00,2024-02-05
10585,2024-02-05 06:15:00,False,06:15:00,2024-02-05
10586,2024-02-05 06:30:00,False,06:30:00,2024-02-05
10587,2024-02-05 06:45:00,False,06:45:00,2024-02-05
10588,2024-02-05 07:00:00,False,07:00:00,2024-02-05
10589,2024-02-05 07:15:00,False,07:15:00,2024-02-05
10590,2024-02-05 07:30:00,False,07:30:00,2024-02-05
10591,2024-02-05 07:45:00,False,07:45:00,2024-02-05
10592,2024-02-05 08:00:00,False,08:00:00,2024-02-05
10593,2024-02-05 08:15:00,False,08:15:00,2024-02-05
10594,2024-02-05 08:30:00,False,08:30:00,2024-02-05
10595,2024-02-05 08:45:00,False,08:45:00,2024-02-05
10596,2024-02-05 09:00:00,False,09:00:00,2024-02-05
10597,2024-02-05 09:15:00,False,09:15:00,2024-02-05
10598,2024-02-05 09:30:00,False,09:30:00,2024-02-05
10599,2024-02-05 09:45:00,False,09:45:00,2024-02-05
10600,2024-02-05 10:00:00,False,10:00:00,2024-02-05
10601,2024-02-05 10:15:00,False,10:15:00,2024-02-05
10602,2024-02-05 10:30:00,False,10:30:00,2024-02-05
10603,2024-02-05 10:45:00,False,10:45:00,2024-02-05
10604,2024-02-05 11:00:00,False,11:00:00,2024-02-05
10605,2024-02-05 11:15:00,False,11:15:00,2024-02-05
10606,2024-02-05 11:30:00,False,11:30:00,2024-02-05
10607,2024-02-05 11:45:00,False,11:45:00,2024-02-05
10608,2024-02-05 12:00:00,False,12:00:00,2024-02-05
10609,2024-02-05 12:15:00,False,12:15:00,2024-02-05
10610,2024-02-05 12:30:00,False,12:30:00,2024-02-05
10611,2024-02-05 12:45:00,False,12:45:00,2024-02-05
10612,2024-02-05 13:00:00,False,13:00:00,2024-02-05
10613,2024-02-05 13:15:00,False,13:15:00,2024-02-05
10614,2024-02-05 13:30:00,False,13:30:00,2024-02-05
10615,2024-02-05 13:45:00,False,13:45:00,2024-02-05
10616,2024-02-05 14:00:00,False,14:00:00,2024-02-05
10617,2024-02-05 14:15:00,False,14:15:00,2024-02-05
10618,2024-02-05 14:30:00,False,14:30:00,2024-02-05
10619,2024-02-05 14:45:00,False,14:45:00,2024-02-05
10620,2024-02-05 15:00:00,False,15:00:00,2024-02-05
10621,2024-02-05 15:15:00,False,15:15:00,2024-02-05
10622,2024-02-05 15:30:00,False,15:30:00,2024-02-05
10623,2024-02-05 15:45:00,False,15:45:00,2024-02-05
10624,2024-02-05 16:00:00,False,16:00:00,2024-02-05
10625,2024-02-05 16:15:00,False,16:15:00,2024-02-05
10626,2024-02-05 16:30:00,False,16:30:00,2024-02-05
10627,2024-02-05 16:45:00,False,16:45:00,2024-02-05
10628,2024-02-05 17:00:00,False,17:00:00,2024-02-05
10629,2024-02-05 17:15:00,False,17:15:00,2024-02-05
10630,2024-02-05 17:30:00,False,17:30:00,2024-02-05
10631,2024-02-05 17:45:00,False,17:45:00,2024-02-05
10632,2024-02-05 18:00:00,False,18:00:00,2024-02-05
10633,2024-02-05 18:15:00,False,18:15:00,2024-02-05
10634,2024-02-05 18:30:00,False,18:30:00,2024-02-05
10635,2024-02-05 18:45:00,False,18:45:00,2024-02-05
10636,2024-02-05 19:00:00,False,19:00:00,2024-02-05
10637,2024-02-05 19:15:00,False,19:15:00,2024-02-05
10638,2024-02-05 19:30:00,False,19:30:00,2024-02-05
10639,2024-02-05 19:45:00,False,19:45:00,2024-02-05
10640,2024-02-05 20:00:00,False,20:00:00,2024-02-05
10641,2024-02-05 20:15:00,False,20:15:00,2024-02-05
10642,2024-02-05 20:30:00,False,20:30:00,2024-02-05
10643,2024-02-05 20:45:00,False,20:45:00,2024-02-05
10644,2024-02-05 21:00:00,False,21:00:00,2024-02-05
10645,2024-02-05 21:15:00,False,21:15:00,2024-02-05
10646,2024-02-05 21:30:00,False,21:30:00,2024-02-05
10647,2024-02-05 21:45:00,False,21:45:00,2024-02-05
10648,2024-02-05 22:00:00,False,22:00:00,2024-02-05
10649,2024-02-05 22:15:00,False,22:15:00,2024-02-05
10650,2024-02-05 22:30:00,False,22:30:00,2024-02-05
10651,2024-02-05 22:45:00,False,22:45:00,2024-02-05
10652,2024-02-05 23:00:00,False,23:00:00,2024-02-05
10653,2024-02-05 23:15:00,False,23:15:00,2024-02-05
10654,2024-02-05 23:30:00,False,23:30:00,2024-02-05
10655,2024-02-05 23:45:00,False,23:45:00,2024-02-05
10656,2024-02-06 00:00:00,False,00:00:00,2024-02-06
10657,2024-02-06 00:15:00,False,00:15:00,2024-02-06
10658,2024-02-06 00:30:00,False,00:30:00,2024-02-06
10659,2024-02-06 00:45:00,False,00:45:00,2024-02-06
10660,2024-02-06 01:00:00,False,01:00:00,2024-02-06
10661,2024-02-06 01:15:00,False,01:15:00,2024-02-06
10662,2024-02-06 01:30:00,False,01:30:00,2024-02-06
10663,2024-02-06 01:45:00,False,01:45:00,2024-02-06
10664,2024-02-06 02:00:00,False,02:00:00,2024-02-06
10665,2024-02-06 02:15:00,False,02:15:00,2024-02-06
10666,2024-02-06 02:30:00,False,02:30:00,2024-02-06
10667,2024-02-06 02:45:00,False,02:45:00,2024-02-06
10668,2024-02-06 03:00:00,False,03:00:00,2024-02-06
10669,2024-02-06 03:15:00,False,03:15:00,2024-02-06
10670,2024-02-06 03:30:00,False,03:30:00,2024-02-06
10671,2024-02-06 03:45:00,False,03:45:00,2024-02-06
10672,2024-02-06 04:00:00,False,04:00:00,2024-02-06
10673,2024-02-06 04:15:00,False,04:15:00,2024-02-06
10674,2024-02-06 04:30:00,False,04:30:00,2024-02-06
10675,2024-02-06 04:45:00,False,04:45:00,2024-02-06
10676,2024-02-06 05:00:00,False,05:00:00,2024-02-06
10677,2024-02-06 05:15:00,False,05:15:00,2024-02-06
10678,2024-02-06 05:30:00,False,05:30:00,2024-02-06
10679,2024-02-06 05:45:00,False,05:45:00,2024-02-06
10680,2024-02-06 06:00:00,False,06:00:00,2024-02-06
10681,2024-02-06 06:15:00,False,06:15:00,2024-02-06
10682,2024-02-06 06:30:00,False,06:30:00,2024-02-06
10683,2024-02-06 06:45:00,False,06:45:00,2024-02-06
10684,2024-02-06 07:00:00,False,07:00:00,2024-02-06
10685,2024-02-06 07:15:00,False,07:15:00,2024-02-06
10686,2024-02-06 07:30:00,False,07:30:00,2024-02-06
10687,2024-02-06 07:45:00,False,07:45:00,2024-02-06
10688,2024-02-06 08:00:00,False,08:00:00,2024-02-06
10689,2024-02-06 08:15:00,False,08:15:00,2024-02-06
10690,2024-02-06 08:30:00,False,08:30:00,2024-02-06
10691,2024-02-06 08:45:00,False,08:45:00,2024-02-06
10692,2024-02-06 09:00:00,False,09:00:00,2024-02-06
10693,2024-02-06 09:15:00,False,09:15:00,2024-02-06
10694,2024-02-06 09:30:00,False,09:30:00,2024-02-06
10695,2024-02-06 09:45:00,False,09:45:00,2024-02-06
10696,2024-02-06 10:00:00,False,10:00:00,2024-02-06
10697,2024-02-06 10:15:00,False,10:15:00,2024-02-06
10698,2024-02-06 10:30:00,False,10:30:00,2024-02-06
10699,2024-02-06 10:45:00,False,10:45:00,2024-02-06
10700,2024-02-06 11:00:00,False,11:00:00,2024-02-06
10701,2024-02-06 11:15:00,False,11:15:00,2024-02-06
10702,2024-02-06 11:30:00,False,11:30:00,2024-02-06
10703,2024-02-06 11:45:00,False,11:45:00,2024-02-06
10704,2024-02-06 12:00:00,False,12:00:00,2024-02-06
10705,2024-02-06 12:15:00,False,12:15:00,2024-02-06
10706,2024-02-06 12:30:00,False,12:30:00,2024-02-06
10707,2024-02-06 12:45:00,False,12:45:00,2024-02-06
10708,2024-02-06 13:00:00,False,13:00:00,2024-02-06
10709,2024-02-06 13:15:00,False,13:15:00,2024-02-06
10710,2024-02-06 13:30:00,False,13:30:00,2024-02-06
10711,2024-02-06 13:45:00,False,13:45:00,2024-02-06
10712,2024-02-06 14:00:00,False,14:00:00,2024-02-06
10713,2024-02-06 14:15:00,False,14:15:00,2024-02-06
10714,2024-02-06 14:30:00,False,14:30:00,2024-02-06
10715,2024-02-06 14:45:00,False,14:45:00,2024-02-06
10716,2024-02-06 15:00:00,False,15:00:00,2024-02-06
10717,2024-02-06 15:15:00,False,15:15:00,2024-02-06
10718,2024-02-06 15:30:00,False,15:30:00,2024-02-06
10719,2024-02-06 15:45:00,False,15:45:00,2024-02-06
10720,2024-02-06 16:00:00,False,16:00:00,2024-02-06
10721,2024-02-06 16:15:00,False,16:15:00,2024-02-06
10722,2024-02-06 16:30:00,False,16:30:00,2024-02-06
10723,2024-02-06 16:45:00,False,16:45:00,2024-02-06
10724,2024-02-06 17:00:00,False,17:00:00,2024-02-06
10725,2024-02-06 17:15:00,False,17:15:00,2024-02-06
10726,2024-02-06 17:30:00,False,17:30:00,2024-02-06
10727,2024-02-06 17:45:00,False,17:45:00,2024-02-06
10728,2024-02-06 18:00:00,False,18:00:00,2024-02-06
10729,2024-02-06 18:15:00,False,18:15:00,2024-02-06
10730,2024-02-06 18:30:00,False,18:30:00,2024-02-06
10731,2024-02-06 18:45:00,False,18:45:00,2024-02-06
10732,2024-02-06 19:00:00,False,19:00:00,2024-02-06
10733,2024-02-06 19:15:00,False,19:15:00,2024-02-06
10734,2024-02-06 19:30:00,False,19:30:00,2024-02-06
10735,2024-02-06 19:45:00,False,19:45:00,2024-02-06
10736,2024-02-06 20:00:00,False,20:00:00,2024-02-06
10737,2024-02-06 20:15:00,False,20:15:00,2024-02-06
10738,2024-02-06 20:30:00,False,20:30:00,2024-02-06
10739,2024-02-06 20:45:00,False,20:45:00,2024-02-06
10740,2024-02-06 21:00:00,False,21:00:00,2024-02-06
10741,2024-02-06 21:15:00,False,21:15:00,2024-02-06
10742,2024-02-06 21:30:00,False,21:30:00,2024-02-06
10743,2024-02-06 21:45:00,False,21:45:00,2024-02-06
10744,2024-02-06 22:00:00,False,22:00:00,2024-02-06
10745,2024-02-06 22:15:00,False,22:15:00,2024-02-06
10746,2024-02-06 22:30:00,False,22:30:00,2024-02-06
10747,2024-02-06 22:45:00,False,22:45:00,2024-02-06
10748,2024-02-06 23:00:00,False,23:00:00,2024-02-06
10749,2024-02-06 23:15:00,False,23:15:00,2024-02-06
10750,2024-02-06 23:30:00,True,23:30:00,2024-02-06
10751,2024-02-06 23:45:00,True,23:45:00,2024-02-06
10752,2024-02-07 00:00:00,True,00:00:00,2024-02-07
10753,2024-02-07 00:15:00,True,00:15:00,2024-02-07
10754,2024-02-07 00:30:00,True,00:30:00,2024-02-07
10755,2024-02-07 00:45:00,True,00:45:00,2024-02-07
10756,2024-02-07 01:00:00,True,01:00:00,2024-02-07
10757,2024-02-07 01:15:00,True,01:15:00,2024-02-07
10758,2024-02-07 01:30:00,True,01:30:00,2024-02-07
10759,2024-02-07 01:45:00,True,01:45:00,2024-02-07
10760,2024-02-07 02:00:00,True,02:00:00,2024-02-07
10761,2024-02-07 02:15:00,True,02:15:00,2024-02-07
10762,2024-02-07 02:30:00,True,02:30:00,2024-02-07
10763,2024-02-07 02:45:00,True,02:45:00,2024-02-07
10764,2024-02-07 03:00:00,True,03:00:00,2024-02-07
10765,2024-02-07 03:15:00,True,03:15:00,2024-02-07
10766,2024-02-07 03:30:00,True,03:30:00,2024-02-07
10767,2024-02-07 03:45:00,True,03:45:00,2024-02-07
10768,2024-02-07 04:00:00,True,04:00:00,2024-02-07
10769,2024-02-07 04:15:00,True,04:15:00,2024-02-07
10770,2024-02-07 04:30:00,True,04:30:00,2024-02-07
10771,2024-02-07 04:45:00,True,04:45:00,2024-02-07
10772,2024-02-07 05:00:00,True,05:00:00,2024-02-07
10773,2024-02-07 05:15:00,True,05:15:00,2024-02-07
10774,2024-02-07 05:30:00,True,05:30:00,2024-02-07
10775,2024-02-07 05:45:00,True,05:45:00,2024-02-07
10776,2024-02-07 06:00:00,True,06:00:00,2024-02-07
10777,2024-02-07 06:15:00,True,06:15:00,2024-02-07
10778,2024-02-07 06:30:00,True,06:30:00,2024-02-07
10779,2024-02-07 06:45:00,True,06:45:00,2024-02-07
10780,2024-02-07 07:00:00,True,07:00:00,2024-02-07
10781,2024-02-07 07:15:00,True,07:15:00,2024-02-07
10782,2024-02-07 07:30:00,True,07:30:00,2024-02-07
10783,2024-02-07 07:45:00,True,07:45:00,2024-02-07
10784,2024-02-07 08:00:00,True,08:00:00,2024-02-07
10785,2024-02-07 08:15:00,True,08:15:00,2024-02-07
10786,2024-02-07 08:30:00,True,08:30:00,2024-02-07
10787,2024-02-07 08:45:00,True,08:45:00,2024-02-07
10788,2024-02-07 09:00:00,True,09:00:00,2024-02-07
10789,2024-02-07 09:15:00,True,09:15:00,2024-02-07
10790,2024-02-07 09:30:00,True,09:30:00,2024-02-07
10791,2024-02-07 09:45:00,True,09:45:00,2024-02-07
10792,2024-02-07 10:00:00,True,10:00:00,2024-02-07
10793,2024-02-07 10:15:00,True,10:15:00,2024-02-07
10794,2024-02-07 10:30:00,True,10:30:00,2024-02-07
10795,2024-02-07 10:45:00,True,10:45:00,2024-02-07
10796,2024-02-07 11:00:00,True,11:00:00,2024-02-07
10797,2024-02-07 11:15:00,True,11:15:00,2024-02-07
10798,2024-02-07 11:30:00,True,11:30:00,2024-02-07
10799,2024-02-07 11:45:00,True,11:45:00,2024-02-07
10800,2024-02-07 12:00:00,True,12:00:00,2024-02-07
10801,2024-02-07 12:15:00,True,12:15:00,2024-02-07
10802,2024-02-07 12:30:00,True,12:30:00,2024-02-07
10803,2024-02-07 12:45:00,True,12:45:00,2024-02-07
10804,2024-02-07 13:00:00,True,13:00:00,2024-02-07
10805,2024-02-07 13:15:00,True,13:15:00,2024-02-07
10806,2024-02-07 13:30:00,True,13:30:00,2024-02-07
10807,2024-02-07 13:45:00,True,13:45:00,2024-02-07
10808,2024-02-07 14:00:00,True,14:00:00,2024-02-07
10809,2024-02-07 14:15:00,True,14:15:00,2024-02-07
10810,2024-02-07 14:30:00,True,14:30:00,2024-02-07
10811,2024-02-07 14:45:00,True,14:45:00,2024-02-07
10812,2024-02-07 15:00:00,True,15:00:00,2024-02-07
10813,2024-02-07 15:15:00,True,15:15:00,2024-02-07
10814,2024-02-07 15:30:00,True,15:30:00,2024-02-07
10815,2024-02-07 15:45:00,True,15:45:00,2024-02-07
10816,2024-02-07 16:00:00,True,16:00:00,2024-02-07
10817,2024-02-07 16:15:00,True,16:15:00,2024-02-07
10818,2024-02-07 16:30:00,True,16:30:00,2024-02-07
10819,2024-02-07 16:45:00,True,16:45:00,2024-02-07
10820,2024-02-07 17:00:00,True,17:00:00,2024-02-07
10821,2024-02-07 17:15:00,True,17:15:00,2024-02-07
10822,2024-02-07 17:30:00,True,17:30:00,2024-02-07
10823,2024-02-07 17:45:00,True,17:45:00,2024-02-07
10824,2024-02-07 18:00:00,True,18:00:00,2024-02-07
10825,2024-02-07 18:15:00,True,18:15:00,2024-02-07
10826,2024-02-07 18:30:00,True,18:30:00,2024-02-07
10827,2024-02-07 18:45:00,True,18:45:00,2024-02-07
10828,2024-02-07 19:00:00,True,19:00:00,2024-02-07
10829,2024-02-07 19:15:00,True,19:15:00,2024-02-07
10830,2024-02-07 19:30:00,True,19:30:00,2024-02-07
10831,2024-02-07 19:45:00,True,19:45:00,2024-02-07
10832,2024-02-07 20:00:00,True,20:00:00,2024-02-07
10833,2024-02-07 20:15:00,True,20:15:00,2024-02-07
10834,2024-02-07 20:30:00,True,20:30:00,2024-02-07
10835,2024-02-07 20:45:00,True,20:45:00,2024-02-07
10836,2024-02-07 21:00:00,True,21:00:00,2024-02-07
10837,2024-02-07 21:15:00,True,21:15:00,2024-02-07
10838,2024-02-07 21:30:00,True,21:30:00,2024-02-07
10839,2024-02-07 21:45:00,True,21:45:00,2024-02-07
10840,2024-02-07 22:00:00,True,22:00:00,2024-02-07
10841,2024-02-07 22:15:00,True,22:15:00,2024-02-07
10842,2024-02-07 22:30:00,True,22:30:00,2024-02-07
10843,2024-02-07 22:45:00,True,22:45:00,2024-02-07
10844,2024-02-07 23:00:00,True,23:00:00,2024-02-07
10845,2024-02-07 23:15:00,True,23:15:00,2024-02-07
10846,2024-02-07 23:30:00,True,23:30:00,2024-02-07
10847,2024-02-07 23:45:00,True,23:45:00,2024-02-07
10848,2024-02-08 00:00:00,True,00:00:00,2024-02-08
10849,2024-02-08 00:15:00,True,00:15:00,2024-02-08
10850,2024-02-08 00:30:00,True,00:30:00,2024-02-08
10851,2024-02-08 00:45:00,True,00:45:00,2024-02-08
10852,2024-02-08 01:00:00,True,01:00:00,2024-02-08
10853,2024-02-08 01:15:00,True,01:15:00,2024-02-08
10854,2024-02-08 01:30:00,True,01:30:00,2024-02-08
10855,2024-02-08 01:45:00,True,01:45:00,2024-02-08
10856,2024-02-08 02:00:00,True,02:00:00,2024-02-08
10857,2024-02-08 02:15:00,True,02:15:00,2024-02-08
10858,2024-02-08 02:30:00,True,02:30:00,2024-02-08
10859,2024-02-08 02:45:00,True,02:45:00,2024-02-08
10860,2024-02-08 03:00:00,True,03:00:00,2024-02-08
10861,2024-02-08 03:15:00,True,03:15:00,2024-02-08
10862,2024-02-08 03:30:00,True,03:30:00,2024-02-08
10863,2024-02-08 03:45:00,True,03:45:00,2024-02-08
10864,2024-02-08 04:00:00,True,04:00:00,2024-02-08
10865,2024-02-08 04:15:00,True,04:15:00,2024-02-08
10866,2024-02-08 04:30:00,True,04:30:00,2024-02-08
10867,2024-02-08 04:45:00,True,04:45:00,2024-02-08
10868,2024-02-08 05:00:00,True,05:00:00,2024-02-08
10869,2024-02-08 05:15:00,True,05:15:00,2024-02-08
10870,2024-02-08 05:30:00,True,05:30:00,2024-02-08
10871,2024-02-08 05:45:00,True,05:45:00,2024-02-08
10872,2024-02-08 06:00:00,True,06:00:00,2024-02-08
10873,2024-02-08 06:15:00,True,06:15:00,2024-02-08
10874,2024-02-08 06:30:00,True,06:30:00,2024-02-08
10875,2024-02-08 06:45:00,True,06:45:00,2024-02-08
10876,2024-02-08 07:00:00,True,07:00:00,2024-02-08
10877,2024-02-08 07:15:00,True,07:15:00,2024-02-08
10878,2024-02-08 07:30:00,True,07:30:00,2024-02-08
10879,2024-02-08 07:45:00,True,07:45:00,2024-02-08
10880,2024-02-08 08:00:00,True,08:00:00,2024-02-08
10881,2024-02-08 08:15:00,True,08:15:00,2024-02-08
10882,2024-02-08 08:30:00,True,08:30:00,2024-02-08
10883,2024-02-08 08:45:00,True,08:45:00,2024-02-08
10884,2024-02-08 09:00:00,True,09:00:00,2024-02-08
10885,2024-02-08 09:15:00,True,09:15:00,2024-02-08
10886,2024-02-08 09:30:00,True,09:30:00,2024-02-08
10887,2024-02-08 09:45:00,True,09:45:00,2024-02-08
10888,2024-02-08 10:00:00,True,10:00:00,2024-02-08
10889,2024-02-08 10:15:00,True,10:15:00,2024-02-08
10890,2024-02-08 10:30:00,True,10:30:00,2024-02-08
10891,2024-02-08 10:45:00,True,10:45:00,2024-02-08
10892,2024-02-08 11:00:00,True,11:00:00,2024-02-08
10893,2024-02-08 11:15:00,True,11:15:00,2024-02-08
10894,2024-02-08 11:30:00,True,11:30:00,2024-02-08
10895,2024-02-08 11:45:00,True,11:45:00,2024-02-08
10896,2024-02-08 12:00:00,True,12:00:00,2024-02-08
10897,2024-02-08 12:15:00,True,12:15:00,2024-02-08
10898,2024-02-08 12:30:00,True,12:30:00,2024-02-08
10899,2024-02-08 12:45:00,True,12:45:00,2024-02-08
10900,2024-02-08 13:00:00,True,13:00:00,2024-02-08
10901,2024-02-08 13:15:00,True,13:15:00,2024-02-08
10902,2024-02-08 13:30:00,True,13:30:00,2024-02-08
10903,2024-02-08 13:45:00,True,13:45:00,2024-02-08
10904,2024-02-08 14:00:00,True,14:00:00,2024-02-08
10905,2024-02-08 14:15:00,True,14:15:00,2024-02-08
10906,2024-02-08 14:30:00,True,14:30:00,2024-02-08
10907,2024-02-08 14:45:00,True,14:45:00,2024-02-08
10908,2024-02-08 15:00:00,True,15:00:00,2024-02-08
10909,2024-02-08 15:15:00,True,15:15:00,2024-02-08
10910,2024-02-08 15:30:00,True,15:30:00,2024-02-08
10911,2024-02-08 15:45:00,True,15:45:00,2024-02-08
10912,2024-02-08 16:00:00,True,16:00:00,2024-02-08
10913,2024-02-08 16:15:00,True,16:15:00,2024-02-08
10914,2024-02-08 16:30:00,True,16:30:00,2024-02-08
10915,2024-02-08 16:45:00,True,16:45:00,2024-02-08
10916,2024-02-08 17:00:00,True,17:00:00,2024-02-08
10917,2024-02-08 17:15:00,True,17:15:00,2024-02-08
10918,2024-02-08 17:30:00,True,17:30:00,2024-02-08
10919,2024-02-08 17:45:00,True,17:45:00,2024-02-08
10920,2024-02-08 18:00:00,True,18:00:00,2024-02-08
10921,2024-02-08 18:15:00,True,18:15:00,2024-02-08
10922,2024-02-08 18:30:00,True,18:30:00,2024-02-08
10923,2024-02-08 18:45:00,True,18:45:00,2024-02-08
10924,2024-02-08 19:00:00,True,19:00:00,2024-02-08
10925,2024-02-08 19:15:00,True,19:15:00,2024-02-08
10926,2024-02-08 19:30:00,True,19:30:00,2024-02-08
10927,2024-02-08 19:45:00,True,19:45:00,2024-02-08
10928,2024-02-08 20:00:00,True,20:00:00,2024-02-08
10929,2024-02-08 20:15:00,True,20:15:00,2024-02-08
10930,2024-02-08 20:30:00,True,20:30:00,2024-02-08
10931,2024-02-08 20:45:00,True,20:45:00,2024-02-08
10932,2024-02-08 21:00:00,True,21:00:00,2024-02-08
10933,2024-02-08 21:15:00,True,21:15:00,2024-02-08
10934,2024-02-08 21:30:00,True,21:30:00,2024-02-08
10935,2024-02-08 21:45:00,True,21:45:00,2024-02-08
10936,2024-02-08 22:00:00,True,22:00:00,2024-02-08
10937,2024-02-08 22:15:00,True,22:15:00,2024-02-08
10938,2024-02-08 22:30:00,True,22:30:00,2024-02-08
10939,2024-02-08 22:45:00,True,22:45:00,2024-02-08
10940,2024-02-08 23:00:00,True,23:00:00,2024-02-08
10941,2024-02-08 23:15:00,True,23:15:00,2024-02-08
10942,2024-02-08 23:30:00,True,23:30:00,2024-02-08
10943,2024-02-08 23:45:00,True,23:45:00,2024-02-08
10944,2024-02-09 00:00:00,True,00:00:00,2024-02-09
10945,2024-02-09 00:15:00,True,00:15:00,2024-02-09
10946,2024-02-09 00:30:00,True,00:30:00,2024-02-09
10947,2024-02-09 00:45:00,True,00:45:00,2024-02-09
10948,2024-02-09 01:00:00,True,01:00:00,2024-02-09
10949,2024-02-09 01:15:00,True,01:15:00,2024-02-09
10950,2024-02-09 01:30:00,True,01:30:00,2024-02-09
10951,2024-02-09 01:45:00,True,01:45:00,2024-02-09
10952,2024-02-09 02:00:00,True,02:00:00,2024-02-09
10953,2024-02-09 02:15:00,True,02:15:00,2024-02-09
10954,2024-02-09 02:30:00,True,02:30:00,2024-02-09
10955,2024-02-09 02:45:00,True,02:45:00,2024-02-09
10956,2024-02-09 03:00:00,True,03:00:00,2024-02-09
10957,2024-02-09 03:15:00,True,03:15:00,2024-02-09
10958,2024-02-09 03:30:00,True,03:30:00,2024-02-09
10959,2024-02-09 03:45:00,True,03:45:00,2024-02-09
10960,2024-02-09 04:00:00,True,04:00:00,2024-02-09
10961,2024-02-09 04:15:00,True,04:15:00,2024-02-09
10962,2024-02-09 04:30:00,True,04:30:00,2024-02-09
10963,2024-02-09 04:45:00,True,04:45:00,2024-02-09
10964,2024-02-09 05:00:00,True,05:00:00,2024-02-09
10965,2024-02-09 05:15:00,True,05:15:00,2024-02-09
10966,2024-02-09 05:30:00,True,05:30:00,2024-02-09
10967,2024-02-09 05:45:00,True,05:45:00,2024-02-09
10968,2024-02-09 06:00:00,True,06:00:00,2024-02-09
10969,2024-02-09 06:15:00,True,06:15:00,2024-02-09
10970,2024-02-09 06:30:00,True,06:30:00,2024-02-09
10971,2024-02-09 06:45:00,True,06:45:00,2024-02-09
10972,2024-02-09 07:00:00,True,07:00:00,2024-02-09
10973,2024-02-09 07:15:00,True,07:15:00,2024-02-09
10974,2024-02-09 07:30:00,True,07:30:00,2024-02-09
10975,2024-02-09 07:45:00,True,07:45:00,2024-02-09
10976,2024-02-09 08:00:00,True,08:00:00,2024-02-09
10977,2024-02-09 08:15:00,True,08:15:00,2024-02-09
10978,2024-02-09 08:30:00,True,08:30:00,2024-02-09
10979,2024-02-09 08:45:00,True,08:45:00,2024-02-09
10980,2024-02-09 09:00:00,True,09:00:00,2024-02-09
10981,2024-02-09 09:15:00,True,09:15:00,2024-02-09
10982,2024-02-09 09:30:00,True,09:30:00,2024-02-09
10983,2024-02-09 09:45:00,True,09:45:00,2024-02-09
10984,2024-02-09 10:00:00,True,10:00:00,2024-02-09
10985,2024-02-09 10:15:00,True,10:15:00,2024-02-09
10986,2024-02-09 10:30:00,True,10:30:00,2024-02-09
10987,2024-02-09 10:45:00,True,10:45:00,2024-02-09
10988,2024-02-09 11:00:00,True,11:00:00,2024-02-09
10989,2024-02-09 11:15:00,True,11:15:00,2024-02-09
10990,2024-02-09 11:30:00,True,11:30:00,2024-02-09
10991,2024-02-09 11:45:00,True,11:45:00,2024-02-09
10992,2024-02-09 12:00:00,True,12:00:00,2024-02-09
10993,2024-02-09 12:15:00,True,12:15:00,2024-02-09
10994,2024-02-09 12:30:00,True,12:30:00,2024-02-09
10995,2024-02-09 12:45:00,True,12:45:00,2024-02-09
10996,2024-02-09 13:00:00,True,13:00:00,2024-02-09
10997,2024-02-09 13:15:00,True,13:15:00,2024-02-09
10998,2024-02-09 13:30:00,True,13:30:00,2024-02-09
10999,2024-02-09 13:45:00,True,13:45:00,2024-02-09
11000,2024-02-09 14:00:00,True,14:00:00,2024-02-09
11001,2024-02-09 14:15:00,True,14:15:00,2024-02-09
11002,2024-02-09 14:30:00,True,14:30:00,2024-02-09
11003,2024-02-09 14:45:00,True,14:45:00,2024-02-09
11004,2024-02-09 15:00:00,True,15:00:00,2024-02-09
11005,2024-02-09 15:15:00,True,15:15:00,2024-02-09
11006,2024-02-09 15:30:00,True,15:30:00,2024-02-09
11007,2024-02-09 15:45:00,True,15:45:00,2024-02-09
11008,2024-02-09 16:00:00,True,16:00:00,2024-02-09
11009,2024-02-09 16:15:00,True,16:15:00,2024-02-09
11010,2024-02-09 16:30:00,True,16:30:00,2024-02-09
11011,2024-02-09 16:45:00,True,16:45:00,2024-02-09
11012,2024-02-09 17:00:00,True,17:00:00,2024-02-09
11013,2024-02-09 17:15:00,True,17:15:00,2024-02-09
11014,2024-02-09 17:30:00,True,17:30:00,2024-02-09
11015,2024-02-09 17:45:00,True,17:45:00,2024-02-09
11016,2024-02-09 18:00:00,True,18:00:00,2024-02-09
11017,2024-02-09 18:15:00,True,18:15:00,2024-02-09
11018,2024-02-09 18:30:00,True,18:30:00,2024-02-09
11019,2024-02-09 18:45:00,True,18:45:00,2024-02-09
11020,2024-02-09 19:00:00,True,19:00:00,2024-02-09
11021,2024-02-09 19:15:00,True,19:15:00,2024-02-09
11022,2024-02-09 19:30:00,True,19:30:00,2024-02-09
11023,2024-02-09 19:45:00,True,19:45:00,2024-02-09
11024,2024-02-09 20:00:00,True,20:00:00,2024-02-09
11025,2024-02-09 20:15:00,True,20:15:00,2024-02-09
11026,2024-02-09 20:30:00,True,20:30:00,2024-02-09
11027,2024-02-09 20:45:00,True,20:45:00,2024-02-09
11028,2024-02-09 21:00:00,True,21:00:00,2024-02-09
11029,2024-02-09 21:15:00,True,21:15:00,2024-02-09
11030,2024-02-09 21:30:00,True,21:30:00,2024-02-09
11031,2024-02-09 21:45:00,True,21:45:00,2024-02-09
11032,2024-02-09 22:00:00,True,22:00:00,2024-02-09
11033,2024-02-09 22:15:00,True,22:15:00,2024-02-09
11034,2024-02-09 22:30:00,True,22:30:00,2024-02-09
11035,2024-02-09 22:45:00,True,22:45:00,2024-02-09
11036,2024-02-09 23:00:00,True,23:00:00,2024-02-09
11037,2024-02-09 23:15:00,True,23:15:00,2024-02-09
11038,2024-02-09 23:30:00,True,23:30:00,2024-02-09
11039,2024-02-09 23:45:00,True,23:45:00,2024-02-09
11040,2024-02-10 00:00:00,True,00:00:00,2024-02-10
11041,2024-02-10 00:15:00,True,00:15:00,2024-02-10
11042,2024-02-10 00:30:00,True,00:30:00,2024-02-10
11043,2024-02-10 00:45:00,True,00:45:00,2024-02-10
11044,2024-02-10 01:00:00,True,01:00:00,2024-02-10
11045,2024-02-10 01:15:00,True,01:15:00,2024-02-10
11046,2024-02-10 01:30:00,True,01:30:00,2024-02-10
11047,2024-02-10 01:45:00,True,01:45:00,2024-02-10
11048,2024-02-10 02:00:00,True,02:00:00,2024-02-10
11049,2024-02-10 02:15:00,True,02:15:00,2024-02-10
11050,2024-02-10 02:30:00,True,02:30:00,2024-02-10
11051,2024-02-10 02:45:00,True,02:45:00,2024-02-10
11052,2024-02-10 03:00:00,True,03:00:00,2024-02-10
11053,2024-02-10 03:15:00,True,03:15:00,2024-02-10
11054,2024-02-10 03:30:00,True,03:30:00,2024-02-10
11055,2024-02-10 03:45:00,True,03:45:00,2024-02-10
11056,2024-02-10 04:00:00,True,04:00:00,2024-02-10
11057,2024-02-10 04:15:00,True,04:15:00,2024-02-10
11058,2024-02-10 04:30:00,True,04:30:00,2024-02-10
11059,2024-02-10 04:45:00,True,04:45:00,2024-02-10
11060,2024-02-10 05:00:00,True,05:00:00,2024-02-10
11061,2024-02-10 05:15:00,True,05:15:00,2024-02-10
11062,2024-02-10 05:30:00,True,05:30:00,2024-02-10
11063,2024-02-10 05:45:00,True,05:45:00,2024-02-10
11064,2024-02-10 06:00:00,True,06:00:00,2024-02-10
11065,2024-02-10 06:15:00,True,06:15:00,2024-02-10
11066,2024-02-10 06:30:00,True,06:30:00,2024-02-10
11067,2024-02-10 06:45:00,True,06:45:00,2024-02-10
11068,2024-02-10 07:00:00,True,07:00:00,2024-02-10
11069,2024-02-10 07:15:00,True,07:15:00,2024-02-10
11070,2024-02-10 07:30:00,True,07:30:00,2024-02-10
11071,2024-02-10 07:45:00,True,07:45:00,2024-02-10
11072,2024-02-10 08:00:00,True,08:00:00,2024-02-10
11073,2024-02-10 08:15:00,True,08:15:00,2024-02-10
11074,2024-02-10 08:30:00,True,08:30:00,2024-02-10
11075,2024-02-10 08:45:00,True,08:45:00,2024-02-10
11076,2024-02-10 09:00:00,True,09:00:00,2024-02-10
11077,2024-02-10 09:15:00,True,09:15:00,2024-02-10
11078,2024-02-10 09:30:00,True,09:30:00,2024-02-10
11079,2024-02-10 09:45:00,True,09:45:00,2024-02-10
11080,2024-02-10 10:00:00,True,10:00:00,2024-02-10
11081,2024-02-10 10:15:00,True,10:15:00,2024-02-10
11082,2024-02-10 10:30:00,True,10:30:00,2024-02-10
11083,2024-02-10 10:45:00,True,10:45:00,2024-02-10
11084,2024-02-10 11:00:00,True,11:00:00,2024-02-10
11085,2024-02-10 11:15:00,True,11:15:00,2024-02-10
11086,2024-02-10 11:30:00,True,11:30:00,2024-02-10
11087,2024-02-10 11:45:00,True,11:45:00,2024-02-10
11088,2024-02-10 12:00:00,True,12:00:00,2024-02-10
11089,2024-02-10 12:15:00,True,12:15:00,2024-02-10
11090,2024-02-10 12:30:00,True,12:30:00,2024-02-10
11091,2024-02-10 12:45:00,True,12:45:00,2024-02-10
11092,2024-02-10 13:00:00,True,13:00:00,2024-02-10
11093,2024-02-10 13:15:00,True,13:15:00,2024-02-10
11094,2024-02-10 13:30:00,True,13:30:00,2024-02-10
11095,2024-02-10 13:45:00,True,13:45:00,2024-02-10
11096,2024-02-10 14:00:00,True,14:00:00,2024-02-10
11097,2024-02-10 14:15:00,True,14:15:00,2024-02-10
11098,2024-02-10 14:30:00,True,14:30:00,2024-02-10
11099,2024-02-10 14:45:00,True,14:45:00,2024-02-10
11100,2024-02-10 15:00:00,True,15:00:00,2024-02-10
11101,2024-02-10 15:15:00,True,15:15:00,2024-02-10
11102,2024-02-10 15:30:00,True,15:30:00,2024-02-10
11103,2024-02-10 15:45:00,True,15:45:00,2024-02-10
11104,2024-02-10 16:00:00,True,16:00:00,2024-02-10
11105,2024-02-10 16:15:00,True,16:15:00,2024-02-10
11106,2024-02-10 16:30:00,True,16:30:00,2024-02-10
11107,2024-02-10 16:45:00,True,16:45:00,2024-02-10
11108,2024-02-10 17:00:00,True,17:00:00,2024-02-10
11109,2024-02-10 17:15:00,True,17:15:00,2024-02-10
11110,2024-02-10 17:30:00,True,17:30:00,2024-02-10
11111,2024-02-10 17:45:00,True,17:45:00,2024-02-10
11112,2024-02-10 18:00:00,True,18:00:00,2024-02-10
11113,2024-02-10 18:15:00,True,18:15:00,2024-02-10
11114,2024-02-10 18:30:00,True,18:30:00,2024-02-10
11115,2024-02-10 18:45:00,True,18:45:00,2024-02-10
11116,2024-02-10 19:00:00,True,19:00:00,2024-02-10
11117,2024-02-10 19:15:00,True,19:15:00,2024-02-10
11118,2024-02-10 19:30:00,True,19:30:00,2024-02-10
11119,2024-02-10 19:45:00,True,19:45:00,2024-02-10
11120,2024-02-10 20:00:00,True,20:00:00,2024-02-10
11121,2024-02-10 20:15:00,True,20:15:00,2024-02-10
11122,2024-02-10 20:30:00,True,20:30:00,2024-02-10
11123,2024-02-10 20:45:00,True,20:45:00,2024-02-10
11124,2024-02-10 21:00:00,True,21:00:00,2024-02-10
11125,2024-02-10 21:15:00,True,21:15:00,2024-02-10
11126,2024-02-10 21:30:00,True,21:30:00,2024-02-10
11127,2024-02-10 21:45:00,True,21:45:00,2024-02-10
11128,2024-02-10 22:00:00,True,22:00:00,2024-02-10
11129,2024-02-10 22:15:00,True,22:15:00,2024-02-10
11130,2024-02-10 22:30:00,True,22:30:00,2024-02-10
11131,2024-02-10 22:45:00,True,22:45:00,2024-02-10
11132,2024-02-10 23:00:00,True,23:00:00,2024-02-10
11133,2024-02-10 23:15:00,True,23:15:00,2024-02-10
11134,2024-02-10 23:30:00,True,23:30:00,2024-02-10
11135,2024-02-10 23:45:00,True,23:45:00,2024-02-10
11136,2024-02-11 00:00:00,True,00:00:00,2024-02-11
11137,2024-02-11 00:15:00,True,00:15:00,2024-02-11
11138,2024-02-11 00:30:00,True,00:30:00,2024-02-11
11139,2024-02-11 00:45:00,True,00:45:00,2024-02-11
11140,2024-02-11 01:00:00,True,01:00:00,2024-02-11
11141,2024-02-11 01:15:00,True,01:15:00,2024-02-11
11142,2024-02-11 01:30:00,True,01:30:00,2024-02-11
11143,2024-02-11 01:45:00,True,01:45:00,2024-02-11
11144,2024-02-11 02:00:00,True,02:00:00,2024-02-11
11145,2024-02-11 02:15:00,True,02:15:00,2024-02-11
11146,2024-02-11 02:30:00,True,02:30:00,2024-02-11
11147,2024-02-11 02:45:00,True,02:45:00,2024-02-11
11148,2024-02-11 03:00:00,True,03:00:00,2024-02-11
11149,2024-02-11 03:15:00,True,03:15:00,2024-02-11
11150,2024-02-11 03:30:00,True,03:30:00,2024-02-11
11151,2024-02-11 03:45:00,True,03:45:00,2024-02-11
11152,2024-02-11 04:00:00,True,04:00:00,2024-02-11
11153,2024-02-11 04:15:00,True,04:15:00,2024-02-11
11154,2024-02-11 04:30:00,True,04:30:00,2024-02-11
11155,2024-02-11 04:45:00,True,04:45:00,2024-02-11
11156,2024-02-11 05:00:00,True,05:00:00,2024-02-11
11157,2024-02-11 05:15:00,True,05:15:00,2024-02-11
11158,2024-02-11 05:30:00,True,05:30:00,2024-02-11
11159,2024-02-11 05:45:00,True,05:45:00,2024-02-11
11160,2024-02-11 06:00:00,True,06:00:00,2024-02-11
11161,2024-02-11 06:15:00,True,06:15:00,2024-02-11
11162,2024-02-11 06:30:00,True,06:30:00,2024-02-11
11163,2024-02-11 06:45:00,True,06:45:00,2024-02-11
11164,2024-02-11 07:00:00,True,07:00:00,2024-02-11
11165,2024-02-11 07:15:00,True,07:15:00,2024-02-11
11166,2024-02-11 07:30:00,True,07:30:00,2024-02-11
11167,2024-02-11 07:45:00,True,07:45:00,2024-02-11
11168,2024-02-11 08:00:00,True,08:00:00,2024-02-11
11169,2024-02-11 08:15:00,True,08:15:00,2024-02-11
11170,2024-02-11 08:30:00,True,08:30:00,2024-02-11
11171,2024-02-11 08:45:00,True,08:45:00,2024-02-11
11172,2024-02-11 09:00:00,True,09:00:00,2024-02-11
11173,2024-02-11 09:15:00,True,09:15:00,2024-02-11
11174,2024-02-11 09:30:00,True,09:30:00,2024-02-11
11175,2024-02-11 09:45:00,True,09:45:00,2024-02-11
11176,2024-02-11 10:00:00,True,10:00:00,2024-02-11
11177,2024-02-11 10:15:00,True,10:15:00,2024-02-11
11178,2024-02-11 10:30:00,True,10:30:00,2024-02-11
11179,2024-02-11 10:45:00,True,10:45:00,2024-02-11
11180,2024-02-11 11:00:00,True,11:00:00,2024-02-11
11181,2024-02-11 11:15:00,True,11:15:00,2024-02-11
11182,2024-02-11 11:30:00,True,11:30:00,2024-02-11
11183,2024-02-11 11:45:00,True,11:45:00,2024-02-11
11184,2024-02-11 12:00:00,True,12:00:00,2024-02-11
11185,2024-02-11 12:15:00,True,12:15:00,2024-02-11
11186,2024-02-11 12:30:00,True,12:30:00,2024-02-11
11187,2024-02-11 12:45:00,True,12:45:00,2024-02-11
11188,2024-02-11 13:00:00,True,13:00:00,2024-02-11
11189,2024-02-11 13:15:00,True,13:15:00,2024-02-11
11190,2024-02-11 13:30:00,True,13:30:00,2024-02-11
11191,2024-02-11 13:45:00,True,13:45:00,2024-02-11
11192,2024-02-11 14:00:00,True,14:00:00,2024-02-11
11193,2024-02-11 14:15:00,True,14:15:00,2024-02-11
11194,2024-02-11 14:30:00,True,14:30:00,2024-02-11
11195,2024-02-11 14:45:00,True,14:45:00,2024-02-11
11196,2024-02-11 15:00:00,True,15:00:00,2024-02-11
11197,2024-02-11 15:15:00,True,15:15:00,2024-02-11
11198,2024-02-11 15:30:00,True,15:30:00,2024-02-11
11199,2024-02-11 15:45:00,True,15:45:00,2024-02-11
11200,2024-02-11 16:00:00,True,16:00:00,2024-02-11
11201,2024-02-11 16:15:00,True,16:15:00,2024-02-11
11202,2024-02-11 16:30:00,True,16:30:00,2024-02-11
11203,2024-02-11 16:45:00,True,16:45:00,2024-02-11
11204,2024-02-11 17:00:00,True,17:00:00,2024-02-11
11205,2024-02-11 17:15:00,True,17:15:00,2024-02-11
11206,2024-02-11 17:30:00,True,17:30:00,2024-02-11
11207,2024-02-11 17:45:00,True,17:45:00,2024-02-11
11208,2024-02-11 18:00:00,True,18:00:00,2024-02-11
11209,2024-02-11 18:15:00,True,18:15:00,2024-02-11
11210,2024-02-11 18:30:00,True,18:30:00,2024-02-11
11211,2024-02-11 18:45:00,True,18:45:00,2024-02-11
11212,2024-02-11 19:00:00,True,19:00:00,2024-02-11
11213,2024-02-11 19:15:00,True,19:15:00,2024-02-11
11214,2024-02-11 19:30:00,True,19:30:00,2024-02-11
11215,2024-02-11 19:45:00,True,19:45:00,2024-02-11
11216,2024-02-11 20:00:00,True,20:00:00,2024-02-11
11217,2024-02-11 20:15:00,True,20:15:00,2024-02-11
11218,2024-02-11 20:30:00,True,20:30:00,2024-02-11
11219,2024-02-11 20:45:00,True,20:45:00,2024-02-11
11220,2024-02-11 21:00:00,True,21:00:00,2024-02-11
11221,2024-02-11 21:15:00,True,21:15:00,2024-02-11
11222,2024-02-11 21:30:00,True,21:30:00,2024-02-11
11223,2024-02-11 21:45:00,True,21:45:00,2024-02-11
11224,2024-02-11 22:00:00,True,22:00:00,2024-02-11
11225,2024-02-11 22:15:00,True,22:15:00,2024-02-11
11226,2024-02-11 22:30:00,True,22:30:00,2024-02-11
11227,2024-02-11 22:45:00,True,22:45:00,2024-02-11
11228,2024-02-11 23:00:00,True,23:00:00,2024-02-11
11229,2024-02-11 23:15:00,True,23:15:00,2024-02-11
11230,2024-02-11 23:30:00,True,23:30:00,2024-02-11
11231,2024-02-11 23:45:00,True,23:45:00,2024-02-11
11232,2024-02-12 00:00:00,True,00:00:00,2024-02-12
11233,2024-02-12 00:15:00,True,00:15:00,2024-02-12
11234,2024-02-12 00:30:00,True,00:30:00,2024-02-12
11235,2024-02-12 00:45:00,True,00:45:00,2024-02-12
11236,2024-02-12 01:00:00,True,01:00:00,2024-02-12
11237,2024-02-12 01:15:00,True,01:15:00,2024-02-12
11238,2024-02-12 01:30:00,True,01:30:00,2024-02-12
11239,2024-02-12 01:45:00,True,01:45:00,2024-02-12
11240,2024-02-12 02:00:00,True,02:00:00,2024-02-12
11241,2024-02-12 02:15:00,True,02:15:00,2024-02-12
11242,2024-02-12 02:30:00,True,02:30:00,2024-02-12
11243,2024-02-12 02:45:00,True,02:45:00,2024-02-12
11244,2024-02-12 03:00:00,True,03:00:00,2024-02-12
11245,2024-02-12 03:15:00,True,03:15:00,2024-02-12
11246,2024-02-12 03:30:00,True,03:30:00,2024-02-12
11247,2024-02-12 03:45:00,True,03:45:00,2024-02-12
11248,2024-02-12 04:00:00,True,04:00:00,2024-02-12
11249,2024-02-12 04:15:00,True,04:15:00,2024-02-12
11250,2024-02-12 04:30:00,True,04:30:00,2024-02-12
11251,2024-02-12 04:45:00,True,04:45:00,2024-02-12
11252,2024-02-12 05:00:00,True,05:00:00,2024-02-12
11253,2024-02-12 05:15:00,True,05:15:00,2024-02-12
11254,2024-02-12 05:30:00,True,05:30:00,2024-02-12
11255,2024-02-12 05:45:00,True,05:45:00,2024-02-12
11256,2024-02-12 06:00:00,True,06:00:00,2024-02-12
11257,2024-02-12 06:15:00,True,06:15:00,2024-02-12
11258,2024-02-12 06:30:00,True,06:30:00,2024-02-12
11259,2024-02-12 06:45:00,True,06:45:00,2024-02-12
11260,2024-02-12 07:00:00,True,07:00:00,2024-02-12
11261,2024-02-12 07:15:00,True,07:15:00,2024-02-12
11262,2024-02-12 07:30:00,True,07:30:00,2024-02-12
11263,2024-02-12 07:45:00,True,07:45:00,2024-02-12
11264,2024-02-12 08:00:00,True,08:00:00,2024-02-12
11265,2024-02-12 08:15:00,True,08:15:00,2024-02-12
11266,2024-02-12 08:30:00,True,08:30:00,2024-02-12
11267,2024-02-12 08:45:00,True,08:45:00,2024-02-12
11268,2024-02-12 09:00:00,True,09:00:00,2024-02-12
11269,2024-02-12 09:15:00,True,09:15:00,2024-02-12
11270,2024-02-12 09:30:00,True,09:30:00,2024-02-12
11271,2024-02-12 09:45:00,True,09:45:00,2024-02-12
11272,2024-02-12 10:00:00,True,10:00:00,2024-02-12
11273,2024-02-12 10:15:00,True,10:15:00,2024-02-12
11274,2024-02-12 10:30:00,True,10:30:00,2024-02-12
11275,2024-02-12 10:45:00,True,10:45:00,2024-02-12
11276,2024-02-12 11:00:00,True,11:00:00,2024-02-12
11277,2024-02-12 11:15:00,True,11:15:00,2024-02-12
11278,2024-02-12 11:30:00,True,11:30:00,2024-02-12
11279,2024-02-12 11:45:00,True,11:45:00,2024-02-12
11280,2024-02-12 12:00:00,True,12:00:00,2024-02-12
11281,2024-02-12 12:15:00,True,12:15:00,2024-02-12
11282,2024-02-12 12:30:00,True,12:30:00,2024-02-12
11283,2024-02-12 12:45:00,True,12:45:00,2024-02-12
11284,2024-02-12 13:00:00,True,13:00:00,2024-02-12
11285,2024-02-12 13:15:00,True,13:15:00,2024-02-12
11286,2024-02-12 13:30:00,True,13:30:00,2024-02-12
11287,2024-02-12 13:45:00,True,13:45:00,2024-02-12
11288,2024-02-12 14:00:00,True,14:00:00,2024-02-12
11289,2024-02-12 14:15:00,True,14:15:00,2024-02-12
11290,2024-02-12 14:30:00,True,14:30:00,2024-02-12
11291,2024-02-12 14:45:00,True,14:45:00,2024-02-12
11292,2024-02-12 15:00:00,True,15:00:00,2024-02-12
11293,2024-02-12 15:15:00,True,15:15:00,2024-02-12
11294,2024-02-12 15:30:00,True,15:30:00,2024-02-12
11295,2024-02-12 15:45:00,True,15:45:00,2024-02-12
11296,2024-02-12 16:00:00,True,16:00:00,2024-02-12
11297,2024-02-12 16:15:00,True,16:15:00,2024-02-12
11298,2024-02-12 16:30:00,True,16:30:00,2024-02-12
11299,2024-02-12 16:45:00,True,16:45:00,2024-02-12
11300,2024-02-12 17:00:00,True,17:00:00,2024-02-12
11301,2024-02-12 17:15:00,True,17:15:00,2024-02-12
11302,2024-02-12 17:30:00,True,17:30:00,2024-02-12
11303,2024-02-12 17:45:00,True,17:45:00,2024-02-12
11304,2024-02-12 18:00:00,True,18:00:00,2024-02-12
11305,2024-02-12 18:15:00,True,18:15:00,2024-02-12
11306,2024-02-12 18:30:00,True,18:30:00,2024-02-12
11307,2024-02-12 18:45:00,True,18:45:00,2024-02-12
11308,2024-02-12 19:00:00,True,19:00:00,2024-02-12
11309,2024-02-12 19:15:00,True,19:15:00,2024-02-12
11310,2024-02-12 19:30:00,True,19:30:00,2024-02-12
11311,2024-02-12 19:45:00,True,19:45:00,2024-02-12
11312,2024-02-12 20:00:00,True,20:00:00,2024-02-12
11313,2024-02-12 20:15:00,True,20:15:00,2024-02-12
11314,2024-02-12 20:30:00,True,20:30:00,2024-02-12
11315,2024-02-12 20:45:00,True,20:45:00,2024-02-12
11316,2024-02-12 21:00:00,True,21:00:00,2024-02-12
11317,2024-02-12 21:15:00,True,21:15:00,2024-02-12
11318,2024-02-12 21:30:00,True,21:30:00,2024-02-12
11319,2024-02-12 21:45:00,True,21:45:00,2024-02-12
11320,2024-02-12 22:00:00,True,22:00:00,2024-02-12
11321,2024-02-12 22:15:00,True,22:15:00,2024-02-12
11322,2024-02-12 22:30:00,True,22:30:00,2024-02-12
11323,2024-02-12 22:45:00,True,22:45:00,2024-02-12
11324,2024-02-12 23:00:00,True,23:00:00,2024-02-12
11325,2024-02-12 23:15:00,True,23:15:00,2024-02-12
11326,2024-02-12 23:30:00,True,23:30:00,2024-02-12
11327,2024-02-12 23:45:00,True,23:45:00,2024-02-12
11328,2024-02-13 00:00:00,True,00:00:00,2024-02-13
11329,2024-02-13 00:15:00,True,00:15:00,2024-02-13
11330,2024-02-13 00:30:00,True,00:30:00,2024-02-13
11331,2024-02-13 00:45:00,True,00:45:00,2024-02-13
11332,2024-02-13 01:00:00,True,01:00:00,2024-02-13
11333,2024-02-13 01:15:00,True,01:15:00,2024-02-13
11334,2024-02-13 01:30:00,True,01:30:00,2024-02-13
11335,2024-02-13 01:45:00,True,01:45:00,2024-02-13
11336,2024-02-13 02:00:00,True,02:00:00,2024-02-13
11337,2024-02-13 02:15:00,True,02:15:00,2024-02-13
11338,2024-02-13 02:30:00,True,02:30:00,2024-02-13
11339,2024-02-13 02:45:00,True,02:45:00,2024-02-13
11340,2024-02-13 03:00:00,True,03:00:00,2024-02-13
11341,2024-02-13 03:15:00,True,03:15:00,2024-02-13
11342,2024-02-13 03:30:00,True,03:30:00,2024-02-13
11343,2024-02-13 03:45:00,True,03:45:00,2024-02-13
11344,2024-02-13 04:00:00,True,04:00:00,2024-02-13
11345,2024-02-13 04:15:00,True,04:15:00,2024-02-13
11346,2024-02-13 04:30:00,True,04:30:00,2024-02-13
11347,2024-02-13 04:45:00,True,04:45:00,2024-02-13
11348,2024-02-13 05:00:00,True,05:00:00,2024-02-13
11349,2024-02-13 05:15:00,True,05:15:00,2024-02-13
11350,2024-02-13 05:30:00,True,05:30:00,2024-02-13
11351,2024-02-13 05:45:00,True,05:45:00,2024-02-13
11352,2024-02-13 06:00:00,True,06:00:00,2024-02-13
11353,2024-02-13 06:15:00,True,06:15:00,2024-02-13
11354,2024-02-13 06:30:00,True,06:30:00,2024-02-13
11355,2024-02-13 06:45:00,True,06:45:00,2024-02-13
11356,2024-02-13 07:00:00,True,07:00:00,2024-02-13
11357,2024-02-13 07:15:00,True,07:15:00,2024-02-13
11358,2024-02-13 07:30:00,True,07:30:00,2024-02-13
11359,2024-02-13 07:45:00,True,07:45:00,2024-02-13
11360,2024-02-13 08:00:00,True,08:00:00,2024-02-13
11361,2024-02-13 08:15:00,True,08:15:00,2024-02-13
11362,2024-02-13 08:30:00,True,08:30:00,2024-02-13
11363,2024-02-13 08:45:00,True,08:45:00,2024-02-13
11364,2024-02-13 09:00:00,True,09:00:00,2024-02-13
11365,2024-02-13 09:15:00,True,09:15:00,2024-02-13
11366,2024-02-13 09:30:00,True,09:30:00,2024-02-13
11367,2024-02-13 09:45:00,True,09:45:00,2024-02-13
11368,2024-02-13 10:00:00,True,10:00:00,2024-02-13
11369,2024-02-13 10:15:00,True,10:15:00,2024-02-13
11370,2024-02-13 10:30:00,True,10:30:00,2024-02-13
11371,2024-02-13 10:45:00,True,10:45:00,2024-02-13
11372,2024-02-13 11:00:00,True,11:00:00,2024-02-13
11373,2024-02-13 11:15:00,True,11:15:00,2024-02-13
11374,2024-02-13 11:30:00,True,11:30:00,2024-02-13
11375,2024-02-13 11:45:00,True,11:45:00,2024-02-13
11376,2024-02-13 12:00:00,True,12:00:00,2024-02-13
11377,2024-02-13 12:15:00,True,12:15:00,2024-02-13
11378,2024-02-13 12:30:00,True,12:30:00,2024-02-13
11379,2024-02-13 12:45:00,True,12:45:00,2024-02-13
11380,2024-02-13 13:00:00,True,13:00:00,2024-02-13
11381,2024-02-13 13:15:00,True,13:15:00,2024-02-13
11382,2024-02-13 13:30:00,True,13:30:00,2024-02-13
11383,2024-02-13 13:45:00,True,13:45:00,2024-02-13
11384,2024-02-13 14:00:00,True,14:00:00,2024-02-13
11385,2024-02-13 14:15:00,True,14:15:00,2024-02-13
11386,2024-02-13 14:30:00,True,14:30:00,2024-02-13
11387,2024-02-13 14:45:00,True,14:45:00,2024-02-13
11388,2024-02-13 15:00:00,True,15:00:00,2024-02-13
11389,2024-02-13 15:15:00,True,15:15:00,2024-02-13
11390,2024-02-13 15:30:00,True,15:30:00,2024-02-13
11391,2024-02-13 15:45:00,True,15:45:00,2024-02-13
11392,2024-02-13 16:00:00,True,16:00:00,2024-02-13
11393,2024-02-13 16:15:00,True,16:15:00,2024-02-13
11394,2024-02-13 16:30:00,True,16:30:00,2024-02-13
11395,2024-02-13 16:45:00,True,16:45:00,2024-02-13
11396,2024-02-13 17:00:00,True,17:00:00,2024-02-13
11397,2024-02-13 17:15:00,True,17:15:00,2024-02-13
11398,2024-02-13 17:30:00,True,17:30:00,2024-02-13
11399,2024-02-13 17:45:00,True,17:45:00,2024-02-13
11400,2024-02-13 18:00:00,True,18:00:00,2024-02-13
11401,2024-02-13 18:15:00,True,18:15:00,2024-02-13
11402,2024-02-13 18:30:00,True,18:30:00,2024-02-13
11403,2024-02-13 18:45:00,True,18:45:00,2024-02-13
11404,2024-02-13 19:00:00,True,19:00:00,2024-02-13
11405,2024-02-13 19:15:00,True,19:15:00,2024-02-13
11406,2024-02-13 19:30:00,True,19:30:00,2024-02-13
11407,2024-02-13 19:45:00,True,19:45:00,2024-02-13
11408,2024-02-13 20:00:00,True,20:00:00,2024-02-13
11409,2024-02-13 20:15:00,True,20:15:00,2024-02-13
11410,2024-02-13 20:30:00,True,20:30:00,2024-02-13
11411,2024-02-13 20:45:00,True,20:45:00,2024-02-13
11412,2024-02-13 21:00:00,True,21:00:00,2024-02-13
11413,2024-02-13 21:15:00,True,21:15:00,2024-02-13
11414,2024-02-13 21:30:00,True,21:30:00,2024-02-13
11415,2024-02-13 21:45:00,True,21:45:00,2024-02-13
11416,2024-02-13 22:00:00,True,22:00:00,2024-02-13
11417,2024-02-13 22:15:00,True,22:15:00,2024-02-13
11418,2024-02-13 22:30:00,True,22:30:00,2024-02-13
11419,2024-02-13 22:45:00,True,22:45:00,2024-02-13
11420,2024-02-13 23:00:00,True,23:00:00,2024-02-13
11421,2024-02-13 23:15:00,True,23:15:00,2024-02-13
11422,2024-02-13 23:30:00,True,23:30:00,2024-02-13
11423,2024-02-13 23:45:00,True,23:45:00,2024-02-13
11424,2024-02-14 00:00:00,True,00:00:00,2024-02-14
11425,2024-02-14 00:15:00,True,00:15:00,2024-02-14
11426,2024-02-14 00:30:00,True,00:30:00,2024-02-14
11427,2024-02-14 00:45:00,True,00:45:00,2024-02-14
11428,2024-02-14 01:00:00,True,01:00:00,2024-02-14
11429,2024-02-14 01:15:00,True,01:15:00,2024-02-14
11430,2024-02-14 01:30:00,True,01:30:00,2024-02-14
11431,2024-02-14 01:45:00,True,01:45:00,2024-02-14
11432,2024-02-14 02:00:00,True,02:00:00,2024-02-14
11433,2024-02-14 02:15:00,True,02:15:00,2024-02-14
11434,2024-02-14 02:30:00,True,02:30:00,2024-02-14
11435,2024-02-14 02:45:00,True,02:45:00,2024-02-14
11436,2024-02-14 03:00:00,True,03:00:00,2024-02-14
11437,2024-02-14 03:15:00,True,03:15:00,2024-02-14
11438,2024-02-14 03:30:00,True,03:30:00,2024-02-14
11439,2024-02-14 03:45:00,True,03:45:00,2024-02-14
11440,2024-02-14 04:00:00,True,04:00:00,2024-02-14
11441,2024-02-14 04:15:00,True,04:15:00,2024-02-14
11442,2024-02-14 04:30:00,True,04:30:00,2024-02-14
11443,2024-02-14 04:45:00,True,04:45:00,2024-02-14
11444,2024-02-14 05:00:00,True,05:00:00,2024-02-14
11445,2024-02-14 05:15:00,True,05:15:00,2024-02-14
11446,2024-02-14 05:30:00,True,05:30:00,2024-02-14
11447,2024-02-14 05:45:00,True,05:45:00,2024-02-14
11448,2024-02-14 06:00:00,True,06:00:00,2024-02-14
11449,2024-02-14 06:15:00,True,06:15:00,2024-02-14
11450,2024-02-14 06:30:00,True,06:30:00,2024-02-14
11451,2024-02-14 06:45:00,True,06:45:00,2024-02-14
11452,2024-02-14 07:00:00,True,07:00:00,2024-02-14
11453,2024-02-14 07:15:00,True,07:15:00,2024-02-14
11454,2024-02-14 07:30:00,True,07:30:00,2024-02-14
11455,2024-02-14 07:45:00,True,07:45:00,2024-02-14
11456,2024-02-14 08:00:00,True,08:00:00,2024-02-14
11457,2024-02-14 08:15:00,True,08:15:00,2024-02-14
11458,2024-02-14 08:30:00,True,08:30:00,2024-02-14
11459,2024-02-14 08:45:00,True,08:45:00,2024-02-14
11460,2024-02-14 09:00:00,True,09:00:00,2024-02-14
11461,2024-02-14 09:15:00,True,09:15:00,2024-02-14
11462,2024-02-14 09:30:00,True,09:30:00,2024-02-14
11463,2024-02-14 09:45:00,True,09:45:00,2024-02-14
11464,2024-02-14 10:00:00,True,10:00:00,2024-02-14
11465,2024-02-14 10:15:00,True,10:15:00,2024-02-14
11466,2024-02-14 10:30:00,True,10:30:00,2024-02-14
11467,2024-02-14 10:45:00,True,10:45:00,2024-02-14
11468,2024-02-14 11:00:00,True,11:00:00,2024-02-14
11469,2024-02-14 11:15:00,True,11:15:00,2024-02-14
11470,2024-02-14 11:30:00,True,11:30:00,2024-02-14
11471,2024-02-14 11:45:00,True,11:45:00,2024-02-14
11472,2024-02-14 12:00:00,True,12:00:00,2024-02-14
11473,2024-02-14 12:15:00,True,12:15:00,2024-02-14
11474,2024-02-14 12:30:00,True,12:30:00,2024-02-14
11475,2024-02-14 12:45:00,True,12:45:00,2024-02-14
11476,2024-02-14 13:00:00,True,13:00:00,2024-02-14
11477,2024-02-14 13:15:00,True,13:15:00,2024-02-14
11478,2024-02-14 13:30:00,True,13:30:00,2024-02-14
11479,2024-02-14 13:45:00,True,13:45:00,2024-02-14
11480,2024-02-14 14:00:00,True,14:00:00,2024-02-14
11481,2024-02-14 14:15:00,True,14:15:00,2024-02-14
11482,2024-02-14 14:30:00,True,14:30:00,2024-02-14
11483,2024-02-14 14:45:00,True,14:45:00,2024-02-14
11484,2024-02-14 15:00:00,True,15:00:00,2024-02-14
11485,2024-02-14 15:15:00,True,15:15:00,2024-02-14
11486,2024-02-14 15:30:00,True,15:30:00,2024-02-14
11487,2024-02-14 15:45:00,True,15:45:00,2024-02-14
11488,2024-02-14 16:00:00,True,16:00:00,2024-02-14
11489,2024-02-14 16:15:00,True,16:15:00,2024-02-14
11490,2024-02-14 16:30:00,True,16:30:00,2024-02-14
11491,2024-02-14 16:45:00,True,16:45:00,2024-02-14
11492,2024-02-14 17:00:00,True,17:00:00,2024-02-14
11493,2024-02-14 17:15:00,True,17:15:00,2024-02-14
11494,2024-02-14 17:30:00,True,17:30:00,2024-02-14
11495,2024-02-14 17:45:00,True,17:45:00,2024-02-14
11496,2024-02-14 18:00:00,True,18:00:00,2024-02-14
11497,2024-02-14 18:15:00,True,18:15:00,2024-02-14
11498,2024-02-14 18:30:00,True,18:30:00,2024-02-14
11499,2024-02-14 18:45:00,True,18:45:00,2024-02-14
11500,2024-02-14 19:00:00,True,19:00:00,2024-02-14
11501,2024-02-14 19:15:00,True,19:15:00,2024-02-14
11502,2024-02-14 19:30:00,True,19:30:00,2024-02-14
11503,2024-02-14 19:45:00,True,19:45:00,2024-02-14
11504,2024-02-14 20:00:00,True,20:00:00,2024-02-14
11505,2024-02-14 20:15:00,True,20:15:00,2024-02-14
11506,2024-02-14 20:30:00,True,20:30:00,2024-02-14
11507,2024-02-14 20:45:00,True,20:45:00,2024-02-14
11508,2024-02-14 21:00:00,True,21:00:00,2024-02-14
11509,2024-02-14 21:15:00,True,21:15:00,2024-02-14
11510,2024-02-14 21:30:00,True,21:30:00,2024-02-14
11511,2024-02-14 21:45:00,True,21:45:00,2024-02-14
11512,2024-02-14 22:00:00,True,22:00:00,2024-02-14
11513,2024-02-14 22:15:00,True,22:15:00,2024-02-14
11514,2024-02-14 22:30:00,True,22:30:00,2024-02-14
11515,2024-02-14 22:45:00,True,22:45:00,2024-02-14
11516,2024-02-14 23:00:00,True,23:00:00,2024-02-14
11517,2024-02-14 23:15:00,True,23:15:00,2024-02-14
11518,2024-02-14 23:30:00,True,23:30:00,2024-02-14
11519,2024-02-14 23:45:00,True,23:45:00,2024-02-14
11520,2024-02-15 00:00:00,True,00:00:00,2024-02-15
11521,2024-02-15 00:15:00,True,00:15:00,2024-02-15
11522,2024-02-15 00:30:00,True,00:30:00,2024-02-15
11523,2024-02-15 00:45:00,True,00:45:00,2024-02-15
11524,2024-02-15 01:00:00,True,01:00:00,2024-02-15
11525,2024-02-15 01:15:00,True,01:15:00,2024-02-15
11526,2024-02-15 01:30:00,True,01:30:00,2024-02-15
11527,2024-02-15 01:45:00,True,01:45:00,2024-02-15
11528,2024-02-15 02:00:00,True,02:00:00,2024-02-15
11529,2024-02-15 02:15:00,True,02:15:00,2024-02-15
11530,2024-02-15 02:30:00,True,02:30:00,2024-02-15
11531,2024-02-15 02:45:00,True,02:45:00,2024-02-15
11532,2024-02-15 03:00:00,True,03:00:00,2024-02-15
11533,2024-02-15 03:15:00,True,03:15:00,2024-02-15
11534,2024-02-15 03:30:00,True,03:30:00,2024-02-15
11535,2024-02-15 03:45:00,True,03:45:00,2024-02-15
11536,2024-02-15 04:00:00,True,04:00:00,2024-02-15
11537,2024-02-15 04:15:00,True,04:15:00,2024-02-15
11538,2024-02-15 04:30:00,True,04:30:00,2024-02-15
11539,2024-02-15 04:45:00,True,04:45:00,2024-02-15
11540,2024-02-15 05:00:00,True,05:00:00,2024-02-15
11541,2024-02-15 05:15:00,True,05:15:00,2024-02-15
11542,2024-02-15 05:30:00,True,05:30:00,2024-02-15
11543,2024-02-15 05:45:00,True,05:45:00,2024-02-15
11544,2024-02-15 06:00:00,True,06:00:00,2024-02-15
11545,2024-02-15 06:15:00,True,06:15:00,2024-02-15
11546,2024-02-15 06:30:00,True,06:30:00,2024-02-15
11547,2024-02-15 06:45:00,True,06:45:00,2024-02-15
11548,2024-02-15 07:00:00,True,07:00:00,2024-02-15
11549,2024-02-15 07:15:00,True,07:15:00,2024-02-15
11550,2024-02-15 07:30:00,True,07:30:00,2024-02-15
11551,2024-02-15 07:45:00,True,07:45:00,2024-02-15
11552,2024-02-15 08:00:00,True,08:00:00,2024-02-15
11553,2024-02-15 08:15:00,True,08:15:00,2024-02-15
11554,2024-02-15 08:30:00,True,08:30:00,2024-02-15
11555,2024-02-15 08:45:00,True,08:45:00,2024-02-15
11556,2024-02-15 09:00:00,True,09:00:00,2024-02-15
11557,2024-02-15 09:15:00,True,09:15:00,2024-02-15
11558,2024-02-15 09:30:00,True,09:30:00,2024-02-15
11559,2024-02-15 09:45:00,True,09:45:00,2024-02-15
11560,2024-02-15 10:00:00,True,10:00:00,2024-02-15
11561,2024-02-15 10:15:00,True,10:15:00,2024-02-15
11562,2024-02-15 10:30:00,True,10:30:00,2024-02-15
11563,2024-02-15 10:45:00,True,10:45:00,2024-02-15
11564,2024-02-15 11:00:00,True,11:00:00,2024-02-15
11565,2024-02-15 11:15:00,True,11:15:00,2024-02-15
11566,2024-02-15 11:30:00,True,11:30:00,2024-02-15
11567,2024-02-15 11:45:00,True,11:45:00,2024-02-15
11568,2024-02-15 12:00:00,True,12:00:00,2024-02-15
11569,2024-02-15 12:15:00,True,12:15:00,2024-02-15
11570,2024-02-15 12:30:00,True,12:30:00,2024-02-15
11571,2024-02-15 12:45:00,True,12:45:00,2024-02-15
11572,2024-02-15 13:00:00,True,13:00:00,2024-02-15
11573,2024-02-15 13:15:00,True,13:15:00,2024-02-15
11574,2024-02-15 13:30:00,True,13:30:00,2024-02-15
11575,2024-02-15 13:45:00,True,13:45:00,2024-02-15
11576,2024-02-15 14:00:00,True,14:00:00,2024-02-15
11577,2024-02-15 14:15:00,True,14:15:00,2024-02-15
11578,2024-02-15 14:30:00,True,14:30:00,2024-02-15
11579,2024-02-15 14:45:00,True,14:45:00,2024-02-15
11580,2024-02-15 15:00:00,True,15:00:00,2024-02-15
11581,2024-02-15 15:15:00,True,15:15:00,2024-02-15
11582,2024-02-15 15:30:00,True,15:30:00,2024-02-15
11583,2024-02-15 15:45:00,True,15:45:00,2024-02-15
11584,2024-02-15 16:00:00,True,16:00:00,2024-02-15
11585,2024-02-15 16:15:00,True,16:15:00,2024-02-15
11586,2024-02-15 16:30:00,True,16:30:00,2024-02-15
11587,2024-02-15 16:45:00,True,16:45:00,2024-02-15
11588,2024-02-15 17:00:00,True,17:00:00,2024-02-15
11589,2024-02-15 17:15:00,True,17:15:00,2024-02-15
11590,2024-02-15 17:30:00,True,17:30:00,2024-02-15
11591,2024-02-15 17:45:00,True,17:45:00,2024-02-15
11592,2024-02-15 18:00:00,True,18:00:00,2024-02-15
11593,2024-02-15 18:15:00,True,18:15:00,2024-02-15
11594,2024-02-15 18:30:00,True,18:30:00,2024-02-15
11595,2024-02-15 18:45:00,True,18:45:00,2024-02-15
11596,2024-02-15 19:00:00,True,19:00:00,2024-02-15
11597,2024-02-15 19:15:00,True,19:15:00,2024-02-15
11598,2024-02-15 19:30:00,True,19:30:00,2024-02-15
11599,2024-02-15 19:45:00,True,19:45:00,2024-02-15
11600,2024-02-15 20:00:00,True,20:00:00,2024-02-15
11601,2024-02-15 20:15:00,True,20:15:00,2024-02-15
11602,2024-02-15 20:30:00,True,20:30:00,2024-02-15
11603,2024-02-15 20:45:00,True,20:45:00,2024-02-15
11604,2024-02-15 21:00:00,True,21:00:00,2024-02-15
11605,2024-02-15 21:15:00,True,21:15:00,2024-02-15
11606,2024-02-15 21:30:00,True,21:30:00,2024-02-15
11607,2024-02-15 21:45:00,True,21:45:00,2024-02-15
11608,2024-02-15 22:00:00,True,22:00:00,2024-02-15
11609,2024-02-15 22:15:00,True,22:15:00,2024-02-15
11610,2024-02-15 22:30:00,True,22:30:00,2024-02-15
11611,2024-02-15 22:45:00,True,22:45:00,2024-02-15
11612,2024-02-15 23:00:00,True,23:00:00,2024-02-15
11613,2024-02-15 23:15:00,True,23:15:00,2024-02-15
11614,2024-02-15 23:30:00,True,23:30:00,2024-02-15
11615,2024-02-15 23:45:00,True,23:45:00,2024-02-15
11616,2024-02-16 00:00:00,True,00:00:00,2024-02-16
11617,2024-02-16 00:15:00,True,00:15:00,2024-02-16
11618,2024-02-16 00:30:00,True,00:30:00,2024-02-16
11619,2024-02-16 00:45:00,True,00:45:00,2024-02-16
11620,2024-02-16 01:00:00,True,01:00:00,2024-02-16
11621,2024-02-16 01:15:00,True,01:15:00,2024-02-16
11622,2024-02-16 01:30:00,True,01:30:00,2024-02-16
11623,2024-02-16 01:45:00,True,01:45:00,2024-02-16
11624,2024-02-16 02:00:00,True,02:00:00,2024-02-16
11625,2024-02-16 02:15:00,True,02:15:00,2024-02-16
11626,2024-02-16 02:30:00,True,02:30:00,2024-02-16
11627,2024-02-16 02:45:00,True,02:45:00,2024-02-16
11628,2024-02-16 03:00:00,True,03:00:00,2024-02-16
11629,2024-02-16 03:15:00,True,03:15:00,2024-02-16
11630,2024-02-16 03:30:00,True,03:30:00,2024-02-16
11631,2024-02-16 03:45:00,True,03:45:00,2024-02-16
11632,2024-02-16 04:00:00,True,04:00:00,2024-02-16
11633,2024-02-16 04:15:00,True,04:15:00,2024-02-16
11634,2024-02-16 04:30:00,True,04:30:00,2024-02-16
11635,2024-02-16 04:45:00,True,04:45:00,2024-02-16
11636,2024-02-16 05:00:00,True,05:00:00,2024-02-16
11637,2024-02-16 05:15:00,True,05:15:00,2024-02-16
11638,2024-02-16 05:30:00,True,05:30:00,2024-02-16
11639,2024-02-16 05:45:00,True,05:45:00,2024-02-16
11640,2024-02-16 06:00:00,True,06:00:00,2024-02-16
11641,2024-02-16 06:15:00,True,06:15:00,2024-02-16
11642,2024-02-16 06:30:00,True,06:30:00,2024-02-16
11643,2024-02-16 06:45:00,True,06:45:00,2024-02-16
11644,2024-02-16 07:00:00,True,07:00:00,2024-02-16
11645,2024-02-16 07:15:00,True,07:15:00,2024-02-16
11646,2024-02-16 07:30:00,True,07:30:00,2024-02-16
11647,2024-02-16 07:45:00,True,07:45:00,2024-02-16
11648,2024-02-16 08:00:00,True,08:00:00,2024-02-16
11649,2024-02-16 08:15:00,True,08:15:00,2024-02-16
11650,2024-02-16 08:30:00,True,08:30:00,2024-02-16
11651,2024-02-16 08:45:00,True,08:45:00,2024-02-16
11652,2024-02-16 09:00:00,True,09:00:00,2024-02-16
11653,2024-02-16 09:15:00,True,09:15:00,2024-02-16
11654,2024-02-16 09:30:00,True,09:30:00,2024-02-16
11655,2024-02-16 09:45:00,True,09:45:00,2024-02-16
11656,2024-02-16 10:00:00,True,10:00:00,2024-02-16
11657,2024-02-16 10:15:00,True,10:15:00,2024-02-16
11658,2024-02-16 10:30:00,True,10:30:00,2024-02-16
11659,2024-02-16 10:45:00,True,10:45:00,2024-02-16
11660,2024-02-16 11:00:00,True,11:00:00,2024-02-16
11661,2024-02-16 11:15:00,True,11:15:00,2024-02-16
11662,2024-02-16 11:30:00,True,11:30:00,2024-02-16
11663,2024-02-16 11:45:00,True,11:45:00,2024-02-16
11664,2024-02-16 12:00:00,True,12:00:00,2024-02-16
11665,2024-02-16 12:15:00,True,12:15:00,2024-02-16
11666,2024-02-16 12:30:00,True,12:30:00,2024-02-16
11667,2024-02-16 12:45:00,True,12:45:00,2024-02-16
11668,2024-02-16 13:00:00,True,13:00:00,2024-02-16
11669,2024-02-16 13:15:00,True,13:15:00,2024-02-16
11670,2024-02-16 13:30:00,True,13:30:00,2024-02-16
11671,2024-02-16 13:45:00,True,13:45:00,2024-02-16
11672,2024-02-16 14:00:00,True,14:00:00,2024-02-16
11673,2024-02-16 14:15:00,True,14:15:00,2024-02-16
11674,2024-02-16 14:30:00,True,14:30:00,2024-02-16
11675,2024-02-16 14:45:00,True,14:45:00,2024-02-16
11676,2024-02-16 15:00:00,True,15:00:00,2024-02-16
11677,2024-02-16 15:15:00,True,15:15:00,2024-02-16
11678,2024-02-16 15:30:00,True,15:30:00,2024-02-16
11679,2024-02-16 15:45:00,True,15:45:00,2024-02-16
11680,2024-02-16 16:00:00,True,16:00:00,2024-02-16
11681,2024-02-16 16:15:00,True,16:15:00,2024-02-16
11682,2024-02-16 16:30:00,True,16:30:00,2024-02-16
11683,2024-02-16 16:45:00,True,16:45:00,2024-02-16
11684,2024-02-16 17:00:00,True,17:00:00,2024-02-16
11685,2024-02-16 17:15:00,True,17:15:00,2024-02-16
11686,2024-02-16 17:30:00,True,17:30:00,2024-02-16
11687,2024-02-16 17:45:00,True,17:45:00,2024-02-16
11688,2024-02-16 18:00:00,True,18:00:00,2024-02-16
11689,2024-02-16 18:15:00,True,18:15:00,2024-02-16
11690,2024-02-16 18:30:00,True,18:30:00,2024-02-16
11691,2024-02-16 18:45:00,True,18:45:00,2024-02-16
11692,2024-02-16 19:00:00,True,19:00:00,2024-02-16
11693,2024-02-16 19:15:00,True,19:15:00,2024-02-16
11694,2024-02-16 19:30:00,True,19:30:00,2024-02-16
11695,2024-02-16 19:45:00,True,19:45:00,2024-02-16
11696,2024-02-16 20:00:00,True,20:00:00,2024-02-16
11697,2024-02-16 20:15:00,True,20:15:00,2024-02-16
11698,2024-02-16 20:30:00,True,20:30:00,2024-02-16
11699,2024-02-16 20:45:00,True,20:45:00,2024-02-16
11700,2024-02-16 21:00:00,True,21:00:00,2024-02-16
11701,2024-02-16 21:15:00,True,21:15:00,2024-02-16
11702,2024-02-16 21:30:00,True,21:30:00,2024-02-16
11703,2024-02-16 21:45:00,True,21:45:00,2024-02-16
11704,2024-02-16 22:00:00,True,22:00:00,2024-02-16
11705,2024-02-16 22:15:00,True,22:15:00,2024-02-16
11706,2024-02-16 22:30:00,True,22:30:00,2024-02-16
11707,2024-02-16 22:45:00,True,22:45:00,2024-02-16
11708,2024-02-16 23:00:00,True,23:00:00,2024-02-16
11709,2024-02-16 23:15:00,True,23:15:00,2024-02-16
11710,2024-02-16 23:30:00,True,23:30:00,2024-02-16
11711,2024-02-16 23:45:00,True,23:45:00,2024-02-16
11712,2024-02-17 00:00:00,True,00:00:00,2024-02-17
11713,2024-02-17 00:15:00,True,00:15:00,2024-02-17
11714,2024-02-17 00:30:00,True,00:30:00,2024-02-17
11715,2024-02-17 00:45:00,True,00:45:00,2024-02-17
11716,2024-02-17 01:00:00,True,01:00:00,2024-02-17
11717,2024-02-17 01:15:00,True,01:15:00,2024-02-17
11718,2024-02-17 01:30:00,True,01:30:00,2024-02-17
11719,2024-02-17 01:45:00,True,01:45:00,2024-02-17
11720,2024-02-17 02:00:00,True,02:00:00,2024-02-17
11721,2024-02-17 02:15:00,True,02:15:00,2024-02-17
11722,2024-02-17 02:30:00,True,02:30:00,2024-02-17
11723,2024-02-17 02:45:00,True,02:45:00,2024-02-17
11724,2024-02-17 03:00:00,True,03:00:00,2024-02-17
11725,2024-02-17 03:15:00,True,03:15:00,2024-02-17
11726,2024-02-17 03:30:00,True,03:30:00,2024-02-17
11727,2024-02-17 03:45:00,True,03:45:00,2024-02-17
11728,2024-02-17 04:00:00,True,04:00:00,2024-02-17
11729,2024-02-17 04:15:00,True,04:15:00,2024-02-17
11730,2024-02-17 04:30:00,True,04:30:00,2024-02-17
11731,2024-02-17 04:45:00,True,04:45:00,2024-02-17
11732,2024-02-17 05:00:00,True,05:00:00,2024-02-17
11733,2024-02-17 05:15:00,True,05:15:00,2024-02-17
11734,2024-02-17 05:30:00,True,05:30:00,2024-02-17
11735,2024-02-17 05:45:00,True,05:45:00,2024-02-17
11736,2024-02-17 06:00:00,True,06:00:00,2024-02-17
11737,2024-02-17 06:15:00,True,06:15:00,2024-02-17
11738,2024-02-17 06:30:00,True,06:30:00,2024-02-17
11739,2024-02-17 06:45:00,True,06:45:00,2024-02-17
11740,2024-02-17 07:00:00,True,07:00:00,2024-02-17
11741,2024-02-17 07:15:00,True,07:15:00,2024-02-17
11742,2024-02-17 07:30:00,True,07:30:00,2024-02-17
11743,2024-02-17 07:45:00,True,07:45:00,2024-02-17
11744,2024-02-17 08:00:00,True,08:00:00,2024-02-17
11745,2024-02-17 08:15:00,True,08:15:00,2024-02-17
11746,2024-02-17 08:30:00,True,08:30:00,2024-02-17
11747,2024-02-17 08:45:00,True,08:45:00,2024-02-17
11748,2024-02-17 09:00:00,True,09:00:00,2024-02-17
11749,2024-02-17 09:15:00,True,09:15:00,2024-02-17
11750,2024-02-17 09:30:00,True,09:30:00,2024-02-17
11751,2024-02-17 09:45:00,True,09:45:00,2024-02-17
11752,2024-02-17 10:00:00,True,10:00:00,2024-02-17
11753,2024-02-17 10:15:00,True,10:15:00,2024-02-17
11754,2024-02-17 10:30:00,True,10:30:00,2024-02-17
11755,2024-02-17 10:45:00,True,10:45:00,2024-02-17
11756,2024-02-17 11:00:00,True,11:00:00,2024-02-17
11757,2024-02-17 11:15:00,True,11:15:00,2024-02-17
11758,2024-02-17 11:30:00,True,11:30:00,2024-02-17
11759,2024-02-17 11:45:00,True,11:45:00,2024-02-17
11760,2024-02-17 12:00:00,True,12:00:00,2024-02-17
11761,2024-02-17 12:15:00,True,12:15:00,2024-02-17
11762,2024-02-17 12:30:00,True,12:30:00,2024-02-17
11763,2024-02-17 12:45:00,True,12:45:00,2024-02-17
11764,2024-02-17 13:00:00,True,13:00:00,2024-02-17
11765,2024-02-17 13:15:00,True,13:15:00,2024-02-17
11766,2024-02-17 13:30:00,True,13:30:00,2024-02-17
11767,2024-02-17 13:45:00,True,13:45:00,2024-02-17
11768,2024-02-17 14:00:00,True,14:00:00,2024-02-17
11769,2024-02-17 14:15:00,True,14:15:00,2024-02-17
11770,2024-02-17 14:30:00,True,14:30:00,2024-02-17
11771,2024-02-17 14:45:00,True,14:45:00,2024-02-17
11772,2024-02-17 15:00:00,True,15:00:00,2024-02-17
11773,2024-02-17 15:15:00,True,15:15:00,2024-02-17
11774,2024-02-17 15:30:00,True,15:30:00,2024-02-17
11775,2024-02-17 15:45:00,True,15:45:00,2024-02-17
11776,2024-02-17 16:00:00,True,16:00:00,2024-02-17
11777,2024-02-17 16:15:00,True,16:15:00,2024-02-17
11778,2024-02-17 16:30:00,True,16:30:00,2024-02-17
11779,2024-02-17 16:45:00,True,16:45:00,2024-02-17
11780,2024-02-17 17:00:00,True,17:00:00,2024-02-17
11781,2024-02-17 17:15:00,True,17:15:00,2024-02-17
11782,2024-02-17 17:30:00,True,17:30:00,2024-02-17
11783,2024-02-17 17:45:00,True,17:45:00,2024-02-17
11784,2024-02-17 18:00:00,True,18:00:00,2024-02-17
11785,2024-02-17 18:15:00,True,18:15:00,2024-02-17
11786,2024-02-17 18:30:00,True,18:30:00,2024-02-17
11787,2024-02-17 18:45:00,True,18:45:00,2024-02-17
11788,2024-02-17 19:00:00,True,19:00:00,2024-02-17
11789,2024-02-17 19:15:00,True,19:15:00,2024-02-17
11790,2024-02-17 19:30:00,True,19:30:00,2024-02-17
11791,2024-02-17 19:45:00,True,19:45:00,2024-02-17
11792,2024-02-17 20:00:00,True,20:00:00,2024-02-17
11793,2024-02-17 20:15:00,True,20:15:00,2024-02-17
11794,2024-02-17 20:30:00,True,20:30:00,2024-02-17
11795,2024-02-17 20:45:00,True,20:45:00,2024-02-17
11796,2024-02-17 21:00:00,True,21:00:00,2024-02-17
11797,2024-02-17 21:15:00,True,21:15:00,2024-02-17
11798,2024-02-17 21:30:00,True,21:30:00,2024-02-17
11799,2024-02-17 21:45:00,True,21:45:00,2024-02-17
11800,2024-02-17 22:00:00,True,22:00:00,2024-02-17
11801,2024-02-17 22:15:00,True,22:15:00,2024-02-17
11802,2024-02-17 22:30:00,True,22:30:00,2024-02-17
11803,2024-02-17 22:45:00,True,22:45:00,2024-02-17
11804,2024-02-17 23:00:00,True,23:00:00,2024-02-17
11805,2024-02-17 23:15:00,True,23:15:00,2024-02-17
11806,2024-02-17 23:30:00,True,23:30:00,2024-02-17
11807,2024-02-17 23:45:00,True,23:45:00,2024-02-17
11808,2024-02-18 00:00:00,True,00:00:00,2024-02-18
11809,2024-02-18 00:15:00,True,00:15:00,2024-02-18
11810,2024-02-18 00:30:00,True,00:30:00,2024-02-18
11811,2024-02-18 00:45:00,True,00:45:00,2024-02-18
11812,2024-02-18 01:00:00,True,01:00:00,2024-02-18
11813,2024-02-18 01:15:00,True,01:15:00,2024-02-18
11814,2024-02-18 01:30:00,True,01:30:00,2024-02-18
11815,2024-02-18 01:45:00,True,01:45:00,2024-02-18
11816,2024-02-18 02:00:00,True,02:00:00,2024-02-18
11817,2024-02-18 02:15:00,True,02:15:00,2024-02-18
11818,2024-02-18 02:30:00,True,02:30:00,2024-02-18
11819,2024-02-18 02:45:00,True,02:45:00,2024-02-18
11820,2024-02-18 03:00:00,True,03:00:00,2024-02-18
11821,2024-02-18 03:15:00,True,03:15:00,2024-02-18
11822,2024-02-18 03:30:00,True,03:30:00,2024-02-18
11823,2024-02-18 03:45:00,True,03:45:00,2024-02-18
11824,2024-02-18 04:00:00,True,04:00:00,2024-02-18
11825,2024-02-18 04:15:00,True,04:15:00,2024-02-18
11826,2024-02-18 04:30:00,True,04:30:00,2024-02-18
11827,2024-02-18 04:45:00,True,04:45:00,2024-02-18
11828,2024-02-18 05:00:00,True,05:00:00,2024-02-18
11829,2024-02-18 05:15:00,True,05:15:00,2024-02-18
11830,2024-02-18 05:30:00,True,05:30:00,2024-02-18
11831,2024-02-18 05:45:00,True,05:45:00,2024-02-18
11832,2024-02-18 06:00:00,True,06:00:00,2024-02-18
11833,2024-02-18 06:15:00,True,06:15:00,2024-02-18
11834,2024-02-18 06:30:00,True,06:30:00,2024-02-18
11835,2024-02-18 06:45:00,True,06:45:00,2024-02-18
11836,2024-02-18 07:00:00,True,07:00:00,2024-02-18
11837,2024-02-18 07:15:00,True,07:15:00,2024-02-18
11838,2024-02-18 07:30:00,True,07:30:00,2024-02-18
11839,2024-02-18 07:45:00,True,07:45:00,2024-02-18
11840,2024-02-18 08:00:00,True,08:00:00,2024-02-18
11841,2024-02-18 08:15:00,True,08:15:00,2024-02-18
11842,2024-02-18 08:30:00,True,08:30:00,2024-02-18
11843,2024-02-18 08:45:00,True,08:45:00,2024-02-18
11844,2024-02-18 09:00:00,True,09:00:00,2024-02-18
11845,2024-02-18 09:15:00,True,09:15:00,2024-02-18
11846,2024-02-18 09:30:00,True,09:30:00,2024-02-18
11847,2024-02-18 09:45:00,True,09:45:00,2024-02-18
11848,2024-02-18 10:00:00,True,10:00:00,2024-02-18
11849,2024-02-18 10:15:00,True,10:15:00,2024-02-18
11850,2024-02-18 10:30:00,True,10:30:00,2024-02-18
11851,2024-02-18 10:45:00,True,10:45:00,2024-02-18
11852,2024-02-18 11:00:00,True,11:00:00,2024-02-18
11853,2024-02-18 11:15:00,True,11:15:00,2024-02-18
11854,2024-02-18 11:30:00,True,11:30:00,2024-02-18
11855,2024-02-18 11:45:00,True,11:45:00,2024-02-18
11856,2024-02-18 12:00:00,True,12:00:00,2024-02-18
11857,2024-02-18 12:15:00,True,12:15:00,2024-02-18
11858,2024-02-18 12:30:00,True,12:30:00,2024-02-18
11859,2024-02-18 12:45:00,True,12:45:00,2024-02-18
11860,2024-02-18 13:00:00,True,13:00:00,2024-02-18
11861,2024-02-18 13:15:00,True,13:15:00,2024-02-18
11862,2024-02-18 13:30:00,True,13:30:00,2024-02-18
11863,2024-02-18 13:45:00,True,13:45:00,2024-02-18
11864,2024-02-18 14:00:00,True,14:00:00,2024-02-18
11865,2024-02-18 14:15:00,True,14:15:00,2024-02-18
11866,2024-02-18 14:30:00,True,14:30:00,2024-02-18
11867,2024-02-18 14:45:00,True,14:45:00,2024-02-18
11868,2024-02-18 15:00:00,True,15:00:00,2024-02-18
11869,2024-02-18 15:15:00,True,15:15:00,2024-02-18
11870,2024-02-18 15:30:00,True,15:30:00,2024-02-18
11871,2024-02-18 15:45:00,True,15:45:00,2024-02-18
11872,2024-02-18 16:00:00,True,16:00:00,2024-02-18
11873,2024-02-18 16:15:00,True,16:15:00,2024-02-18
11874,2024-02-18 16:30:00,True,16:30:00,2024-02-18
11875,2024-02-18 16:45:00,True,16:45:00,2024-02-18
11876,2024-02-18 17:00:00,True,17:00:00,2024-02-18
11877,2024-02-18 17:15:00,True,17:15:00,2024-02-18
11878,2024-02-18 17:30:00,True,17:30:00,2024-02-18
11879,2024-02-18 17:45:00,True,17:45:00,2024-02-18
11880,2024-02-18 18:00:00,True,18:00:00,2024-02-18
11881,2024-02-18 18:15:00,True,18:15:00,2024-02-18
11882,2024-02-18 18:30:00,True,18:30:00,2024-02-18
11883,2024-02-18 18:45:00,True,18:45:00,2024-02-18
11884,2024-02-18 19:00:00,True,19:00:00,2024-02-18
11885,2024-02-18 19:15:00,True,19:15:00,2024-02-18
11886,2024-02-18 19:30:00,True,19:30:00,2024-02-18
11887,2024-02-18 19:45:00,True,19:45:00,2024-02-18
11888,2024-02-18 20:00:00,True,20:00:00,2024-02-18
11889,2024-02-18 20:15:00,True,20:15:00,2024-02-18
11890,2024-02-18 20:30:00,True,20:30:00,2024-02-18
11891,2024-02-18 20:45:00,True,20:45:00,2024-02-18
11892,2024-02-18 21:00:00,True,21:00:00,2024-02-18
11893,2024-02-18 21:15:00,True,21:15:00,2024-02-18
11894,2024-02-18 21:30:00,True,21:30:00,2024-02-18
11895,2024-02-18 21:45:00,True,21:45:00,2024-02-18
11896,2024-02-18 22:00:00,True,22:00:00,2024-02-18
11897,2024-02-18 22:15:00,True,22:15:00,2024-02-18
11898,2024-02-18 22:30:00,True,22:30:00,2024-02-18
11899,2024-02-18 22:45:00,True,22:45:00,2024-02-18
11900,2024-02-18 23:00:00,True,23:00:00,2024-02-18
11901,2024-02-18 23:15:00,True,23:15:00,2024-02-18
11902,2024-02-18 23:30:00,True,23:30:00,2024-02-18
11903,2024-02-18 23:45:00,True,23:45:00,2024-02-18
11904,2024-02-19 00:00:00,True,00:00:00,2024-02-19
11905,2024-02-19 00:15:00,True,00:15:00,2024-02-19
11906,2024-02-19 00:30:00,True,00:30:00,2024-02-19
11907,2024-02-19 00:45:00,True,00:45:00,2024-02-19
11908,2024-02-19 01:00:00,True,01:00:00,2024-02-19
11909,2024-02-19 01:15:00,True,01:15:00,2024-02-19
11910,2024-02-19 01:30:00,True,01:30:00,2024-02-19
11911,2024-02-19 01:45:00,True,01:45:00,2024-02-19
11912,2024-02-19 02:00:00,True,02:00:00,2024-02-19
11913,2024-02-19 02:15:00,True,02:15:00,2024-02-19
11914,2024-02-19 02:30:00,True,02:30:00,2024-02-19
11915,2024-02-19 02:45:00,True,02:45:00,2024-02-19
11916,2024-02-19 03:00:00,True,03:00:00,2024-02-19
11917,2024-02-19 03:15:00,True,03:15:00,2024-02-19
11918,2024-02-19 03:30:00,True,03:30:00,2024-02-19
11919,2024-02-19 03:45:00,True,03:45:00,2024-02-19
11920,2024-02-19 04:00:00,True,04:00:00,2024-02-19
11921,2024-02-19 04:15:00,True,04:15:00,2024-02-19
11922,2024-02-19 04:30:00,True,04:30:00,2024-02-19
11923,2024-02-19 04:45:00,True,04:45:00,2024-02-19
11924,2024-02-19 05:00:00,True,05:00:00,2024-02-19
11925,2024-02-19 05:15:00,True,05:15:00,2024-02-19
11926,2024-02-19 05:30:00,True,05:30:00,2024-02-19
11927,2024-02-19 05:45:00,True,05:45:00,2024-02-19
11928,2024-02-19 06:00:00,True,06:00:00,2024-02-19
11929,2024-02-19 06:15:00,True,06:15:00,2024-02-19
11930,2024-02-19 06:30:00,True,06:30:00,2024-02-19
11931,2024-02-19 06:45:00,True,06:45:00,2024-02-19
11932,2024-02-19 07:00:00,True,07:00:00,2024-02-19
11933,2024-02-19 07:15:00,True,07:15:00,2024-02-19
11934,2024-02-19 07:30:00,True,07:30:00,2024-02-19
11935,2024-02-19 07:45:00,True,07:45:00,2024-02-19
11936,2024-02-19 08:00:00,True,08:00:00,2024-02-19
11937,2024-02-19 08:15:00,True,08:15:00,2024-02-19
11938,2024-02-19 08:30:00,True,08:30:00,2024-02-19
11939,2024-02-19 08:45:00,True,08:45:00,2024-02-19
11940,2024-02-19 09:00:00,True,09:00:00,2024-02-19
11941,2024-02-19 09:15:00,True,09:15:00,2024-02-19
11942,2024-02-19 09:30:00,True,09:30:00,2024-02-19
11943,2024-02-19 09:45:00,True,09:45:00,2024-02-19
11944,2024-02-19 10:00:00,True,10:00:00,2024-02-19
11945,2024-02-19 10:15:00,True,10:15:00,2024-02-19
11946,2024-02-19 10:30:00,True,10:30:00,2024-02-19
11947,2024-02-19 10:45:00,True,10:45:00,2024-02-19
11948,2024-02-19 11:00:00,True,11:00:00,2024-02-19
11949,2024-02-19 11:15:00,True,11:15:00,2024-02-19
11950,2024-02-19 11:30:00,True,11:30:00,2024-02-19
11951,2024-02-19 11:45:00,True,11:45:00,2024-02-19
11952,2024-02-19 12:00:00,True,12:00:00,2024-02-19
11953,2024-02-19 12:15:00,True,12:15:00,2024-02-19
11954,2024-02-19 12:30:00,True,12:30:00,2024-02-19
11955,2024-02-19 12:45:00,True,12:45:00,2024-02-19
11956,2024-02-19 13:00:00,True,13:00:00,2024-02-19
11957,2024-02-19 13:15:00,True,13:15:00,2024-02-19
11958,2024-02-19 13:30:00,True,13:30:00,2024-02-19
11959,2024-02-19 13:45:00,True,13:45:00,2024-02-19
11960,2024-02-19 14:00:00,True,14:00:00,2024-02-19
11961,2024-02-19 14:15:00,True,14:15:00,2024-02-19
11962,2024-02-19 14:30:00,True,14:30:00,2024-02-19
11963,2024-02-19 14:45:00,True,14:45:00,2024-02-19
11964,2024-02-19 15:00:00,True,15:00:00,2024-02-19
11965,2024-02-19 15:15:00,True,15:15:00,2024-02-19
11966,2024-02-19 15:30:00,True,15:30:00,2024-02-19
11967,2024-02-19 15:45:00,True,15:45:00,2024-02-19
11968,2024-02-19 16:00:00,True,16:00:00,2024-02-19
11969,2024-02-19 16:15:00,True,16:15:00,2024-02-19
11970,2024-02-19 16:30:00,True,16:30:00,2024-02-19
11971,2024-02-19 16:45:00,True,16:45:00,2024-02-19
11972,2024-02-19 17:00:00,True,17:00:00,2024-02-19
11973,2024-02-19 17:15:00,True,17:15:00,2024-02-19
11974,2024-02-19 17:30:00,True,17:30:00,2024-02-19
11975,2024-02-19 17:45:00,True,17:45:00,2024-02-19
11976,2024-02-19 18:00:00,True,18:00:00,2024-02-19
11977,2024-02-19 18:15:00,True,18:15:00,2024-02-19
11978,2024-02-19 18:30:00,True,18:30:00,2024-02-19
11979,2024-02-19 18:45:00,True,18:45:00,2024-02-19
11980,2024-02-19 19:00:00,True,19:00:00,2024-02-19
11981,2024-02-19 19:15:00,True,19:15:00,2024-02-19
11982,2024-02-19 19:30:00,True,19:30:00,2024-02-19
11983,2024-02-19 19:45:00,True,19:45:00,2024-02-19
11984,2024-02-19 20:00:00,True,20:00:00,2024-02-19
11985,2024-02-19 20:15:00,True,20:15:00,2024-02-19
11986,2024-02-19 20:30:00,True,20:30:00,2024-02-19
11987,2024-02-19 20:45:00,True,20:45:00,2024-02-19
11988,2024-02-19 21:00:00,True,21:00:00,2024-02-19
11989,2024-02-19 21:15:00,True,21:15:00,2024-02-19
11990,2024-02-19 21:30:00,True,21:30:00,2024-02-19
11991,2024-02-19 21:45:00,True,21:45:00,2024-02-19
11992,2024-02-19 22:00:00,True,22:00:00,2024-02-19
11993,2024-02-19 22:15:00,True,22:15:00,2024-02-19
11994,2024-02-19 22:30:00,True,22:30:00,2024-02-19
11995,2024-02-19 22:45:00,True,22:45:00,2024-02-19
11996,2024-02-19 23:00:00,True,23:00:00,2024-02-19
11997,2024-02-19 23:15:00,True,23:15:00,2024-02-19
11998,2024-02-19 23:30:00,True,23:30:00,2024-02-19
11999,2024-02-19 23:45:00,True,23:45:00,2024-02-19
12000,2024-02-20 00:00:00,True,00:00:00,2024-02-20
12001,2024-02-20 00:15:00,True,00:15:00,2024-02-20
12002,2024-02-20 00:30:00,True,00:30:00,2024-02-20
12003,2024-02-20 00:45:00,True,00:45:00,2024-02-20
12004,2024-02-20 01:00:00,True,01:00:00,2024-02-20
12005,2024-02-20 01:15:00,True,01:15:00,2024-02-20
12006,2024-02-20 01:30:00,True,01:30:00,2024-02-20
12007,2024-02-20 01:45:00,True,01:45:00,2024-02-20
12008,2024-02-20 02:00:00,True,02:00:00,2024-02-20
12009,2024-02-20 02:15:00,True,02:15:00,2024-02-20
12010,2024-02-20 02:30:00,True,02:30:00,2024-02-20
12011,2024-02-20 02:45:00,True,02:45:00,2024-02-20
12012,2024-02-20 03:00:00,True,03:00:00,2024-02-20
12013,2024-02-20 03:15:00,True,03:15:00,2024-02-20
12014,2024-02-20 03:30:00,True,03:30:00,2024-02-20
12015,2024-02-20 03:45:00,True,03:45:00,2024-02-20
12016,2024-02-20 04:00:00,True,04:00:00,2024-02-20
12017,2024-02-20 04:15:00,True,04:15:00,2024-02-20
12018,2024-02-20 04:30:00,True,04:30:00,2024-02-20
12019,2024-02-20 04:45:00,True,04:45:00,2024-02-20
12020,2024-02-20 05:00:00,True,05:00:00,2024-02-20
12021,2024-02-20 05:15:00,True,05:15:00,2024-02-20
12022,2024-02-20 05:30:00,True,05:30:00,2024-02-20
12023,2024-02-20 05:45:00,True,05:45:00,2024-02-20
12024,2024-02-20 06:00:00,True,06:00:00,2024-02-20
12025,2024-02-20 06:15:00,True,06:15:00,2024-02-20
12026,2024-02-20 06:30:00,True,06:30:00,2024-02-20
12027,2024-02-20 06:45:00,True,06:45:00,2024-02-20
12028,2024-02-20 07:00:00,True,07:00:00,2024-02-20
12029,2024-02-20 07:15:00,True,07:15:00,2024-02-20
12030,2024-02-20 07:30:00,True,07:30:00,2024-02-20
12031,2024-02-20 07:45:00,True,07:45:00,2024-02-20
12032,2024-02-20 08:00:00,True,08:00:00,2024-02-20
12033,2024-02-20 08:15:00,True,08:15:00,2024-02-20
12034,2024-02-20 08:30:00,True,08:30:00,2024-02-20
12035,2024-02-20 08:45:00,True,08:45:00,2024-02-20
12036,2024-02-20 09:00:00,True,09:00:00,2024-02-20
12037,2024-02-20 09:15:00,True,09:15:00,2024-02-20
12038,2024-02-20 09:30:00,True,09:30:00,2024-02-20
12039,2024-02-20 09:45:00,True,09:45:00,2024-02-20
12040,2024-02-20 10:00:00,True,10:00:00,2024-02-20
12041,2024-02-20 10:15:00,True,10:15:00,2024-02-20
12042,2024-02-20 10:30:00,True,10:30:00,2024-02-20
12043,2024-02-20 10:45:00,True,10:45:00,2024-02-20
12044,2024-02-20 11:00:00,True,11:00:00,2024-02-20
12045,2024-02-20 11:15:00,True,11:15:00,2024-02-20
12046,2024-02-20 11:30:00,True,11:30:00,2024-02-20
12047,2024-02-20 11:45:00,True,11:45:00,2024-02-20
12048,2024-02-20 12:00:00,True,12:00:00,2024-02-20
12049,2024-02-20 12:15:00,True,12:15:00,2024-02-20
12050,2024-02-20 12:30:00,True,12:30:00,2024-02-20
12051,2024-02-20 12:45:00,True,12:45:00,2024-02-20
12052,2024-02-20 13:00:00,True,13:00:00,2024-02-20
12053,2024-02-20 13:15:00,True,13:15:00,2024-02-20
12054,2024-02-20 13:30:00,True,13:30:00,2024-02-20
12055,2024-02-20 13:45:00,True,13:45:00,2024-02-20
12056,2024-02-20 14:00:00,True,14:00:00,2024-02-20
12057,2024-02-20 14:15:00,True,14:15:00,2024-02-20
12058,2024-02-20 14:30:00,True,14:30:00,2024-02-20
12059,2024-02-20 14:45:00,True,14:45:00,2024-02-20
12060,2024-02-20 15:00:00,True,15:00:00,2024-02-20
12061,2024-02-20 15:15:00,True,15:15:00,2024-02-20
12062,2024-02-20 15:30:00,True,15:30:00,2024-02-20
12063,2024-02-20 15:45:00,True,15:45:00,2024-02-20
12064,2024-02-20 16:00:00,True,16:00:00,2024-02-20
12065,2024-02-20 16:15:00,True,16:15:00,2024-02-20
12066,2024-02-20 16:30:00,True,16:30:00,2024-02-20
12067,2024-02-20 16:45:00,True,16:45:00,2024-02-20
12068,2024-02-20 17:00:00,True,17:00:00,2024-02-20
12069,2024-02-20 17:15:00,True,17:15:00,2024-02-20
12070,2024-02-20 17:30:00,True,17:30:00,2024-02-20
12071,2024-02-20 17:45:00,True,17:45:00,2024-02-20
12072,2024-02-20 18:00:00,True,18:00:00,2024-02-20
12073,2024-02-20 18:15:00,True,18:15:00,2024-02-20
12074,2024-02-20 18:30:00,True,18:30:00,2024-02-20
12075,2024-02-20 18:45:00,True,18:45:00,2024-02-20
12076,2024-02-20 19:00:00,True,19:00:00,2024-02-20
12077,2024-02-20 19:15:00,True,19:15:00,2024-02-20
12078,2024-02-20 19:30:00,True,19:30:00,2024-02-20
12079,2024-02-20 19:45:00,True,19:45:00,2024-02-20
12080,2024-02-20 20:00:00,True,20:00:00,2024-02-20
12081,2024-02-20 20:15:00,True,20:15:00,2024-02-20
12082,2024-02-20 20:30:00,True,20:30:00,2024-02-20
12083,2024-02-20 20:45:00,True,20:45:00,2024-02-20
12084,2024-02-20 21:00:00,True,21:00:00,2024-02-20
12085,2024-02-20 21:15:00,True,21:15:00,2024-02-20
12086,2024-02-20 21:30:00,True,21:30:00,2024-02-20
12087,2024-02-20 21:45:00,True,21:45:00,2024-02-20
12088,2024-02-20 22:00:00,True,22:00:00,2024-02-20
12089,2024-02-20 22:15:00,True,22:15:00,2024-02-20
12090,2024-02-20 22:30:00,True,22:30:00,2024-02-20
12091,2024-02-20 22:45:00,True,22:45:00,2024-02-20
12092,2024-02-20 23:00:00,True,23:00:00,2024-02-20
12093,2024-02-20 23:15:00,True,23:15:00,2024-02-20
12094,2024-02-20 23:30:00,True,23:30:00,2024-02-20
12095,2024-02-20 23:45:00,True,23:45:00,2024-02-20
12096,2024-02-21 00:00:00,True,00:00:00,2024-02-21
12097,2024-02-21 00:15:00,True,00:15:00,2024-02-21
12098,2024-02-21 00:30:00,True,00:30:00,2024-02-21
12099,2024-02-21 00:45:00,True,00:45:00,2024-02-21
12100,2024-02-21 01:00:00,True,01:00:00,2024-02-21
12101,2024-02-21 01:15:00,True,01:15:00,2024-02-21
12102,2024-02-21 01:30:00,True,01:30:00,2024-02-21
12103,2024-02-21 01:45:00,True,01:45:00,2024-02-21
12104,2024-02-21 02:00:00,True,02:00:00,2024-02-21
12105,2024-02-21 02:15:00,True,02:15:00,2024-02-21
12106,2024-02-21 02:30:00,True,02:30:00,2024-02-21
12107,2024-02-21 02:45:00,True,02:45:00,2024-02-21
12108,2024-02-21 03:00:00,True,03:00:00,2024-02-21
12109,2024-02-21 03:15:00,True,03:15:00,2024-02-21
12110,2024-02-21 03:30:00,True,03:30:00,2024-02-21
12111,2024-02-21 03:45:00,True,03:45:00,2024-02-21
12112,2024-02-21 04:00:00,True,04:00:00,2024-02-21
12113,2024-02-21 04:15:00,True,04:15:00,2024-02-21
12114,2024-02-21 04:30:00,True,04:30:00,2024-02-21
12115,2024-02-21 04:45:00,True,04:45:00,2024-02-21
12116,2024-02-21 05:00:00,True,05:00:00,2024-02-21
12117,2024-02-21 05:15:00,True,05:15:00,2024-02-21
12118,2024-02-21 05:30:00,True,05:30:00,2024-02-21
12119,2024-02-21 05:45:00,True,05:45:00,2024-02-21
12120,2024-02-21 06:00:00,True,06:00:00,2024-02-21
12121,2024-02-21 06:15:00,True,06:15:00,2024-02-21
12122,2024-02-21 06:30:00,True,06:30:00,2024-02-21
12123,2024-02-21 06:45:00,True,06:45:00,2024-02-21
12124,2024-02-21 07:00:00,True,07:00:00,2024-02-21
12125,2024-02-21 07:15:00,True,07:15:00,2024-02-21
12126,2024-02-21 07:30:00,True,07:30:00,2024-02-21
12127,2024-02-21 07:45:00,True,07:45:00,2024-02-21
12128,2024-02-21 08:00:00,True,08:00:00,2024-02-21
12129,2024-02-21 08:15:00,True,08:15:00,2024-02-21
12130,2024-02-21 08:30:00,True,08:30:00,2024-02-21
12131,2024-02-21 08:45:00,True,08:45:00,2024-02-21
12132,2024-02-21 09:00:00,True,09:00:00,2024-02-21
12133,2024-02-21 09:15:00,True,09:15:00,2024-02-21
12134,2024-02-21 09:30:00,True,09:30:00,2024-02-21
12135,2024-02-21 09:45:00,True,09:45:00,2024-02-21
12136,2024-02-21 10:00:00,True,10:00:00,2024-02-21
12137,2024-02-21 10:15:00,True,10:15:00,2024-02-21
12138,2024-02-21 10:30:00,True,10:30:00,2024-02-21
12139,2024-02-21 10:45:00,True,10:45:00,2024-02-21
12140,2024-02-21 11:00:00,True,11:00:00,2024-02-21
12141,2024-02-21 11:15:00,True,11:15:00,2024-02-21
12142,2024-02-21 11:30:00,True,11:30:00,2024-02-21
12143,2024-02-21 11:45:00,True,11:45:00,2024-02-21
12144,2024-02-21 12:00:00,True,12:00:00,2024-02-21
12145,2024-02-21 12:15:00,True,12:15:00,2024-02-21
12146,2024-02-21 12:30:00,True,12:30:00,2024-02-21
12147,2024-02-21 12:45:00,True,12:45:00,2024-02-21
12148,2024-02-21 13:00:00,True,13:00:00,2024-02-21
12149,2024-02-21 13:15:00,True,13:15:00,2024-02-21
12150,2024-02-21 13:30:00,True,13:30:00,2024-02-21
12151,2024-02-21 13:45:00,True,13:45:00,2024-02-21
12152,2024-02-21 14:00:00,True,14:00:00,2024-02-21
12153,2024-02-21 14:15:00,True,14:15:00,2024-02-21
12154,2024-02-21 14:30:00,True,14:30:00,2024-02-21
12155,2024-02-21 14:45:00,True,14:45:00,2024-02-21
12156,2024-02-21 15:00:00,True,15:00:00,2024-02-21
12157,2024-02-21 15:15:00,True,15:15:00,2024-02-21
12158,2024-02-21 15:30:00,True,15:30:00,2024-02-21
12159,2024-02-21 15:45:00,True,15:45:00,2024-02-21
12160,2024-02-21 16:00:00,True,16:00:00,2024-02-21
12161,2024-02-21 16:15:00,True,16:15:00,2024-02-21
12162,2024-02-21 16:30:00,True,16:30:00,2024-02-21
12163,2024-02-21 16:45:00,True,16:45:00,2024-02-21
12164,2024-02-21 17:00:00,True,17:00:00,2024-02-21
12165,2024-02-21 17:15:00,True,17:15:00,2024-02-21
12166,2024-02-21 17:30:00,True,17:30:00,2024-02-21
12167,2024-02-21 17:45:00,True,17:45:00,2024-02-21
12168,2024-02-21 18:00:00,True,18:00:00,2024-02-21
12169,2024-02-21 18:15:00,True,18:15:00,2024-02-21
12170,2024-02-21 18:30:00,True,18:30:00,2024-02-21
12171,2024-02-21 18:45:00,True,18:45:00,2024-02-21
12172,2024-02-21 19:00:00,True,19:00:00,2024-02-21
12173,2024-02-21 19:15:00,True,19:15:00,2024-02-21
12174,2024-02-21 19:30:00,True,19:30:00,2024-02-21
12175,2024-02-21 19:45:00,True,19:45:00,2024-02-21
12176,2024-02-21 20:00:00,True,20:00:00,2024-02-21
12177,2024-02-21 20:15:00,True,20:15:00,2024-02-21
12178,2024-02-21 20:30:00,True,20:30:00,2024-02-21
12179,2024-02-21 20:45:00,True,20:45:00,2024-02-21
12180,2024-02-21 21:00:00,True,21:00:00,2024-02-21
12181,2024-02-21 21:15:00,True,21:15:00,2024-02-21
12182,2024-02-21 21:30:00,True,21:30:00,2024-02-21
12183,2024-02-21 21:45:00,True,21:45:00,2024-02-21
12184,2024-02-21 22:00:00,True,22:00:00,2024-02-21
12185,2024-02-21 22:15:00,True,22:15:00,2024-02-21
12186,2024-02-21 22:30:00,True,22:30:00,2024-02-21
12187,2024-02-21 22:45:00,True,22:45:00,2024-02-21
12188,2024-02-21 23:00:00,True,23:00:00,2024-02-21
12189,2024-02-21 23:15:00,True,23:15:00,2024-02-21
12190,2024-02-21 23:30:00,True,23:30:00,2024-02-21
12191,2024-02-21 23:45:00,True,23:45:00,2024-02-21
12192,2024-02-22 00:00:00,True,00:00:00,2024-02-22
12193,2024-02-22 00:15:00,True,00:15:00,2024-02-22
12194,2024-02-22 00:30:00,True,00:30:00,2024-02-22
12195,2024-02-22 00:45:00,True,00:45:00,2024-02-22
12196,2024-02-22 01:00:00,True,01:00:00,2024-02-22
12197,2024-02-22 01:15:00,True,01:15:00,2024-02-22
12198,2024-02-22 01:30:00,True,01:30:00,2024-02-22
12199,2024-02-22 01:45:00,True,01:45:00,2024-02-22
12200,2024-02-22 02:00:00,True,02:00:00,2024-02-22
12201,2024-02-22 02:15:00,True,02:15:00,2024-02-22
12202,2024-02-22 02:30:00,True,02:30:00,2024-02-22
12203,2024-02-22 02:45:00,True,02:45:00,2024-02-22
12204,2024-02-22 03:00:00,True,03:00:00,2024-02-22
12205,2024-02-22 03:15:00,True,03:15:00,2024-02-22
12206,2024-02-22 03:30:00,True,03:30:00,2024-02-22
12207,2024-02-22 03:45:00,True,03:45:00,2024-02-22
12208,2024-02-22 04:00:00,True,04:00:00,2024-02-22
12209,2024-02-22 04:15:00,True,04:15:00,2024-02-22
12210,2024-02-22 04:30:00,True,04:30:00,2024-02-22
12211,2024-02-22 04:45:00,True,04:45:00,2024-02-22
12212,2024-02-22 05:00:00,True,05:00:00,2024-02-22
12213,2024-02-22 05:15:00,True,05:15:00,2024-02-22
12214,2024-02-22 05:30:00,True,05:30:00,2024-02-22
12215,2024-02-22 05:45:00,True,05:45:00,2024-02-22
12216,2024-02-22 06:00:00,True,06:00:00,2024-02-22
12217,2024-02-22 06:15:00,True,06:15:00,2024-02-22
12218,2024-02-22 06:30:00,True,06:30:00,2024-02-22
12219,2024-02-22 06:45:00,True,06:45:00,2024-02-22
12220,2024-02-22 07:00:00,True,07:00:00,2024-02-22
12221,2024-02-22 07:15:00,True,07:15:00,2024-02-22
12222,2024-02-22 07:30:00,True,07:30:00,2024-02-22
12223,2024-02-22 07:45:00,True,07:45:00,2024-02-22
12224,2024-02-22 08:00:00,True,08:00:00,2024-02-22
12225,2024-02-22 08:15:00,True,08:15:00,2024-02-22
12226,2024-02-22 08:30:00,True,08:30:00,2024-02-22
12227,2024-02-22 08:45:00,True,08:45:00,2024-02-22
12228,2024-02-22 09:00:00,True,09:00:00,2024-02-22
12229,2024-02-22 09:15:00,True,09:15:00,2024-02-22
12230,2024-02-22 09:30:00,True,09:30:00,2024-02-22
12231,2024-02-22 09:45:00,True,09:45:00,2024-02-22
12232,2024-02-22 10:00:00,True,10:00:00,2024-02-22
12233,2024-02-22 10:15:00,True,10:15:00,2024-02-22
12234,2024-02-22 10:30:00,True,10:30:00,2024-02-22
12235,2024-02-22 10:45:00,True,10:45:00,2024-02-22
12236,2024-02-22 11:00:00,True,11:00:00,2024-02-22
12237,2024-02-22 11:15:00,True,11:15:00,2024-02-22
12238,2024-02-22 11:30:00,True,11:30:00,2024-02-22
12239,2024-02-22 11:45:00,True,11:45:00,2024-02-22
12240,2024-02-22 12:00:00,True,12:00:00,2024-02-22
12241,2024-02-22 12:15:00,True,12:15:00,2024-02-22
12242,2024-02-22 12:30:00,True,12:30:00,2024-02-22
12243,2024-02-22 12:45:00,True,12:45:00,2024-02-22
12244,2024-02-22 13:00:00,True,13:00:00,2024-02-22
12245,2024-02-22 13:15:00,True,13:15:00,2024-02-22
12246,2024-02-22 13:30:00,True,13:30:00,2024-02-22
12247,2024-02-22 13:45:00,True,13:45:00,2024-02-22
12248,2024-02-22 14:00:00,True,14:00:00,2024-02-22
12249,2024-02-22 14:15:00,True,14:15:00,2024-02-22
12250,2024-02-22 14:30:00,True,14:30:00,2024-02-22
12251,2024-02-22 14:45:00,True,14:45:00,2024-02-22
12252,2024-02-22 15:00:00,True,15:00:00,2024-02-22
12253,2024-02-22 15:15:00,True,15:15:00,2024-02-22
12254,2024-02-22 15:30:00,True,15:30:00,2024-02-22
12255,2024-02-22 15:45:00,True,15:45:00,2024-02-22
12256,2024-02-22 16:00:00,True,16:00:00,2024-02-22
12257,2024-02-22 16:15:00,True,16:15:00,2024-02-22
12258,2024-02-22 16:30:00,True,16:30:00,2024-02-22
12259,2024-02-22 16:45:00,True,16:45:00,2024-02-22
12260,2024-02-22 17:00:00,True,17:00:00,2024-02-22
12261,2024-02-22 17:15:00,True,17:15:00,2024-02-22
12262,2024-02-22 17:30:00,True,17:30:00,2024-02-22
12263,2024-02-22 17:45:00,True,17:45:00,2024-02-22
12264,2024-02-22 18:00:00,True,18:00:00,2024-02-22
12265,2024-02-22 18:15:00,True,18:15:00,2024-02-22
12266,2024-02-22 18:30:00,True,18:30:00,2024-02-22
12267,2024-02-22 18:45:00,True,18:45:00,2024-02-22
12268,2024-02-22 19:00:00,True,19:00:00,2024-02-22
12269,2024-02-22 19:15:00,True,19:15:00,2024-02-22
12270,2024-02-22 19:30:00,True,19:30:00,2024-02-22
12271,2024-02-22 19:45:00,True,19:45:00,2024-02-22
12272,2024-02-22 20:00:00,True,20:00:00,2024-02-22
12273,2024-02-22 20:15:00,True,20:15:00,2024-02-22
12274,2024-02-22 20:30:00,True,20:30:00,2024-02-22
12275,2024-02-22 20:45:00,True,20:45:00,2024-02-22
12276,2024-02-22 21:00:00,True,21:00:00,2024-02-22
12277,2024-02-22 21:15:00,True,21:15:00,2024-02-22
12278,2024-02-22 21:30:00,True,21:30:00,2024-02-22
12279,2024-02-22 21:45:00,True,21:45:00,2024-02-22
12280,2024-02-22 22:00:00,True,22:00:00,2024-02-22
12281,2024-02-22 22:15:00,True,22:15:00,2024-02-22
12282,2024-02-22 22:30:00,True,22:30:00,2024-02-22
12283,2024-02-22 22:45:00,True,22:45:00,2024-02-22
12284,2024-02-22 23:00:00,True,23:00:00,2024-02-22
12285,2024-02-22 23:15:00,True,23:15:00,2024-02-22
12286,2024-02-22 23:30:00,True,23:30:00,2024-02-22
12287,2024-02-22 23:45:00,True,23:45:00,2024-02-22
12288,2024-02-23 00:00:00,True,00:00:00,2024-02-23
12289,2024-02-23 00:15:00,True,00:15:00,2024-02-23
12290,2024-02-23 00:30:00,True,00:30:00,2024-02-23
12291,2024-02-23 00:45:00,True,00:45:00,2024-02-23
12292,2024-02-23 01:00:00,True,01:00:00,2024-02-23
12293,2024-02-23 01:15:00,True,01:15:00,2024-02-23
12294,2024-02-23 01:30:00,True,01:30:00,2024-02-23
12295,2024-02-23 01:45:00,True,01:45:00,2024-02-23
12296,2024-02-23 02:00:00,True,02:00:00,2024-02-23
12297,2024-02-23 02:15:00,True,02:15:00,2024-02-23
12298,2024-02-23 02:30:00,True,02:30:00,2024-02-23
12299,2024-02-23 02:45:00,True,02:45:00,2024-02-23
12300,2024-02-23 03:00:00,True,03:00:00,2024-02-23
12301,2024-02-23 03:15:00,True,03:15:00,2024-02-23
12302,2024-02-23 03:30:00,True,03:30:00,2024-02-23
12303,2024-02-23 03:45:00,True,03:45:00,2024-02-23
12304,2024-02-23 04:00:00,True,04:00:00,2024-02-23
12305,2024-02-23 04:15:00,True,04:15:00,2024-02-23
12306,2024-02-23 04:30:00,True,04:30:00,2024-02-23
12307,2024-02-23 04:45:00,True,04:45:00,2024-02-23
12308,2024-02-23 05:00:00,True,05:00:00,2024-02-23
12309,2024-02-23 05:15:00,True,05:15:00,2024-02-23
12310,2024-02-23 05:30:00,True,05:30:00,2024-02-23
12311,2024-02-23 05:45:00,True,05:45:00,2024-02-23
12312,2024-02-23 06:00:00,True,06:00:00,2024-02-23
12313,2024-02-23 06:15:00,True,06:15:00,2024-02-23
12314,2024-02-23 06:30:00,True,06:30:00,2024-02-23
12315,2024-02-23 06:45:00,True,06:45:00,2024-02-23
12316,2024-02-23 07:00:00,True,07:00:00,2024-02-23
12317,2024-02-23 07:15:00,True,07:15:00,2024-02-23
12318,2024-02-23 07:30:00,True,07:30:00,2024-02-23
12319,2024-02-23 07:45:00,True,07:45:00,2024-02-23
12320,2024-02-23 08:00:00,True,08:00:00,2024-02-23
12321,2024-02-23 08:15:00,True,08:15:00,2024-02-23
12322,2024-02-23 08:30:00,True,08:30:00,2024-02-23
12323,2024-02-23 08:45:00,True,08:45:00,2024-02-23
12324,2024-02-23 09:00:00,True,09:00:00,2024-02-23
12325,2024-02-23 09:15:00,True,09:15:00,2024-02-23
12326,2024-02-23 09:30:00,True,09:30:00,2024-02-23
12327,2024-02-23 09:45:00,True,09:45:00,2024-02-23
12328,2024-02-23 10:00:00,True,10:00:00,2024-02-23
12329,2024-02-23 10:15:00,True,10:15:00,2024-02-23
12330,2024-02-23 10:30:00,True,10:30:00,2024-02-23
12331,2024-02-23 10:45:00,True,10:45:00,2024-02-23
12332,2024-02-23 11:00:00,True,11:00:00,2024-02-23
12333,2024-02-23 11:15:00,True,11:15:00,2024-02-23
12334,2024-02-23 11:30:00,True,11:30:00,2024-02-23
12335,2024-02-23 11:45:00,True,11:45:00,2024-02-23
12336,2024-02-23 12:00:00,True,12:00:00,2024-02-23
12337,2024-02-23 12:15:00,True,12:15:00,2024-02-23
12338,2024-02-23 12:30:00,True,12:30:00,2024-02-23
12339,2024-02-23 12:45:00,True,12:45:00,2024-02-23
12340,2024-02-23 13:00:00,True,13:00:00,2024-02-23
12341,2024-02-23 13:15:00,True,13:15:00,2024-02-23
12342,2024-02-23 13:30:00,True,13:30:00,2024-02-23
12343,2024-02-23 13:45:00,True,13:45:00,2024-02-23
12344,2024-02-23 14:00:00,True,14:00:00,2024-02-23
12345,2024-02-23 14:15:00,True,14:15:00,2024-02-23
12346,2024-02-23 14:30:00,True,14:30:00,2024-02-23
12347,2024-02-23 14:45:00,True,14:45:00,2024-02-23
12348,2024-02-23 15:00:00,True,15:00:00,2024-02-23
12349,2024-02-23 15:15:00,True,15:15:00,2024-02-23
12350,2024-02-23 15:30:00,True,15:30:00,2024-02-23
12351,2024-02-23 15:45:00,True,15:45:00,2024-02-23
12352,2024-02-23 16:00:00,True,16:00:00,2024-02-23
12353,2024-02-23 16:15:00,True,16:15:00,2024-02-23
12354,2024-02-23 16:30:00,True,16:30:00,2024-02-23
12355,2024-02-23 16:45:00,True,16:45:00,2024-02-23
12356,2024-02-23 17:00:00,True,17:00:00,2024-02-23
12357,2024-02-23 17:15:00,True,17:15:00,2024-02-23
12358,2024-02-23 17:30:00,True,17:30:00,2024-02-23
12359,2024-02-23 17:45:00,True,17:45:00,2024-02-23
12360,2024-02-23 18:00:00,True,18:00:00,2024-02-23
12361,2024-02-23 18:15:00,True,18:15:00,2024-02-23
12362,2024-02-23 18:30:00,True,18:30:00,2024-02-23
12363,2024-02-23 18:45:00,True,18:45:00,2024-02-23
12364,2024-02-23 19:00:00,True,19:00:00,2024-02-23
12365,2024-02-23 19:15:00,True,19:15:00,2024-02-23
12366,2024-02-23 19:30:00,True,19:30:00,2024-02-23
12367,2024-02-23 19:45:00,True,19:45:00,2024-02-23
12368,2024-02-23 20:00:00,True,20:00:00,2024-02-23
12369,2024-02-23 20:15:00,True,20:15:00,2024-02-23
12370,2024-02-23 20:30:00,True,20:30:00,2024-02-23
12371,2024-02-23 20:45:00,True,20:45:00,2024-02-23
12372,2024-02-23 21:00:00,True,21:00:00,2024-02-23
12373,2024-02-23 21:15:00,True,21:15:00,2024-02-23
12374,2024-02-23 21:30:00,True,21:30:00,2024-02-23
12375,2024-02-23 21:45:00,True,21:45:00,2024-02-23
12376,2024-02-23 22:00:00,True,22:00:00,2024-02-23
12377,2024-02-23 22:15:00,True,22:15:00,2024-02-23
12378,2024-02-23 22:30:00,True,22:30:00,2024-02-23
12379,2024-02-23 22:45:00,True,22:45:00,2024-02-23
12380,2024-02-23 23:00:00,True,23:00:00,2024-02-23
12381,2024-02-23 23:15:00,True,23:15:00,2024-02-23
12382,2024-02-23 23:30:00,True,23:30:00,2024-02-23
12383,2024-02-23 23:45:00,True,23:45:00,2024-02-23
12384,2024-02-24 00:00:00,True,00:00:00,2024-02-24
12385,2024-02-24 00:15:00,True,00:15:00,2024-02-24
12386,2024-02-24 00:30:00,True,00:30:00,2024-02-24
12387,2024-02-24 00:45:00,True,00:45:00,2024-02-24
12388,2024-02-24 01:00:00,True,01:00:00,2024-02-24
12389,2024-02-24 01:15:00,True,01:15:00,2024-02-24
12390,2024-02-24 01:30:00,True,01:30:00,2024-02-24
12391,2024-02-24 01:45:00,True,01:45:00,2024-02-24
12392,2024-02-24 02:00:00,True,02:00:00,2024-02-24
12393,2024-02-24 02:15:00,True,02:15:00,2024-02-24
12394,2024-02-24 02:30:00,True,02:30:00,2024-02-24
12395,2024-02-24 02:45:00,True,02:45:00,2024-02-24
12396,2024-02-24 03:00:00,True,03:00:00,2024-02-24
12397,2024-02-24 03:15:00,True,03:15:00,2024-02-24
12398,2024-02-24 03:30:00,True,03:30:00,2024-02-24
12399,2024-02-24 03:45:00,True,03:45:00,2024-02-24
12400,2024-02-24 04:00:00,True,04:00:00,2024-02-24
12401,2024-02-24 04:15:00,True,04:15:00,2024-02-24
12402,2024-02-24 04:30:00,True,04:30:00,2024-02-24
12403,2024-02-24 04:45:00,True,04:45:00,2024-02-24
12404,2024-02-24 05:00:00,True,05:00:00,2024-02-24
12405,2024-02-24 05:15:00,True,05:15:00,2024-02-24
12406,2024-02-24 05:30:00,True,05:30:00,2024-02-24
12407,2024-02-24 05:45:00,True,05:45:00,2024-02-24
12408,2024-02-24 06:00:00,True,06:00:00,2024-02-24
12409,2024-02-24 06:15:00,True,06:15:00,2024-02-24
12410,2024-02-24 06:30:00,True,06:30:00,2024-02-24
12411,2024-02-24 06:45:00,True,06:45:00,2024-02-24
12412,2024-02-24 07:00:00,True,07:00:00,2024-02-24
12413,2024-02-24 07:15:00,True,07:15:00,2024-02-24
12414,2024-02-24 07:30:00,True,07:30:00,2024-02-24
12415,2024-02-24 07:45:00,True,07:45:00,2024-02-24
12416,2024-02-24 08:00:00,True,08:00:00,2024-02-24
12417,2024-02-24 08:15:00,True,08:15:00,2024-02-24
12418,2024-02-24 08:30:00,True,08:30:00,2024-02-24
12419,2024-02-24 08:45:00,True,08:45:00,2024-02-24
12420,2024-02-24 09:00:00,True,09:00:00,2024-02-24
12421,2024-02-24 09:15:00,True,09:15:00,2024-02-24
12422,2024-02-24 09:30:00,True,09:30:00,2024-02-24
12423,2024-02-24 09:45:00,True,09:45:00,2024-02-24
12424,2024-02-24 10:00:00,True,10:00:00,2024-02-24
12425,2024-02-24 10:15:00,True,10:15:00,2024-02-24
12426,2024-02-24 10:30:00,True,10:30:00,2024-02-24
12427,2024-02-24 10:45:00,True,10:45:00,2024-02-24
12428,2024-02-24 11:00:00,True,11:00:00,2024-02-24
12429,2024-02-24 11:15:00,True,11:15:00,2024-02-24
12430,2024-02-24 11:30:00,True,11:30:00,2024-02-24
12431,2024-02-24 11:45:00,True,11:45:00,2024-02-24
12432,2024-02-24 12:00:00,True,12:00:00,2024-02-24
12433,2024-02-24 12:15:00,True,12:15:00,2024-02-24
12434,2024-02-24 12:30:00,True,12:30:00,2024-02-24
12435,2024-02-24 12:45:00,True,12:45:00,2024-02-24
12436,2024-02-24 13:00:00,True,13:00:00,2024-02-24
12437,2024-02-24 13:15:00,True,13:15:00,2024-02-24
12438,2024-02-24 13:30:00,True,13:30:00,2024-02-24
12439,2024-02-24 13:45:00,True,13:45:00,2024-02-24
12440,2024-02-24 14:00:00,True,14:00:00,2024-02-24
12441,2024-02-24 14:15:00,True,14:15:00,2024-02-24
12442,2024-02-24 14:30:00,True,14:30:00,2024-02-24
12443,2024-02-24 14:45:00,True,14:45:00,2024-02-24
12444,2024-02-24 15:00:00,True,15:00:00,2024-02-24
12445,2024-02-24 15:15:00,True,15:15:00,2024-02-24
12446,2024-02-24 15:30:00,True,15:30:00,2024-02-24
12447,2024-02-24 15:45:00,True,15:45:00,2024-02-24
12448,2024-02-24 16:00:00,True,16:00:00,2024-02-24
12449,2024-02-24 16:15:00,True,16:15:00,2024-02-24
12450,2024-02-24 16:30:00,True,16:30:00,2024-02-24
12451,2024-02-24 16:45:00,True,16:45:00,2024-02-24
12452,2024-02-24 17:00:00,True,17:00:00,2024-02-24
12453,2024-02-24 17:15:00,True,17:15:00,2024-02-24
12454,2024-02-24 17:30:00,True,17:30:00,2024-02-24
12455,2024-02-24 17:45:00,True,17:45:00,2024-02-24
12456,2024-02-24 18:00:00,True,18:00:00,2024-02-24
12457,2024-02-24 18:15:00,True,18:15:00,2024-02-24
12458,2024-02-24 18:30:00,True,18:30:00,2024-02-24
12459,2024-02-24 18:45:00,True,18:45:00,2024-02-24
12460,2024-02-24 19:00:00,True,19:00:00,2024-02-24
12461,2024-02-24 19:15:00,True,19:15:00,2024-02-24
12462,2024-02-24 19:30:00,True,19:30:00,2024-02-24
12463,2024-02-24 19:45:00,True,19:45:00,2024-02-24
12464,2024-02-24 20:00:00,True,20:00:00,2024-02-24
12465,2024-02-24 20:15:00,True,20:15:00,2024-02-24
12466,2024-02-24 20:30:00,True,20:30:00,2024-02-24
12467,2024-02-24 20:45:00,True,20:45:00,2024-02-24
12468,2024-02-24 21:00:00,True,21:00:00,2024-02-24
12469,2024-02-24 21:15:00,True,21:15:00,2024-02-24
12470,2024-02-24 21:30:00,True,21:30:00,2024-02-24
12471,2024-02-24 21:45:00,True,21:45:00,2024-02-24
12472,2024-02-24 22:00:00,True,22:00:00,2024-02-24
12473,2024-02-24 22:15:00,True,22:15:00,2024-02-24
12474,2024-02-24 22:30:00,True,22:30:00,2024-02-24
12475,2024-02-24 22:45:00,True,22:45:00,2024-02-24
12476,2024-02-24 23:00:00,True,23:00:00,2024-02-24
12477,2024-02-24 23:15:00,True,23:15:00,2024-02-24
12478,2024-02-24 23:30:00,True,23:30:00,2024-02-24
12479,2024-02-24 23:45:00,True,23:45:00,2024-02-24
