,interval_start,missflg,15_min_chunk,date
0,2023-12-14 00:00:00,True,00:00:00,2023-12-14
1,2023-12-14 00:15:00,True,00:15:00,2023-12-14
2,2023-12-14 00:30:00,True,00:30:00,2023-12-14
3,2023-12-14 00:45:00,True,00:45:00,2023-12-14
4,2023-12-14 01:00:00,True,01:00:00,2023-12-14
5,2023-12-14 01:15:00,True,01:15:00,2023-12-14
6,2023-12-14 01:30:00,True,01:30:00,2023-12-14
7,2023-12-14 01:45:00,True,01:45:00,2023-12-14
8,2023-12-14 02:00:00,True,02:00:00,2023-12-14
9,2023-12-14 02:15:00,True,02:15:00,2023-12-14
10,2023-12-14 02:30:00,True,02:30:00,2023-12-14
11,2023-12-14 02:45:00,True,02:45:00,2023-12-14
12,2023-12-14 03:00:00,True,03:00:00,2023-12-14
13,2023-12-14 03:15:00,True,03:15:00,2023-12-14
14,2023-12-14 03:30:00,True,03:30:00,2023-12-14
15,2023-12-14 03:45:00,True,03:45:00,2023-12-14
16,2023-12-14 04:00:00,True,04:00:00,2023-12-14
17,2023-12-14 04:15:00,True,04:15:00,2023-12-14
18,2023-12-14 04:30:00,True,04:30:00,2023-12-14
19,2023-12-14 04:45:00,True,04:45:00,2023-12-14
20,2023-12-14 05:00:00,True,05:00:00,2023-12-14
21,2023-12-14 05:15:00,True,05:15:00,2023-12-14
22,2023-12-14 05:30:00,True,05:30:00,2023-12-14
23,2023-12-14 05:45:00,True,05:45:00,2023-12-14
24,2023-12-14 06:00:00,True,06:00:00,2023-12-14
25,2023-12-14 06:15:00,True,06:15:00,2023-12-14
26,2023-12-14 06:30:00,True,06:30:00,2023-12-14
27,2023-12-14 06:45:00,True,06:45:00,2023-12-14
28,2023-12-14 07:00:00,True,07:00:00,2023-12-14
29,2023-12-14 07:15:00,True,07:15:00,2023-12-14
30,2023-12-14 07:30:00,True,07:30:00,2023-12-14
31,2023-12-14 07:45:00,True,07:45:00,2023-12-14
32,2023-12-14 08:00:00,True,08:00:00,2023-12-14
33,2023-12-14 08:15:00,True,08:15:00,2023-12-14
34,2023-12-14 08:30:00,True,08:30:00,2023-12-14
35,2023-12-14 08:45:00,True,08:45:00,2023-12-14
36,2023-12-14 09:00:00,True,09:00:00,2023-12-14
37,2023-12-14 09:15:00,True,09:15:00,2023-12-14
38,2023-12-14 09:30:00,True,09:30:00,2023-12-14
39,2023-12-14 09:45:00,True,09:45:00,2023-12-14
40,2023-12-14 10:00:00,False,10:00:00,2023-12-14
41,2023-12-14 10:15:00,False,10:15:00,2023-12-14
42,2023-12-14 10:30:00,False,10:30:00,2023-12-14
43,2023-12-14 10:45:00,False,10:45:00,2023-12-14
44,2023-12-14 11:00:00,False,11:00:00,2023-12-14
45,2023-12-14 11:15:00,False,11:15:00,2023-12-14
46,2023-12-14 11:30:00,False,11:30:00,2023-12-14
47,2023-12-14 11:45:00,False,11:45:00,2023-12-14
48,2023-12-14 12:00:00,False,12:00:00,2023-12-14
49,2023-12-14 12:15:00,False,12:15:00,2023-12-14
50,2023-12-14 12:30:00,False,12:30:00,2023-12-14
51,2023-12-14 12:45:00,False,12:45:00,2023-12-14
52,2023-12-14 13:00:00,False,13:00:00,2023-12-14
53,2023-12-14 13:15:00,False,13:15:00,2023-12-14
54,2023-12-14 13:30:00,False,13:30:00,2023-12-14
55,2023-12-14 13:45:00,False,13:45:00,2023-12-14
56,2023-12-14 14:00:00,False,14:00:00,2023-12-14
57,2023-12-14 14:15:00,False,14:15:00,2023-12-14
58,2023-12-14 14:30:00,False,14:30:00,2023-12-14
59,2023-12-14 14:45:00,False,14:45:00,2023-12-14
60,2023-12-14 15:00:00,False,15:00:00,2023-12-14
61,2023-12-14 15:15:00,False,15:15:00,2023-12-14
62,2023-12-14 15:30:00,False,15:30:00,2023-12-14
63,2023-12-14 15:45:00,True,15:45:00,2023-12-14
64,2023-12-14 16:00:00,True,16:00:00,2023-12-14
65,2023-12-14 16:15:00,True,16:15:00,2023-12-14
66,2023-12-14 16:30:00,True,16:30:00,2023-12-14
67,2023-12-14 16:45:00,True,16:45:00,2023-12-14
68,2023-12-14 17:00:00,True,17:00:00,2023-12-14
69,2023-12-14 17:15:00,True,17:15:00,2023-12-14
70,2023-12-14 17:30:00,True,17:30:00,2023-12-14
71,2023-12-14 17:45:00,True,17:45:00,2023-12-14
72,2023-12-14 18:00:00,True,18:00:00,2023-12-14
73,2023-12-14 18:15:00,True,18:15:00,2023-12-14
74,2023-12-14 18:30:00,True,18:30:00,2023-12-14
75,2023-12-14 18:45:00,True,18:45:00,2023-12-14
76,2023-12-14 19:00:00,True,19:00:00,2023-12-14
77,2023-12-14 19:15:00,True,19:15:00,2023-12-14
78,2023-12-14 19:30:00,True,19:30:00,2023-12-14
79,2023-12-14 19:45:00,True,19:45:00,2023-12-14
80,2023-12-14 20:00:00,True,20:00:00,2023-12-14
81,2023-12-14 20:15:00,True,20:15:00,2023-12-14
82,2023-12-14 20:30:00,True,20:30:00,2023-12-14
83,2023-12-14 20:45:00,True,20:45:00,2023-12-14
84,2023-12-14 21:00:00,True,21:00:00,2023-12-14
85,2023-12-14 21:15:00,True,21:15:00,2023-12-14
86,2023-12-14 21:30:00,True,21:30:00,2023-12-14
87,2023-12-14 21:45:00,True,21:45:00,2023-12-14
88,2023-12-14 22:00:00,True,22:00:00,2023-12-14
89,2023-12-14 22:15:00,True,22:15:00,2023-12-14
90,2023-12-14 22:30:00,True,22:30:00,2023-12-14
91,2023-12-14 22:45:00,True,22:45:00,2023-12-14
92,2023-12-14 23:00:00,True,23:00:00,2023-12-14
93,2023-12-14 23:15:00,True,23:15:00,2023-12-14
94,2023-12-14 23:30:00,True,23:30:00,2023-12-14
95,2023-12-14 23:45:00,True,23:45:00,2023-12-14
96,2023-12-15 00:00:00,True,00:00:00,2023-12-15
97,2023-12-15 00:15:00,True,00:15:00,2023-12-15
98,2023-12-15 00:30:00,True,00:30:00,2023-12-15
99,2023-12-15 00:45:00,True,00:45:00,2023-12-15
100,2023-12-15 01:00:00,True,01:00:00,2023-12-15
101,2023-12-15 01:15:00,True,01:15:00,2023-12-15
102,2023-12-15 01:30:00,True,01:30:00,2023-12-15
103,2023-12-15 01:45:00,True,01:45:00,2023-12-15
104,2023-12-15 02:00:00,True,02:00:00,2023-12-15
105,2023-12-15 02:15:00,True,02:15:00,2023-12-15
106,2023-12-15 02:30:00,True,02:30:00,2023-12-15
107,2023-12-15 02:45:00,True,02:45:00,2023-12-15
108,2023-12-15 03:00:00,True,03:00:00,2023-12-15
109,2023-12-15 03:15:00,True,03:15:00,2023-12-15
110,2023-12-15 03:30:00,True,03:30:00,2023-12-15
111,2023-12-15 03:45:00,True,03:45:00,2023-12-15
112,2023-12-15 04:00:00,True,04:00:00,2023-12-15
113,2023-12-15 04:15:00,True,04:15:00,2023-12-15
114,2023-12-15 04:30:00,True,04:30:00,2023-12-15
115,2023-12-15 04:45:00,True,04:45:00,2023-12-15
116,2023-12-15 05:00:00,True,05:00:00,2023-12-15
117,2023-12-15 05:15:00,True,05:15:00,2023-12-15
118,2023-12-15 05:30:00,True,05:30:00,2023-12-15
119,2023-12-15 05:45:00,True,05:45:00,2023-12-15
120,2023-12-15 06:00:00,True,06:00:00,2023-12-15
121,2023-12-15 06:15:00,True,06:15:00,2023-12-15
122,2023-12-15 06:30:00,True,06:30:00,2023-12-15
123,2023-12-15 06:45:00,True,06:45:00,2023-12-15
124,2023-12-15 07:00:00,True,07:00:00,2023-12-15
125,2023-12-15 07:15:00,True,07:15:00,2023-12-15
126,2023-12-15 07:30:00,True,07:30:00,2023-12-15
127,2023-12-15 07:45:00,True,07:45:00,2023-12-15
128,2023-12-15 08:00:00,True,08:00:00,2023-12-15
129,2023-12-15 08:15:00,True,08:15:00,2023-12-15
130,2023-12-15 08:30:00,True,08:30:00,2023-12-15
131,2023-12-15 08:45:00,True,08:45:00,2023-12-15
132,2023-12-15 09:00:00,True,09:00:00,2023-12-15
133,2023-12-15 09:15:00,True,09:15:00,2023-12-15
134,2023-12-15 09:30:00,True,09:30:00,2023-12-15
135,2023-12-15 09:45:00,True,09:45:00,2023-12-15
136,2023-12-15 10:00:00,True,10:00:00,2023-12-15
137,2023-12-15 10:15:00,True,10:15:00,2023-12-15
138,2023-12-15 10:30:00,True,10:30:00,2023-12-15
139,2023-12-15 10:45:00,True,10:45:00,2023-12-15
140,2023-12-15 11:00:00,True,11:00:00,2023-12-15
141,2023-12-15 11:15:00,True,11:15:00,2023-12-15
142,2023-12-15 11:30:00,True,11:30:00,2023-12-15
143,2023-12-15 11:45:00,True,11:45:00,2023-12-15
144,2023-12-15 12:00:00,True,12:00:00,2023-12-15
145,2023-12-15 12:15:00,True,12:15:00,2023-12-15
146,2023-12-15 12:30:00,True,12:30:00,2023-12-15
147,2023-12-15 12:45:00,True,12:45:00,2023-12-15
148,2023-12-15 13:00:00,True,13:00:00,2023-12-15
149,2023-12-15 13:15:00,True,13:15:00,2023-12-15
150,2023-12-15 13:30:00,True,13:30:00,2023-12-15
151,2023-12-15 13:45:00,True,13:45:00,2023-12-15
152,2023-12-15 14:00:00,True,14:00:00,2023-12-15
153,2023-12-15 14:15:00,True,14:15:00,2023-12-15
154,2023-12-15 14:30:00,True,14:30:00,2023-12-15
155,2023-12-15 14:45:00,True,14:45:00,2023-12-15
156,2023-12-15 15:00:00,True,15:00:00,2023-12-15
157,2023-12-15 15:15:00,True,15:15:00,2023-12-15
158,2023-12-15 15:30:00,True,15:30:00,2023-12-15
159,2023-12-15 15:45:00,True,15:45:00,2023-12-15
160,2023-12-15 16:00:00,True,16:00:00,2023-12-15
161,2023-12-15 16:15:00,False,16:15:00,2023-12-15
162,2023-12-15 16:30:00,False,16:30:00,2023-12-15
163,2023-12-15 16:45:00,False,16:45:00,2023-12-15
164,2023-12-15 17:00:00,False,17:00:00,2023-12-15
165,2023-12-15 17:15:00,False,17:15:00,2023-12-15
166,2023-12-15 17:30:00,False,17:30:00,2023-12-15
167,2023-12-15 17:45:00,False,17:45:00,2023-12-15
168,2023-12-15 18:00:00,False,18:00:00,2023-12-15
169,2023-12-15 18:15:00,False,18:15:00,2023-12-15
170,2023-12-15 18:30:00,False,18:30:00,2023-12-15
171,2023-12-15 18:45:00,False,18:45:00,2023-12-15
172,2023-12-15 19:00:00,False,19:00:00,2023-12-15
173,2023-12-15 19:15:00,False,19:15:00,2023-12-15
174,2023-12-15 19:30:00,False,19:30:00,2023-12-15
175,2023-12-15 19:45:00,False,19:45:00,2023-12-15
176,2023-12-15 20:00:00,False,20:00:00,2023-12-15
177,2023-12-15 20:15:00,False,20:15:00,2023-12-15
178,2023-12-15 20:30:00,False,20:30:00,2023-12-15
179,2023-12-15 20:45:00,False,20:45:00,2023-12-15
180,2023-12-15 21:00:00,False,21:00:00,2023-12-15
181,2023-12-15 21:15:00,False,21:15:00,2023-12-15
182,2023-12-15 21:30:00,False,21:30:00,2023-12-15
183,2023-12-15 21:45:00,False,21:45:00,2023-12-15
184,2023-12-15 22:00:00,False,22:00:00,2023-12-15
185,2023-12-15 22:15:00,False,22:15:00,2023-12-15
186,2023-12-15 22:30:00,False,22:30:00,2023-12-15
187,2023-12-15 22:45:00,False,22:45:00,2023-12-15
188,2023-12-15 23:00:00,False,23:00:00,2023-12-15
189,2023-12-15 23:15:00,False,23:15:00,2023-12-15
190,2023-12-15 23:30:00,False,23:30:00,2023-12-15
191,2023-12-15 23:45:00,False,23:45:00,2023-12-15
192,2023-12-16 00:00:00,False,00:00:00,2023-12-16
193,2023-12-16 00:15:00,False,00:15:00,2023-12-16
194,2023-12-16 00:30:00,False,00:30:00,2023-12-16
195,2023-12-16 00:45:00,False,00:45:00,2023-12-16
196,2023-12-16 01:00:00,False,01:00:00,2023-12-16
197,2023-12-16 01:15:00,False,01:15:00,2023-12-16
198,2023-12-16 01:30:00,False,01:30:00,2023-12-16
199,2023-12-16 01:45:00,False,01:45:00,2023-12-16
200,2023-12-16 02:00:00,False,02:00:00,2023-12-16
201,2023-12-16 02:15:00,False,02:15:00,2023-12-16
202,2023-12-16 02:30:00,False,02:30:00,2023-12-16
203,2023-12-16 02:45:00,False,02:45:00,2023-12-16
204,2023-12-16 03:00:00,False,03:00:00,2023-12-16
205,2023-12-16 03:15:00,False,03:15:00,2023-12-16
206,2023-12-16 03:30:00,False,03:30:00,2023-12-16
207,2023-12-16 03:45:00,False,03:45:00,2023-12-16
208,2023-12-16 04:00:00,False,04:00:00,2023-12-16
209,2023-12-16 04:15:00,False,04:15:00,2023-12-16
210,2023-12-16 04:30:00,False,04:30:00,2023-12-16
211,2023-12-16 04:45:00,False,04:45:00,2023-12-16
212,2023-12-16 05:00:00,False,05:00:00,2023-12-16
213,2023-12-16 05:15:00,False,05:15:00,2023-12-16
214,2023-12-16 05:30:00,False,05:30:00,2023-12-16
215,2023-12-16 05:45:00,False,05:45:00,2023-12-16
216,2023-12-16 06:00:00,False,06:00:00,2023-12-16
217,2023-12-16 06:15:00,False,06:15:00,2023-12-16
218,2023-12-16 06:30:00,False,06:30:00,2023-12-16
219,2023-12-16 06:45:00,False,06:45:00,2023-12-16
220,2023-12-16 07:00:00,False,07:00:00,2023-12-16
221,2023-12-16 07:15:00,False,07:15:00,2023-12-16
222,2023-12-16 07:30:00,False,07:30:00,2023-12-16
223,2023-12-16 07:45:00,False,07:45:00,2023-12-16
224,2023-12-16 08:00:00,False,08:00:00,2023-12-16
225,2023-12-16 08:15:00,False,08:15:00,2023-12-16
226,2023-12-16 08:30:00,False,08:30:00,2023-12-16
227,2023-12-16 08:45:00,False,08:45:00,2023-12-16
228,2023-12-16 09:00:00,False,09:00:00,2023-12-16
229,2023-12-16 09:15:00,False,09:15:00,2023-12-16
230,2023-12-16 09:30:00,False,09:30:00,2023-12-16
231,2023-12-16 09:45:00,False,09:45:00,2023-12-16
232,2023-12-16 10:00:00,False,10:00:00,2023-12-16
233,2023-12-16 10:15:00,False,10:15:00,2023-12-16
234,2023-12-16 10:30:00,False,10:30:00,2023-12-16
235,2023-12-16 10:45:00,False,10:45:00,2023-12-16
236,2023-12-16 11:00:00,False,11:00:00,2023-12-16
237,2023-12-16 11:15:00,False,11:15:00,2023-12-16
238,2023-12-16 11:30:00,False,11:30:00,2023-12-16
239,2023-12-16 11:45:00,False,11:45:00,2023-12-16
240,2023-12-16 12:00:00,False,12:00:00,2023-12-16
241,2023-12-16 12:15:00,False,12:15:00,2023-12-16
242,2023-12-16 12:30:00,False,12:30:00,2023-12-16
243,2023-12-16 12:45:00,False,12:45:00,2023-12-16
244,2023-12-16 13:00:00,False,13:00:00,2023-12-16
245,2023-12-16 13:15:00,False,13:15:00,2023-12-16
246,2023-12-16 13:30:00,False,13:30:00,2023-12-16
247,2023-12-16 13:45:00,False,13:45:00,2023-12-16
248,2023-12-16 14:00:00,False,14:00:00,2023-12-16
249,2023-12-16 14:15:00,False,14:15:00,2023-12-16
250,2023-12-16 14:30:00,False,14:30:00,2023-12-16
251,2023-12-16 14:45:00,False,14:45:00,2023-12-16
252,2023-12-16 15:00:00,False,15:00:00,2023-12-16
253,2023-12-16 15:15:00,False,15:15:00,2023-12-16
254,2023-12-16 15:30:00,False,15:30:00,2023-12-16
255,2023-12-16 15:45:00,False,15:45:00,2023-12-16
256,2023-12-16 16:00:00,False,16:00:00,2023-12-16
257,2023-12-16 16:15:00,False,16:15:00,2023-12-16
258,2023-12-16 16:30:00,False,16:30:00,2023-12-16
259,2023-12-16 16:45:00,False,16:45:00,2023-12-16
260,2023-12-16 17:00:00,True,17:00:00,2023-12-16
261,2023-12-16 17:15:00,True,17:15:00,2023-12-16
262,2023-12-16 17:30:00,True,17:30:00,2023-12-16
263,2023-12-16 17:45:00,True,17:45:00,2023-12-16
264,2023-12-16 18:00:00,True,18:00:00,2023-12-16
265,2023-12-16 18:15:00,True,18:15:00,2023-12-16
266,2023-12-16 18:30:00,True,18:30:00,2023-12-16
267,2023-12-16 18:45:00,True,18:45:00,2023-12-16
268,2023-12-16 19:00:00,True,19:00:00,2023-12-16
269,2023-12-16 19:15:00,True,19:15:00,2023-12-16
270,2023-12-16 19:30:00,True,19:30:00,2023-12-16
271,2023-12-16 19:45:00,True,19:45:00,2023-12-16
272,2023-12-16 20:00:00,True,20:00:00,2023-12-16
273,2023-12-16 20:15:00,True,20:15:00,2023-12-16
274,2023-12-16 20:30:00,True,20:30:00,2023-12-16
275,2023-12-16 20:45:00,True,20:45:00,2023-12-16
276,2023-12-16 21:00:00,True,21:00:00,2023-12-16
277,2023-12-16 21:15:00,True,21:15:00,2023-12-16
278,2023-12-16 21:30:00,True,21:30:00,2023-12-16
279,2023-12-16 21:45:00,True,21:45:00,2023-12-16
280,2023-12-16 22:00:00,True,22:00:00,2023-12-16
281,2023-12-16 22:15:00,True,22:15:00,2023-12-16
282,2023-12-16 22:30:00,True,22:30:00,2023-12-16
283,2023-12-16 22:45:00,True,22:45:00,2023-12-16
284,2023-12-16 23:00:00,True,23:00:00,2023-12-16
285,2023-12-16 23:15:00,True,23:15:00,2023-12-16
286,2023-12-16 23:30:00,True,23:30:00,2023-12-16
287,2023-12-16 23:45:00,True,23:45:00,2023-12-16
288,2023-12-17 00:00:00,True,00:00:00,2023-12-17
289,2023-12-17 00:15:00,True,00:15:00,2023-12-17
290,2023-12-17 00:30:00,True,00:30:00,2023-12-17
291,2023-12-17 00:45:00,True,00:45:00,2023-12-17
292,2023-12-17 01:00:00,True,01:00:00,2023-12-17
293,2023-12-17 01:15:00,True,01:15:00,2023-12-17
294,2023-12-17 01:30:00,True,01:30:00,2023-12-17
295,2023-12-17 01:45:00,True,01:45:00,2023-12-17
296,2023-12-17 02:00:00,True,02:00:00,2023-12-17
297,2023-12-17 02:15:00,True,02:15:00,2023-12-17
298,2023-12-17 02:30:00,True,02:30:00,2023-12-17
299,2023-12-17 02:45:00,True,02:45:00,2023-12-17
300,2023-12-17 03:00:00,True,03:00:00,2023-12-17
301,2023-12-17 03:15:00,True,03:15:00,2023-12-17
302,2023-12-17 03:30:00,True,03:30:00,2023-12-17
303,2023-12-17 03:45:00,True,03:45:00,2023-12-17
304,2023-12-17 04:00:00,True,04:00:00,2023-12-17
305,2023-12-17 04:15:00,True,04:15:00,2023-12-17
306,2023-12-17 04:30:00,True,04:30:00,2023-12-17
307,2023-12-17 04:45:00,True,04:45:00,2023-12-17
308,2023-12-17 05:00:00,True,05:00:00,2023-12-17
309,2023-12-17 05:15:00,True,05:15:00,2023-12-17
310,2023-12-17 05:30:00,True,05:30:00,2023-12-17
311,2023-12-17 05:45:00,True,05:45:00,2023-12-17
312,2023-12-17 06:00:00,True,06:00:00,2023-12-17
313,2023-12-17 06:15:00,True,06:15:00,2023-12-17
314,2023-12-17 06:30:00,True,06:30:00,2023-12-17
315,2023-12-17 06:45:00,True,06:45:00,2023-12-17
316,2023-12-17 07:00:00,True,07:00:00,2023-12-17
317,2023-12-17 07:15:00,True,07:15:00,2023-12-17
318,2023-12-17 07:30:00,True,07:30:00,2023-12-17
319,2023-12-17 07:45:00,True,07:45:00,2023-12-17
320,2023-12-17 08:00:00,True,08:00:00,2023-12-17
321,2023-12-17 08:15:00,True,08:15:00,2023-12-17
322,2023-12-17 08:30:00,True,08:30:00,2023-12-17
323,2023-12-17 08:45:00,True,08:45:00,2023-12-17
324,2023-12-17 09:00:00,True,09:00:00,2023-12-17
325,2023-12-17 09:15:00,False,09:15:00,2023-12-17
326,2023-12-17 09:30:00,False,09:30:00,2023-12-17
327,2023-12-17 09:45:00,False,09:45:00,2023-12-17
328,2023-12-17 10:00:00,False,10:00:00,2023-12-17
329,2023-12-17 10:15:00,False,10:15:00,2023-12-17
330,2023-12-17 10:30:00,False,10:30:00,2023-12-17
331,2023-12-17 10:45:00,False,10:45:00,2023-12-17
332,2023-12-17 11:00:00,False,11:00:00,2023-12-17
333,2023-12-17 11:15:00,False,11:15:00,2023-12-17
334,2023-12-17 11:30:00,False,11:30:00,2023-12-17
335,2023-12-17 11:45:00,False,11:45:00,2023-12-17
336,2023-12-17 12:00:00,False,12:00:00,2023-12-17
337,2023-12-17 12:15:00,False,12:15:00,2023-12-17
338,2023-12-17 12:30:00,False,12:30:00,2023-12-17
339,2023-12-17 12:45:00,False,12:45:00,2023-12-17
340,2023-12-17 13:00:00,False,13:00:00,2023-12-17
341,2023-12-17 13:15:00,False,13:15:00,2023-12-17
342,2023-12-17 13:30:00,False,13:30:00,2023-12-17
343,2023-12-17 13:45:00,False,13:45:00,2023-12-17
344,2023-12-17 14:00:00,False,14:00:00,2023-12-17
345,2023-12-17 14:15:00,False,14:15:00,2023-12-17
346,2023-12-17 14:30:00,False,14:30:00,2023-12-17
347,2023-12-17 14:45:00,False,14:45:00,2023-12-17
348,2023-12-17 15:00:00,False,15:00:00,2023-12-17
349,2023-12-17 15:15:00,False,15:15:00,2023-12-17
350,2023-12-17 15:30:00,False,15:30:00,2023-12-17
351,2023-12-17 15:45:00,False,15:45:00,2023-12-17
352,2023-12-17 16:00:00,False,16:00:00,2023-12-17
353,2023-12-17 16:15:00,False,16:15:00,2023-12-17
354,2023-12-17 16:30:00,False,16:30:00,2023-12-17
355,2023-12-17 16:45:00,False,16:45:00,2023-12-17
356,2023-12-17 17:00:00,False,17:00:00,2023-12-17
357,2023-12-17 17:15:00,False,17:15:00,2023-12-17
358,2023-12-17 17:30:00,False,17:30:00,2023-12-17
359,2023-12-17 17:45:00,False,17:45:00,2023-12-17
360,2023-12-17 18:00:00,False,18:00:00,2023-12-17
361,2023-12-17 18:15:00,False,18:15:00,2023-12-17
362,2023-12-17 18:30:00,False,18:30:00,2023-12-17
363,2023-12-17 18:45:00,False,18:45:00,2023-12-17
364,2023-12-17 19:00:00,False,19:00:00,2023-12-17
365,2023-12-17 19:15:00,False,19:15:00,2023-12-17
366,2023-12-17 19:30:00,False,19:30:00,2023-12-17
367,2023-12-17 19:45:00,False,19:45:00,2023-12-17
368,2023-12-17 20:00:00,False,20:00:00,2023-12-17
369,2023-12-17 20:15:00,False,20:15:00,2023-12-17
370,2023-12-17 20:30:00,False,20:30:00,2023-12-17
371,2023-12-17 20:45:00,False,20:45:00,2023-12-17
372,2023-12-17 21:00:00,False,21:00:00,2023-12-17
373,2023-12-17 21:15:00,False,21:15:00,2023-12-17
374,2023-12-17 21:30:00,False,21:30:00,2023-12-17
375,2023-12-17 21:45:00,False,21:45:00,2023-12-17
376,2023-12-17 22:00:00,False,22:00:00,2023-12-17
377,2023-12-17 22:15:00,False,22:15:00,2023-12-17
378,2023-12-17 22:30:00,False,22:30:00,2023-12-17
379,2023-12-17 22:45:00,False,22:45:00,2023-12-17
380,2023-12-17 23:00:00,False,23:00:00,2023-12-17
381,2023-12-17 23:15:00,False,23:15:00,2023-12-17
382,2023-12-17 23:30:00,False,23:30:00,2023-12-17
383,2023-12-17 23:45:00,False,23:45:00,2023-12-17
384,2023-12-18 00:00:00,False,00:00:00,2023-12-18
385,2023-12-18 00:15:00,False,00:15:00,2023-12-18
386,2023-12-18 00:30:00,False,00:30:00,2023-12-18
387,2023-12-18 00:45:00,False,00:45:00,2023-12-18
388,2023-12-18 01:00:00,False,01:00:00,2023-12-18
389,2023-12-18 01:15:00,False,01:15:00,2023-12-18
390,2023-12-18 01:30:00,False,01:30:00,2023-12-18
391,2023-12-18 01:45:00,False,01:45:00,2023-12-18
392,2023-12-18 02:00:00,False,02:00:00,2023-12-18
393,2023-12-18 02:15:00,False,02:15:00,2023-12-18
394,2023-12-18 02:30:00,False,02:30:00,2023-12-18
395,2023-12-18 02:45:00,False,02:45:00,2023-12-18
396,2023-12-18 03:00:00,False,03:00:00,2023-12-18
397,2023-12-18 03:15:00,False,03:15:00,2023-12-18
398,2023-12-18 03:30:00,False,03:30:00,2023-12-18
399,2023-12-18 03:45:00,False,03:45:00,2023-12-18
400,2023-12-18 04:00:00,False,04:00:00,2023-12-18
401,2023-12-18 04:15:00,False,04:15:00,2023-12-18
402,2023-12-18 04:30:00,False,04:30:00,2023-12-18
403,2023-12-18 04:45:00,False,04:45:00,2023-12-18
404,2023-12-18 05:00:00,False,05:00:00,2023-12-18
405,2023-12-18 05:15:00,False,05:15:00,2023-12-18
406,2023-12-18 05:30:00,False,05:30:00,2023-12-18
407,2023-12-18 05:45:00,False,05:45:00,2023-12-18
408,2023-12-18 06:00:00,False,06:00:00,2023-12-18
409,2023-12-18 06:15:00,False,06:15:00,2023-12-18
410,2023-12-18 06:30:00,False,06:30:00,2023-12-18
411,2023-12-18 06:45:00,False,06:45:00,2023-12-18
412,2023-12-18 07:00:00,False,07:00:00,2023-12-18
413,2023-12-18 07:15:00,False,07:15:00,2023-12-18
414,2023-12-18 07:30:00,False,07:30:00,2023-12-18
415,2023-12-18 07:45:00,False,07:45:00,2023-12-18
416,2023-12-18 08:00:00,False,08:00:00,2023-12-18
417,2023-12-18 08:15:00,False,08:15:00,2023-12-18
418,2023-12-18 08:30:00,False,08:30:00,2023-12-18
419,2023-12-18 08:45:00,False,08:45:00,2023-12-18
420,2023-12-18 09:00:00,True,09:00:00,2023-12-18
421,2023-12-18 09:15:00,True,09:15:00,2023-12-18
422,2023-12-18 09:30:00,False,09:30:00,2023-12-18
423,2023-12-18 09:45:00,False,09:45:00,2023-12-18
424,2023-12-18 10:00:00,False,10:00:00,2023-12-18
425,2023-12-18 10:15:00,False,10:15:00,2023-12-18
426,2023-12-18 10:30:00,False,10:30:00,2023-12-18
427,2023-12-18 10:45:00,False,10:45:00,2023-12-18
428,2023-12-18 11:00:00,False,11:00:00,2023-12-18
429,2023-12-18 11:15:00,False,11:15:00,2023-12-18
430,2023-12-18 11:30:00,False,11:30:00,2023-12-18
431,2023-12-18 11:45:00,False,11:45:00,2023-12-18
432,2023-12-18 12:00:00,False,12:00:00,2023-12-18
433,2023-12-18 12:15:00,False,12:15:00,2023-12-18
434,2023-12-18 12:30:00,False,12:30:00,2023-12-18
435,2023-12-18 12:45:00,False,12:45:00,2023-12-18
436,2023-12-18 13:00:00,False,13:00:00,2023-12-18
437,2023-12-18 13:15:00,False,13:15:00,2023-12-18
438,2023-12-18 13:30:00,False,13:30:00,2023-12-18
439,2023-12-18 13:45:00,False,13:45:00,2023-12-18
440,2023-12-18 14:00:00,False,14:00:00,2023-12-18
441,2023-12-18 14:15:00,False,14:15:00,2023-12-18
442,2023-12-18 14:30:00,False,14:30:00,2023-12-18
443,2023-12-18 14:45:00,False,14:45:00,2023-12-18
444,2023-12-18 15:00:00,False,15:00:00,2023-12-18
445,2023-12-18 15:15:00,False,15:15:00,2023-12-18
446,2023-12-18 15:30:00,False,15:30:00,2023-12-18
447,2023-12-18 15:45:00,False,15:45:00,2023-12-18
448,2023-12-18 16:00:00,False,16:00:00,2023-12-18
449,2023-12-18 16:15:00,False,16:15:00,2023-12-18
450,2023-12-18 16:30:00,False,16:30:00,2023-12-18
451,2023-12-18 16:45:00,False,16:45:00,2023-12-18
452,2023-12-18 17:00:00,False,17:00:00,2023-12-18
453,2023-12-18 17:15:00,True,17:15:00,2023-12-18
454,2023-12-18 17:30:00,True,17:30:00,2023-12-18
455,2023-12-18 17:45:00,True,17:45:00,2023-12-18
456,2023-12-18 18:00:00,True,18:00:00,2023-12-18
457,2023-12-18 18:15:00,True,18:15:00,2023-12-18
458,2023-12-18 18:30:00,True,18:30:00,2023-12-18
459,2023-12-18 18:45:00,True,18:45:00,2023-12-18
460,2023-12-18 19:00:00,True,19:00:00,2023-12-18
461,2023-12-18 19:15:00,True,19:15:00,2023-12-18
462,2023-12-18 19:30:00,True,19:30:00,2023-12-18
463,2023-12-18 19:45:00,True,19:45:00,2023-12-18
464,2023-12-18 20:00:00,True,20:00:00,2023-12-18
465,2023-12-18 20:15:00,True,20:15:00,2023-12-18
466,2023-12-18 20:30:00,True,20:30:00,2023-12-18
467,2023-12-18 20:45:00,True,20:45:00,2023-12-18
468,2023-12-18 21:00:00,True,21:00:00,2023-12-18
469,2023-12-18 21:15:00,True,21:15:00,2023-12-18
470,2023-12-18 21:30:00,True,21:30:00,2023-12-18
471,2023-12-18 21:45:00,True,21:45:00,2023-12-18
472,2023-12-18 22:00:00,True,22:00:00,2023-12-18
473,2023-12-18 22:15:00,True,22:15:00,2023-12-18
474,2023-12-18 22:30:00,True,22:30:00,2023-12-18
475,2023-12-18 22:45:00,True,22:45:00,2023-12-18
476,2023-12-18 23:00:00,True,23:00:00,2023-12-18
477,2023-12-18 23:15:00,True,23:15:00,2023-12-18
478,2023-12-18 23:30:00,True,23:30:00,2023-12-18
479,2023-12-18 23:45:00,True,23:45:00,2023-12-18
480,2023-12-19 00:00:00,True,00:00:00,2023-12-19
481,2023-12-19 00:15:00,True,00:15:00,2023-12-19
482,2023-12-19 00:30:00,True,00:30:00,2023-12-19
483,2023-12-19 00:45:00,True,00:45:00,2023-12-19
484,2023-12-19 01:00:00,True,01:00:00,2023-12-19
485,2023-12-19 01:15:00,True,01:15:00,2023-12-19
486,2023-12-19 01:30:00,True,01:30:00,2023-12-19
487,2023-12-19 01:45:00,True,01:45:00,2023-12-19
488,2023-12-19 02:00:00,True,02:00:00,2023-12-19
489,2023-12-19 02:15:00,True,02:15:00,2023-12-19
490,2023-12-19 02:30:00,True,02:30:00,2023-12-19
491,2023-12-19 02:45:00,True,02:45:00,2023-12-19
492,2023-12-19 03:00:00,True,03:00:00,2023-12-19
493,2023-12-19 03:15:00,True,03:15:00,2023-12-19
494,2023-12-19 03:30:00,True,03:30:00,2023-12-19
495,2023-12-19 03:45:00,True,03:45:00,2023-12-19
496,2023-12-19 04:00:00,True,04:00:00,2023-12-19
497,2023-12-19 04:15:00,True,04:15:00,2023-12-19
498,2023-12-19 04:30:00,True,04:30:00,2023-12-19
499,2023-12-19 04:45:00,True,04:45:00,2023-12-19
500,2023-12-19 05:00:00,True,05:00:00,2023-12-19
501,2023-12-19 05:15:00,True,05:15:00,2023-12-19
502,2023-12-19 05:30:00,True,05:30:00,2023-12-19
503,2023-12-19 05:45:00,True,05:45:00,2023-12-19
504,2023-12-19 06:00:00,True,06:00:00,2023-12-19
505,2023-12-19 06:15:00,True,06:15:00,2023-12-19
506,2023-12-19 06:30:00,True,06:30:00,2023-12-19
507,2023-12-19 06:45:00,True,06:45:00,2023-12-19
508,2023-12-19 07:00:00,True,07:00:00,2023-12-19
509,2023-12-19 07:15:00,True,07:15:00,2023-12-19
510,2023-12-19 07:30:00,True,07:30:00,2023-12-19
511,2023-12-19 07:45:00,True,07:45:00,2023-12-19
512,2023-12-19 08:00:00,True,08:00:00,2023-12-19
513,2023-12-19 08:15:00,True,08:15:00,2023-12-19
514,2023-12-19 08:30:00,True,08:30:00,2023-12-19
515,2023-12-19 08:45:00,True,08:45:00,2023-12-19
516,2023-12-19 09:00:00,True,09:00:00,2023-12-19
517,2023-12-19 09:15:00,True,09:15:00,2023-12-19
518,2023-12-19 09:30:00,True,09:30:00,2023-12-19
519,2023-12-19 09:45:00,True,09:45:00,2023-12-19
520,2023-12-19 10:00:00,True,10:00:00,2023-12-19
521,2023-12-19 10:15:00,True,10:15:00,2023-12-19
522,2023-12-19 10:30:00,False,10:30:00,2023-12-19
523,2023-12-19 10:45:00,False,10:45:00,2023-12-19
524,2023-12-19 11:00:00,False,11:00:00,2023-12-19
525,2023-12-19 11:15:00,False,11:15:00,2023-12-19
526,2023-12-19 11:30:00,False,11:30:00,2023-12-19
527,2023-12-19 11:45:00,False,11:45:00,2023-12-19
528,2023-12-19 12:00:00,True,12:00:00,2023-12-19
529,2023-12-19 12:15:00,True,12:15:00,2023-12-19
530,2023-12-19 12:30:00,True,12:30:00,2023-12-19
531,2023-12-19 12:45:00,True,12:45:00,2023-12-19
532,2023-12-19 13:00:00,True,13:00:00,2023-12-19
533,2023-12-19 13:15:00,True,13:15:00,2023-12-19
534,2023-12-19 13:30:00,True,13:30:00,2023-12-19
535,2023-12-19 13:45:00,True,13:45:00,2023-12-19
536,2023-12-19 14:00:00,True,14:00:00,2023-12-19
537,2023-12-19 14:15:00,True,14:15:00,2023-12-19
538,2023-12-19 14:30:00,True,14:30:00,2023-12-19
539,2023-12-19 14:45:00,False,14:45:00,2023-12-19
540,2023-12-19 15:00:00,False,15:00:00,2023-12-19
541,2023-12-19 15:15:00,False,15:15:00,2023-12-19
542,2023-12-19 15:30:00,False,15:30:00,2023-12-19
543,2023-12-19 15:45:00,False,15:45:00,2023-12-19
544,2023-12-19 16:00:00,False,16:00:00,2023-12-19
545,2023-12-19 16:15:00,False,16:15:00,2023-12-19
546,2023-12-19 16:30:00,False,16:30:00,2023-12-19
547,2023-12-19 16:45:00,False,16:45:00,2023-12-19
548,2023-12-19 17:00:00,False,17:00:00,2023-12-19
549,2023-12-19 17:15:00,False,17:15:00,2023-12-19
550,2023-12-19 17:30:00,False,17:30:00,2023-12-19
551,2023-12-19 17:45:00,False,17:45:00,2023-12-19
552,2023-12-19 18:00:00,False,18:00:00,2023-12-19
553,2023-12-19 18:15:00,False,18:15:00,2023-12-19
554,2023-12-19 18:30:00,False,18:30:00,2023-12-19
555,2023-12-19 18:45:00,False,18:45:00,2023-12-19
556,2023-12-19 19:00:00,False,19:00:00,2023-12-19
557,2023-12-19 19:15:00,False,19:15:00,2023-12-19
558,2023-12-19 19:30:00,False,19:30:00,2023-12-19
559,2023-12-19 19:45:00,False,19:45:00,2023-12-19
560,2023-12-19 20:00:00,False,20:00:00,2023-12-19
561,2023-12-19 20:15:00,False,20:15:00,2023-12-19
562,2023-12-19 20:30:00,False,20:30:00,2023-12-19
563,2023-12-19 20:45:00,False,20:45:00,2023-12-19
564,2023-12-19 21:00:00,False,21:00:00,2023-12-19
565,2023-12-19 21:15:00,True,21:15:00,2023-12-19
566,2023-12-19 21:30:00,True,21:30:00,2023-12-19
567,2023-12-19 21:45:00,True,21:45:00,2023-12-19
568,2023-12-19 22:00:00,True,22:00:00,2023-12-19
569,2023-12-19 22:15:00,True,22:15:00,2023-12-19
570,2023-12-19 22:30:00,True,22:30:00,2023-12-19
571,2023-12-19 22:45:00,True,22:45:00,2023-12-19
572,2023-12-19 23:00:00,True,23:00:00,2023-12-19
573,2023-12-19 23:15:00,True,23:15:00,2023-12-19
574,2023-12-19 23:30:00,True,23:30:00,2023-12-19
575,2023-12-19 23:45:00,True,23:45:00,2023-12-19
576,2023-12-20 00:00:00,True,00:00:00,2023-12-20
577,2023-12-20 00:15:00,True,00:15:00,2023-12-20
578,2023-12-20 00:30:00,True,00:30:00,2023-12-20
579,2023-12-20 00:45:00,True,00:45:00,2023-12-20
580,2023-12-20 01:00:00,True,01:00:00,2023-12-20
581,2023-12-20 01:15:00,True,01:15:00,2023-12-20
582,2023-12-20 01:30:00,True,01:30:00,2023-12-20
583,2023-12-20 01:45:00,True,01:45:00,2023-12-20
584,2023-12-20 02:00:00,True,02:00:00,2023-12-20
585,2023-12-20 02:15:00,True,02:15:00,2023-12-20
586,2023-12-20 02:30:00,True,02:30:00,2023-12-20
587,2023-12-20 02:45:00,True,02:45:00,2023-12-20
588,2023-12-20 03:00:00,True,03:00:00,2023-12-20
589,2023-12-20 03:15:00,True,03:15:00,2023-12-20
590,2023-12-20 03:30:00,True,03:30:00,2023-12-20
591,2023-12-20 03:45:00,True,03:45:00,2023-12-20
592,2023-12-20 04:00:00,True,04:00:00,2023-12-20
593,2023-12-20 04:15:00,True,04:15:00,2023-12-20
594,2023-12-20 04:30:00,False,04:30:00,2023-12-20
595,2023-12-20 04:45:00,False,04:45:00,2023-12-20
596,2023-12-20 05:00:00,False,05:00:00,2023-12-20
597,2023-12-20 05:15:00,False,05:15:00,2023-12-20
598,2023-12-20 05:30:00,False,05:30:00,2023-12-20
599,2023-12-20 05:45:00,False,05:45:00,2023-12-20
600,2023-12-20 06:00:00,False,06:00:00,2023-12-20
601,2023-12-20 06:15:00,False,06:15:00,2023-12-20
602,2023-12-20 06:30:00,False,06:30:00,2023-12-20
603,2023-12-20 06:45:00,False,06:45:00,2023-12-20
604,2023-12-20 07:00:00,False,07:00:00,2023-12-20
605,2023-12-20 07:15:00,False,07:15:00,2023-12-20
606,2023-12-20 07:30:00,False,07:30:00,2023-12-20
607,2023-12-20 07:45:00,False,07:45:00,2023-12-20
608,2023-12-20 08:00:00,False,08:00:00,2023-12-20
609,2023-12-20 08:15:00,False,08:15:00,2023-12-20
610,2023-12-20 08:30:00,False,08:30:00,2023-12-20
611,2023-12-20 08:45:00,False,08:45:00,2023-12-20
612,2023-12-20 09:00:00,False,09:00:00,2023-12-20
613,2023-12-20 09:15:00,False,09:15:00,2023-12-20
614,2023-12-20 09:30:00,False,09:30:00,2023-12-20
615,2023-12-20 09:45:00,False,09:45:00,2023-12-20
616,2023-12-20 10:00:00,False,10:00:00,2023-12-20
617,2023-12-20 10:15:00,False,10:15:00,2023-12-20
618,2023-12-20 10:30:00,False,10:30:00,2023-12-20
619,2023-12-20 10:45:00,False,10:45:00,2023-12-20
620,2023-12-20 11:00:00,False,11:00:00,2023-12-20
621,2023-12-20 11:15:00,False,11:15:00,2023-12-20
622,2023-12-20 11:30:00,False,11:30:00,2023-12-20
623,2023-12-20 11:45:00,False,11:45:00,2023-12-20
624,2023-12-20 12:00:00,False,12:00:00,2023-12-20
625,2023-12-20 12:15:00,False,12:15:00,2023-12-20
626,2023-12-20 12:30:00,False,12:30:00,2023-12-20
627,2023-12-20 12:45:00,False,12:45:00,2023-12-20
628,2023-12-20 13:00:00,False,13:00:00,2023-12-20
629,2023-12-20 13:15:00,False,13:15:00,2023-12-20
630,2023-12-20 13:30:00,False,13:30:00,2023-12-20
631,2023-12-20 13:45:00,False,13:45:00,2023-12-20
632,2023-12-20 14:00:00,False,14:00:00,2023-12-20
633,2023-12-20 14:15:00,False,14:15:00,2023-12-20
634,2023-12-20 14:30:00,False,14:30:00,2023-12-20
635,2023-12-20 14:45:00,False,14:45:00,2023-12-20
636,2023-12-20 15:00:00,False,15:00:00,2023-12-20
637,2023-12-20 15:15:00,False,15:15:00,2023-12-20
638,2023-12-20 15:30:00,False,15:30:00,2023-12-20
639,2023-12-20 15:45:00,False,15:45:00,2023-12-20
640,2023-12-20 16:00:00,False,16:00:00,2023-12-20
641,2023-12-20 16:15:00,False,16:15:00,2023-12-20
642,2023-12-20 16:30:00,False,16:30:00,2023-12-20
643,2023-12-20 16:45:00,False,16:45:00,2023-12-20
644,2023-12-20 17:00:00,False,17:00:00,2023-12-20
645,2023-12-20 17:15:00,False,17:15:00,2023-12-20
646,2023-12-20 17:30:00,False,17:30:00,2023-12-20
647,2023-12-20 17:45:00,False,17:45:00,2023-12-20
648,2023-12-20 18:00:00,False,18:00:00,2023-12-20
649,2023-12-20 18:15:00,False,18:15:00,2023-12-20
650,2023-12-20 18:30:00,False,18:30:00,2023-12-20
651,2023-12-20 18:45:00,False,18:45:00,2023-12-20
652,2023-12-20 19:00:00,False,19:00:00,2023-12-20
653,2023-12-20 19:15:00,False,19:15:00,2023-12-20
654,2023-12-20 19:30:00,False,19:30:00,2023-12-20
655,2023-12-20 19:45:00,False,19:45:00,2023-12-20
656,2023-12-20 20:00:00,False,20:00:00,2023-12-20
657,2023-12-20 20:15:00,False,20:15:00,2023-12-20
658,2023-12-20 20:30:00,False,20:30:00,2023-12-20
659,2023-12-20 20:45:00,False,20:45:00,2023-12-20
660,2023-12-20 21:00:00,False,21:00:00,2023-12-20
661,2023-12-20 21:15:00,False,21:15:00,2023-12-20
662,2023-12-20 21:30:00,False,21:30:00,2023-12-20
663,2023-12-20 21:45:00,False,21:45:00,2023-12-20
664,2023-12-20 22:00:00,False,22:00:00,2023-12-20
665,2023-12-20 22:15:00,True,22:15:00,2023-12-20
666,2023-12-20 22:30:00,True,22:30:00,2023-12-20
667,2023-12-20 22:45:00,True,22:45:00,2023-12-20
668,2023-12-20 23:00:00,True,23:00:00,2023-12-20
669,2023-12-20 23:15:00,True,23:15:00,2023-12-20
670,2023-12-20 23:30:00,True,23:30:00,2023-12-20
671,2023-12-20 23:45:00,True,23:45:00,2023-12-20
672,2023-12-21 00:00:00,True,00:00:00,2023-12-21
673,2023-12-21 00:15:00,True,00:15:00,2023-12-21
674,2023-12-21 00:30:00,True,00:30:00,2023-12-21
675,2023-12-21 00:45:00,True,00:45:00,2023-12-21
676,2023-12-21 01:00:00,True,01:00:00,2023-12-21
677,2023-12-21 01:15:00,True,01:15:00,2023-12-21
678,2023-12-21 01:30:00,True,01:30:00,2023-12-21
679,2023-12-21 01:45:00,True,01:45:00,2023-12-21
680,2023-12-21 02:00:00,True,02:00:00,2023-12-21
681,2023-12-21 02:15:00,True,02:15:00,2023-12-21
682,2023-12-21 02:30:00,True,02:30:00,2023-12-21
683,2023-12-21 02:45:00,True,02:45:00,2023-12-21
684,2023-12-21 03:00:00,True,03:00:00,2023-12-21
685,2023-12-21 03:15:00,True,03:15:00,2023-12-21
686,2023-12-21 03:30:00,True,03:30:00,2023-12-21
687,2023-12-21 03:45:00,True,03:45:00,2023-12-21
688,2023-12-21 04:00:00,True,04:00:00,2023-12-21
689,2023-12-21 04:15:00,True,04:15:00,2023-12-21
690,2023-12-21 04:30:00,True,04:30:00,2023-12-21
691,2023-12-21 04:45:00,True,04:45:00,2023-12-21
692,2023-12-21 05:00:00,True,05:00:00,2023-12-21
693,2023-12-21 05:15:00,False,05:15:00,2023-12-21
694,2023-12-21 05:30:00,False,05:30:00,2023-12-21
695,2023-12-21 05:45:00,False,05:45:00,2023-12-21
696,2023-12-21 06:00:00,False,06:00:00,2023-12-21
697,2023-12-21 06:15:00,False,06:15:00,2023-12-21
698,2023-12-21 06:30:00,False,06:30:00,2023-12-21
699,2023-12-21 06:45:00,False,06:45:00,2023-12-21
700,2023-12-21 07:00:00,False,07:00:00,2023-12-21
701,2023-12-21 07:15:00,False,07:15:00,2023-12-21
702,2023-12-21 07:30:00,False,07:30:00,2023-12-21
703,2023-12-21 07:45:00,False,07:45:00,2023-12-21
704,2023-12-21 08:00:00,False,08:00:00,2023-12-21
705,2023-12-21 08:15:00,False,08:15:00,2023-12-21
706,2023-12-21 08:30:00,False,08:30:00,2023-12-21
707,2023-12-21 08:45:00,False,08:45:00,2023-12-21
708,2023-12-21 09:00:00,False,09:00:00,2023-12-21
709,2023-12-21 09:15:00,False,09:15:00,2023-12-21
710,2023-12-21 09:30:00,False,09:30:00,2023-12-21
711,2023-12-21 09:45:00,False,09:45:00,2023-12-21
712,2023-12-21 10:00:00,False,10:00:00,2023-12-21
713,2023-12-21 10:15:00,False,10:15:00,2023-12-21
714,2023-12-21 10:30:00,False,10:30:00,2023-12-21
715,2023-12-21 10:45:00,False,10:45:00,2023-12-21
716,2023-12-21 11:00:00,False,11:00:00,2023-12-21
717,2023-12-21 11:15:00,False,11:15:00,2023-12-21
718,2023-12-21 11:30:00,False,11:30:00,2023-12-21
719,2023-12-21 11:45:00,False,11:45:00,2023-12-21
720,2023-12-21 12:00:00,False,12:00:00,2023-12-21
721,2023-12-21 12:15:00,False,12:15:00,2023-12-21
722,2023-12-21 12:30:00,False,12:30:00,2023-12-21
723,2023-12-21 12:45:00,False,12:45:00,2023-12-21
724,2023-12-21 13:00:00,False,13:00:00,2023-12-21
725,2023-12-21 13:15:00,False,13:15:00,2023-12-21
726,2023-12-21 13:30:00,False,13:30:00,2023-12-21
727,2023-12-21 13:45:00,False,13:45:00,2023-12-21
728,2023-12-21 14:00:00,False,14:00:00,2023-12-21
729,2023-12-21 14:15:00,False,14:15:00,2023-12-21
730,2023-12-21 14:30:00,False,14:30:00,2023-12-21
731,2023-12-21 14:45:00,False,14:45:00,2023-12-21
732,2023-12-21 15:00:00,False,15:00:00,2023-12-21
733,2023-12-21 15:15:00,False,15:15:00,2023-12-21
734,2023-12-21 15:30:00,False,15:30:00,2023-12-21
735,2023-12-21 15:45:00,False,15:45:00,2023-12-21
736,2023-12-21 16:00:00,False,16:00:00,2023-12-21
737,2023-12-21 16:15:00,False,16:15:00,2023-12-21
738,2023-12-21 16:30:00,False,16:30:00,2023-12-21
739,2023-12-21 16:45:00,False,16:45:00,2023-12-21
740,2023-12-21 17:00:00,False,17:00:00,2023-12-21
741,2023-12-21 17:15:00,False,17:15:00,2023-12-21
742,2023-12-21 17:30:00,False,17:30:00,2023-12-21
743,2023-12-21 17:45:00,False,17:45:00,2023-12-21
744,2023-12-21 18:00:00,False,18:00:00,2023-12-21
745,2023-12-21 18:15:00,False,18:15:00,2023-12-21
746,2023-12-21 18:30:00,False,18:30:00,2023-12-21
747,2023-12-21 18:45:00,False,18:45:00,2023-12-21
748,2023-12-21 19:00:00,False,19:00:00,2023-12-21
749,2023-12-21 19:15:00,False,19:15:00,2023-12-21
750,2023-12-21 19:30:00,False,19:30:00,2023-12-21
751,2023-12-21 19:45:00,False,19:45:00,2023-12-21
752,2023-12-21 20:00:00,False,20:00:00,2023-12-21
753,2023-12-21 20:15:00,False,20:15:00,2023-12-21
754,2023-12-21 20:30:00,False,20:30:00,2023-12-21
755,2023-12-21 20:45:00,False,20:45:00,2023-12-21
756,2023-12-21 21:00:00,False,21:00:00,2023-12-21
757,2023-12-21 21:15:00,False,21:15:00,2023-12-21
758,2023-12-21 21:30:00,False,21:30:00,2023-12-21
759,2023-12-21 21:45:00,False,21:45:00,2023-12-21
760,2023-12-21 22:00:00,False,22:00:00,2023-12-21
761,2023-12-21 22:15:00,True,22:15:00,2023-12-21
762,2023-12-21 22:30:00,True,22:30:00,2023-12-21
763,2023-12-21 22:45:00,True,22:45:00,2023-12-21
764,2023-12-21 23:00:00,True,23:00:00,2023-12-21
765,2023-12-21 23:15:00,True,23:15:00,2023-12-21
766,2023-12-21 23:30:00,True,23:30:00,2023-12-21
767,2023-12-21 23:45:00,True,23:45:00,2023-12-21
768,2023-12-22 00:00:00,True,00:00:00,2023-12-22
769,2023-12-22 00:15:00,True,00:15:00,2023-12-22
770,2023-12-22 00:30:00,True,00:30:00,2023-12-22
771,2023-12-22 00:45:00,True,00:45:00,2023-12-22
772,2023-12-22 01:00:00,True,01:00:00,2023-12-22
773,2023-12-22 01:15:00,True,01:15:00,2023-12-22
774,2023-12-22 01:30:00,True,01:30:00,2023-12-22
775,2023-12-22 01:45:00,True,01:45:00,2023-12-22
776,2023-12-22 02:00:00,True,02:00:00,2023-12-22
777,2023-12-22 02:15:00,True,02:15:00,2023-12-22
778,2023-12-22 02:30:00,True,02:30:00,2023-12-22
779,2023-12-22 02:45:00,True,02:45:00,2023-12-22
780,2023-12-22 03:00:00,True,03:00:00,2023-12-22
781,2023-12-22 03:15:00,True,03:15:00,2023-12-22
782,2023-12-22 03:30:00,True,03:30:00,2023-12-22
783,2023-12-22 03:45:00,True,03:45:00,2023-12-22
784,2023-12-22 04:00:00,True,04:00:00,2023-12-22
785,2023-12-22 04:15:00,True,04:15:00,2023-12-22
786,2023-12-22 04:30:00,True,04:30:00,2023-12-22
787,2023-12-22 04:45:00,True,04:45:00,2023-12-22
788,2023-12-22 05:00:00,True,05:00:00,2023-12-22
789,2023-12-22 05:15:00,True,05:15:00,2023-12-22
790,2023-12-22 05:30:00,False,05:30:00,2023-12-22
791,2023-12-22 05:45:00,False,05:45:00,2023-12-22
792,2023-12-22 06:00:00,False,06:00:00,2023-12-22
793,2023-12-22 06:15:00,False,06:15:00,2023-12-22
794,2023-12-22 06:30:00,False,06:30:00,2023-12-22
795,2023-12-22 06:45:00,False,06:45:00,2023-12-22
796,2023-12-22 07:00:00,False,07:00:00,2023-12-22
797,2023-12-22 07:15:00,False,07:15:00,2023-12-22
798,2023-12-22 07:30:00,False,07:30:00,2023-12-22
799,2023-12-22 07:45:00,False,07:45:00,2023-12-22
800,2023-12-22 08:00:00,False,08:00:00,2023-12-22
801,2023-12-22 08:15:00,False,08:15:00,2023-12-22
802,2023-12-22 08:30:00,False,08:30:00,2023-12-22
803,2023-12-22 08:45:00,False,08:45:00,2023-12-22
804,2023-12-22 09:00:00,False,09:00:00,2023-12-22
805,2023-12-22 09:15:00,False,09:15:00,2023-12-22
806,2023-12-22 09:30:00,False,09:30:00,2023-12-22
807,2023-12-22 09:45:00,False,09:45:00,2023-12-22
808,2023-12-22 10:00:00,False,10:00:00,2023-12-22
809,2023-12-22 10:15:00,False,10:15:00,2023-12-22
810,2023-12-22 10:30:00,False,10:30:00,2023-12-22
811,2023-12-22 10:45:00,False,10:45:00,2023-12-22
812,2023-12-22 11:00:00,False,11:00:00,2023-12-22
813,2023-12-22 11:15:00,False,11:15:00,2023-12-22
814,2023-12-22 11:30:00,False,11:30:00,2023-12-22
815,2023-12-22 11:45:00,False,11:45:00,2023-12-22
816,2023-12-22 12:00:00,False,12:00:00,2023-12-22
817,2023-12-22 12:15:00,False,12:15:00,2023-12-22
818,2023-12-22 12:30:00,False,12:30:00,2023-12-22
819,2023-12-22 12:45:00,False,12:45:00,2023-12-22
820,2023-12-22 13:00:00,False,13:00:00,2023-12-22
821,2023-12-22 13:15:00,False,13:15:00,2023-12-22
822,2023-12-22 13:30:00,False,13:30:00,2023-12-22
823,2023-12-22 13:45:00,False,13:45:00,2023-12-22
824,2023-12-22 14:00:00,False,14:00:00,2023-12-22
825,2023-12-22 14:15:00,False,14:15:00,2023-12-22
826,2023-12-22 14:30:00,False,14:30:00,2023-12-22
827,2023-12-22 14:45:00,False,14:45:00,2023-12-22
828,2023-12-22 15:00:00,False,15:00:00,2023-12-22
829,2023-12-22 15:15:00,False,15:15:00,2023-12-22
830,2023-12-22 15:30:00,False,15:30:00,2023-12-22
831,2023-12-22 15:45:00,False,15:45:00,2023-12-22
832,2023-12-22 16:00:00,False,16:00:00,2023-12-22
833,2023-12-22 16:15:00,False,16:15:00,2023-12-22
834,2023-12-22 16:30:00,False,16:30:00,2023-12-22
835,2023-12-22 16:45:00,False,16:45:00,2023-12-22
836,2023-12-22 17:00:00,False,17:00:00,2023-12-22
837,2023-12-22 17:15:00,False,17:15:00,2023-12-22
838,2023-12-22 17:30:00,False,17:30:00,2023-12-22
839,2023-12-22 17:45:00,False,17:45:00,2023-12-22
840,2023-12-22 18:00:00,False,18:00:00,2023-12-22
841,2023-12-22 18:15:00,False,18:15:00,2023-12-22
842,2023-12-22 18:30:00,False,18:30:00,2023-12-22
843,2023-12-22 18:45:00,False,18:45:00,2023-12-22
844,2023-12-22 19:00:00,False,19:00:00,2023-12-22
845,2023-12-22 19:15:00,False,19:15:00,2023-12-22
846,2023-12-22 19:30:00,False,19:30:00,2023-12-22
847,2023-12-22 19:45:00,False,19:45:00,2023-12-22
848,2023-12-22 20:00:00,False,20:00:00,2023-12-22
849,2023-12-22 20:15:00,False,20:15:00,2023-12-22
850,2023-12-22 20:30:00,False,20:30:00,2023-12-22
851,2023-12-22 20:45:00,False,20:45:00,2023-12-22
852,2023-12-22 21:00:00,False,21:00:00,2023-12-22
853,2023-12-22 21:15:00,False,21:15:00,2023-12-22
854,2023-12-22 21:30:00,False,21:30:00,2023-12-22
855,2023-12-22 21:45:00,False,21:45:00,2023-12-22
856,2023-12-22 22:00:00,False,22:00:00,2023-12-22
857,2023-12-22 22:15:00,False,22:15:00,2023-12-22
858,2023-12-22 22:30:00,False,22:30:00,2023-12-22
859,2023-12-22 22:45:00,False,22:45:00,2023-12-22
860,2023-12-22 23:00:00,True,23:00:00,2023-12-22
861,2023-12-22 23:15:00,True,23:15:00,2023-12-22
862,2023-12-22 23:30:00,True,23:30:00,2023-12-22
863,2023-12-22 23:45:00,True,23:45:00,2023-12-22
864,2023-12-23 00:00:00,True,00:00:00,2023-12-23
865,2023-12-23 00:15:00,True,00:15:00,2023-12-23
866,2023-12-23 00:30:00,True,00:30:00,2023-12-23
867,2023-12-23 00:45:00,True,00:45:00,2023-12-23
868,2023-12-23 01:00:00,True,01:00:00,2023-12-23
869,2023-12-23 01:15:00,True,01:15:00,2023-12-23
870,2023-12-23 01:30:00,True,01:30:00,2023-12-23
871,2023-12-23 01:45:00,True,01:45:00,2023-12-23
872,2023-12-23 02:00:00,True,02:00:00,2023-12-23
873,2023-12-23 02:15:00,True,02:15:00,2023-12-23
874,2023-12-23 02:30:00,True,02:30:00,2023-12-23
875,2023-12-23 02:45:00,True,02:45:00,2023-12-23
876,2023-12-23 03:00:00,True,03:00:00,2023-12-23
877,2023-12-23 03:15:00,True,03:15:00,2023-12-23
878,2023-12-23 03:30:00,True,03:30:00,2023-12-23
879,2023-12-23 03:45:00,True,03:45:00,2023-12-23
880,2023-12-23 04:00:00,True,04:00:00,2023-12-23
881,2023-12-23 04:15:00,True,04:15:00,2023-12-23
882,2023-12-23 04:30:00,True,04:30:00,2023-12-23
883,2023-12-23 04:45:00,True,04:45:00,2023-12-23
884,2023-12-23 05:00:00,True,05:00:00,2023-12-23
885,2023-12-23 05:15:00,True,05:15:00,2023-12-23
886,2023-12-23 05:30:00,True,05:30:00,2023-12-23
887,2023-12-23 05:45:00,True,05:45:00,2023-12-23
888,2023-12-23 06:00:00,True,06:00:00,2023-12-23
889,2023-12-23 06:15:00,True,06:15:00,2023-12-23
890,2023-12-23 06:30:00,True,06:30:00,2023-12-23
891,2023-12-23 06:45:00,True,06:45:00,2023-12-23
892,2023-12-23 07:00:00,True,07:00:00,2023-12-23
893,2023-12-23 07:15:00,True,07:15:00,2023-12-23
894,2023-12-23 07:30:00,True,07:30:00,2023-12-23
895,2023-12-23 07:45:00,True,07:45:00,2023-12-23
896,2023-12-23 08:00:00,True,08:00:00,2023-12-23
897,2023-12-23 08:15:00,True,08:15:00,2023-12-23
898,2023-12-23 08:30:00,True,08:30:00,2023-12-23
899,2023-12-23 08:45:00,True,08:45:00,2023-12-23
900,2023-12-23 09:00:00,True,09:00:00,2023-12-23
901,2023-12-23 09:15:00,True,09:15:00,2023-12-23
902,2023-12-23 09:30:00,True,09:30:00,2023-12-23
903,2023-12-23 09:45:00,True,09:45:00,2023-12-23
904,2023-12-23 10:00:00,True,10:00:00,2023-12-23
905,2023-12-23 10:15:00,True,10:15:00,2023-12-23
906,2023-12-23 10:30:00,True,10:30:00,2023-12-23
907,2023-12-23 10:45:00,True,10:45:00,2023-12-23
908,2023-12-23 11:00:00,True,11:00:00,2023-12-23
909,2023-12-23 11:15:00,True,11:15:00,2023-12-23
910,2023-12-23 11:30:00,True,11:30:00,2023-12-23
911,2023-12-23 11:45:00,True,11:45:00,2023-12-23
912,2023-12-23 12:00:00,True,12:00:00,2023-12-23
913,2023-12-23 12:15:00,True,12:15:00,2023-12-23
914,2023-12-23 12:30:00,True,12:30:00,2023-12-23
915,2023-12-23 12:45:00,True,12:45:00,2023-12-23
916,2023-12-23 13:00:00,True,13:00:00,2023-12-23
917,2023-12-23 13:15:00,True,13:15:00,2023-12-23
918,2023-12-23 13:30:00,True,13:30:00,2023-12-23
919,2023-12-23 13:45:00,True,13:45:00,2023-12-23
920,2023-12-23 14:00:00,True,14:00:00,2023-12-23
921,2023-12-23 14:15:00,True,14:15:00,2023-12-23
922,2023-12-23 14:30:00,True,14:30:00,2023-12-23
923,2023-12-23 14:45:00,True,14:45:00,2023-12-23
924,2023-12-23 15:00:00,True,15:00:00,2023-12-23
925,2023-12-23 15:15:00,True,15:15:00,2023-12-23
926,2023-12-23 15:30:00,True,15:30:00,2023-12-23
927,2023-12-23 15:45:00,True,15:45:00,2023-12-23
928,2023-12-23 16:00:00,True,16:00:00,2023-12-23
929,2023-12-23 16:15:00,True,16:15:00,2023-12-23
930,2023-12-23 16:30:00,True,16:30:00,2023-12-23
931,2023-12-23 16:45:00,True,16:45:00,2023-12-23
932,2023-12-23 17:00:00,True,17:00:00,2023-12-23
933,2023-12-23 17:15:00,True,17:15:00,2023-12-23
934,2023-12-23 17:30:00,True,17:30:00,2023-12-23
935,2023-12-23 17:45:00,True,17:45:00,2023-12-23
936,2023-12-23 18:00:00,True,18:00:00,2023-12-23
937,2023-12-23 18:15:00,True,18:15:00,2023-12-23
938,2023-12-23 18:30:00,True,18:30:00,2023-12-23
939,2023-12-23 18:45:00,True,18:45:00,2023-12-23
940,2023-12-23 19:00:00,True,19:00:00,2023-12-23
941,2023-12-23 19:15:00,True,19:15:00,2023-12-23
942,2023-12-23 19:30:00,True,19:30:00,2023-12-23
943,2023-12-23 19:45:00,False,19:45:00,2023-12-23
944,2023-12-23 20:00:00,False,20:00:00,2023-12-23
945,2023-12-23 20:15:00,False,20:15:00,2023-12-23
946,2023-12-23 20:30:00,False,20:30:00,2023-12-23
947,2023-12-23 20:45:00,False,20:45:00,2023-12-23
948,2023-12-23 21:00:00,False,21:00:00,2023-12-23
949,2023-12-23 21:15:00,False,21:15:00,2023-12-23
950,2023-12-23 21:30:00,False,21:30:00,2023-12-23
951,2023-12-23 21:45:00,False,21:45:00,2023-12-23
952,2023-12-23 22:00:00,False,22:00:00,2023-12-23
953,2023-12-23 22:15:00,False,22:15:00,2023-12-23
954,2023-12-23 22:30:00,False,22:30:00,2023-12-23
955,2023-12-23 22:45:00,False,22:45:00,2023-12-23
956,2023-12-23 23:00:00,False,23:00:00,2023-12-23
957,2023-12-23 23:15:00,False,23:15:00,2023-12-23
958,2023-12-23 23:30:00,False,23:30:00,2023-12-23
959,2023-12-23 23:45:00,False,23:45:00,2023-12-23
960,2023-12-24 00:00:00,False,00:00:00,2023-12-24
961,2023-12-24 00:15:00,False,00:15:00,2023-12-24
962,2023-12-24 00:30:00,False,00:30:00,2023-12-24
963,2023-12-24 00:45:00,False,00:45:00,2023-12-24
964,2023-12-24 01:00:00,False,01:00:00,2023-12-24
965,2023-12-24 01:15:00,False,01:15:00,2023-12-24
966,2023-12-24 01:30:00,False,01:30:00,2023-12-24
967,2023-12-24 01:45:00,False,01:45:00,2023-12-24
968,2023-12-24 02:00:00,False,02:00:00,2023-12-24
969,2023-12-24 02:15:00,False,02:15:00,2023-12-24
970,2023-12-24 02:30:00,False,02:30:00,2023-12-24
971,2023-12-24 02:45:00,False,02:45:00,2023-12-24
972,2023-12-24 03:00:00,False,03:00:00,2023-12-24
973,2023-12-24 03:15:00,False,03:15:00,2023-12-24
974,2023-12-24 03:30:00,False,03:30:00,2023-12-24
975,2023-12-24 03:45:00,False,03:45:00,2023-12-24
976,2023-12-24 04:00:00,False,04:00:00,2023-12-24
977,2023-12-24 04:15:00,False,04:15:00,2023-12-24
978,2023-12-24 04:30:00,False,04:30:00,2023-12-24
979,2023-12-24 04:45:00,False,04:45:00,2023-12-24
980,2023-12-24 05:00:00,False,05:00:00,2023-12-24
981,2023-12-24 05:15:00,False,05:15:00,2023-12-24
982,2023-12-24 05:30:00,False,05:30:00,2023-12-24
983,2023-12-24 05:45:00,False,05:45:00,2023-12-24
984,2023-12-24 06:00:00,False,06:00:00,2023-12-24
985,2023-12-24 06:15:00,False,06:15:00,2023-12-24
986,2023-12-24 06:30:00,False,06:30:00,2023-12-24
987,2023-12-24 06:45:00,False,06:45:00,2023-12-24
988,2023-12-24 07:00:00,False,07:00:00,2023-12-24
989,2023-12-24 07:15:00,False,07:15:00,2023-12-24
990,2023-12-24 07:30:00,False,07:30:00,2023-12-24
991,2023-12-24 07:45:00,False,07:45:00,2023-12-24
992,2023-12-24 08:00:00,False,08:00:00,2023-12-24
993,2023-12-24 08:15:00,False,08:15:00,2023-12-24
994,2023-12-24 08:30:00,False,08:30:00,2023-12-24
995,2023-12-24 08:45:00,False,08:45:00,2023-12-24
996,2023-12-24 09:00:00,False,09:00:00,2023-12-24
997,2023-12-24 09:15:00,False,09:15:00,2023-12-24
998,2023-12-24 09:30:00,True,09:30:00,2023-12-24
999,2023-12-24 09:45:00,True,09:45:00,2023-12-24
1000,2023-12-24 10:00:00,True,10:00:00,2023-12-24
1001,2023-12-24 10:15:00,True,10:15:00,2023-12-24
1002,2023-12-24 10:30:00,True,10:30:00,2023-12-24
1003,2023-12-24 10:45:00,True,10:45:00,2023-12-24
1004,2023-12-24 11:00:00,True,11:00:00,2023-12-24
1005,2023-12-24 11:15:00,True,11:15:00,2023-12-24
1006,2023-12-24 11:30:00,True,11:30:00,2023-12-24
1007,2023-12-24 11:45:00,True,11:45:00,2023-12-24
1008,2023-12-24 12:00:00,True,12:00:00,2023-12-24
1009,2023-12-24 12:15:00,True,12:15:00,2023-12-24
1010,2023-12-24 12:30:00,True,12:30:00,2023-12-24
1011,2023-12-24 12:45:00,True,12:45:00,2023-12-24
1012,2023-12-24 13:00:00,True,13:00:00,2023-12-24
1013,2023-12-24 13:15:00,True,13:15:00,2023-12-24
1014,2023-12-24 13:30:00,True,13:30:00,2023-12-24
1015,2023-12-24 13:45:00,True,13:45:00,2023-12-24
1016,2023-12-24 14:00:00,True,14:00:00,2023-12-24
1017,2023-12-24 14:15:00,True,14:15:00,2023-12-24
1018,2023-12-24 14:30:00,True,14:30:00,2023-12-24
1019,2023-12-24 14:45:00,True,14:45:00,2023-12-24
1020,2023-12-24 15:00:00,True,15:00:00,2023-12-24
1021,2023-12-24 15:15:00,True,15:15:00,2023-12-24
1022,2023-12-24 15:30:00,True,15:30:00,2023-12-24
1023,2023-12-24 15:45:00,True,15:45:00,2023-12-24
1024,2023-12-24 16:00:00,True,16:00:00,2023-12-24
1025,2023-12-24 16:15:00,True,16:15:00,2023-12-24
1026,2023-12-24 16:30:00,True,16:30:00,2023-12-24
1027,2023-12-24 16:45:00,True,16:45:00,2023-12-24
1028,2023-12-24 17:00:00,True,17:00:00,2023-12-24
1029,2023-12-24 17:15:00,True,17:15:00,2023-12-24
1030,2023-12-24 17:30:00,True,17:30:00,2023-12-24
1031,2023-12-24 17:45:00,True,17:45:00,2023-12-24
1032,2023-12-24 18:00:00,True,18:00:00,2023-12-24
1033,2023-12-24 18:15:00,True,18:15:00,2023-12-24
1034,2023-12-24 18:30:00,True,18:30:00,2023-12-24
1035,2023-12-24 18:45:00,True,18:45:00,2023-12-24
1036,2023-12-24 19:00:00,True,19:00:00,2023-12-24
1037,2023-12-24 19:15:00,True,19:15:00,2023-12-24
1038,2023-12-24 19:30:00,True,19:30:00,2023-12-24
1039,2023-12-24 19:45:00,True,19:45:00,2023-12-24
1040,2023-12-24 20:00:00,True,20:00:00,2023-12-24
1041,2023-12-24 20:15:00,True,20:15:00,2023-12-24
1042,2023-12-24 20:30:00,True,20:30:00,2023-12-24
1043,2023-12-24 20:45:00,True,20:45:00,2023-12-24
1044,2023-12-24 21:00:00,True,21:00:00,2023-12-24
1045,2023-12-24 21:15:00,True,21:15:00,2023-12-24
1046,2023-12-24 21:30:00,True,21:30:00,2023-12-24
1047,2023-12-24 21:45:00,True,21:45:00,2023-12-24
1048,2023-12-24 22:00:00,True,22:00:00,2023-12-24
1049,2023-12-24 22:15:00,True,22:15:00,2023-12-24
1050,2023-12-24 22:30:00,True,22:30:00,2023-12-24
1051,2023-12-24 22:45:00,True,22:45:00,2023-12-24
1052,2023-12-24 23:00:00,True,23:00:00,2023-12-24
1053,2023-12-24 23:15:00,True,23:15:00,2023-12-24
1054,2023-12-24 23:30:00,True,23:30:00,2023-12-24
1055,2023-12-24 23:45:00,True,23:45:00,2023-12-24
1056,2023-12-25 00:00:00,True,00:00:00,2023-12-25
1057,2023-12-25 00:15:00,True,00:15:00,2023-12-25
1058,2023-12-25 00:30:00,True,00:30:00,2023-12-25
1059,2023-12-25 00:45:00,True,00:45:00,2023-12-25
1060,2023-12-25 01:00:00,True,01:00:00,2023-12-25
1061,2023-12-25 01:15:00,True,01:15:00,2023-12-25
1062,2023-12-25 01:30:00,True,01:30:00,2023-12-25
1063,2023-12-25 01:45:00,True,01:45:00,2023-12-25
1064,2023-12-25 02:00:00,True,02:00:00,2023-12-25
1065,2023-12-25 02:15:00,True,02:15:00,2023-12-25
1066,2023-12-25 02:30:00,True,02:30:00,2023-12-25
1067,2023-12-25 02:45:00,True,02:45:00,2023-12-25
1068,2023-12-25 03:00:00,True,03:00:00,2023-12-25
1069,2023-12-25 03:15:00,True,03:15:00,2023-12-25
1070,2023-12-25 03:30:00,True,03:30:00,2023-12-25
1071,2023-12-25 03:45:00,True,03:45:00,2023-12-25
1072,2023-12-25 04:00:00,True,04:00:00,2023-12-25
1073,2023-12-25 04:15:00,True,04:15:00,2023-12-25
1074,2023-12-25 04:30:00,True,04:30:00,2023-12-25
1075,2023-12-25 04:45:00,True,04:45:00,2023-12-25
1076,2023-12-25 05:00:00,True,05:00:00,2023-12-25
1077,2023-12-25 05:15:00,False,05:15:00,2023-12-25
1078,2023-12-25 05:30:00,False,05:30:00,2023-12-25
1079,2023-12-25 05:45:00,False,05:45:00,2023-12-25
1080,2023-12-25 06:00:00,False,06:00:00,2023-12-25
1081,2023-12-25 06:15:00,False,06:15:00,2023-12-25
1082,2023-12-25 06:30:00,False,06:30:00,2023-12-25
1083,2023-12-25 06:45:00,False,06:45:00,2023-12-25
1084,2023-12-25 07:00:00,False,07:00:00,2023-12-25
1085,2023-12-25 07:15:00,False,07:15:00,2023-12-25
1086,2023-12-25 07:30:00,True,07:30:00,2023-12-25
1087,2023-12-25 07:45:00,True,07:45:00,2023-12-25
1088,2023-12-25 08:00:00,False,08:00:00,2023-12-25
1089,2023-12-25 08:15:00,False,08:15:00,2023-12-25
1090,2023-12-25 08:30:00,False,08:30:00,2023-12-25
1091,2023-12-25 08:45:00,False,08:45:00,2023-12-25
1092,2023-12-25 09:00:00,False,09:00:00,2023-12-25
1093,2023-12-25 09:15:00,False,09:15:00,2023-12-25
1094,2023-12-25 09:30:00,False,09:30:00,2023-12-25
1095,2023-12-25 09:45:00,False,09:45:00,2023-12-25
1096,2023-12-25 10:00:00,False,10:00:00,2023-12-25
1097,2023-12-25 10:15:00,False,10:15:00,2023-12-25
1098,2023-12-25 10:30:00,False,10:30:00,2023-12-25
1099,2023-12-25 10:45:00,False,10:45:00,2023-12-25
1100,2023-12-25 11:00:00,False,11:00:00,2023-12-25
1101,2023-12-25 11:15:00,False,11:15:00,2023-12-25
1102,2023-12-25 11:30:00,False,11:30:00,2023-12-25
1103,2023-12-25 11:45:00,False,11:45:00,2023-12-25
1104,2023-12-25 12:00:00,False,12:00:00,2023-12-25
1105,2023-12-25 12:15:00,False,12:15:00,2023-12-25
1106,2023-12-25 12:30:00,False,12:30:00,2023-12-25
1107,2023-12-25 12:45:00,False,12:45:00,2023-12-25
1108,2023-12-25 13:00:00,False,13:00:00,2023-12-25
1109,2023-12-25 13:15:00,False,13:15:00,2023-12-25
1110,2023-12-25 13:30:00,False,13:30:00,2023-12-25
1111,2023-12-25 13:45:00,False,13:45:00,2023-12-25
1112,2023-12-25 14:00:00,False,14:00:00,2023-12-25
1113,2023-12-25 14:15:00,False,14:15:00,2023-12-25
1114,2023-12-25 14:30:00,False,14:30:00,2023-12-25
1115,2023-12-25 14:45:00,False,14:45:00,2023-12-25
1116,2023-12-25 15:00:00,False,15:00:00,2023-12-25
1117,2023-12-25 15:15:00,False,15:15:00,2023-12-25
1118,2023-12-25 15:30:00,False,15:30:00,2023-12-25
1119,2023-12-25 15:45:00,False,15:45:00,2023-12-25
1120,2023-12-25 16:00:00,False,16:00:00,2023-12-25
1121,2023-12-25 16:15:00,False,16:15:00,2023-12-25
1122,2023-12-25 16:30:00,False,16:30:00,2023-12-25
1123,2023-12-25 16:45:00,False,16:45:00,2023-12-25
1124,2023-12-25 17:00:00,False,17:00:00,2023-12-25
1125,2023-12-25 17:15:00,False,17:15:00,2023-12-25
1126,2023-12-25 17:30:00,False,17:30:00,2023-12-25
1127,2023-12-25 17:45:00,False,17:45:00,2023-12-25
1128,2023-12-25 18:00:00,False,18:00:00,2023-12-25
1129,2023-12-25 18:15:00,False,18:15:00,2023-12-25
1130,2023-12-25 18:30:00,False,18:30:00,2023-12-25
1131,2023-12-25 18:45:00,False,18:45:00,2023-12-25
1132,2023-12-25 19:00:00,False,19:00:00,2023-12-25
1133,2023-12-25 19:15:00,False,19:15:00,2023-12-25
1134,2023-12-25 19:30:00,False,19:30:00,2023-12-25
1135,2023-12-25 19:45:00,False,19:45:00,2023-12-25
1136,2023-12-25 20:00:00,False,20:00:00,2023-12-25
1137,2023-12-25 20:15:00,False,20:15:00,2023-12-25
1138,2023-12-25 20:30:00,False,20:30:00,2023-12-25
1139,2023-12-25 20:45:00,False,20:45:00,2023-12-25
1140,2023-12-25 21:00:00,False,21:00:00,2023-12-25
1141,2023-12-25 21:15:00,True,21:15:00,2023-12-25
1142,2023-12-25 21:30:00,True,21:30:00,2023-12-25
1143,2023-12-25 21:45:00,True,21:45:00,2023-12-25
1144,2023-12-25 22:00:00,True,22:00:00,2023-12-25
1145,2023-12-25 22:15:00,True,22:15:00,2023-12-25
1146,2023-12-25 22:30:00,True,22:30:00,2023-12-25
1147,2023-12-25 22:45:00,True,22:45:00,2023-12-25
1148,2023-12-25 23:00:00,True,23:00:00,2023-12-25
1149,2023-12-25 23:15:00,True,23:15:00,2023-12-25
1150,2023-12-25 23:30:00,True,23:30:00,2023-12-25
1151,2023-12-25 23:45:00,True,23:45:00,2023-12-25
1152,2023-12-26 00:00:00,True,00:00:00,2023-12-26
1153,2023-12-26 00:15:00,True,00:15:00,2023-12-26
1154,2023-12-26 00:30:00,True,00:30:00,2023-12-26
1155,2023-12-26 00:45:00,True,00:45:00,2023-12-26
1156,2023-12-26 01:00:00,True,01:00:00,2023-12-26
1157,2023-12-26 01:15:00,True,01:15:00,2023-12-26
1158,2023-12-26 01:30:00,True,01:30:00,2023-12-26
1159,2023-12-26 01:45:00,True,01:45:00,2023-12-26
1160,2023-12-26 02:00:00,True,02:00:00,2023-12-26
1161,2023-12-26 02:15:00,True,02:15:00,2023-12-26
1162,2023-12-26 02:30:00,True,02:30:00,2023-12-26
1163,2023-12-26 02:45:00,True,02:45:00,2023-12-26
1164,2023-12-26 03:00:00,True,03:00:00,2023-12-26
1165,2023-12-26 03:15:00,True,03:15:00,2023-12-26
1166,2023-12-26 03:30:00,True,03:30:00,2023-12-26
1167,2023-12-26 03:45:00,True,03:45:00,2023-12-26
1168,2023-12-26 04:00:00,True,04:00:00,2023-12-26
1169,2023-12-26 04:15:00,True,04:15:00,2023-12-26
1170,2023-12-26 04:30:00,True,04:30:00,2023-12-26
1171,2023-12-26 04:45:00,True,04:45:00,2023-12-26
1172,2023-12-26 05:00:00,True,05:00:00,2023-12-26
1173,2023-12-26 05:15:00,True,05:15:00,2023-12-26
1174,2023-12-26 05:30:00,True,05:30:00,2023-12-26
1175,2023-12-26 05:45:00,False,05:45:00,2023-12-26
1176,2023-12-26 06:00:00,False,06:00:00,2023-12-26
1177,2023-12-26 06:15:00,False,06:15:00,2023-12-26
1178,2023-12-26 06:30:00,False,06:30:00,2023-12-26
1179,2023-12-26 06:45:00,False,06:45:00,2023-12-26
1180,2023-12-26 07:00:00,False,07:00:00,2023-12-26
1181,2023-12-26 07:15:00,True,07:15:00,2023-12-26
1182,2023-12-26 07:30:00,False,07:30:00,2023-12-26
1183,2023-12-26 07:45:00,False,07:45:00,2023-12-26
1184,2023-12-26 08:00:00,False,08:00:00,2023-12-26
1185,2023-12-26 08:15:00,False,08:15:00,2023-12-26
1186,2023-12-26 08:30:00,False,08:30:00,2023-12-26
1187,2023-12-26 08:45:00,False,08:45:00,2023-12-26
1188,2023-12-26 09:00:00,False,09:00:00,2023-12-26
1189,2023-12-26 09:15:00,False,09:15:00,2023-12-26
1190,2023-12-26 09:30:00,False,09:30:00,2023-12-26
1191,2023-12-26 09:45:00,False,09:45:00,2023-12-26
1192,2023-12-26 10:00:00,False,10:00:00,2023-12-26
1193,2023-12-26 10:15:00,False,10:15:00,2023-12-26
1194,2023-12-26 10:30:00,False,10:30:00,2023-12-26
1195,2023-12-26 10:45:00,False,10:45:00,2023-12-26
1196,2023-12-26 11:00:00,False,11:00:00,2023-12-26
1197,2023-12-26 11:15:00,False,11:15:00,2023-12-26
1198,2023-12-26 11:30:00,False,11:30:00,2023-12-26
1199,2023-12-26 11:45:00,False,11:45:00,2023-12-26
1200,2023-12-26 12:00:00,False,12:00:00,2023-12-26
1201,2023-12-26 12:15:00,False,12:15:00,2023-12-26
1202,2023-12-26 12:30:00,False,12:30:00,2023-12-26
1203,2023-12-26 12:45:00,False,12:45:00,2023-12-26
1204,2023-12-26 13:00:00,False,13:00:00,2023-12-26
1205,2023-12-26 13:15:00,False,13:15:00,2023-12-26
1206,2023-12-26 13:30:00,False,13:30:00,2023-12-26
1207,2023-12-26 13:45:00,False,13:45:00,2023-12-26
1208,2023-12-26 14:00:00,False,14:00:00,2023-12-26
1209,2023-12-26 14:15:00,False,14:15:00,2023-12-26
1210,2023-12-26 14:30:00,False,14:30:00,2023-12-26
1211,2023-12-26 14:45:00,False,14:45:00,2023-12-26
1212,2023-12-26 15:00:00,False,15:00:00,2023-12-26
1213,2023-12-26 15:15:00,False,15:15:00,2023-12-26
1214,2023-12-26 15:30:00,False,15:30:00,2023-12-26
1215,2023-12-26 15:45:00,False,15:45:00,2023-12-26
1216,2023-12-26 16:00:00,False,16:00:00,2023-12-26
1217,2023-12-26 16:15:00,False,16:15:00,2023-12-26
1218,2023-12-26 16:30:00,False,16:30:00,2023-12-26
1219,2023-12-26 16:45:00,False,16:45:00,2023-12-26
1220,2023-12-26 17:00:00,False,17:00:00,2023-12-26
1221,2023-12-26 17:15:00,False,17:15:00,2023-12-26
1222,2023-12-26 17:30:00,False,17:30:00,2023-12-26
1223,2023-12-26 17:45:00,False,17:45:00,2023-12-26
1224,2023-12-26 18:00:00,False,18:00:00,2023-12-26
1225,2023-12-26 18:15:00,False,18:15:00,2023-12-26
1226,2023-12-26 18:30:00,False,18:30:00,2023-12-26
1227,2023-12-26 18:45:00,False,18:45:00,2023-12-26
1228,2023-12-26 19:00:00,False,19:00:00,2023-12-26
1229,2023-12-26 19:15:00,False,19:15:00,2023-12-26
1230,2023-12-26 19:30:00,False,19:30:00,2023-12-26
1231,2023-12-26 19:45:00,False,19:45:00,2023-12-26
1232,2023-12-26 20:00:00,False,20:00:00,2023-12-26
1233,2023-12-26 20:15:00,False,20:15:00,2023-12-26
1234,2023-12-26 20:30:00,False,20:30:00,2023-12-26
1235,2023-12-26 20:45:00,False,20:45:00,2023-12-26
1236,2023-12-26 21:00:00,False,21:00:00,2023-12-26
1237,2023-12-26 21:15:00,True,21:15:00,2023-12-26
1238,2023-12-26 21:30:00,True,21:30:00,2023-12-26
1239,2023-12-26 21:45:00,True,21:45:00,2023-12-26
1240,2023-12-26 22:00:00,True,22:00:00,2023-12-26
1241,2023-12-26 22:15:00,True,22:15:00,2023-12-26
1242,2023-12-26 22:30:00,True,22:30:00,2023-12-26
1243,2023-12-26 22:45:00,True,22:45:00,2023-12-26
1244,2023-12-26 23:00:00,True,23:00:00,2023-12-26
1245,2023-12-26 23:15:00,True,23:15:00,2023-12-26
1246,2023-12-26 23:30:00,True,23:30:00,2023-12-26
1247,2023-12-26 23:45:00,True,23:45:00,2023-12-26
1248,2023-12-27 00:00:00,True,00:00:00,2023-12-27
1249,2023-12-27 00:15:00,True,00:15:00,2023-12-27
1250,2023-12-27 00:30:00,True,00:30:00,2023-12-27
1251,2023-12-27 00:45:00,True,00:45:00,2023-12-27
1252,2023-12-27 01:00:00,True,01:00:00,2023-12-27
1253,2023-12-27 01:15:00,True,01:15:00,2023-12-27
1254,2023-12-27 01:30:00,True,01:30:00,2023-12-27
1255,2023-12-27 01:45:00,True,01:45:00,2023-12-27
1256,2023-12-27 02:00:00,True,02:00:00,2023-12-27
1257,2023-12-27 02:15:00,True,02:15:00,2023-12-27
1258,2023-12-27 02:30:00,True,02:30:00,2023-12-27
1259,2023-12-27 02:45:00,True,02:45:00,2023-12-27
1260,2023-12-27 03:00:00,True,03:00:00,2023-12-27
1261,2023-12-27 03:15:00,True,03:15:00,2023-12-27
1262,2023-12-27 03:30:00,True,03:30:00,2023-12-27
1263,2023-12-27 03:45:00,True,03:45:00,2023-12-27
1264,2023-12-27 04:00:00,True,04:00:00,2023-12-27
1265,2023-12-27 04:15:00,True,04:15:00,2023-12-27
1266,2023-12-27 04:30:00,False,04:30:00,2023-12-27
1267,2023-12-27 04:45:00,False,04:45:00,2023-12-27
1268,2023-12-27 05:00:00,False,05:00:00,2023-12-27
1269,2023-12-27 05:15:00,False,05:15:00,2023-12-27
1270,2023-12-27 05:30:00,False,05:30:00,2023-12-27
1271,2023-12-27 05:45:00,False,05:45:00,2023-12-27
1272,2023-12-27 06:00:00,False,06:00:00,2023-12-27
1273,2023-12-27 06:15:00,False,06:15:00,2023-12-27
1274,2023-12-27 06:30:00,False,06:30:00,2023-12-27
1275,2023-12-27 06:45:00,False,06:45:00,2023-12-27
1276,2023-12-27 07:00:00,False,07:00:00,2023-12-27
1277,2023-12-27 07:15:00,False,07:15:00,2023-12-27
1278,2023-12-27 07:30:00,False,07:30:00,2023-12-27
1279,2023-12-27 07:45:00,False,07:45:00,2023-12-27
1280,2023-12-27 08:00:00,False,08:00:00,2023-12-27
1281,2023-12-27 08:15:00,False,08:15:00,2023-12-27
1282,2023-12-27 08:30:00,False,08:30:00,2023-12-27
1283,2023-12-27 08:45:00,False,08:45:00,2023-12-27
1284,2023-12-27 09:00:00,False,09:00:00,2023-12-27
1285,2023-12-27 09:15:00,False,09:15:00,2023-12-27
1286,2023-12-27 09:30:00,False,09:30:00,2023-12-27
1287,2023-12-27 09:45:00,False,09:45:00,2023-12-27
1288,2023-12-27 10:00:00,False,10:00:00,2023-12-27
1289,2023-12-27 10:15:00,False,10:15:00,2023-12-27
1290,2023-12-27 10:30:00,False,10:30:00,2023-12-27
1291,2023-12-27 10:45:00,False,10:45:00,2023-12-27
1292,2023-12-27 11:00:00,False,11:00:00,2023-12-27
1293,2023-12-27 11:15:00,False,11:15:00,2023-12-27
1294,2023-12-27 11:30:00,False,11:30:00,2023-12-27
1295,2023-12-27 11:45:00,False,11:45:00,2023-12-27
1296,2023-12-27 12:00:00,False,12:00:00,2023-12-27
1297,2023-12-27 12:15:00,False,12:15:00,2023-12-27
1298,2023-12-27 12:30:00,False,12:30:00,2023-12-27
1299,2023-12-27 12:45:00,False,12:45:00,2023-12-27
1300,2023-12-27 13:00:00,False,13:00:00,2023-12-27
1301,2023-12-27 13:15:00,False,13:15:00,2023-12-27
1302,2023-12-27 13:30:00,False,13:30:00,2023-12-27
1303,2023-12-27 13:45:00,False,13:45:00,2023-12-27
1304,2023-12-27 14:00:00,False,14:00:00,2023-12-27
1305,2023-12-27 14:15:00,False,14:15:00,2023-12-27
1306,2023-12-27 14:30:00,False,14:30:00,2023-12-27
1307,2023-12-27 14:45:00,False,14:45:00,2023-12-27
1308,2023-12-27 15:00:00,False,15:00:00,2023-12-27
1309,2023-12-27 15:15:00,False,15:15:00,2023-12-27
1310,2023-12-27 15:30:00,False,15:30:00,2023-12-27
1311,2023-12-27 15:45:00,False,15:45:00,2023-12-27
1312,2023-12-27 16:00:00,False,16:00:00,2023-12-27
1313,2023-12-27 16:15:00,False,16:15:00,2023-12-27
1314,2023-12-27 16:30:00,False,16:30:00,2023-12-27
1315,2023-12-27 16:45:00,True,16:45:00,2023-12-27
1316,2023-12-27 17:00:00,True,17:00:00,2023-12-27
1317,2023-12-27 17:15:00,True,17:15:00,2023-12-27
1318,2023-12-27 17:30:00,True,17:30:00,2023-12-27
1319,2023-12-27 17:45:00,True,17:45:00,2023-12-27
1320,2023-12-27 18:00:00,True,18:00:00,2023-12-27
1321,2023-12-27 18:15:00,True,18:15:00,2023-12-27
1322,2023-12-27 18:30:00,True,18:30:00,2023-12-27
1323,2023-12-27 18:45:00,True,18:45:00,2023-12-27
1324,2023-12-27 19:00:00,True,19:00:00,2023-12-27
1325,2023-12-27 19:15:00,True,19:15:00,2023-12-27
1326,2023-12-27 19:30:00,True,19:30:00,2023-12-27
1327,2023-12-27 19:45:00,True,19:45:00,2023-12-27
1328,2023-12-27 20:00:00,True,20:00:00,2023-12-27
1329,2023-12-27 20:15:00,True,20:15:00,2023-12-27
1330,2023-12-27 20:30:00,True,20:30:00,2023-12-27
1331,2023-12-27 20:45:00,True,20:45:00,2023-12-27
1332,2023-12-27 21:00:00,True,21:00:00,2023-12-27
1333,2023-12-27 21:15:00,True,21:15:00,2023-12-27
1334,2023-12-27 21:30:00,True,21:30:00,2023-12-27
1335,2023-12-27 21:45:00,True,21:45:00,2023-12-27
1336,2023-12-27 22:00:00,True,22:00:00,2023-12-27
1337,2023-12-27 22:15:00,True,22:15:00,2023-12-27
1338,2023-12-27 22:30:00,True,22:30:00,2023-12-27
1339,2023-12-27 22:45:00,True,22:45:00,2023-12-27
1340,2023-12-27 23:00:00,True,23:00:00,2023-12-27
1341,2023-12-27 23:15:00,True,23:15:00,2023-12-27
1342,2023-12-27 23:30:00,True,23:30:00,2023-12-27
1343,2023-12-27 23:45:00,True,23:45:00,2023-12-27
1344,2023-12-28 00:00:00,True,00:00:00,2023-12-28
1345,2023-12-28 00:15:00,True,00:15:00,2023-12-28
1346,2023-12-28 00:30:00,True,00:30:00,2023-12-28
1347,2023-12-28 00:45:00,True,00:45:00,2023-12-28
1348,2023-12-28 01:00:00,True,01:00:00,2023-12-28
1349,2023-12-28 01:15:00,True,01:15:00,2023-12-28
1350,2023-12-28 01:30:00,True,01:30:00,2023-12-28
1351,2023-12-28 01:45:00,True,01:45:00,2023-12-28
1352,2023-12-28 02:00:00,True,02:00:00,2023-12-28
1353,2023-12-28 02:15:00,True,02:15:00,2023-12-28
1354,2023-12-28 02:30:00,True,02:30:00,2023-12-28
1355,2023-12-28 02:45:00,True,02:45:00,2023-12-28
1356,2023-12-28 03:00:00,True,03:00:00,2023-12-28
1357,2023-12-28 03:15:00,True,03:15:00,2023-12-28
1358,2023-12-28 03:30:00,True,03:30:00,2023-12-28
1359,2023-12-28 03:45:00,True,03:45:00,2023-12-28
1360,2023-12-28 04:00:00,True,04:00:00,2023-12-28
1361,2023-12-28 04:15:00,True,04:15:00,2023-12-28
1362,2023-12-28 04:30:00,True,04:30:00,2023-12-28
1363,2023-12-28 04:45:00,True,04:45:00,2023-12-28
1364,2023-12-28 05:00:00,False,05:00:00,2023-12-28
1365,2023-12-28 05:15:00,False,05:15:00,2023-12-28
1366,2023-12-28 05:30:00,False,05:30:00,2023-12-28
1367,2023-12-28 05:45:00,False,05:45:00,2023-12-28
1368,2023-12-28 06:00:00,False,06:00:00,2023-12-28
1369,2023-12-28 06:15:00,False,06:15:00,2023-12-28
1370,2023-12-28 06:30:00,False,06:30:00,2023-12-28
1371,2023-12-28 06:45:00,False,06:45:00,2023-12-28
1372,2023-12-28 07:00:00,False,07:00:00,2023-12-28
1373,2023-12-28 07:15:00,False,07:15:00,2023-12-28
1374,2023-12-28 07:30:00,False,07:30:00,2023-12-28
1375,2023-12-28 07:45:00,False,07:45:00,2023-12-28
1376,2023-12-28 08:00:00,False,08:00:00,2023-12-28
1377,2023-12-28 08:15:00,False,08:15:00,2023-12-28
1378,2023-12-28 08:30:00,False,08:30:00,2023-12-28
1379,2023-12-28 08:45:00,False,08:45:00,2023-12-28
1380,2023-12-28 09:00:00,False,09:00:00,2023-12-28
1381,2023-12-28 09:15:00,False,09:15:00,2023-12-28
1382,2023-12-28 09:30:00,False,09:30:00,2023-12-28
1383,2023-12-28 09:45:00,False,09:45:00,2023-12-28
1384,2023-12-28 10:00:00,False,10:00:00,2023-12-28
1385,2023-12-28 10:15:00,False,10:15:00,2023-12-28
1386,2023-12-28 10:30:00,False,10:30:00,2023-12-28
1387,2023-12-28 10:45:00,False,10:45:00,2023-12-28
1388,2023-12-28 11:00:00,False,11:00:00,2023-12-28
1389,2023-12-28 11:15:00,False,11:15:00,2023-12-28
1390,2023-12-28 11:30:00,False,11:30:00,2023-12-28
1391,2023-12-28 11:45:00,False,11:45:00,2023-12-28
1392,2023-12-28 12:00:00,False,12:00:00,2023-12-28
1393,2023-12-28 12:15:00,False,12:15:00,2023-12-28
1394,2023-12-28 12:30:00,False,12:30:00,2023-12-28
1395,2023-12-28 12:45:00,False,12:45:00,2023-12-28
1396,2023-12-28 13:00:00,False,13:00:00,2023-12-28
1397,2023-12-28 13:15:00,False,13:15:00,2023-12-28
1398,2023-12-28 13:30:00,False,13:30:00,2023-12-28
1399,2023-12-28 13:45:00,False,13:45:00,2023-12-28
1400,2023-12-28 14:00:00,False,14:00:00,2023-12-28
1401,2023-12-28 14:15:00,False,14:15:00,2023-12-28
1402,2023-12-28 14:30:00,False,14:30:00,2023-12-28
1403,2023-12-28 14:45:00,False,14:45:00,2023-12-28
1404,2023-12-28 15:00:00,False,15:00:00,2023-12-28
1405,2023-12-28 15:15:00,False,15:15:00,2023-12-28
1406,2023-12-28 15:30:00,False,15:30:00,2023-12-28
1407,2023-12-28 15:45:00,False,15:45:00,2023-12-28
1408,2023-12-28 16:00:00,False,16:00:00,2023-12-28
1409,2023-12-28 16:15:00,False,16:15:00,2023-12-28
1410,2023-12-28 16:30:00,False,16:30:00,2023-12-28
1411,2023-12-28 16:45:00,False,16:45:00,2023-12-28
1412,2023-12-28 17:00:00,False,17:00:00,2023-12-28
1413,2023-12-28 17:15:00,False,17:15:00,2023-12-28
1414,2023-12-28 17:30:00,False,17:30:00,2023-12-28
1415,2023-12-28 17:45:00,False,17:45:00,2023-12-28
1416,2023-12-28 18:00:00,False,18:00:00,2023-12-28
1417,2023-12-28 18:15:00,False,18:15:00,2023-12-28
1418,2023-12-28 18:30:00,False,18:30:00,2023-12-28
1419,2023-12-28 18:45:00,False,18:45:00,2023-12-28
1420,2023-12-28 19:00:00,False,19:00:00,2023-12-28
1421,2023-12-28 19:15:00,False,19:15:00,2023-12-28
1422,2023-12-28 19:30:00,False,19:30:00,2023-12-28
1423,2023-12-28 19:45:00,False,19:45:00,2023-12-28
1424,2023-12-28 20:00:00,False,20:00:00,2023-12-28
1425,2023-12-28 20:15:00,False,20:15:00,2023-12-28
1426,2023-12-28 20:30:00,False,20:30:00,2023-12-28
1427,2023-12-28 20:45:00,False,20:45:00,2023-12-28
1428,2023-12-28 21:00:00,False,21:00:00,2023-12-28
1429,2023-12-28 21:15:00,False,21:15:00,2023-12-28
1430,2023-12-28 21:30:00,False,21:30:00,2023-12-28
1431,2023-12-28 21:45:00,False,21:45:00,2023-12-28
1432,2023-12-28 22:00:00,True,22:00:00,2023-12-28
1433,2023-12-28 22:15:00,True,22:15:00,2023-12-28
1434,2023-12-28 22:30:00,True,22:30:00,2023-12-28
1435,2023-12-28 22:45:00,True,22:45:00,2023-12-28
1436,2023-12-28 23:00:00,True,23:00:00,2023-12-28
1437,2023-12-28 23:15:00,True,23:15:00,2023-12-28
1438,2023-12-28 23:30:00,True,23:30:00,2023-12-28
1439,2023-12-28 23:45:00,True,23:45:00,2023-12-28
1440,2023-12-29 00:00:00,True,00:00:00,2023-12-29
1441,2023-12-29 00:15:00,True,00:15:00,2023-12-29
1442,2023-12-29 00:30:00,True,00:30:00,2023-12-29
1443,2023-12-29 00:45:00,True,00:45:00,2023-12-29
1444,2023-12-29 01:00:00,True,01:00:00,2023-12-29
1445,2023-12-29 01:15:00,True,01:15:00,2023-12-29
1446,2023-12-29 01:30:00,True,01:30:00,2023-12-29
1447,2023-12-29 01:45:00,True,01:45:00,2023-12-29
1448,2023-12-29 02:00:00,True,02:00:00,2023-12-29
1449,2023-12-29 02:15:00,True,02:15:00,2023-12-29
1450,2023-12-29 02:30:00,True,02:30:00,2023-12-29
1451,2023-12-29 02:45:00,True,02:45:00,2023-12-29
1452,2023-12-29 03:00:00,True,03:00:00,2023-12-29
1453,2023-12-29 03:15:00,True,03:15:00,2023-12-29
1454,2023-12-29 03:30:00,True,03:30:00,2023-12-29
1455,2023-12-29 03:45:00,True,03:45:00,2023-12-29
1456,2023-12-29 04:00:00,True,04:00:00,2023-12-29
1457,2023-12-29 04:15:00,True,04:15:00,2023-12-29
1458,2023-12-29 04:30:00,True,04:30:00,2023-12-29
1459,2023-12-29 04:45:00,True,04:45:00,2023-12-29
1460,2023-12-29 05:00:00,True,05:00:00,2023-12-29
1461,2023-12-29 05:15:00,True,05:15:00,2023-12-29
1462,2023-12-29 05:30:00,True,05:30:00,2023-12-29
1463,2023-12-29 05:45:00,True,05:45:00,2023-12-29
1464,2023-12-29 06:00:00,True,06:00:00,2023-12-29
1465,2023-12-29 06:15:00,True,06:15:00,2023-12-29
1466,2023-12-29 06:30:00,True,06:30:00,2023-12-29
1467,2023-12-29 06:45:00,True,06:45:00,2023-12-29
1468,2023-12-29 07:00:00,True,07:00:00,2023-12-29
1469,2023-12-29 07:15:00,True,07:15:00,2023-12-29
1470,2023-12-29 07:30:00,True,07:30:00,2023-12-29
1471,2023-12-29 07:45:00,True,07:45:00,2023-12-29
1472,2023-12-29 08:00:00,True,08:00:00,2023-12-29
1473,2023-12-29 08:15:00,True,08:15:00,2023-12-29
1474,2023-12-29 08:30:00,True,08:30:00,2023-12-29
1475,2023-12-29 08:45:00,True,08:45:00,2023-12-29
1476,2023-12-29 09:00:00,True,09:00:00,2023-12-29
1477,2023-12-29 09:15:00,True,09:15:00,2023-12-29
1478,2023-12-29 09:30:00,True,09:30:00,2023-12-29
1479,2023-12-29 09:45:00,False,09:45:00,2023-12-29
1480,2023-12-29 10:00:00,False,10:00:00,2023-12-29
1481,2023-12-29 10:15:00,False,10:15:00,2023-12-29
1482,2023-12-29 10:30:00,False,10:30:00,2023-12-29
1483,2023-12-29 10:45:00,False,10:45:00,2023-12-29
1484,2023-12-29 11:00:00,False,11:00:00,2023-12-29
1485,2023-12-29 11:15:00,False,11:15:00,2023-12-29
1486,2023-12-29 11:30:00,False,11:30:00,2023-12-29
1487,2023-12-29 11:45:00,False,11:45:00,2023-12-29
1488,2023-12-29 12:00:00,False,12:00:00,2023-12-29
1489,2023-12-29 12:15:00,False,12:15:00,2023-12-29
1490,2023-12-29 12:30:00,False,12:30:00,2023-12-29
1491,2023-12-29 12:45:00,False,12:45:00,2023-12-29
1492,2023-12-29 13:00:00,False,13:00:00,2023-12-29
1493,2023-12-29 13:15:00,False,13:15:00,2023-12-29
1494,2023-12-29 13:30:00,False,13:30:00,2023-12-29
1495,2023-12-29 13:45:00,False,13:45:00,2023-12-29
1496,2023-12-29 14:00:00,False,14:00:00,2023-12-29
1497,2023-12-29 14:15:00,False,14:15:00,2023-12-29
1498,2023-12-29 14:30:00,False,14:30:00,2023-12-29
1499,2023-12-29 14:45:00,False,14:45:00,2023-12-29
1500,2023-12-29 15:00:00,False,15:00:00,2023-12-29
1501,2023-12-29 15:15:00,False,15:15:00,2023-12-29
1502,2023-12-29 15:30:00,False,15:30:00,2023-12-29
1503,2023-12-29 15:45:00,False,15:45:00,2023-12-29
1504,2023-12-29 16:00:00,False,16:00:00,2023-12-29
1505,2023-12-29 16:15:00,False,16:15:00,2023-12-29
1506,2023-12-29 16:30:00,False,16:30:00,2023-12-29
1507,2023-12-29 16:45:00,False,16:45:00,2023-12-29
1508,2023-12-29 17:00:00,False,17:00:00,2023-12-29
1509,2023-12-29 17:15:00,False,17:15:00,2023-12-29
1510,2023-12-29 17:30:00,False,17:30:00,2023-12-29
1511,2023-12-29 17:45:00,False,17:45:00,2023-12-29
1512,2023-12-29 18:00:00,True,18:00:00,2023-12-29
1513,2023-12-29 18:15:00,True,18:15:00,2023-12-29
1514,2023-12-29 18:30:00,True,18:30:00,2023-12-29
1515,2023-12-29 18:45:00,True,18:45:00,2023-12-29
1516,2023-12-29 19:00:00,True,19:00:00,2023-12-29
1517,2023-12-29 19:15:00,True,19:15:00,2023-12-29
1518,2023-12-29 19:30:00,True,19:30:00,2023-12-29
1519,2023-12-29 19:45:00,True,19:45:00,2023-12-29
1520,2023-12-29 20:00:00,True,20:00:00,2023-12-29
1521,2023-12-29 20:15:00,True,20:15:00,2023-12-29
1522,2023-12-29 20:30:00,True,20:30:00,2023-12-29
1523,2023-12-29 20:45:00,True,20:45:00,2023-12-29
1524,2023-12-29 21:00:00,True,21:00:00,2023-12-29
1525,2023-12-29 21:15:00,True,21:15:00,2023-12-29
1526,2023-12-29 21:30:00,True,21:30:00,2023-12-29
1527,2023-12-29 21:45:00,True,21:45:00,2023-12-29
1528,2023-12-29 22:00:00,True,22:00:00,2023-12-29
1529,2023-12-29 22:15:00,True,22:15:00,2023-12-29
1530,2023-12-29 22:30:00,True,22:30:00,2023-12-29
1531,2023-12-29 22:45:00,True,22:45:00,2023-12-29
1532,2023-12-29 23:00:00,True,23:00:00,2023-12-29
1533,2023-12-29 23:15:00,True,23:15:00,2023-12-29
1534,2023-12-29 23:30:00,True,23:30:00,2023-12-29
1535,2023-12-29 23:45:00,True,23:45:00,2023-12-29
1536,2023-12-30 00:00:00,True,00:00:00,2023-12-30
1537,2023-12-30 00:15:00,True,00:15:00,2023-12-30
1538,2023-12-30 00:30:00,True,00:30:00,2023-12-30
1539,2023-12-30 00:45:00,True,00:45:00,2023-12-30
1540,2023-12-30 01:00:00,True,01:00:00,2023-12-30
1541,2023-12-30 01:15:00,True,01:15:00,2023-12-30
1542,2023-12-30 01:30:00,True,01:30:00,2023-12-30
1543,2023-12-30 01:45:00,True,01:45:00,2023-12-30
1544,2023-12-30 02:00:00,True,02:00:00,2023-12-30
1545,2023-12-30 02:15:00,True,02:15:00,2023-12-30
1546,2023-12-30 02:30:00,True,02:30:00,2023-12-30
1547,2023-12-30 02:45:00,True,02:45:00,2023-12-30
1548,2023-12-30 03:00:00,True,03:00:00,2023-12-30
1549,2023-12-30 03:15:00,True,03:15:00,2023-12-30
1550,2023-12-30 03:30:00,True,03:30:00,2023-12-30
1551,2023-12-30 03:45:00,True,03:45:00,2023-12-30
1552,2023-12-30 04:00:00,True,04:00:00,2023-12-30
1553,2023-12-30 04:15:00,True,04:15:00,2023-12-30
1554,2023-12-30 04:30:00,True,04:30:00,2023-12-30
1555,2023-12-30 04:45:00,True,04:45:00,2023-12-30
1556,2023-12-30 05:00:00,True,05:00:00,2023-12-30
1557,2023-12-30 05:15:00,False,05:15:00,2023-12-30
1558,2023-12-30 05:30:00,False,05:30:00,2023-12-30
1559,2023-12-30 05:45:00,False,05:45:00,2023-12-30
1560,2023-12-30 06:00:00,False,06:00:00,2023-12-30
1561,2023-12-30 06:15:00,False,06:15:00,2023-12-30
1562,2023-12-30 06:30:00,False,06:30:00,2023-12-30
1563,2023-12-30 06:45:00,False,06:45:00,2023-12-30
1564,2023-12-30 07:00:00,False,07:00:00,2023-12-30
1565,2023-12-30 07:15:00,False,07:15:00,2023-12-30
1566,2023-12-30 07:30:00,True,07:30:00,2023-12-30
1567,2023-12-30 07:45:00,True,07:45:00,2023-12-30
1568,2023-12-30 08:00:00,True,08:00:00,2023-12-30
1569,2023-12-30 08:15:00,True,08:15:00,2023-12-30
1570,2023-12-30 08:30:00,True,08:30:00,2023-12-30
1571,2023-12-30 08:45:00,True,08:45:00,2023-12-30
1572,2023-12-30 09:00:00,True,09:00:00,2023-12-30
1573,2023-12-30 09:15:00,True,09:15:00,2023-12-30
1574,2023-12-30 09:30:00,True,09:30:00,2023-12-30
1575,2023-12-30 09:45:00,True,09:45:00,2023-12-30
1576,2023-12-30 10:00:00,True,10:00:00,2023-12-30
1577,2023-12-30 10:15:00,True,10:15:00,2023-12-30
1578,2023-12-30 10:30:00,True,10:30:00,2023-12-30
1579,2023-12-30 10:45:00,True,10:45:00,2023-12-30
1580,2023-12-30 11:00:00,True,11:00:00,2023-12-30
1581,2023-12-30 11:15:00,True,11:15:00,2023-12-30
1582,2023-12-30 11:30:00,True,11:30:00,2023-12-30
1583,2023-12-30 11:45:00,True,11:45:00,2023-12-30
1584,2023-12-30 12:00:00,True,12:00:00,2023-12-30
1585,2023-12-30 12:15:00,True,12:15:00,2023-12-30
1586,2023-12-30 12:30:00,True,12:30:00,2023-12-30
1587,2023-12-30 12:45:00,False,12:45:00,2023-12-30
1588,2023-12-30 13:00:00,False,13:00:00,2023-12-30
1589,2023-12-30 13:15:00,False,13:15:00,2023-12-30
1590,2023-12-30 13:30:00,False,13:30:00,2023-12-30
1591,2023-12-30 13:45:00,False,13:45:00,2023-12-30
1592,2023-12-30 14:00:00,False,14:00:00,2023-12-30
1593,2023-12-30 14:15:00,False,14:15:00,2023-12-30
1594,2023-12-30 14:30:00,False,14:30:00,2023-12-30
1595,2023-12-30 14:45:00,False,14:45:00,2023-12-30
1596,2023-12-30 15:00:00,False,15:00:00,2023-12-30
1597,2023-12-30 15:15:00,False,15:15:00,2023-12-30
1598,2023-12-30 15:30:00,False,15:30:00,2023-12-30
1599,2023-12-30 15:45:00,False,15:45:00,2023-12-30
1600,2023-12-30 16:00:00,False,16:00:00,2023-12-30
1601,2023-12-30 16:15:00,False,16:15:00,2023-12-30
1602,2023-12-30 16:30:00,False,16:30:00,2023-12-30
1603,2023-12-30 16:45:00,False,16:45:00,2023-12-30
1604,2023-12-30 17:00:00,False,17:00:00,2023-12-30
1605,2023-12-30 17:15:00,False,17:15:00,2023-12-30
1606,2023-12-30 17:30:00,False,17:30:00,2023-12-30
1607,2023-12-30 17:45:00,False,17:45:00,2023-12-30
1608,2023-12-30 18:00:00,False,18:00:00,2023-12-30
1609,2023-12-30 18:15:00,False,18:15:00,2023-12-30
1610,2023-12-30 18:30:00,False,18:30:00,2023-12-30
1611,2023-12-30 18:45:00,False,18:45:00,2023-12-30
1612,2023-12-30 19:00:00,False,19:00:00,2023-12-30
1613,2023-12-30 19:15:00,False,19:15:00,2023-12-30
1614,2023-12-30 19:30:00,False,19:30:00,2023-12-30
1615,2023-12-30 19:45:00,False,19:45:00,2023-12-30
1616,2023-12-30 20:00:00,False,20:00:00,2023-12-30
1617,2023-12-30 20:15:00,False,20:15:00,2023-12-30
1618,2023-12-30 20:30:00,False,20:30:00,2023-12-30
1619,2023-12-30 20:45:00,False,20:45:00,2023-12-30
1620,2023-12-30 21:00:00,False,21:00:00,2023-12-30
1621,2023-12-30 21:15:00,True,21:15:00,2023-12-30
1622,2023-12-30 21:30:00,True,21:30:00,2023-12-30
1623,2023-12-30 21:45:00,True,21:45:00,2023-12-30
1624,2023-12-30 22:00:00,True,22:00:00,2023-12-30
1625,2023-12-30 22:15:00,True,22:15:00,2023-12-30
1626,2023-12-30 22:30:00,True,22:30:00,2023-12-30
1627,2023-12-30 22:45:00,True,22:45:00,2023-12-30
1628,2023-12-30 23:00:00,True,23:00:00,2023-12-30
1629,2023-12-30 23:15:00,True,23:15:00,2023-12-30
1630,2023-12-30 23:30:00,True,23:30:00,2023-12-30
1631,2023-12-30 23:45:00,True,23:45:00,2023-12-30
1632,2023-12-31 00:00:00,True,00:00:00,2023-12-31
1633,2023-12-31 00:15:00,True,00:15:00,2023-12-31
1634,2023-12-31 00:30:00,True,00:30:00,2023-12-31
1635,2023-12-31 00:45:00,True,00:45:00,2023-12-31
1636,2023-12-31 01:00:00,True,01:00:00,2023-12-31
1637,2023-12-31 01:15:00,True,01:15:00,2023-12-31
1638,2023-12-31 01:30:00,True,01:30:00,2023-12-31
1639,2023-12-31 01:45:00,True,01:45:00,2023-12-31
1640,2023-12-31 02:00:00,True,02:00:00,2023-12-31
1641,2023-12-31 02:15:00,True,02:15:00,2023-12-31
1642,2023-12-31 02:30:00,True,02:30:00,2023-12-31
1643,2023-12-31 02:45:00,True,02:45:00,2023-12-31
1644,2023-12-31 03:00:00,True,03:00:00,2023-12-31
1645,2023-12-31 03:15:00,True,03:15:00,2023-12-31
1646,2023-12-31 03:30:00,True,03:30:00,2023-12-31
1647,2023-12-31 03:45:00,True,03:45:00,2023-12-31
1648,2023-12-31 04:00:00,True,04:00:00,2023-12-31
1649,2023-12-31 04:15:00,True,04:15:00,2023-12-31
1650,2023-12-31 04:30:00,True,04:30:00,2023-12-31
1651,2023-12-31 04:45:00,True,04:45:00,2023-12-31
1652,2023-12-31 05:00:00,True,05:00:00,2023-12-31
1653,2023-12-31 05:15:00,True,05:15:00,2023-12-31
1654,2023-12-31 05:30:00,True,05:30:00,2023-12-31
1655,2023-12-31 05:45:00,False,05:45:00,2023-12-31
1656,2023-12-31 06:00:00,False,06:00:00,2023-12-31
1657,2023-12-31 06:15:00,False,06:15:00,2023-12-31
1658,2023-12-31 06:30:00,False,06:30:00,2023-12-31
1659,2023-12-31 06:45:00,False,06:45:00,2023-12-31
1660,2023-12-31 07:00:00,False,07:00:00,2023-12-31
1661,2023-12-31 07:15:00,False,07:15:00,2023-12-31
1662,2023-12-31 07:30:00,True,07:30:00,2023-12-31
1663,2023-12-31 07:45:00,True,07:45:00,2023-12-31
1664,2023-12-31 08:00:00,True,08:00:00,2023-12-31
1665,2023-12-31 08:15:00,True,08:15:00,2023-12-31
1666,2023-12-31 08:30:00,True,08:30:00,2023-12-31
1667,2023-12-31 08:45:00,True,08:45:00,2023-12-31
1668,2023-12-31 09:00:00,True,09:00:00,2023-12-31
1669,2023-12-31 09:15:00,True,09:15:00,2023-12-31
1670,2023-12-31 09:30:00,True,09:30:00,2023-12-31
1671,2023-12-31 09:45:00,True,09:45:00,2023-12-31
1672,2023-12-31 10:00:00,True,10:00:00,2023-12-31
1673,2023-12-31 10:15:00,True,10:15:00,2023-12-31
1674,2023-12-31 10:30:00,True,10:30:00,2023-12-31
1675,2023-12-31 10:45:00,True,10:45:00,2023-12-31
1676,2023-12-31 11:00:00,True,11:00:00,2023-12-31
1677,2023-12-31 11:15:00,True,11:15:00,2023-12-31
1678,2023-12-31 11:30:00,True,11:30:00,2023-12-31
1679,2023-12-31 11:45:00,True,11:45:00,2023-12-31
1680,2023-12-31 12:00:00,True,12:00:00,2023-12-31
1681,2023-12-31 12:15:00,True,12:15:00,2023-12-31
1682,2023-12-31 12:30:00,True,12:30:00,2023-12-31
1683,2023-12-31 12:45:00,True,12:45:00,2023-12-31
1684,2023-12-31 13:00:00,True,13:00:00,2023-12-31
1685,2023-12-31 13:15:00,True,13:15:00,2023-12-31
1686,2023-12-31 13:30:00,True,13:30:00,2023-12-31
1687,2023-12-31 13:45:00,True,13:45:00,2023-12-31
1688,2023-12-31 14:00:00,True,14:00:00,2023-12-31
1689,2023-12-31 14:15:00,True,14:15:00,2023-12-31
1690,2023-12-31 14:30:00,True,14:30:00,2023-12-31
1691,2023-12-31 14:45:00,True,14:45:00,2023-12-31
1692,2023-12-31 15:00:00,True,15:00:00,2023-12-31
1693,2023-12-31 15:15:00,True,15:15:00,2023-12-31
1694,2023-12-31 15:30:00,True,15:30:00,2023-12-31
1695,2023-12-31 15:45:00,True,15:45:00,2023-12-31
1696,2023-12-31 16:00:00,True,16:00:00,2023-12-31
1697,2023-12-31 16:15:00,True,16:15:00,2023-12-31
1698,2023-12-31 16:30:00,True,16:30:00,2023-12-31
1699,2023-12-31 16:45:00,True,16:45:00,2023-12-31
1700,2023-12-31 17:00:00,True,17:00:00,2023-12-31
1701,2023-12-31 17:15:00,True,17:15:00,2023-12-31
1702,2023-12-31 17:30:00,True,17:30:00,2023-12-31
1703,2023-12-31 17:45:00,False,17:45:00,2023-12-31
1704,2023-12-31 18:00:00,True,18:00:00,2023-12-31
1705,2023-12-31 18:15:00,True,18:15:00,2023-12-31
1706,2023-12-31 18:30:00,True,18:30:00,2023-12-31
1707,2023-12-31 18:45:00,True,18:45:00,2023-12-31
1708,2023-12-31 19:00:00,False,19:00:00,2023-12-31
1709,2023-12-31 19:15:00,False,19:15:00,2023-12-31
1710,2023-12-31 19:30:00,True,19:30:00,2023-12-31
1711,2023-12-31 19:45:00,False,19:45:00,2023-12-31
1712,2023-12-31 20:00:00,False,20:00:00,2023-12-31
1713,2023-12-31 20:15:00,True,20:15:00,2023-12-31
1714,2023-12-31 20:30:00,True,20:30:00,2023-12-31
1715,2023-12-31 20:45:00,False,20:45:00,2023-12-31
1716,2023-12-31 21:00:00,False,21:00:00,2023-12-31
1717,2023-12-31 21:15:00,True,21:15:00,2023-12-31
1718,2023-12-31 21:30:00,True,21:30:00,2023-12-31
1719,2023-12-31 21:45:00,True,21:45:00,2023-12-31
1720,2023-12-31 22:00:00,True,22:00:00,2023-12-31
1721,2023-12-31 22:15:00,True,22:15:00,2023-12-31
1722,2023-12-31 22:30:00,True,22:30:00,2023-12-31
1723,2023-12-31 22:45:00,True,22:45:00,2023-12-31
1724,2023-12-31 23:00:00,True,23:00:00,2023-12-31
1725,2023-12-31 23:15:00,True,23:15:00,2023-12-31
1726,2023-12-31 23:30:00,True,23:30:00,2023-12-31
1727,2023-12-31 23:45:00,True,23:45:00,2023-12-31
1728,2024-01-01 00:00:00,True,00:00:00,2024-01-01
1729,2024-01-01 00:15:00,True,00:15:00,2024-01-01
1730,2024-01-01 00:30:00,False,00:30:00,2024-01-01
1731,2024-01-01 00:45:00,True,00:45:00,2024-01-01
1732,2024-01-01 01:00:00,True,01:00:00,2024-01-01
1733,2024-01-01 01:15:00,True,01:15:00,2024-01-01
1734,2024-01-01 01:30:00,True,01:30:00,2024-01-01
1735,2024-01-01 01:45:00,True,01:45:00,2024-01-01
1736,2024-01-01 02:00:00,True,02:00:00,2024-01-01
1737,2024-01-01 02:15:00,True,02:15:00,2024-01-01
1738,2024-01-01 02:30:00,True,02:30:00,2024-01-01
1739,2024-01-01 02:45:00,True,02:45:00,2024-01-01
1740,2024-01-01 03:00:00,True,03:00:00,2024-01-01
1741,2024-01-01 03:15:00,True,03:15:00,2024-01-01
1742,2024-01-01 03:30:00,True,03:30:00,2024-01-01
1743,2024-01-01 03:45:00,True,03:45:00,2024-01-01
1744,2024-01-01 04:00:00,True,04:00:00,2024-01-01
1745,2024-01-01 04:15:00,True,04:15:00,2024-01-01
1746,2024-01-01 04:30:00,True,04:30:00,2024-01-01
1747,2024-01-01 04:45:00,True,04:45:00,2024-01-01
1748,2024-01-01 05:00:00,True,05:00:00,2024-01-01
1749,2024-01-01 05:15:00,True,05:15:00,2024-01-01
1750,2024-01-01 05:30:00,True,05:30:00,2024-01-01
1751,2024-01-01 05:45:00,True,05:45:00,2024-01-01
1752,2024-01-01 06:00:00,True,06:00:00,2024-01-01
1753,2024-01-01 06:15:00,True,06:15:00,2024-01-01
1754,2024-01-01 06:30:00,True,06:30:00,2024-01-01
1755,2024-01-01 06:45:00,True,06:45:00,2024-01-01
1756,2024-01-01 07:00:00,True,07:00:00,2024-01-01
1757,2024-01-01 07:15:00,True,07:15:00,2024-01-01
1758,2024-01-01 07:30:00,True,07:30:00,2024-01-01
1759,2024-01-01 07:45:00,False,07:45:00,2024-01-01
1760,2024-01-01 08:00:00,True,08:00:00,2024-01-01
1761,2024-01-01 08:15:00,True,08:15:00,2024-01-01
1762,2024-01-01 08:30:00,False,08:30:00,2024-01-01
1763,2024-01-01 08:45:00,False,08:45:00,2024-01-01
1764,2024-01-01 09:00:00,False,09:00:00,2024-01-01
1765,2024-01-01 09:15:00,False,09:15:00,2024-01-01
1766,2024-01-01 09:30:00,False,09:30:00,2024-01-01
1767,2024-01-01 09:45:00,False,09:45:00,2024-01-01
1768,2024-01-01 10:00:00,False,10:00:00,2024-01-01
1769,2024-01-01 10:15:00,False,10:15:00,2024-01-01
1770,2024-01-01 10:30:00,False,10:30:00,2024-01-01
1771,2024-01-01 10:45:00,False,10:45:00,2024-01-01
1772,2024-01-01 11:00:00,False,11:00:00,2024-01-01
1773,2024-01-01 11:15:00,False,11:15:00,2024-01-01
1774,2024-01-01 11:30:00,False,11:30:00,2024-01-01
1775,2024-01-01 11:45:00,False,11:45:00,2024-01-01
1776,2024-01-01 12:00:00,False,12:00:00,2024-01-01
1777,2024-01-01 12:15:00,False,12:15:00,2024-01-01
1778,2024-01-01 12:30:00,False,12:30:00,2024-01-01
1779,2024-01-01 12:45:00,False,12:45:00,2024-01-01
1780,2024-01-01 13:00:00,False,13:00:00,2024-01-01
1781,2024-01-01 13:15:00,False,13:15:00,2024-01-01
1782,2024-01-01 13:30:00,False,13:30:00,2024-01-01
1783,2024-01-01 13:45:00,False,13:45:00,2024-01-01
1784,2024-01-01 14:00:00,False,14:00:00,2024-01-01
1785,2024-01-01 14:15:00,False,14:15:00,2024-01-01
1786,2024-01-01 14:30:00,False,14:30:00,2024-01-01
1787,2024-01-01 14:45:00,False,14:45:00,2024-01-01
1788,2024-01-01 15:00:00,False,15:00:00,2024-01-01
1789,2024-01-01 15:15:00,False,15:15:00,2024-01-01
1790,2024-01-01 15:30:00,False,15:30:00,2024-01-01
1791,2024-01-01 15:45:00,False,15:45:00,2024-01-01
1792,2024-01-01 16:00:00,False,16:00:00,2024-01-01
1793,2024-01-01 16:15:00,True,16:15:00,2024-01-01
1794,2024-01-01 16:30:00,True,16:30:00,2024-01-01
1795,2024-01-01 16:45:00,True,16:45:00,2024-01-01
1796,2024-01-01 17:00:00,True,17:00:00,2024-01-01
1797,2024-01-01 17:15:00,True,17:15:00,2024-01-01
1798,2024-01-01 17:30:00,True,17:30:00,2024-01-01
1799,2024-01-01 17:45:00,True,17:45:00,2024-01-01
1800,2024-01-01 18:00:00,True,18:00:00,2024-01-01
1801,2024-01-01 18:15:00,True,18:15:00,2024-01-01
1802,2024-01-01 18:30:00,True,18:30:00,2024-01-01
1803,2024-01-01 18:45:00,True,18:45:00,2024-01-01
1804,2024-01-01 19:00:00,True,19:00:00,2024-01-01
1805,2024-01-01 19:15:00,True,19:15:00,2024-01-01
1806,2024-01-01 19:30:00,True,19:30:00,2024-01-01
1807,2024-01-01 19:45:00,True,19:45:00,2024-01-01
1808,2024-01-01 20:00:00,True,20:00:00,2024-01-01
1809,2024-01-01 20:15:00,True,20:15:00,2024-01-01
1810,2024-01-01 20:30:00,True,20:30:00,2024-01-01
1811,2024-01-01 20:45:00,True,20:45:00,2024-01-01
1812,2024-01-01 21:00:00,True,21:00:00,2024-01-01
1813,2024-01-01 21:15:00,True,21:15:00,2024-01-01
1814,2024-01-01 21:30:00,True,21:30:00,2024-01-01
1815,2024-01-01 21:45:00,True,21:45:00,2024-01-01
1816,2024-01-01 22:00:00,True,22:00:00,2024-01-01
1817,2024-01-01 22:15:00,True,22:15:00,2024-01-01
1818,2024-01-01 22:30:00,True,22:30:00,2024-01-01
1819,2024-01-01 22:45:00,True,22:45:00,2024-01-01
1820,2024-01-01 23:00:00,True,23:00:00,2024-01-01
1821,2024-01-01 23:15:00,True,23:15:00,2024-01-01
1822,2024-01-01 23:30:00,True,23:30:00,2024-01-01
1823,2024-01-01 23:45:00,True,23:45:00,2024-01-01
1824,2024-01-02 00:00:00,True,00:00:00,2024-01-02
1825,2024-01-02 00:15:00,True,00:15:00,2024-01-02
1826,2024-01-02 00:30:00,True,00:30:00,2024-01-02
1827,2024-01-02 00:45:00,True,00:45:00,2024-01-02
1828,2024-01-02 01:00:00,True,01:00:00,2024-01-02
1829,2024-01-02 01:15:00,True,01:15:00,2024-01-02
1830,2024-01-02 01:30:00,True,01:30:00,2024-01-02
1831,2024-01-02 01:45:00,True,01:45:00,2024-01-02
1832,2024-01-02 02:00:00,True,02:00:00,2024-01-02
1833,2024-01-02 02:15:00,True,02:15:00,2024-01-02
1834,2024-01-02 02:30:00,True,02:30:00,2024-01-02
1835,2024-01-02 02:45:00,True,02:45:00,2024-01-02
1836,2024-01-02 03:00:00,True,03:00:00,2024-01-02
1837,2024-01-02 03:15:00,True,03:15:00,2024-01-02
1838,2024-01-02 03:30:00,True,03:30:00,2024-01-02
1839,2024-01-02 03:45:00,True,03:45:00,2024-01-02
1840,2024-01-02 04:00:00,True,04:00:00,2024-01-02
1841,2024-01-02 04:15:00,True,04:15:00,2024-01-02
1842,2024-01-02 04:30:00,True,04:30:00,2024-01-02
1843,2024-01-02 04:45:00,True,04:45:00,2024-01-02
1844,2024-01-02 05:00:00,True,05:00:00,2024-01-02
1845,2024-01-02 05:15:00,True,05:15:00,2024-01-02
1846,2024-01-02 05:30:00,True,05:30:00,2024-01-02
1847,2024-01-02 05:45:00,True,05:45:00,2024-01-02
1848,2024-01-02 06:00:00,True,06:00:00,2024-01-02
1849,2024-01-02 06:15:00,True,06:15:00,2024-01-02
1850,2024-01-02 06:30:00,True,06:30:00,2024-01-02
1851,2024-01-02 06:45:00,True,06:45:00,2024-01-02
1852,2024-01-02 07:00:00,True,07:00:00,2024-01-02
1853,2024-01-02 07:15:00,True,07:15:00,2024-01-02
1854,2024-01-02 07:30:00,True,07:30:00,2024-01-02
1855,2024-01-02 07:45:00,True,07:45:00,2024-01-02
1856,2024-01-02 08:00:00,True,08:00:00,2024-01-02
1857,2024-01-02 08:15:00,True,08:15:00,2024-01-02
1858,2024-01-02 08:30:00,True,08:30:00,2024-01-02
1859,2024-01-02 08:45:00,True,08:45:00,2024-01-02
1860,2024-01-02 09:00:00,True,09:00:00,2024-01-02
1861,2024-01-02 09:15:00,True,09:15:00,2024-01-02
1862,2024-01-02 09:30:00,True,09:30:00,2024-01-02
1863,2024-01-02 09:45:00,True,09:45:00,2024-01-02
1864,2024-01-02 10:00:00,False,10:00:00,2024-01-02
1865,2024-01-02 10:15:00,True,10:15:00,2024-01-02
1866,2024-01-02 10:30:00,True,10:30:00,2024-01-02
1867,2024-01-02 10:45:00,True,10:45:00,2024-01-02
1868,2024-01-02 11:00:00,True,11:00:00,2024-01-02
1869,2024-01-02 11:15:00,True,11:15:00,2024-01-02
1870,2024-01-02 11:30:00,True,11:30:00,2024-01-02
1871,2024-01-02 11:45:00,True,11:45:00,2024-01-02
1872,2024-01-02 12:00:00,True,12:00:00,2024-01-02
1873,2024-01-02 12:15:00,True,12:15:00,2024-01-02
1874,2024-01-02 12:30:00,True,12:30:00,2024-01-02
1875,2024-01-02 12:45:00,True,12:45:00,2024-01-02
1876,2024-01-02 13:00:00,True,13:00:00,2024-01-02
1877,2024-01-02 13:15:00,True,13:15:00,2024-01-02
1878,2024-01-02 13:30:00,True,13:30:00,2024-01-02
1879,2024-01-02 13:45:00,True,13:45:00,2024-01-02
1880,2024-01-02 14:00:00,True,14:00:00,2024-01-02
1881,2024-01-02 14:15:00,True,14:15:00,2024-01-02
1882,2024-01-02 14:30:00,True,14:30:00,2024-01-02
1883,2024-01-02 14:45:00,True,14:45:00,2024-01-02
1884,2024-01-02 15:00:00,True,15:00:00,2024-01-02
1885,2024-01-02 15:15:00,True,15:15:00,2024-01-02
1886,2024-01-02 15:30:00,True,15:30:00,2024-01-02
1887,2024-01-02 15:45:00,True,15:45:00,2024-01-02
1888,2024-01-02 16:00:00,True,16:00:00,2024-01-02
1889,2024-01-02 16:15:00,True,16:15:00,2024-01-02
1890,2024-01-02 16:30:00,True,16:30:00,2024-01-02
1891,2024-01-02 16:45:00,True,16:45:00,2024-01-02
1892,2024-01-02 17:00:00,True,17:00:00,2024-01-02
1893,2024-01-02 17:15:00,True,17:15:00,2024-01-02
1894,2024-01-02 17:30:00,True,17:30:00,2024-01-02
1895,2024-01-02 17:45:00,True,17:45:00,2024-01-02
1896,2024-01-02 18:00:00,True,18:00:00,2024-01-02
1897,2024-01-02 18:15:00,True,18:15:00,2024-01-02
1898,2024-01-02 18:30:00,True,18:30:00,2024-01-02
1899,2024-01-02 18:45:00,True,18:45:00,2024-01-02
1900,2024-01-02 19:00:00,True,19:00:00,2024-01-02
1901,2024-01-02 19:15:00,True,19:15:00,2024-01-02
1902,2024-01-02 19:30:00,True,19:30:00,2024-01-02
1903,2024-01-02 19:45:00,True,19:45:00,2024-01-02
1904,2024-01-02 20:00:00,True,20:00:00,2024-01-02
1905,2024-01-02 20:15:00,True,20:15:00,2024-01-02
1906,2024-01-02 20:30:00,True,20:30:00,2024-01-02
1907,2024-01-02 20:45:00,True,20:45:00,2024-01-02
1908,2024-01-02 21:00:00,True,21:00:00,2024-01-02
1909,2024-01-02 21:15:00,True,21:15:00,2024-01-02
1910,2024-01-02 21:30:00,True,21:30:00,2024-01-02
1911,2024-01-02 21:45:00,True,21:45:00,2024-01-02
1912,2024-01-02 22:00:00,True,22:00:00,2024-01-02
1913,2024-01-02 22:15:00,True,22:15:00,2024-01-02
1914,2024-01-02 22:30:00,True,22:30:00,2024-01-02
1915,2024-01-02 22:45:00,True,22:45:00,2024-01-02
1916,2024-01-02 23:00:00,True,23:00:00,2024-01-02
1917,2024-01-02 23:15:00,True,23:15:00,2024-01-02
1918,2024-01-02 23:30:00,True,23:30:00,2024-01-02
1919,2024-01-02 23:45:00,True,23:45:00,2024-01-02
1920,2024-01-03 00:00:00,True,00:00:00,2024-01-03
1921,2024-01-03 00:15:00,True,00:15:00,2024-01-03
1922,2024-01-03 00:30:00,True,00:30:00,2024-01-03
1923,2024-01-03 00:45:00,True,00:45:00,2024-01-03
1924,2024-01-03 01:00:00,True,01:00:00,2024-01-03
1925,2024-01-03 01:15:00,True,01:15:00,2024-01-03
1926,2024-01-03 01:30:00,True,01:30:00,2024-01-03
1927,2024-01-03 01:45:00,True,01:45:00,2024-01-03
1928,2024-01-03 02:00:00,True,02:00:00,2024-01-03
1929,2024-01-03 02:15:00,True,02:15:00,2024-01-03
1930,2024-01-03 02:30:00,True,02:30:00,2024-01-03
1931,2024-01-03 02:45:00,True,02:45:00,2024-01-03
1932,2024-01-03 03:00:00,True,03:00:00,2024-01-03
1933,2024-01-03 03:15:00,True,03:15:00,2024-01-03
1934,2024-01-03 03:30:00,True,03:30:00,2024-01-03
1935,2024-01-03 03:45:00,True,03:45:00,2024-01-03
1936,2024-01-03 04:00:00,True,04:00:00,2024-01-03
1937,2024-01-03 04:15:00,True,04:15:00,2024-01-03
1938,2024-01-03 04:30:00,True,04:30:00,2024-01-03
1939,2024-01-03 04:45:00,False,04:45:00,2024-01-03
1940,2024-01-03 05:00:00,False,05:00:00,2024-01-03
1941,2024-01-03 05:15:00,False,05:15:00,2024-01-03
1942,2024-01-03 05:30:00,False,05:30:00,2024-01-03
1943,2024-01-03 05:45:00,False,05:45:00,2024-01-03
1944,2024-01-03 06:00:00,False,06:00:00,2024-01-03
1945,2024-01-03 06:15:00,True,06:15:00,2024-01-03
1946,2024-01-03 06:30:00,True,06:30:00,2024-01-03
1947,2024-01-03 06:45:00,True,06:45:00,2024-01-03
1948,2024-01-03 07:00:00,True,07:00:00,2024-01-03
1949,2024-01-03 07:15:00,True,07:15:00,2024-01-03
1950,2024-01-03 07:30:00,False,07:30:00,2024-01-03
1951,2024-01-03 07:45:00,False,07:45:00,2024-01-03
1952,2024-01-03 08:00:00,False,08:00:00,2024-01-03
1953,2024-01-03 08:15:00,False,08:15:00,2024-01-03
1954,2024-01-03 08:30:00,False,08:30:00,2024-01-03
1955,2024-01-03 08:45:00,False,08:45:00,2024-01-03
1956,2024-01-03 09:00:00,False,09:00:00,2024-01-03
1957,2024-01-03 09:15:00,False,09:15:00,2024-01-03
1958,2024-01-03 09:30:00,False,09:30:00,2024-01-03
1959,2024-01-03 09:45:00,False,09:45:00,2024-01-03
1960,2024-01-03 10:00:00,False,10:00:00,2024-01-03
1961,2024-01-03 10:15:00,False,10:15:00,2024-01-03
1962,2024-01-03 10:30:00,False,10:30:00,2024-01-03
1963,2024-01-03 10:45:00,False,10:45:00,2024-01-03
1964,2024-01-03 11:00:00,False,11:00:00,2024-01-03
1965,2024-01-03 11:15:00,False,11:15:00,2024-01-03
1966,2024-01-03 11:30:00,False,11:30:00,2024-01-03
1967,2024-01-03 11:45:00,False,11:45:00,2024-01-03
1968,2024-01-03 12:00:00,False,12:00:00,2024-01-03
1969,2024-01-03 12:15:00,False,12:15:00,2024-01-03
1970,2024-01-03 12:30:00,False,12:30:00,2024-01-03
1971,2024-01-03 12:45:00,False,12:45:00,2024-01-03
1972,2024-01-03 13:00:00,False,13:00:00,2024-01-03
1973,2024-01-03 13:15:00,False,13:15:00,2024-01-03
1974,2024-01-03 13:30:00,False,13:30:00,2024-01-03
1975,2024-01-03 13:45:00,False,13:45:00,2024-01-03
1976,2024-01-03 14:00:00,False,14:00:00,2024-01-03
1977,2024-01-03 14:15:00,False,14:15:00,2024-01-03
1978,2024-01-03 14:30:00,False,14:30:00,2024-01-03
1979,2024-01-03 14:45:00,False,14:45:00,2024-01-03
1980,2024-01-03 15:00:00,False,15:00:00,2024-01-03
1981,2024-01-03 15:15:00,False,15:15:00,2024-01-03
1982,2024-01-03 15:30:00,False,15:30:00,2024-01-03
1983,2024-01-03 15:45:00,False,15:45:00,2024-01-03
1984,2024-01-03 16:00:00,False,16:00:00,2024-01-03
1985,2024-01-03 16:15:00,False,16:15:00,2024-01-03
1986,2024-01-03 16:30:00,False,16:30:00,2024-01-03
1987,2024-01-03 16:45:00,False,16:45:00,2024-01-03
1988,2024-01-03 17:00:00,False,17:00:00,2024-01-03
1989,2024-01-03 17:15:00,False,17:15:00,2024-01-03
1990,2024-01-03 17:30:00,False,17:30:00,2024-01-03
1991,2024-01-03 17:45:00,False,17:45:00,2024-01-03
1992,2024-01-03 18:00:00,False,18:00:00,2024-01-03
1993,2024-01-03 18:15:00,False,18:15:00,2024-01-03
1994,2024-01-03 18:30:00,False,18:30:00,2024-01-03
1995,2024-01-03 18:45:00,False,18:45:00,2024-01-03
1996,2024-01-03 19:00:00,False,19:00:00,2024-01-03
1997,2024-01-03 19:15:00,False,19:15:00,2024-01-03
1998,2024-01-03 19:30:00,False,19:30:00,2024-01-03
1999,2024-01-03 19:45:00,False,19:45:00,2024-01-03
2000,2024-01-03 20:00:00,False,20:00:00,2024-01-03
2001,2024-01-03 20:15:00,False,20:15:00,2024-01-03
2002,2024-01-03 20:30:00,False,20:30:00,2024-01-03
2003,2024-01-03 20:45:00,False,20:45:00,2024-01-03
2004,2024-01-03 21:00:00,False,21:00:00,2024-01-03
2005,2024-01-03 21:15:00,False,21:15:00,2024-01-03
2006,2024-01-03 21:30:00,False,21:30:00,2024-01-03
2007,2024-01-03 21:45:00,False,21:45:00,2024-01-03
2008,2024-01-03 22:00:00,False,22:00:00,2024-01-03
2009,2024-01-03 22:15:00,False,22:15:00,2024-01-03
2010,2024-01-03 22:30:00,False,22:30:00,2024-01-03
2011,2024-01-03 22:45:00,True,22:45:00,2024-01-03
2012,2024-01-03 23:00:00,True,23:00:00,2024-01-03
2013,2024-01-03 23:15:00,True,23:15:00,2024-01-03
2014,2024-01-03 23:30:00,True,23:30:00,2024-01-03
2015,2024-01-03 23:45:00,True,23:45:00,2024-01-03
2016,2024-01-04 00:00:00,True,00:00:00,2024-01-04
2017,2024-01-04 00:15:00,True,00:15:00,2024-01-04
2018,2024-01-04 00:30:00,True,00:30:00,2024-01-04
2019,2024-01-04 00:45:00,True,00:45:00,2024-01-04
2020,2024-01-04 01:00:00,True,01:00:00,2024-01-04
2021,2024-01-04 01:15:00,True,01:15:00,2024-01-04
2022,2024-01-04 01:30:00,True,01:30:00,2024-01-04
2023,2024-01-04 01:45:00,True,01:45:00,2024-01-04
2024,2024-01-04 02:00:00,True,02:00:00,2024-01-04
2025,2024-01-04 02:15:00,True,02:15:00,2024-01-04
2026,2024-01-04 02:30:00,True,02:30:00,2024-01-04
2027,2024-01-04 02:45:00,True,02:45:00,2024-01-04
2028,2024-01-04 03:00:00,True,03:00:00,2024-01-04
2029,2024-01-04 03:15:00,True,03:15:00,2024-01-04
2030,2024-01-04 03:30:00,True,03:30:00,2024-01-04
2031,2024-01-04 03:45:00,True,03:45:00,2024-01-04
2032,2024-01-04 04:00:00,True,04:00:00,2024-01-04
2033,2024-01-04 04:15:00,True,04:15:00,2024-01-04
2034,2024-01-04 04:30:00,True,04:30:00,2024-01-04
2035,2024-01-04 04:45:00,True,04:45:00,2024-01-04
2036,2024-01-04 05:00:00,True,05:00:00,2024-01-04
2037,2024-01-04 05:15:00,True,05:15:00,2024-01-04
2038,2024-01-04 05:30:00,False,05:30:00,2024-01-04
2039,2024-01-04 05:45:00,False,05:45:00,2024-01-04
2040,2024-01-04 06:00:00,False,06:00:00,2024-01-04
2041,2024-01-04 06:15:00,False,06:15:00,2024-01-04
2042,2024-01-04 06:30:00,False,06:30:00,2024-01-04
2043,2024-01-04 06:45:00,False,06:45:00,2024-01-04
2044,2024-01-04 07:00:00,False,07:00:00,2024-01-04
2045,2024-01-04 07:15:00,False,07:15:00,2024-01-04
2046,2024-01-04 07:30:00,False,07:30:00,2024-01-04
2047,2024-01-04 07:45:00,False,07:45:00,2024-01-04
2048,2024-01-04 08:00:00,False,08:00:00,2024-01-04
2049,2024-01-04 08:15:00,False,08:15:00,2024-01-04
2050,2024-01-04 08:30:00,False,08:30:00,2024-01-04
2051,2024-01-04 08:45:00,False,08:45:00,2024-01-04
2052,2024-01-04 09:00:00,False,09:00:00,2024-01-04
2053,2024-01-04 09:15:00,False,09:15:00,2024-01-04
2054,2024-01-04 09:30:00,False,09:30:00,2024-01-04
2055,2024-01-04 09:45:00,False,09:45:00,2024-01-04
2056,2024-01-04 10:00:00,False,10:00:00,2024-01-04
2057,2024-01-04 10:15:00,False,10:15:00,2024-01-04
2058,2024-01-04 10:30:00,False,10:30:00,2024-01-04
2059,2024-01-04 10:45:00,False,10:45:00,2024-01-04
2060,2024-01-04 11:00:00,False,11:00:00,2024-01-04
2061,2024-01-04 11:15:00,False,11:15:00,2024-01-04
2062,2024-01-04 11:30:00,False,11:30:00,2024-01-04
2063,2024-01-04 11:45:00,False,11:45:00,2024-01-04
2064,2024-01-04 12:00:00,False,12:00:00,2024-01-04
2065,2024-01-04 12:15:00,False,12:15:00,2024-01-04
2066,2024-01-04 12:30:00,False,12:30:00,2024-01-04
2067,2024-01-04 12:45:00,False,12:45:00,2024-01-04
2068,2024-01-04 13:00:00,False,13:00:00,2024-01-04
2069,2024-01-04 13:15:00,False,13:15:00,2024-01-04
2070,2024-01-04 13:30:00,False,13:30:00,2024-01-04
2071,2024-01-04 13:45:00,False,13:45:00,2024-01-04
2072,2024-01-04 14:00:00,False,14:00:00,2024-01-04
2073,2024-01-04 14:15:00,False,14:15:00,2024-01-04
2074,2024-01-04 14:30:00,False,14:30:00,2024-01-04
2075,2024-01-04 14:45:00,False,14:45:00,2024-01-04
2076,2024-01-04 15:00:00,False,15:00:00,2024-01-04
2077,2024-01-04 15:15:00,False,15:15:00,2024-01-04
2078,2024-01-04 15:30:00,False,15:30:00,2024-01-04
2079,2024-01-04 15:45:00,False,15:45:00,2024-01-04
2080,2024-01-04 16:00:00,False,16:00:00,2024-01-04
2081,2024-01-04 16:15:00,False,16:15:00,2024-01-04
2082,2024-01-04 16:30:00,False,16:30:00,2024-01-04
2083,2024-01-04 16:45:00,False,16:45:00,2024-01-04
2084,2024-01-04 17:00:00,False,17:00:00,2024-01-04
2085,2024-01-04 17:15:00,False,17:15:00,2024-01-04
2086,2024-01-04 17:30:00,False,17:30:00,2024-01-04
2087,2024-01-04 17:45:00,False,17:45:00,2024-01-04
2088,2024-01-04 18:00:00,False,18:00:00,2024-01-04
2089,2024-01-04 18:15:00,False,18:15:00,2024-01-04
2090,2024-01-04 18:30:00,False,18:30:00,2024-01-04
2091,2024-01-04 18:45:00,False,18:45:00,2024-01-04
2092,2024-01-04 19:00:00,False,19:00:00,2024-01-04
2093,2024-01-04 19:15:00,False,19:15:00,2024-01-04
2094,2024-01-04 19:30:00,False,19:30:00,2024-01-04
2095,2024-01-04 19:45:00,False,19:45:00,2024-01-04
2096,2024-01-04 20:00:00,False,20:00:00,2024-01-04
2097,2024-01-04 20:15:00,False,20:15:00,2024-01-04
2098,2024-01-04 20:30:00,False,20:30:00,2024-01-04
2099,2024-01-04 20:45:00,False,20:45:00,2024-01-04
2100,2024-01-04 21:00:00,False,21:00:00,2024-01-04
2101,2024-01-04 21:15:00,False,21:15:00,2024-01-04
2102,2024-01-04 21:30:00,False,21:30:00,2024-01-04
2103,2024-01-04 21:45:00,False,21:45:00,2024-01-04
2104,2024-01-04 22:00:00,True,22:00:00,2024-01-04
2105,2024-01-04 22:15:00,True,22:15:00,2024-01-04
2106,2024-01-04 22:30:00,True,22:30:00,2024-01-04
2107,2024-01-04 22:45:00,True,22:45:00,2024-01-04
2108,2024-01-04 23:00:00,True,23:00:00,2024-01-04
2109,2024-01-04 23:15:00,True,23:15:00,2024-01-04
2110,2024-01-04 23:30:00,True,23:30:00,2024-01-04
2111,2024-01-04 23:45:00,True,23:45:00,2024-01-04
2112,2024-01-05 00:00:00,True,00:00:00,2024-01-05
2113,2024-01-05 00:15:00,True,00:15:00,2024-01-05
2114,2024-01-05 00:30:00,True,00:30:00,2024-01-05
2115,2024-01-05 00:45:00,True,00:45:00,2024-01-05
2116,2024-01-05 01:00:00,True,01:00:00,2024-01-05
2117,2024-01-05 01:15:00,True,01:15:00,2024-01-05
2118,2024-01-05 01:30:00,True,01:30:00,2024-01-05
2119,2024-01-05 01:45:00,True,01:45:00,2024-01-05
2120,2024-01-05 02:00:00,True,02:00:00,2024-01-05
2121,2024-01-05 02:15:00,True,02:15:00,2024-01-05
2122,2024-01-05 02:30:00,True,02:30:00,2024-01-05
2123,2024-01-05 02:45:00,True,02:45:00,2024-01-05
2124,2024-01-05 03:00:00,True,03:00:00,2024-01-05
2125,2024-01-05 03:15:00,True,03:15:00,2024-01-05
2126,2024-01-05 03:30:00,True,03:30:00,2024-01-05
2127,2024-01-05 03:45:00,True,03:45:00,2024-01-05
2128,2024-01-05 04:00:00,True,04:00:00,2024-01-05
2129,2024-01-05 04:15:00,True,04:15:00,2024-01-05
2130,2024-01-05 04:30:00,True,04:30:00,2024-01-05
2131,2024-01-05 04:45:00,True,04:45:00,2024-01-05
2132,2024-01-05 05:00:00,True,05:00:00,2024-01-05
2133,2024-01-05 05:15:00,False,05:15:00,2024-01-05
2134,2024-01-05 05:30:00,False,05:30:00,2024-01-05
2135,2024-01-05 05:45:00,False,05:45:00,2024-01-05
2136,2024-01-05 06:00:00,False,06:00:00,2024-01-05
2137,2024-01-05 06:15:00,False,06:15:00,2024-01-05
2138,2024-01-05 06:30:00,False,06:30:00,2024-01-05
2139,2024-01-05 06:45:00,False,06:45:00,2024-01-05
2140,2024-01-05 07:00:00,False,07:00:00,2024-01-05
2141,2024-01-05 07:15:00,False,07:15:00,2024-01-05
2142,2024-01-05 07:30:00,False,07:30:00,2024-01-05
2143,2024-01-05 07:45:00,False,07:45:00,2024-01-05
2144,2024-01-05 08:00:00,False,08:00:00,2024-01-05
2145,2024-01-05 08:15:00,False,08:15:00,2024-01-05
2146,2024-01-05 08:30:00,False,08:30:00,2024-01-05
2147,2024-01-05 08:45:00,False,08:45:00,2024-01-05
2148,2024-01-05 09:00:00,False,09:00:00,2024-01-05
2149,2024-01-05 09:15:00,False,09:15:00,2024-01-05
2150,2024-01-05 09:30:00,False,09:30:00,2024-01-05
2151,2024-01-05 09:45:00,False,09:45:00,2024-01-05
2152,2024-01-05 10:00:00,False,10:00:00,2024-01-05
2153,2024-01-05 10:15:00,False,10:15:00,2024-01-05
2154,2024-01-05 10:30:00,False,10:30:00,2024-01-05
2155,2024-01-05 10:45:00,False,10:45:00,2024-01-05
2156,2024-01-05 11:00:00,False,11:00:00,2024-01-05
2157,2024-01-05 11:15:00,False,11:15:00,2024-01-05
2158,2024-01-05 11:30:00,False,11:30:00,2024-01-05
2159,2024-01-05 11:45:00,False,11:45:00,2024-01-05
2160,2024-01-05 12:00:00,False,12:00:00,2024-01-05
2161,2024-01-05 12:15:00,False,12:15:00,2024-01-05
2162,2024-01-05 12:30:00,False,12:30:00,2024-01-05
2163,2024-01-05 12:45:00,False,12:45:00,2024-01-05
2164,2024-01-05 13:00:00,False,13:00:00,2024-01-05
2165,2024-01-05 13:15:00,False,13:15:00,2024-01-05
2166,2024-01-05 13:30:00,False,13:30:00,2024-01-05
2167,2024-01-05 13:45:00,False,13:45:00,2024-01-05
2168,2024-01-05 14:00:00,False,14:00:00,2024-01-05
2169,2024-01-05 14:15:00,False,14:15:00,2024-01-05
2170,2024-01-05 14:30:00,False,14:30:00,2024-01-05
2171,2024-01-05 14:45:00,False,14:45:00,2024-01-05
2172,2024-01-05 15:00:00,False,15:00:00,2024-01-05
2173,2024-01-05 15:15:00,False,15:15:00,2024-01-05
2174,2024-01-05 15:30:00,False,15:30:00,2024-01-05
2175,2024-01-05 15:45:00,False,15:45:00,2024-01-05
2176,2024-01-05 16:00:00,False,16:00:00,2024-01-05
2177,2024-01-05 16:15:00,False,16:15:00,2024-01-05
2178,2024-01-05 16:30:00,False,16:30:00,2024-01-05
2179,2024-01-05 16:45:00,False,16:45:00,2024-01-05
2180,2024-01-05 17:00:00,False,17:00:00,2024-01-05
2181,2024-01-05 17:15:00,False,17:15:00,2024-01-05
2182,2024-01-05 17:30:00,False,17:30:00,2024-01-05
2183,2024-01-05 17:45:00,False,17:45:00,2024-01-05
2184,2024-01-05 18:00:00,False,18:00:00,2024-01-05
2185,2024-01-05 18:15:00,False,18:15:00,2024-01-05
2186,2024-01-05 18:30:00,False,18:30:00,2024-01-05
2187,2024-01-05 18:45:00,False,18:45:00,2024-01-05
2188,2024-01-05 19:00:00,False,19:00:00,2024-01-05
2189,2024-01-05 19:15:00,False,19:15:00,2024-01-05
2190,2024-01-05 19:30:00,False,19:30:00,2024-01-05
2191,2024-01-05 19:45:00,False,19:45:00,2024-01-05
2192,2024-01-05 20:00:00,False,20:00:00,2024-01-05
2193,2024-01-05 20:15:00,False,20:15:00,2024-01-05
2194,2024-01-05 20:30:00,False,20:30:00,2024-01-05
2195,2024-01-05 20:45:00,False,20:45:00,2024-01-05
2196,2024-01-05 21:00:00,False,21:00:00,2024-01-05
2197,2024-01-05 21:15:00,False,21:15:00,2024-01-05
2198,2024-01-05 21:30:00,False,21:30:00,2024-01-05
2199,2024-01-05 21:45:00,True,21:45:00,2024-01-05
2200,2024-01-05 22:00:00,True,22:00:00,2024-01-05
2201,2024-01-05 22:15:00,True,22:15:00,2024-01-05
2202,2024-01-05 22:30:00,True,22:30:00,2024-01-05
2203,2024-01-05 22:45:00,True,22:45:00,2024-01-05
2204,2024-01-05 23:00:00,True,23:00:00,2024-01-05
2205,2024-01-05 23:15:00,True,23:15:00,2024-01-05
2206,2024-01-05 23:30:00,True,23:30:00,2024-01-05
2207,2024-01-05 23:45:00,True,23:45:00,2024-01-05
2208,2024-01-06 00:00:00,True,00:00:00,2024-01-06
2209,2024-01-06 00:15:00,True,00:15:00,2024-01-06
2210,2024-01-06 00:30:00,True,00:30:00,2024-01-06
2211,2024-01-06 00:45:00,True,00:45:00,2024-01-06
2212,2024-01-06 01:00:00,True,01:00:00,2024-01-06
2213,2024-01-06 01:15:00,True,01:15:00,2024-01-06
2214,2024-01-06 01:30:00,True,01:30:00,2024-01-06
2215,2024-01-06 01:45:00,True,01:45:00,2024-01-06
2216,2024-01-06 02:00:00,True,02:00:00,2024-01-06
2217,2024-01-06 02:15:00,True,02:15:00,2024-01-06
2218,2024-01-06 02:30:00,True,02:30:00,2024-01-06
2219,2024-01-06 02:45:00,True,02:45:00,2024-01-06
2220,2024-01-06 03:00:00,True,03:00:00,2024-01-06
2221,2024-01-06 03:15:00,True,03:15:00,2024-01-06
2222,2024-01-06 03:30:00,True,03:30:00,2024-01-06
2223,2024-01-06 03:45:00,True,03:45:00,2024-01-06
2224,2024-01-06 04:00:00,True,04:00:00,2024-01-06
2225,2024-01-06 04:15:00,True,04:15:00,2024-01-06
2226,2024-01-06 04:30:00,True,04:30:00,2024-01-06
2227,2024-01-06 04:45:00,True,04:45:00,2024-01-06
2228,2024-01-06 05:00:00,True,05:00:00,2024-01-06
2229,2024-01-06 05:15:00,True,05:15:00,2024-01-06
2230,2024-01-06 05:30:00,True,05:30:00,2024-01-06
2231,2024-01-06 05:45:00,True,05:45:00,2024-01-06
2232,2024-01-06 06:00:00,True,06:00:00,2024-01-06
2233,2024-01-06 06:15:00,True,06:15:00,2024-01-06
2234,2024-01-06 06:30:00,True,06:30:00,2024-01-06
2235,2024-01-06 06:45:00,True,06:45:00,2024-01-06
2236,2024-01-06 07:00:00,True,07:00:00,2024-01-06
2237,2024-01-06 07:15:00,True,07:15:00,2024-01-06
2238,2024-01-06 07:30:00,True,07:30:00,2024-01-06
2239,2024-01-06 07:45:00,True,07:45:00,2024-01-06
2240,2024-01-06 08:00:00,True,08:00:00,2024-01-06
2241,2024-01-06 08:15:00,True,08:15:00,2024-01-06
2242,2024-01-06 08:30:00,True,08:30:00,2024-01-06
2243,2024-01-06 08:45:00,True,08:45:00,2024-01-06
2244,2024-01-06 09:00:00,True,09:00:00,2024-01-06
2245,2024-01-06 09:15:00,True,09:15:00,2024-01-06
2246,2024-01-06 09:30:00,True,09:30:00,2024-01-06
2247,2024-01-06 09:45:00,True,09:45:00,2024-01-06
2248,2024-01-06 10:00:00,True,10:00:00,2024-01-06
2249,2024-01-06 10:15:00,True,10:15:00,2024-01-06
2250,2024-01-06 10:30:00,True,10:30:00,2024-01-06
2251,2024-01-06 10:45:00,True,10:45:00,2024-01-06
2252,2024-01-06 11:00:00,True,11:00:00,2024-01-06
2253,2024-01-06 11:15:00,True,11:15:00,2024-01-06
2254,2024-01-06 11:30:00,True,11:30:00,2024-01-06
2255,2024-01-06 11:45:00,True,11:45:00,2024-01-06
2256,2024-01-06 12:00:00,True,12:00:00,2024-01-06
2257,2024-01-06 12:15:00,True,12:15:00,2024-01-06
2258,2024-01-06 12:30:00,True,12:30:00,2024-01-06
2259,2024-01-06 12:45:00,True,12:45:00,2024-01-06
2260,2024-01-06 13:00:00,True,13:00:00,2024-01-06
2261,2024-01-06 13:15:00,True,13:15:00,2024-01-06
2262,2024-01-06 13:30:00,True,13:30:00,2024-01-06
2263,2024-01-06 13:45:00,True,13:45:00,2024-01-06
2264,2024-01-06 14:00:00,True,14:00:00,2024-01-06
2265,2024-01-06 14:15:00,True,14:15:00,2024-01-06
2266,2024-01-06 14:30:00,True,14:30:00,2024-01-06
2267,2024-01-06 14:45:00,True,14:45:00,2024-01-06
2268,2024-01-06 15:00:00,True,15:00:00,2024-01-06
2269,2024-01-06 15:15:00,True,15:15:00,2024-01-06
2270,2024-01-06 15:30:00,True,15:30:00,2024-01-06
2271,2024-01-06 15:45:00,True,15:45:00,2024-01-06
2272,2024-01-06 16:00:00,True,16:00:00,2024-01-06
2273,2024-01-06 16:15:00,True,16:15:00,2024-01-06
2274,2024-01-06 16:30:00,True,16:30:00,2024-01-06
2275,2024-01-06 16:45:00,True,16:45:00,2024-01-06
2276,2024-01-06 17:00:00,True,17:00:00,2024-01-06
2277,2024-01-06 17:15:00,True,17:15:00,2024-01-06
2278,2024-01-06 17:30:00,True,17:30:00,2024-01-06
2279,2024-01-06 17:45:00,True,17:45:00,2024-01-06
2280,2024-01-06 18:00:00,True,18:00:00,2024-01-06
2281,2024-01-06 18:15:00,True,18:15:00,2024-01-06
2282,2024-01-06 18:30:00,True,18:30:00,2024-01-06
2283,2024-01-06 18:45:00,True,18:45:00,2024-01-06
2284,2024-01-06 19:00:00,True,19:00:00,2024-01-06
2285,2024-01-06 19:15:00,True,19:15:00,2024-01-06
2286,2024-01-06 19:30:00,True,19:30:00,2024-01-06
2287,2024-01-06 19:45:00,True,19:45:00,2024-01-06
2288,2024-01-06 20:00:00,True,20:00:00,2024-01-06
2289,2024-01-06 20:15:00,True,20:15:00,2024-01-06
2290,2024-01-06 20:30:00,True,20:30:00,2024-01-06
2291,2024-01-06 20:45:00,True,20:45:00,2024-01-06
2292,2024-01-06 21:00:00,True,21:00:00,2024-01-06
2293,2024-01-06 21:15:00,True,21:15:00,2024-01-06
2294,2024-01-06 21:30:00,True,21:30:00,2024-01-06
2295,2024-01-06 21:45:00,True,21:45:00,2024-01-06
2296,2024-01-06 22:00:00,True,22:00:00,2024-01-06
2297,2024-01-06 22:15:00,True,22:15:00,2024-01-06
2298,2024-01-06 22:30:00,True,22:30:00,2024-01-06
2299,2024-01-06 22:45:00,True,22:45:00,2024-01-06
2300,2024-01-06 23:00:00,True,23:00:00,2024-01-06
2301,2024-01-06 23:15:00,True,23:15:00,2024-01-06
2302,2024-01-06 23:30:00,True,23:30:00,2024-01-06
2303,2024-01-06 23:45:00,True,23:45:00,2024-01-06
2304,2024-01-07 00:00:00,True,00:00:00,2024-01-07
2305,2024-01-07 00:15:00,True,00:15:00,2024-01-07
2306,2024-01-07 00:30:00,True,00:30:00,2024-01-07
2307,2024-01-07 00:45:00,True,00:45:00,2024-01-07
2308,2024-01-07 01:00:00,True,01:00:00,2024-01-07
2309,2024-01-07 01:15:00,True,01:15:00,2024-01-07
2310,2024-01-07 01:30:00,True,01:30:00,2024-01-07
2311,2024-01-07 01:45:00,True,01:45:00,2024-01-07
2312,2024-01-07 02:00:00,True,02:00:00,2024-01-07
2313,2024-01-07 02:15:00,True,02:15:00,2024-01-07
2314,2024-01-07 02:30:00,True,02:30:00,2024-01-07
2315,2024-01-07 02:45:00,True,02:45:00,2024-01-07
2316,2024-01-07 03:00:00,True,03:00:00,2024-01-07
2317,2024-01-07 03:15:00,True,03:15:00,2024-01-07
2318,2024-01-07 03:30:00,True,03:30:00,2024-01-07
2319,2024-01-07 03:45:00,True,03:45:00,2024-01-07
2320,2024-01-07 04:00:00,True,04:00:00,2024-01-07
2321,2024-01-07 04:15:00,True,04:15:00,2024-01-07
2322,2024-01-07 04:30:00,True,04:30:00,2024-01-07
2323,2024-01-07 04:45:00,True,04:45:00,2024-01-07
2324,2024-01-07 05:00:00,True,05:00:00,2024-01-07
2325,2024-01-07 05:15:00,True,05:15:00,2024-01-07
2326,2024-01-07 05:30:00,True,05:30:00,2024-01-07
2327,2024-01-07 05:45:00,True,05:45:00,2024-01-07
2328,2024-01-07 06:00:00,True,06:00:00,2024-01-07
2329,2024-01-07 06:15:00,True,06:15:00,2024-01-07
2330,2024-01-07 06:30:00,True,06:30:00,2024-01-07
2331,2024-01-07 06:45:00,True,06:45:00,2024-01-07
2332,2024-01-07 07:00:00,True,07:00:00,2024-01-07
2333,2024-01-07 07:15:00,True,07:15:00,2024-01-07
2334,2024-01-07 07:30:00,True,07:30:00,2024-01-07
2335,2024-01-07 07:45:00,True,07:45:00,2024-01-07
2336,2024-01-07 08:00:00,True,08:00:00,2024-01-07
2337,2024-01-07 08:15:00,True,08:15:00,2024-01-07
2338,2024-01-07 08:30:00,True,08:30:00,2024-01-07
2339,2024-01-07 08:45:00,True,08:45:00,2024-01-07
2340,2024-01-07 09:00:00,True,09:00:00,2024-01-07
2341,2024-01-07 09:15:00,True,09:15:00,2024-01-07
2342,2024-01-07 09:30:00,True,09:30:00,2024-01-07
2343,2024-01-07 09:45:00,True,09:45:00,2024-01-07
2344,2024-01-07 10:00:00,True,10:00:00,2024-01-07
2345,2024-01-07 10:15:00,True,10:15:00,2024-01-07
2346,2024-01-07 10:30:00,True,10:30:00,2024-01-07
2347,2024-01-07 10:45:00,True,10:45:00,2024-01-07
2348,2024-01-07 11:00:00,True,11:00:00,2024-01-07
2349,2024-01-07 11:15:00,True,11:15:00,2024-01-07
2350,2024-01-07 11:30:00,True,11:30:00,2024-01-07
2351,2024-01-07 11:45:00,True,11:45:00,2024-01-07
2352,2024-01-07 12:00:00,True,12:00:00,2024-01-07
2353,2024-01-07 12:15:00,True,12:15:00,2024-01-07
2354,2024-01-07 12:30:00,True,12:30:00,2024-01-07
2355,2024-01-07 12:45:00,True,12:45:00,2024-01-07
2356,2024-01-07 13:00:00,True,13:00:00,2024-01-07
2357,2024-01-07 13:15:00,True,13:15:00,2024-01-07
2358,2024-01-07 13:30:00,True,13:30:00,2024-01-07
2359,2024-01-07 13:45:00,True,13:45:00,2024-01-07
2360,2024-01-07 14:00:00,True,14:00:00,2024-01-07
2361,2024-01-07 14:15:00,True,14:15:00,2024-01-07
2362,2024-01-07 14:30:00,True,14:30:00,2024-01-07
2363,2024-01-07 14:45:00,True,14:45:00,2024-01-07
2364,2024-01-07 15:00:00,False,15:00:00,2024-01-07
2365,2024-01-07 15:15:00,False,15:15:00,2024-01-07
2366,2024-01-07 15:30:00,False,15:30:00,2024-01-07
2367,2024-01-07 15:45:00,False,15:45:00,2024-01-07
2368,2024-01-07 16:00:00,False,16:00:00,2024-01-07
2369,2024-01-07 16:15:00,False,16:15:00,2024-01-07
2370,2024-01-07 16:30:00,False,16:30:00,2024-01-07
2371,2024-01-07 16:45:00,False,16:45:00,2024-01-07
2372,2024-01-07 17:00:00,False,17:00:00,2024-01-07
2373,2024-01-07 17:15:00,False,17:15:00,2024-01-07
2374,2024-01-07 17:30:00,False,17:30:00,2024-01-07
2375,2024-01-07 17:45:00,False,17:45:00,2024-01-07
2376,2024-01-07 18:00:00,False,18:00:00,2024-01-07
2377,2024-01-07 18:15:00,False,18:15:00,2024-01-07
2378,2024-01-07 18:30:00,False,18:30:00,2024-01-07
2379,2024-01-07 18:45:00,False,18:45:00,2024-01-07
2380,2024-01-07 19:00:00,False,19:00:00,2024-01-07
2381,2024-01-07 19:15:00,False,19:15:00,2024-01-07
2382,2024-01-07 19:30:00,False,19:30:00,2024-01-07
2383,2024-01-07 19:45:00,False,19:45:00,2024-01-07
2384,2024-01-07 20:00:00,False,20:00:00,2024-01-07
2385,2024-01-07 20:15:00,False,20:15:00,2024-01-07
2386,2024-01-07 20:30:00,False,20:30:00,2024-01-07
2387,2024-01-07 20:45:00,False,20:45:00,2024-01-07
2388,2024-01-07 21:00:00,False,21:00:00,2024-01-07
2389,2024-01-07 21:15:00,False,21:15:00,2024-01-07
2390,2024-01-07 21:30:00,False,21:30:00,2024-01-07
2391,2024-01-07 21:45:00,False,21:45:00,2024-01-07
2392,2024-01-07 22:00:00,False,22:00:00,2024-01-07
2393,2024-01-07 22:15:00,False,22:15:00,2024-01-07
2394,2024-01-07 22:30:00,True,22:30:00,2024-01-07
2395,2024-01-07 22:45:00,True,22:45:00,2024-01-07
2396,2024-01-07 23:00:00,True,23:00:00,2024-01-07
2397,2024-01-07 23:15:00,True,23:15:00,2024-01-07
2398,2024-01-07 23:30:00,True,23:30:00,2024-01-07
2399,2024-01-07 23:45:00,True,23:45:00,2024-01-07
2400,2024-01-08 00:00:00,True,00:00:00,2024-01-08
2401,2024-01-08 00:15:00,True,00:15:00,2024-01-08
2402,2024-01-08 00:30:00,True,00:30:00,2024-01-08
2403,2024-01-08 00:45:00,True,00:45:00,2024-01-08
2404,2024-01-08 01:00:00,True,01:00:00,2024-01-08
2405,2024-01-08 01:15:00,True,01:15:00,2024-01-08
2406,2024-01-08 01:30:00,True,01:30:00,2024-01-08
2407,2024-01-08 01:45:00,True,01:45:00,2024-01-08
2408,2024-01-08 02:00:00,True,02:00:00,2024-01-08
2409,2024-01-08 02:15:00,True,02:15:00,2024-01-08
2410,2024-01-08 02:30:00,True,02:30:00,2024-01-08
2411,2024-01-08 02:45:00,True,02:45:00,2024-01-08
2412,2024-01-08 03:00:00,True,03:00:00,2024-01-08
2413,2024-01-08 03:15:00,True,03:15:00,2024-01-08
2414,2024-01-08 03:30:00,True,03:30:00,2024-01-08
2415,2024-01-08 03:45:00,True,03:45:00,2024-01-08
2416,2024-01-08 04:00:00,True,04:00:00,2024-01-08
2417,2024-01-08 04:15:00,True,04:15:00,2024-01-08
2418,2024-01-08 04:30:00,True,04:30:00,2024-01-08
2419,2024-01-08 04:45:00,True,04:45:00,2024-01-08
2420,2024-01-08 05:00:00,True,05:00:00,2024-01-08
2421,2024-01-08 05:15:00,True,05:15:00,2024-01-08
2422,2024-01-08 05:30:00,True,05:30:00,2024-01-08
2423,2024-01-08 05:45:00,True,05:45:00,2024-01-08
2424,2024-01-08 06:00:00,True,06:00:00,2024-01-08
2425,2024-01-08 06:15:00,True,06:15:00,2024-01-08
2426,2024-01-08 06:30:00,True,06:30:00,2024-01-08
2427,2024-01-08 06:45:00,True,06:45:00,2024-01-08
2428,2024-01-08 07:00:00,True,07:00:00,2024-01-08
2429,2024-01-08 07:15:00,False,07:15:00,2024-01-08
2430,2024-01-08 07:30:00,True,07:30:00,2024-01-08
2431,2024-01-08 07:45:00,False,07:45:00,2024-01-08
2432,2024-01-08 08:00:00,False,08:00:00,2024-01-08
2433,2024-01-08 08:15:00,True,08:15:00,2024-01-08
2434,2024-01-08 08:30:00,True,08:30:00,2024-01-08
2435,2024-01-08 08:45:00,True,08:45:00,2024-01-08
2436,2024-01-08 09:00:00,True,09:00:00,2024-01-08
2437,2024-01-08 09:15:00,True,09:15:00,2024-01-08
2438,2024-01-08 09:30:00,True,09:30:00,2024-01-08
2439,2024-01-08 09:45:00,True,09:45:00,2024-01-08
2440,2024-01-08 10:00:00,True,10:00:00,2024-01-08
2441,2024-01-08 10:15:00,True,10:15:00,2024-01-08
2442,2024-01-08 10:30:00,True,10:30:00,2024-01-08
2443,2024-01-08 10:45:00,True,10:45:00,2024-01-08
2444,2024-01-08 11:00:00,True,11:00:00,2024-01-08
2445,2024-01-08 11:15:00,True,11:15:00,2024-01-08
2446,2024-01-08 11:30:00,True,11:30:00,2024-01-08
2447,2024-01-08 11:45:00,True,11:45:00,2024-01-08
2448,2024-01-08 12:00:00,True,12:00:00,2024-01-08
2449,2024-01-08 12:15:00,True,12:15:00,2024-01-08
2450,2024-01-08 12:30:00,True,12:30:00,2024-01-08
2451,2024-01-08 12:45:00,True,12:45:00,2024-01-08
2452,2024-01-08 13:00:00,True,13:00:00,2024-01-08
2453,2024-01-08 13:15:00,True,13:15:00,2024-01-08
2454,2024-01-08 13:30:00,True,13:30:00,2024-01-08
2455,2024-01-08 13:45:00,True,13:45:00,2024-01-08
2456,2024-01-08 14:00:00,True,14:00:00,2024-01-08
2457,2024-01-08 14:15:00,True,14:15:00,2024-01-08
2458,2024-01-08 14:30:00,True,14:30:00,2024-01-08
2459,2024-01-08 14:45:00,True,14:45:00,2024-01-08
2460,2024-01-08 15:00:00,True,15:00:00,2024-01-08
2461,2024-01-08 15:15:00,True,15:15:00,2024-01-08
2462,2024-01-08 15:30:00,True,15:30:00,2024-01-08
2463,2024-01-08 15:45:00,True,15:45:00,2024-01-08
2464,2024-01-08 16:00:00,True,16:00:00,2024-01-08
2465,2024-01-08 16:15:00,True,16:15:00,2024-01-08
2466,2024-01-08 16:30:00,True,16:30:00,2024-01-08
2467,2024-01-08 16:45:00,True,16:45:00,2024-01-08
2468,2024-01-08 17:00:00,True,17:00:00,2024-01-08
2469,2024-01-08 17:15:00,True,17:15:00,2024-01-08
2470,2024-01-08 17:30:00,True,17:30:00,2024-01-08
2471,2024-01-08 17:45:00,False,17:45:00,2024-01-08
2472,2024-01-08 18:00:00,False,18:00:00,2024-01-08
2473,2024-01-08 18:15:00,False,18:15:00,2024-01-08
2474,2024-01-08 18:30:00,False,18:30:00,2024-01-08
2475,2024-01-08 18:45:00,False,18:45:00,2024-01-08
2476,2024-01-08 19:00:00,False,19:00:00,2024-01-08
2477,2024-01-08 19:15:00,False,19:15:00,2024-01-08
2478,2024-01-08 19:30:00,False,19:30:00,2024-01-08
2479,2024-01-08 19:45:00,False,19:45:00,2024-01-08
2480,2024-01-08 20:00:00,False,20:00:00,2024-01-08
2481,2024-01-08 20:15:00,False,20:15:00,2024-01-08
2482,2024-01-08 20:30:00,False,20:30:00,2024-01-08
2483,2024-01-08 20:45:00,False,20:45:00,2024-01-08
2484,2024-01-08 21:00:00,True,21:00:00,2024-01-08
2485,2024-01-08 21:15:00,True,21:15:00,2024-01-08
2486,2024-01-08 21:30:00,True,21:30:00,2024-01-08
2487,2024-01-08 21:45:00,True,21:45:00,2024-01-08
2488,2024-01-08 22:00:00,True,22:00:00,2024-01-08
2489,2024-01-08 22:15:00,True,22:15:00,2024-01-08
2490,2024-01-08 22:30:00,True,22:30:00,2024-01-08
2491,2024-01-08 22:45:00,True,22:45:00,2024-01-08
2492,2024-01-08 23:00:00,True,23:00:00,2024-01-08
2493,2024-01-08 23:15:00,True,23:15:00,2024-01-08
2494,2024-01-08 23:30:00,True,23:30:00,2024-01-08
2495,2024-01-08 23:45:00,True,23:45:00,2024-01-08
2496,2024-01-09 00:00:00,True,00:00:00,2024-01-09
2497,2024-01-09 00:15:00,True,00:15:00,2024-01-09
2498,2024-01-09 00:30:00,True,00:30:00,2024-01-09
2499,2024-01-09 00:45:00,True,00:45:00,2024-01-09
2500,2024-01-09 01:00:00,True,01:00:00,2024-01-09
2501,2024-01-09 01:15:00,True,01:15:00,2024-01-09
2502,2024-01-09 01:30:00,True,01:30:00,2024-01-09
2503,2024-01-09 01:45:00,True,01:45:00,2024-01-09
2504,2024-01-09 02:00:00,True,02:00:00,2024-01-09
2505,2024-01-09 02:15:00,True,02:15:00,2024-01-09
2506,2024-01-09 02:30:00,True,02:30:00,2024-01-09
2507,2024-01-09 02:45:00,True,02:45:00,2024-01-09
2508,2024-01-09 03:00:00,True,03:00:00,2024-01-09
2509,2024-01-09 03:15:00,True,03:15:00,2024-01-09
2510,2024-01-09 03:30:00,True,03:30:00,2024-01-09
2511,2024-01-09 03:45:00,True,03:45:00,2024-01-09
2512,2024-01-09 04:00:00,True,04:00:00,2024-01-09
2513,2024-01-09 04:15:00,True,04:15:00,2024-01-09
2514,2024-01-09 04:30:00,True,04:30:00,2024-01-09
2515,2024-01-09 04:45:00,True,04:45:00,2024-01-09
2516,2024-01-09 05:00:00,False,05:00:00,2024-01-09
2517,2024-01-09 05:15:00,False,05:15:00,2024-01-09
2518,2024-01-09 05:30:00,False,05:30:00,2024-01-09
2519,2024-01-09 05:45:00,False,05:45:00,2024-01-09
2520,2024-01-09 06:00:00,False,06:00:00,2024-01-09
2521,2024-01-09 06:15:00,False,06:15:00,2024-01-09
2522,2024-01-09 06:30:00,False,06:30:00,2024-01-09
2523,2024-01-09 06:45:00,False,06:45:00,2024-01-09
2524,2024-01-09 07:00:00,False,07:00:00,2024-01-09
2525,2024-01-09 07:15:00,True,07:15:00,2024-01-09
2526,2024-01-09 07:30:00,True,07:30:00,2024-01-09
2527,2024-01-09 07:45:00,True,07:45:00,2024-01-09
2528,2024-01-09 08:00:00,True,08:00:00,2024-01-09
2529,2024-01-09 08:15:00,True,08:15:00,2024-01-09
2530,2024-01-09 08:30:00,True,08:30:00,2024-01-09
2531,2024-01-09 08:45:00,True,08:45:00,2024-01-09
2532,2024-01-09 09:00:00,True,09:00:00,2024-01-09
2533,2024-01-09 09:15:00,True,09:15:00,2024-01-09
2534,2024-01-09 09:30:00,True,09:30:00,2024-01-09
2535,2024-01-09 09:45:00,True,09:45:00,2024-01-09
2536,2024-01-09 10:00:00,True,10:00:00,2024-01-09
2537,2024-01-09 10:15:00,True,10:15:00,2024-01-09
2538,2024-01-09 10:30:00,True,10:30:00,2024-01-09
2539,2024-01-09 10:45:00,False,10:45:00,2024-01-09
2540,2024-01-09 11:00:00,False,11:00:00,2024-01-09
2541,2024-01-09 11:15:00,False,11:15:00,2024-01-09
2542,2024-01-09 11:30:00,False,11:30:00,2024-01-09
2543,2024-01-09 11:45:00,False,11:45:00,2024-01-09
2544,2024-01-09 12:00:00,False,12:00:00,2024-01-09
2545,2024-01-09 12:15:00,False,12:15:00,2024-01-09
2546,2024-01-09 12:30:00,False,12:30:00,2024-01-09
2547,2024-01-09 12:45:00,False,12:45:00,2024-01-09
2548,2024-01-09 13:00:00,False,13:00:00,2024-01-09
2549,2024-01-09 13:15:00,False,13:15:00,2024-01-09
2550,2024-01-09 13:30:00,False,13:30:00,2024-01-09
2551,2024-01-09 13:45:00,False,13:45:00,2024-01-09
2552,2024-01-09 14:00:00,False,14:00:00,2024-01-09
2553,2024-01-09 14:15:00,False,14:15:00,2024-01-09
2554,2024-01-09 14:30:00,False,14:30:00,2024-01-09
2555,2024-01-09 14:45:00,False,14:45:00,2024-01-09
2556,2024-01-09 15:00:00,False,15:00:00,2024-01-09
2557,2024-01-09 15:15:00,False,15:15:00,2024-01-09
2558,2024-01-09 15:30:00,False,15:30:00,2024-01-09
2559,2024-01-09 15:45:00,False,15:45:00,2024-01-09
2560,2024-01-09 16:00:00,False,16:00:00,2024-01-09
2561,2024-01-09 16:15:00,False,16:15:00,2024-01-09
2562,2024-01-09 16:30:00,False,16:30:00,2024-01-09
2563,2024-01-09 16:45:00,False,16:45:00,2024-01-09
2564,2024-01-09 17:00:00,False,17:00:00,2024-01-09
2565,2024-01-09 17:15:00,False,17:15:00,2024-01-09
2566,2024-01-09 17:30:00,False,17:30:00,2024-01-09
2567,2024-01-09 17:45:00,False,17:45:00,2024-01-09
2568,2024-01-09 18:00:00,False,18:00:00,2024-01-09
2569,2024-01-09 18:15:00,False,18:15:00,2024-01-09
2570,2024-01-09 18:30:00,False,18:30:00,2024-01-09
2571,2024-01-09 18:45:00,False,18:45:00,2024-01-09
2572,2024-01-09 19:00:00,False,19:00:00,2024-01-09
2573,2024-01-09 19:15:00,False,19:15:00,2024-01-09
2574,2024-01-09 19:30:00,False,19:30:00,2024-01-09
2575,2024-01-09 19:45:00,False,19:45:00,2024-01-09
2576,2024-01-09 20:00:00,False,20:00:00,2024-01-09
2577,2024-01-09 20:15:00,False,20:15:00,2024-01-09
2578,2024-01-09 20:30:00,False,20:30:00,2024-01-09
2579,2024-01-09 20:45:00,False,20:45:00,2024-01-09
2580,2024-01-09 21:00:00,False,21:00:00,2024-01-09
2581,2024-01-09 21:15:00,False,21:15:00,2024-01-09
2582,2024-01-09 21:30:00,False,21:30:00,2024-01-09
2583,2024-01-09 21:45:00,False,21:45:00,2024-01-09
2584,2024-01-09 22:00:00,False,22:00:00,2024-01-09
2585,2024-01-09 22:15:00,True,22:15:00,2024-01-09
2586,2024-01-09 22:30:00,True,22:30:00,2024-01-09
2587,2024-01-09 22:45:00,True,22:45:00,2024-01-09
2588,2024-01-09 23:00:00,True,23:00:00,2024-01-09
2589,2024-01-09 23:15:00,True,23:15:00,2024-01-09
2590,2024-01-09 23:30:00,True,23:30:00,2024-01-09
2591,2024-01-09 23:45:00,True,23:45:00,2024-01-09
2592,2024-01-10 00:00:00,True,00:00:00,2024-01-10
2593,2024-01-10 00:15:00,True,00:15:00,2024-01-10
2594,2024-01-10 00:30:00,True,00:30:00,2024-01-10
2595,2024-01-10 00:45:00,True,00:45:00,2024-01-10
2596,2024-01-10 01:00:00,True,01:00:00,2024-01-10
2597,2024-01-10 01:15:00,True,01:15:00,2024-01-10
2598,2024-01-10 01:30:00,True,01:30:00,2024-01-10
2599,2024-01-10 01:45:00,True,01:45:00,2024-01-10
2600,2024-01-10 02:00:00,True,02:00:00,2024-01-10
2601,2024-01-10 02:15:00,True,02:15:00,2024-01-10
2602,2024-01-10 02:30:00,True,02:30:00,2024-01-10
2603,2024-01-10 02:45:00,True,02:45:00,2024-01-10
2604,2024-01-10 03:00:00,True,03:00:00,2024-01-10
2605,2024-01-10 03:15:00,True,03:15:00,2024-01-10
2606,2024-01-10 03:30:00,True,03:30:00,2024-01-10
2607,2024-01-10 03:45:00,True,03:45:00,2024-01-10
2608,2024-01-10 04:00:00,True,04:00:00,2024-01-10
2609,2024-01-10 04:15:00,True,04:15:00,2024-01-10
2610,2024-01-10 04:30:00,False,04:30:00,2024-01-10
2611,2024-01-10 04:45:00,False,04:45:00,2024-01-10
2612,2024-01-10 05:00:00,False,05:00:00,2024-01-10
2613,2024-01-10 05:15:00,False,05:15:00,2024-01-10
2614,2024-01-10 05:30:00,False,05:30:00,2024-01-10
2615,2024-01-10 05:45:00,False,05:45:00,2024-01-10
2616,2024-01-10 06:00:00,False,06:00:00,2024-01-10
2617,2024-01-10 06:15:00,False,06:15:00,2024-01-10
2618,2024-01-10 06:30:00,False,06:30:00,2024-01-10
2619,2024-01-10 06:45:00,False,06:45:00,2024-01-10
2620,2024-01-10 07:00:00,False,07:00:00,2024-01-10
2621,2024-01-10 07:15:00,False,07:15:00,2024-01-10
2622,2024-01-10 07:30:00,False,07:30:00,2024-01-10
2623,2024-01-10 07:45:00,False,07:45:00,2024-01-10
2624,2024-01-10 08:00:00,False,08:00:00,2024-01-10
2625,2024-01-10 08:15:00,False,08:15:00,2024-01-10
2626,2024-01-10 08:30:00,False,08:30:00,2024-01-10
2627,2024-01-10 08:45:00,False,08:45:00,2024-01-10
2628,2024-01-10 09:00:00,False,09:00:00,2024-01-10
2629,2024-01-10 09:15:00,False,09:15:00,2024-01-10
2630,2024-01-10 09:30:00,False,09:30:00,2024-01-10
2631,2024-01-10 09:45:00,False,09:45:00,2024-01-10
2632,2024-01-10 10:00:00,False,10:00:00,2024-01-10
2633,2024-01-10 10:15:00,False,10:15:00,2024-01-10
2634,2024-01-10 10:30:00,False,10:30:00,2024-01-10
2635,2024-01-10 10:45:00,False,10:45:00,2024-01-10
2636,2024-01-10 11:00:00,False,11:00:00,2024-01-10
2637,2024-01-10 11:15:00,False,11:15:00,2024-01-10
2638,2024-01-10 11:30:00,False,11:30:00,2024-01-10
2639,2024-01-10 11:45:00,False,11:45:00,2024-01-10
2640,2024-01-10 12:00:00,False,12:00:00,2024-01-10
2641,2024-01-10 12:15:00,False,12:15:00,2024-01-10
2642,2024-01-10 12:30:00,False,12:30:00,2024-01-10
2643,2024-01-10 12:45:00,False,12:45:00,2024-01-10
2644,2024-01-10 13:00:00,False,13:00:00,2024-01-10
2645,2024-01-10 13:15:00,False,13:15:00,2024-01-10
2646,2024-01-10 13:30:00,False,13:30:00,2024-01-10
2647,2024-01-10 13:45:00,False,13:45:00,2024-01-10
2648,2024-01-10 14:00:00,False,14:00:00,2024-01-10
2649,2024-01-10 14:15:00,False,14:15:00,2024-01-10
2650,2024-01-10 14:30:00,False,14:30:00,2024-01-10
2651,2024-01-10 14:45:00,False,14:45:00,2024-01-10
2652,2024-01-10 15:00:00,False,15:00:00,2024-01-10
2653,2024-01-10 15:15:00,False,15:15:00,2024-01-10
2654,2024-01-10 15:30:00,False,15:30:00,2024-01-10
2655,2024-01-10 15:45:00,False,15:45:00,2024-01-10
2656,2024-01-10 16:00:00,False,16:00:00,2024-01-10
2657,2024-01-10 16:15:00,False,16:15:00,2024-01-10
2658,2024-01-10 16:30:00,False,16:30:00,2024-01-10
2659,2024-01-10 16:45:00,False,16:45:00,2024-01-10
2660,2024-01-10 17:00:00,False,17:00:00,2024-01-10
2661,2024-01-10 17:15:00,False,17:15:00,2024-01-10
2662,2024-01-10 17:30:00,False,17:30:00,2024-01-10
2663,2024-01-10 17:45:00,False,17:45:00,2024-01-10
2664,2024-01-10 18:00:00,False,18:00:00,2024-01-10
2665,2024-01-10 18:15:00,False,18:15:00,2024-01-10
2666,2024-01-10 18:30:00,False,18:30:00,2024-01-10
2667,2024-01-10 18:45:00,False,18:45:00,2024-01-10
2668,2024-01-10 19:00:00,False,19:00:00,2024-01-10
2669,2024-01-10 19:15:00,False,19:15:00,2024-01-10
2670,2024-01-10 19:30:00,False,19:30:00,2024-01-10
2671,2024-01-10 19:45:00,False,19:45:00,2024-01-10
2672,2024-01-10 20:00:00,False,20:00:00,2024-01-10
2673,2024-01-10 20:15:00,False,20:15:00,2024-01-10
2674,2024-01-10 20:30:00,False,20:30:00,2024-01-10
2675,2024-01-10 20:45:00,False,20:45:00,2024-01-10
2676,2024-01-10 21:00:00,False,21:00:00,2024-01-10
2677,2024-01-10 21:15:00,True,21:15:00,2024-01-10
2678,2024-01-10 21:30:00,True,21:30:00,2024-01-10
2679,2024-01-10 21:45:00,True,21:45:00,2024-01-10
2680,2024-01-10 22:00:00,True,22:00:00,2024-01-10
2681,2024-01-10 22:15:00,True,22:15:00,2024-01-10
2682,2024-01-10 22:30:00,True,22:30:00,2024-01-10
2683,2024-01-10 22:45:00,True,22:45:00,2024-01-10
2684,2024-01-10 23:00:00,True,23:00:00,2024-01-10
2685,2024-01-10 23:15:00,True,23:15:00,2024-01-10
2686,2024-01-10 23:30:00,True,23:30:00,2024-01-10
2687,2024-01-10 23:45:00,True,23:45:00,2024-01-10
2688,2024-01-11 00:00:00,True,00:00:00,2024-01-11
2689,2024-01-11 00:15:00,True,00:15:00,2024-01-11
2690,2024-01-11 00:30:00,True,00:30:00,2024-01-11
2691,2024-01-11 00:45:00,True,00:45:00,2024-01-11
2692,2024-01-11 01:00:00,True,01:00:00,2024-01-11
2693,2024-01-11 01:15:00,True,01:15:00,2024-01-11
2694,2024-01-11 01:30:00,True,01:30:00,2024-01-11
2695,2024-01-11 01:45:00,True,01:45:00,2024-01-11
2696,2024-01-11 02:00:00,True,02:00:00,2024-01-11
2697,2024-01-11 02:15:00,True,02:15:00,2024-01-11
2698,2024-01-11 02:30:00,True,02:30:00,2024-01-11
2699,2024-01-11 02:45:00,True,02:45:00,2024-01-11
2700,2024-01-11 03:00:00,True,03:00:00,2024-01-11
2701,2024-01-11 03:15:00,True,03:15:00,2024-01-11
2702,2024-01-11 03:30:00,True,03:30:00,2024-01-11
2703,2024-01-11 03:45:00,True,03:45:00,2024-01-11
2704,2024-01-11 04:00:00,True,04:00:00,2024-01-11
2705,2024-01-11 04:15:00,True,04:15:00,2024-01-11
2706,2024-01-11 04:30:00,True,04:30:00,2024-01-11
2707,2024-01-11 04:45:00,True,04:45:00,2024-01-11
2708,2024-01-11 05:00:00,True,05:00:00,2024-01-11
2709,2024-01-11 05:15:00,True,05:15:00,2024-01-11
2710,2024-01-11 05:30:00,True,05:30:00,2024-01-11
2711,2024-01-11 05:45:00,True,05:45:00,2024-01-11
2712,2024-01-11 06:00:00,True,06:00:00,2024-01-11
2713,2024-01-11 06:15:00,True,06:15:00,2024-01-11
2714,2024-01-11 06:30:00,True,06:30:00,2024-01-11
2715,2024-01-11 06:45:00,True,06:45:00,2024-01-11
2716,2024-01-11 07:00:00,True,07:00:00,2024-01-11
2717,2024-01-11 07:15:00,True,07:15:00,2024-01-11
2718,2024-01-11 07:30:00,True,07:30:00,2024-01-11
2719,2024-01-11 07:45:00,True,07:45:00,2024-01-11
2720,2024-01-11 08:00:00,True,08:00:00,2024-01-11
2721,2024-01-11 08:15:00,True,08:15:00,2024-01-11
2722,2024-01-11 08:30:00,True,08:30:00,2024-01-11
2723,2024-01-11 08:45:00,True,08:45:00,2024-01-11
2724,2024-01-11 09:00:00,True,09:00:00,2024-01-11
2725,2024-01-11 09:15:00,True,09:15:00,2024-01-11
2726,2024-01-11 09:30:00,True,09:30:00,2024-01-11
2727,2024-01-11 09:45:00,True,09:45:00,2024-01-11
2728,2024-01-11 10:00:00,True,10:00:00,2024-01-11
2729,2024-01-11 10:15:00,True,10:15:00,2024-01-11
2730,2024-01-11 10:30:00,True,10:30:00,2024-01-11
2731,2024-01-11 10:45:00,True,10:45:00,2024-01-11
2732,2024-01-11 11:00:00,True,11:00:00,2024-01-11
2733,2024-01-11 11:15:00,True,11:15:00,2024-01-11
2734,2024-01-11 11:30:00,True,11:30:00,2024-01-11
2735,2024-01-11 11:45:00,True,11:45:00,2024-01-11
2736,2024-01-11 12:00:00,True,12:00:00,2024-01-11
2737,2024-01-11 12:15:00,True,12:15:00,2024-01-11
2738,2024-01-11 12:30:00,True,12:30:00,2024-01-11
2739,2024-01-11 12:45:00,True,12:45:00,2024-01-11
2740,2024-01-11 13:00:00,True,13:00:00,2024-01-11
2741,2024-01-11 13:15:00,True,13:15:00,2024-01-11
2742,2024-01-11 13:30:00,True,13:30:00,2024-01-11
2743,2024-01-11 13:45:00,True,13:45:00,2024-01-11
2744,2024-01-11 14:00:00,True,14:00:00,2024-01-11
2745,2024-01-11 14:15:00,True,14:15:00,2024-01-11
2746,2024-01-11 14:30:00,True,14:30:00,2024-01-11
2747,2024-01-11 14:45:00,True,14:45:00,2024-01-11
2748,2024-01-11 15:00:00,True,15:00:00,2024-01-11
2749,2024-01-11 15:15:00,True,15:15:00,2024-01-11
2750,2024-01-11 15:30:00,True,15:30:00,2024-01-11
2751,2024-01-11 15:45:00,True,15:45:00,2024-01-11
2752,2024-01-11 16:00:00,True,16:00:00,2024-01-11
2753,2024-01-11 16:15:00,True,16:15:00,2024-01-11
2754,2024-01-11 16:30:00,True,16:30:00,2024-01-11
2755,2024-01-11 16:45:00,True,16:45:00,2024-01-11
2756,2024-01-11 17:00:00,True,17:00:00,2024-01-11
2757,2024-01-11 17:15:00,True,17:15:00,2024-01-11
2758,2024-01-11 17:30:00,True,17:30:00,2024-01-11
2759,2024-01-11 17:45:00,True,17:45:00,2024-01-11
2760,2024-01-11 18:00:00,True,18:00:00,2024-01-11
2761,2024-01-11 18:15:00,True,18:15:00,2024-01-11
2762,2024-01-11 18:30:00,True,18:30:00,2024-01-11
2763,2024-01-11 18:45:00,True,18:45:00,2024-01-11
2764,2024-01-11 19:00:00,True,19:00:00,2024-01-11
2765,2024-01-11 19:15:00,True,19:15:00,2024-01-11
2766,2024-01-11 19:30:00,True,19:30:00,2024-01-11
2767,2024-01-11 19:45:00,True,19:45:00,2024-01-11
2768,2024-01-11 20:00:00,True,20:00:00,2024-01-11
2769,2024-01-11 20:15:00,True,20:15:00,2024-01-11
2770,2024-01-11 20:30:00,True,20:30:00,2024-01-11
2771,2024-01-11 20:45:00,True,20:45:00,2024-01-11
2772,2024-01-11 21:00:00,True,21:00:00,2024-01-11
2773,2024-01-11 21:15:00,True,21:15:00,2024-01-11
2774,2024-01-11 21:30:00,True,21:30:00,2024-01-11
2775,2024-01-11 21:45:00,True,21:45:00,2024-01-11
2776,2024-01-11 22:00:00,True,22:00:00,2024-01-11
2777,2024-01-11 22:15:00,True,22:15:00,2024-01-11
2778,2024-01-11 22:30:00,True,22:30:00,2024-01-11
2779,2024-01-11 22:45:00,True,22:45:00,2024-01-11
2780,2024-01-11 23:00:00,True,23:00:00,2024-01-11
2781,2024-01-11 23:15:00,True,23:15:00,2024-01-11
2782,2024-01-11 23:30:00,True,23:30:00,2024-01-11
2783,2024-01-11 23:45:00,True,23:45:00,2024-01-11
2784,2024-01-12 00:00:00,True,00:00:00,2024-01-12
2785,2024-01-12 00:15:00,True,00:15:00,2024-01-12
2786,2024-01-12 00:30:00,True,00:30:00,2024-01-12
2787,2024-01-12 00:45:00,True,00:45:00,2024-01-12
2788,2024-01-12 01:00:00,True,01:00:00,2024-01-12
2789,2024-01-12 01:15:00,True,01:15:00,2024-01-12
2790,2024-01-12 01:30:00,True,01:30:00,2024-01-12
2791,2024-01-12 01:45:00,True,01:45:00,2024-01-12
2792,2024-01-12 02:00:00,True,02:00:00,2024-01-12
2793,2024-01-12 02:15:00,True,02:15:00,2024-01-12
2794,2024-01-12 02:30:00,True,02:30:00,2024-01-12
2795,2024-01-12 02:45:00,True,02:45:00,2024-01-12
2796,2024-01-12 03:00:00,True,03:00:00,2024-01-12
2797,2024-01-12 03:15:00,True,03:15:00,2024-01-12
2798,2024-01-12 03:30:00,True,03:30:00,2024-01-12
2799,2024-01-12 03:45:00,True,03:45:00,2024-01-12
2800,2024-01-12 04:00:00,True,04:00:00,2024-01-12
2801,2024-01-12 04:15:00,True,04:15:00,2024-01-12
2802,2024-01-12 04:30:00,True,04:30:00,2024-01-12
2803,2024-01-12 04:45:00,True,04:45:00,2024-01-12
2804,2024-01-12 05:00:00,True,05:00:00,2024-01-12
2805,2024-01-12 05:15:00,True,05:15:00,2024-01-12
2806,2024-01-12 05:30:00,True,05:30:00,2024-01-12
2807,2024-01-12 05:45:00,True,05:45:00,2024-01-12
2808,2024-01-12 06:00:00,True,06:00:00,2024-01-12
2809,2024-01-12 06:15:00,True,06:15:00,2024-01-12
2810,2024-01-12 06:30:00,True,06:30:00,2024-01-12
2811,2024-01-12 06:45:00,True,06:45:00,2024-01-12
2812,2024-01-12 07:00:00,True,07:00:00,2024-01-12
2813,2024-01-12 07:15:00,True,07:15:00,2024-01-12
2814,2024-01-12 07:30:00,True,07:30:00,2024-01-12
2815,2024-01-12 07:45:00,True,07:45:00,2024-01-12
2816,2024-01-12 08:00:00,True,08:00:00,2024-01-12
2817,2024-01-12 08:15:00,True,08:15:00,2024-01-12
2818,2024-01-12 08:30:00,True,08:30:00,2024-01-12
2819,2024-01-12 08:45:00,True,08:45:00,2024-01-12
2820,2024-01-12 09:00:00,True,09:00:00,2024-01-12
2821,2024-01-12 09:15:00,True,09:15:00,2024-01-12
2822,2024-01-12 09:30:00,True,09:30:00,2024-01-12
2823,2024-01-12 09:45:00,True,09:45:00,2024-01-12
2824,2024-01-12 10:00:00,True,10:00:00,2024-01-12
2825,2024-01-12 10:15:00,True,10:15:00,2024-01-12
2826,2024-01-12 10:30:00,True,10:30:00,2024-01-12
2827,2024-01-12 10:45:00,True,10:45:00,2024-01-12
2828,2024-01-12 11:00:00,True,11:00:00,2024-01-12
2829,2024-01-12 11:15:00,True,11:15:00,2024-01-12
2830,2024-01-12 11:30:00,True,11:30:00,2024-01-12
2831,2024-01-12 11:45:00,True,11:45:00,2024-01-12
2832,2024-01-12 12:00:00,True,12:00:00,2024-01-12
2833,2024-01-12 12:15:00,True,12:15:00,2024-01-12
2834,2024-01-12 12:30:00,True,12:30:00,2024-01-12
2835,2024-01-12 12:45:00,True,12:45:00,2024-01-12
2836,2024-01-12 13:00:00,True,13:00:00,2024-01-12
2837,2024-01-12 13:15:00,True,13:15:00,2024-01-12
2838,2024-01-12 13:30:00,True,13:30:00,2024-01-12
2839,2024-01-12 13:45:00,True,13:45:00,2024-01-12
2840,2024-01-12 14:00:00,True,14:00:00,2024-01-12
2841,2024-01-12 14:15:00,True,14:15:00,2024-01-12
2842,2024-01-12 14:30:00,True,14:30:00,2024-01-12
2843,2024-01-12 14:45:00,True,14:45:00,2024-01-12
2844,2024-01-12 15:00:00,True,15:00:00,2024-01-12
2845,2024-01-12 15:15:00,True,15:15:00,2024-01-12
2846,2024-01-12 15:30:00,True,15:30:00,2024-01-12
2847,2024-01-12 15:45:00,True,15:45:00,2024-01-12
2848,2024-01-12 16:00:00,True,16:00:00,2024-01-12
2849,2024-01-12 16:15:00,True,16:15:00,2024-01-12
2850,2024-01-12 16:30:00,True,16:30:00,2024-01-12
2851,2024-01-12 16:45:00,True,16:45:00,2024-01-12
2852,2024-01-12 17:00:00,True,17:00:00,2024-01-12
2853,2024-01-12 17:15:00,True,17:15:00,2024-01-12
2854,2024-01-12 17:30:00,True,17:30:00,2024-01-12
2855,2024-01-12 17:45:00,True,17:45:00,2024-01-12
2856,2024-01-12 18:00:00,True,18:00:00,2024-01-12
2857,2024-01-12 18:15:00,True,18:15:00,2024-01-12
2858,2024-01-12 18:30:00,True,18:30:00,2024-01-12
2859,2024-01-12 18:45:00,True,18:45:00,2024-01-12
2860,2024-01-12 19:00:00,True,19:00:00,2024-01-12
2861,2024-01-12 19:15:00,True,19:15:00,2024-01-12
2862,2024-01-12 19:30:00,True,19:30:00,2024-01-12
2863,2024-01-12 19:45:00,True,19:45:00,2024-01-12
2864,2024-01-12 20:00:00,True,20:00:00,2024-01-12
2865,2024-01-12 20:15:00,True,20:15:00,2024-01-12
2866,2024-01-12 20:30:00,True,20:30:00,2024-01-12
2867,2024-01-12 20:45:00,True,20:45:00,2024-01-12
2868,2024-01-12 21:00:00,True,21:00:00,2024-01-12
2869,2024-01-12 21:15:00,True,21:15:00,2024-01-12
2870,2024-01-12 21:30:00,True,21:30:00,2024-01-12
2871,2024-01-12 21:45:00,True,21:45:00,2024-01-12
2872,2024-01-12 22:00:00,True,22:00:00,2024-01-12
2873,2024-01-12 22:15:00,True,22:15:00,2024-01-12
2874,2024-01-12 22:30:00,True,22:30:00,2024-01-12
2875,2024-01-12 22:45:00,True,22:45:00,2024-01-12
2876,2024-01-12 23:00:00,True,23:00:00,2024-01-12
2877,2024-01-12 23:15:00,True,23:15:00,2024-01-12
2878,2024-01-12 23:30:00,True,23:30:00,2024-01-12
2879,2024-01-12 23:45:00,True,23:45:00,2024-01-12
2880,2024-01-13 00:00:00,True,00:00:00,2024-01-13
2881,2024-01-13 00:15:00,True,00:15:00,2024-01-13
2882,2024-01-13 00:30:00,True,00:30:00,2024-01-13
2883,2024-01-13 00:45:00,True,00:45:00,2024-01-13
2884,2024-01-13 01:00:00,True,01:00:00,2024-01-13
2885,2024-01-13 01:15:00,True,01:15:00,2024-01-13
2886,2024-01-13 01:30:00,True,01:30:00,2024-01-13
2887,2024-01-13 01:45:00,True,01:45:00,2024-01-13
2888,2024-01-13 02:00:00,True,02:00:00,2024-01-13
2889,2024-01-13 02:15:00,True,02:15:00,2024-01-13
2890,2024-01-13 02:30:00,True,02:30:00,2024-01-13
2891,2024-01-13 02:45:00,True,02:45:00,2024-01-13
2892,2024-01-13 03:00:00,True,03:00:00,2024-01-13
2893,2024-01-13 03:15:00,True,03:15:00,2024-01-13
2894,2024-01-13 03:30:00,True,03:30:00,2024-01-13
2895,2024-01-13 03:45:00,True,03:45:00,2024-01-13
2896,2024-01-13 04:00:00,True,04:00:00,2024-01-13
2897,2024-01-13 04:15:00,True,04:15:00,2024-01-13
2898,2024-01-13 04:30:00,True,04:30:00,2024-01-13
2899,2024-01-13 04:45:00,True,04:45:00,2024-01-13
2900,2024-01-13 05:00:00,True,05:00:00,2024-01-13
2901,2024-01-13 05:15:00,True,05:15:00,2024-01-13
2902,2024-01-13 05:30:00,True,05:30:00,2024-01-13
2903,2024-01-13 05:45:00,True,05:45:00,2024-01-13
2904,2024-01-13 06:00:00,True,06:00:00,2024-01-13
2905,2024-01-13 06:15:00,True,06:15:00,2024-01-13
2906,2024-01-13 06:30:00,True,06:30:00,2024-01-13
2907,2024-01-13 06:45:00,True,06:45:00,2024-01-13
2908,2024-01-13 07:00:00,True,07:00:00,2024-01-13
2909,2024-01-13 07:15:00,True,07:15:00,2024-01-13
2910,2024-01-13 07:30:00,True,07:30:00,2024-01-13
2911,2024-01-13 07:45:00,True,07:45:00,2024-01-13
2912,2024-01-13 08:00:00,True,08:00:00,2024-01-13
2913,2024-01-13 08:15:00,True,08:15:00,2024-01-13
2914,2024-01-13 08:30:00,True,08:30:00,2024-01-13
2915,2024-01-13 08:45:00,True,08:45:00,2024-01-13
2916,2024-01-13 09:00:00,True,09:00:00,2024-01-13
2917,2024-01-13 09:15:00,True,09:15:00,2024-01-13
2918,2024-01-13 09:30:00,True,09:30:00,2024-01-13
2919,2024-01-13 09:45:00,True,09:45:00,2024-01-13
2920,2024-01-13 10:00:00,True,10:00:00,2024-01-13
2921,2024-01-13 10:15:00,True,10:15:00,2024-01-13
2922,2024-01-13 10:30:00,True,10:30:00,2024-01-13
2923,2024-01-13 10:45:00,True,10:45:00,2024-01-13
2924,2024-01-13 11:00:00,True,11:00:00,2024-01-13
2925,2024-01-13 11:15:00,True,11:15:00,2024-01-13
2926,2024-01-13 11:30:00,True,11:30:00,2024-01-13
2927,2024-01-13 11:45:00,True,11:45:00,2024-01-13
2928,2024-01-13 12:00:00,True,12:00:00,2024-01-13
2929,2024-01-13 12:15:00,True,12:15:00,2024-01-13
2930,2024-01-13 12:30:00,True,12:30:00,2024-01-13
2931,2024-01-13 12:45:00,True,12:45:00,2024-01-13
2932,2024-01-13 13:00:00,True,13:00:00,2024-01-13
2933,2024-01-13 13:15:00,True,13:15:00,2024-01-13
2934,2024-01-13 13:30:00,True,13:30:00,2024-01-13
2935,2024-01-13 13:45:00,True,13:45:00,2024-01-13
2936,2024-01-13 14:00:00,True,14:00:00,2024-01-13
2937,2024-01-13 14:15:00,True,14:15:00,2024-01-13
2938,2024-01-13 14:30:00,True,14:30:00,2024-01-13
2939,2024-01-13 14:45:00,True,14:45:00,2024-01-13
2940,2024-01-13 15:00:00,True,15:00:00,2024-01-13
2941,2024-01-13 15:15:00,True,15:15:00,2024-01-13
2942,2024-01-13 15:30:00,True,15:30:00,2024-01-13
2943,2024-01-13 15:45:00,True,15:45:00,2024-01-13
2944,2024-01-13 16:00:00,True,16:00:00,2024-01-13
2945,2024-01-13 16:15:00,True,16:15:00,2024-01-13
2946,2024-01-13 16:30:00,True,16:30:00,2024-01-13
2947,2024-01-13 16:45:00,True,16:45:00,2024-01-13
2948,2024-01-13 17:00:00,True,17:00:00,2024-01-13
2949,2024-01-13 17:15:00,True,17:15:00,2024-01-13
2950,2024-01-13 17:30:00,True,17:30:00,2024-01-13
2951,2024-01-13 17:45:00,True,17:45:00,2024-01-13
2952,2024-01-13 18:00:00,True,18:00:00,2024-01-13
2953,2024-01-13 18:15:00,True,18:15:00,2024-01-13
2954,2024-01-13 18:30:00,True,18:30:00,2024-01-13
2955,2024-01-13 18:45:00,True,18:45:00,2024-01-13
2956,2024-01-13 19:00:00,True,19:00:00,2024-01-13
2957,2024-01-13 19:15:00,True,19:15:00,2024-01-13
2958,2024-01-13 19:30:00,True,19:30:00,2024-01-13
2959,2024-01-13 19:45:00,True,19:45:00,2024-01-13
2960,2024-01-13 20:00:00,True,20:00:00,2024-01-13
2961,2024-01-13 20:15:00,True,20:15:00,2024-01-13
2962,2024-01-13 20:30:00,True,20:30:00,2024-01-13
2963,2024-01-13 20:45:00,True,20:45:00,2024-01-13
2964,2024-01-13 21:00:00,True,21:00:00,2024-01-13
2965,2024-01-13 21:15:00,True,21:15:00,2024-01-13
2966,2024-01-13 21:30:00,True,21:30:00,2024-01-13
2967,2024-01-13 21:45:00,True,21:45:00,2024-01-13
2968,2024-01-13 22:00:00,True,22:00:00,2024-01-13
2969,2024-01-13 22:15:00,True,22:15:00,2024-01-13
2970,2024-01-13 22:30:00,True,22:30:00,2024-01-13
2971,2024-01-13 22:45:00,True,22:45:00,2024-01-13
2972,2024-01-13 23:00:00,True,23:00:00,2024-01-13
2973,2024-01-13 23:15:00,True,23:15:00,2024-01-13
2974,2024-01-13 23:30:00,True,23:30:00,2024-01-13
2975,2024-01-13 23:45:00,True,23:45:00,2024-01-13
