,interval_start,missflg,15_min_chunk,date
0,2023-11-28 00:00:00,True,00:00:00,2023-11-28
1,2023-11-28 00:15:00,True,00:15:00,2023-11-28
2,2023-11-28 00:30:00,True,00:30:00,2023-11-28
3,2023-11-28 00:45:00,True,00:45:00,2023-11-28
4,2023-11-28 01:00:00,True,01:00:00,2023-11-28
5,2023-11-28 01:15:00,True,01:15:00,2023-11-28
6,2023-11-28 01:30:00,True,01:30:00,2023-11-28
7,2023-11-28 01:45:00,True,01:45:00,2023-11-28
8,2023-11-28 02:00:00,True,02:00:00,2023-11-28
9,2023-11-28 02:15:00,True,02:15:00,2023-11-28
10,2023-11-28 02:30:00,True,02:30:00,2023-11-28
11,2023-11-28 02:45:00,True,02:45:00,2023-11-28
12,2023-11-28 03:00:00,True,03:00:00,2023-11-28
13,2023-11-28 03:15:00,True,03:15:00,2023-11-28
14,2023-11-28 03:30:00,True,03:30:00,2023-11-28
15,2023-11-28 03:45:00,True,03:45:00,2023-11-28
16,2023-11-28 04:00:00,True,04:00:00,2023-11-28
17,2023-11-28 04:15:00,True,04:15:00,2023-11-28
18,2023-11-28 04:30:00,True,04:30:00,2023-11-28
19,2023-11-28 04:45:00,True,04:45:00,2023-11-28
20,2023-11-28 05:00:00,True,05:00:00,2023-11-28
21,2023-11-28 05:15:00,True,05:15:00,2023-11-28
22,2023-11-28 05:30:00,True,05:30:00,2023-11-28
23,2023-11-28 05:45:00,True,05:45:00,2023-11-28
24,2023-11-28 06:00:00,True,06:00:00,2023-11-28
25,2023-11-28 06:15:00,True,06:15:00,2023-11-28
26,2023-11-28 06:30:00,True,06:30:00,2023-11-28
27,2023-11-28 06:45:00,True,06:45:00,2023-11-28
28,2023-11-28 07:00:00,True,07:00:00,2023-11-28
29,2023-11-28 07:15:00,True,07:15:00,2023-11-28
30,2023-11-28 07:30:00,True,07:30:00,2023-11-28
31,2023-11-28 07:45:00,True,07:45:00,2023-11-28
32,2023-11-28 08:00:00,True,08:00:00,2023-11-28
33,2023-11-28 08:15:00,True,08:15:00,2023-11-28
34,2023-11-28 08:30:00,True,08:30:00,2023-11-28
35,2023-11-28 08:45:00,True,08:45:00,2023-11-28
36,2023-11-28 09:00:00,True,09:00:00,2023-11-28
37,2023-11-28 09:15:00,True,09:15:00,2023-11-28
38,2023-11-28 09:30:00,True,09:30:00,2023-11-28
39,2023-11-28 09:45:00,True,09:45:00,2023-11-28
40,2023-11-28 10:00:00,True,10:00:00,2023-11-28
41,2023-11-28 10:15:00,True,10:15:00,2023-11-28
42,2023-11-28 10:30:00,True,10:30:00,2023-11-28
43,2023-11-28 10:45:00,True,10:45:00,2023-11-28
44,2023-11-28 11:00:00,True,11:00:00,2023-11-28
45,2023-11-28 11:15:00,True,11:15:00,2023-11-28
46,2023-11-28 11:30:00,True,11:30:00,2023-11-28
47,2023-11-28 11:45:00,True,11:45:00,2023-11-28
48,2023-11-28 12:00:00,True,12:00:00,2023-11-28
49,2023-11-28 12:15:00,True,12:15:00,2023-11-28
50,2023-11-28 12:30:00,True,12:30:00,2023-11-28
51,2023-11-28 12:45:00,True,12:45:00,2023-11-28
52,2023-11-28 13:00:00,True,13:00:00,2023-11-28
53,2023-11-28 13:15:00,True,13:15:00,2023-11-28
54,2023-11-28 13:30:00,True,13:30:00,2023-11-28
55,2023-11-28 13:45:00,True,13:45:00,2023-11-28
56,2023-11-28 14:00:00,True,14:00:00,2023-11-28
57,2023-11-28 14:15:00,True,14:15:00,2023-11-28
58,2023-11-28 14:30:00,True,14:30:00,2023-11-28
59,2023-11-28 14:45:00,True,14:45:00,2023-11-28
60,2023-11-28 15:00:00,True,15:00:00,2023-11-28
61,2023-11-28 15:15:00,True,15:15:00,2023-11-28
62,2023-11-28 15:30:00,True,15:30:00,2023-11-28
63,2023-11-28 15:45:00,False,15:45:00,2023-11-28
64,2023-11-28 16:00:00,False,16:00:00,2023-11-28
65,2023-11-28 16:15:00,False,16:15:00,2023-11-28
66,2023-11-28 16:30:00,False,16:30:00,2023-11-28
67,2023-11-28 16:45:00,False,16:45:00,2023-11-28
68,2023-11-28 17:00:00,False,17:00:00,2023-11-28
69,2023-11-28 17:15:00,False,17:15:00,2023-11-28
70,2023-11-28 17:30:00,False,17:30:00,2023-11-28
71,2023-11-28 17:45:00,False,17:45:00,2023-11-28
72,2023-11-28 18:00:00,False,18:00:00,2023-11-28
73,2023-11-28 18:15:00,False,18:15:00,2023-11-28
74,2023-11-28 18:30:00,False,18:30:00,2023-11-28
75,2023-11-28 18:45:00,False,18:45:00,2023-11-28
76,2023-11-28 19:00:00,False,19:00:00,2023-11-28
77,2023-11-28 19:15:00,False,19:15:00,2023-11-28
78,2023-11-28 19:30:00,False,19:30:00,2023-11-28
79,2023-11-28 19:45:00,False,19:45:00,2023-11-28
80,2023-11-28 20:00:00,False,20:00:00,2023-11-28
81,2023-11-28 20:15:00,False,20:15:00,2023-11-28
82,2023-11-28 20:30:00,False,20:30:00,2023-11-28
83,2023-11-28 20:45:00,False,20:45:00,2023-11-28
84,2023-11-28 21:00:00,False,21:00:00,2023-11-28
85,2023-11-28 21:15:00,False,21:15:00,2023-11-28
86,2023-11-28 21:30:00,False,21:30:00,2023-11-28
87,2023-11-28 21:45:00,False,21:45:00,2023-11-28
88,2023-11-28 22:00:00,False,22:00:00,2023-11-28
89,2023-11-28 22:15:00,False,22:15:00,2023-11-28
90,2023-11-28 22:30:00,False,22:30:00,2023-11-28
91,2023-11-28 22:45:00,False,22:45:00,2023-11-28
92,2023-11-28 23:00:00,False,23:00:00,2023-11-28
93,2023-11-28 23:15:00,False,23:15:00,2023-11-28
94,2023-11-28 23:30:00,False,23:30:00,2023-11-28
95,2023-11-28 23:45:00,False,23:45:00,2023-11-28
96,2023-11-29 00:00:00,False,00:00:00,2023-11-29
97,2023-11-29 00:15:00,False,00:15:00,2023-11-29
98,2023-11-29 00:30:00,False,00:30:00,2023-11-29
99,2023-11-29 00:45:00,False,00:45:00,2023-11-29
100,2023-11-29 01:00:00,False,01:00:00,2023-11-29
101,2023-11-29 01:15:00,False,01:15:00,2023-11-29
102,2023-11-29 01:30:00,False,01:30:00,2023-11-29
103,2023-11-29 01:45:00,False,01:45:00,2023-11-29
104,2023-11-29 02:00:00,False,02:00:00,2023-11-29
105,2023-11-29 02:15:00,False,02:15:00,2023-11-29
106,2023-11-29 02:30:00,False,02:30:00,2023-11-29
107,2023-11-29 02:45:00,False,02:45:00,2023-11-29
108,2023-11-29 03:00:00,False,03:00:00,2023-11-29
109,2023-11-29 03:15:00,False,03:15:00,2023-11-29
110,2023-11-29 03:30:00,False,03:30:00,2023-11-29
111,2023-11-29 03:45:00,False,03:45:00,2023-11-29
112,2023-11-29 04:00:00,False,04:00:00,2023-11-29
113,2023-11-29 04:15:00,False,04:15:00,2023-11-29
114,2023-11-29 04:30:00,False,04:30:00,2023-11-29
115,2023-11-29 04:45:00,False,04:45:00,2023-11-29
116,2023-11-29 05:00:00,False,05:00:00,2023-11-29
117,2023-11-29 05:15:00,False,05:15:00,2023-11-29
118,2023-11-29 05:30:00,False,05:30:00,2023-11-29
119,2023-11-29 05:45:00,False,05:45:00,2023-11-29
120,2023-11-29 06:00:00,False,06:00:00,2023-11-29
121,2023-11-29 06:15:00,False,06:15:00,2023-11-29
122,2023-11-29 06:30:00,False,06:30:00,2023-11-29
123,2023-11-29 06:45:00,False,06:45:00,2023-11-29
124,2023-11-29 07:00:00,False,07:00:00,2023-11-29
125,2023-11-29 07:15:00,False,07:15:00,2023-11-29
126,2023-11-29 07:30:00,False,07:30:00,2023-11-29
127,2023-11-29 07:45:00,False,07:45:00,2023-11-29
128,2023-11-29 08:00:00,False,08:00:00,2023-11-29
129,2023-11-29 08:15:00,False,08:15:00,2023-11-29
130,2023-11-29 08:30:00,False,08:30:00,2023-11-29
131,2023-11-29 08:45:00,False,08:45:00,2023-11-29
132,2023-11-29 09:00:00,False,09:00:00,2023-11-29
133,2023-11-29 09:15:00,False,09:15:00,2023-11-29
134,2023-11-29 09:30:00,False,09:30:00,2023-11-29
135,2023-11-29 09:45:00,False,09:45:00,2023-11-29
136,2023-11-29 10:00:00,False,10:00:00,2023-11-29
137,2023-11-29 10:15:00,False,10:15:00,2023-11-29
138,2023-11-29 10:30:00,False,10:30:00,2023-11-29
139,2023-11-29 10:45:00,False,10:45:00,2023-11-29
140,2023-11-29 11:00:00,False,11:00:00,2023-11-29
141,2023-11-29 11:15:00,False,11:15:00,2023-11-29
142,2023-11-29 11:30:00,False,11:30:00,2023-11-29
143,2023-11-29 11:45:00,False,11:45:00,2023-11-29
144,2023-11-29 12:00:00,False,12:00:00,2023-11-29
145,2023-11-29 12:15:00,False,12:15:00,2023-11-29
146,2023-11-29 12:30:00,False,12:30:00,2023-11-29
147,2023-11-29 12:45:00,False,12:45:00,2023-11-29
148,2023-11-29 13:00:00,False,13:00:00,2023-11-29
149,2023-11-29 13:15:00,False,13:15:00,2023-11-29
150,2023-11-29 13:30:00,False,13:30:00,2023-11-29
151,2023-11-29 13:45:00,False,13:45:00,2023-11-29
152,2023-11-29 14:00:00,False,14:00:00,2023-11-29
153,2023-11-29 14:15:00,False,14:15:00,2023-11-29
154,2023-11-29 14:30:00,False,14:30:00,2023-11-29
155,2023-11-29 14:45:00,False,14:45:00,2023-11-29
156,2023-11-29 15:00:00,False,15:00:00,2023-11-29
157,2023-11-29 15:15:00,False,15:15:00,2023-11-29
158,2023-11-29 15:30:00,False,15:30:00,2023-11-29
159,2023-11-29 15:45:00,False,15:45:00,2023-11-29
160,2023-11-29 16:00:00,False,16:00:00,2023-11-29
161,2023-11-29 16:15:00,False,16:15:00,2023-11-29
162,2023-11-29 16:30:00,False,16:30:00,2023-11-29
163,2023-11-29 16:45:00,False,16:45:00,2023-11-29
164,2023-11-29 17:00:00,False,17:00:00,2023-11-29
165,2023-11-29 17:15:00,False,17:15:00,2023-11-29
166,2023-11-29 17:30:00,False,17:30:00,2023-11-29
167,2023-11-29 17:45:00,False,17:45:00,2023-11-29
168,2023-11-29 18:00:00,False,18:00:00,2023-11-29
169,2023-11-29 18:15:00,False,18:15:00,2023-11-29
170,2023-11-29 18:30:00,False,18:30:00,2023-11-29
171,2023-11-29 18:45:00,False,18:45:00,2023-11-29
172,2023-11-29 19:00:00,False,19:00:00,2023-11-29
173,2023-11-29 19:15:00,False,19:15:00,2023-11-29
174,2023-11-29 19:30:00,False,19:30:00,2023-11-29
175,2023-11-29 19:45:00,False,19:45:00,2023-11-29
176,2023-11-29 20:00:00,False,20:00:00,2023-11-29
177,2023-11-29 20:15:00,False,20:15:00,2023-11-29
178,2023-11-29 20:30:00,False,20:30:00,2023-11-29
179,2023-11-29 20:45:00,False,20:45:00,2023-11-29
180,2023-11-29 21:00:00,False,21:00:00,2023-11-29
181,2023-11-29 21:15:00,False,21:15:00,2023-11-29
182,2023-11-29 21:30:00,False,21:30:00,2023-11-29
183,2023-11-29 21:45:00,False,21:45:00,2023-11-29
184,2023-11-29 22:00:00,False,22:00:00,2023-11-29
185,2023-11-29 22:15:00,False,22:15:00,2023-11-29
186,2023-11-29 22:30:00,False,22:30:00,2023-11-29
187,2023-11-29 22:45:00,False,22:45:00,2023-11-29
188,2023-11-29 23:00:00,False,23:00:00,2023-11-29
189,2023-11-29 23:15:00,False,23:15:00,2023-11-29
190,2023-11-29 23:30:00,False,23:30:00,2023-11-29
191,2023-11-29 23:45:00,False,23:45:00,2023-11-29
192,2023-11-30 00:00:00,False,00:00:00,2023-11-30
193,2023-11-30 00:15:00,False,00:15:00,2023-11-30
194,2023-11-30 00:30:00,False,00:30:00,2023-11-30
195,2023-11-30 00:45:00,False,00:45:00,2023-11-30
196,2023-11-30 01:00:00,False,01:00:00,2023-11-30
197,2023-11-30 01:15:00,False,01:15:00,2023-11-30
198,2023-11-30 01:30:00,False,01:30:00,2023-11-30
199,2023-11-30 01:45:00,False,01:45:00,2023-11-30
200,2023-11-30 02:00:00,False,02:00:00,2023-11-30
201,2023-11-30 02:15:00,False,02:15:00,2023-11-30
202,2023-11-30 02:30:00,False,02:30:00,2023-11-30
203,2023-11-30 02:45:00,False,02:45:00,2023-11-30
204,2023-11-30 03:00:00,False,03:00:00,2023-11-30
205,2023-11-30 03:15:00,False,03:15:00,2023-11-30
206,2023-11-30 03:30:00,False,03:30:00,2023-11-30
207,2023-11-30 03:45:00,False,03:45:00,2023-11-30
208,2023-11-30 04:00:00,False,04:00:00,2023-11-30
209,2023-11-30 04:15:00,False,04:15:00,2023-11-30
210,2023-11-30 04:30:00,False,04:30:00,2023-11-30
211,2023-11-30 04:45:00,False,04:45:00,2023-11-30
212,2023-11-30 05:00:00,False,05:00:00,2023-11-30
213,2023-11-30 05:15:00,False,05:15:00,2023-11-30
214,2023-11-30 05:30:00,False,05:30:00,2023-11-30
215,2023-11-30 05:45:00,False,05:45:00,2023-11-30
216,2023-11-30 06:00:00,False,06:00:00,2023-11-30
217,2023-11-30 06:15:00,False,06:15:00,2023-11-30
218,2023-11-30 06:30:00,False,06:30:00,2023-11-30
219,2023-11-30 06:45:00,False,06:45:00,2023-11-30
220,2023-11-30 07:00:00,False,07:00:00,2023-11-30
221,2023-11-30 07:15:00,False,07:15:00,2023-11-30
222,2023-11-30 07:30:00,False,07:30:00,2023-11-30
223,2023-11-30 07:45:00,False,07:45:00,2023-11-30
224,2023-11-30 08:00:00,False,08:00:00,2023-11-30
225,2023-11-30 08:15:00,False,08:15:00,2023-11-30
226,2023-11-30 08:30:00,False,08:30:00,2023-11-30
227,2023-11-30 08:45:00,False,08:45:00,2023-11-30
228,2023-11-30 09:00:00,False,09:00:00,2023-11-30
229,2023-11-30 09:15:00,False,09:15:00,2023-11-30
230,2023-11-30 09:30:00,False,09:30:00,2023-11-30
231,2023-11-30 09:45:00,False,09:45:00,2023-11-30
232,2023-11-30 10:00:00,False,10:00:00,2023-11-30
233,2023-11-30 10:15:00,False,10:15:00,2023-11-30
234,2023-11-30 10:30:00,False,10:30:00,2023-11-30
235,2023-11-30 10:45:00,False,10:45:00,2023-11-30
236,2023-11-30 11:00:00,False,11:00:00,2023-11-30
237,2023-11-30 11:15:00,False,11:15:00,2023-11-30
238,2023-11-30 11:30:00,False,11:30:00,2023-11-30
239,2023-11-30 11:45:00,False,11:45:00,2023-11-30
240,2023-11-30 12:00:00,False,12:00:00,2023-11-30
241,2023-11-30 12:15:00,False,12:15:00,2023-11-30
242,2023-11-30 12:30:00,False,12:30:00,2023-11-30
243,2023-11-30 12:45:00,False,12:45:00,2023-11-30
244,2023-11-30 13:00:00,False,13:00:00,2023-11-30
245,2023-11-30 13:15:00,False,13:15:00,2023-11-30
246,2023-11-30 13:30:00,False,13:30:00,2023-11-30
247,2023-11-30 13:45:00,False,13:45:00,2023-11-30
248,2023-11-30 14:00:00,False,14:00:00,2023-11-30
249,2023-11-30 14:15:00,False,14:15:00,2023-11-30
250,2023-11-30 14:30:00,False,14:30:00,2023-11-30
251,2023-11-30 14:45:00,False,14:45:00,2023-11-30
252,2023-11-30 15:00:00,False,15:00:00,2023-11-30
253,2023-11-30 15:15:00,False,15:15:00,2023-11-30
254,2023-11-30 15:30:00,False,15:30:00,2023-11-30
255,2023-11-30 15:45:00,False,15:45:00,2023-11-30
256,2023-11-30 16:00:00,False,16:00:00,2023-11-30
257,2023-11-30 16:15:00,False,16:15:00,2023-11-30
258,2023-11-30 16:30:00,False,16:30:00,2023-11-30
259,2023-11-30 16:45:00,False,16:45:00,2023-11-30
260,2023-11-30 17:00:00,False,17:00:00,2023-11-30
261,2023-11-30 17:15:00,False,17:15:00,2023-11-30
262,2023-11-30 17:30:00,False,17:30:00,2023-11-30
263,2023-11-30 17:45:00,False,17:45:00,2023-11-30
264,2023-11-30 18:00:00,False,18:00:00,2023-11-30
265,2023-11-30 18:15:00,False,18:15:00,2023-11-30
266,2023-11-30 18:30:00,False,18:30:00,2023-11-30
267,2023-11-30 18:45:00,False,18:45:00,2023-11-30
268,2023-11-30 19:00:00,False,19:00:00,2023-11-30
269,2023-11-30 19:15:00,False,19:15:00,2023-11-30
270,2023-11-30 19:30:00,False,19:30:00,2023-11-30
271,2023-11-30 19:45:00,False,19:45:00,2023-11-30
272,2023-11-30 20:00:00,False,20:00:00,2023-11-30
273,2023-11-30 20:15:00,True,20:15:00,2023-11-30
274,2023-11-30 20:30:00,True,20:30:00,2023-11-30
275,2023-11-30 20:45:00,True,20:45:00,2023-11-30
276,2023-11-30 21:00:00,True,21:00:00,2023-11-30
277,2023-11-30 21:15:00,False,21:15:00,2023-11-30
278,2023-11-30 21:30:00,False,21:30:00,2023-11-30
279,2023-11-30 21:45:00,False,21:45:00,2023-11-30
280,2023-11-30 22:00:00,False,22:00:00,2023-11-30
281,2023-11-30 22:15:00,False,22:15:00,2023-11-30
282,2023-11-30 22:30:00,False,22:30:00,2023-11-30
283,2023-11-30 22:45:00,False,22:45:00,2023-11-30
284,2023-11-30 23:00:00,False,23:00:00,2023-11-30
285,2023-11-30 23:15:00,False,23:15:00,2023-11-30
286,2023-11-30 23:30:00,False,23:30:00,2023-11-30
287,2023-11-30 23:45:00,False,23:45:00,2023-11-30
288,2023-12-01 00:00:00,True,00:00:00,2023-12-01
289,2023-12-01 00:15:00,False,00:15:00,2023-12-01
290,2023-12-01 00:30:00,False,00:30:00,2023-12-01
291,2023-12-01 00:45:00,False,00:45:00,2023-12-01
292,2023-12-01 01:00:00,False,01:00:00,2023-12-01
293,2023-12-01 01:15:00,False,01:15:00,2023-12-01
294,2023-12-01 01:30:00,False,01:30:00,2023-12-01
295,2023-12-01 01:45:00,False,01:45:00,2023-12-01
296,2023-12-01 02:00:00,False,02:00:00,2023-12-01
297,2023-12-01 02:15:00,False,02:15:00,2023-12-01
298,2023-12-01 02:30:00,False,02:30:00,2023-12-01
299,2023-12-01 02:45:00,False,02:45:00,2023-12-01
300,2023-12-01 03:00:00,False,03:00:00,2023-12-01
301,2023-12-01 03:15:00,False,03:15:00,2023-12-01
302,2023-12-01 03:30:00,False,03:30:00,2023-12-01
303,2023-12-01 03:45:00,False,03:45:00,2023-12-01
304,2023-12-01 04:00:00,False,04:00:00,2023-12-01
305,2023-12-01 04:15:00,False,04:15:00,2023-12-01
306,2023-12-01 04:30:00,False,04:30:00,2023-12-01
307,2023-12-01 04:45:00,False,04:45:00,2023-12-01
308,2023-12-01 05:00:00,False,05:00:00,2023-12-01
309,2023-12-01 05:15:00,False,05:15:00,2023-12-01
310,2023-12-01 05:30:00,False,05:30:00,2023-12-01
311,2023-12-01 05:45:00,False,05:45:00,2023-12-01
312,2023-12-01 06:00:00,False,06:00:00,2023-12-01
313,2023-12-01 06:15:00,False,06:15:00,2023-12-01
314,2023-12-01 06:30:00,False,06:30:00,2023-12-01
315,2023-12-01 06:45:00,False,06:45:00,2023-12-01
316,2023-12-01 07:00:00,False,07:00:00,2023-12-01
317,2023-12-01 07:15:00,False,07:15:00,2023-12-01
318,2023-12-01 07:30:00,False,07:30:00,2023-12-01
319,2023-12-01 07:45:00,False,07:45:00,2023-12-01
320,2023-12-01 08:00:00,False,08:00:00,2023-12-01
321,2023-12-01 08:15:00,False,08:15:00,2023-12-01
322,2023-12-01 08:30:00,False,08:30:00,2023-12-01
323,2023-12-01 08:45:00,False,08:45:00,2023-12-01
324,2023-12-01 09:00:00,False,09:00:00,2023-12-01
325,2023-12-01 09:15:00,False,09:15:00,2023-12-01
326,2023-12-01 09:30:00,False,09:30:00,2023-12-01
327,2023-12-01 09:45:00,False,09:45:00,2023-12-01
328,2023-12-01 10:00:00,False,10:00:00,2023-12-01
329,2023-12-01 10:15:00,False,10:15:00,2023-12-01
330,2023-12-01 10:30:00,False,10:30:00,2023-12-01
331,2023-12-01 10:45:00,False,10:45:00,2023-12-01
332,2023-12-01 11:00:00,False,11:00:00,2023-12-01
333,2023-12-01 11:15:00,False,11:15:00,2023-12-01
334,2023-12-01 11:30:00,False,11:30:00,2023-12-01
335,2023-12-01 11:45:00,False,11:45:00,2023-12-01
336,2023-12-01 12:00:00,False,12:00:00,2023-12-01
337,2023-12-01 12:15:00,False,12:15:00,2023-12-01
338,2023-12-01 12:30:00,False,12:30:00,2023-12-01
339,2023-12-01 12:45:00,False,12:45:00,2023-12-01
340,2023-12-01 13:00:00,False,13:00:00,2023-12-01
341,2023-12-01 13:15:00,False,13:15:00,2023-12-01
342,2023-12-01 13:30:00,False,13:30:00,2023-12-01
343,2023-12-01 13:45:00,False,13:45:00,2023-12-01
344,2023-12-01 14:00:00,False,14:00:00,2023-12-01
345,2023-12-01 14:15:00,False,14:15:00,2023-12-01
346,2023-12-01 14:30:00,False,14:30:00,2023-12-01
347,2023-12-01 14:45:00,False,14:45:00,2023-12-01
348,2023-12-01 15:00:00,False,15:00:00,2023-12-01
349,2023-12-01 15:15:00,False,15:15:00,2023-12-01
350,2023-12-01 15:30:00,False,15:30:00,2023-12-01
351,2023-12-01 15:45:00,False,15:45:00,2023-12-01
352,2023-12-01 16:00:00,False,16:00:00,2023-12-01
353,2023-12-01 16:15:00,False,16:15:00,2023-12-01
354,2023-12-01 16:30:00,False,16:30:00,2023-12-01
355,2023-12-01 16:45:00,False,16:45:00,2023-12-01
356,2023-12-01 17:00:00,False,17:00:00,2023-12-01
357,2023-12-01 17:15:00,False,17:15:00,2023-12-01
358,2023-12-01 17:30:00,False,17:30:00,2023-12-01
359,2023-12-01 17:45:00,False,17:45:00,2023-12-01
360,2023-12-01 18:00:00,False,18:00:00,2023-12-01
361,2023-12-01 18:15:00,False,18:15:00,2023-12-01
362,2023-12-01 18:30:00,False,18:30:00,2023-12-01
363,2023-12-01 18:45:00,False,18:45:00,2023-12-01
364,2023-12-01 19:00:00,False,19:00:00,2023-12-01
365,2023-12-01 19:15:00,False,19:15:00,2023-12-01
366,2023-12-01 19:30:00,False,19:30:00,2023-12-01
367,2023-12-01 19:45:00,False,19:45:00,2023-12-01
368,2023-12-01 20:00:00,False,20:00:00,2023-12-01
369,2023-12-01 20:15:00,False,20:15:00,2023-12-01
370,2023-12-01 20:30:00,False,20:30:00,2023-12-01
371,2023-12-01 20:45:00,False,20:45:00,2023-12-01
372,2023-12-01 21:00:00,False,21:00:00,2023-12-01
373,2023-12-01 21:15:00,False,21:15:00,2023-12-01
374,2023-12-01 21:30:00,False,21:30:00,2023-12-01
375,2023-12-01 21:45:00,False,21:45:00,2023-12-01
376,2023-12-01 22:00:00,False,22:00:00,2023-12-01
377,2023-12-01 22:15:00,False,22:15:00,2023-12-01
378,2023-12-01 22:30:00,False,22:30:00,2023-12-01
379,2023-12-01 22:45:00,False,22:45:00,2023-12-01
380,2023-12-01 23:00:00,False,23:00:00,2023-12-01
381,2023-12-01 23:15:00,False,23:15:00,2023-12-01
382,2023-12-01 23:30:00,False,23:30:00,2023-12-01
383,2023-12-01 23:45:00,False,23:45:00,2023-12-01
384,2023-12-02 00:00:00,False,00:00:00,2023-12-02
385,2023-12-02 00:15:00,False,00:15:00,2023-12-02
386,2023-12-02 00:30:00,False,00:30:00,2023-12-02
387,2023-12-02 00:45:00,False,00:45:00,2023-12-02
388,2023-12-02 01:00:00,False,01:00:00,2023-12-02
389,2023-12-02 01:15:00,False,01:15:00,2023-12-02
390,2023-12-02 01:30:00,False,01:30:00,2023-12-02
391,2023-12-02 01:45:00,False,01:45:00,2023-12-02
392,2023-12-02 02:00:00,False,02:00:00,2023-12-02
393,2023-12-02 02:15:00,False,02:15:00,2023-12-02
394,2023-12-02 02:30:00,False,02:30:00,2023-12-02
395,2023-12-02 02:45:00,False,02:45:00,2023-12-02
396,2023-12-02 03:00:00,False,03:00:00,2023-12-02
397,2023-12-02 03:15:00,False,03:15:00,2023-12-02
398,2023-12-02 03:30:00,False,03:30:00,2023-12-02
399,2023-12-02 03:45:00,False,03:45:00,2023-12-02
400,2023-12-02 04:00:00,False,04:00:00,2023-12-02
401,2023-12-02 04:15:00,False,04:15:00,2023-12-02
402,2023-12-02 04:30:00,False,04:30:00,2023-12-02
403,2023-12-02 04:45:00,False,04:45:00,2023-12-02
404,2023-12-02 05:00:00,False,05:00:00,2023-12-02
405,2023-12-02 05:15:00,False,05:15:00,2023-12-02
406,2023-12-02 05:30:00,False,05:30:00,2023-12-02
407,2023-12-02 05:45:00,False,05:45:00,2023-12-02
408,2023-12-02 06:00:00,False,06:00:00,2023-12-02
409,2023-12-02 06:15:00,False,06:15:00,2023-12-02
410,2023-12-02 06:30:00,False,06:30:00,2023-12-02
411,2023-12-02 06:45:00,False,06:45:00,2023-12-02
412,2023-12-02 07:00:00,False,07:00:00,2023-12-02
413,2023-12-02 07:15:00,False,07:15:00,2023-12-02
414,2023-12-02 07:30:00,False,07:30:00,2023-12-02
415,2023-12-02 07:45:00,False,07:45:00,2023-12-02
416,2023-12-02 08:00:00,False,08:00:00,2023-12-02
417,2023-12-02 08:15:00,False,08:15:00,2023-12-02
418,2023-12-02 08:30:00,False,08:30:00,2023-12-02
419,2023-12-02 08:45:00,False,08:45:00,2023-12-02
420,2023-12-02 09:00:00,False,09:00:00,2023-12-02
421,2023-12-02 09:15:00,False,09:15:00,2023-12-02
422,2023-12-02 09:30:00,False,09:30:00,2023-12-02
423,2023-12-02 09:45:00,False,09:45:00,2023-12-02
424,2023-12-02 10:00:00,False,10:00:00,2023-12-02
425,2023-12-02 10:15:00,False,10:15:00,2023-12-02
426,2023-12-02 10:30:00,False,10:30:00,2023-12-02
427,2023-12-02 10:45:00,False,10:45:00,2023-12-02
428,2023-12-02 11:00:00,False,11:00:00,2023-12-02
429,2023-12-02 11:15:00,False,11:15:00,2023-12-02
430,2023-12-02 11:30:00,False,11:30:00,2023-12-02
431,2023-12-02 11:45:00,False,11:45:00,2023-12-02
432,2023-12-02 12:00:00,False,12:00:00,2023-12-02
433,2023-12-02 12:15:00,False,12:15:00,2023-12-02
434,2023-12-02 12:30:00,False,12:30:00,2023-12-02
435,2023-12-02 12:45:00,False,12:45:00,2023-12-02
436,2023-12-02 13:00:00,False,13:00:00,2023-12-02
437,2023-12-02 13:15:00,False,13:15:00,2023-12-02
438,2023-12-02 13:30:00,False,13:30:00,2023-12-02
439,2023-12-02 13:45:00,False,13:45:00,2023-12-02
440,2023-12-02 14:00:00,False,14:00:00,2023-12-02
441,2023-12-02 14:15:00,False,14:15:00,2023-12-02
442,2023-12-02 14:30:00,False,14:30:00,2023-12-02
443,2023-12-02 14:45:00,False,14:45:00,2023-12-02
444,2023-12-02 15:00:00,False,15:00:00,2023-12-02
445,2023-12-02 15:15:00,False,15:15:00,2023-12-02
446,2023-12-02 15:30:00,False,15:30:00,2023-12-02
447,2023-12-02 15:45:00,False,15:45:00,2023-12-02
448,2023-12-02 16:00:00,False,16:00:00,2023-12-02
449,2023-12-02 16:15:00,False,16:15:00,2023-12-02
450,2023-12-02 16:30:00,False,16:30:00,2023-12-02
451,2023-12-02 16:45:00,False,16:45:00,2023-12-02
452,2023-12-02 17:00:00,False,17:00:00,2023-12-02
453,2023-12-02 17:15:00,False,17:15:00,2023-12-02
454,2023-12-02 17:30:00,False,17:30:00,2023-12-02
455,2023-12-02 17:45:00,False,17:45:00,2023-12-02
456,2023-12-02 18:00:00,False,18:00:00,2023-12-02
457,2023-12-02 18:15:00,False,18:15:00,2023-12-02
458,2023-12-02 18:30:00,False,18:30:00,2023-12-02
459,2023-12-02 18:45:00,False,18:45:00,2023-12-02
460,2023-12-02 19:00:00,False,19:00:00,2023-12-02
461,2023-12-02 19:15:00,False,19:15:00,2023-12-02
462,2023-12-02 19:30:00,False,19:30:00,2023-12-02
463,2023-12-02 19:45:00,False,19:45:00,2023-12-02
464,2023-12-02 20:00:00,False,20:00:00,2023-12-02
465,2023-12-02 20:15:00,False,20:15:00,2023-12-02
466,2023-12-02 20:30:00,False,20:30:00,2023-12-02
467,2023-12-02 20:45:00,False,20:45:00,2023-12-02
468,2023-12-02 21:00:00,False,21:00:00,2023-12-02
469,2023-12-02 21:15:00,False,21:15:00,2023-12-02
470,2023-12-02 21:30:00,False,21:30:00,2023-12-02
471,2023-12-02 21:45:00,False,21:45:00,2023-12-02
472,2023-12-02 22:00:00,False,22:00:00,2023-12-02
473,2023-12-02 22:15:00,False,22:15:00,2023-12-02
474,2023-12-02 22:30:00,False,22:30:00,2023-12-02
475,2023-12-02 22:45:00,False,22:45:00,2023-12-02
476,2023-12-02 23:00:00,False,23:00:00,2023-12-02
477,2023-12-02 23:15:00,False,23:15:00,2023-12-02
478,2023-12-02 23:30:00,False,23:30:00,2023-12-02
479,2023-12-02 23:45:00,False,23:45:00,2023-12-02
480,2023-12-03 00:00:00,False,00:00:00,2023-12-03
481,2023-12-03 00:15:00,False,00:15:00,2023-12-03
482,2023-12-03 00:30:00,False,00:30:00,2023-12-03
483,2023-12-03 00:45:00,False,00:45:00,2023-12-03
484,2023-12-03 01:00:00,False,01:00:00,2023-12-03
485,2023-12-03 01:15:00,False,01:15:00,2023-12-03
486,2023-12-03 01:30:00,False,01:30:00,2023-12-03
487,2023-12-03 01:45:00,False,01:45:00,2023-12-03
488,2023-12-03 02:00:00,False,02:00:00,2023-12-03
489,2023-12-03 02:15:00,False,02:15:00,2023-12-03
490,2023-12-03 02:30:00,False,02:30:00,2023-12-03
491,2023-12-03 02:45:00,False,02:45:00,2023-12-03
492,2023-12-03 03:00:00,False,03:00:00,2023-12-03
493,2023-12-03 03:15:00,False,03:15:00,2023-12-03
494,2023-12-03 03:30:00,False,03:30:00,2023-12-03
495,2023-12-03 03:45:00,False,03:45:00,2023-12-03
496,2023-12-03 04:00:00,False,04:00:00,2023-12-03
497,2023-12-03 04:15:00,False,04:15:00,2023-12-03
498,2023-12-03 04:30:00,False,04:30:00,2023-12-03
499,2023-12-03 04:45:00,False,04:45:00,2023-12-03
500,2023-12-03 05:00:00,False,05:00:00,2023-12-03
501,2023-12-03 05:15:00,False,05:15:00,2023-12-03
502,2023-12-03 05:30:00,False,05:30:00,2023-12-03
503,2023-12-03 05:45:00,False,05:45:00,2023-12-03
504,2023-12-03 06:00:00,False,06:00:00,2023-12-03
505,2023-12-03 06:15:00,False,06:15:00,2023-12-03
506,2023-12-03 06:30:00,False,06:30:00,2023-12-03
507,2023-12-03 06:45:00,False,06:45:00,2023-12-03
508,2023-12-03 07:00:00,False,07:00:00,2023-12-03
509,2023-12-03 07:15:00,False,07:15:00,2023-12-03
510,2023-12-03 07:30:00,False,07:30:00,2023-12-03
511,2023-12-03 07:45:00,False,07:45:00,2023-12-03
512,2023-12-03 08:00:00,False,08:00:00,2023-12-03
513,2023-12-03 08:15:00,False,08:15:00,2023-12-03
514,2023-12-03 08:30:00,False,08:30:00,2023-12-03
515,2023-12-03 08:45:00,False,08:45:00,2023-12-03
516,2023-12-03 09:00:00,False,09:00:00,2023-12-03
517,2023-12-03 09:15:00,False,09:15:00,2023-12-03
518,2023-12-03 09:30:00,False,09:30:00,2023-12-03
519,2023-12-03 09:45:00,False,09:45:00,2023-12-03
520,2023-12-03 10:00:00,False,10:00:00,2023-12-03
521,2023-12-03 10:15:00,False,10:15:00,2023-12-03
522,2023-12-03 10:30:00,False,10:30:00,2023-12-03
523,2023-12-03 10:45:00,False,10:45:00,2023-12-03
524,2023-12-03 11:00:00,False,11:00:00,2023-12-03
525,2023-12-03 11:15:00,False,11:15:00,2023-12-03
526,2023-12-03 11:30:00,False,11:30:00,2023-12-03
527,2023-12-03 11:45:00,False,11:45:00,2023-12-03
528,2023-12-03 12:00:00,True,12:00:00,2023-12-03
529,2023-12-03 12:15:00,True,12:15:00,2023-12-03
530,2023-12-03 12:30:00,True,12:30:00,2023-12-03
531,2023-12-03 12:45:00,False,12:45:00,2023-12-03
532,2023-12-03 13:00:00,False,13:00:00,2023-12-03
533,2023-12-03 13:15:00,False,13:15:00,2023-12-03
534,2023-12-03 13:30:00,False,13:30:00,2023-12-03
535,2023-12-03 13:45:00,False,13:45:00,2023-12-03
536,2023-12-03 14:00:00,False,14:00:00,2023-12-03
537,2023-12-03 14:15:00,False,14:15:00,2023-12-03
538,2023-12-03 14:30:00,False,14:30:00,2023-12-03
539,2023-12-03 14:45:00,False,14:45:00,2023-12-03
540,2023-12-03 15:00:00,False,15:00:00,2023-12-03
541,2023-12-03 15:15:00,False,15:15:00,2023-12-03
542,2023-12-03 15:30:00,False,15:30:00,2023-12-03
543,2023-12-03 15:45:00,False,15:45:00,2023-12-03
544,2023-12-03 16:00:00,False,16:00:00,2023-12-03
545,2023-12-03 16:15:00,False,16:15:00,2023-12-03
546,2023-12-03 16:30:00,False,16:30:00,2023-12-03
547,2023-12-03 16:45:00,False,16:45:00,2023-12-03
548,2023-12-03 17:00:00,False,17:00:00,2023-12-03
549,2023-12-03 17:15:00,False,17:15:00,2023-12-03
550,2023-12-03 17:30:00,False,17:30:00,2023-12-03
551,2023-12-03 17:45:00,False,17:45:00,2023-12-03
552,2023-12-03 18:00:00,False,18:00:00,2023-12-03
553,2023-12-03 18:15:00,False,18:15:00,2023-12-03
554,2023-12-03 18:30:00,False,18:30:00,2023-12-03
555,2023-12-03 18:45:00,False,18:45:00,2023-12-03
556,2023-12-03 19:00:00,False,19:00:00,2023-12-03
557,2023-12-03 19:15:00,False,19:15:00,2023-12-03
558,2023-12-03 19:30:00,False,19:30:00,2023-12-03
559,2023-12-03 19:45:00,False,19:45:00,2023-12-03
560,2023-12-03 20:00:00,False,20:00:00,2023-12-03
561,2023-12-03 20:15:00,False,20:15:00,2023-12-03
562,2023-12-03 20:30:00,False,20:30:00,2023-12-03
563,2023-12-03 20:45:00,False,20:45:00,2023-12-03
564,2023-12-03 21:00:00,False,21:00:00,2023-12-03
565,2023-12-03 21:15:00,False,21:15:00,2023-12-03
566,2023-12-03 21:30:00,False,21:30:00,2023-12-03
567,2023-12-03 21:45:00,False,21:45:00,2023-12-03
568,2023-12-03 22:00:00,False,22:00:00,2023-12-03
569,2023-12-03 22:15:00,False,22:15:00,2023-12-03
570,2023-12-03 22:30:00,False,22:30:00,2023-12-03
571,2023-12-03 22:45:00,False,22:45:00,2023-12-03
572,2023-12-03 23:00:00,False,23:00:00,2023-12-03
573,2023-12-03 23:15:00,False,23:15:00,2023-12-03
574,2023-12-03 23:30:00,False,23:30:00,2023-12-03
575,2023-12-03 23:45:00,False,23:45:00,2023-12-03
576,2023-12-04 00:00:00,False,00:00:00,2023-12-04
577,2023-12-04 00:15:00,False,00:15:00,2023-12-04
578,2023-12-04 00:30:00,False,00:30:00,2023-12-04
579,2023-12-04 00:45:00,False,00:45:00,2023-12-04
580,2023-12-04 01:00:00,False,01:00:00,2023-12-04
581,2023-12-04 01:15:00,False,01:15:00,2023-12-04
582,2023-12-04 01:30:00,False,01:30:00,2023-12-04
583,2023-12-04 01:45:00,False,01:45:00,2023-12-04
584,2023-12-04 02:00:00,False,02:00:00,2023-12-04
585,2023-12-04 02:15:00,False,02:15:00,2023-12-04
586,2023-12-04 02:30:00,False,02:30:00,2023-12-04
587,2023-12-04 02:45:00,False,02:45:00,2023-12-04
588,2023-12-04 03:00:00,False,03:00:00,2023-12-04
589,2023-12-04 03:15:00,False,03:15:00,2023-12-04
590,2023-12-04 03:30:00,False,03:30:00,2023-12-04
591,2023-12-04 03:45:00,False,03:45:00,2023-12-04
592,2023-12-04 04:00:00,False,04:00:00,2023-12-04
593,2023-12-04 04:15:00,False,04:15:00,2023-12-04
594,2023-12-04 04:30:00,False,04:30:00,2023-12-04
595,2023-12-04 04:45:00,False,04:45:00,2023-12-04
596,2023-12-04 05:00:00,False,05:00:00,2023-12-04
597,2023-12-04 05:15:00,False,05:15:00,2023-12-04
598,2023-12-04 05:30:00,False,05:30:00,2023-12-04
599,2023-12-04 05:45:00,False,05:45:00,2023-12-04
600,2023-12-04 06:00:00,False,06:00:00,2023-12-04
601,2023-12-04 06:15:00,False,06:15:00,2023-12-04
602,2023-12-04 06:30:00,False,06:30:00,2023-12-04
603,2023-12-04 06:45:00,False,06:45:00,2023-12-04
604,2023-12-04 07:00:00,False,07:00:00,2023-12-04
605,2023-12-04 07:15:00,False,07:15:00,2023-12-04
606,2023-12-04 07:30:00,False,07:30:00,2023-12-04
607,2023-12-04 07:45:00,False,07:45:00,2023-12-04
608,2023-12-04 08:00:00,False,08:00:00,2023-12-04
609,2023-12-04 08:15:00,False,08:15:00,2023-12-04
610,2023-12-04 08:30:00,False,08:30:00,2023-12-04
611,2023-12-04 08:45:00,False,08:45:00,2023-12-04
612,2023-12-04 09:00:00,False,09:00:00,2023-12-04
613,2023-12-04 09:15:00,False,09:15:00,2023-12-04
614,2023-12-04 09:30:00,False,09:30:00,2023-12-04
615,2023-12-04 09:45:00,False,09:45:00,2023-12-04
616,2023-12-04 10:00:00,False,10:00:00,2023-12-04
617,2023-12-04 10:15:00,False,10:15:00,2023-12-04
618,2023-12-04 10:30:00,False,10:30:00,2023-12-04
619,2023-12-04 10:45:00,False,10:45:00,2023-12-04
620,2023-12-04 11:00:00,False,11:00:00,2023-12-04
621,2023-12-04 11:15:00,False,11:15:00,2023-12-04
622,2023-12-04 11:30:00,False,11:30:00,2023-12-04
623,2023-12-04 11:45:00,False,11:45:00,2023-12-04
624,2023-12-04 12:00:00,False,12:00:00,2023-12-04
625,2023-12-04 12:15:00,False,12:15:00,2023-12-04
626,2023-12-04 12:30:00,False,12:30:00,2023-12-04
627,2023-12-04 12:45:00,False,12:45:00,2023-12-04
628,2023-12-04 13:00:00,False,13:00:00,2023-12-04
629,2023-12-04 13:15:00,False,13:15:00,2023-12-04
630,2023-12-04 13:30:00,False,13:30:00,2023-12-04
631,2023-12-04 13:45:00,False,13:45:00,2023-12-04
632,2023-12-04 14:00:00,False,14:00:00,2023-12-04
633,2023-12-04 14:15:00,False,14:15:00,2023-12-04
634,2023-12-04 14:30:00,False,14:30:00,2023-12-04
635,2023-12-04 14:45:00,False,14:45:00,2023-12-04
636,2023-12-04 15:00:00,False,15:00:00,2023-12-04
637,2023-12-04 15:15:00,False,15:15:00,2023-12-04
638,2023-12-04 15:30:00,False,15:30:00,2023-12-04
639,2023-12-04 15:45:00,False,15:45:00,2023-12-04
640,2023-12-04 16:00:00,False,16:00:00,2023-12-04
641,2023-12-04 16:15:00,False,16:15:00,2023-12-04
642,2023-12-04 16:30:00,False,16:30:00,2023-12-04
643,2023-12-04 16:45:00,False,16:45:00,2023-12-04
644,2023-12-04 17:00:00,False,17:00:00,2023-12-04
645,2023-12-04 17:15:00,False,17:15:00,2023-12-04
646,2023-12-04 17:30:00,False,17:30:00,2023-12-04
647,2023-12-04 17:45:00,False,17:45:00,2023-12-04
648,2023-12-04 18:00:00,False,18:00:00,2023-12-04
649,2023-12-04 18:15:00,False,18:15:00,2023-12-04
650,2023-12-04 18:30:00,False,18:30:00,2023-12-04
651,2023-12-04 18:45:00,False,18:45:00,2023-12-04
652,2023-12-04 19:00:00,False,19:00:00,2023-12-04
653,2023-12-04 19:15:00,False,19:15:00,2023-12-04
654,2023-12-04 19:30:00,False,19:30:00,2023-12-04
655,2023-12-04 19:45:00,False,19:45:00,2023-12-04
656,2023-12-04 20:00:00,False,20:00:00,2023-12-04
657,2023-12-04 20:15:00,False,20:15:00,2023-12-04
658,2023-12-04 20:30:00,False,20:30:00,2023-12-04
659,2023-12-04 20:45:00,False,20:45:00,2023-12-04
660,2023-12-04 21:00:00,False,21:00:00,2023-12-04
661,2023-12-04 21:15:00,False,21:15:00,2023-12-04
662,2023-12-04 21:30:00,False,21:30:00,2023-12-04
663,2023-12-04 21:45:00,False,21:45:00,2023-12-04
664,2023-12-04 22:00:00,False,22:00:00,2023-12-04
665,2023-12-04 22:15:00,False,22:15:00,2023-12-04
666,2023-12-04 22:30:00,False,22:30:00,2023-12-04
667,2023-12-04 22:45:00,False,22:45:00,2023-12-04
668,2023-12-04 23:00:00,False,23:00:00,2023-12-04
669,2023-12-04 23:15:00,False,23:15:00,2023-12-04
670,2023-12-04 23:30:00,False,23:30:00,2023-12-04
671,2023-12-04 23:45:00,False,23:45:00,2023-12-04
672,2023-12-05 00:00:00,False,00:00:00,2023-12-05
673,2023-12-05 00:15:00,False,00:15:00,2023-12-05
674,2023-12-05 00:30:00,False,00:30:00,2023-12-05
675,2023-12-05 00:45:00,False,00:45:00,2023-12-05
676,2023-12-05 01:00:00,False,01:00:00,2023-12-05
677,2023-12-05 01:15:00,False,01:15:00,2023-12-05
678,2023-12-05 01:30:00,False,01:30:00,2023-12-05
679,2023-12-05 01:45:00,False,01:45:00,2023-12-05
680,2023-12-05 02:00:00,False,02:00:00,2023-12-05
681,2023-12-05 02:15:00,False,02:15:00,2023-12-05
682,2023-12-05 02:30:00,False,02:30:00,2023-12-05
683,2023-12-05 02:45:00,False,02:45:00,2023-12-05
684,2023-12-05 03:00:00,False,03:00:00,2023-12-05
685,2023-12-05 03:15:00,False,03:15:00,2023-12-05
686,2023-12-05 03:30:00,False,03:30:00,2023-12-05
687,2023-12-05 03:45:00,False,03:45:00,2023-12-05
688,2023-12-05 04:00:00,False,04:00:00,2023-12-05
689,2023-12-05 04:15:00,False,04:15:00,2023-12-05
690,2023-12-05 04:30:00,False,04:30:00,2023-12-05
691,2023-12-05 04:45:00,False,04:45:00,2023-12-05
692,2023-12-05 05:00:00,False,05:00:00,2023-12-05
693,2023-12-05 05:15:00,False,05:15:00,2023-12-05
694,2023-12-05 05:30:00,False,05:30:00,2023-12-05
695,2023-12-05 05:45:00,False,05:45:00,2023-12-05
696,2023-12-05 06:00:00,False,06:00:00,2023-12-05
697,2023-12-05 06:15:00,False,06:15:00,2023-12-05
698,2023-12-05 06:30:00,False,06:30:00,2023-12-05
699,2023-12-05 06:45:00,False,06:45:00,2023-12-05
700,2023-12-05 07:00:00,False,07:00:00,2023-12-05
701,2023-12-05 07:15:00,False,07:15:00,2023-12-05
702,2023-12-05 07:30:00,False,07:30:00,2023-12-05
703,2023-12-05 07:45:00,False,07:45:00,2023-12-05
704,2023-12-05 08:00:00,False,08:00:00,2023-12-05
705,2023-12-05 08:15:00,False,08:15:00,2023-12-05
706,2023-12-05 08:30:00,False,08:30:00,2023-12-05
707,2023-12-05 08:45:00,False,08:45:00,2023-12-05
708,2023-12-05 09:00:00,False,09:00:00,2023-12-05
709,2023-12-05 09:15:00,False,09:15:00,2023-12-05
710,2023-12-05 09:30:00,False,09:30:00,2023-12-05
711,2023-12-05 09:45:00,False,09:45:00,2023-12-05
712,2023-12-05 10:00:00,False,10:00:00,2023-12-05
713,2023-12-05 10:15:00,False,10:15:00,2023-12-05
714,2023-12-05 10:30:00,False,10:30:00,2023-12-05
715,2023-12-05 10:45:00,False,10:45:00,2023-12-05
716,2023-12-05 11:00:00,False,11:00:00,2023-12-05
717,2023-12-05 11:15:00,False,11:15:00,2023-12-05
718,2023-12-05 11:30:00,False,11:30:00,2023-12-05
719,2023-12-05 11:45:00,False,11:45:00,2023-12-05
720,2023-12-05 12:00:00,False,12:00:00,2023-12-05
721,2023-12-05 12:15:00,False,12:15:00,2023-12-05
722,2023-12-05 12:30:00,False,12:30:00,2023-12-05
723,2023-12-05 12:45:00,False,12:45:00,2023-12-05
724,2023-12-05 13:00:00,False,13:00:00,2023-12-05
725,2023-12-05 13:15:00,False,13:15:00,2023-12-05
726,2023-12-05 13:30:00,False,13:30:00,2023-12-05
727,2023-12-05 13:45:00,False,13:45:00,2023-12-05
728,2023-12-05 14:00:00,False,14:00:00,2023-12-05
729,2023-12-05 14:15:00,False,14:15:00,2023-12-05
730,2023-12-05 14:30:00,False,14:30:00,2023-12-05
731,2023-12-05 14:45:00,False,14:45:00,2023-12-05
732,2023-12-05 15:00:00,False,15:00:00,2023-12-05
733,2023-12-05 15:15:00,False,15:15:00,2023-12-05
734,2023-12-05 15:30:00,False,15:30:00,2023-12-05
735,2023-12-05 15:45:00,False,15:45:00,2023-12-05
736,2023-12-05 16:00:00,False,16:00:00,2023-12-05
737,2023-12-05 16:15:00,False,16:15:00,2023-12-05
738,2023-12-05 16:30:00,False,16:30:00,2023-12-05
739,2023-12-05 16:45:00,False,16:45:00,2023-12-05
740,2023-12-05 17:00:00,False,17:00:00,2023-12-05
741,2023-12-05 17:15:00,False,17:15:00,2023-12-05
742,2023-12-05 17:30:00,False,17:30:00,2023-12-05
743,2023-12-05 17:45:00,False,17:45:00,2023-12-05
744,2023-12-05 18:00:00,False,18:00:00,2023-12-05
745,2023-12-05 18:15:00,False,18:15:00,2023-12-05
746,2023-12-05 18:30:00,False,18:30:00,2023-12-05
747,2023-12-05 18:45:00,False,18:45:00,2023-12-05
748,2023-12-05 19:00:00,False,19:00:00,2023-12-05
749,2023-12-05 19:15:00,False,19:15:00,2023-12-05
750,2023-12-05 19:30:00,False,19:30:00,2023-12-05
751,2023-12-05 19:45:00,False,19:45:00,2023-12-05
752,2023-12-05 20:00:00,False,20:00:00,2023-12-05
753,2023-12-05 20:15:00,False,20:15:00,2023-12-05
754,2023-12-05 20:30:00,False,20:30:00,2023-12-05
755,2023-12-05 20:45:00,False,20:45:00,2023-12-05
756,2023-12-05 21:00:00,False,21:00:00,2023-12-05
757,2023-12-05 21:15:00,False,21:15:00,2023-12-05
758,2023-12-05 21:30:00,False,21:30:00,2023-12-05
759,2023-12-05 21:45:00,False,21:45:00,2023-12-05
760,2023-12-05 22:00:00,False,22:00:00,2023-12-05
761,2023-12-05 22:15:00,False,22:15:00,2023-12-05
762,2023-12-05 22:30:00,False,22:30:00,2023-12-05
763,2023-12-05 22:45:00,False,22:45:00,2023-12-05
764,2023-12-05 23:00:00,False,23:00:00,2023-12-05
765,2023-12-05 23:15:00,False,23:15:00,2023-12-05
766,2023-12-05 23:30:00,False,23:30:00,2023-12-05
767,2023-12-05 23:45:00,False,23:45:00,2023-12-05
768,2023-12-06 00:00:00,False,00:00:00,2023-12-06
769,2023-12-06 00:15:00,False,00:15:00,2023-12-06
770,2023-12-06 00:30:00,False,00:30:00,2023-12-06
771,2023-12-06 00:45:00,False,00:45:00,2023-12-06
772,2023-12-06 01:00:00,False,01:00:00,2023-12-06
773,2023-12-06 01:15:00,False,01:15:00,2023-12-06
774,2023-12-06 01:30:00,False,01:30:00,2023-12-06
775,2023-12-06 01:45:00,False,01:45:00,2023-12-06
776,2023-12-06 02:00:00,False,02:00:00,2023-12-06
777,2023-12-06 02:15:00,False,02:15:00,2023-12-06
778,2023-12-06 02:30:00,False,02:30:00,2023-12-06
779,2023-12-06 02:45:00,False,02:45:00,2023-12-06
780,2023-12-06 03:00:00,False,03:00:00,2023-12-06
781,2023-12-06 03:15:00,False,03:15:00,2023-12-06
782,2023-12-06 03:30:00,False,03:30:00,2023-12-06
783,2023-12-06 03:45:00,False,03:45:00,2023-12-06
784,2023-12-06 04:00:00,False,04:00:00,2023-12-06
785,2023-12-06 04:15:00,False,04:15:00,2023-12-06
786,2023-12-06 04:30:00,False,04:30:00,2023-12-06
787,2023-12-06 04:45:00,False,04:45:00,2023-12-06
788,2023-12-06 05:00:00,False,05:00:00,2023-12-06
789,2023-12-06 05:15:00,False,05:15:00,2023-12-06
790,2023-12-06 05:30:00,False,05:30:00,2023-12-06
791,2023-12-06 05:45:00,False,05:45:00,2023-12-06
792,2023-12-06 06:00:00,False,06:00:00,2023-12-06
793,2023-12-06 06:15:00,False,06:15:00,2023-12-06
794,2023-12-06 06:30:00,False,06:30:00,2023-12-06
795,2023-12-06 06:45:00,False,06:45:00,2023-12-06
796,2023-12-06 07:00:00,False,07:00:00,2023-12-06
797,2023-12-06 07:15:00,False,07:15:00,2023-12-06
798,2023-12-06 07:30:00,False,07:30:00,2023-12-06
799,2023-12-06 07:45:00,False,07:45:00,2023-12-06
800,2023-12-06 08:00:00,False,08:00:00,2023-12-06
801,2023-12-06 08:15:00,False,08:15:00,2023-12-06
802,2023-12-06 08:30:00,False,08:30:00,2023-12-06
803,2023-12-06 08:45:00,False,08:45:00,2023-12-06
804,2023-12-06 09:00:00,False,09:00:00,2023-12-06
805,2023-12-06 09:15:00,False,09:15:00,2023-12-06
806,2023-12-06 09:30:00,False,09:30:00,2023-12-06
807,2023-12-06 09:45:00,False,09:45:00,2023-12-06
808,2023-12-06 10:00:00,False,10:00:00,2023-12-06
809,2023-12-06 10:15:00,False,10:15:00,2023-12-06
810,2023-12-06 10:30:00,False,10:30:00,2023-12-06
811,2023-12-06 10:45:00,False,10:45:00,2023-12-06
812,2023-12-06 11:00:00,False,11:00:00,2023-12-06
813,2023-12-06 11:15:00,False,11:15:00,2023-12-06
814,2023-12-06 11:30:00,False,11:30:00,2023-12-06
815,2023-12-06 11:45:00,False,11:45:00,2023-12-06
816,2023-12-06 12:00:00,False,12:00:00,2023-12-06
817,2023-12-06 12:15:00,False,12:15:00,2023-12-06
818,2023-12-06 12:30:00,False,12:30:00,2023-12-06
819,2023-12-06 12:45:00,False,12:45:00,2023-12-06
820,2023-12-06 13:00:00,False,13:00:00,2023-12-06
821,2023-12-06 13:15:00,False,13:15:00,2023-12-06
822,2023-12-06 13:30:00,False,13:30:00,2023-12-06
823,2023-12-06 13:45:00,False,13:45:00,2023-12-06
824,2023-12-06 14:00:00,False,14:00:00,2023-12-06
825,2023-12-06 14:15:00,False,14:15:00,2023-12-06
826,2023-12-06 14:30:00,False,14:30:00,2023-12-06
827,2023-12-06 14:45:00,False,14:45:00,2023-12-06
828,2023-12-06 15:00:00,False,15:00:00,2023-12-06
829,2023-12-06 15:15:00,False,15:15:00,2023-12-06
830,2023-12-06 15:30:00,False,15:30:00,2023-12-06
831,2023-12-06 15:45:00,False,15:45:00,2023-12-06
832,2023-12-06 16:00:00,False,16:00:00,2023-12-06
833,2023-12-06 16:15:00,False,16:15:00,2023-12-06
834,2023-12-06 16:30:00,False,16:30:00,2023-12-06
835,2023-12-06 16:45:00,False,16:45:00,2023-12-06
836,2023-12-06 17:00:00,False,17:00:00,2023-12-06
837,2023-12-06 17:15:00,False,17:15:00,2023-12-06
838,2023-12-06 17:30:00,False,17:30:00,2023-12-06
839,2023-12-06 17:45:00,False,17:45:00,2023-12-06
840,2023-12-06 18:00:00,False,18:00:00,2023-12-06
841,2023-12-06 18:15:00,False,18:15:00,2023-12-06
842,2023-12-06 18:30:00,False,18:30:00,2023-12-06
843,2023-12-06 18:45:00,False,18:45:00,2023-12-06
844,2023-12-06 19:00:00,False,19:00:00,2023-12-06
845,2023-12-06 19:15:00,False,19:15:00,2023-12-06
846,2023-12-06 19:30:00,False,19:30:00,2023-12-06
847,2023-12-06 19:45:00,False,19:45:00,2023-12-06
848,2023-12-06 20:00:00,False,20:00:00,2023-12-06
849,2023-12-06 20:15:00,False,20:15:00,2023-12-06
850,2023-12-06 20:30:00,False,20:30:00,2023-12-06
851,2023-12-06 20:45:00,False,20:45:00,2023-12-06
852,2023-12-06 21:00:00,False,21:00:00,2023-12-06
853,2023-12-06 21:15:00,False,21:15:00,2023-12-06
854,2023-12-06 21:30:00,False,21:30:00,2023-12-06
855,2023-12-06 21:45:00,False,21:45:00,2023-12-06
856,2023-12-06 22:00:00,False,22:00:00,2023-12-06
857,2023-12-06 22:15:00,False,22:15:00,2023-12-06
858,2023-12-06 22:30:00,False,22:30:00,2023-12-06
859,2023-12-06 22:45:00,False,22:45:00,2023-12-06
860,2023-12-06 23:00:00,False,23:00:00,2023-12-06
861,2023-12-06 23:15:00,False,23:15:00,2023-12-06
862,2023-12-06 23:30:00,False,23:30:00,2023-12-06
863,2023-12-06 23:45:00,False,23:45:00,2023-12-06
864,2023-12-07 00:00:00,False,00:00:00,2023-12-07
865,2023-12-07 00:15:00,False,00:15:00,2023-12-07
866,2023-12-07 00:30:00,False,00:30:00,2023-12-07
867,2023-12-07 00:45:00,False,00:45:00,2023-12-07
868,2023-12-07 01:00:00,False,01:00:00,2023-12-07
869,2023-12-07 01:15:00,False,01:15:00,2023-12-07
870,2023-12-07 01:30:00,False,01:30:00,2023-12-07
871,2023-12-07 01:45:00,False,01:45:00,2023-12-07
872,2023-12-07 02:00:00,False,02:00:00,2023-12-07
873,2023-12-07 02:15:00,False,02:15:00,2023-12-07
874,2023-12-07 02:30:00,False,02:30:00,2023-12-07
875,2023-12-07 02:45:00,False,02:45:00,2023-12-07
876,2023-12-07 03:00:00,False,03:00:00,2023-12-07
877,2023-12-07 03:15:00,False,03:15:00,2023-12-07
878,2023-12-07 03:30:00,False,03:30:00,2023-12-07
879,2023-12-07 03:45:00,False,03:45:00,2023-12-07
880,2023-12-07 04:00:00,False,04:00:00,2023-12-07
881,2023-12-07 04:15:00,False,04:15:00,2023-12-07
882,2023-12-07 04:30:00,False,04:30:00,2023-12-07
883,2023-12-07 04:45:00,False,04:45:00,2023-12-07
884,2023-12-07 05:00:00,False,05:00:00,2023-12-07
885,2023-12-07 05:15:00,False,05:15:00,2023-12-07
886,2023-12-07 05:30:00,False,05:30:00,2023-12-07
887,2023-12-07 05:45:00,False,05:45:00,2023-12-07
888,2023-12-07 06:00:00,False,06:00:00,2023-12-07
889,2023-12-07 06:15:00,False,06:15:00,2023-12-07
890,2023-12-07 06:30:00,False,06:30:00,2023-12-07
891,2023-12-07 06:45:00,False,06:45:00,2023-12-07
892,2023-12-07 07:00:00,False,07:00:00,2023-12-07
893,2023-12-07 07:15:00,False,07:15:00,2023-12-07
894,2023-12-07 07:30:00,False,07:30:00,2023-12-07
895,2023-12-07 07:45:00,False,07:45:00,2023-12-07
896,2023-12-07 08:00:00,False,08:00:00,2023-12-07
897,2023-12-07 08:15:00,False,08:15:00,2023-12-07
898,2023-12-07 08:30:00,False,08:30:00,2023-12-07
899,2023-12-07 08:45:00,False,08:45:00,2023-12-07
900,2023-12-07 09:00:00,False,09:00:00,2023-12-07
901,2023-12-07 09:15:00,False,09:15:00,2023-12-07
902,2023-12-07 09:30:00,False,09:30:00,2023-12-07
903,2023-12-07 09:45:00,False,09:45:00,2023-12-07
904,2023-12-07 10:00:00,False,10:00:00,2023-12-07
905,2023-12-07 10:15:00,False,10:15:00,2023-12-07
906,2023-12-07 10:30:00,False,10:30:00,2023-12-07
907,2023-12-07 10:45:00,False,10:45:00,2023-12-07
908,2023-12-07 11:00:00,False,11:00:00,2023-12-07
909,2023-12-07 11:15:00,False,11:15:00,2023-12-07
910,2023-12-07 11:30:00,False,11:30:00,2023-12-07
911,2023-12-07 11:45:00,False,11:45:00,2023-12-07
912,2023-12-07 12:00:00,False,12:00:00,2023-12-07
913,2023-12-07 12:15:00,False,12:15:00,2023-12-07
914,2023-12-07 12:30:00,False,12:30:00,2023-12-07
915,2023-12-07 12:45:00,False,12:45:00,2023-12-07
916,2023-12-07 13:00:00,False,13:00:00,2023-12-07
917,2023-12-07 13:15:00,False,13:15:00,2023-12-07
918,2023-12-07 13:30:00,False,13:30:00,2023-12-07
919,2023-12-07 13:45:00,False,13:45:00,2023-12-07
920,2023-12-07 14:00:00,False,14:00:00,2023-12-07
921,2023-12-07 14:15:00,False,14:15:00,2023-12-07
922,2023-12-07 14:30:00,False,14:30:00,2023-12-07
923,2023-12-07 14:45:00,False,14:45:00,2023-12-07
924,2023-12-07 15:00:00,False,15:00:00,2023-12-07
925,2023-12-07 15:15:00,False,15:15:00,2023-12-07
926,2023-12-07 15:30:00,False,15:30:00,2023-12-07
927,2023-12-07 15:45:00,False,15:45:00,2023-12-07
928,2023-12-07 16:00:00,False,16:00:00,2023-12-07
929,2023-12-07 16:15:00,False,16:15:00,2023-12-07
930,2023-12-07 16:30:00,False,16:30:00,2023-12-07
931,2023-12-07 16:45:00,False,16:45:00,2023-12-07
932,2023-12-07 17:00:00,False,17:00:00,2023-12-07
933,2023-12-07 17:15:00,False,17:15:00,2023-12-07
934,2023-12-07 17:30:00,False,17:30:00,2023-12-07
935,2023-12-07 17:45:00,False,17:45:00,2023-12-07
936,2023-12-07 18:00:00,False,18:00:00,2023-12-07
937,2023-12-07 18:15:00,False,18:15:00,2023-12-07
938,2023-12-07 18:30:00,False,18:30:00,2023-12-07
939,2023-12-07 18:45:00,False,18:45:00,2023-12-07
940,2023-12-07 19:00:00,False,19:00:00,2023-12-07
941,2023-12-07 19:15:00,False,19:15:00,2023-12-07
942,2023-12-07 19:30:00,False,19:30:00,2023-12-07
943,2023-12-07 19:45:00,False,19:45:00,2023-12-07
944,2023-12-07 20:00:00,False,20:00:00,2023-12-07
945,2023-12-07 20:15:00,False,20:15:00,2023-12-07
946,2023-12-07 20:30:00,False,20:30:00,2023-12-07
947,2023-12-07 20:45:00,False,20:45:00,2023-12-07
948,2023-12-07 21:00:00,False,21:00:00,2023-12-07
949,2023-12-07 21:15:00,False,21:15:00,2023-12-07
950,2023-12-07 21:30:00,False,21:30:00,2023-12-07
951,2023-12-07 21:45:00,False,21:45:00,2023-12-07
952,2023-12-07 22:00:00,False,22:00:00,2023-12-07
953,2023-12-07 22:15:00,False,22:15:00,2023-12-07
954,2023-12-07 22:30:00,False,22:30:00,2023-12-07
955,2023-12-07 22:45:00,False,22:45:00,2023-12-07
956,2023-12-07 23:00:00,False,23:00:00,2023-12-07
957,2023-12-07 23:15:00,False,23:15:00,2023-12-07
958,2023-12-07 23:30:00,False,23:30:00,2023-12-07
959,2023-12-07 23:45:00,False,23:45:00,2023-12-07
960,2023-12-08 00:00:00,False,00:00:00,2023-12-08
961,2023-12-08 00:15:00,False,00:15:00,2023-12-08
962,2023-12-08 00:30:00,False,00:30:00,2023-12-08
963,2023-12-08 00:45:00,False,00:45:00,2023-12-08
964,2023-12-08 01:00:00,False,01:00:00,2023-12-08
965,2023-12-08 01:15:00,False,01:15:00,2023-12-08
966,2023-12-08 01:30:00,False,01:30:00,2023-12-08
967,2023-12-08 01:45:00,False,01:45:00,2023-12-08
968,2023-12-08 02:00:00,False,02:00:00,2023-12-08
969,2023-12-08 02:15:00,False,02:15:00,2023-12-08
970,2023-12-08 02:30:00,False,02:30:00,2023-12-08
971,2023-12-08 02:45:00,False,02:45:00,2023-12-08
972,2023-12-08 03:00:00,False,03:00:00,2023-12-08
973,2023-12-08 03:15:00,False,03:15:00,2023-12-08
974,2023-12-08 03:30:00,False,03:30:00,2023-12-08
975,2023-12-08 03:45:00,False,03:45:00,2023-12-08
976,2023-12-08 04:00:00,False,04:00:00,2023-12-08
977,2023-12-08 04:15:00,False,04:15:00,2023-12-08
978,2023-12-08 04:30:00,False,04:30:00,2023-12-08
979,2023-12-08 04:45:00,False,04:45:00,2023-12-08
980,2023-12-08 05:00:00,False,05:00:00,2023-12-08
981,2023-12-08 05:15:00,False,05:15:00,2023-12-08
982,2023-12-08 05:30:00,False,05:30:00,2023-12-08
983,2023-12-08 05:45:00,False,05:45:00,2023-12-08
984,2023-12-08 06:00:00,False,06:00:00,2023-12-08
985,2023-12-08 06:15:00,False,06:15:00,2023-12-08
986,2023-12-08 06:30:00,False,06:30:00,2023-12-08
987,2023-12-08 06:45:00,False,06:45:00,2023-12-08
988,2023-12-08 07:00:00,False,07:00:00,2023-12-08
989,2023-12-08 07:15:00,False,07:15:00,2023-12-08
990,2023-12-08 07:30:00,False,07:30:00,2023-12-08
991,2023-12-08 07:45:00,False,07:45:00,2023-12-08
992,2023-12-08 08:00:00,False,08:00:00,2023-12-08
993,2023-12-08 08:15:00,False,08:15:00,2023-12-08
994,2023-12-08 08:30:00,False,08:30:00,2023-12-08
995,2023-12-08 08:45:00,False,08:45:00,2023-12-08
996,2023-12-08 09:00:00,False,09:00:00,2023-12-08
997,2023-12-08 09:15:00,False,09:15:00,2023-12-08
998,2023-12-08 09:30:00,False,09:30:00,2023-12-08
999,2023-12-08 09:45:00,False,09:45:00,2023-12-08
1000,2023-12-08 10:00:00,False,10:00:00,2023-12-08
1001,2023-12-08 10:15:00,False,10:15:00,2023-12-08
1002,2023-12-08 10:30:00,False,10:30:00,2023-12-08
1003,2023-12-08 10:45:00,False,10:45:00,2023-12-08
1004,2023-12-08 11:00:00,False,11:00:00,2023-12-08
1005,2023-12-08 11:15:00,False,11:15:00,2023-12-08
1006,2023-12-08 11:30:00,False,11:30:00,2023-12-08
1007,2023-12-08 11:45:00,False,11:45:00,2023-12-08
1008,2023-12-08 12:00:00,False,12:00:00,2023-12-08
1009,2023-12-08 12:15:00,False,12:15:00,2023-12-08
1010,2023-12-08 12:30:00,False,12:30:00,2023-12-08
1011,2023-12-08 12:45:00,False,12:45:00,2023-12-08
1012,2023-12-08 13:00:00,False,13:00:00,2023-12-08
1013,2023-12-08 13:15:00,False,13:15:00,2023-12-08
1014,2023-12-08 13:30:00,False,13:30:00,2023-12-08
1015,2023-12-08 13:45:00,False,13:45:00,2023-12-08
1016,2023-12-08 14:00:00,False,14:00:00,2023-12-08
1017,2023-12-08 14:15:00,False,14:15:00,2023-12-08
1018,2023-12-08 14:30:00,False,14:30:00,2023-12-08
1019,2023-12-08 14:45:00,False,14:45:00,2023-12-08
1020,2023-12-08 15:00:00,False,15:00:00,2023-12-08
1021,2023-12-08 15:15:00,False,15:15:00,2023-12-08
1022,2023-12-08 15:30:00,False,15:30:00,2023-12-08
1023,2023-12-08 15:45:00,False,15:45:00,2023-12-08
1024,2023-12-08 16:00:00,False,16:00:00,2023-12-08
1025,2023-12-08 16:15:00,False,16:15:00,2023-12-08
1026,2023-12-08 16:30:00,False,16:30:00,2023-12-08
1027,2023-12-08 16:45:00,False,16:45:00,2023-12-08
1028,2023-12-08 17:00:00,False,17:00:00,2023-12-08
1029,2023-12-08 17:15:00,False,17:15:00,2023-12-08
1030,2023-12-08 17:30:00,False,17:30:00,2023-12-08
1031,2023-12-08 17:45:00,False,17:45:00,2023-12-08
1032,2023-12-08 18:00:00,False,18:00:00,2023-12-08
1033,2023-12-08 18:15:00,False,18:15:00,2023-12-08
1034,2023-12-08 18:30:00,False,18:30:00,2023-12-08
1035,2023-12-08 18:45:00,False,18:45:00,2023-12-08
1036,2023-12-08 19:00:00,False,19:00:00,2023-12-08
1037,2023-12-08 19:15:00,False,19:15:00,2023-12-08
1038,2023-12-08 19:30:00,False,19:30:00,2023-12-08
1039,2023-12-08 19:45:00,False,19:45:00,2023-12-08
1040,2023-12-08 20:00:00,False,20:00:00,2023-12-08
1041,2023-12-08 20:15:00,False,20:15:00,2023-12-08
1042,2023-12-08 20:30:00,False,20:30:00,2023-12-08
1043,2023-12-08 20:45:00,False,20:45:00,2023-12-08
1044,2023-12-08 21:00:00,False,21:00:00,2023-12-08
1045,2023-12-08 21:15:00,False,21:15:00,2023-12-08
1046,2023-12-08 21:30:00,False,21:30:00,2023-12-08
1047,2023-12-08 21:45:00,False,21:45:00,2023-12-08
1048,2023-12-08 22:00:00,False,22:00:00,2023-12-08
1049,2023-12-08 22:15:00,False,22:15:00,2023-12-08
1050,2023-12-08 22:30:00,False,22:30:00,2023-12-08
1051,2023-12-08 22:45:00,False,22:45:00,2023-12-08
1052,2023-12-08 23:00:00,False,23:00:00,2023-12-08
1053,2023-12-08 23:15:00,False,23:15:00,2023-12-08
1054,2023-12-08 23:30:00,False,23:30:00,2023-12-08
1055,2023-12-08 23:45:00,False,23:45:00,2023-12-08
1056,2023-12-09 00:00:00,False,00:00:00,2023-12-09
1057,2023-12-09 00:15:00,False,00:15:00,2023-12-09
1058,2023-12-09 00:30:00,False,00:30:00,2023-12-09
1059,2023-12-09 00:45:00,False,00:45:00,2023-12-09
1060,2023-12-09 01:00:00,False,01:00:00,2023-12-09
1061,2023-12-09 01:15:00,False,01:15:00,2023-12-09
1062,2023-12-09 01:30:00,False,01:30:00,2023-12-09
1063,2023-12-09 01:45:00,False,01:45:00,2023-12-09
1064,2023-12-09 02:00:00,False,02:00:00,2023-12-09
1065,2023-12-09 02:15:00,False,02:15:00,2023-12-09
1066,2023-12-09 02:30:00,False,02:30:00,2023-12-09
1067,2023-12-09 02:45:00,False,02:45:00,2023-12-09
1068,2023-12-09 03:00:00,False,03:00:00,2023-12-09
1069,2023-12-09 03:15:00,False,03:15:00,2023-12-09
1070,2023-12-09 03:30:00,False,03:30:00,2023-12-09
1071,2023-12-09 03:45:00,False,03:45:00,2023-12-09
1072,2023-12-09 04:00:00,False,04:00:00,2023-12-09
1073,2023-12-09 04:15:00,False,04:15:00,2023-12-09
1074,2023-12-09 04:30:00,False,04:30:00,2023-12-09
1075,2023-12-09 04:45:00,False,04:45:00,2023-12-09
1076,2023-12-09 05:00:00,False,05:00:00,2023-12-09
1077,2023-12-09 05:15:00,False,05:15:00,2023-12-09
1078,2023-12-09 05:30:00,False,05:30:00,2023-12-09
1079,2023-12-09 05:45:00,False,05:45:00,2023-12-09
1080,2023-12-09 06:00:00,False,06:00:00,2023-12-09
1081,2023-12-09 06:15:00,False,06:15:00,2023-12-09
1082,2023-12-09 06:30:00,False,06:30:00,2023-12-09
1083,2023-12-09 06:45:00,False,06:45:00,2023-12-09
1084,2023-12-09 07:00:00,False,07:00:00,2023-12-09
1085,2023-12-09 07:15:00,False,07:15:00,2023-12-09
1086,2023-12-09 07:30:00,False,07:30:00,2023-12-09
1087,2023-12-09 07:45:00,False,07:45:00,2023-12-09
1088,2023-12-09 08:00:00,False,08:00:00,2023-12-09
1089,2023-12-09 08:15:00,False,08:15:00,2023-12-09
1090,2023-12-09 08:30:00,False,08:30:00,2023-12-09
1091,2023-12-09 08:45:00,False,08:45:00,2023-12-09
1092,2023-12-09 09:00:00,False,09:00:00,2023-12-09
1093,2023-12-09 09:15:00,False,09:15:00,2023-12-09
1094,2023-12-09 09:30:00,False,09:30:00,2023-12-09
1095,2023-12-09 09:45:00,False,09:45:00,2023-12-09
1096,2023-12-09 10:00:00,False,10:00:00,2023-12-09
1097,2023-12-09 10:15:00,False,10:15:00,2023-12-09
1098,2023-12-09 10:30:00,False,10:30:00,2023-12-09
1099,2023-12-09 10:45:00,False,10:45:00,2023-12-09
1100,2023-12-09 11:00:00,False,11:00:00,2023-12-09
1101,2023-12-09 11:15:00,False,11:15:00,2023-12-09
1102,2023-12-09 11:30:00,False,11:30:00,2023-12-09
1103,2023-12-09 11:45:00,False,11:45:00,2023-12-09
1104,2023-12-09 12:00:00,False,12:00:00,2023-12-09
1105,2023-12-09 12:15:00,False,12:15:00,2023-12-09
1106,2023-12-09 12:30:00,False,12:30:00,2023-12-09
1107,2023-12-09 12:45:00,False,12:45:00,2023-12-09
1108,2023-12-09 13:00:00,False,13:00:00,2023-12-09
1109,2023-12-09 13:15:00,False,13:15:00,2023-12-09
1110,2023-12-09 13:30:00,False,13:30:00,2023-12-09
1111,2023-12-09 13:45:00,False,13:45:00,2023-12-09
1112,2023-12-09 14:00:00,False,14:00:00,2023-12-09
1113,2023-12-09 14:15:00,False,14:15:00,2023-12-09
1114,2023-12-09 14:30:00,False,14:30:00,2023-12-09
1115,2023-12-09 14:45:00,False,14:45:00,2023-12-09
1116,2023-12-09 15:00:00,False,15:00:00,2023-12-09
1117,2023-12-09 15:15:00,False,15:15:00,2023-12-09
1118,2023-12-09 15:30:00,False,15:30:00,2023-12-09
1119,2023-12-09 15:45:00,False,15:45:00,2023-12-09
1120,2023-12-09 16:00:00,False,16:00:00,2023-12-09
1121,2023-12-09 16:15:00,False,16:15:00,2023-12-09
1122,2023-12-09 16:30:00,False,16:30:00,2023-12-09
1123,2023-12-09 16:45:00,False,16:45:00,2023-12-09
1124,2023-12-09 17:00:00,False,17:00:00,2023-12-09
1125,2023-12-09 17:15:00,False,17:15:00,2023-12-09
1126,2023-12-09 17:30:00,False,17:30:00,2023-12-09
1127,2023-12-09 17:45:00,False,17:45:00,2023-12-09
1128,2023-12-09 18:00:00,False,18:00:00,2023-12-09
1129,2023-12-09 18:15:00,False,18:15:00,2023-12-09
1130,2023-12-09 18:30:00,False,18:30:00,2023-12-09
1131,2023-12-09 18:45:00,False,18:45:00,2023-12-09
1132,2023-12-09 19:00:00,False,19:00:00,2023-12-09
1133,2023-12-09 19:15:00,False,19:15:00,2023-12-09
1134,2023-12-09 19:30:00,False,19:30:00,2023-12-09
1135,2023-12-09 19:45:00,False,19:45:00,2023-12-09
1136,2023-12-09 20:00:00,False,20:00:00,2023-12-09
1137,2023-12-09 20:15:00,False,20:15:00,2023-12-09
1138,2023-12-09 20:30:00,False,20:30:00,2023-12-09
1139,2023-12-09 20:45:00,False,20:45:00,2023-12-09
1140,2023-12-09 21:00:00,False,21:00:00,2023-12-09
1141,2023-12-09 21:15:00,False,21:15:00,2023-12-09
1142,2023-12-09 21:30:00,False,21:30:00,2023-12-09
1143,2023-12-09 21:45:00,False,21:45:00,2023-12-09
1144,2023-12-09 22:00:00,False,22:00:00,2023-12-09
1145,2023-12-09 22:15:00,False,22:15:00,2023-12-09
1146,2023-12-09 22:30:00,False,22:30:00,2023-12-09
1147,2023-12-09 22:45:00,False,22:45:00,2023-12-09
1148,2023-12-09 23:00:00,False,23:00:00,2023-12-09
1149,2023-12-09 23:15:00,False,23:15:00,2023-12-09
1150,2023-12-09 23:30:00,False,23:30:00,2023-12-09
1151,2023-12-09 23:45:00,False,23:45:00,2023-12-09
1152,2023-12-10 00:00:00,False,00:00:00,2023-12-10
1153,2023-12-10 00:15:00,False,00:15:00,2023-12-10
1154,2023-12-10 00:30:00,False,00:30:00,2023-12-10
1155,2023-12-10 00:45:00,False,00:45:00,2023-12-10
1156,2023-12-10 01:00:00,False,01:00:00,2023-12-10
1157,2023-12-10 01:15:00,False,01:15:00,2023-12-10
1158,2023-12-10 01:30:00,False,01:30:00,2023-12-10
1159,2023-12-10 01:45:00,False,01:45:00,2023-12-10
1160,2023-12-10 02:00:00,False,02:00:00,2023-12-10
1161,2023-12-10 02:15:00,False,02:15:00,2023-12-10
1162,2023-12-10 02:30:00,False,02:30:00,2023-12-10
1163,2023-12-10 02:45:00,False,02:45:00,2023-12-10
1164,2023-12-10 03:00:00,False,03:00:00,2023-12-10
1165,2023-12-10 03:15:00,False,03:15:00,2023-12-10
1166,2023-12-10 03:30:00,False,03:30:00,2023-12-10
1167,2023-12-10 03:45:00,False,03:45:00,2023-12-10
1168,2023-12-10 04:00:00,False,04:00:00,2023-12-10
1169,2023-12-10 04:15:00,False,04:15:00,2023-12-10
1170,2023-12-10 04:30:00,False,04:30:00,2023-12-10
1171,2023-12-10 04:45:00,False,04:45:00,2023-12-10
1172,2023-12-10 05:00:00,False,05:00:00,2023-12-10
1173,2023-12-10 05:15:00,False,05:15:00,2023-12-10
1174,2023-12-10 05:30:00,False,05:30:00,2023-12-10
1175,2023-12-10 05:45:00,False,05:45:00,2023-12-10
1176,2023-12-10 06:00:00,False,06:00:00,2023-12-10
1177,2023-12-10 06:15:00,False,06:15:00,2023-12-10
1178,2023-12-10 06:30:00,False,06:30:00,2023-12-10
1179,2023-12-10 06:45:00,False,06:45:00,2023-12-10
1180,2023-12-10 07:00:00,False,07:00:00,2023-12-10
1181,2023-12-10 07:15:00,False,07:15:00,2023-12-10
1182,2023-12-10 07:30:00,False,07:30:00,2023-12-10
1183,2023-12-10 07:45:00,False,07:45:00,2023-12-10
1184,2023-12-10 08:00:00,False,08:00:00,2023-12-10
1185,2023-12-10 08:15:00,False,08:15:00,2023-12-10
1186,2023-12-10 08:30:00,False,08:30:00,2023-12-10
1187,2023-12-10 08:45:00,False,08:45:00,2023-12-10
1188,2023-12-10 09:00:00,False,09:00:00,2023-12-10
1189,2023-12-10 09:15:00,False,09:15:00,2023-12-10
1190,2023-12-10 09:30:00,False,09:30:00,2023-12-10
1191,2023-12-10 09:45:00,False,09:45:00,2023-12-10
1192,2023-12-10 10:00:00,True,10:00:00,2023-12-10
1193,2023-12-10 10:15:00,True,10:15:00,2023-12-10
1194,2023-12-10 10:30:00,True,10:30:00,2023-12-10
1195,2023-12-10 10:45:00,False,10:45:00,2023-12-10
1196,2023-12-10 11:00:00,False,11:00:00,2023-12-10
1197,2023-12-10 11:15:00,False,11:15:00,2023-12-10
1198,2023-12-10 11:30:00,False,11:30:00,2023-12-10
1199,2023-12-10 11:45:00,False,11:45:00,2023-12-10
1200,2023-12-10 12:00:00,False,12:00:00,2023-12-10
1201,2023-12-10 12:15:00,False,12:15:00,2023-12-10
1202,2023-12-10 12:30:00,False,12:30:00,2023-12-10
1203,2023-12-10 12:45:00,False,12:45:00,2023-12-10
1204,2023-12-10 13:00:00,False,13:00:00,2023-12-10
1205,2023-12-10 13:15:00,False,13:15:00,2023-12-10
1206,2023-12-10 13:30:00,False,13:30:00,2023-12-10
1207,2023-12-10 13:45:00,False,13:45:00,2023-12-10
1208,2023-12-10 14:00:00,False,14:00:00,2023-12-10
1209,2023-12-10 14:15:00,False,14:15:00,2023-12-10
1210,2023-12-10 14:30:00,False,14:30:00,2023-12-10
1211,2023-12-10 14:45:00,False,14:45:00,2023-12-10
1212,2023-12-10 15:00:00,False,15:00:00,2023-12-10
1213,2023-12-10 15:15:00,False,15:15:00,2023-12-10
1214,2023-12-10 15:30:00,False,15:30:00,2023-12-10
1215,2023-12-10 15:45:00,False,15:45:00,2023-12-10
1216,2023-12-10 16:00:00,False,16:00:00,2023-12-10
1217,2023-12-10 16:15:00,False,16:15:00,2023-12-10
1218,2023-12-10 16:30:00,False,16:30:00,2023-12-10
1219,2023-12-10 16:45:00,False,16:45:00,2023-12-10
1220,2023-12-10 17:00:00,False,17:00:00,2023-12-10
1221,2023-12-10 17:15:00,False,17:15:00,2023-12-10
1222,2023-12-10 17:30:00,False,17:30:00,2023-12-10
1223,2023-12-10 17:45:00,False,17:45:00,2023-12-10
1224,2023-12-10 18:00:00,False,18:00:00,2023-12-10
1225,2023-12-10 18:15:00,False,18:15:00,2023-12-10
1226,2023-12-10 18:30:00,False,18:30:00,2023-12-10
1227,2023-12-10 18:45:00,False,18:45:00,2023-12-10
1228,2023-12-10 19:00:00,False,19:00:00,2023-12-10
1229,2023-12-10 19:15:00,False,19:15:00,2023-12-10
1230,2023-12-10 19:30:00,False,19:30:00,2023-12-10
1231,2023-12-10 19:45:00,False,19:45:00,2023-12-10
1232,2023-12-10 20:00:00,True,20:00:00,2023-12-10
1233,2023-12-10 20:15:00,True,20:15:00,2023-12-10
1234,2023-12-10 20:30:00,True,20:30:00,2023-12-10
1235,2023-12-10 20:45:00,True,20:45:00,2023-12-10
1236,2023-12-10 21:00:00,True,21:00:00,2023-12-10
1237,2023-12-10 21:15:00,False,21:15:00,2023-12-10
1238,2023-12-10 21:30:00,False,21:30:00,2023-12-10
1239,2023-12-10 21:45:00,False,21:45:00,2023-12-10
1240,2023-12-10 22:00:00,False,22:00:00,2023-12-10
1241,2023-12-10 22:15:00,False,22:15:00,2023-12-10
1242,2023-12-10 22:30:00,False,22:30:00,2023-12-10
1243,2023-12-10 22:45:00,False,22:45:00,2023-12-10
1244,2023-12-10 23:00:00,False,23:00:00,2023-12-10
1245,2023-12-10 23:15:00,False,23:15:00,2023-12-10
1246,2023-12-10 23:30:00,False,23:30:00,2023-12-10
1247,2023-12-10 23:45:00,False,23:45:00,2023-12-10
1248,2023-12-11 00:00:00,False,00:00:00,2023-12-11
1249,2023-12-11 00:15:00,False,00:15:00,2023-12-11
1250,2023-12-11 00:30:00,False,00:30:00,2023-12-11
1251,2023-12-11 00:45:00,False,00:45:00,2023-12-11
1252,2023-12-11 01:00:00,False,01:00:00,2023-12-11
1253,2023-12-11 01:15:00,False,01:15:00,2023-12-11
1254,2023-12-11 01:30:00,False,01:30:00,2023-12-11
1255,2023-12-11 01:45:00,False,01:45:00,2023-12-11
1256,2023-12-11 02:00:00,False,02:00:00,2023-12-11
1257,2023-12-11 02:15:00,False,02:15:00,2023-12-11
1258,2023-12-11 02:30:00,False,02:30:00,2023-12-11
1259,2023-12-11 02:45:00,False,02:45:00,2023-12-11
1260,2023-12-11 03:00:00,False,03:00:00,2023-12-11
1261,2023-12-11 03:15:00,False,03:15:00,2023-12-11
1262,2023-12-11 03:30:00,False,03:30:00,2023-12-11
1263,2023-12-11 03:45:00,False,03:45:00,2023-12-11
1264,2023-12-11 04:00:00,False,04:00:00,2023-12-11
1265,2023-12-11 04:15:00,False,04:15:00,2023-12-11
1266,2023-12-11 04:30:00,False,04:30:00,2023-12-11
1267,2023-12-11 04:45:00,False,04:45:00,2023-12-11
1268,2023-12-11 05:00:00,False,05:00:00,2023-12-11
1269,2023-12-11 05:15:00,False,05:15:00,2023-12-11
1270,2023-12-11 05:30:00,False,05:30:00,2023-12-11
1271,2023-12-11 05:45:00,False,05:45:00,2023-12-11
1272,2023-12-11 06:00:00,False,06:00:00,2023-12-11
1273,2023-12-11 06:15:00,False,06:15:00,2023-12-11
1274,2023-12-11 06:30:00,False,06:30:00,2023-12-11
1275,2023-12-11 06:45:00,False,06:45:00,2023-12-11
1276,2023-12-11 07:00:00,False,07:00:00,2023-12-11
1277,2023-12-11 07:15:00,False,07:15:00,2023-12-11
1278,2023-12-11 07:30:00,False,07:30:00,2023-12-11
1279,2023-12-11 07:45:00,False,07:45:00,2023-12-11
1280,2023-12-11 08:00:00,False,08:00:00,2023-12-11
1281,2023-12-11 08:15:00,False,08:15:00,2023-12-11
1282,2023-12-11 08:30:00,False,08:30:00,2023-12-11
1283,2023-12-11 08:45:00,False,08:45:00,2023-12-11
1284,2023-12-11 09:00:00,False,09:00:00,2023-12-11
1285,2023-12-11 09:15:00,False,09:15:00,2023-12-11
1286,2023-12-11 09:30:00,False,09:30:00,2023-12-11
1287,2023-12-11 09:45:00,False,09:45:00,2023-12-11
1288,2023-12-11 10:00:00,False,10:00:00,2023-12-11
1289,2023-12-11 10:15:00,False,10:15:00,2023-12-11
1290,2023-12-11 10:30:00,False,10:30:00,2023-12-11
1291,2023-12-11 10:45:00,False,10:45:00,2023-12-11
1292,2023-12-11 11:00:00,False,11:00:00,2023-12-11
1293,2023-12-11 11:15:00,False,11:15:00,2023-12-11
1294,2023-12-11 11:30:00,False,11:30:00,2023-12-11
1295,2023-12-11 11:45:00,False,11:45:00,2023-12-11
1296,2023-12-11 12:00:00,False,12:00:00,2023-12-11
1297,2023-12-11 12:15:00,False,12:15:00,2023-12-11
1298,2023-12-11 12:30:00,False,12:30:00,2023-12-11
1299,2023-12-11 12:45:00,False,12:45:00,2023-12-11
1300,2023-12-11 13:00:00,False,13:00:00,2023-12-11
1301,2023-12-11 13:15:00,False,13:15:00,2023-12-11
1302,2023-12-11 13:30:00,False,13:30:00,2023-12-11
1303,2023-12-11 13:45:00,False,13:45:00,2023-12-11
1304,2023-12-11 14:00:00,False,14:00:00,2023-12-11
1305,2023-12-11 14:15:00,False,14:15:00,2023-12-11
1306,2023-12-11 14:30:00,False,14:30:00,2023-12-11
1307,2023-12-11 14:45:00,False,14:45:00,2023-12-11
1308,2023-12-11 15:00:00,False,15:00:00,2023-12-11
1309,2023-12-11 15:15:00,False,15:15:00,2023-12-11
1310,2023-12-11 15:30:00,False,15:30:00,2023-12-11
1311,2023-12-11 15:45:00,False,15:45:00,2023-12-11
1312,2023-12-11 16:00:00,False,16:00:00,2023-12-11
1313,2023-12-11 16:15:00,False,16:15:00,2023-12-11
1314,2023-12-11 16:30:00,False,16:30:00,2023-12-11
1315,2023-12-11 16:45:00,False,16:45:00,2023-12-11
1316,2023-12-11 17:00:00,False,17:00:00,2023-12-11
1317,2023-12-11 17:15:00,False,17:15:00,2023-12-11
1318,2023-12-11 17:30:00,False,17:30:00,2023-12-11
1319,2023-12-11 17:45:00,False,17:45:00,2023-12-11
1320,2023-12-11 18:00:00,False,18:00:00,2023-12-11
1321,2023-12-11 18:15:00,False,18:15:00,2023-12-11
1322,2023-12-11 18:30:00,False,18:30:00,2023-12-11
1323,2023-12-11 18:45:00,False,18:45:00,2023-12-11
1324,2023-12-11 19:00:00,False,19:00:00,2023-12-11
1325,2023-12-11 19:15:00,False,19:15:00,2023-12-11
1326,2023-12-11 19:30:00,False,19:30:00,2023-12-11
1327,2023-12-11 19:45:00,False,19:45:00,2023-12-11
1328,2023-12-11 20:00:00,False,20:00:00,2023-12-11
1329,2023-12-11 20:15:00,False,20:15:00,2023-12-11
1330,2023-12-11 20:30:00,False,20:30:00,2023-12-11
1331,2023-12-11 20:45:00,False,20:45:00,2023-12-11
1332,2023-12-11 21:00:00,False,21:00:00,2023-12-11
1333,2023-12-11 21:15:00,False,21:15:00,2023-12-11
1334,2023-12-11 21:30:00,False,21:30:00,2023-12-11
1335,2023-12-11 21:45:00,False,21:45:00,2023-12-11
1336,2023-12-11 22:00:00,False,22:00:00,2023-12-11
1337,2023-12-11 22:15:00,False,22:15:00,2023-12-11
1338,2023-12-11 22:30:00,False,22:30:00,2023-12-11
1339,2023-12-11 22:45:00,False,22:45:00,2023-12-11
1340,2023-12-11 23:00:00,False,23:00:00,2023-12-11
1341,2023-12-11 23:15:00,False,23:15:00,2023-12-11
1342,2023-12-11 23:30:00,False,23:30:00,2023-12-11
1343,2023-12-11 23:45:00,False,23:45:00,2023-12-11
1344,2023-12-12 00:00:00,False,00:00:00,2023-12-12
1345,2023-12-12 00:15:00,False,00:15:00,2023-12-12
1346,2023-12-12 00:30:00,False,00:30:00,2023-12-12
1347,2023-12-12 00:45:00,False,00:45:00,2023-12-12
1348,2023-12-12 01:00:00,False,01:00:00,2023-12-12
1349,2023-12-12 01:15:00,False,01:15:00,2023-12-12
1350,2023-12-12 01:30:00,False,01:30:00,2023-12-12
1351,2023-12-12 01:45:00,False,01:45:00,2023-12-12
1352,2023-12-12 02:00:00,False,02:00:00,2023-12-12
1353,2023-12-12 02:15:00,False,02:15:00,2023-12-12
1354,2023-12-12 02:30:00,False,02:30:00,2023-12-12
1355,2023-12-12 02:45:00,False,02:45:00,2023-12-12
1356,2023-12-12 03:00:00,False,03:00:00,2023-12-12
1357,2023-12-12 03:15:00,False,03:15:00,2023-12-12
1358,2023-12-12 03:30:00,False,03:30:00,2023-12-12
1359,2023-12-12 03:45:00,False,03:45:00,2023-12-12
1360,2023-12-12 04:00:00,False,04:00:00,2023-12-12
1361,2023-12-12 04:15:00,False,04:15:00,2023-12-12
1362,2023-12-12 04:30:00,False,04:30:00,2023-12-12
1363,2023-12-12 04:45:00,False,04:45:00,2023-12-12
1364,2023-12-12 05:00:00,False,05:00:00,2023-12-12
1365,2023-12-12 05:15:00,False,05:15:00,2023-12-12
1366,2023-12-12 05:30:00,False,05:30:00,2023-12-12
1367,2023-12-12 05:45:00,False,05:45:00,2023-12-12
1368,2023-12-12 06:00:00,False,06:00:00,2023-12-12
1369,2023-12-12 06:15:00,False,06:15:00,2023-12-12
1370,2023-12-12 06:30:00,False,06:30:00,2023-12-12
1371,2023-12-12 06:45:00,False,06:45:00,2023-12-12
1372,2023-12-12 07:00:00,False,07:00:00,2023-12-12
1373,2023-12-12 07:15:00,False,07:15:00,2023-12-12
1374,2023-12-12 07:30:00,False,07:30:00,2023-12-12
1375,2023-12-12 07:45:00,False,07:45:00,2023-12-12
1376,2023-12-12 08:00:00,False,08:00:00,2023-12-12
1377,2023-12-12 08:15:00,False,08:15:00,2023-12-12
1378,2023-12-12 08:30:00,False,08:30:00,2023-12-12
1379,2023-12-12 08:45:00,False,08:45:00,2023-12-12
1380,2023-12-12 09:00:00,False,09:00:00,2023-12-12
1381,2023-12-12 09:15:00,False,09:15:00,2023-12-12
1382,2023-12-12 09:30:00,True,09:30:00,2023-12-12
1383,2023-12-12 09:45:00,False,09:45:00,2023-12-12
1384,2023-12-12 10:00:00,False,10:00:00,2023-12-12
1385,2023-12-12 10:15:00,False,10:15:00,2023-12-12
1386,2023-12-12 10:30:00,False,10:30:00,2023-12-12
1387,2023-12-12 10:45:00,False,10:45:00,2023-12-12
1388,2023-12-12 11:00:00,False,11:00:00,2023-12-12
1389,2023-12-12 11:15:00,False,11:15:00,2023-12-12
1390,2023-12-12 11:30:00,False,11:30:00,2023-12-12
1391,2023-12-12 11:45:00,False,11:45:00,2023-12-12
1392,2023-12-12 12:00:00,False,12:00:00,2023-12-12
1393,2023-12-12 12:15:00,False,12:15:00,2023-12-12
1394,2023-12-12 12:30:00,False,12:30:00,2023-12-12
1395,2023-12-12 12:45:00,False,12:45:00,2023-12-12
1396,2023-12-12 13:00:00,False,13:00:00,2023-12-12
1397,2023-12-12 13:15:00,False,13:15:00,2023-12-12
1398,2023-12-12 13:30:00,False,13:30:00,2023-12-12
1399,2023-12-12 13:45:00,False,13:45:00,2023-12-12
1400,2023-12-12 14:00:00,False,14:00:00,2023-12-12
1401,2023-12-12 14:15:00,False,14:15:00,2023-12-12
1402,2023-12-12 14:30:00,False,14:30:00,2023-12-12
1403,2023-12-12 14:45:00,False,14:45:00,2023-12-12
1404,2023-12-12 15:00:00,False,15:00:00,2023-12-12
1405,2023-12-12 15:15:00,False,15:15:00,2023-12-12
1406,2023-12-12 15:30:00,False,15:30:00,2023-12-12
1407,2023-12-12 15:45:00,False,15:45:00,2023-12-12
1408,2023-12-12 16:00:00,False,16:00:00,2023-12-12
1409,2023-12-12 16:15:00,False,16:15:00,2023-12-12
1410,2023-12-12 16:30:00,False,16:30:00,2023-12-12
1411,2023-12-12 16:45:00,False,16:45:00,2023-12-12
1412,2023-12-12 17:00:00,False,17:00:00,2023-12-12
1413,2023-12-12 17:15:00,False,17:15:00,2023-12-12
1414,2023-12-12 17:30:00,False,17:30:00,2023-12-12
1415,2023-12-12 17:45:00,False,17:45:00,2023-12-12
1416,2023-12-12 18:00:00,False,18:00:00,2023-12-12
1417,2023-12-12 18:15:00,False,18:15:00,2023-12-12
1418,2023-12-12 18:30:00,False,18:30:00,2023-12-12
1419,2023-12-12 18:45:00,False,18:45:00,2023-12-12
1420,2023-12-12 19:00:00,False,19:00:00,2023-12-12
1421,2023-12-12 19:15:00,False,19:15:00,2023-12-12
1422,2023-12-12 19:30:00,False,19:30:00,2023-12-12
1423,2023-12-12 19:45:00,False,19:45:00,2023-12-12
1424,2023-12-12 20:00:00,False,20:00:00,2023-12-12
1425,2023-12-12 20:15:00,False,20:15:00,2023-12-12
1426,2023-12-12 20:30:00,False,20:30:00,2023-12-12
1427,2023-12-12 20:45:00,False,20:45:00,2023-12-12
1428,2023-12-12 21:00:00,False,21:00:00,2023-12-12
1429,2023-12-12 21:15:00,False,21:15:00,2023-12-12
1430,2023-12-12 21:30:00,False,21:30:00,2023-12-12
1431,2023-12-12 21:45:00,False,21:45:00,2023-12-12
1432,2023-12-12 22:00:00,False,22:00:00,2023-12-12
1433,2023-12-12 22:15:00,False,22:15:00,2023-12-12
1434,2023-12-12 22:30:00,False,22:30:00,2023-12-12
1435,2023-12-12 22:45:00,False,22:45:00,2023-12-12
1436,2023-12-12 23:00:00,False,23:00:00,2023-12-12
1437,2023-12-12 23:15:00,False,23:15:00,2023-12-12
1438,2023-12-12 23:30:00,False,23:30:00,2023-12-12
1439,2023-12-12 23:45:00,False,23:45:00,2023-12-12
1440,2023-12-13 00:00:00,False,00:00:00,2023-12-13
1441,2023-12-13 00:15:00,False,00:15:00,2023-12-13
1442,2023-12-13 00:30:00,False,00:30:00,2023-12-13
1443,2023-12-13 00:45:00,False,00:45:00,2023-12-13
1444,2023-12-13 01:00:00,False,01:00:00,2023-12-13
1445,2023-12-13 01:15:00,False,01:15:00,2023-12-13
1446,2023-12-13 01:30:00,False,01:30:00,2023-12-13
1447,2023-12-13 01:45:00,False,01:45:00,2023-12-13
1448,2023-12-13 02:00:00,False,02:00:00,2023-12-13
1449,2023-12-13 02:15:00,False,02:15:00,2023-12-13
1450,2023-12-13 02:30:00,False,02:30:00,2023-12-13
1451,2023-12-13 02:45:00,False,02:45:00,2023-12-13
1452,2023-12-13 03:00:00,False,03:00:00,2023-12-13
1453,2023-12-13 03:15:00,False,03:15:00,2023-12-13
1454,2023-12-13 03:30:00,False,03:30:00,2023-12-13
1455,2023-12-13 03:45:00,False,03:45:00,2023-12-13
1456,2023-12-13 04:00:00,False,04:00:00,2023-12-13
1457,2023-12-13 04:15:00,False,04:15:00,2023-12-13
1458,2023-12-13 04:30:00,False,04:30:00,2023-12-13
1459,2023-12-13 04:45:00,False,04:45:00,2023-12-13
1460,2023-12-13 05:00:00,False,05:00:00,2023-12-13
1461,2023-12-13 05:15:00,False,05:15:00,2023-12-13
1462,2023-12-13 05:30:00,False,05:30:00,2023-12-13
1463,2023-12-13 05:45:00,False,05:45:00,2023-12-13
1464,2023-12-13 06:00:00,False,06:00:00,2023-12-13
1465,2023-12-13 06:15:00,False,06:15:00,2023-12-13
1466,2023-12-13 06:30:00,False,06:30:00,2023-12-13
1467,2023-12-13 06:45:00,False,06:45:00,2023-12-13
1468,2023-12-13 07:00:00,False,07:00:00,2023-12-13
1469,2023-12-13 07:15:00,False,07:15:00,2023-12-13
1470,2023-12-13 07:30:00,False,07:30:00,2023-12-13
1471,2023-12-13 07:45:00,False,07:45:00,2023-12-13
1472,2023-12-13 08:00:00,False,08:00:00,2023-12-13
1473,2023-12-13 08:15:00,False,08:15:00,2023-12-13
1474,2023-12-13 08:30:00,False,08:30:00,2023-12-13
1475,2023-12-13 08:45:00,False,08:45:00,2023-12-13
1476,2023-12-13 09:00:00,False,09:00:00,2023-12-13
1477,2023-12-13 09:15:00,False,09:15:00,2023-12-13
1478,2023-12-13 09:30:00,False,09:30:00,2023-12-13
1479,2023-12-13 09:45:00,False,09:45:00,2023-12-13
1480,2023-12-13 10:00:00,False,10:00:00,2023-12-13
1481,2023-12-13 10:15:00,False,10:15:00,2023-12-13
1482,2023-12-13 10:30:00,False,10:30:00,2023-12-13
1483,2023-12-13 10:45:00,False,10:45:00,2023-12-13
1484,2023-12-13 11:00:00,False,11:00:00,2023-12-13
1485,2023-12-13 11:15:00,False,11:15:00,2023-12-13
1486,2023-12-13 11:30:00,False,11:30:00,2023-12-13
1487,2023-12-13 11:45:00,False,11:45:00,2023-12-13
1488,2023-12-13 12:00:00,False,12:00:00,2023-12-13
1489,2023-12-13 12:15:00,False,12:15:00,2023-12-13
1490,2023-12-13 12:30:00,False,12:30:00,2023-12-13
1491,2023-12-13 12:45:00,False,12:45:00,2023-12-13
1492,2023-12-13 13:00:00,False,13:00:00,2023-12-13
1493,2023-12-13 13:15:00,False,13:15:00,2023-12-13
1494,2023-12-13 13:30:00,False,13:30:00,2023-12-13
1495,2023-12-13 13:45:00,False,13:45:00,2023-12-13
1496,2023-12-13 14:00:00,False,14:00:00,2023-12-13
1497,2023-12-13 14:15:00,False,14:15:00,2023-12-13
1498,2023-12-13 14:30:00,False,14:30:00,2023-12-13
1499,2023-12-13 14:45:00,False,14:45:00,2023-12-13
1500,2023-12-13 15:00:00,False,15:00:00,2023-12-13
1501,2023-12-13 15:15:00,False,15:15:00,2023-12-13
1502,2023-12-13 15:30:00,False,15:30:00,2023-12-13
1503,2023-12-13 15:45:00,False,15:45:00,2023-12-13
1504,2023-12-13 16:00:00,False,16:00:00,2023-12-13
1505,2023-12-13 16:15:00,False,16:15:00,2023-12-13
1506,2023-12-13 16:30:00,False,16:30:00,2023-12-13
1507,2023-12-13 16:45:00,False,16:45:00,2023-12-13
1508,2023-12-13 17:00:00,False,17:00:00,2023-12-13
1509,2023-12-13 17:15:00,False,17:15:00,2023-12-13
1510,2023-12-13 17:30:00,False,17:30:00,2023-12-13
1511,2023-12-13 17:45:00,False,17:45:00,2023-12-13
1512,2023-12-13 18:00:00,False,18:00:00,2023-12-13
1513,2023-12-13 18:15:00,False,18:15:00,2023-12-13
1514,2023-12-13 18:30:00,False,18:30:00,2023-12-13
1515,2023-12-13 18:45:00,False,18:45:00,2023-12-13
1516,2023-12-13 19:00:00,False,19:00:00,2023-12-13
1517,2023-12-13 19:15:00,False,19:15:00,2023-12-13
1518,2023-12-13 19:30:00,False,19:30:00,2023-12-13
1519,2023-12-13 19:45:00,False,19:45:00,2023-12-13
1520,2023-12-13 20:00:00,False,20:00:00,2023-12-13
1521,2023-12-13 20:15:00,False,20:15:00,2023-12-13
1522,2023-12-13 20:30:00,False,20:30:00,2023-12-13
1523,2023-12-13 20:45:00,False,20:45:00,2023-12-13
1524,2023-12-13 21:00:00,False,21:00:00,2023-12-13
1525,2023-12-13 21:15:00,False,21:15:00,2023-12-13
1526,2023-12-13 21:30:00,False,21:30:00,2023-12-13
1527,2023-12-13 21:45:00,False,21:45:00,2023-12-13
1528,2023-12-13 22:00:00,False,22:00:00,2023-12-13
1529,2023-12-13 22:15:00,False,22:15:00,2023-12-13
1530,2023-12-13 22:30:00,False,22:30:00,2023-12-13
1531,2023-12-13 22:45:00,False,22:45:00,2023-12-13
1532,2023-12-13 23:00:00,False,23:00:00,2023-12-13
1533,2023-12-13 23:15:00,False,23:15:00,2023-12-13
1534,2023-12-13 23:30:00,False,23:30:00,2023-12-13
1535,2023-12-13 23:45:00,False,23:45:00,2023-12-13
1536,2023-12-14 00:00:00,False,00:00:00,2023-12-14
1537,2023-12-14 00:15:00,False,00:15:00,2023-12-14
1538,2023-12-14 00:30:00,False,00:30:00,2023-12-14
1539,2023-12-14 00:45:00,False,00:45:00,2023-12-14
1540,2023-12-14 01:00:00,False,01:00:00,2023-12-14
1541,2023-12-14 01:15:00,False,01:15:00,2023-12-14
1542,2023-12-14 01:30:00,False,01:30:00,2023-12-14
1543,2023-12-14 01:45:00,False,01:45:00,2023-12-14
1544,2023-12-14 02:00:00,False,02:00:00,2023-12-14
1545,2023-12-14 02:15:00,False,02:15:00,2023-12-14
1546,2023-12-14 02:30:00,False,02:30:00,2023-12-14
1547,2023-12-14 02:45:00,False,02:45:00,2023-12-14
1548,2023-12-14 03:00:00,False,03:00:00,2023-12-14
1549,2023-12-14 03:15:00,False,03:15:00,2023-12-14
1550,2023-12-14 03:30:00,False,03:30:00,2023-12-14
1551,2023-12-14 03:45:00,False,03:45:00,2023-12-14
1552,2023-12-14 04:00:00,False,04:00:00,2023-12-14
1553,2023-12-14 04:15:00,False,04:15:00,2023-12-14
1554,2023-12-14 04:30:00,False,04:30:00,2023-12-14
1555,2023-12-14 04:45:00,False,04:45:00,2023-12-14
1556,2023-12-14 05:00:00,False,05:00:00,2023-12-14
1557,2023-12-14 05:15:00,False,05:15:00,2023-12-14
1558,2023-12-14 05:30:00,False,05:30:00,2023-12-14
1559,2023-12-14 05:45:00,False,05:45:00,2023-12-14
1560,2023-12-14 06:00:00,False,06:00:00,2023-12-14
1561,2023-12-14 06:15:00,False,06:15:00,2023-12-14
1562,2023-12-14 06:30:00,False,06:30:00,2023-12-14
1563,2023-12-14 06:45:00,False,06:45:00,2023-12-14
1564,2023-12-14 07:00:00,False,07:00:00,2023-12-14
1565,2023-12-14 07:15:00,False,07:15:00,2023-12-14
1566,2023-12-14 07:30:00,False,07:30:00,2023-12-14
1567,2023-12-14 07:45:00,False,07:45:00,2023-12-14
1568,2023-12-14 08:00:00,False,08:00:00,2023-12-14
1569,2023-12-14 08:15:00,False,08:15:00,2023-12-14
1570,2023-12-14 08:30:00,False,08:30:00,2023-12-14
1571,2023-12-14 08:45:00,False,08:45:00,2023-12-14
1572,2023-12-14 09:00:00,False,09:00:00,2023-12-14
1573,2023-12-14 09:15:00,False,09:15:00,2023-12-14
1574,2023-12-14 09:30:00,False,09:30:00,2023-12-14
1575,2023-12-14 09:45:00,False,09:45:00,2023-12-14
1576,2023-12-14 10:00:00,False,10:00:00,2023-12-14
1577,2023-12-14 10:15:00,False,10:15:00,2023-12-14
1578,2023-12-14 10:30:00,False,10:30:00,2023-12-14
1579,2023-12-14 10:45:00,False,10:45:00,2023-12-14
1580,2023-12-14 11:00:00,False,11:00:00,2023-12-14
1581,2023-12-14 11:15:00,False,11:15:00,2023-12-14
1582,2023-12-14 11:30:00,False,11:30:00,2023-12-14
1583,2023-12-14 11:45:00,False,11:45:00,2023-12-14
1584,2023-12-14 12:00:00,False,12:00:00,2023-12-14
1585,2023-12-14 12:15:00,False,12:15:00,2023-12-14
1586,2023-12-14 12:30:00,False,12:30:00,2023-12-14
1587,2023-12-14 12:45:00,False,12:45:00,2023-12-14
1588,2023-12-14 13:00:00,False,13:00:00,2023-12-14
1589,2023-12-14 13:15:00,False,13:15:00,2023-12-14
1590,2023-12-14 13:30:00,False,13:30:00,2023-12-14
1591,2023-12-14 13:45:00,False,13:45:00,2023-12-14
1592,2023-12-14 14:00:00,False,14:00:00,2023-12-14
1593,2023-12-14 14:15:00,False,14:15:00,2023-12-14
1594,2023-12-14 14:30:00,False,14:30:00,2023-12-14
1595,2023-12-14 14:45:00,False,14:45:00,2023-12-14
1596,2023-12-14 15:00:00,False,15:00:00,2023-12-14
1597,2023-12-14 15:15:00,False,15:15:00,2023-12-14
1598,2023-12-14 15:30:00,False,15:30:00,2023-12-14
1599,2023-12-14 15:45:00,False,15:45:00,2023-12-14
1600,2023-12-14 16:00:00,False,16:00:00,2023-12-14
1601,2023-12-14 16:15:00,False,16:15:00,2023-12-14
1602,2023-12-14 16:30:00,False,16:30:00,2023-12-14
1603,2023-12-14 16:45:00,False,16:45:00,2023-12-14
1604,2023-12-14 17:00:00,False,17:00:00,2023-12-14
1605,2023-12-14 17:15:00,False,17:15:00,2023-12-14
1606,2023-12-14 17:30:00,False,17:30:00,2023-12-14
1607,2023-12-14 17:45:00,False,17:45:00,2023-12-14
1608,2023-12-14 18:00:00,False,18:00:00,2023-12-14
1609,2023-12-14 18:15:00,False,18:15:00,2023-12-14
1610,2023-12-14 18:30:00,False,18:30:00,2023-12-14
1611,2023-12-14 18:45:00,False,18:45:00,2023-12-14
1612,2023-12-14 19:00:00,False,19:00:00,2023-12-14
1613,2023-12-14 19:15:00,False,19:15:00,2023-12-14
1614,2023-12-14 19:30:00,True,19:30:00,2023-12-14
1615,2023-12-14 19:45:00,True,19:45:00,2023-12-14
1616,2023-12-14 20:00:00,False,20:00:00,2023-12-14
1617,2023-12-14 20:15:00,False,20:15:00,2023-12-14
1618,2023-12-14 20:30:00,False,20:30:00,2023-12-14
1619,2023-12-14 20:45:00,False,20:45:00,2023-12-14
1620,2023-12-14 21:00:00,False,21:00:00,2023-12-14
1621,2023-12-14 21:15:00,False,21:15:00,2023-12-14
1622,2023-12-14 21:30:00,False,21:30:00,2023-12-14
1623,2023-12-14 21:45:00,False,21:45:00,2023-12-14
1624,2023-12-14 22:00:00,False,22:00:00,2023-12-14
1625,2023-12-14 22:15:00,False,22:15:00,2023-12-14
1626,2023-12-14 22:30:00,False,22:30:00,2023-12-14
1627,2023-12-14 22:45:00,False,22:45:00,2023-12-14
1628,2023-12-14 23:00:00,False,23:00:00,2023-12-14
1629,2023-12-14 23:15:00,False,23:15:00,2023-12-14
1630,2023-12-14 23:30:00,False,23:30:00,2023-12-14
1631,2023-12-14 23:45:00,False,23:45:00,2023-12-14
1632,2023-12-15 00:00:00,False,00:00:00,2023-12-15
1633,2023-12-15 00:15:00,False,00:15:00,2023-12-15
1634,2023-12-15 00:30:00,False,00:30:00,2023-12-15
1635,2023-12-15 00:45:00,False,00:45:00,2023-12-15
1636,2023-12-15 01:00:00,False,01:00:00,2023-12-15
1637,2023-12-15 01:15:00,False,01:15:00,2023-12-15
1638,2023-12-15 01:30:00,False,01:30:00,2023-12-15
1639,2023-12-15 01:45:00,False,01:45:00,2023-12-15
1640,2023-12-15 02:00:00,False,02:00:00,2023-12-15
1641,2023-12-15 02:15:00,False,02:15:00,2023-12-15
1642,2023-12-15 02:30:00,False,02:30:00,2023-12-15
1643,2023-12-15 02:45:00,False,02:45:00,2023-12-15
1644,2023-12-15 03:00:00,False,03:00:00,2023-12-15
1645,2023-12-15 03:15:00,False,03:15:00,2023-12-15
1646,2023-12-15 03:30:00,False,03:30:00,2023-12-15
1647,2023-12-15 03:45:00,False,03:45:00,2023-12-15
1648,2023-12-15 04:00:00,False,04:00:00,2023-12-15
1649,2023-12-15 04:15:00,False,04:15:00,2023-12-15
1650,2023-12-15 04:30:00,False,04:30:00,2023-12-15
1651,2023-12-15 04:45:00,False,04:45:00,2023-12-15
1652,2023-12-15 05:00:00,False,05:00:00,2023-12-15
1653,2023-12-15 05:15:00,False,05:15:00,2023-12-15
1654,2023-12-15 05:30:00,False,05:30:00,2023-12-15
1655,2023-12-15 05:45:00,False,05:45:00,2023-12-15
1656,2023-12-15 06:00:00,False,06:00:00,2023-12-15
1657,2023-12-15 06:15:00,False,06:15:00,2023-12-15
1658,2023-12-15 06:30:00,False,06:30:00,2023-12-15
1659,2023-12-15 06:45:00,False,06:45:00,2023-12-15
1660,2023-12-15 07:00:00,False,07:00:00,2023-12-15
1661,2023-12-15 07:15:00,False,07:15:00,2023-12-15
1662,2023-12-15 07:30:00,False,07:30:00,2023-12-15
1663,2023-12-15 07:45:00,False,07:45:00,2023-12-15
1664,2023-12-15 08:00:00,False,08:00:00,2023-12-15
1665,2023-12-15 08:15:00,False,08:15:00,2023-12-15
1666,2023-12-15 08:30:00,False,08:30:00,2023-12-15
1667,2023-12-15 08:45:00,False,08:45:00,2023-12-15
1668,2023-12-15 09:00:00,False,09:00:00,2023-12-15
1669,2023-12-15 09:15:00,False,09:15:00,2023-12-15
1670,2023-12-15 09:30:00,False,09:30:00,2023-12-15
1671,2023-12-15 09:45:00,False,09:45:00,2023-12-15
1672,2023-12-15 10:00:00,False,10:00:00,2023-12-15
1673,2023-12-15 10:15:00,False,10:15:00,2023-12-15
1674,2023-12-15 10:30:00,False,10:30:00,2023-12-15
1675,2023-12-15 10:45:00,False,10:45:00,2023-12-15
1676,2023-12-15 11:00:00,False,11:00:00,2023-12-15
1677,2023-12-15 11:15:00,False,11:15:00,2023-12-15
1678,2023-12-15 11:30:00,False,11:30:00,2023-12-15
1679,2023-12-15 11:45:00,False,11:45:00,2023-12-15
1680,2023-12-15 12:00:00,False,12:00:00,2023-12-15
1681,2023-12-15 12:15:00,False,12:15:00,2023-12-15
1682,2023-12-15 12:30:00,False,12:30:00,2023-12-15
1683,2023-12-15 12:45:00,False,12:45:00,2023-12-15
1684,2023-12-15 13:00:00,False,13:00:00,2023-12-15
1685,2023-12-15 13:15:00,False,13:15:00,2023-12-15
1686,2023-12-15 13:30:00,False,13:30:00,2023-12-15
1687,2023-12-15 13:45:00,False,13:45:00,2023-12-15
1688,2023-12-15 14:00:00,False,14:00:00,2023-12-15
1689,2023-12-15 14:15:00,False,14:15:00,2023-12-15
1690,2023-12-15 14:30:00,False,14:30:00,2023-12-15
1691,2023-12-15 14:45:00,False,14:45:00,2023-12-15
1692,2023-12-15 15:00:00,False,15:00:00,2023-12-15
1693,2023-12-15 15:15:00,False,15:15:00,2023-12-15
1694,2023-12-15 15:30:00,False,15:30:00,2023-12-15
1695,2023-12-15 15:45:00,False,15:45:00,2023-12-15
1696,2023-12-15 16:00:00,False,16:00:00,2023-12-15
1697,2023-12-15 16:15:00,False,16:15:00,2023-12-15
1698,2023-12-15 16:30:00,False,16:30:00,2023-12-15
1699,2023-12-15 16:45:00,False,16:45:00,2023-12-15
1700,2023-12-15 17:00:00,False,17:00:00,2023-12-15
1701,2023-12-15 17:15:00,False,17:15:00,2023-12-15
1702,2023-12-15 17:30:00,False,17:30:00,2023-12-15
1703,2023-12-15 17:45:00,False,17:45:00,2023-12-15
1704,2023-12-15 18:00:00,False,18:00:00,2023-12-15
1705,2023-12-15 18:15:00,False,18:15:00,2023-12-15
1706,2023-12-15 18:30:00,False,18:30:00,2023-12-15
1707,2023-12-15 18:45:00,False,18:45:00,2023-12-15
1708,2023-12-15 19:00:00,False,19:00:00,2023-12-15
1709,2023-12-15 19:15:00,False,19:15:00,2023-12-15
1710,2023-12-15 19:30:00,False,19:30:00,2023-12-15
1711,2023-12-15 19:45:00,False,19:45:00,2023-12-15
1712,2023-12-15 20:00:00,False,20:00:00,2023-12-15
1713,2023-12-15 20:15:00,False,20:15:00,2023-12-15
1714,2023-12-15 20:30:00,False,20:30:00,2023-12-15
1715,2023-12-15 20:45:00,False,20:45:00,2023-12-15
1716,2023-12-15 21:00:00,False,21:00:00,2023-12-15
1717,2023-12-15 21:15:00,False,21:15:00,2023-12-15
1718,2023-12-15 21:30:00,False,21:30:00,2023-12-15
1719,2023-12-15 21:45:00,False,21:45:00,2023-12-15
1720,2023-12-15 22:00:00,False,22:00:00,2023-12-15
1721,2023-12-15 22:15:00,False,22:15:00,2023-12-15
1722,2023-12-15 22:30:00,False,22:30:00,2023-12-15
1723,2023-12-15 22:45:00,False,22:45:00,2023-12-15
1724,2023-12-15 23:00:00,False,23:00:00,2023-12-15
1725,2023-12-15 23:15:00,False,23:15:00,2023-12-15
1726,2023-12-15 23:30:00,False,23:30:00,2023-12-15
1727,2023-12-15 23:45:00,False,23:45:00,2023-12-15
1728,2023-12-16 00:00:00,False,00:00:00,2023-12-16
1729,2023-12-16 00:15:00,False,00:15:00,2023-12-16
1730,2023-12-16 00:30:00,False,00:30:00,2023-12-16
1731,2023-12-16 00:45:00,False,00:45:00,2023-12-16
1732,2023-12-16 01:00:00,False,01:00:00,2023-12-16
1733,2023-12-16 01:15:00,False,01:15:00,2023-12-16
1734,2023-12-16 01:30:00,False,01:30:00,2023-12-16
1735,2023-12-16 01:45:00,False,01:45:00,2023-12-16
1736,2023-12-16 02:00:00,False,02:00:00,2023-12-16
1737,2023-12-16 02:15:00,False,02:15:00,2023-12-16
1738,2023-12-16 02:30:00,False,02:30:00,2023-12-16
1739,2023-12-16 02:45:00,False,02:45:00,2023-12-16
1740,2023-12-16 03:00:00,False,03:00:00,2023-12-16
1741,2023-12-16 03:15:00,False,03:15:00,2023-12-16
1742,2023-12-16 03:30:00,False,03:30:00,2023-12-16
1743,2023-12-16 03:45:00,False,03:45:00,2023-12-16
1744,2023-12-16 04:00:00,False,04:00:00,2023-12-16
1745,2023-12-16 04:15:00,False,04:15:00,2023-12-16
1746,2023-12-16 04:30:00,False,04:30:00,2023-12-16
1747,2023-12-16 04:45:00,False,04:45:00,2023-12-16
1748,2023-12-16 05:00:00,False,05:00:00,2023-12-16
1749,2023-12-16 05:15:00,False,05:15:00,2023-12-16
1750,2023-12-16 05:30:00,False,05:30:00,2023-12-16
1751,2023-12-16 05:45:00,False,05:45:00,2023-12-16
1752,2023-12-16 06:00:00,False,06:00:00,2023-12-16
1753,2023-12-16 06:15:00,False,06:15:00,2023-12-16
1754,2023-12-16 06:30:00,False,06:30:00,2023-12-16
1755,2023-12-16 06:45:00,False,06:45:00,2023-12-16
1756,2023-12-16 07:00:00,False,07:00:00,2023-12-16
1757,2023-12-16 07:15:00,False,07:15:00,2023-12-16
1758,2023-12-16 07:30:00,False,07:30:00,2023-12-16
1759,2023-12-16 07:45:00,False,07:45:00,2023-12-16
1760,2023-12-16 08:00:00,False,08:00:00,2023-12-16
1761,2023-12-16 08:15:00,False,08:15:00,2023-12-16
1762,2023-12-16 08:30:00,False,08:30:00,2023-12-16
1763,2023-12-16 08:45:00,False,08:45:00,2023-12-16
1764,2023-12-16 09:00:00,False,09:00:00,2023-12-16
1765,2023-12-16 09:15:00,False,09:15:00,2023-12-16
1766,2023-12-16 09:30:00,False,09:30:00,2023-12-16
1767,2023-12-16 09:45:00,False,09:45:00,2023-12-16
1768,2023-12-16 10:00:00,False,10:00:00,2023-12-16
1769,2023-12-16 10:15:00,False,10:15:00,2023-12-16
1770,2023-12-16 10:30:00,False,10:30:00,2023-12-16
1771,2023-12-16 10:45:00,False,10:45:00,2023-12-16
1772,2023-12-16 11:00:00,False,11:00:00,2023-12-16
1773,2023-12-16 11:15:00,False,11:15:00,2023-12-16
1774,2023-12-16 11:30:00,False,11:30:00,2023-12-16
1775,2023-12-16 11:45:00,False,11:45:00,2023-12-16
1776,2023-12-16 12:00:00,False,12:00:00,2023-12-16
1777,2023-12-16 12:15:00,False,12:15:00,2023-12-16
1778,2023-12-16 12:30:00,False,12:30:00,2023-12-16
1779,2023-12-16 12:45:00,False,12:45:00,2023-12-16
1780,2023-12-16 13:00:00,False,13:00:00,2023-12-16
1781,2023-12-16 13:15:00,False,13:15:00,2023-12-16
1782,2023-12-16 13:30:00,False,13:30:00,2023-12-16
1783,2023-12-16 13:45:00,False,13:45:00,2023-12-16
1784,2023-12-16 14:00:00,False,14:00:00,2023-12-16
1785,2023-12-16 14:15:00,False,14:15:00,2023-12-16
1786,2023-12-16 14:30:00,False,14:30:00,2023-12-16
1787,2023-12-16 14:45:00,False,14:45:00,2023-12-16
1788,2023-12-16 15:00:00,False,15:00:00,2023-12-16
1789,2023-12-16 15:15:00,False,15:15:00,2023-12-16
1790,2023-12-16 15:30:00,False,15:30:00,2023-12-16
1791,2023-12-16 15:45:00,False,15:45:00,2023-12-16
1792,2023-12-16 16:00:00,False,16:00:00,2023-12-16
1793,2023-12-16 16:15:00,False,16:15:00,2023-12-16
1794,2023-12-16 16:30:00,False,16:30:00,2023-12-16
1795,2023-12-16 16:45:00,False,16:45:00,2023-12-16
1796,2023-12-16 17:00:00,False,17:00:00,2023-12-16
1797,2023-12-16 17:15:00,False,17:15:00,2023-12-16
1798,2023-12-16 17:30:00,False,17:30:00,2023-12-16
1799,2023-12-16 17:45:00,False,17:45:00,2023-12-16
1800,2023-12-16 18:00:00,False,18:00:00,2023-12-16
1801,2023-12-16 18:15:00,False,18:15:00,2023-12-16
1802,2023-12-16 18:30:00,False,18:30:00,2023-12-16
1803,2023-12-16 18:45:00,False,18:45:00,2023-12-16
1804,2023-12-16 19:00:00,False,19:00:00,2023-12-16
1805,2023-12-16 19:15:00,False,19:15:00,2023-12-16
1806,2023-12-16 19:30:00,False,19:30:00,2023-12-16
1807,2023-12-16 19:45:00,False,19:45:00,2023-12-16
1808,2023-12-16 20:00:00,False,20:00:00,2023-12-16
1809,2023-12-16 20:15:00,False,20:15:00,2023-12-16
1810,2023-12-16 20:30:00,False,20:30:00,2023-12-16
1811,2023-12-16 20:45:00,False,20:45:00,2023-12-16
1812,2023-12-16 21:00:00,False,21:00:00,2023-12-16
1813,2023-12-16 21:15:00,False,21:15:00,2023-12-16
1814,2023-12-16 21:30:00,False,21:30:00,2023-12-16
1815,2023-12-16 21:45:00,False,21:45:00,2023-12-16
1816,2023-12-16 22:00:00,False,22:00:00,2023-12-16
1817,2023-12-16 22:15:00,False,22:15:00,2023-12-16
1818,2023-12-16 22:30:00,False,22:30:00,2023-12-16
1819,2023-12-16 22:45:00,False,22:45:00,2023-12-16
1820,2023-12-16 23:00:00,False,23:00:00,2023-12-16
1821,2023-12-16 23:15:00,False,23:15:00,2023-12-16
1822,2023-12-16 23:30:00,False,23:30:00,2023-12-16
1823,2023-12-16 23:45:00,False,23:45:00,2023-12-16
1824,2023-12-17 00:00:00,False,00:00:00,2023-12-17
1825,2023-12-17 00:15:00,False,00:15:00,2023-12-17
1826,2023-12-17 00:30:00,False,00:30:00,2023-12-17
1827,2023-12-17 00:45:00,False,00:45:00,2023-12-17
1828,2023-12-17 01:00:00,False,01:00:00,2023-12-17
1829,2023-12-17 01:15:00,False,01:15:00,2023-12-17
1830,2023-12-17 01:30:00,False,01:30:00,2023-12-17
1831,2023-12-17 01:45:00,False,01:45:00,2023-12-17
1832,2023-12-17 02:00:00,False,02:00:00,2023-12-17
1833,2023-12-17 02:15:00,False,02:15:00,2023-12-17
1834,2023-12-17 02:30:00,False,02:30:00,2023-12-17
1835,2023-12-17 02:45:00,False,02:45:00,2023-12-17
1836,2023-12-17 03:00:00,False,03:00:00,2023-12-17
1837,2023-12-17 03:15:00,False,03:15:00,2023-12-17
1838,2023-12-17 03:30:00,False,03:30:00,2023-12-17
1839,2023-12-17 03:45:00,False,03:45:00,2023-12-17
1840,2023-12-17 04:00:00,False,04:00:00,2023-12-17
1841,2023-12-17 04:15:00,False,04:15:00,2023-12-17
1842,2023-12-17 04:30:00,False,04:30:00,2023-12-17
1843,2023-12-17 04:45:00,False,04:45:00,2023-12-17
1844,2023-12-17 05:00:00,False,05:00:00,2023-12-17
1845,2023-12-17 05:15:00,False,05:15:00,2023-12-17
1846,2023-12-17 05:30:00,False,05:30:00,2023-12-17
1847,2023-12-17 05:45:00,False,05:45:00,2023-12-17
1848,2023-12-17 06:00:00,False,06:00:00,2023-12-17
1849,2023-12-17 06:15:00,False,06:15:00,2023-12-17
1850,2023-12-17 06:30:00,False,06:30:00,2023-12-17
1851,2023-12-17 06:45:00,False,06:45:00,2023-12-17
1852,2023-12-17 07:00:00,False,07:00:00,2023-12-17
1853,2023-12-17 07:15:00,False,07:15:00,2023-12-17
1854,2023-12-17 07:30:00,False,07:30:00,2023-12-17
1855,2023-12-17 07:45:00,False,07:45:00,2023-12-17
1856,2023-12-17 08:00:00,False,08:00:00,2023-12-17
1857,2023-12-17 08:15:00,False,08:15:00,2023-12-17
1858,2023-12-17 08:30:00,False,08:30:00,2023-12-17
1859,2023-12-17 08:45:00,False,08:45:00,2023-12-17
1860,2023-12-17 09:00:00,False,09:00:00,2023-12-17
1861,2023-12-17 09:15:00,False,09:15:00,2023-12-17
1862,2023-12-17 09:30:00,False,09:30:00,2023-12-17
1863,2023-12-17 09:45:00,False,09:45:00,2023-12-17
1864,2023-12-17 10:00:00,False,10:00:00,2023-12-17
1865,2023-12-17 10:15:00,True,10:15:00,2023-12-17
1866,2023-12-17 10:30:00,True,10:30:00,2023-12-17
1867,2023-12-17 10:45:00,False,10:45:00,2023-12-17
1868,2023-12-17 11:00:00,False,11:00:00,2023-12-17
1869,2023-12-17 11:15:00,False,11:15:00,2023-12-17
1870,2023-12-17 11:30:00,False,11:30:00,2023-12-17
1871,2023-12-17 11:45:00,False,11:45:00,2023-12-17
1872,2023-12-17 12:00:00,False,12:00:00,2023-12-17
1873,2023-12-17 12:15:00,False,12:15:00,2023-12-17
1874,2023-12-17 12:30:00,False,12:30:00,2023-12-17
1875,2023-12-17 12:45:00,False,12:45:00,2023-12-17
1876,2023-12-17 13:00:00,False,13:00:00,2023-12-17
1877,2023-12-17 13:15:00,False,13:15:00,2023-12-17
1878,2023-12-17 13:30:00,False,13:30:00,2023-12-17
1879,2023-12-17 13:45:00,False,13:45:00,2023-12-17
1880,2023-12-17 14:00:00,False,14:00:00,2023-12-17
1881,2023-12-17 14:15:00,False,14:15:00,2023-12-17
1882,2023-12-17 14:30:00,False,14:30:00,2023-12-17
1883,2023-12-17 14:45:00,False,14:45:00,2023-12-17
1884,2023-12-17 15:00:00,False,15:00:00,2023-12-17
1885,2023-12-17 15:15:00,False,15:15:00,2023-12-17
1886,2023-12-17 15:30:00,False,15:30:00,2023-12-17
1887,2023-12-17 15:45:00,False,15:45:00,2023-12-17
1888,2023-12-17 16:00:00,False,16:00:00,2023-12-17
1889,2023-12-17 16:15:00,False,16:15:00,2023-12-17
1890,2023-12-17 16:30:00,False,16:30:00,2023-12-17
1891,2023-12-17 16:45:00,False,16:45:00,2023-12-17
1892,2023-12-17 17:00:00,False,17:00:00,2023-12-17
1893,2023-12-17 17:15:00,False,17:15:00,2023-12-17
1894,2023-12-17 17:30:00,False,17:30:00,2023-12-17
1895,2023-12-17 17:45:00,False,17:45:00,2023-12-17
1896,2023-12-17 18:00:00,False,18:00:00,2023-12-17
1897,2023-12-17 18:15:00,False,18:15:00,2023-12-17
1898,2023-12-17 18:30:00,False,18:30:00,2023-12-17
1899,2023-12-17 18:45:00,False,18:45:00,2023-12-17
1900,2023-12-17 19:00:00,False,19:00:00,2023-12-17
1901,2023-12-17 19:15:00,False,19:15:00,2023-12-17
1902,2023-12-17 19:30:00,False,19:30:00,2023-12-17
1903,2023-12-17 19:45:00,False,19:45:00,2023-12-17
1904,2023-12-17 20:00:00,False,20:00:00,2023-12-17
1905,2023-12-17 20:15:00,False,20:15:00,2023-12-17
1906,2023-12-17 20:30:00,False,20:30:00,2023-12-17
1907,2023-12-17 20:45:00,False,20:45:00,2023-12-17
1908,2023-12-17 21:00:00,False,21:00:00,2023-12-17
1909,2023-12-17 21:15:00,False,21:15:00,2023-12-17
1910,2023-12-17 21:30:00,False,21:30:00,2023-12-17
1911,2023-12-17 21:45:00,False,21:45:00,2023-12-17
1912,2023-12-17 22:00:00,False,22:00:00,2023-12-17
1913,2023-12-17 22:15:00,False,22:15:00,2023-12-17
1914,2023-12-17 22:30:00,False,22:30:00,2023-12-17
1915,2023-12-17 22:45:00,False,22:45:00,2023-12-17
1916,2023-12-17 23:00:00,False,23:00:00,2023-12-17
1917,2023-12-17 23:15:00,False,23:15:00,2023-12-17
1918,2023-12-17 23:30:00,False,23:30:00,2023-12-17
1919,2023-12-17 23:45:00,False,23:45:00,2023-12-17
1920,2023-12-18 00:00:00,False,00:00:00,2023-12-18
1921,2023-12-18 00:15:00,False,00:15:00,2023-12-18
1922,2023-12-18 00:30:00,False,00:30:00,2023-12-18
1923,2023-12-18 00:45:00,False,00:45:00,2023-12-18
1924,2023-12-18 01:00:00,False,01:00:00,2023-12-18
1925,2023-12-18 01:15:00,False,01:15:00,2023-12-18
1926,2023-12-18 01:30:00,False,01:30:00,2023-12-18
1927,2023-12-18 01:45:00,False,01:45:00,2023-12-18
1928,2023-12-18 02:00:00,False,02:00:00,2023-12-18
1929,2023-12-18 02:15:00,False,02:15:00,2023-12-18
1930,2023-12-18 02:30:00,False,02:30:00,2023-12-18
1931,2023-12-18 02:45:00,False,02:45:00,2023-12-18
1932,2023-12-18 03:00:00,False,03:00:00,2023-12-18
1933,2023-12-18 03:15:00,False,03:15:00,2023-12-18
1934,2023-12-18 03:30:00,False,03:30:00,2023-12-18
1935,2023-12-18 03:45:00,False,03:45:00,2023-12-18
1936,2023-12-18 04:00:00,False,04:00:00,2023-12-18
1937,2023-12-18 04:15:00,False,04:15:00,2023-12-18
1938,2023-12-18 04:30:00,False,04:30:00,2023-12-18
1939,2023-12-18 04:45:00,False,04:45:00,2023-12-18
1940,2023-12-18 05:00:00,False,05:00:00,2023-12-18
1941,2023-12-18 05:15:00,False,05:15:00,2023-12-18
1942,2023-12-18 05:30:00,False,05:30:00,2023-12-18
1943,2023-12-18 05:45:00,False,05:45:00,2023-12-18
1944,2023-12-18 06:00:00,False,06:00:00,2023-12-18
1945,2023-12-18 06:15:00,False,06:15:00,2023-12-18
1946,2023-12-18 06:30:00,False,06:30:00,2023-12-18
1947,2023-12-18 06:45:00,False,06:45:00,2023-12-18
1948,2023-12-18 07:00:00,False,07:00:00,2023-12-18
1949,2023-12-18 07:15:00,False,07:15:00,2023-12-18
1950,2023-12-18 07:30:00,False,07:30:00,2023-12-18
1951,2023-12-18 07:45:00,False,07:45:00,2023-12-18
1952,2023-12-18 08:00:00,False,08:00:00,2023-12-18
1953,2023-12-18 08:15:00,False,08:15:00,2023-12-18
1954,2023-12-18 08:30:00,False,08:30:00,2023-12-18
1955,2023-12-18 08:45:00,False,08:45:00,2023-12-18
1956,2023-12-18 09:00:00,False,09:00:00,2023-12-18
1957,2023-12-18 09:15:00,False,09:15:00,2023-12-18
1958,2023-12-18 09:30:00,True,09:30:00,2023-12-18
1959,2023-12-18 09:45:00,True,09:45:00,2023-12-18
1960,2023-12-18 10:00:00,True,10:00:00,2023-12-18
1961,2023-12-18 10:15:00,True,10:15:00,2023-12-18
1962,2023-12-18 10:30:00,True,10:30:00,2023-12-18
1963,2023-12-18 10:45:00,True,10:45:00,2023-12-18
1964,2023-12-18 11:00:00,True,11:00:00,2023-12-18
1965,2023-12-18 11:15:00,True,11:15:00,2023-12-18
1966,2023-12-18 11:30:00,True,11:30:00,2023-12-18
1967,2023-12-18 11:45:00,True,11:45:00,2023-12-18
1968,2023-12-18 12:00:00,True,12:00:00,2023-12-18
1969,2023-12-18 12:15:00,True,12:15:00,2023-12-18
1970,2023-12-18 12:30:00,True,12:30:00,2023-12-18
1971,2023-12-18 12:45:00,True,12:45:00,2023-12-18
1972,2023-12-18 13:00:00,True,13:00:00,2023-12-18
1973,2023-12-18 13:15:00,True,13:15:00,2023-12-18
1974,2023-12-18 13:30:00,True,13:30:00,2023-12-18
1975,2023-12-18 13:45:00,True,13:45:00,2023-12-18
1976,2023-12-18 14:00:00,True,14:00:00,2023-12-18
1977,2023-12-18 14:15:00,True,14:15:00,2023-12-18
1978,2023-12-18 14:30:00,True,14:30:00,2023-12-18
1979,2023-12-18 14:45:00,True,14:45:00,2023-12-18
1980,2023-12-18 15:00:00,True,15:00:00,2023-12-18
1981,2023-12-18 15:15:00,True,15:15:00,2023-12-18
1982,2023-12-18 15:30:00,False,15:30:00,2023-12-18
1983,2023-12-18 15:45:00,False,15:45:00,2023-12-18
1984,2023-12-18 16:00:00,False,16:00:00,2023-12-18
1985,2023-12-18 16:15:00,False,16:15:00,2023-12-18
1986,2023-12-18 16:30:00,False,16:30:00,2023-12-18
1987,2023-12-18 16:45:00,False,16:45:00,2023-12-18
1988,2023-12-18 17:00:00,False,17:00:00,2023-12-18
1989,2023-12-18 17:15:00,False,17:15:00,2023-12-18
1990,2023-12-18 17:30:00,False,17:30:00,2023-12-18
1991,2023-12-18 17:45:00,False,17:45:00,2023-12-18
1992,2023-12-18 18:00:00,False,18:00:00,2023-12-18
1993,2023-12-18 18:15:00,False,18:15:00,2023-12-18
1994,2023-12-18 18:30:00,False,18:30:00,2023-12-18
1995,2023-12-18 18:45:00,False,18:45:00,2023-12-18
1996,2023-12-18 19:00:00,False,19:00:00,2023-12-18
1997,2023-12-18 19:15:00,False,19:15:00,2023-12-18
1998,2023-12-18 19:30:00,False,19:30:00,2023-12-18
1999,2023-12-18 19:45:00,False,19:45:00,2023-12-18
2000,2023-12-18 20:00:00,False,20:00:00,2023-12-18
2001,2023-12-18 20:15:00,False,20:15:00,2023-12-18
2002,2023-12-18 20:30:00,False,20:30:00,2023-12-18
2003,2023-12-18 20:45:00,False,20:45:00,2023-12-18
2004,2023-12-18 21:00:00,False,21:00:00,2023-12-18
2005,2023-12-18 21:15:00,False,21:15:00,2023-12-18
2006,2023-12-18 21:30:00,False,21:30:00,2023-12-18
2007,2023-12-18 21:45:00,False,21:45:00,2023-12-18
2008,2023-12-18 22:00:00,False,22:00:00,2023-12-18
2009,2023-12-18 22:15:00,False,22:15:00,2023-12-18
2010,2023-12-18 22:30:00,False,22:30:00,2023-12-18
2011,2023-12-18 22:45:00,False,22:45:00,2023-12-18
2012,2023-12-18 23:00:00,False,23:00:00,2023-12-18
2013,2023-12-18 23:15:00,False,23:15:00,2023-12-18
2014,2023-12-18 23:30:00,False,23:30:00,2023-12-18
2015,2023-12-18 23:45:00,False,23:45:00,2023-12-18
2016,2023-12-19 00:00:00,False,00:00:00,2023-12-19
2017,2023-12-19 00:15:00,False,00:15:00,2023-12-19
2018,2023-12-19 00:30:00,False,00:30:00,2023-12-19
2019,2023-12-19 00:45:00,False,00:45:00,2023-12-19
2020,2023-12-19 01:00:00,False,01:00:00,2023-12-19
2021,2023-12-19 01:15:00,False,01:15:00,2023-12-19
2022,2023-12-19 01:30:00,False,01:30:00,2023-12-19
2023,2023-12-19 01:45:00,False,01:45:00,2023-12-19
2024,2023-12-19 02:00:00,False,02:00:00,2023-12-19
2025,2023-12-19 02:15:00,False,02:15:00,2023-12-19
2026,2023-12-19 02:30:00,False,02:30:00,2023-12-19
2027,2023-12-19 02:45:00,False,02:45:00,2023-12-19
2028,2023-12-19 03:00:00,False,03:00:00,2023-12-19
2029,2023-12-19 03:15:00,False,03:15:00,2023-12-19
2030,2023-12-19 03:30:00,False,03:30:00,2023-12-19
2031,2023-12-19 03:45:00,False,03:45:00,2023-12-19
2032,2023-12-19 04:00:00,False,04:00:00,2023-12-19
2033,2023-12-19 04:15:00,False,04:15:00,2023-12-19
2034,2023-12-19 04:30:00,False,04:30:00,2023-12-19
2035,2023-12-19 04:45:00,False,04:45:00,2023-12-19
2036,2023-12-19 05:00:00,False,05:00:00,2023-12-19
2037,2023-12-19 05:15:00,False,05:15:00,2023-12-19
2038,2023-12-19 05:30:00,False,05:30:00,2023-12-19
2039,2023-12-19 05:45:00,False,05:45:00,2023-12-19
2040,2023-12-19 06:00:00,False,06:00:00,2023-12-19
2041,2023-12-19 06:15:00,False,06:15:00,2023-12-19
2042,2023-12-19 06:30:00,False,06:30:00,2023-12-19
2043,2023-12-19 06:45:00,False,06:45:00,2023-12-19
2044,2023-12-19 07:00:00,False,07:00:00,2023-12-19
2045,2023-12-19 07:15:00,False,07:15:00,2023-12-19
2046,2023-12-19 07:30:00,False,07:30:00,2023-12-19
2047,2023-12-19 07:45:00,False,07:45:00,2023-12-19
2048,2023-12-19 08:00:00,False,08:00:00,2023-12-19
2049,2023-12-19 08:15:00,False,08:15:00,2023-12-19
2050,2023-12-19 08:30:00,False,08:30:00,2023-12-19
2051,2023-12-19 08:45:00,True,08:45:00,2023-12-19
2052,2023-12-19 09:00:00,False,09:00:00,2023-12-19
2053,2023-12-19 09:15:00,False,09:15:00,2023-12-19
2054,2023-12-19 09:30:00,False,09:30:00,2023-12-19
2055,2023-12-19 09:45:00,False,09:45:00,2023-12-19
2056,2023-12-19 10:00:00,False,10:00:00,2023-12-19
2057,2023-12-19 10:15:00,True,10:15:00,2023-12-19
2058,2023-12-19 10:30:00,True,10:30:00,2023-12-19
2059,2023-12-19 10:45:00,True,10:45:00,2023-12-19
2060,2023-12-19 11:00:00,True,11:00:00,2023-12-19
2061,2023-12-19 11:15:00,False,11:15:00,2023-12-19
2062,2023-12-19 11:30:00,False,11:30:00,2023-12-19
2063,2023-12-19 11:45:00,False,11:45:00,2023-12-19
2064,2023-12-19 12:00:00,False,12:00:00,2023-12-19
2065,2023-12-19 12:15:00,False,12:15:00,2023-12-19
2066,2023-12-19 12:30:00,False,12:30:00,2023-12-19
2067,2023-12-19 12:45:00,False,12:45:00,2023-12-19
2068,2023-12-19 13:00:00,False,13:00:00,2023-12-19
2069,2023-12-19 13:15:00,False,13:15:00,2023-12-19
2070,2023-12-19 13:30:00,False,13:30:00,2023-12-19
2071,2023-12-19 13:45:00,False,13:45:00,2023-12-19
2072,2023-12-19 14:00:00,False,14:00:00,2023-12-19
2073,2023-12-19 14:15:00,False,14:15:00,2023-12-19
2074,2023-12-19 14:30:00,False,14:30:00,2023-12-19
2075,2023-12-19 14:45:00,False,14:45:00,2023-12-19
2076,2023-12-19 15:00:00,False,15:00:00,2023-12-19
2077,2023-12-19 15:15:00,False,15:15:00,2023-12-19
2078,2023-12-19 15:30:00,False,15:30:00,2023-12-19
2079,2023-12-19 15:45:00,False,15:45:00,2023-12-19
2080,2023-12-19 16:00:00,False,16:00:00,2023-12-19
2081,2023-12-19 16:15:00,False,16:15:00,2023-12-19
2082,2023-12-19 16:30:00,False,16:30:00,2023-12-19
2083,2023-12-19 16:45:00,False,16:45:00,2023-12-19
2084,2023-12-19 17:00:00,False,17:00:00,2023-12-19
2085,2023-12-19 17:15:00,False,17:15:00,2023-12-19
2086,2023-12-19 17:30:00,False,17:30:00,2023-12-19
2087,2023-12-19 17:45:00,False,17:45:00,2023-12-19
2088,2023-12-19 18:00:00,False,18:00:00,2023-12-19
2089,2023-12-19 18:15:00,False,18:15:00,2023-12-19
2090,2023-12-19 18:30:00,False,18:30:00,2023-12-19
2091,2023-12-19 18:45:00,False,18:45:00,2023-12-19
2092,2023-12-19 19:00:00,False,19:00:00,2023-12-19
2093,2023-12-19 19:15:00,False,19:15:00,2023-12-19
2094,2023-12-19 19:30:00,False,19:30:00,2023-12-19
2095,2023-12-19 19:45:00,False,19:45:00,2023-12-19
2096,2023-12-19 20:00:00,False,20:00:00,2023-12-19
2097,2023-12-19 20:15:00,False,20:15:00,2023-12-19
2098,2023-12-19 20:30:00,False,20:30:00,2023-12-19
2099,2023-12-19 20:45:00,False,20:45:00,2023-12-19
2100,2023-12-19 21:00:00,False,21:00:00,2023-12-19
2101,2023-12-19 21:15:00,False,21:15:00,2023-12-19
2102,2023-12-19 21:30:00,False,21:30:00,2023-12-19
2103,2023-12-19 21:45:00,False,21:45:00,2023-12-19
2104,2023-12-19 22:00:00,False,22:00:00,2023-12-19
2105,2023-12-19 22:15:00,False,22:15:00,2023-12-19
2106,2023-12-19 22:30:00,False,22:30:00,2023-12-19
2107,2023-12-19 22:45:00,False,22:45:00,2023-12-19
2108,2023-12-19 23:00:00,False,23:00:00,2023-12-19
2109,2023-12-19 23:15:00,False,23:15:00,2023-12-19
2110,2023-12-19 23:30:00,False,23:30:00,2023-12-19
2111,2023-12-19 23:45:00,False,23:45:00,2023-12-19
2112,2023-12-20 00:00:00,False,00:00:00,2023-12-20
2113,2023-12-20 00:15:00,False,00:15:00,2023-12-20
2114,2023-12-20 00:30:00,False,00:30:00,2023-12-20
2115,2023-12-20 00:45:00,False,00:45:00,2023-12-20
2116,2023-12-20 01:00:00,False,01:00:00,2023-12-20
2117,2023-12-20 01:15:00,False,01:15:00,2023-12-20
2118,2023-12-20 01:30:00,False,01:30:00,2023-12-20
2119,2023-12-20 01:45:00,False,01:45:00,2023-12-20
2120,2023-12-20 02:00:00,False,02:00:00,2023-12-20
2121,2023-12-20 02:15:00,False,02:15:00,2023-12-20
2122,2023-12-20 02:30:00,False,02:30:00,2023-12-20
2123,2023-12-20 02:45:00,False,02:45:00,2023-12-20
2124,2023-12-20 03:00:00,False,03:00:00,2023-12-20
2125,2023-12-20 03:15:00,False,03:15:00,2023-12-20
2126,2023-12-20 03:30:00,False,03:30:00,2023-12-20
2127,2023-12-20 03:45:00,False,03:45:00,2023-12-20
2128,2023-12-20 04:00:00,False,04:00:00,2023-12-20
2129,2023-12-20 04:15:00,False,04:15:00,2023-12-20
2130,2023-12-20 04:30:00,False,04:30:00,2023-12-20
2131,2023-12-20 04:45:00,False,04:45:00,2023-12-20
2132,2023-12-20 05:00:00,False,05:00:00,2023-12-20
2133,2023-12-20 05:15:00,False,05:15:00,2023-12-20
2134,2023-12-20 05:30:00,False,05:30:00,2023-12-20
2135,2023-12-20 05:45:00,False,05:45:00,2023-12-20
2136,2023-12-20 06:00:00,False,06:00:00,2023-12-20
2137,2023-12-20 06:15:00,False,06:15:00,2023-12-20
2138,2023-12-20 06:30:00,False,06:30:00,2023-12-20
2139,2023-12-20 06:45:00,False,06:45:00,2023-12-20
2140,2023-12-20 07:00:00,False,07:00:00,2023-12-20
2141,2023-12-20 07:15:00,False,07:15:00,2023-12-20
2142,2023-12-20 07:30:00,False,07:30:00,2023-12-20
2143,2023-12-20 07:45:00,False,07:45:00,2023-12-20
2144,2023-12-20 08:00:00,False,08:00:00,2023-12-20
2145,2023-12-20 08:15:00,False,08:15:00,2023-12-20
2146,2023-12-20 08:30:00,False,08:30:00,2023-12-20
2147,2023-12-20 08:45:00,False,08:45:00,2023-12-20
2148,2023-12-20 09:00:00,False,09:00:00,2023-12-20
2149,2023-12-20 09:15:00,False,09:15:00,2023-12-20
2150,2023-12-20 09:30:00,False,09:30:00,2023-12-20
2151,2023-12-20 09:45:00,False,09:45:00,2023-12-20
2152,2023-12-20 10:00:00,False,10:00:00,2023-12-20
2153,2023-12-20 10:15:00,False,10:15:00,2023-12-20
2154,2023-12-20 10:30:00,False,10:30:00,2023-12-20
2155,2023-12-20 10:45:00,False,10:45:00,2023-12-20
2156,2023-12-20 11:00:00,False,11:00:00,2023-12-20
2157,2023-12-20 11:15:00,False,11:15:00,2023-12-20
2158,2023-12-20 11:30:00,False,11:30:00,2023-12-20
2159,2023-12-20 11:45:00,False,11:45:00,2023-12-20
2160,2023-12-20 12:00:00,False,12:00:00,2023-12-20
2161,2023-12-20 12:15:00,False,12:15:00,2023-12-20
2162,2023-12-20 12:30:00,False,12:30:00,2023-12-20
2163,2023-12-20 12:45:00,False,12:45:00,2023-12-20
2164,2023-12-20 13:00:00,False,13:00:00,2023-12-20
2165,2023-12-20 13:15:00,False,13:15:00,2023-12-20
2166,2023-12-20 13:30:00,False,13:30:00,2023-12-20
2167,2023-12-20 13:45:00,False,13:45:00,2023-12-20
2168,2023-12-20 14:00:00,False,14:00:00,2023-12-20
2169,2023-12-20 14:15:00,False,14:15:00,2023-12-20
2170,2023-12-20 14:30:00,False,14:30:00,2023-12-20
2171,2023-12-20 14:45:00,False,14:45:00,2023-12-20
2172,2023-12-20 15:00:00,False,15:00:00,2023-12-20
2173,2023-12-20 15:15:00,False,15:15:00,2023-12-20
2174,2023-12-20 15:30:00,False,15:30:00,2023-12-20
2175,2023-12-20 15:45:00,False,15:45:00,2023-12-20
2176,2023-12-20 16:00:00,False,16:00:00,2023-12-20
2177,2023-12-20 16:15:00,False,16:15:00,2023-12-20
2178,2023-12-20 16:30:00,False,16:30:00,2023-12-20
2179,2023-12-20 16:45:00,False,16:45:00,2023-12-20
2180,2023-12-20 17:00:00,False,17:00:00,2023-12-20
2181,2023-12-20 17:15:00,False,17:15:00,2023-12-20
2182,2023-12-20 17:30:00,False,17:30:00,2023-12-20
2183,2023-12-20 17:45:00,False,17:45:00,2023-12-20
2184,2023-12-20 18:00:00,False,18:00:00,2023-12-20
2185,2023-12-20 18:15:00,False,18:15:00,2023-12-20
2186,2023-12-20 18:30:00,False,18:30:00,2023-12-20
2187,2023-12-20 18:45:00,False,18:45:00,2023-12-20
2188,2023-12-20 19:00:00,False,19:00:00,2023-12-20
2189,2023-12-20 19:15:00,True,19:15:00,2023-12-20
2190,2023-12-20 19:30:00,True,19:30:00,2023-12-20
2191,2023-12-20 19:45:00,True,19:45:00,2023-12-20
2192,2023-12-20 20:00:00,True,20:00:00,2023-12-20
2193,2023-12-20 20:15:00,False,20:15:00,2023-12-20
2194,2023-12-20 20:30:00,False,20:30:00,2023-12-20
2195,2023-12-20 20:45:00,False,20:45:00,2023-12-20
2196,2023-12-20 21:00:00,False,21:00:00,2023-12-20
2197,2023-12-20 21:15:00,False,21:15:00,2023-12-20
2198,2023-12-20 21:30:00,False,21:30:00,2023-12-20
2199,2023-12-20 21:45:00,False,21:45:00,2023-12-20
2200,2023-12-20 22:00:00,False,22:00:00,2023-12-20
2201,2023-12-20 22:15:00,False,22:15:00,2023-12-20
2202,2023-12-20 22:30:00,False,22:30:00,2023-12-20
2203,2023-12-20 22:45:00,False,22:45:00,2023-12-20
2204,2023-12-20 23:00:00,False,23:00:00,2023-12-20
2205,2023-12-20 23:15:00,False,23:15:00,2023-12-20
2206,2023-12-20 23:30:00,False,23:30:00,2023-12-20
2207,2023-12-20 23:45:00,False,23:45:00,2023-12-20
2208,2023-12-21 00:00:00,False,00:00:00,2023-12-21
2209,2023-12-21 00:15:00,False,00:15:00,2023-12-21
2210,2023-12-21 00:30:00,False,00:30:00,2023-12-21
2211,2023-12-21 00:45:00,False,00:45:00,2023-12-21
2212,2023-12-21 01:00:00,False,01:00:00,2023-12-21
2213,2023-12-21 01:15:00,False,01:15:00,2023-12-21
2214,2023-12-21 01:30:00,False,01:30:00,2023-12-21
2215,2023-12-21 01:45:00,False,01:45:00,2023-12-21
2216,2023-12-21 02:00:00,False,02:00:00,2023-12-21
2217,2023-12-21 02:15:00,False,02:15:00,2023-12-21
2218,2023-12-21 02:30:00,False,02:30:00,2023-12-21
2219,2023-12-21 02:45:00,False,02:45:00,2023-12-21
2220,2023-12-21 03:00:00,False,03:00:00,2023-12-21
2221,2023-12-21 03:15:00,False,03:15:00,2023-12-21
2222,2023-12-21 03:30:00,False,03:30:00,2023-12-21
2223,2023-12-21 03:45:00,False,03:45:00,2023-12-21
2224,2023-12-21 04:00:00,False,04:00:00,2023-12-21
2225,2023-12-21 04:15:00,False,04:15:00,2023-12-21
2226,2023-12-21 04:30:00,False,04:30:00,2023-12-21
2227,2023-12-21 04:45:00,False,04:45:00,2023-12-21
2228,2023-12-21 05:00:00,False,05:00:00,2023-12-21
2229,2023-12-21 05:15:00,False,05:15:00,2023-12-21
2230,2023-12-21 05:30:00,False,05:30:00,2023-12-21
2231,2023-12-21 05:45:00,False,05:45:00,2023-12-21
2232,2023-12-21 06:00:00,False,06:00:00,2023-12-21
2233,2023-12-21 06:15:00,False,06:15:00,2023-12-21
2234,2023-12-21 06:30:00,False,06:30:00,2023-12-21
2235,2023-12-21 06:45:00,False,06:45:00,2023-12-21
2236,2023-12-21 07:00:00,False,07:00:00,2023-12-21
2237,2023-12-21 07:15:00,False,07:15:00,2023-12-21
2238,2023-12-21 07:30:00,False,07:30:00,2023-12-21
2239,2023-12-21 07:45:00,False,07:45:00,2023-12-21
2240,2023-12-21 08:00:00,False,08:00:00,2023-12-21
2241,2023-12-21 08:15:00,False,08:15:00,2023-12-21
2242,2023-12-21 08:30:00,False,08:30:00,2023-12-21
2243,2023-12-21 08:45:00,False,08:45:00,2023-12-21
2244,2023-12-21 09:00:00,False,09:00:00,2023-12-21
2245,2023-12-21 09:15:00,False,09:15:00,2023-12-21
2246,2023-12-21 09:30:00,False,09:30:00,2023-12-21
2247,2023-12-21 09:45:00,False,09:45:00,2023-12-21
2248,2023-12-21 10:00:00,False,10:00:00,2023-12-21
2249,2023-12-21 10:15:00,False,10:15:00,2023-12-21
2250,2023-12-21 10:30:00,False,10:30:00,2023-12-21
2251,2023-12-21 10:45:00,False,10:45:00,2023-12-21
2252,2023-12-21 11:00:00,False,11:00:00,2023-12-21
2253,2023-12-21 11:15:00,False,11:15:00,2023-12-21
2254,2023-12-21 11:30:00,False,11:30:00,2023-12-21
2255,2023-12-21 11:45:00,False,11:45:00,2023-12-21
2256,2023-12-21 12:00:00,False,12:00:00,2023-12-21
2257,2023-12-21 12:15:00,False,12:15:00,2023-12-21
2258,2023-12-21 12:30:00,False,12:30:00,2023-12-21
2259,2023-12-21 12:45:00,False,12:45:00,2023-12-21
2260,2023-12-21 13:00:00,False,13:00:00,2023-12-21
2261,2023-12-21 13:15:00,False,13:15:00,2023-12-21
2262,2023-12-21 13:30:00,False,13:30:00,2023-12-21
2263,2023-12-21 13:45:00,False,13:45:00,2023-12-21
2264,2023-12-21 14:00:00,False,14:00:00,2023-12-21
2265,2023-12-21 14:15:00,False,14:15:00,2023-12-21
2266,2023-12-21 14:30:00,False,14:30:00,2023-12-21
2267,2023-12-21 14:45:00,False,14:45:00,2023-12-21
2268,2023-12-21 15:00:00,False,15:00:00,2023-12-21
2269,2023-12-21 15:15:00,False,15:15:00,2023-12-21
2270,2023-12-21 15:30:00,False,15:30:00,2023-12-21
2271,2023-12-21 15:45:00,False,15:45:00,2023-12-21
2272,2023-12-21 16:00:00,False,16:00:00,2023-12-21
2273,2023-12-21 16:15:00,False,16:15:00,2023-12-21
2274,2023-12-21 16:30:00,False,16:30:00,2023-12-21
2275,2023-12-21 16:45:00,False,16:45:00,2023-12-21
2276,2023-12-21 17:00:00,False,17:00:00,2023-12-21
2277,2023-12-21 17:15:00,False,17:15:00,2023-12-21
2278,2023-12-21 17:30:00,False,17:30:00,2023-12-21
2279,2023-12-21 17:45:00,False,17:45:00,2023-12-21
2280,2023-12-21 18:00:00,False,18:00:00,2023-12-21
2281,2023-12-21 18:15:00,False,18:15:00,2023-12-21
2282,2023-12-21 18:30:00,False,18:30:00,2023-12-21
2283,2023-12-21 18:45:00,False,18:45:00,2023-12-21
2284,2023-12-21 19:00:00,False,19:00:00,2023-12-21
2285,2023-12-21 19:15:00,False,19:15:00,2023-12-21
2286,2023-12-21 19:30:00,False,19:30:00,2023-12-21
2287,2023-12-21 19:45:00,False,19:45:00,2023-12-21
2288,2023-12-21 20:00:00,False,20:00:00,2023-12-21
2289,2023-12-21 20:15:00,False,20:15:00,2023-12-21
2290,2023-12-21 20:30:00,False,20:30:00,2023-12-21
2291,2023-12-21 20:45:00,False,20:45:00,2023-12-21
2292,2023-12-21 21:00:00,False,21:00:00,2023-12-21
2293,2023-12-21 21:15:00,False,21:15:00,2023-12-21
2294,2023-12-21 21:30:00,False,21:30:00,2023-12-21
2295,2023-12-21 21:45:00,False,21:45:00,2023-12-21
2296,2023-12-21 22:00:00,False,22:00:00,2023-12-21
2297,2023-12-21 22:15:00,False,22:15:00,2023-12-21
2298,2023-12-21 22:30:00,False,22:30:00,2023-12-21
2299,2023-12-21 22:45:00,False,22:45:00,2023-12-21
2300,2023-12-21 23:00:00,False,23:00:00,2023-12-21
2301,2023-12-21 23:15:00,False,23:15:00,2023-12-21
2302,2023-12-21 23:30:00,False,23:30:00,2023-12-21
2303,2023-12-21 23:45:00,False,23:45:00,2023-12-21
2304,2023-12-22 00:00:00,False,00:00:00,2023-12-22
2305,2023-12-22 00:15:00,False,00:15:00,2023-12-22
2306,2023-12-22 00:30:00,False,00:30:00,2023-12-22
2307,2023-12-22 00:45:00,False,00:45:00,2023-12-22
2308,2023-12-22 01:00:00,False,01:00:00,2023-12-22
2309,2023-12-22 01:15:00,False,01:15:00,2023-12-22
2310,2023-12-22 01:30:00,False,01:30:00,2023-12-22
2311,2023-12-22 01:45:00,False,01:45:00,2023-12-22
2312,2023-12-22 02:00:00,False,02:00:00,2023-12-22
2313,2023-12-22 02:15:00,False,02:15:00,2023-12-22
2314,2023-12-22 02:30:00,False,02:30:00,2023-12-22
2315,2023-12-22 02:45:00,False,02:45:00,2023-12-22
2316,2023-12-22 03:00:00,False,03:00:00,2023-12-22
2317,2023-12-22 03:15:00,False,03:15:00,2023-12-22
2318,2023-12-22 03:30:00,False,03:30:00,2023-12-22
2319,2023-12-22 03:45:00,False,03:45:00,2023-12-22
2320,2023-12-22 04:00:00,False,04:00:00,2023-12-22
2321,2023-12-22 04:15:00,False,04:15:00,2023-12-22
2322,2023-12-22 04:30:00,False,04:30:00,2023-12-22
2323,2023-12-22 04:45:00,False,04:45:00,2023-12-22
2324,2023-12-22 05:00:00,False,05:00:00,2023-12-22
2325,2023-12-22 05:15:00,False,05:15:00,2023-12-22
2326,2023-12-22 05:30:00,False,05:30:00,2023-12-22
2327,2023-12-22 05:45:00,False,05:45:00,2023-12-22
2328,2023-12-22 06:00:00,False,06:00:00,2023-12-22
2329,2023-12-22 06:15:00,False,06:15:00,2023-12-22
2330,2023-12-22 06:30:00,False,06:30:00,2023-12-22
2331,2023-12-22 06:45:00,False,06:45:00,2023-12-22
2332,2023-12-22 07:00:00,False,07:00:00,2023-12-22
2333,2023-12-22 07:15:00,False,07:15:00,2023-12-22
2334,2023-12-22 07:30:00,False,07:30:00,2023-12-22
2335,2023-12-22 07:45:00,False,07:45:00,2023-12-22
2336,2023-12-22 08:00:00,False,08:00:00,2023-12-22
2337,2023-12-22 08:15:00,False,08:15:00,2023-12-22
2338,2023-12-22 08:30:00,False,08:30:00,2023-12-22
2339,2023-12-22 08:45:00,False,08:45:00,2023-12-22
2340,2023-12-22 09:00:00,False,09:00:00,2023-12-22
2341,2023-12-22 09:15:00,False,09:15:00,2023-12-22
2342,2023-12-22 09:30:00,False,09:30:00,2023-12-22
2343,2023-12-22 09:45:00,False,09:45:00,2023-12-22
2344,2023-12-22 10:00:00,False,10:00:00,2023-12-22
2345,2023-12-22 10:15:00,False,10:15:00,2023-12-22
2346,2023-12-22 10:30:00,False,10:30:00,2023-12-22
2347,2023-12-22 10:45:00,False,10:45:00,2023-12-22
2348,2023-12-22 11:00:00,False,11:00:00,2023-12-22
2349,2023-12-22 11:15:00,False,11:15:00,2023-12-22
2350,2023-12-22 11:30:00,False,11:30:00,2023-12-22
2351,2023-12-22 11:45:00,False,11:45:00,2023-12-22
2352,2023-12-22 12:00:00,False,12:00:00,2023-12-22
2353,2023-12-22 12:15:00,False,12:15:00,2023-12-22
2354,2023-12-22 12:30:00,False,12:30:00,2023-12-22
2355,2023-12-22 12:45:00,False,12:45:00,2023-12-22
2356,2023-12-22 13:00:00,False,13:00:00,2023-12-22
2357,2023-12-22 13:15:00,False,13:15:00,2023-12-22
2358,2023-12-22 13:30:00,False,13:30:00,2023-12-22
2359,2023-12-22 13:45:00,False,13:45:00,2023-12-22
2360,2023-12-22 14:00:00,False,14:00:00,2023-12-22
2361,2023-12-22 14:15:00,False,14:15:00,2023-12-22
2362,2023-12-22 14:30:00,False,14:30:00,2023-12-22
2363,2023-12-22 14:45:00,False,14:45:00,2023-12-22
2364,2023-12-22 15:00:00,False,15:00:00,2023-12-22
2365,2023-12-22 15:15:00,False,15:15:00,2023-12-22
2366,2023-12-22 15:30:00,False,15:30:00,2023-12-22
2367,2023-12-22 15:45:00,False,15:45:00,2023-12-22
2368,2023-12-22 16:00:00,False,16:00:00,2023-12-22
2369,2023-12-22 16:15:00,False,16:15:00,2023-12-22
2370,2023-12-22 16:30:00,False,16:30:00,2023-12-22
2371,2023-12-22 16:45:00,False,16:45:00,2023-12-22
2372,2023-12-22 17:00:00,False,17:00:00,2023-12-22
2373,2023-12-22 17:15:00,False,17:15:00,2023-12-22
2374,2023-12-22 17:30:00,False,17:30:00,2023-12-22
2375,2023-12-22 17:45:00,False,17:45:00,2023-12-22
2376,2023-12-22 18:00:00,False,18:00:00,2023-12-22
2377,2023-12-22 18:15:00,False,18:15:00,2023-12-22
2378,2023-12-22 18:30:00,False,18:30:00,2023-12-22
2379,2023-12-22 18:45:00,False,18:45:00,2023-12-22
2380,2023-12-22 19:00:00,False,19:00:00,2023-12-22
2381,2023-12-22 19:15:00,False,19:15:00,2023-12-22
2382,2023-12-22 19:30:00,False,19:30:00,2023-12-22
2383,2023-12-22 19:45:00,False,19:45:00,2023-12-22
2384,2023-12-22 20:00:00,False,20:00:00,2023-12-22
2385,2023-12-22 20:15:00,False,20:15:00,2023-12-22
2386,2023-12-22 20:30:00,False,20:30:00,2023-12-22
2387,2023-12-22 20:45:00,False,20:45:00,2023-12-22
2388,2023-12-22 21:00:00,False,21:00:00,2023-12-22
2389,2023-12-22 21:15:00,False,21:15:00,2023-12-22
2390,2023-12-22 21:30:00,False,21:30:00,2023-12-22
2391,2023-12-22 21:45:00,False,21:45:00,2023-12-22
2392,2023-12-22 22:00:00,False,22:00:00,2023-12-22
2393,2023-12-22 22:15:00,False,22:15:00,2023-12-22
2394,2023-12-22 22:30:00,False,22:30:00,2023-12-22
2395,2023-12-22 22:45:00,False,22:45:00,2023-12-22
2396,2023-12-22 23:00:00,False,23:00:00,2023-12-22
2397,2023-12-22 23:15:00,False,23:15:00,2023-12-22
2398,2023-12-22 23:30:00,False,23:30:00,2023-12-22
2399,2023-12-22 23:45:00,False,23:45:00,2023-12-22
2400,2023-12-23 00:00:00,False,00:00:00,2023-12-23
2401,2023-12-23 00:15:00,False,00:15:00,2023-12-23
2402,2023-12-23 00:30:00,False,00:30:00,2023-12-23
2403,2023-12-23 00:45:00,False,00:45:00,2023-12-23
2404,2023-12-23 01:00:00,False,01:00:00,2023-12-23
2405,2023-12-23 01:15:00,False,01:15:00,2023-12-23
2406,2023-12-23 01:30:00,False,01:30:00,2023-12-23
2407,2023-12-23 01:45:00,False,01:45:00,2023-12-23
2408,2023-12-23 02:00:00,False,02:00:00,2023-12-23
2409,2023-12-23 02:15:00,False,02:15:00,2023-12-23
2410,2023-12-23 02:30:00,False,02:30:00,2023-12-23
2411,2023-12-23 02:45:00,False,02:45:00,2023-12-23
2412,2023-12-23 03:00:00,False,03:00:00,2023-12-23
2413,2023-12-23 03:15:00,False,03:15:00,2023-12-23
2414,2023-12-23 03:30:00,False,03:30:00,2023-12-23
2415,2023-12-23 03:45:00,False,03:45:00,2023-12-23
2416,2023-12-23 04:00:00,False,04:00:00,2023-12-23
2417,2023-12-23 04:15:00,False,04:15:00,2023-12-23
2418,2023-12-23 04:30:00,False,04:30:00,2023-12-23
2419,2023-12-23 04:45:00,False,04:45:00,2023-12-23
2420,2023-12-23 05:00:00,False,05:00:00,2023-12-23
2421,2023-12-23 05:15:00,False,05:15:00,2023-12-23
2422,2023-12-23 05:30:00,False,05:30:00,2023-12-23
2423,2023-12-23 05:45:00,False,05:45:00,2023-12-23
2424,2023-12-23 06:00:00,False,06:00:00,2023-12-23
2425,2023-12-23 06:15:00,False,06:15:00,2023-12-23
2426,2023-12-23 06:30:00,False,06:30:00,2023-12-23
2427,2023-12-23 06:45:00,False,06:45:00,2023-12-23
2428,2023-12-23 07:00:00,False,07:00:00,2023-12-23
2429,2023-12-23 07:15:00,False,07:15:00,2023-12-23
2430,2023-12-23 07:30:00,False,07:30:00,2023-12-23
2431,2023-12-23 07:45:00,False,07:45:00,2023-12-23
2432,2023-12-23 08:00:00,False,08:00:00,2023-12-23
2433,2023-12-23 08:15:00,False,08:15:00,2023-12-23
2434,2023-12-23 08:30:00,False,08:30:00,2023-12-23
2435,2023-12-23 08:45:00,False,08:45:00,2023-12-23
2436,2023-12-23 09:00:00,False,09:00:00,2023-12-23
2437,2023-12-23 09:15:00,False,09:15:00,2023-12-23
2438,2023-12-23 09:30:00,False,09:30:00,2023-12-23
2439,2023-12-23 09:45:00,False,09:45:00,2023-12-23
2440,2023-12-23 10:00:00,False,10:00:00,2023-12-23
2441,2023-12-23 10:15:00,False,10:15:00,2023-12-23
2442,2023-12-23 10:30:00,False,10:30:00,2023-12-23
2443,2023-12-23 10:45:00,False,10:45:00,2023-12-23
2444,2023-12-23 11:00:00,False,11:00:00,2023-12-23
2445,2023-12-23 11:15:00,False,11:15:00,2023-12-23
2446,2023-12-23 11:30:00,False,11:30:00,2023-12-23
2447,2023-12-23 11:45:00,False,11:45:00,2023-12-23
2448,2023-12-23 12:00:00,False,12:00:00,2023-12-23
2449,2023-12-23 12:15:00,False,12:15:00,2023-12-23
2450,2023-12-23 12:30:00,False,12:30:00,2023-12-23
2451,2023-12-23 12:45:00,False,12:45:00,2023-12-23
2452,2023-12-23 13:00:00,False,13:00:00,2023-12-23
2453,2023-12-23 13:15:00,False,13:15:00,2023-12-23
2454,2023-12-23 13:30:00,False,13:30:00,2023-12-23
2455,2023-12-23 13:45:00,False,13:45:00,2023-12-23
2456,2023-12-23 14:00:00,False,14:00:00,2023-12-23
2457,2023-12-23 14:15:00,False,14:15:00,2023-12-23
2458,2023-12-23 14:30:00,False,14:30:00,2023-12-23
2459,2023-12-23 14:45:00,False,14:45:00,2023-12-23
2460,2023-12-23 15:00:00,False,15:00:00,2023-12-23
2461,2023-12-23 15:15:00,False,15:15:00,2023-12-23
2462,2023-12-23 15:30:00,False,15:30:00,2023-12-23
2463,2023-12-23 15:45:00,False,15:45:00,2023-12-23
2464,2023-12-23 16:00:00,False,16:00:00,2023-12-23
2465,2023-12-23 16:15:00,False,16:15:00,2023-12-23
2466,2023-12-23 16:30:00,False,16:30:00,2023-12-23
2467,2023-12-23 16:45:00,False,16:45:00,2023-12-23
2468,2023-12-23 17:00:00,False,17:00:00,2023-12-23
2469,2023-12-23 17:15:00,False,17:15:00,2023-12-23
2470,2023-12-23 17:30:00,False,17:30:00,2023-12-23
2471,2023-12-23 17:45:00,False,17:45:00,2023-12-23
2472,2023-12-23 18:00:00,False,18:00:00,2023-12-23
2473,2023-12-23 18:15:00,False,18:15:00,2023-12-23
2474,2023-12-23 18:30:00,False,18:30:00,2023-12-23
2475,2023-12-23 18:45:00,False,18:45:00,2023-12-23
2476,2023-12-23 19:00:00,False,19:00:00,2023-12-23
2477,2023-12-23 19:15:00,False,19:15:00,2023-12-23
2478,2023-12-23 19:30:00,False,19:30:00,2023-12-23
2479,2023-12-23 19:45:00,False,19:45:00,2023-12-23
2480,2023-12-23 20:00:00,False,20:00:00,2023-12-23
2481,2023-12-23 20:15:00,False,20:15:00,2023-12-23
2482,2023-12-23 20:30:00,False,20:30:00,2023-12-23
2483,2023-12-23 20:45:00,False,20:45:00,2023-12-23
2484,2023-12-23 21:00:00,False,21:00:00,2023-12-23
2485,2023-12-23 21:15:00,False,21:15:00,2023-12-23
2486,2023-12-23 21:30:00,False,21:30:00,2023-12-23
2487,2023-12-23 21:45:00,False,21:45:00,2023-12-23
2488,2023-12-23 22:00:00,False,22:00:00,2023-12-23
2489,2023-12-23 22:15:00,False,22:15:00,2023-12-23
2490,2023-12-23 22:30:00,False,22:30:00,2023-12-23
2491,2023-12-23 22:45:00,False,22:45:00,2023-12-23
2492,2023-12-23 23:00:00,False,23:00:00,2023-12-23
2493,2023-12-23 23:15:00,False,23:15:00,2023-12-23
2494,2023-12-23 23:30:00,False,23:30:00,2023-12-23
2495,2023-12-23 23:45:00,False,23:45:00,2023-12-23
2496,2023-12-24 00:00:00,False,00:00:00,2023-12-24
2497,2023-12-24 00:15:00,False,00:15:00,2023-12-24
2498,2023-12-24 00:30:00,False,00:30:00,2023-12-24
2499,2023-12-24 00:45:00,False,00:45:00,2023-12-24
2500,2023-12-24 01:00:00,False,01:00:00,2023-12-24
2501,2023-12-24 01:15:00,False,01:15:00,2023-12-24
2502,2023-12-24 01:30:00,False,01:30:00,2023-12-24
2503,2023-12-24 01:45:00,False,01:45:00,2023-12-24
2504,2023-12-24 02:00:00,False,02:00:00,2023-12-24
2505,2023-12-24 02:15:00,False,02:15:00,2023-12-24
2506,2023-12-24 02:30:00,False,02:30:00,2023-12-24
2507,2023-12-24 02:45:00,False,02:45:00,2023-12-24
2508,2023-12-24 03:00:00,False,03:00:00,2023-12-24
2509,2023-12-24 03:15:00,False,03:15:00,2023-12-24
2510,2023-12-24 03:30:00,False,03:30:00,2023-12-24
2511,2023-12-24 03:45:00,False,03:45:00,2023-12-24
2512,2023-12-24 04:00:00,False,04:00:00,2023-12-24
2513,2023-12-24 04:15:00,False,04:15:00,2023-12-24
2514,2023-12-24 04:30:00,False,04:30:00,2023-12-24
2515,2023-12-24 04:45:00,False,04:45:00,2023-12-24
2516,2023-12-24 05:00:00,False,05:00:00,2023-12-24
2517,2023-12-24 05:15:00,False,05:15:00,2023-12-24
2518,2023-12-24 05:30:00,False,05:30:00,2023-12-24
2519,2023-12-24 05:45:00,False,05:45:00,2023-12-24
2520,2023-12-24 06:00:00,False,06:00:00,2023-12-24
2521,2023-12-24 06:15:00,False,06:15:00,2023-12-24
2522,2023-12-24 06:30:00,False,06:30:00,2023-12-24
2523,2023-12-24 06:45:00,False,06:45:00,2023-12-24
2524,2023-12-24 07:00:00,False,07:00:00,2023-12-24
2525,2023-12-24 07:15:00,False,07:15:00,2023-12-24
2526,2023-12-24 07:30:00,False,07:30:00,2023-12-24
2527,2023-12-24 07:45:00,False,07:45:00,2023-12-24
2528,2023-12-24 08:00:00,False,08:00:00,2023-12-24
2529,2023-12-24 08:15:00,False,08:15:00,2023-12-24
2530,2023-12-24 08:30:00,False,08:30:00,2023-12-24
2531,2023-12-24 08:45:00,False,08:45:00,2023-12-24
2532,2023-12-24 09:00:00,False,09:00:00,2023-12-24
2533,2023-12-24 09:15:00,False,09:15:00,2023-12-24
2534,2023-12-24 09:30:00,False,09:30:00,2023-12-24
2535,2023-12-24 09:45:00,False,09:45:00,2023-12-24
2536,2023-12-24 10:00:00,False,10:00:00,2023-12-24
2537,2023-12-24 10:15:00,False,10:15:00,2023-12-24
2538,2023-12-24 10:30:00,False,10:30:00,2023-12-24
2539,2023-12-24 10:45:00,False,10:45:00,2023-12-24
2540,2023-12-24 11:00:00,False,11:00:00,2023-12-24
2541,2023-12-24 11:15:00,True,11:15:00,2023-12-24
2542,2023-12-24 11:30:00,True,11:30:00,2023-12-24
2543,2023-12-24 11:45:00,True,11:45:00,2023-12-24
2544,2023-12-24 12:00:00,True,12:00:00,2023-12-24
2545,2023-12-24 12:15:00,True,12:15:00,2023-12-24
2546,2023-12-24 12:30:00,False,12:30:00,2023-12-24
2547,2023-12-24 12:45:00,False,12:45:00,2023-12-24
2548,2023-12-24 13:00:00,False,13:00:00,2023-12-24
2549,2023-12-24 13:15:00,False,13:15:00,2023-12-24
2550,2023-12-24 13:30:00,False,13:30:00,2023-12-24
2551,2023-12-24 13:45:00,False,13:45:00,2023-12-24
2552,2023-12-24 14:00:00,False,14:00:00,2023-12-24
2553,2023-12-24 14:15:00,False,14:15:00,2023-12-24
2554,2023-12-24 14:30:00,False,14:30:00,2023-12-24
2555,2023-12-24 14:45:00,False,14:45:00,2023-12-24
2556,2023-12-24 15:00:00,False,15:00:00,2023-12-24
2557,2023-12-24 15:15:00,False,15:15:00,2023-12-24
2558,2023-12-24 15:30:00,False,15:30:00,2023-12-24
2559,2023-12-24 15:45:00,False,15:45:00,2023-12-24
2560,2023-12-24 16:00:00,False,16:00:00,2023-12-24
2561,2023-12-24 16:15:00,False,16:15:00,2023-12-24
2562,2023-12-24 16:30:00,False,16:30:00,2023-12-24
2563,2023-12-24 16:45:00,False,16:45:00,2023-12-24
2564,2023-12-24 17:00:00,False,17:00:00,2023-12-24
2565,2023-12-24 17:15:00,False,17:15:00,2023-12-24
2566,2023-12-24 17:30:00,False,17:30:00,2023-12-24
2567,2023-12-24 17:45:00,False,17:45:00,2023-12-24
2568,2023-12-24 18:00:00,False,18:00:00,2023-12-24
2569,2023-12-24 18:15:00,False,18:15:00,2023-12-24
2570,2023-12-24 18:30:00,False,18:30:00,2023-12-24
2571,2023-12-24 18:45:00,False,18:45:00,2023-12-24
2572,2023-12-24 19:00:00,False,19:00:00,2023-12-24
2573,2023-12-24 19:15:00,False,19:15:00,2023-12-24
2574,2023-12-24 19:30:00,False,19:30:00,2023-12-24
2575,2023-12-24 19:45:00,False,19:45:00,2023-12-24
2576,2023-12-24 20:00:00,False,20:00:00,2023-12-24
2577,2023-12-24 20:15:00,False,20:15:00,2023-12-24
2578,2023-12-24 20:30:00,False,20:30:00,2023-12-24
2579,2023-12-24 20:45:00,False,20:45:00,2023-12-24
2580,2023-12-24 21:00:00,False,21:00:00,2023-12-24
2581,2023-12-24 21:15:00,False,21:15:00,2023-12-24
2582,2023-12-24 21:30:00,False,21:30:00,2023-12-24
2583,2023-12-24 21:45:00,False,21:45:00,2023-12-24
2584,2023-12-24 22:00:00,False,22:00:00,2023-12-24
2585,2023-12-24 22:15:00,False,22:15:00,2023-12-24
2586,2023-12-24 22:30:00,False,22:30:00,2023-12-24
2587,2023-12-24 22:45:00,False,22:45:00,2023-12-24
2588,2023-12-24 23:00:00,False,23:00:00,2023-12-24
2589,2023-12-24 23:15:00,False,23:15:00,2023-12-24
2590,2023-12-24 23:30:00,False,23:30:00,2023-12-24
2591,2023-12-24 23:45:00,False,23:45:00,2023-12-24
2592,2023-12-25 00:00:00,False,00:00:00,2023-12-25
2593,2023-12-25 00:15:00,False,00:15:00,2023-12-25
2594,2023-12-25 00:30:00,False,00:30:00,2023-12-25
2595,2023-12-25 00:45:00,False,00:45:00,2023-12-25
2596,2023-12-25 01:00:00,False,01:00:00,2023-12-25
2597,2023-12-25 01:15:00,False,01:15:00,2023-12-25
2598,2023-12-25 01:30:00,False,01:30:00,2023-12-25
2599,2023-12-25 01:45:00,False,01:45:00,2023-12-25
2600,2023-12-25 02:00:00,False,02:00:00,2023-12-25
2601,2023-12-25 02:15:00,False,02:15:00,2023-12-25
2602,2023-12-25 02:30:00,False,02:30:00,2023-12-25
2603,2023-12-25 02:45:00,False,02:45:00,2023-12-25
2604,2023-12-25 03:00:00,False,03:00:00,2023-12-25
2605,2023-12-25 03:15:00,False,03:15:00,2023-12-25
2606,2023-12-25 03:30:00,False,03:30:00,2023-12-25
2607,2023-12-25 03:45:00,False,03:45:00,2023-12-25
2608,2023-12-25 04:00:00,False,04:00:00,2023-12-25
2609,2023-12-25 04:15:00,False,04:15:00,2023-12-25
2610,2023-12-25 04:30:00,False,04:30:00,2023-12-25
2611,2023-12-25 04:45:00,False,04:45:00,2023-12-25
2612,2023-12-25 05:00:00,False,05:00:00,2023-12-25
2613,2023-12-25 05:15:00,False,05:15:00,2023-12-25
2614,2023-12-25 05:30:00,False,05:30:00,2023-12-25
2615,2023-12-25 05:45:00,False,05:45:00,2023-12-25
2616,2023-12-25 06:00:00,False,06:00:00,2023-12-25
2617,2023-12-25 06:15:00,False,06:15:00,2023-12-25
2618,2023-12-25 06:30:00,False,06:30:00,2023-12-25
2619,2023-12-25 06:45:00,False,06:45:00,2023-12-25
2620,2023-12-25 07:00:00,False,07:00:00,2023-12-25
2621,2023-12-25 07:15:00,False,07:15:00,2023-12-25
2622,2023-12-25 07:30:00,False,07:30:00,2023-12-25
2623,2023-12-25 07:45:00,False,07:45:00,2023-12-25
2624,2023-12-25 08:00:00,False,08:00:00,2023-12-25
2625,2023-12-25 08:15:00,False,08:15:00,2023-12-25
2626,2023-12-25 08:30:00,False,08:30:00,2023-12-25
2627,2023-12-25 08:45:00,False,08:45:00,2023-12-25
2628,2023-12-25 09:00:00,False,09:00:00,2023-12-25
2629,2023-12-25 09:15:00,False,09:15:00,2023-12-25
2630,2023-12-25 09:30:00,False,09:30:00,2023-12-25
2631,2023-12-25 09:45:00,False,09:45:00,2023-12-25
2632,2023-12-25 10:00:00,False,10:00:00,2023-12-25
2633,2023-12-25 10:15:00,False,10:15:00,2023-12-25
2634,2023-12-25 10:30:00,False,10:30:00,2023-12-25
2635,2023-12-25 10:45:00,False,10:45:00,2023-12-25
2636,2023-12-25 11:00:00,False,11:00:00,2023-12-25
2637,2023-12-25 11:15:00,False,11:15:00,2023-12-25
2638,2023-12-25 11:30:00,False,11:30:00,2023-12-25
2639,2023-12-25 11:45:00,False,11:45:00,2023-12-25
2640,2023-12-25 12:00:00,False,12:00:00,2023-12-25
2641,2023-12-25 12:15:00,False,12:15:00,2023-12-25
2642,2023-12-25 12:30:00,False,12:30:00,2023-12-25
2643,2023-12-25 12:45:00,False,12:45:00,2023-12-25
2644,2023-12-25 13:00:00,False,13:00:00,2023-12-25
2645,2023-12-25 13:15:00,False,13:15:00,2023-12-25
2646,2023-12-25 13:30:00,False,13:30:00,2023-12-25
2647,2023-12-25 13:45:00,False,13:45:00,2023-12-25
2648,2023-12-25 14:00:00,False,14:00:00,2023-12-25
2649,2023-12-25 14:15:00,False,14:15:00,2023-12-25
2650,2023-12-25 14:30:00,False,14:30:00,2023-12-25
2651,2023-12-25 14:45:00,False,14:45:00,2023-12-25
2652,2023-12-25 15:00:00,False,15:00:00,2023-12-25
2653,2023-12-25 15:15:00,False,15:15:00,2023-12-25
2654,2023-12-25 15:30:00,False,15:30:00,2023-12-25
2655,2023-12-25 15:45:00,False,15:45:00,2023-12-25
2656,2023-12-25 16:00:00,False,16:00:00,2023-12-25
2657,2023-12-25 16:15:00,False,16:15:00,2023-12-25
2658,2023-12-25 16:30:00,False,16:30:00,2023-12-25
2659,2023-12-25 16:45:00,False,16:45:00,2023-12-25
2660,2023-12-25 17:00:00,False,17:00:00,2023-12-25
2661,2023-12-25 17:15:00,False,17:15:00,2023-12-25
2662,2023-12-25 17:30:00,False,17:30:00,2023-12-25
2663,2023-12-25 17:45:00,False,17:45:00,2023-12-25
2664,2023-12-25 18:00:00,False,18:00:00,2023-12-25
2665,2023-12-25 18:15:00,False,18:15:00,2023-12-25
2666,2023-12-25 18:30:00,False,18:30:00,2023-12-25
2667,2023-12-25 18:45:00,False,18:45:00,2023-12-25
2668,2023-12-25 19:00:00,False,19:00:00,2023-12-25
2669,2023-12-25 19:15:00,False,19:15:00,2023-12-25
2670,2023-12-25 19:30:00,False,19:30:00,2023-12-25
2671,2023-12-25 19:45:00,False,19:45:00,2023-12-25
2672,2023-12-25 20:00:00,False,20:00:00,2023-12-25
2673,2023-12-25 20:15:00,False,20:15:00,2023-12-25
2674,2023-12-25 20:30:00,False,20:30:00,2023-12-25
2675,2023-12-25 20:45:00,False,20:45:00,2023-12-25
2676,2023-12-25 21:00:00,False,21:00:00,2023-12-25
2677,2023-12-25 21:15:00,False,21:15:00,2023-12-25
2678,2023-12-25 21:30:00,False,21:30:00,2023-12-25
2679,2023-12-25 21:45:00,False,21:45:00,2023-12-25
2680,2023-12-25 22:00:00,False,22:00:00,2023-12-25
2681,2023-12-25 22:15:00,False,22:15:00,2023-12-25
2682,2023-12-25 22:30:00,False,22:30:00,2023-12-25
2683,2023-12-25 22:45:00,False,22:45:00,2023-12-25
2684,2023-12-25 23:00:00,False,23:00:00,2023-12-25
2685,2023-12-25 23:15:00,False,23:15:00,2023-12-25
2686,2023-12-25 23:30:00,False,23:30:00,2023-12-25
2687,2023-12-25 23:45:00,False,23:45:00,2023-12-25
2688,2023-12-26 00:00:00,False,00:00:00,2023-12-26
2689,2023-12-26 00:15:00,False,00:15:00,2023-12-26
2690,2023-12-26 00:30:00,False,00:30:00,2023-12-26
2691,2023-12-26 00:45:00,False,00:45:00,2023-12-26
2692,2023-12-26 01:00:00,False,01:00:00,2023-12-26
2693,2023-12-26 01:15:00,False,01:15:00,2023-12-26
2694,2023-12-26 01:30:00,False,01:30:00,2023-12-26
2695,2023-12-26 01:45:00,False,01:45:00,2023-12-26
2696,2023-12-26 02:00:00,False,02:00:00,2023-12-26
2697,2023-12-26 02:15:00,False,02:15:00,2023-12-26
2698,2023-12-26 02:30:00,False,02:30:00,2023-12-26
2699,2023-12-26 02:45:00,False,02:45:00,2023-12-26
2700,2023-12-26 03:00:00,False,03:00:00,2023-12-26
2701,2023-12-26 03:15:00,False,03:15:00,2023-12-26
2702,2023-12-26 03:30:00,False,03:30:00,2023-12-26
2703,2023-12-26 03:45:00,False,03:45:00,2023-12-26
2704,2023-12-26 04:00:00,False,04:00:00,2023-12-26
2705,2023-12-26 04:15:00,False,04:15:00,2023-12-26
2706,2023-12-26 04:30:00,False,04:30:00,2023-12-26
2707,2023-12-26 04:45:00,False,04:45:00,2023-12-26
2708,2023-12-26 05:00:00,False,05:00:00,2023-12-26
2709,2023-12-26 05:15:00,False,05:15:00,2023-12-26
2710,2023-12-26 05:30:00,False,05:30:00,2023-12-26
2711,2023-12-26 05:45:00,False,05:45:00,2023-12-26
2712,2023-12-26 06:00:00,False,06:00:00,2023-12-26
2713,2023-12-26 06:15:00,False,06:15:00,2023-12-26
2714,2023-12-26 06:30:00,False,06:30:00,2023-12-26
2715,2023-12-26 06:45:00,False,06:45:00,2023-12-26
2716,2023-12-26 07:00:00,False,07:00:00,2023-12-26
2717,2023-12-26 07:15:00,False,07:15:00,2023-12-26
2718,2023-12-26 07:30:00,False,07:30:00,2023-12-26
2719,2023-12-26 07:45:00,False,07:45:00,2023-12-26
2720,2023-12-26 08:00:00,False,08:00:00,2023-12-26
2721,2023-12-26 08:15:00,False,08:15:00,2023-12-26
2722,2023-12-26 08:30:00,False,08:30:00,2023-12-26
2723,2023-12-26 08:45:00,False,08:45:00,2023-12-26
2724,2023-12-26 09:00:00,False,09:00:00,2023-12-26
2725,2023-12-26 09:15:00,False,09:15:00,2023-12-26
2726,2023-12-26 09:30:00,False,09:30:00,2023-12-26
2727,2023-12-26 09:45:00,False,09:45:00,2023-12-26
2728,2023-12-26 10:00:00,False,10:00:00,2023-12-26
2729,2023-12-26 10:15:00,False,10:15:00,2023-12-26
2730,2023-12-26 10:30:00,False,10:30:00,2023-12-26
2731,2023-12-26 10:45:00,False,10:45:00,2023-12-26
2732,2023-12-26 11:00:00,False,11:00:00,2023-12-26
2733,2023-12-26 11:15:00,False,11:15:00,2023-12-26
2734,2023-12-26 11:30:00,False,11:30:00,2023-12-26
2735,2023-12-26 11:45:00,False,11:45:00,2023-12-26
2736,2023-12-26 12:00:00,False,12:00:00,2023-12-26
2737,2023-12-26 12:15:00,False,12:15:00,2023-12-26
2738,2023-12-26 12:30:00,False,12:30:00,2023-12-26
2739,2023-12-26 12:45:00,False,12:45:00,2023-12-26
2740,2023-12-26 13:00:00,False,13:00:00,2023-12-26
2741,2023-12-26 13:15:00,False,13:15:00,2023-12-26
2742,2023-12-26 13:30:00,False,13:30:00,2023-12-26
2743,2023-12-26 13:45:00,False,13:45:00,2023-12-26
2744,2023-12-26 14:00:00,False,14:00:00,2023-12-26
2745,2023-12-26 14:15:00,False,14:15:00,2023-12-26
2746,2023-12-26 14:30:00,False,14:30:00,2023-12-26
2747,2023-12-26 14:45:00,False,14:45:00,2023-12-26
2748,2023-12-26 15:00:00,False,15:00:00,2023-12-26
2749,2023-12-26 15:15:00,False,15:15:00,2023-12-26
2750,2023-12-26 15:30:00,False,15:30:00,2023-12-26
2751,2023-12-26 15:45:00,False,15:45:00,2023-12-26
2752,2023-12-26 16:00:00,False,16:00:00,2023-12-26
2753,2023-12-26 16:15:00,False,16:15:00,2023-12-26
2754,2023-12-26 16:30:00,False,16:30:00,2023-12-26
2755,2023-12-26 16:45:00,False,16:45:00,2023-12-26
2756,2023-12-26 17:00:00,False,17:00:00,2023-12-26
2757,2023-12-26 17:15:00,False,17:15:00,2023-12-26
2758,2023-12-26 17:30:00,False,17:30:00,2023-12-26
2759,2023-12-26 17:45:00,False,17:45:00,2023-12-26
2760,2023-12-26 18:00:00,False,18:00:00,2023-12-26
2761,2023-12-26 18:15:00,False,18:15:00,2023-12-26
2762,2023-12-26 18:30:00,False,18:30:00,2023-12-26
2763,2023-12-26 18:45:00,False,18:45:00,2023-12-26
2764,2023-12-26 19:00:00,True,19:00:00,2023-12-26
2765,2023-12-26 19:15:00,True,19:15:00,2023-12-26
2766,2023-12-26 19:30:00,False,19:30:00,2023-12-26
2767,2023-12-26 19:45:00,False,19:45:00,2023-12-26
2768,2023-12-26 20:00:00,False,20:00:00,2023-12-26
2769,2023-12-26 20:15:00,False,20:15:00,2023-12-26
2770,2023-12-26 20:30:00,False,20:30:00,2023-12-26
2771,2023-12-26 20:45:00,False,20:45:00,2023-12-26
2772,2023-12-26 21:00:00,False,21:00:00,2023-12-26
2773,2023-12-26 21:15:00,False,21:15:00,2023-12-26
2774,2023-12-26 21:30:00,False,21:30:00,2023-12-26
2775,2023-12-26 21:45:00,False,21:45:00,2023-12-26
2776,2023-12-26 22:00:00,False,22:00:00,2023-12-26
2777,2023-12-26 22:15:00,False,22:15:00,2023-12-26
2778,2023-12-26 22:30:00,False,22:30:00,2023-12-26
2779,2023-12-26 22:45:00,False,22:45:00,2023-12-26
2780,2023-12-26 23:00:00,False,23:00:00,2023-12-26
2781,2023-12-26 23:15:00,False,23:15:00,2023-12-26
2782,2023-12-26 23:30:00,False,23:30:00,2023-12-26
2783,2023-12-26 23:45:00,False,23:45:00,2023-12-26
2784,2023-12-27 00:00:00,False,00:00:00,2023-12-27
2785,2023-12-27 00:15:00,False,00:15:00,2023-12-27
2786,2023-12-27 00:30:00,False,00:30:00,2023-12-27
2787,2023-12-27 00:45:00,False,00:45:00,2023-12-27
2788,2023-12-27 01:00:00,False,01:00:00,2023-12-27
2789,2023-12-27 01:15:00,False,01:15:00,2023-12-27
2790,2023-12-27 01:30:00,False,01:30:00,2023-12-27
2791,2023-12-27 01:45:00,False,01:45:00,2023-12-27
2792,2023-12-27 02:00:00,False,02:00:00,2023-12-27
2793,2023-12-27 02:15:00,False,02:15:00,2023-12-27
2794,2023-12-27 02:30:00,False,02:30:00,2023-12-27
2795,2023-12-27 02:45:00,False,02:45:00,2023-12-27
2796,2023-12-27 03:00:00,False,03:00:00,2023-12-27
2797,2023-12-27 03:15:00,False,03:15:00,2023-12-27
2798,2023-12-27 03:30:00,False,03:30:00,2023-12-27
2799,2023-12-27 03:45:00,False,03:45:00,2023-12-27
2800,2023-12-27 04:00:00,False,04:00:00,2023-12-27
2801,2023-12-27 04:15:00,False,04:15:00,2023-12-27
2802,2023-12-27 04:30:00,False,04:30:00,2023-12-27
2803,2023-12-27 04:45:00,False,04:45:00,2023-12-27
2804,2023-12-27 05:00:00,False,05:00:00,2023-12-27
2805,2023-12-27 05:15:00,False,05:15:00,2023-12-27
2806,2023-12-27 05:30:00,False,05:30:00,2023-12-27
2807,2023-12-27 05:45:00,False,05:45:00,2023-12-27
2808,2023-12-27 06:00:00,False,06:00:00,2023-12-27
2809,2023-12-27 06:15:00,False,06:15:00,2023-12-27
2810,2023-12-27 06:30:00,False,06:30:00,2023-12-27
2811,2023-12-27 06:45:00,False,06:45:00,2023-12-27
2812,2023-12-27 07:00:00,False,07:00:00,2023-12-27
2813,2023-12-27 07:15:00,False,07:15:00,2023-12-27
2814,2023-12-27 07:30:00,False,07:30:00,2023-12-27
2815,2023-12-27 07:45:00,False,07:45:00,2023-12-27
2816,2023-12-27 08:00:00,False,08:00:00,2023-12-27
2817,2023-12-27 08:15:00,False,08:15:00,2023-12-27
2818,2023-12-27 08:30:00,False,08:30:00,2023-12-27
2819,2023-12-27 08:45:00,False,08:45:00,2023-12-27
2820,2023-12-27 09:00:00,False,09:00:00,2023-12-27
2821,2023-12-27 09:15:00,False,09:15:00,2023-12-27
2822,2023-12-27 09:30:00,False,09:30:00,2023-12-27
2823,2023-12-27 09:45:00,False,09:45:00,2023-12-27
2824,2023-12-27 10:00:00,False,10:00:00,2023-12-27
2825,2023-12-27 10:15:00,False,10:15:00,2023-12-27
2826,2023-12-27 10:30:00,False,10:30:00,2023-12-27
2827,2023-12-27 10:45:00,False,10:45:00,2023-12-27
2828,2023-12-27 11:00:00,False,11:00:00,2023-12-27
2829,2023-12-27 11:15:00,False,11:15:00,2023-12-27
2830,2023-12-27 11:30:00,False,11:30:00,2023-12-27
2831,2023-12-27 11:45:00,False,11:45:00,2023-12-27
2832,2023-12-27 12:00:00,False,12:00:00,2023-12-27
2833,2023-12-27 12:15:00,False,12:15:00,2023-12-27
2834,2023-12-27 12:30:00,False,12:30:00,2023-12-27
2835,2023-12-27 12:45:00,False,12:45:00,2023-12-27
2836,2023-12-27 13:00:00,False,13:00:00,2023-12-27
2837,2023-12-27 13:15:00,False,13:15:00,2023-12-27
2838,2023-12-27 13:30:00,False,13:30:00,2023-12-27
2839,2023-12-27 13:45:00,False,13:45:00,2023-12-27
2840,2023-12-27 14:00:00,False,14:00:00,2023-12-27
2841,2023-12-27 14:15:00,False,14:15:00,2023-12-27
2842,2023-12-27 14:30:00,False,14:30:00,2023-12-27
2843,2023-12-27 14:45:00,False,14:45:00,2023-12-27
2844,2023-12-27 15:00:00,False,15:00:00,2023-12-27
2845,2023-12-27 15:15:00,False,15:15:00,2023-12-27
2846,2023-12-27 15:30:00,False,15:30:00,2023-12-27
2847,2023-12-27 15:45:00,False,15:45:00,2023-12-27
2848,2023-12-27 16:00:00,False,16:00:00,2023-12-27
2849,2023-12-27 16:15:00,False,16:15:00,2023-12-27
2850,2023-12-27 16:30:00,False,16:30:00,2023-12-27
2851,2023-12-27 16:45:00,False,16:45:00,2023-12-27
2852,2023-12-27 17:00:00,False,17:00:00,2023-12-27
2853,2023-12-27 17:15:00,False,17:15:00,2023-12-27
2854,2023-12-27 17:30:00,False,17:30:00,2023-12-27
2855,2023-12-27 17:45:00,False,17:45:00,2023-12-27
2856,2023-12-27 18:00:00,False,18:00:00,2023-12-27
2857,2023-12-27 18:15:00,False,18:15:00,2023-12-27
2858,2023-12-27 18:30:00,False,18:30:00,2023-12-27
2859,2023-12-27 18:45:00,False,18:45:00,2023-12-27
2860,2023-12-27 19:00:00,False,19:00:00,2023-12-27
2861,2023-12-27 19:15:00,False,19:15:00,2023-12-27
2862,2023-12-27 19:30:00,False,19:30:00,2023-12-27
2863,2023-12-27 19:45:00,False,19:45:00,2023-12-27
2864,2023-12-27 20:00:00,False,20:00:00,2023-12-27
2865,2023-12-27 20:15:00,False,20:15:00,2023-12-27
2866,2023-12-27 20:30:00,False,20:30:00,2023-12-27
2867,2023-12-27 20:45:00,False,20:45:00,2023-12-27
2868,2023-12-27 21:00:00,False,21:00:00,2023-12-27
2869,2023-12-27 21:15:00,False,21:15:00,2023-12-27
2870,2023-12-27 21:30:00,False,21:30:00,2023-12-27
2871,2023-12-27 21:45:00,False,21:45:00,2023-12-27
2872,2023-12-27 22:00:00,False,22:00:00,2023-12-27
2873,2023-12-27 22:15:00,False,22:15:00,2023-12-27
2874,2023-12-27 22:30:00,False,22:30:00,2023-12-27
2875,2023-12-27 22:45:00,False,22:45:00,2023-12-27
2876,2023-12-27 23:00:00,False,23:00:00,2023-12-27
2877,2023-12-27 23:15:00,False,23:15:00,2023-12-27
2878,2023-12-27 23:30:00,False,23:30:00,2023-12-27
2879,2023-12-27 23:45:00,False,23:45:00,2023-12-27
2880,2023-12-28 00:00:00,False,00:00:00,2023-12-28
2881,2023-12-28 00:15:00,False,00:15:00,2023-12-28
2882,2023-12-28 00:30:00,False,00:30:00,2023-12-28
2883,2023-12-28 00:45:00,False,00:45:00,2023-12-28
2884,2023-12-28 01:00:00,False,01:00:00,2023-12-28
2885,2023-12-28 01:15:00,False,01:15:00,2023-12-28
2886,2023-12-28 01:30:00,False,01:30:00,2023-12-28
2887,2023-12-28 01:45:00,False,01:45:00,2023-12-28
2888,2023-12-28 02:00:00,False,02:00:00,2023-12-28
2889,2023-12-28 02:15:00,False,02:15:00,2023-12-28
2890,2023-12-28 02:30:00,False,02:30:00,2023-12-28
2891,2023-12-28 02:45:00,False,02:45:00,2023-12-28
2892,2023-12-28 03:00:00,False,03:00:00,2023-12-28
2893,2023-12-28 03:15:00,False,03:15:00,2023-12-28
2894,2023-12-28 03:30:00,False,03:30:00,2023-12-28
2895,2023-12-28 03:45:00,False,03:45:00,2023-12-28
2896,2023-12-28 04:00:00,False,04:00:00,2023-12-28
2897,2023-12-28 04:15:00,False,04:15:00,2023-12-28
2898,2023-12-28 04:30:00,False,04:30:00,2023-12-28
2899,2023-12-28 04:45:00,False,04:45:00,2023-12-28
2900,2023-12-28 05:00:00,False,05:00:00,2023-12-28
2901,2023-12-28 05:15:00,False,05:15:00,2023-12-28
2902,2023-12-28 05:30:00,False,05:30:00,2023-12-28
2903,2023-12-28 05:45:00,False,05:45:00,2023-12-28
2904,2023-12-28 06:00:00,False,06:00:00,2023-12-28
2905,2023-12-28 06:15:00,False,06:15:00,2023-12-28
2906,2023-12-28 06:30:00,False,06:30:00,2023-12-28
2907,2023-12-28 06:45:00,False,06:45:00,2023-12-28
2908,2023-12-28 07:00:00,False,07:00:00,2023-12-28
2909,2023-12-28 07:15:00,False,07:15:00,2023-12-28
2910,2023-12-28 07:30:00,False,07:30:00,2023-12-28
2911,2023-12-28 07:45:00,False,07:45:00,2023-12-28
2912,2023-12-28 08:00:00,False,08:00:00,2023-12-28
2913,2023-12-28 08:15:00,False,08:15:00,2023-12-28
2914,2023-12-28 08:30:00,False,08:30:00,2023-12-28
2915,2023-12-28 08:45:00,False,08:45:00,2023-12-28
2916,2023-12-28 09:00:00,False,09:00:00,2023-12-28
2917,2023-12-28 09:15:00,False,09:15:00,2023-12-28
2918,2023-12-28 09:30:00,False,09:30:00,2023-12-28
2919,2023-12-28 09:45:00,False,09:45:00,2023-12-28
2920,2023-12-28 10:00:00,False,10:00:00,2023-12-28
2921,2023-12-28 10:15:00,False,10:15:00,2023-12-28
2922,2023-12-28 10:30:00,False,10:30:00,2023-12-28
2923,2023-12-28 10:45:00,False,10:45:00,2023-12-28
2924,2023-12-28 11:00:00,False,11:00:00,2023-12-28
2925,2023-12-28 11:15:00,False,11:15:00,2023-12-28
2926,2023-12-28 11:30:00,False,11:30:00,2023-12-28
2927,2023-12-28 11:45:00,False,11:45:00,2023-12-28
2928,2023-12-28 12:00:00,False,12:00:00,2023-12-28
2929,2023-12-28 12:15:00,False,12:15:00,2023-12-28
2930,2023-12-28 12:30:00,False,12:30:00,2023-12-28
2931,2023-12-28 12:45:00,False,12:45:00,2023-12-28
2932,2023-12-28 13:00:00,False,13:00:00,2023-12-28
2933,2023-12-28 13:15:00,False,13:15:00,2023-12-28
2934,2023-12-28 13:30:00,False,13:30:00,2023-12-28
2935,2023-12-28 13:45:00,False,13:45:00,2023-12-28
2936,2023-12-28 14:00:00,False,14:00:00,2023-12-28
2937,2023-12-28 14:15:00,False,14:15:00,2023-12-28
2938,2023-12-28 14:30:00,False,14:30:00,2023-12-28
2939,2023-12-28 14:45:00,False,14:45:00,2023-12-28
2940,2023-12-28 15:00:00,False,15:00:00,2023-12-28
2941,2023-12-28 15:15:00,False,15:15:00,2023-12-28
2942,2023-12-28 15:30:00,False,15:30:00,2023-12-28
2943,2023-12-28 15:45:00,False,15:45:00,2023-12-28
2944,2023-12-28 16:00:00,False,16:00:00,2023-12-28
2945,2023-12-28 16:15:00,False,16:15:00,2023-12-28
2946,2023-12-28 16:30:00,False,16:30:00,2023-12-28
2947,2023-12-28 16:45:00,False,16:45:00,2023-12-28
2948,2023-12-28 17:00:00,False,17:00:00,2023-12-28
2949,2023-12-28 17:15:00,False,17:15:00,2023-12-28
2950,2023-12-28 17:30:00,False,17:30:00,2023-12-28
2951,2023-12-28 17:45:00,False,17:45:00,2023-12-28
2952,2023-12-28 18:00:00,False,18:00:00,2023-12-28
2953,2023-12-28 18:15:00,False,18:15:00,2023-12-28
2954,2023-12-28 18:30:00,False,18:30:00,2023-12-28
2955,2023-12-28 18:45:00,False,18:45:00,2023-12-28
2956,2023-12-28 19:00:00,False,19:00:00,2023-12-28
2957,2023-12-28 19:15:00,False,19:15:00,2023-12-28
2958,2023-12-28 19:30:00,False,19:30:00,2023-12-28
2959,2023-12-28 19:45:00,False,19:45:00,2023-12-28
2960,2023-12-28 20:00:00,False,20:00:00,2023-12-28
2961,2023-12-28 20:15:00,False,20:15:00,2023-12-28
2962,2023-12-28 20:30:00,False,20:30:00,2023-12-28
2963,2023-12-28 20:45:00,False,20:45:00,2023-12-28
2964,2023-12-28 21:00:00,False,21:00:00,2023-12-28
2965,2023-12-28 21:15:00,False,21:15:00,2023-12-28
2966,2023-12-28 21:30:00,False,21:30:00,2023-12-28
2967,2023-12-28 21:45:00,False,21:45:00,2023-12-28
2968,2023-12-28 22:00:00,False,22:00:00,2023-12-28
2969,2023-12-28 22:15:00,False,22:15:00,2023-12-28
2970,2023-12-28 22:30:00,False,22:30:00,2023-12-28
2971,2023-12-28 22:45:00,False,22:45:00,2023-12-28
2972,2023-12-28 23:00:00,False,23:00:00,2023-12-28
2973,2023-12-28 23:15:00,False,23:15:00,2023-12-28
2974,2023-12-28 23:30:00,False,23:30:00,2023-12-28
2975,2023-12-28 23:45:00,False,23:45:00,2023-12-28
2976,2023-12-29 00:00:00,False,00:00:00,2023-12-29
2977,2023-12-29 00:15:00,False,00:15:00,2023-12-29
2978,2023-12-29 00:30:00,False,00:30:00,2023-12-29
2979,2023-12-29 00:45:00,False,00:45:00,2023-12-29
2980,2023-12-29 01:00:00,False,01:00:00,2023-12-29
2981,2023-12-29 01:15:00,False,01:15:00,2023-12-29
2982,2023-12-29 01:30:00,False,01:30:00,2023-12-29
2983,2023-12-29 01:45:00,False,01:45:00,2023-12-29
2984,2023-12-29 02:00:00,False,02:00:00,2023-12-29
2985,2023-12-29 02:15:00,False,02:15:00,2023-12-29
2986,2023-12-29 02:30:00,False,02:30:00,2023-12-29
2987,2023-12-29 02:45:00,False,02:45:00,2023-12-29
2988,2023-12-29 03:00:00,False,03:00:00,2023-12-29
2989,2023-12-29 03:15:00,False,03:15:00,2023-12-29
2990,2023-12-29 03:30:00,False,03:30:00,2023-12-29
2991,2023-12-29 03:45:00,False,03:45:00,2023-12-29
2992,2023-12-29 04:00:00,False,04:00:00,2023-12-29
2993,2023-12-29 04:15:00,False,04:15:00,2023-12-29
2994,2023-12-29 04:30:00,False,04:30:00,2023-12-29
2995,2023-12-29 04:45:00,False,04:45:00,2023-12-29
2996,2023-12-29 05:00:00,False,05:00:00,2023-12-29
2997,2023-12-29 05:15:00,False,05:15:00,2023-12-29
2998,2023-12-29 05:30:00,False,05:30:00,2023-12-29
2999,2023-12-29 05:45:00,False,05:45:00,2023-12-29
3000,2023-12-29 06:00:00,False,06:00:00,2023-12-29
3001,2023-12-29 06:15:00,False,06:15:00,2023-12-29
3002,2023-12-29 06:30:00,False,06:30:00,2023-12-29
3003,2023-12-29 06:45:00,False,06:45:00,2023-12-29
3004,2023-12-29 07:00:00,False,07:00:00,2023-12-29
3005,2023-12-29 07:15:00,False,07:15:00,2023-12-29
3006,2023-12-29 07:30:00,False,07:30:00,2023-12-29
3007,2023-12-29 07:45:00,False,07:45:00,2023-12-29
3008,2023-12-29 08:00:00,False,08:00:00,2023-12-29
3009,2023-12-29 08:15:00,False,08:15:00,2023-12-29
3010,2023-12-29 08:30:00,False,08:30:00,2023-12-29
3011,2023-12-29 08:45:00,False,08:45:00,2023-12-29
3012,2023-12-29 09:00:00,False,09:00:00,2023-12-29
3013,2023-12-29 09:15:00,False,09:15:00,2023-12-29
3014,2023-12-29 09:30:00,False,09:30:00,2023-12-29
3015,2023-12-29 09:45:00,False,09:45:00,2023-12-29
3016,2023-12-29 10:00:00,False,10:00:00,2023-12-29
3017,2023-12-29 10:15:00,False,10:15:00,2023-12-29
3018,2023-12-29 10:30:00,False,10:30:00,2023-12-29
3019,2023-12-29 10:45:00,False,10:45:00,2023-12-29
3020,2023-12-29 11:00:00,False,11:00:00,2023-12-29
3021,2023-12-29 11:15:00,False,11:15:00,2023-12-29
3022,2023-12-29 11:30:00,False,11:30:00,2023-12-29
3023,2023-12-29 11:45:00,False,11:45:00,2023-12-29
3024,2023-12-29 12:00:00,False,12:00:00,2023-12-29
3025,2023-12-29 12:15:00,False,12:15:00,2023-12-29
3026,2023-12-29 12:30:00,False,12:30:00,2023-12-29
3027,2023-12-29 12:45:00,False,12:45:00,2023-12-29
3028,2023-12-29 13:00:00,False,13:00:00,2023-12-29
3029,2023-12-29 13:15:00,False,13:15:00,2023-12-29
3030,2023-12-29 13:30:00,False,13:30:00,2023-12-29
3031,2023-12-29 13:45:00,False,13:45:00,2023-12-29
3032,2023-12-29 14:00:00,False,14:00:00,2023-12-29
3033,2023-12-29 14:15:00,False,14:15:00,2023-12-29
3034,2023-12-29 14:30:00,False,14:30:00,2023-12-29
3035,2023-12-29 14:45:00,False,14:45:00,2023-12-29
3036,2023-12-29 15:00:00,False,15:00:00,2023-12-29
3037,2023-12-29 15:15:00,False,15:15:00,2023-12-29
3038,2023-12-29 15:30:00,False,15:30:00,2023-12-29
3039,2023-12-29 15:45:00,False,15:45:00,2023-12-29
3040,2023-12-29 16:00:00,False,16:00:00,2023-12-29
3041,2023-12-29 16:15:00,False,16:15:00,2023-12-29
3042,2023-12-29 16:30:00,False,16:30:00,2023-12-29
3043,2023-12-29 16:45:00,False,16:45:00,2023-12-29
3044,2023-12-29 17:00:00,False,17:00:00,2023-12-29
3045,2023-12-29 17:15:00,False,17:15:00,2023-12-29
3046,2023-12-29 17:30:00,False,17:30:00,2023-12-29
3047,2023-12-29 17:45:00,False,17:45:00,2023-12-29
3048,2023-12-29 18:00:00,False,18:00:00,2023-12-29
3049,2023-12-29 18:15:00,False,18:15:00,2023-12-29
3050,2023-12-29 18:30:00,False,18:30:00,2023-12-29
3051,2023-12-29 18:45:00,False,18:45:00,2023-12-29
3052,2023-12-29 19:00:00,False,19:00:00,2023-12-29
3053,2023-12-29 19:15:00,False,19:15:00,2023-12-29
3054,2023-12-29 19:30:00,False,19:30:00,2023-12-29
3055,2023-12-29 19:45:00,False,19:45:00,2023-12-29
3056,2023-12-29 20:00:00,True,20:00:00,2023-12-29
3057,2023-12-29 20:15:00,True,20:15:00,2023-12-29
3058,2023-12-29 20:30:00,True,20:30:00,2023-12-29
3059,2023-12-29 20:45:00,True,20:45:00,2023-12-29
3060,2023-12-29 21:00:00,False,21:00:00,2023-12-29
3061,2023-12-29 21:15:00,False,21:15:00,2023-12-29
3062,2023-12-29 21:30:00,False,21:30:00,2023-12-29
3063,2023-12-29 21:45:00,False,21:45:00,2023-12-29
3064,2023-12-29 22:00:00,False,22:00:00,2023-12-29
3065,2023-12-29 22:15:00,False,22:15:00,2023-12-29
3066,2023-12-29 22:30:00,False,22:30:00,2023-12-29
3067,2023-12-29 22:45:00,False,22:45:00,2023-12-29
3068,2023-12-29 23:00:00,False,23:00:00,2023-12-29
3069,2023-12-29 23:15:00,False,23:15:00,2023-12-29
3070,2023-12-29 23:30:00,False,23:30:00,2023-12-29
3071,2023-12-29 23:45:00,False,23:45:00,2023-12-29
3072,2023-12-30 00:00:00,False,00:00:00,2023-12-30
3073,2023-12-30 00:15:00,False,00:15:00,2023-12-30
3074,2023-12-30 00:30:00,False,00:30:00,2023-12-30
3075,2023-12-30 00:45:00,False,00:45:00,2023-12-30
3076,2023-12-30 01:00:00,False,01:00:00,2023-12-30
3077,2023-12-30 01:15:00,False,01:15:00,2023-12-30
3078,2023-12-30 01:30:00,False,01:30:00,2023-12-30
3079,2023-12-30 01:45:00,False,01:45:00,2023-12-30
3080,2023-12-30 02:00:00,False,02:00:00,2023-12-30
3081,2023-12-30 02:15:00,False,02:15:00,2023-12-30
3082,2023-12-30 02:30:00,False,02:30:00,2023-12-30
3083,2023-12-30 02:45:00,False,02:45:00,2023-12-30
3084,2023-12-30 03:00:00,False,03:00:00,2023-12-30
3085,2023-12-30 03:15:00,False,03:15:00,2023-12-30
3086,2023-12-30 03:30:00,False,03:30:00,2023-12-30
3087,2023-12-30 03:45:00,False,03:45:00,2023-12-30
3088,2023-12-30 04:00:00,False,04:00:00,2023-12-30
3089,2023-12-30 04:15:00,False,04:15:00,2023-12-30
3090,2023-12-30 04:30:00,False,04:30:00,2023-12-30
3091,2023-12-30 04:45:00,False,04:45:00,2023-12-30
3092,2023-12-30 05:00:00,False,05:00:00,2023-12-30
3093,2023-12-30 05:15:00,False,05:15:00,2023-12-30
3094,2023-12-30 05:30:00,False,05:30:00,2023-12-30
3095,2023-12-30 05:45:00,False,05:45:00,2023-12-30
3096,2023-12-30 06:00:00,False,06:00:00,2023-12-30
3097,2023-12-30 06:15:00,False,06:15:00,2023-12-30
3098,2023-12-30 06:30:00,False,06:30:00,2023-12-30
3099,2023-12-30 06:45:00,False,06:45:00,2023-12-30
3100,2023-12-30 07:00:00,False,07:00:00,2023-12-30
3101,2023-12-30 07:15:00,False,07:15:00,2023-12-30
3102,2023-12-30 07:30:00,False,07:30:00,2023-12-30
3103,2023-12-30 07:45:00,False,07:45:00,2023-12-30
3104,2023-12-30 08:00:00,False,08:00:00,2023-12-30
3105,2023-12-30 08:15:00,False,08:15:00,2023-12-30
3106,2023-12-30 08:30:00,False,08:30:00,2023-12-30
3107,2023-12-30 08:45:00,False,08:45:00,2023-12-30
3108,2023-12-30 09:00:00,False,09:00:00,2023-12-30
3109,2023-12-30 09:15:00,False,09:15:00,2023-12-30
3110,2023-12-30 09:30:00,False,09:30:00,2023-12-30
3111,2023-12-30 09:45:00,False,09:45:00,2023-12-30
3112,2023-12-30 10:00:00,False,10:00:00,2023-12-30
3113,2023-12-30 10:15:00,False,10:15:00,2023-12-30
3114,2023-12-30 10:30:00,False,10:30:00,2023-12-30
3115,2023-12-30 10:45:00,False,10:45:00,2023-12-30
3116,2023-12-30 11:00:00,False,11:00:00,2023-12-30
3117,2023-12-30 11:15:00,False,11:15:00,2023-12-30
3118,2023-12-30 11:30:00,False,11:30:00,2023-12-30
3119,2023-12-30 11:45:00,False,11:45:00,2023-12-30
3120,2023-12-30 12:00:00,False,12:00:00,2023-12-30
3121,2023-12-30 12:15:00,False,12:15:00,2023-12-30
3122,2023-12-30 12:30:00,False,12:30:00,2023-12-30
3123,2023-12-30 12:45:00,False,12:45:00,2023-12-30
3124,2023-12-30 13:00:00,False,13:00:00,2023-12-30
3125,2023-12-30 13:15:00,False,13:15:00,2023-12-30
3126,2023-12-30 13:30:00,False,13:30:00,2023-12-30
3127,2023-12-30 13:45:00,False,13:45:00,2023-12-30
3128,2023-12-30 14:00:00,False,14:00:00,2023-12-30
3129,2023-12-30 14:15:00,False,14:15:00,2023-12-30
3130,2023-12-30 14:30:00,False,14:30:00,2023-12-30
3131,2023-12-30 14:45:00,False,14:45:00,2023-12-30
3132,2023-12-30 15:00:00,False,15:00:00,2023-12-30
3133,2023-12-30 15:15:00,False,15:15:00,2023-12-30
3134,2023-12-30 15:30:00,False,15:30:00,2023-12-30
3135,2023-12-30 15:45:00,False,15:45:00,2023-12-30
3136,2023-12-30 16:00:00,False,16:00:00,2023-12-30
3137,2023-12-30 16:15:00,False,16:15:00,2023-12-30
3138,2023-12-30 16:30:00,False,16:30:00,2023-12-30
3139,2023-12-30 16:45:00,False,16:45:00,2023-12-30
3140,2023-12-30 17:00:00,False,17:00:00,2023-12-30
3141,2023-12-30 17:15:00,False,17:15:00,2023-12-30
3142,2023-12-30 17:30:00,False,17:30:00,2023-12-30
3143,2023-12-30 17:45:00,False,17:45:00,2023-12-30
3144,2023-12-30 18:00:00,False,18:00:00,2023-12-30
3145,2023-12-30 18:15:00,False,18:15:00,2023-12-30
3146,2023-12-30 18:30:00,False,18:30:00,2023-12-30
3147,2023-12-30 18:45:00,False,18:45:00,2023-12-30
3148,2023-12-30 19:00:00,False,19:00:00,2023-12-30
3149,2023-12-30 19:15:00,False,19:15:00,2023-12-30
3150,2023-12-30 19:30:00,False,19:30:00,2023-12-30
3151,2023-12-30 19:45:00,False,19:45:00,2023-12-30
3152,2023-12-30 20:00:00,False,20:00:00,2023-12-30
3153,2023-12-30 20:15:00,False,20:15:00,2023-12-30
3154,2023-12-30 20:30:00,False,20:30:00,2023-12-30
3155,2023-12-30 20:45:00,False,20:45:00,2023-12-30
3156,2023-12-30 21:00:00,False,21:00:00,2023-12-30
3157,2023-12-30 21:15:00,False,21:15:00,2023-12-30
3158,2023-12-30 21:30:00,False,21:30:00,2023-12-30
3159,2023-12-30 21:45:00,False,21:45:00,2023-12-30
3160,2023-12-30 22:00:00,False,22:00:00,2023-12-30
3161,2023-12-30 22:15:00,False,22:15:00,2023-12-30
3162,2023-12-30 22:30:00,False,22:30:00,2023-12-30
3163,2023-12-30 22:45:00,False,22:45:00,2023-12-30
3164,2023-12-30 23:00:00,False,23:00:00,2023-12-30
3165,2023-12-30 23:15:00,False,23:15:00,2023-12-30
3166,2023-12-30 23:30:00,False,23:30:00,2023-12-30
3167,2023-12-30 23:45:00,False,23:45:00,2023-12-30
3168,2023-12-31 00:00:00,False,00:00:00,2023-12-31
3169,2023-12-31 00:15:00,False,00:15:00,2023-12-31
3170,2023-12-31 00:30:00,False,00:30:00,2023-12-31
3171,2023-12-31 00:45:00,False,00:45:00,2023-12-31
3172,2023-12-31 01:00:00,False,01:00:00,2023-12-31
3173,2023-12-31 01:15:00,False,01:15:00,2023-12-31
3174,2023-12-31 01:30:00,False,01:30:00,2023-12-31
3175,2023-12-31 01:45:00,False,01:45:00,2023-12-31
3176,2023-12-31 02:00:00,False,02:00:00,2023-12-31
3177,2023-12-31 02:15:00,False,02:15:00,2023-12-31
3178,2023-12-31 02:30:00,False,02:30:00,2023-12-31
3179,2023-12-31 02:45:00,False,02:45:00,2023-12-31
3180,2023-12-31 03:00:00,False,03:00:00,2023-12-31
3181,2023-12-31 03:15:00,False,03:15:00,2023-12-31
3182,2023-12-31 03:30:00,False,03:30:00,2023-12-31
3183,2023-12-31 03:45:00,False,03:45:00,2023-12-31
3184,2023-12-31 04:00:00,False,04:00:00,2023-12-31
3185,2023-12-31 04:15:00,False,04:15:00,2023-12-31
3186,2023-12-31 04:30:00,False,04:30:00,2023-12-31
3187,2023-12-31 04:45:00,False,04:45:00,2023-12-31
3188,2023-12-31 05:00:00,False,05:00:00,2023-12-31
3189,2023-12-31 05:15:00,False,05:15:00,2023-12-31
3190,2023-12-31 05:30:00,False,05:30:00,2023-12-31
3191,2023-12-31 05:45:00,False,05:45:00,2023-12-31
3192,2023-12-31 06:00:00,False,06:00:00,2023-12-31
3193,2023-12-31 06:15:00,False,06:15:00,2023-12-31
3194,2023-12-31 06:30:00,False,06:30:00,2023-12-31
3195,2023-12-31 06:45:00,False,06:45:00,2023-12-31
3196,2023-12-31 07:00:00,False,07:00:00,2023-12-31
3197,2023-12-31 07:15:00,False,07:15:00,2023-12-31
3198,2023-12-31 07:30:00,False,07:30:00,2023-12-31
3199,2023-12-31 07:45:00,False,07:45:00,2023-12-31
3200,2023-12-31 08:00:00,False,08:00:00,2023-12-31
3201,2023-12-31 08:15:00,False,08:15:00,2023-12-31
3202,2023-12-31 08:30:00,False,08:30:00,2023-12-31
3203,2023-12-31 08:45:00,False,08:45:00,2023-12-31
3204,2023-12-31 09:00:00,False,09:00:00,2023-12-31
3205,2023-12-31 09:15:00,False,09:15:00,2023-12-31
3206,2023-12-31 09:30:00,False,09:30:00,2023-12-31
3207,2023-12-31 09:45:00,False,09:45:00,2023-12-31
3208,2023-12-31 10:00:00,False,10:00:00,2023-12-31
3209,2023-12-31 10:15:00,False,10:15:00,2023-12-31
3210,2023-12-31 10:30:00,True,10:30:00,2023-12-31
3211,2023-12-31 10:45:00,True,10:45:00,2023-12-31
3212,2023-12-31 11:00:00,True,11:00:00,2023-12-31
3213,2023-12-31 11:15:00,True,11:15:00,2023-12-31
3214,2023-12-31 11:30:00,True,11:30:00,2023-12-31
3215,2023-12-31 11:45:00,True,11:45:00,2023-12-31
3216,2023-12-31 12:00:00,False,12:00:00,2023-12-31
3217,2023-12-31 12:15:00,False,12:15:00,2023-12-31
3218,2023-12-31 12:30:00,False,12:30:00,2023-12-31
3219,2023-12-31 12:45:00,False,12:45:00,2023-12-31
3220,2023-12-31 13:00:00,False,13:00:00,2023-12-31
3221,2023-12-31 13:15:00,False,13:15:00,2023-12-31
3222,2023-12-31 13:30:00,False,13:30:00,2023-12-31
3223,2023-12-31 13:45:00,False,13:45:00,2023-12-31
3224,2023-12-31 14:00:00,False,14:00:00,2023-12-31
3225,2023-12-31 14:15:00,False,14:15:00,2023-12-31
3226,2023-12-31 14:30:00,False,14:30:00,2023-12-31
3227,2023-12-31 14:45:00,False,14:45:00,2023-12-31
3228,2023-12-31 15:00:00,False,15:00:00,2023-12-31
3229,2023-12-31 15:15:00,False,15:15:00,2023-12-31
3230,2023-12-31 15:30:00,False,15:30:00,2023-12-31
3231,2023-12-31 15:45:00,False,15:45:00,2023-12-31
3232,2023-12-31 16:00:00,False,16:00:00,2023-12-31
3233,2023-12-31 16:15:00,False,16:15:00,2023-12-31
3234,2023-12-31 16:30:00,False,16:30:00,2023-12-31
3235,2023-12-31 16:45:00,False,16:45:00,2023-12-31
3236,2023-12-31 17:00:00,False,17:00:00,2023-12-31
3237,2023-12-31 17:15:00,False,17:15:00,2023-12-31
3238,2023-12-31 17:30:00,False,17:30:00,2023-12-31
3239,2023-12-31 17:45:00,False,17:45:00,2023-12-31
3240,2023-12-31 18:00:00,False,18:00:00,2023-12-31
3241,2023-12-31 18:15:00,False,18:15:00,2023-12-31
3242,2023-12-31 18:30:00,False,18:30:00,2023-12-31
3243,2023-12-31 18:45:00,True,18:45:00,2023-12-31
3244,2023-12-31 19:00:00,True,19:00:00,2023-12-31
3245,2023-12-31 19:15:00,True,19:15:00,2023-12-31
3246,2023-12-31 19:30:00,False,19:30:00,2023-12-31
3247,2023-12-31 19:45:00,False,19:45:00,2023-12-31
3248,2023-12-31 20:00:00,False,20:00:00,2023-12-31
3249,2023-12-31 20:15:00,False,20:15:00,2023-12-31
3250,2023-12-31 20:30:00,False,20:30:00,2023-12-31
3251,2023-12-31 20:45:00,False,20:45:00,2023-12-31
3252,2023-12-31 21:00:00,False,21:00:00,2023-12-31
3253,2023-12-31 21:15:00,False,21:15:00,2023-12-31
3254,2023-12-31 21:30:00,False,21:30:00,2023-12-31
3255,2023-12-31 21:45:00,False,21:45:00,2023-12-31
3256,2023-12-31 22:00:00,False,22:00:00,2023-12-31
3257,2023-12-31 22:15:00,False,22:15:00,2023-12-31
3258,2023-12-31 22:30:00,False,22:30:00,2023-12-31
3259,2023-12-31 22:45:00,False,22:45:00,2023-12-31
3260,2023-12-31 23:00:00,False,23:00:00,2023-12-31
3261,2023-12-31 23:15:00,False,23:15:00,2023-12-31
3262,2023-12-31 23:30:00,False,23:30:00,2023-12-31
3263,2023-12-31 23:45:00,False,23:45:00,2023-12-31
3264,2024-01-01 00:00:00,False,00:00:00,2024-01-01
3265,2024-01-01 00:15:00,False,00:15:00,2024-01-01
3266,2024-01-01 00:30:00,False,00:30:00,2024-01-01
3267,2024-01-01 00:45:00,False,00:45:00,2024-01-01
3268,2024-01-01 01:00:00,False,01:00:00,2024-01-01
3269,2024-01-01 01:15:00,False,01:15:00,2024-01-01
3270,2024-01-01 01:30:00,False,01:30:00,2024-01-01
3271,2024-01-01 01:45:00,False,01:45:00,2024-01-01
3272,2024-01-01 02:00:00,False,02:00:00,2024-01-01
3273,2024-01-01 02:15:00,False,02:15:00,2024-01-01
3274,2024-01-01 02:30:00,False,02:30:00,2024-01-01
3275,2024-01-01 02:45:00,False,02:45:00,2024-01-01
3276,2024-01-01 03:00:00,False,03:00:00,2024-01-01
3277,2024-01-01 03:15:00,False,03:15:00,2024-01-01
3278,2024-01-01 03:30:00,False,03:30:00,2024-01-01
3279,2024-01-01 03:45:00,False,03:45:00,2024-01-01
3280,2024-01-01 04:00:00,False,04:00:00,2024-01-01
3281,2024-01-01 04:15:00,False,04:15:00,2024-01-01
3282,2024-01-01 04:30:00,False,04:30:00,2024-01-01
3283,2024-01-01 04:45:00,False,04:45:00,2024-01-01
3284,2024-01-01 05:00:00,False,05:00:00,2024-01-01
3285,2024-01-01 05:15:00,False,05:15:00,2024-01-01
3286,2024-01-01 05:30:00,False,05:30:00,2024-01-01
3287,2024-01-01 05:45:00,False,05:45:00,2024-01-01
3288,2024-01-01 06:00:00,False,06:00:00,2024-01-01
3289,2024-01-01 06:15:00,False,06:15:00,2024-01-01
3290,2024-01-01 06:30:00,False,06:30:00,2024-01-01
3291,2024-01-01 06:45:00,False,06:45:00,2024-01-01
3292,2024-01-01 07:00:00,False,07:00:00,2024-01-01
3293,2024-01-01 07:15:00,False,07:15:00,2024-01-01
3294,2024-01-01 07:30:00,False,07:30:00,2024-01-01
3295,2024-01-01 07:45:00,False,07:45:00,2024-01-01
3296,2024-01-01 08:00:00,False,08:00:00,2024-01-01
3297,2024-01-01 08:15:00,False,08:15:00,2024-01-01
3298,2024-01-01 08:30:00,False,08:30:00,2024-01-01
3299,2024-01-01 08:45:00,False,08:45:00,2024-01-01
3300,2024-01-01 09:00:00,False,09:00:00,2024-01-01
3301,2024-01-01 09:15:00,False,09:15:00,2024-01-01
3302,2024-01-01 09:30:00,False,09:30:00,2024-01-01
3303,2024-01-01 09:45:00,False,09:45:00,2024-01-01
3304,2024-01-01 10:00:00,False,10:00:00,2024-01-01
3305,2024-01-01 10:15:00,False,10:15:00,2024-01-01
3306,2024-01-01 10:30:00,False,10:30:00,2024-01-01
3307,2024-01-01 10:45:00,False,10:45:00,2024-01-01
3308,2024-01-01 11:00:00,False,11:00:00,2024-01-01
3309,2024-01-01 11:15:00,False,11:15:00,2024-01-01
3310,2024-01-01 11:30:00,False,11:30:00,2024-01-01
3311,2024-01-01 11:45:00,False,11:45:00,2024-01-01
3312,2024-01-01 12:00:00,False,12:00:00,2024-01-01
3313,2024-01-01 12:15:00,False,12:15:00,2024-01-01
3314,2024-01-01 12:30:00,False,12:30:00,2024-01-01
3315,2024-01-01 12:45:00,False,12:45:00,2024-01-01
3316,2024-01-01 13:00:00,False,13:00:00,2024-01-01
3317,2024-01-01 13:15:00,False,13:15:00,2024-01-01
3318,2024-01-01 13:30:00,False,13:30:00,2024-01-01
3319,2024-01-01 13:45:00,True,13:45:00,2024-01-01
3320,2024-01-01 14:00:00,False,14:00:00,2024-01-01
3321,2024-01-01 14:15:00,False,14:15:00,2024-01-01
3322,2024-01-01 14:30:00,False,14:30:00,2024-01-01
3323,2024-01-01 14:45:00,False,14:45:00,2024-01-01
3324,2024-01-01 15:00:00,False,15:00:00,2024-01-01
3325,2024-01-01 15:15:00,False,15:15:00,2024-01-01
3326,2024-01-01 15:30:00,False,15:30:00,2024-01-01
3327,2024-01-01 15:45:00,False,15:45:00,2024-01-01
3328,2024-01-01 16:00:00,False,16:00:00,2024-01-01
3329,2024-01-01 16:15:00,False,16:15:00,2024-01-01
3330,2024-01-01 16:30:00,False,16:30:00,2024-01-01
3331,2024-01-01 16:45:00,False,16:45:00,2024-01-01
3332,2024-01-01 17:00:00,False,17:00:00,2024-01-01
3333,2024-01-01 17:15:00,False,17:15:00,2024-01-01
3334,2024-01-01 17:30:00,False,17:30:00,2024-01-01
3335,2024-01-01 17:45:00,False,17:45:00,2024-01-01
3336,2024-01-01 18:00:00,False,18:00:00,2024-01-01
3337,2024-01-01 18:15:00,False,18:15:00,2024-01-01
3338,2024-01-01 18:30:00,False,18:30:00,2024-01-01
3339,2024-01-01 18:45:00,False,18:45:00,2024-01-01
3340,2024-01-01 19:00:00,False,19:00:00,2024-01-01
3341,2024-01-01 19:15:00,False,19:15:00,2024-01-01
3342,2024-01-01 19:30:00,False,19:30:00,2024-01-01
3343,2024-01-01 19:45:00,False,19:45:00,2024-01-01
3344,2024-01-01 20:00:00,False,20:00:00,2024-01-01
3345,2024-01-01 20:15:00,False,20:15:00,2024-01-01
3346,2024-01-01 20:30:00,False,20:30:00,2024-01-01
3347,2024-01-01 20:45:00,False,20:45:00,2024-01-01
3348,2024-01-01 21:00:00,False,21:00:00,2024-01-01
3349,2024-01-01 21:15:00,False,21:15:00,2024-01-01
3350,2024-01-01 21:30:00,False,21:30:00,2024-01-01
3351,2024-01-01 21:45:00,False,21:45:00,2024-01-01
3352,2024-01-01 22:00:00,False,22:00:00,2024-01-01
3353,2024-01-01 22:15:00,False,22:15:00,2024-01-01
3354,2024-01-01 22:30:00,False,22:30:00,2024-01-01
3355,2024-01-01 22:45:00,False,22:45:00,2024-01-01
3356,2024-01-01 23:00:00,False,23:00:00,2024-01-01
3357,2024-01-01 23:15:00,False,23:15:00,2024-01-01
3358,2024-01-01 23:30:00,False,23:30:00,2024-01-01
3359,2024-01-01 23:45:00,False,23:45:00,2024-01-01
3360,2024-01-02 00:00:00,False,00:00:00,2024-01-02
3361,2024-01-02 00:15:00,False,00:15:00,2024-01-02
3362,2024-01-02 00:30:00,False,00:30:00,2024-01-02
3363,2024-01-02 00:45:00,False,00:45:00,2024-01-02
3364,2024-01-02 01:00:00,False,01:00:00,2024-01-02
3365,2024-01-02 01:15:00,False,01:15:00,2024-01-02
3366,2024-01-02 01:30:00,False,01:30:00,2024-01-02
3367,2024-01-02 01:45:00,False,01:45:00,2024-01-02
3368,2024-01-02 02:00:00,False,02:00:00,2024-01-02
3369,2024-01-02 02:15:00,False,02:15:00,2024-01-02
3370,2024-01-02 02:30:00,False,02:30:00,2024-01-02
3371,2024-01-02 02:45:00,False,02:45:00,2024-01-02
3372,2024-01-02 03:00:00,False,03:00:00,2024-01-02
3373,2024-01-02 03:15:00,False,03:15:00,2024-01-02
3374,2024-01-02 03:30:00,False,03:30:00,2024-01-02
3375,2024-01-02 03:45:00,False,03:45:00,2024-01-02
3376,2024-01-02 04:00:00,False,04:00:00,2024-01-02
3377,2024-01-02 04:15:00,False,04:15:00,2024-01-02
3378,2024-01-02 04:30:00,False,04:30:00,2024-01-02
3379,2024-01-02 04:45:00,False,04:45:00,2024-01-02
3380,2024-01-02 05:00:00,False,05:00:00,2024-01-02
3381,2024-01-02 05:15:00,False,05:15:00,2024-01-02
3382,2024-01-02 05:30:00,False,05:30:00,2024-01-02
3383,2024-01-02 05:45:00,False,05:45:00,2024-01-02
3384,2024-01-02 06:00:00,False,06:00:00,2024-01-02
3385,2024-01-02 06:15:00,False,06:15:00,2024-01-02
3386,2024-01-02 06:30:00,False,06:30:00,2024-01-02
3387,2024-01-02 06:45:00,False,06:45:00,2024-01-02
3388,2024-01-02 07:00:00,False,07:00:00,2024-01-02
3389,2024-01-02 07:15:00,False,07:15:00,2024-01-02
3390,2024-01-02 07:30:00,False,07:30:00,2024-01-02
3391,2024-01-02 07:45:00,False,07:45:00,2024-01-02
3392,2024-01-02 08:00:00,False,08:00:00,2024-01-02
3393,2024-01-02 08:15:00,False,08:15:00,2024-01-02
3394,2024-01-02 08:30:00,False,08:30:00,2024-01-02
3395,2024-01-02 08:45:00,False,08:45:00,2024-01-02
3396,2024-01-02 09:00:00,False,09:00:00,2024-01-02
3397,2024-01-02 09:15:00,False,09:15:00,2024-01-02
3398,2024-01-02 09:30:00,False,09:30:00,2024-01-02
3399,2024-01-02 09:45:00,False,09:45:00,2024-01-02
3400,2024-01-02 10:00:00,False,10:00:00,2024-01-02
3401,2024-01-02 10:15:00,False,10:15:00,2024-01-02
3402,2024-01-02 10:30:00,False,10:30:00,2024-01-02
3403,2024-01-02 10:45:00,False,10:45:00,2024-01-02
3404,2024-01-02 11:00:00,False,11:00:00,2024-01-02
3405,2024-01-02 11:15:00,False,11:15:00,2024-01-02
3406,2024-01-02 11:30:00,False,11:30:00,2024-01-02
3407,2024-01-02 11:45:00,False,11:45:00,2024-01-02
3408,2024-01-02 12:00:00,False,12:00:00,2024-01-02
3409,2024-01-02 12:15:00,False,12:15:00,2024-01-02
3410,2024-01-02 12:30:00,False,12:30:00,2024-01-02
3411,2024-01-02 12:45:00,False,12:45:00,2024-01-02
3412,2024-01-02 13:00:00,False,13:00:00,2024-01-02
3413,2024-01-02 13:15:00,False,13:15:00,2024-01-02
3414,2024-01-02 13:30:00,False,13:30:00,2024-01-02
3415,2024-01-02 13:45:00,False,13:45:00,2024-01-02
3416,2024-01-02 14:00:00,False,14:00:00,2024-01-02
3417,2024-01-02 14:15:00,False,14:15:00,2024-01-02
3418,2024-01-02 14:30:00,False,14:30:00,2024-01-02
3419,2024-01-02 14:45:00,False,14:45:00,2024-01-02
3420,2024-01-02 15:00:00,False,15:00:00,2024-01-02
3421,2024-01-02 15:15:00,False,15:15:00,2024-01-02
3422,2024-01-02 15:30:00,False,15:30:00,2024-01-02
3423,2024-01-02 15:45:00,False,15:45:00,2024-01-02
3424,2024-01-02 16:00:00,False,16:00:00,2024-01-02
3425,2024-01-02 16:15:00,False,16:15:00,2024-01-02
3426,2024-01-02 16:30:00,False,16:30:00,2024-01-02
3427,2024-01-02 16:45:00,False,16:45:00,2024-01-02
3428,2024-01-02 17:00:00,False,17:00:00,2024-01-02
3429,2024-01-02 17:15:00,False,17:15:00,2024-01-02
3430,2024-01-02 17:30:00,False,17:30:00,2024-01-02
3431,2024-01-02 17:45:00,False,17:45:00,2024-01-02
3432,2024-01-02 18:00:00,False,18:00:00,2024-01-02
3433,2024-01-02 18:15:00,False,18:15:00,2024-01-02
3434,2024-01-02 18:30:00,False,18:30:00,2024-01-02
3435,2024-01-02 18:45:00,False,18:45:00,2024-01-02
3436,2024-01-02 19:00:00,False,19:00:00,2024-01-02
3437,2024-01-02 19:15:00,False,19:15:00,2024-01-02
3438,2024-01-02 19:30:00,False,19:30:00,2024-01-02
3439,2024-01-02 19:45:00,False,19:45:00,2024-01-02
3440,2024-01-02 20:00:00,False,20:00:00,2024-01-02
3441,2024-01-02 20:15:00,False,20:15:00,2024-01-02
3442,2024-01-02 20:30:00,False,20:30:00,2024-01-02
3443,2024-01-02 20:45:00,False,20:45:00,2024-01-02
3444,2024-01-02 21:00:00,False,21:00:00,2024-01-02
3445,2024-01-02 21:15:00,False,21:15:00,2024-01-02
3446,2024-01-02 21:30:00,False,21:30:00,2024-01-02
3447,2024-01-02 21:45:00,False,21:45:00,2024-01-02
3448,2024-01-02 22:00:00,False,22:00:00,2024-01-02
3449,2024-01-02 22:15:00,False,22:15:00,2024-01-02
3450,2024-01-02 22:30:00,False,22:30:00,2024-01-02
3451,2024-01-02 22:45:00,False,22:45:00,2024-01-02
3452,2024-01-02 23:00:00,False,23:00:00,2024-01-02
3453,2024-01-02 23:15:00,False,23:15:00,2024-01-02
3454,2024-01-02 23:30:00,False,23:30:00,2024-01-02
3455,2024-01-02 23:45:00,False,23:45:00,2024-01-02
3456,2024-01-03 00:00:00,False,00:00:00,2024-01-03
3457,2024-01-03 00:15:00,False,00:15:00,2024-01-03
3458,2024-01-03 00:30:00,False,00:30:00,2024-01-03
3459,2024-01-03 00:45:00,False,00:45:00,2024-01-03
3460,2024-01-03 01:00:00,False,01:00:00,2024-01-03
3461,2024-01-03 01:15:00,False,01:15:00,2024-01-03
3462,2024-01-03 01:30:00,False,01:30:00,2024-01-03
3463,2024-01-03 01:45:00,False,01:45:00,2024-01-03
3464,2024-01-03 02:00:00,False,02:00:00,2024-01-03
3465,2024-01-03 02:15:00,False,02:15:00,2024-01-03
3466,2024-01-03 02:30:00,False,02:30:00,2024-01-03
3467,2024-01-03 02:45:00,False,02:45:00,2024-01-03
3468,2024-01-03 03:00:00,False,03:00:00,2024-01-03
3469,2024-01-03 03:15:00,False,03:15:00,2024-01-03
3470,2024-01-03 03:30:00,False,03:30:00,2024-01-03
3471,2024-01-03 03:45:00,False,03:45:00,2024-01-03
3472,2024-01-03 04:00:00,False,04:00:00,2024-01-03
3473,2024-01-03 04:15:00,False,04:15:00,2024-01-03
3474,2024-01-03 04:30:00,False,04:30:00,2024-01-03
3475,2024-01-03 04:45:00,False,04:45:00,2024-01-03
3476,2024-01-03 05:00:00,False,05:00:00,2024-01-03
3477,2024-01-03 05:15:00,False,05:15:00,2024-01-03
3478,2024-01-03 05:30:00,False,05:30:00,2024-01-03
3479,2024-01-03 05:45:00,False,05:45:00,2024-01-03
3480,2024-01-03 06:00:00,False,06:00:00,2024-01-03
3481,2024-01-03 06:15:00,False,06:15:00,2024-01-03
3482,2024-01-03 06:30:00,False,06:30:00,2024-01-03
3483,2024-01-03 06:45:00,False,06:45:00,2024-01-03
3484,2024-01-03 07:00:00,False,07:00:00,2024-01-03
3485,2024-01-03 07:15:00,False,07:15:00,2024-01-03
3486,2024-01-03 07:30:00,False,07:30:00,2024-01-03
3487,2024-01-03 07:45:00,False,07:45:00,2024-01-03
3488,2024-01-03 08:00:00,False,08:00:00,2024-01-03
3489,2024-01-03 08:15:00,False,08:15:00,2024-01-03
3490,2024-01-03 08:30:00,False,08:30:00,2024-01-03
3491,2024-01-03 08:45:00,False,08:45:00,2024-01-03
3492,2024-01-03 09:00:00,False,09:00:00,2024-01-03
3493,2024-01-03 09:15:00,False,09:15:00,2024-01-03
3494,2024-01-03 09:30:00,False,09:30:00,2024-01-03
3495,2024-01-03 09:45:00,False,09:45:00,2024-01-03
3496,2024-01-03 10:00:00,False,10:00:00,2024-01-03
3497,2024-01-03 10:15:00,False,10:15:00,2024-01-03
3498,2024-01-03 10:30:00,False,10:30:00,2024-01-03
3499,2024-01-03 10:45:00,False,10:45:00,2024-01-03
3500,2024-01-03 11:00:00,False,11:00:00,2024-01-03
3501,2024-01-03 11:15:00,False,11:15:00,2024-01-03
3502,2024-01-03 11:30:00,False,11:30:00,2024-01-03
3503,2024-01-03 11:45:00,False,11:45:00,2024-01-03
3504,2024-01-03 12:00:00,False,12:00:00,2024-01-03
3505,2024-01-03 12:15:00,False,12:15:00,2024-01-03
3506,2024-01-03 12:30:00,False,12:30:00,2024-01-03
3507,2024-01-03 12:45:00,False,12:45:00,2024-01-03
3508,2024-01-03 13:00:00,False,13:00:00,2024-01-03
3509,2024-01-03 13:15:00,False,13:15:00,2024-01-03
3510,2024-01-03 13:30:00,False,13:30:00,2024-01-03
3511,2024-01-03 13:45:00,False,13:45:00,2024-01-03
3512,2024-01-03 14:00:00,False,14:00:00,2024-01-03
3513,2024-01-03 14:15:00,False,14:15:00,2024-01-03
3514,2024-01-03 14:30:00,False,14:30:00,2024-01-03
3515,2024-01-03 14:45:00,False,14:45:00,2024-01-03
3516,2024-01-03 15:00:00,False,15:00:00,2024-01-03
3517,2024-01-03 15:15:00,False,15:15:00,2024-01-03
3518,2024-01-03 15:30:00,False,15:30:00,2024-01-03
3519,2024-01-03 15:45:00,False,15:45:00,2024-01-03
3520,2024-01-03 16:00:00,False,16:00:00,2024-01-03
3521,2024-01-03 16:15:00,False,16:15:00,2024-01-03
3522,2024-01-03 16:30:00,False,16:30:00,2024-01-03
3523,2024-01-03 16:45:00,False,16:45:00,2024-01-03
3524,2024-01-03 17:00:00,False,17:00:00,2024-01-03
3525,2024-01-03 17:15:00,False,17:15:00,2024-01-03
3526,2024-01-03 17:30:00,False,17:30:00,2024-01-03
3527,2024-01-03 17:45:00,False,17:45:00,2024-01-03
3528,2024-01-03 18:00:00,False,18:00:00,2024-01-03
3529,2024-01-03 18:15:00,False,18:15:00,2024-01-03
3530,2024-01-03 18:30:00,False,18:30:00,2024-01-03
3531,2024-01-03 18:45:00,False,18:45:00,2024-01-03
3532,2024-01-03 19:00:00,False,19:00:00,2024-01-03
3533,2024-01-03 19:15:00,False,19:15:00,2024-01-03
3534,2024-01-03 19:30:00,False,19:30:00,2024-01-03
3535,2024-01-03 19:45:00,False,19:45:00,2024-01-03
3536,2024-01-03 20:00:00,False,20:00:00,2024-01-03
3537,2024-01-03 20:15:00,False,20:15:00,2024-01-03
3538,2024-01-03 20:30:00,False,20:30:00,2024-01-03
3539,2024-01-03 20:45:00,False,20:45:00,2024-01-03
3540,2024-01-03 21:00:00,False,21:00:00,2024-01-03
3541,2024-01-03 21:15:00,False,21:15:00,2024-01-03
3542,2024-01-03 21:30:00,False,21:30:00,2024-01-03
3543,2024-01-03 21:45:00,False,21:45:00,2024-01-03
3544,2024-01-03 22:00:00,False,22:00:00,2024-01-03
3545,2024-01-03 22:15:00,False,22:15:00,2024-01-03
3546,2024-01-03 22:30:00,False,22:30:00,2024-01-03
3547,2024-01-03 22:45:00,False,22:45:00,2024-01-03
3548,2024-01-03 23:00:00,False,23:00:00,2024-01-03
3549,2024-01-03 23:15:00,False,23:15:00,2024-01-03
3550,2024-01-03 23:30:00,False,23:30:00,2024-01-03
3551,2024-01-03 23:45:00,False,23:45:00,2024-01-03
3552,2024-01-04 00:00:00,False,00:00:00,2024-01-04
3553,2024-01-04 00:15:00,False,00:15:00,2024-01-04
3554,2024-01-04 00:30:00,False,00:30:00,2024-01-04
3555,2024-01-04 00:45:00,False,00:45:00,2024-01-04
3556,2024-01-04 01:00:00,False,01:00:00,2024-01-04
3557,2024-01-04 01:15:00,False,01:15:00,2024-01-04
3558,2024-01-04 01:30:00,False,01:30:00,2024-01-04
3559,2024-01-04 01:45:00,False,01:45:00,2024-01-04
3560,2024-01-04 02:00:00,False,02:00:00,2024-01-04
3561,2024-01-04 02:15:00,False,02:15:00,2024-01-04
3562,2024-01-04 02:30:00,False,02:30:00,2024-01-04
3563,2024-01-04 02:45:00,False,02:45:00,2024-01-04
3564,2024-01-04 03:00:00,False,03:00:00,2024-01-04
3565,2024-01-04 03:15:00,False,03:15:00,2024-01-04
3566,2024-01-04 03:30:00,False,03:30:00,2024-01-04
3567,2024-01-04 03:45:00,False,03:45:00,2024-01-04
3568,2024-01-04 04:00:00,False,04:00:00,2024-01-04
3569,2024-01-04 04:15:00,False,04:15:00,2024-01-04
3570,2024-01-04 04:30:00,False,04:30:00,2024-01-04
3571,2024-01-04 04:45:00,False,04:45:00,2024-01-04
3572,2024-01-04 05:00:00,False,05:00:00,2024-01-04
3573,2024-01-04 05:15:00,False,05:15:00,2024-01-04
3574,2024-01-04 05:30:00,False,05:30:00,2024-01-04
3575,2024-01-04 05:45:00,False,05:45:00,2024-01-04
3576,2024-01-04 06:00:00,False,06:00:00,2024-01-04
3577,2024-01-04 06:15:00,False,06:15:00,2024-01-04
3578,2024-01-04 06:30:00,False,06:30:00,2024-01-04
3579,2024-01-04 06:45:00,False,06:45:00,2024-01-04
3580,2024-01-04 07:00:00,False,07:00:00,2024-01-04
3581,2024-01-04 07:15:00,False,07:15:00,2024-01-04
3582,2024-01-04 07:30:00,False,07:30:00,2024-01-04
3583,2024-01-04 07:45:00,False,07:45:00,2024-01-04
3584,2024-01-04 08:00:00,False,08:00:00,2024-01-04
3585,2024-01-04 08:15:00,False,08:15:00,2024-01-04
3586,2024-01-04 08:30:00,False,08:30:00,2024-01-04
3587,2024-01-04 08:45:00,False,08:45:00,2024-01-04
3588,2024-01-04 09:00:00,False,09:00:00,2024-01-04
3589,2024-01-04 09:15:00,False,09:15:00,2024-01-04
3590,2024-01-04 09:30:00,False,09:30:00,2024-01-04
3591,2024-01-04 09:45:00,False,09:45:00,2024-01-04
3592,2024-01-04 10:00:00,False,10:00:00,2024-01-04
3593,2024-01-04 10:15:00,False,10:15:00,2024-01-04
3594,2024-01-04 10:30:00,False,10:30:00,2024-01-04
3595,2024-01-04 10:45:00,False,10:45:00,2024-01-04
3596,2024-01-04 11:00:00,False,11:00:00,2024-01-04
3597,2024-01-04 11:15:00,False,11:15:00,2024-01-04
3598,2024-01-04 11:30:00,False,11:30:00,2024-01-04
3599,2024-01-04 11:45:00,False,11:45:00,2024-01-04
3600,2024-01-04 12:00:00,False,12:00:00,2024-01-04
3601,2024-01-04 12:15:00,False,12:15:00,2024-01-04
3602,2024-01-04 12:30:00,False,12:30:00,2024-01-04
3603,2024-01-04 12:45:00,False,12:45:00,2024-01-04
3604,2024-01-04 13:00:00,False,13:00:00,2024-01-04
3605,2024-01-04 13:15:00,False,13:15:00,2024-01-04
3606,2024-01-04 13:30:00,False,13:30:00,2024-01-04
3607,2024-01-04 13:45:00,False,13:45:00,2024-01-04
3608,2024-01-04 14:00:00,False,14:00:00,2024-01-04
3609,2024-01-04 14:15:00,False,14:15:00,2024-01-04
3610,2024-01-04 14:30:00,False,14:30:00,2024-01-04
3611,2024-01-04 14:45:00,False,14:45:00,2024-01-04
3612,2024-01-04 15:00:00,False,15:00:00,2024-01-04
3613,2024-01-04 15:15:00,False,15:15:00,2024-01-04
3614,2024-01-04 15:30:00,False,15:30:00,2024-01-04
3615,2024-01-04 15:45:00,False,15:45:00,2024-01-04
3616,2024-01-04 16:00:00,False,16:00:00,2024-01-04
3617,2024-01-04 16:15:00,False,16:15:00,2024-01-04
3618,2024-01-04 16:30:00,False,16:30:00,2024-01-04
3619,2024-01-04 16:45:00,False,16:45:00,2024-01-04
3620,2024-01-04 17:00:00,False,17:00:00,2024-01-04
3621,2024-01-04 17:15:00,False,17:15:00,2024-01-04
3622,2024-01-04 17:30:00,False,17:30:00,2024-01-04
3623,2024-01-04 17:45:00,False,17:45:00,2024-01-04
3624,2024-01-04 18:00:00,False,18:00:00,2024-01-04
3625,2024-01-04 18:15:00,False,18:15:00,2024-01-04
3626,2024-01-04 18:30:00,False,18:30:00,2024-01-04
3627,2024-01-04 18:45:00,False,18:45:00,2024-01-04
3628,2024-01-04 19:00:00,False,19:00:00,2024-01-04
3629,2024-01-04 19:15:00,False,19:15:00,2024-01-04
3630,2024-01-04 19:30:00,False,19:30:00,2024-01-04
3631,2024-01-04 19:45:00,False,19:45:00,2024-01-04
3632,2024-01-04 20:00:00,False,20:00:00,2024-01-04
3633,2024-01-04 20:15:00,True,20:15:00,2024-01-04
3634,2024-01-04 20:30:00,True,20:30:00,2024-01-04
3635,2024-01-04 20:45:00,True,20:45:00,2024-01-04
3636,2024-01-04 21:00:00,True,21:00:00,2024-01-04
3637,2024-01-04 21:15:00,True,21:15:00,2024-01-04
3638,2024-01-04 21:30:00,False,21:30:00,2024-01-04
3639,2024-01-04 21:45:00,False,21:45:00,2024-01-04
3640,2024-01-04 22:00:00,False,22:00:00,2024-01-04
3641,2024-01-04 22:15:00,False,22:15:00,2024-01-04
3642,2024-01-04 22:30:00,False,22:30:00,2024-01-04
3643,2024-01-04 22:45:00,False,22:45:00,2024-01-04
3644,2024-01-04 23:00:00,False,23:00:00,2024-01-04
3645,2024-01-04 23:15:00,False,23:15:00,2024-01-04
3646,2024-01-04 23:30:00,False,23:30:00,2024-01-04
3647,2024-01-04 23:45:00,False,23:45:00,2024-01-04
3648,2024-01-05 00:00:00,False,00:00:00,2024-01-05
3649,2024-01-05 00:15:00,False,00:15:00,2024-01-05
3650,2024-01-05 00:30:00,False,00:30:00,2024-01-05
3651,2024-01-05 00:45:00,False,00:45:00,2024-01-05
3652,2024-01-05 01:00:00,False,01:00:00,2024-01-05
3653,2024-01-05 01:15:00,False,01:15:00,2024-01-05
3654,2024-01-05 01:30:00,False,01:30:00,2024-01-05
3655,2024-01-05 01:45:00,False,01:45:00,2024-01-05
3656,2024-01-05 02:00:00,False,02:00:00,2024-01-05
3657,2024-01-05 02:15:00,False,02:15:00,2024-01-05
3658,2024-01-05 02:30:00,False,02:30:00,2024-01-05
3659,2024-01-05 02:45:00,False,02:45:00,2024-01-05
3660,2024-01-05 03:00:00,False,03:00:00,2024-01-05
3661,2024-01-05 03:15:00,False,03:15:00,2024-01-05
3662,2024-01-05 03:30:00,False,03:30:00,2024-01-05
3663,2024-01-05 03:45:00,False,03:45:00,2024-01-05
3664,2024-01-05 04:00:00,False,04:00:00,2024-01-05
3665,2024-01-05 04:15:00,False,04:15:00,2024-01-05
3666,2024-01-05 04:30:00,False,04:30:00,2024-01-05
3667,2024-01-05 04:45:00,False,04:45:00,2024-01-05
3668,2024-01-05 05:00:00,False,05:00:00,2024-01-05
3669,2024-01-05 05:15:00,False,05:15:00,2024-01-05
3670,2024-01-05 05:30:00,False,05:30:00,2024-01-05
3671,2024-01-05 05:45:00,False,05:45:00,2024-01-05
3672,2024-01-05 06:00:00,False,06:00:00,2024-01-05
3673,2024-01-05 06:15:00,False,06:15:00,2024-01-05
3674,2024-01-05 06:30:00,False,06:30:00,2024-01-05
3675,2024-01-05 06:45:00,False,06:45:00,2024-01-05
3676,2024-01-05 07:00:00,False,07:00:00,2024-01-05
3677,2024-01-05 07:15:00,False,07:15:00,2024-01-05
3678,2024-01-05 07:30:00,False,07:30:00,2024-01-05
3679,2024-01-05 07:45:00,False,07:45:00,2024-01-05
3680,2024-01-05 08:00:00,False,08:00:00,2024-01-05
3681,2024-01-05 08:15:00,False,08:15:00,2024-01-05
3682,2024-01-05 08:30:00,False,08:30:00,2024-01-05
3683,2024-01-05 08:45:00,False,08:45:00,2024-01-05
3684,2024-01-05 09:00:00,False,09:00:00,2024-01-05
3685,2024-01-05 09:15:00,False,09:15:00,2024-01-05
3686,2024-01-05 09:30:00,False,09:30:00,2024-01-05
3687,2024-01-05 09:45:00,False,09:45:00,2024-01-05
3688,2024-01-05 10:00:00,False,10:00:00,2024-01-05
3689,2024-01-05 10:15:00,False,10:15:00,2024-01-05
3690,2024-01-05 10:30:00,False,10:30:00,2024-01-05
3691,2024-01-05 10:45:00,False,10:45:00,2024-01-05
3692,2024-01-05 11:00:00,False,11:00:00,2024-01-05
3693,2024-01-05 11:15:00,False,11:15:00,2024-01-05
3694,2024-01-05 11:30:00,False,11:30:00,2024-01-05
3695,2024-01-05 11:45:00,False,11:45:00,2024-01-05
3696,2024-01-05 12:00:00,False,12:00:00,2024-01-05
3697,2024-01-05 12:15:00,False,12:15:00,2024-01-05
3698,2024-01-05 12:30:00,False,12:30:00,2024-01-05
3699,2024-01-05 12:45:00,False,12:45:00,2024-01-05
3700,2024-01-05 13:00:00,False,13:00:00,2024-01-05
3701,2024-01-05 13:15:00,False,13:15:00,2024-01-05
3702,2024-01-05 13:30:00,False,13:30:00,2024-01-05
3703,2024-01-05 13:45:00,False,13:45:00,2024-01-05
3704,2024-01-05 14:00:00,False,14:00:00,2024-01-05
3705,2024-01-05 14:15:00,False,14:15:00,2024-01-05
3706,2024-01-05 14:30:00,False,14:30:00,2024-01-05
3707,2024-01-05 14:45:00,False,14:45:00,2024-01-05
3708,2024-01-05 15:00:00,False,15:00:00,2024-01-05
3709,2024-01-05 15:15:00,False,15:15:00,2024-01-05
3710,2024-01-05 15:30:00,False,15:30:00,2024-01-05
3711,2024-01-05 15:45:00,False,15:45:00,2024-01-05
3712,2024-01-05 16:00:00,False,16:00:00,2024-01-05
3713,2024-01-05 16:15:00,False,16:15:00,2024-01-05
3714,2024-01-05 16:30:00,False,16:30:00,2024-01-05
3715,2024-01-05 16:45:00,False,16:45:00,2024-01-05
3716,2024-01-05 17:00:00,False,17:00:00,2024-01-05
3717,2024-01-05 17:15:00,False,17:15:00,2024-01-05
3718,2024-01-05 17:30:00,False,17:30:00,2024-01-05
3719,2024-01-05 17:45:00,False,17:45:00,2024-01-05
3720,2024-01-05 18:00:00,False,18:00:00,2024-01-05
3721,2024-01-05 18:15:00,False,18:15:00,2024-01-05
3722,2024-01-05 18:30:00,False,18:30:00,2024-01-05
3723,2024-01-05 18:45:00,False,18:45:00,2024-01-05
3724,2024-01-05 19:00:00,False,19:00:00,2024-01-05
3725,2024-01-05 19:15:00,False,19:15:00,2024-01-05
3726,2024-01-05 19:30:00,False,19:30:00,2024-01-05
3727,2024-01-05 19:45:00,False,19:45:00,2024-01-05
3728,2024-01-05 20:00:00,False,20:00:00,2024-01-05
3729,2024-01-05 20:15:00,False,20:15:00,2024-01-05
3730,2024-01-05 20:30:00,False,20:30:00,2024-01-05
3731,2024-01-05 20:45:00,False,20:45:00,2024-01-05
3732,2024-01-05 21:00:00,False,21:00:00,2024-01-05
3733,2024-01-05 21:15:00,False,21:15:00,2024-01-05
3734,2024-01-05 21:30:00,False,21:30:00,2024-01-05
3735,2024-01-05 21:45:00,False,21:45:00,2024-01-05
3736,2024-01-05 22:00:00,False,22:00:00,2024-01-05
3737,2024-01-05 22:15:00,False,22:15:00,2024-01-05
3738,2024-01-05 22:30:00,False,22:30:00,2024-01-05
3739,2024-01-05 22:45:00,False,22:45:00,2024-01-05
3740,2024-01-05 23:00:00,False,23:00:00,2024-01-05
3741,2024-01-05 23:15:00,False,23:15:00,2024-01-05
3742,2024-01-05 23:30:00,False,23:30:00,2024-01-05
3743,2024-01-05 23:45:00,False,23:45:00,2024-01-05
3744,2024-01-06 00:00:00,False,00:00:00,2024-01-06
3745,2024-01-06 00:15:00,False,00:15:00,2024-01-06
3746,2024-01-06 00:30:00,False,00:30:00,2024-01-06
3747,2024-01-06 00:45:00,False,00:45:00,2024-01-06
3748,2024-01-06 01:00:00,False,01:00:00,2024-01-06
3749,2024-01-06 01:15:00,False,01:15:00,2024-01-06
3750,2024-01-06 01:30:00,False,01:30:00,2024-01-06
3751,2024-01-06 01:45:00,False,01:45:00,2024-01-06
3752,2024-01-06 02:00:00,False,02:00:00,2024-01-06
3753,2024-01-06 02:15:00,False,02:15:00,2024-01-06
3754,2024-01-06 02:30:00,False,02:30:00,2024-01-06
3755,2024-01-06 02:45:00,False,02:45:00,2024-01-06
3756,2024-01-06 03:00:00,False,03:00:00,2024-01-06
3757,2024-01-06 03:15:00,False,03:15:00,2024-01-06
3758,2024-01-06 03:30:00,False,03:30:00,2024-01-06
3759,2024-01-06 03:45:00,False,03:45:00,2024-01-06
3760,2024-01-06 04:00:00,False,04:00:00,2024-01-06
3761,2024-01-06 04:15:00,False,04:15:00,2024-01-06
3762,2024-01-06 04:30:00,False,04:30:00,2024-01-06
3763,2024-01-06 04:45:00,False,04:45:00,2024-01-06
3764,2024-01-06 05:00:00,False,05:00:00,2024-01-06
3765,2024-01-06 05:15:00,False,05:15:00,2024-01-06
3766,2024-01-06 05:30:00,False,05:30:00,2024-01-06
3767,2024-01-06 05:45:00,False,05:45:00,2024-01-06
3768,2024-01-06 06:00:00,False,06:00:00,2024-01-06
3769,2024-01-06 06:15:00,False,06:15:00,2024-01-06
3770,2024-01-06 06:30:00,False,06:30:00,2024-01-06
3771,2024-01-06 06:45:00,False,06:45:00,2024-01-06
3772,2024-01-06 07:00:00,False,07:00:00,2024-01-06
3773,2024-01-06 07:15:00,False,07:15:00,2024-01-06
3774,2024-01-06 07:30:00,False,07:30:00,2024-01-06
3775,2024-01-06 07:45:00,False,07:45:00,2024-01-06
3776,2024-01-06 08:00:00,False,08:00:00,2024-01-06
3777,2024-01-06 08:15:00,False,08:15:00,2024-01-06
3778,2024-01-06 08:30:00,False,08:30:00,2024-01-06
3779,2024-01-06 08:45:00,False,08:45:00,2024-01-06
3780,2024-01-06 09:00:00,False,09:00:00,2024-01-06
3781,2024-01-06 09:15:00,False,09:15:00,2024-01-06
3782,2024-01-06 09:30:00,False,09:30:00,2024-01-06
3783,2024-01-06 09:45:00,False,09:45:00,2024-01-06
3784,2024-01-06 10:00:00,False,10:00:00,2024-01-06
3785,2024-01-06 10:15:00,False,10:15:00,2024-01-06
3786,2024-01-06 10:30:00,False,10:30:00,2024-01-06
3787,2024-01-06 10:45:00,False,10:45:00,2024-01-06
3788,2024-01-06 11:00:00,False,11:00:00,2024-01-06
3789,2024-01-06 11:15:00,False,11:15:00,2024-01-06
3790,2024-01-06 11:30:00,False,11:30:00,2024-01-06
3791,2024-01-06 11:45:00,False,11:45:00,2024-01-06
3792,2024-01-06 12:00:00,False,12:00:00,2024-01-06
3793,2024-01-06 12:15:00,False,12:15:00,2024-01-06
3794,2024-01-06 12:30:00,False,12:30:00,2024-01-06
3795,2024-01-06 12:45:00,False,12:45:00,2024-01-06
3796,2024-01-06 13:00:00,False,13:00:00,2024-01-06
3797,2024-01-06 13:15:00,False,13:15:00,2024-01-06
3798,2024-01-06 13:30:00,False,13:30:00,2024-01-06
3799,2024-01-06 13:45:00,False,13:45:00,2024-01-06
3800,2024-01-06 14:00:00,False,14:00:00,2024-01-06
3801,2024-01-06 14:15:00,False,14:15:00,2024-01-06
3802,2024-01-06 14:30:00,False,14:30:00,2024-01-06
3803,2024-01-06 14:45:00,False,14:45:00,2024-01-06
3804,2024-01-06 15:00:00,False,15:00:00,2024-01-06
3805,2024-01-06 15:15:00,False,15:15:00,2024-01-06
3806,2024-01-06 15:30:00,False,15:30:00,2024-01-06
3807,2024-01-06 15:45:00,False,15:45:00,2024-01-06
3808,2024-01-06 16:00:00,False,16:00:00,2024-01-06
3809,2024-01-06 16:15:00,False,16:15:00,2024-01-06
3810,2024-01-06 16:30:00,False,16:30:00,2024-01-06
3811,2024-01-06 16:45:00,False,16:45:00,2024-01-06
3812,2024-01-06 17:00:00,False,17:00:00,2024-01-06
3813,2024-01-06 17:15:00,False,17:15:00,2024-01-06
3814,2024-01-06 17:30:00,False,17:30:00,2024-01-06
3815,2024-01-06 17:45:00,False,17:45:00,2024-01-06
3816,2024-01-06 18:00:00,False,18:00:00,2024-01-06
3817,2024-01-06 18:15:00,False,18:15:00,2024-01-06
3818,2024-01-06 18:30:00,False,18:30:00,2024-01-06
3819,2024-01-06 18:45:00,False,18:45:00,2024-01-06
3820,2024-01-06 19:00:00,False,19:00:00,2024-01-06
3821,2024-01-06 19:15:00,False,19:15:00,2024-01-06
3822,2024-01-06 19:30:00,False,19:30:00,2024-01-06
3823,2024-01-06 19:45:00,False,19:45:00,2024-01-06
3824,2024-01-06 20:00:00,False,20:00:00,2024-01-06
3825,2024-01-06 20:15:00,False,20:15:00,2024-01-06
3826,2024-01-06 20:30:00,False,20:30:00,2024-01-06
3827,2024-01-06 20:45:00,False,20:45:00,2024-01-06
3828,2024-01-06 21:00:00,False,21:00:00,2024-01-06
3829,2024-01-06 21:15:00,False,21:15:00,2024-01-06
3830,2024-01-06 21:30:00,False,21:30:00,2024-01-06
3831,2024-01-06 21:45:00,False,21:45:00,2024-01-06
3832,2024-01-06 22:00:00,False,22:00:00,2024-01-06
3833,2024-01-06 22:15:00,False,22:15:00,2024-01-06
3834,2024-01-06 22:30:00,False,22:30:00,2024-01-06
3835,2024-01-06 22:45:00,False,22:45:00,2024-01-06
3836,2024-01-06 23:00:00,False,23:00:00,2024-01-06
3837,2024-01-06 23:15:00,False,23:15:00,2024-01-06
3838,2024-01-06 23:30:00,False,23:30:00,2024-01-06
3839,2024-01-06 23:45:00,False,23:45:00,2024-01-06
3840,2024-01-07 00:00:00,False,00:00:00,2024-01-07
3841,2024-01-07 00:15:00,False,00:15:00,2024-01-07
3842,2024-01-07 00:30:00,False,00:30:00,2024-01-07
3843,2024-01-07 00:45:00,False,00:45:00,2024-01-07
3844,2024-01-07 01:00:00,False,01:00:00,2024-01-07
3845,2024-01-07 01:15:00,False,01:15:00,2024-01-07
3846,2024-01-07 01:30:00,False,01:30:00,2024-01-07
3847,2024-01-07 01:45:00,False,01:45:00,2024-01-07
3848,2024-01-07 02:00:00,False,02:00:00,2024-01-07
3849,2024-01-07 02:15:00,False,02:15:00,2024-01-07
3850,2024-01-07 02:30:00,False,02:30:00,2024-01-07
3851,2024-01-07 02:45:00,False,02:45:00,2024-01-07
3852,2024-01-07 03:00:00,False,03:00:00,2024-01-07
3853,2024-01-07 03:15:00,False,03:15:00,2024-01-07
3854,2024-01-07 03:30:00,False,03:30:00,2024-01-07
3855,2024-01-07 03:45:00,False,03:45:00,2024-01-07
3856,2024-01-07 04:00:00,False,04:00:00,2024-01-07
3857,2024-01-07 04:15:00,False,04:15:00,2024-01-07
3858,2024-01-07 04:30:00,False,04:30:00,2024-01-07
3859,2024-01-07 04:45:00,False,04:45:00,2024-01-07
3860,2024-01-07 05:00:00,False,05:00:00,2024-01-07
3861,2024-01-07 05:15:00,False,05:15:00,2024-01-07
3862,2024-01-07 05:30:00,False,05:30:00,2024-01-07
3863,2024-01-07 05:45:00,False,05:45:00,2024-01-07
3864,2024-01-07 06:00:00,False,06:00:00,2024-01-07
3865,2024-01-07 06:15:00,False,06:15:00,2024-01-07
3866,2024-01-07 06:30:00,False,06:30:00,2024-01-07
3867,2024-01-07 06:45:00,False,06:45:00,2024-01-07
3868,2024-01-07 07:00:00,False,07:00:00,2024-01-07
3869,2024-01-07 07:15:00,False,07:15:00,2024-01-07
3870,2024-01-07 07:30:00,False,07:30:00,2024-01-07
3871,2024-01-07 07:45:00,False,07:45:00,2024-01-07
3872,2024-01-07 08:00:00,False,08:00:00,2024-01-07
3873,2024-01-07 08:15:00,False,08:15:00,2024-01-07
3874,2024-01-07 08:30:00,False,08:30:00,2024-01-07
3875,2024-01-07 08:45:00,False,08:45:00,2024-01-07
3876,2024-01-07 09:00:00,False,09:00:00,2024-01-07
3877,2024-01-07 09:15:00,False,09:15:00,2024-01-07
3878,2024-01-07 09:30:00,False,09:30:00,2024-01-07
3879,2024-01-07 09:45:00,False,09:45:00,2024-01-07
3880,2024-01-07 10:00:00,False,10:00:00,2024-01-07
3881,2024-01-07 10:15:00,False,10:15:00,2024-01-07
3882,2024-01-07 10:30:00,False,10:30:00,2024-01-07
3883,2024-01-07 10:45:00,False,10:45:00,2024-01-07
3884,2024-01-07 11:00:00,False,11:00:00,2024-01-07
3885,2024-01-07 11:15:00,True,11:15:00,2024-01-07
3886,2024-01-07 11:30:00,True,11:30:00,2024-01-07
3887,2024-01-07 11:45:00,True,11:45:00,2024-01-07
3888,2024-01-07 12:00:00,True,12:00:00,2024-01-07
3889,2024-01-07 12:15:00,True,12:15:00,2024-01-07
3890,2024-01-07 12:30:00,True,12:30:00,2024-01-07
3891,2024-01-07 12:45:00,True,12:45:00,2024-01-07
3892,2024-01-07 13:00:00,True,13:00:00,2024-01-07
3893,2024-01-07 13:15:00,True,13:15:00,2024-01-07
3894,2024-01-07 13:30:00,False,13:30:00,2024-01-07
3895,2024-01-07 13:45:00,False,13:45:00,2024-01-07
3896,2024-01-07 14:00:00,False,14:00:00,2024-01-07
3897,2024-01-07 14:15:00,False,14:15:00,2024-01-07
3898,2024-01-07 14:30:00,False,14:30:00,2024-01-07
3899,2024-01-07 14:45:00,False,14:45:00,2024-01-07
3900,2024-01-07 15:00:00,False,15:00:00,2024-01-07
3901,2024-01-07 15:15:00,False,15:15:00,2024-01-07
3902,2024-01-07 15:30:00,False,15:30:00,2024-01-07
3903,2024-01-07 15:45:00,False,15:45:00,2024-01-07
3904,2024-01-07 16:00:00,False,16:00:00,2024-01-07
3905,2024-01-07 16:15:00,False,16:15:00,2024-01-07
3906,2024-01-07 16:30:00,False,16:30:00,2024-01-07
3907,2024-01-07 16:45:00,False,16:45:00,2024-01-07
3908,2024-01-07 17:00:00,False,17:00:00,2024-01-07
3909,2024-01-07 17:15:00,False,17:15:00,2024-01-07
3910,2024-01-07 17:30:00,False,17:30:00,2024-01-07
3911,2024-01-07 17:45:00,False,17:45:00,2024-01-07
3912,2024-01-07 18:00:00,False,18:00:00,2024-01-07
3913,2024-01-07 18:15:00,False,18:15:00,2024-01-07
3914,2024-01-07 18:30:00,False,18:30:00,2024-01-07
3915,2024-01-07 18:45:00,False,18:45:00,2024-01-07
3916,2024-01-07 19:00:00,False,19:00:00,2024-01-07
3917,2024-01-07 19:15:00,False,19:15:00,2024-01-07
3918,2024-01-07 19:30:00,False,19:30:00,2024-01-07
3919,2024-01-07 19:45:00,False,19:45:00,2024-01-07
3920,2024-01-07 20:00:00,False,20:00:00,2024-01-07
3921,2024-01-07 20:15:00,False,20:15:00,2024-01-07
3922,2024-01-07 20:30:00,False,20:30:00,2024-01-07
3923,2024-01-07 20:45:00,False,20:45:00,2024-01-07
3924,2024-01-07 21:00:00,False,21:00:00,2024-01-07
3925,2024-01-07 21:15:00,False,21:15:00,2024-01-07
3926,2024-01-07 21:30:00,False,21:30:00,2024-01-07
3927,2024-01-07 21:45:00,False,21:45:00,2024-01-07
3928,2024-01-07 22:00:00,False,22:00:00,2024-01-07
3929,2024-01-07 22:15:00,False,22:15:00,2024-01-07
3930,2024-01-07 22:30:00,False,22:30:00,2024-01-07
3931,2024-01-07 22:45:00,False,22:45:00,2024-01-07
3932,2024-01-07 23:00:00,False,23:00:00,2024-01-07
3933,2024-01-07 23:15:00,False,23:15:00,2024-01-07
3934,2024-01-07 23:30:00,False,23:30:00,2024-01-07
3935,2024-01-07 23:45:00,False,23:45:00,2024-01-07
3936,2024-01-08 00:00:00,False,00:00:00,2024-01-08
3937,2024-01-08 00:15:00,False,00:15:00,2024-01-08
3938,2024-01-08 00:30:00,False,00:30:00,2024-01-08
3939,2024-01-08 00:45:00,False,00:45:00,2024-01-08
3940,2024-01-08 01:00:00,False,01:00:00,2024-01-08
3941,2024-01-08 01:15:00,False,01:15:00,2024-01-08
3942,2024-01-08 01:30:00,False,01:30:00,2024-01-08
3943,2024-01-08 01:45:00,False,01:45:00,2024-01-08
3944,2024-01-08 02:00:00,False,02:00:00,2024-01-08
3945,2024-01-08 02:15:00,False,02:15:00,2024-01-08
3946,2024-01-08 02:30:00,False,02:30:00,2024-01-08
3947,2024-01-08 02:45:00,False,02:45:00,2024-01-08
3948,2024-01-08 03:00:00,False,03:00:00,2024-01-08
3949,2024-01-08 03:15:00,False,03:15:00,2024-01-08
3950,2024-01-08 03:30:00,False,03:30:00,2024-01-08
3951,2024-01-08 03:45:00,False,03:45:00,2024-01-08
3952,2024-01-08 04:00:00,False,04:00:00,2024-01-08
3953,2024-01-08 04:15:00,False,04:15:00,2024-01-08
3954,2024-01-08 04:30:00,False,04:30:00,2024-01-08
3955,2024-01-08 04:45:00,False,04:45:00,2024-01-08
3956,2024-01-08 05:00:00,False,05:00:00,2024-01-08
3957,2024-01-08 05:15:00,False,05:15:00,2024-01-08
3958,2024-01-08 05:30:00,False,05:30:00,2024-01-08
3959,2024-01-08 05:45:00,False,05:45:00,2024-01-08
3960,2024-01-08 06:00:00,False,06:00:00,2024-01-08
3961,2024-01-08 06:15:00,False,06:15:00,2024-01-08
3962,2024-01-08 06:30:00,False,06:30:00,2024-01-08
3963,2024-01-08 06:45:00,False,06:45:00,2024-01-08
3964,2024-01-08 07:00:00,False,07:00:00,2024-01-08
3965,2024-01-08 07:15:00,False,07:15:00,2024-01-08
3966,2024-01-08 07:30:00,False,07:30:00,2024-01-08
3967,2024-01-08 07:45:00,False,07:45:00,2024-01-08
3968,2024-01-08 08:00:00,False,08:00:00,2024-01-08
3969,2024-01-08 08:15:00,False,08:15:00,2024-01-08
3970,2024-01-08 08:30:00,False,08:30:00,2024-01-08
3971,2024-01-08 08:45:00,False,08:45:00,2024-01-08
3972,2024-01-08 09:00:00,False,09:00:00,2024-01-08
3973,2024-01-08 09:15:00,True,09:15:00,2024-01-08
3974,2024-01-08 09:30:00,True,09:30:00,2024-01-08
3975,2024-01-08 09:45:00,True,09:45:00,2024-01-08
3976,2024-01-08 10:00:00,True,10:00:00,2024-01-08
3977,2024-01-08 10:15:00,True,10:15:00,2024-01-08
3978,2024-01-08 10:30:00,True,10:30:00,2024-01-08
3979,2024-01-08 10:45:00,False,10:45:00,2024-01-08
3980,2024-01-08 11:00:00,False,11:00:00,2024-01-08
3981,2024-01-08 11:15:00,False,11:15:00,2024-01-08
3982,2024-01-08 11:30:00,False,11:30:00,2024-01-08
3983,2024-01-08 11:45:00,False,11:45:00,2024-01-08
3984,2024-01-08 12:00:00,False,12:00:00,2024-01-08
3985,2024-01-08 12:15:00,False,12:15:00,2024-01-08
3986,2024-01-08 12:30:00,False,12:30:00,2024-01-08
3987,2024-01-08 12:45:00,False,12:45:00,2024-01-08
3988,2024-01-08 13:00:00,False,13:00:00,2024-01-08
3989,2024-01-08 13:15:00,False,13:15:00,2024-01-08
3990,2024-01-08 13:30:00,False,13:30:00,2024-01-08
3991,2024-01-08 13:45:00,False,13:45:00,2024-01-08
3992,2024-01-08 14:00:00,False,14:00:00,2024-01-08
3993,2024-01-08 14:15:00,False,14:15:00,2024-01-08
3994,2024-01-08 14:30:00,False,14:30:00,2024-01-08
3995,2024-01-08 14:45:00,False,14:45:00,2024-01-08
3996,2024-01-08 15:00:00,False,15:00:00,2024-01-08
3997,2024-01-08 15:15:00,False,15:15:00,2024-01-08
3998,2024-01-08 15:30:00,False,15:30:00,2024-01-08
3999,2024-01-08 15:45:00,False,15:45:00,2024-01-08
4000,2024-01-08 16:00:00,False,16:00:00,2024-01-08
4001,2024-01-08 16:15:00,False,16:15:00,2024-01-08
4002,2024-01-08 16:30:00,False,16:30:00,2024-01-08
4003,2024-01-08 16:45:00,False,16:45:00,2024-01-08
4004,2024-01-08 17:00:00,False,17:00:00,2024-01-08
4005,2024-01-08 17:15:00,False,17:15:00,2024-01-08
4006,2024-01-08 17:30:00,False,17:30:00,2024-01-08
4007,2024-01-08 17:45:00,False,17:45:00,2024-01-08
4008,2024-01-08 18:00:00,False,18:00:00,2024-01-08
4009,2024-01-08 18:15:00,False,18:15:00,2024-01-08
4010,2024-01-08 18:30:00,False,18:30:00,2024-01-08
4011,2024-01-08 18:45:00,False,18:45:00,2024-01-08
4012,2024-01-08 19:00:00,False,19:00:00,2024-01-08
4013,2024-01-08 19:15:00,False,19:15:00,2024-01-08
4014,2024-01-08 19:30:00,False,19:30:00,2024-01-08
4015,2024-01-08 19:45:00,False,19:45:00,2024-01-08
4016,2024-01-08 20:00:00,False,20:00:00,2024-01-08
4017,2024-01-08 20:15:00,False,20:15:00,2024-01-08
4018,2024-01-08 20:30:00,False,20:30:00,2024-01-08
4019,2024-01-08 20:45:00,False,20:45:00,2024-01-08
4020,2024-01-08 21:00:00,False,21:00:00,2024-01-08
4021,2024-01-08 21:15:00,False,21:15:00,2024-01-08
4022,2024-01-08 21:30:00,False,21:30:00,2024-01-08
4023,2024-01-08 21:45:00,False,21:45:00,2024-01-08
4024,2024-01-08 22:00:00,False,22:00:00,2024-01-08
4025,2024-01-08 22:15:00,False,22:15:00,2024-01-08
4026,2024-01-08 22:30:00,False,22:30:00,2024-01-08
4027,2024-01-08 22:45:00,False,22:45:00,2024-01-08
4028,2024-01-08 23:00:00,False,23:00:00,2024-01-08
4029,2024-01-08 23:15:00,False,23:15:00,2024-01-08
4030,2024-01-08 23:30:00,False,23:30:00,2024-01-08
4031,2024-01-08 23:45:00,False,23:45:00,2024-01-08
4032,2024-01-09 00:00:00,False,00:00:00,2024-01-09
4033,2024-01-09 00:15:00,False,00:15:00,2024-01-09
4034,2024-01-09 00:30:00,False,00:30:00,2024-01-09
4035,2024-01-09 00:45:00,False,00:45:00,2024-01-09
4036,2024-01-09 01:00:00,False,01:00:00,2024-01-09
4037,2024-01-09 01:15:00,False,01:15:00,2024-01-09
4038,2024-01-09 01:30:00,False,01:30:00,2024-01-09
4039,2024-01-09 01:45:00,False,01:45:00,2024-01-09
4040,2024-01-09 02:00:00,False,02:00:00,2024-01-09
4041,2024-01-09 02:15:00,False,02:15:00,2024-01-09
4042,2024-01-09 02:30:00,False,02:30:00,2024-01-09
4043,2024-01-09 02:45:00,False,02:45:00,2024-01-09
4044,2024-01-09 03:00:00,False,03:00:00,2024-01-09
4045,2024-01-09 03:15:00,False,03:15:00,2024-01-09
4046,2024-01-09 03:30:00,False,03:30:00,2024-01-09
4047,2024-01-09 03:45:00,False,03:45:00,2024-01-09
4048,2024-01-09 04:00:00,False,04:00:00,2024-01-09
4049,2024-01-09 04:15:00,False,04:15:00,2024-01-09
4050,2024-01-09 04:30:00,False,04:30:00,2024-01-09
4051,2024-01-09 04:45:00,False,04:45:00,2024-01-09
4052,2024-01-09 05:00:00,False,05:00:00,2024-01-09
4053,2024-01-09 05:15:00,False,05:15:00,2024-01-09
4054,2024-01-09 05:30:00,False,05:30:00,2024-01-09
4055,2024-01-09 05:45:00,False,05:45:00,2024-01-09
4056,2024-01-09 06:00:00,False,06:00:00,2024-01-09
4057,2024-01-09 06:15:00,False,06:15:00,2024-01-09
4058,2024-01-09 06:30:00,False,06:30:00,2024-01-09
4059,2024-01-09 06:45:00,False,06:45:00,2024-01-09
4060,2024-01-09 07:00:00,False,07:00:00,2024-01-09
4061,2024-01-09 07:15:00,False,07:15:00,2024-01-09
4062,2024-01-09 07:30:00,False,07:30:00,2024-01-09
4063,2024-01-09 07:45:00,False,07:45:00,2024-01-09
4064,2024-01-09 08:00:00,False,08:00:00,2024-01-09
4065,2024-01-09 08:15:00,False,08:15:00,2024-01-09
4066,2024-01-09 08:30:00,False,08:30:00,2024-01-09
4067,2024-01-09 08:45:00,False,08:45:00,2024-01-09
4068,2024-01-09 09:00:00,False,09:00:00,2024-01-09
4069,2024-01-09 09:15:00,False,09:15:00,2024-01-09
4070,2024-01-09 09:30:00,False,09:30:00,2024-01-09
4071,2024-01-09 09:45:00,False,09:45:00,2024-01-09
4072,2024-01-09 10:00:00,False,10:00:00,2024-01-09
4073,2024-01-09 10:15:00,False,10:15:00,2024-01-09
4074,2024-01-09 10:30:00,False,10:30:00,2024-01-09
4075,2024-01-09 10:45:00,False,10:45:00,2024-01-09
4076,2024-01-09 11:00:00,False,11:00:00,2024-01-09
4077,2024-01-09 11:15:00,False,11:15:00,2024-01-09
4078,2024-01-09 11:30:00,False,11:30:00,2024-01-09
4079,2024-01-09 11:45:00,False,11:45:00,2024-01-09
4080,2024-01-09 12:00:00,False,12:00:00,2024-01-09
4081,2024-01-09 12:15:00,False,12:15:00,2024-01-09
4082,2024-01-09 12:30:00,False,12:30:00,2024-01-09
4083,2024-01-09 12:45:00,False,12:45:00,2024-01-09
4084,2024-01-09 13:00:00,False,13:00:00,2024-01-09
4085,2024-01-09 13:15:00,False,13:15:00,2024-01-09
4086,2024-01-09 13:30:00,False,13:30:00,2024-01-09
4087,2024-01-09 13:45:00,False,13:45:00,2024-01-09
4088,2024-01-09 14:00:00,False,14:00:00,2024-01-09
4089,2024-01-09 14:15:00,False,14:15:00,2024-01-09
4090,2024-01-09 14:30:00,False,14:30:00,2024-01-09
4091,2024-01-09 14:45:00,False,14:45:00,2024-01-09
4092,2024-01-09 15:00:00,False,15:00:00,2024-01-09
4093,2024-01-09 15:15:00,False,15:15:00,2024-01-09
4094,2024-01-09 15:30:00,False,15:30:00,2024-01-09
4095,2024-01-09 15:45:00,True,15:45:00,2024-01-09
4096,2024-01-09 16:00:00,False,16:00:00,2024-01-09
4097,2024-01-09 16:15:00,False,16:15:00,2024-01-09
4098,2024-01-09 16:30:00,False,16:30:00,2024-01-09
4099,2024-01-09 16:45:00,False,16:45:00,2024-01-09
4100,2024-01-09 17:00:00,False,17:00:00,2024-01-09
4101,2024-01-09 17:15:00,False,17:15:00,2024-01-09
4102,2024-01-09 17:30:00,False,17:30:00,2024-01-09
4103,2024-01-09 17:45:00,False,17:45:00,2024-01-09
4104,2024-01-09 18:00:00,False,18:00:00,2024-01-09
4105,2024-01-09 18:15:00,False,18:15:00,2024-01-09
4106,2024-01-09 18:30:00,False,18:30:00,2024-01-09
4107,2024-01-09 18:45:00,False,18:45:00,2024-01-09
4108,2024-01-09 19:00:00,False,19:00:00,2024-01-09
4109,2024-01-09 19:15:00,False,19:15:00,2024-01-09
4110,2024-01-09 19:30:00,False,19:30:00,2024-01-09
4111,2024-01-09 19:45:00,False,19:45:00,2024-01-09
4112,2024-01-09 20:00:00,False,20:00:00,2024-01-09
4113,2024-01-09 20:15:00,False,20:15:00,2024-01-09
4114,2024-01-09 20:30:00,False,20:30:00,2024-01-09
4115,2024-01-09 20:45:00,False,20:45:00,2024-01-09
4116,2024-01-09 21:00:00,False,21:00:00,2024-01-09
4117,2024-01-09 21:15:00,False,21:15:00,2024-01-09
4118,2024-01-09 21:30:00,False,21:30:00,2024-01-09
4119,2024-01-09 21:45:00,False,21:45:00,2024-01-09
4120,2024-01-09 22:00:00,False,22:00:00,2024-01-09
4121,2024-01-09 22:15:00,False,22:15:00,2024-01-09
4122,2024-01-09 22:30:00,False,22:30:00,2024-01-09
4123,2024-01-09 22:45:00,False,22:45:00,2024-01-09
4124,2024-01-09 23:00:00,False,23:00:00,2024-01-09
4125,2024-01-09 23:15:00,False,23:15:00,2024-01-09
4126,2024-01-09 23:30:00,False,23:30:00,2024-01-09
4127,2024-01-09 23:45:00,False,23:45:00,2024-01-09
4128,2024-01-10 00:00:00,False,00:00:00,2024-01-10
4129,2024-01-10 00:15:00,False,00:15:00,2024-01-10
4130,2024-01-10 00:30:00,False,00:30:00,2024-01-10
4131,2024-01-10 00:45:00,False,00:45:00,2024-01-10
4132,2024-01-10 01:00:00,False,01:00:00,2024-01-10
4133,2024-01-10 01:15:00,False,01:15:00,2024-01-10
4134,2024-01-10 01:30:00,False,01:30:00,2024-01-10
4135,2024-01-10 01:45:00,False,01:45:00,2024-01-10
4136,2024-01-10 02:00:00,False,02:00:00,2024-01-10
4137,2024-01-10 02:15:00,False,02:15:00,2024-01-10
4138,2024-01-10 02:30:00,False,02:30:00,2024-01-10
4139,2024-01-10 02:45:00,False,02:45:00,2024-01-10
4140,2024-01-10 03:00:00,False,03:00:00,2024-01-10
4141,2024-01-10 03:15:00,False,03:15:00,2024-01-10
4142,2024-01-10 03:30:00,False,03:30:00,2024-01-10
4143,2024-01-10 03:45:00,False,03:45:00,2024-01-10
4144,2024-01-10 04:00:00,False,04:00:00,2024-01-10
4145,2024-01-10 04:15:00,False,04:15:00,2024-01-10
4146,2024-01-10 04:30:00,False,04:30:00,2024-01-10
4147,2024-01-10 04:45:00,False,04:45:00,2024-01-10
4148,2024-01-10 05:00:00,False,05:00:00,2024-01-10
4149,2024-01-10 05:15:00,False,05:15:00,2024-01-10
4150,2024-01-10 05:30:00,False,05:30:00,2024-01-10
4151,2024-01-10 05:45:00,False,05:45:00,2024-01-10
4152,2024-01-10 06:00:00,False,06:00:00,2024-01-10
4153,2024-01-10 06:15:00,False,06:15:00,2024-01-10
4154,2024-01-10 06:30:00,False,06:30:00,2024-01-10
4155,2024-01-10 06:45:00,False,06:45:00,2024-01-10
4156,2024-01-10 07:00:00,False,07:00:00,2024-01-10
4157,2024-01-10 07:15:00,False,07:15:00,2024-01-10
4158,2024-01-10 07:30:00,False,07:30:00,2024-01-10
4159,2024-01-10 07:45:00,False,07:45:00,2024-01-10
4160,2024-01-10 08:00:00,False,08:00:00,2024-01-10
4161,2024-01-10 08:15:00,False,08:15:00,2024-01-10
4162,2024-01-10 08:30:00,False,08:30:00,2024-01-10
4163,2024-01-10 08:45:00,False,08:45:00,2024-01-10
4164,2024-01-10 09:00:00,False,09:00:00,2024-01-10
4165,2024-01-10 09:15:00,False,09:15:00,2024-01-10
4166,2024-01-10 09:30:00,False,09:30:00,2024-01-10
4167,2024-01-10 09:45:00,False,09:45:00,2024-01-10
4168,2024-01-10 10:00:00,False,10:00:00,2024-01-10
4169,2024-01-10 10:15:00,False,10:15:00,2024-01-10
4170,2024-01-10 10:30:00,False,10:30:00,2024-01-10
4171,2024-01-10 10:45:00,False,10:45:00,2024-01-10
4172,2024-01-10 11:00:00,False,11:00:00,2024-01-10
4173,2024-01-10 11:15:00,False,11:15:00,2024-01-10
4174,2024-01-10 11:30:00,False,11:30:00,2024-01-10
4175,2024-01-10 11:45:00,False,11:45:00,2024-01-10
4176,2024-01-10 12:00:00,False,12:00:00,2024-01-10
4177,2024-01-10 12:15:00,False,12:15:00,2024-01-10
4178,2024-01-10 12:30:00,False,12:30:00,2024-01-10
4179,2024-01-10 12:45:00,False,12:45:00,2024-01-10
4180,2024-01-10 13:00:00,False,13:00:00,2024-01-10
4181,2024-01-10 13:15:00,False,13:15:00,2024-01-10
4182,2024-01-10 13:30:00,False,13:30:00,2024-01-10
4183,2024-01-10 13:45:00,False,13:45:00,2024-01-10
4184,2024-01-10 14:00:00,False,14:00:00,2024-01-10
4185,2024-01-10 14:15:00,False,14:15:00,2024-01-10
4186,2024-01-10 14:30:00,False,14:30:00,2024-01-10
4187,2024-01-10 14:45:00,False,14:45:00,2024-01-10
4188,2024-01-10 15:00:00,False,15:00:00,2024-01-10
4189,2024-01-10 15:15:00,False,15:15:00,2024-01-10
4190,2024-01-10 15:30:00,False,15:30:00,2024-01-10
4191,2024-01-10 15:45:00,True,15:45:00,2024-01-10
4192,2024-01-10 16:00:00,True,16:00:00,2024-01-10
4193,2024-01-10 16:15:00,True,16:15:00,2024-01-10
4194,2024-01-10 16:30:00,False,16:30:00,2024-01-10
4195,2024-01-10 16:45:00,False,16:45:00,2024-01-10
4196,2024-01-10 17:00:00,False,17:00:00,2024-01-10
4197,2024-01-10 17:15:00,False,17:15:00,2024-01-10
4198,2024-01-10 17:30:00,False,17:30:00,2024-01-10
4199,2024-01-10 17:45:00,False,17:45:00,2024-01-10
4200,2024-01-10 18:00:00,False,18:00:00,2024-01-10
4201,2024-01-10 18:15:00,False,18:15:00,2024-01-10
4202,2024-01-10 18:30:00,False,18:30:00,2024-01-10
4203,2024-01-10 18:45:00,False,18:45:00,2024-01-10
4204,2024-01-10 19:00:00,False,19:00:00,2024-01-10
4205,2024-01-10 19:15:00,False,19:15:00,2024-01-10
4206,2024-01-10 19:30:00,False,19:30:00,2024-01-10
4207,2024-01-10 19:45:00,False,19:45:00,2024-01-10
4208,2024-01-10 20:00:00,False,20:00:00,2024-01-10
4209,2024-01-10 20:15:00,False,20:15:00,2024-01-10
4210,2024-01-10 20:30:00,False,20:30:00,2024-01-10
4211,2024-01-10 20:45:00,False,20:45:00,2024-01-10
4212,2024-01-10 21:00:00,False,21:00:00,2024-01-10
4213,2024-01-10 21:15:00,False,21:15:00,2024-01-10
4214,2024-01-10 21:30:00,False,21:30:00,2024-01-10
4215,2024-01-10 21:45:00,False,21:45:00,2024-01-10
4216,2024-01-10 22:00:00,False,22:00:00,2024-01-10
4217,2024-01-10 22:15:00,False,22:15:00,2024-01-10
4218,2024-01-10 22:30:00,False,22:30:00,2024-01-10
4219,2024-01-10 22:45:00,False,22:45:00,2024-01-10
4220,2024-01-10 23:00:00,False,23:00:00,2024-01-10
4221,2024-01-10 23:15:00,False,23:15:00,2024-01-10
4222,2024-01-10 23:30:00,False,23:30:00,2024-01-10
4223,2024-01-10 23:45:00,False,23:45:00,2024-01-10
4224,2024-01-11 00:00:00,False,00:00:00,2024-01-11
4225,2024-01-11 00:15:00,False,00:15:00,2024-01-11
4226,2024-01-11 00:30:00,False,00:30:00,2024-01-11
4227,2024-01-11 00:45:00,False,00:45:00,2024-01-11
4228,2024-01-11 01:00:00,False,01:00:00,2024-01-11
4229,2024-01-11 01:15:00,False,01:15:00,2024-01-11
4230,2024-01-11 01:30:00,False,01:30:00,2024-01-11
4231,2024-01-11 01:45:00,False,01:45:00,2024-01-11
4232,2024-01-11 02:00:00,False,02:00:00,2024-01-11
4233,2024-01-11 02:15:00,False,02:15:00,2024-01-11
4234,2024-01-11 02:30:00,False,02:30:00,2024-01-11
4235,2024-01-11 02:45:00,False,02:45:00,2024-01-11
4236,2024-01-11 03:00:00,False,03:00:00,2024-01-11
4237,2024-01-11 03:15:00,False,03:15:00,2024-01-11
4238,2024-01-11 03:30:00,False,03:30:00,2024-01-11
4239,2024-01-11 03:45:00,False,03:45:00,2024-01-11
4240,2024-01-11 04:00:00,False,04:00:00,2024-01-11
4241,2024-01-11 04:15:00,False,04:15:00,2024-01-11
4242,2024-01-11 04:30:00,False,04:30:00,2024-01-11
4243,2024-01-11 04:45:00,False,04:45:00,2024-01-11
4244,2024-01-11 05:00:00,False,05:00:00,2024-01-11
4245,2024-01-11 05:15:00,False,05:15:00,2024-01-11
4246,2024-01-11 05:30:00,False,05:30:00,2024-01-11
4247,2024-01-11 05:45:00,False,05:45:00,2024-01-11
4248,2024-01-11 06:00:00,False,06:00:00,2024-01-11
4249,2024-01-11 06:15:00,False,06:15:00,2024-01-11
4250,2024-01-11 06:30:00,False,06:30:00,2024-01-11
4251,2024-01-11 06:45:00,False,06:45:00,2024-01-11
4252,2024-01-11 07:00:00,False,07:00:00,2024-01-11
4253,2024-01-11 07:15:00,False,07:15:00,2024-01-11
4254,2024-01-11 07:30:00,False,07:30:00,2024-01-11
4255,2024-01-11 07:45:00,False,07:45:00,2024-01-11
4256,2024-01-11 08:00:00,False,08:00:00,2024-01-11
4257,2024-01-11 08:15:00,False,08:15:00,2024-01-11
4258,2024-01-11 08:30:00,False,08:30:00,2024-01-11
4259,2024-01-11 08:45:00,False,08:45:00,2024-01-11
4260,2024-01-11 09:00:00,False,09:00:00,2024-01-11
4261,2024-01-11 09:15:00,False,09:15:00,2024-01-11
4262,2024-01-11 09:30:00,False,09:30:00,2024-01-11
4263,2024-01-11 09:45:00,False,09:45:00,2024-01-11
4264,2024-01-11 10:00:00,False,10:00:00,2024-01-11
4265,2024-01-11 10:15:00,False,10:15:00,2024-01-11
4266,2024-01-11 10:30:00,False,10:30:00,2024-01-11
4267,2024-01-11 10:45:00,False,10:45:00,2024-01-11
4268,2024-01-11 11:00:00,False,11:00:00,2024-01-11
4269,2024-01-11 11:15:00,False,11:15:00,2024-01-11
4270,2024-01-11 11:30:00,False,11:30:00,2024-01-11
4271,2024-01-11 11:45:00,False,11:45:00,2024-01-11
4272,2024-01-11 12:00:00,False,12:00:00,2024-01-11
4273,2024-01-11 12:15:00,False,12:15:00,2024-01-11
4274,2024-01-11 12:30:00,False,12:30:00,2024-01-11
4275,2024-01-11 12:45:00,False,12:45:00,2024-01-11
4276,2024-01-11 13:00:00,False,13:00:00,2024-01-11
4277,2024-01-11 13:15:00,False,13:15:00,2024-01-11
4278,2024-01-11 13:30:00,False,13:30:00,2024-01-11
4279,2024-01-11 13:45:00,False,13:45:00,2024-01-11
4280,2024-01-11 14:00:00,False,14:00:00,2024-01-11
4281,2024-01-11 14:15:00,False,14:15:00,2024-01-11
4282,2024-01-11 14:30:00,False,14:30:00,2024-01-11
4283,2024-01-11 14:45:00,False,14:45:00,2024-01-11
4284,2024-01-11 15:00:00,False,15:00:00,2024-01-11
4285,2024-01-11 15:15:00,False,15:15:00,2024-01-11
4286,2024-01-11 15:30:00,False,15:30:00,2024-01-11
4287,2024-01-11 15:45:00,False,15:45:00,2024-01-11
4288,2024-01-11 16:00:00,False,16:00:00,2024-01-11
4289,2024-01-11 16:15:00,False,16:15:00,2024-01-11
4290,2024-01-11 16:30:00,False,16:30:00,2024-01-11
4291,2024-01-11 16:45:00,False,16:45:00,2024-01-11
4292,2024-01-11 17:00:00,False,17:00:00,2024-01-11
4293,2024-01-11 17:15:00,False,17:15:00,2024-01-11
4294,2024-01-11 17:30:00,False,17:30:00,2024-01-11
4295,2024-01-11 17:45:00,False,17:45:00,2024-01-11
4296,2024-01-11 18:00:00,False,18:00:00,2024-01-11
4297,2024-01-11 18:15:00,False,18:15:00,2024-01-11
4298,2024-01-11 18:30:00,False,18:30:00,2024-01-11
4299,2024-01-11 18:45:00,False,18:45:00,2024-01-11
4300,2024-01-11 19:00:00,False,19:00:00,2024-01-11
4301,2024-01-11 19:15:00,False,19:15:00,2024-01-11
4302,2024-01-11 19:30:00,False,19:30:00,2024-01-11
4303,2024-01-11 19:45:00,False,19:45:00,2024-01-11
4304,2024-01-11 20:00:00,False,20:00:00,2024-01-11
4305,2024-01-11 20:15:00,False,20:15:00,2024-01-11
4306,2024-01-11 20:30:00,False,20:30:00,2024-01-11
4307,2024-01-11 20:45:00,False,20:45:00,2024-01-11
4308,2024-01-11 21:00:00,False,21:00:00,2024-01-11
4309,2024-01-11 21:15:00,False,21:15:00,2024-01-11
4310,2024-01-11 21:30:00,False,21:30:00,2024-01-11
4311,2024-01-11 21:45:00,False,21:45:00,2024-01-11
4312,2024-01-11 22:00:00,False,22:00:00,2024-01-11
4313,2024-01-11 22:15:00,False,22:15:00,2024-01-11
4314,2024-01-11 22:30:00,False,22:30:00,2024-01-11
4315,2024-01-11 22:45:00,False,22:45:00,2024-01-11
4316,2024-01-11 23:00:00,False,23:00:00,2024-01-11
4317,2024-01-11 23:15:00,False,23:15:00,2024-01-11
4318,2024-01-11 23:30:00,False,23:30:00,2024-01-11
4319,2024-01-11 23:45:00,False,23:45:00,2024-01-11
4320,2024-01-12 00:00:00,False,00:00:00,2024-01-12
4321,2024-01-12 00:15:00,False,00:15:00,2024-01-12
4322,2024-01-12 00:30:00,False,00:30:00,2024-01-12
4323,2024-01-12 00:45:00,False,00:45:00,2024-01-12
4324,2024-01-12 01:00:00,False,01:00:00,2024-01-12
4325,2024-01-12 01:15:00,False,01:15:00,2024-01-12
4326,2024-01-12 01:30:00,False,01:30:00,2024-01-12
4327,2024-01-12 01:45:00,False,01:45:00,2024-01-12
4328,2024-01-12 02:00:00,False,02:00:00,2024-01-12
4329,2024-01-12 02:15:00,False,02:15:00,2024-01-12
4330,2024-01-12 02:30:00,False,02:30:00,2024-01-12
4331,2024-01-12 02:45:00,False,02:45:00,2024-01-12
4332,2024-01-12 03:00:00,False,03:00:00,2024-01-12
4333,2024-01-12 03:15:00,False,03:15:00,2024-01-12
4334,2024-01-12 03:30:00,False,03:30:00,2024-01-12
4335,2024-01-12 03:45:00,False,03:45:00,2024-01-12
4336,2024-01-12 04:00:00,False,04:00:00,2024-01-12
4337,2024-01-12 04:15:00,False,04:15:00,2024-01-12
4338,2024-01-12 04:30:00,False,04:30:00,2024-01-12
4339,2024-01-12 04:45:00,False,04:45:00,2024-01-12
4340,2024-01-12 05:00:00,False,05:00:00,2024-01-12
4341,2024-01-12 05:15:00,False,05:15:00,2024-01-12
4342,2024-01-12 05:30:00,False,05:30:00,2024-01-12
4343,2024-01-12 05:45:00,False,05:45:00,2024-01-12
4344,2024-01-12 06:00:00,False,06:00:00,2024-01-12
4345,2024-01-12 06:15:00,False,06:15:00,2024-01-12
4346,2024-01-12 06:30:00,False,06:30:00,2024-01-12
4347,2024-01-12 06:45:00,False,06:45:00,2024-01-12
4348,2024-01-12 07:00:00,False,07:00:00,2024-01-12
4349,2024-01-12 07:15:00,False,07:15:00,2024-01-12
4350,2024-01-12 07:30:00,False,07:30:00,2024-01-12
4351,2024-01-12 07:45:00,False,07:45:00,2024-01-12
4352,2024-01-12 08:00:00,False,08:00:00,2024-01-12
4353,2024-01-12 08:15:00,False,08:15:00,2024-01-12
4354,2024-01-12 08:30:00,False,08:30:00,2024-01-12
4355,2024-01-12 08:45:00,False,08:45:00,2024-01-12
4356,2024-01-12 09:00:00,False,09:00:00,2024-01-12
4357,2024-01-12 09:15:00,False,09:15:00,2024-01-12
4358,2024-01-12 09:30:00,False,09:30:00,2024-01-12
4359,2024-01-12 09:45:00,False,09:45:00,2024-01-12
4360,2024-01-12 10:00:00,False,10:00:00,2024-01-12
4361,2024-01-12 10:15:00,False,10:15:00,2024-01-12
4362,2024-01-12 10:30:00,False,10:30:00,2024-01-12
4363,2024-01-12 10:45:00,False,10:45:00,2024-01-12
4364,2024-01-12 11:00:00,False,11:00:00,2024-01-12
4365,2024-01-12 11:15:00,False,11:15:00,2024-01-12
4366,2024-01-12 11:30:00,False,11:30:00,2024-01-12
4367,2024-01-12 11:45:00,False,11:45:00,2024-01-12
4368,2024-01-12 12:00:00,False,12:00:00,2024-01-12
4369,2024-01-12 12:15:00,False,12:15:00,2024-01-12
4370,2024-01-12 12:30:00,False,12:30:00,2024-01-12
4371,2024-01-12 12:45:00,False,12:45:00,2024-01-12
4372,2024-01-12 13:00:00,False,13:00:00,2024-01-12
4373,2024-01-12 13:15:00,False,13:15:00,2024-01-12
4374,2024-01-12 13:30:00,False,13:30:00,2024-01-12
4375,2024-01-12 13:45:00,False,13:45:00,2024-01-12
4376,2024-01-12 14:00:00,False,14:00:00,2024-01-12
4377,2024-01-12 14:15:00,False,14:15:00,2024-01-12
4378,2024-01-12 14:30:00,False,14:30:00,2024-01-12
4379,2024-01-12 14:45:00,False,14:45:00,2024-01-12
4380,2024-01-12 15:00:00,False,15:00:00,2024-01-12
4381,2024-01-12 15:15:00,False,15:15:00,2024-01-12
4382,2024-01-12 15:30:00,False,15:30:00,2024-01-12
4383,2024-01-12 15:45:00,False,15:45:00,2024-01-12
4384,2024-01-12 16:00:00,False,16:00:00,2024-01-12
4385,2024-01-12 16:15:00,False,16:15:00,2024-01-12
4386,2024-01-12 16:30:00,False,16:30:00,2024-01-12
4387,2024-01-12 16:45:00,False,16:45:00,2024-01-12
4388,2024-01-12 17:00:00,False,17:00:00,2024-01-12
4389,2024-01-12 17:15:00,False,17:15:00,2024-01-12
4390,2024-01-12 17:30:00,False,17:30:00,2024-01-12
4391,2024-01-12 17:45:00,False,17:45:00,2024-01-12
4392,2024-01-12 18:00:00,False,18:00:00,2024-01-12
4393,2024-01-12 18:15:00,False,18:15:00,2024-01-12
4394,2024-01-12 18:30:00,False,18:30:00,2024-01-12
4395,2024-01-12 18:45:00,False,18:45:00,2024-01-12
4396,2024-01-12 19:00:00,False,19:00:00,2024-01-12
4397,2024-01-12 19:15:00,False,19:15:00,2024-01-12
4398,2024-01-12 19:30:00,False,19:30:00,2024-01-12
4399,2024-01-12 19:45:00,False,19:45:00,2024-01-12
4400,2024-01-12 20:00:00,False,20:00:00,2024-01-12
4401,2024-01-12 20:15:00,False,20:15:00,2024-01-12
4402,2024-01-12 20:30:00,False,20:30:00,2024-01-12
4403,2024-01-12 20:45:00,False,20:45:00,2024-01-12
4404,2024-01-12 21:00:00,False,21:00:00,2024-01-12
4405,2024-01-12 21:15:00,False,21:15:00,2024-01-12
4406,2024-01-12 21:30:00,False,21:30:00,2024-01-12
4407,2024-01-12 21:45:00,False,21:45:00,2024-01-12
4408,2024-01-12 22:00:00,False,22:00:00,2024-01-12
4409,2024-01-12 22:15:00,False,22:15:00,2024-01-12
4410,2024-01-12 22:30:00,False,22:30:00,2024-01-12
4411,2024-01-12 22:45:00,False,22:45:00,2024-01-12
4412,2024-01-12 23:00:00,False,23:00:00,2024-01-12
4413,2024-01-12 23:15:00,False,23:15:00,2024-01-12
4414,2024-01-12 23:30:00,False,23:30:00,2024-01-12
4415,2024-01-12 23:45:00,False,23:45:00,2024-01-12
4416,2024-01-13 00:00:00,False,00:00:00,2024-01-13
4417,2024-01-13 00:15:00,False,00:15:00,2024-01-13
4418,2024-01-13 00:30:00,False,00:30:00,2024-01-13
4419,2024-01-13 00:45:00,False,00:45:00,2024-01-13
4420,2024-01-13 01:00:00,False,01:00:00,2024-01-13
4421,2024-01-13 01:15:00,False,01:15:00,2024-01-13
4422,2024-01-13 01:30:00,False,01:30:00,2024-01-13
4423,2024-01-13 01:45:00,False,01:45:00,2024-01-13
4424,2024-01-13 02:00:00,False,02:00:00,2024-01-13
4425,2024-01-13 02:15:00,False,02:15:00,2024-01-13
4426,2024-01-13 02:30:00,False,02:30:00,2024-01-13
4427,2024-01-13 02:45:00,False,02:45:00,2024-01-13
4428,2024-01-13 03:00:00,False,03:00:00,2024-01-13
4429,2024-01-13 03:15:00,False,03:15:00,2024-01-13
4430,2024-01-13 03:30:00,False,03:30:00,2024-01-13
4431,2024-01-13 03:45:00,False,03:45:00,2024-01-13
4432,2024-01-13 04:00:00,False,04:00:00,2024-01-13
4433,2024-01-13 04:15:00,False,04:15:00,2024-01-13
4434,2024-01-13 04:30:00,False,04:30:00,2024-01-13
4435,2024-01-13 04:45:00,False,04:45:00,2024-01-13
4436,2024-01-13 05:00:00,False,05:00:00,2024-01-13
4437,2024-01-13 05:15:00,False,05:15:00,2024-01-13
4438,2024-01-13 05:30:00,False,05:30:00,2024-01-13
4439,2024-01-13 05:45:00,False,05:45:00,2024-01-13
4440,2024-01-13 06:00:00,False,06:00:00,2024-01-13
4441,2024-01-13 06:15:00,False,06:15:00,2024-01-13
4442,2024-01-13 06:30:00,False,06:30:00,2024-01-13
4443,2024-01-13 06:45:00,False,06:45:00,2024-01-13
4444,2024-01-13 07:00:00,False,07:00:00,2024-01-13
4445,2024-01-13 07:15:00,False,07:15:00,2024-01-13
4446,2024-01-13 07:30:00,False,07:30:00,2024-01-13
4447,2024-01-13 07:45:00,False,07:45:00,2024-01-13
4448,2024-01-13 08:00:00,False,08:00:00,2024-01-13
4449,2024-01-13 08:15:00,False,08:15:00,2024-01-13
4450,2024-01-13 08:30:00,False,08:30:00,2024-01-13
4451,2024-01-13 08:45:00,False,08:45:00,2024-01-13
4452,2024-01-13 09:00:00,False,09:00:00,2024-01-13
4453,2024-01-13 09:15:00,False,09:15:00,2024-01-13
4454,2024-01-13 09:30:00,False,09:30:00,2024-01-13
4455,2024-01-13 09:45:00,False,09:45:00,2024-01-13
4456,2024-01-13 10:00:00,False,10:00:00,2024-01-13
4457,2024-01-13 10:15:00,False,10:15:00,2024-01-13
4458,2024-01-13 10:30:00,False,10:30:00,2024-01-13
4459,2024-01-13 10:45:00,False,10:45:00,2024-01-13
4460,2024-01-13 11:00:00,False,11:00:00,2024-01-13
4461,2024-01-13 11:15:00,False,11:15:00,2024-01-13
4462,2024-01-13 11:30:00,False,11:30:00,2024-01-13
4463,2024-01-13 11:45:00,False,11:45:00,2024-01-13
4464,2024-01-13 12:00:00,False,12:00:00,2024-01-13
4465,2024-01-13 12:15:00,False,12:15:00,2024-01-13
4466,2024-01-13 12:30:00,False,12:30:00,2024-01-13
4467,2024-01-13 12:45:00,False,12:45:00,2024-01-13
4468,2024-01-13 13:00:00,False,13:00:00,2024-01-13
4469,2024-01-13 13:15:00,False,13:15:00,2024-01-13
4470,2024-01-13 13:30:00,False,13:30:00,2024-01-13
4471,2024-01-13 13:45:00,False,13:45:00,2024-01-13
4472,2024-01-13 14:00:00,False,14:00:00,2024-01-13
4473,2024-01-13 14:15:00,False,14:15:00,2024-01-13
4474,2024-01-13 14:30:00,False,14:30:00,2024-01-13
4475,2024-01-13 14:45:00,False,14:45:00,2024-01-13
4476,2024-01-13 15:00:00,False,15:00:00,2024-01-13
4477,2024-01-13 15:15:00,False,15:15:00,2024-01-13
4478,2024-01-13 15:30:00,False,15:30:00,2024-01-13
4479,2024-01-13 15:45:00,False,15:45:00,2024-01-13
4480,2024-01-13 16:00:00,False,16:00:00,2024-01-13
4481,2024-01-13 16:15:00,False,16:15:00,2024-01-13
4482,2024-01-13 16:30:00,False,16:30:00,2024-01-13
4483,2024-01-13 16:45:00,False,16:45:00,2024-01-13
4484,2024-01-13 17:00:00,False,17:00:00,2024-01-13
4485,2024-01-13 17:15:00,False,17:15:00,2024-01-13
4486,2024-01-13 17:30:00,False,17:30:00,2024-01-13
4487,2024-01-13 17:45:00,False,17:45:00,2024-01-13
4488,2024-01-13 18:00:00,False,18:00:00,2024-01-13
4489,2024-01-13 18:15:00,False,18:15:00,2024-01-13
4490,2024-01-13 18:30:00,False,18:30:00,2024-01-13
4491,2024-01-13 18:45:00,False,18:45:00,2024-01-13
4492,2024-01-13 19:00:00,False,19:00:00,2024-01-13
4493,2024-01-13 19:15:00,False,19:15:00,2024-01-13
4494,2024-01-13 19:30:00,False,19:30:00,2024-01-13
4495,2024-01-13 19:45:00,False,19:45:00,2024-01-13
4496,2024-01-13 20:00:00,False,20:00:00,2024-01-13
4497,2024-01-13 20:15:00,False,20:15:00,2024-01-13
4498,2024-01-13 20:30:00,False,20:30:00,2024-01-13
4499,2024-01-13 20:45:00,False,20:45:00,2024-01-13
4500,2024-01-13 21:00:00,False,21:00:00,2024-01-13
4501,2024-01-13 21:15:00,False,21:15:00,2024-01-13
4502,2024-01-13 21:30:00,False,21:30:00,2024-01-13
4503,2024-01-13 21:45:00,False,21:45:00,2024-01-13
4504,2024-01-13 22:00:00,False,22:00:00,2024-01-13
4505,2024-01-13 22:15:00,False,22:15:00,2024-01-13
4506,2024-01-13 22:30:00,False,22:30:00,2024-01-13
4507,2024-01-13 22:45:00,False,22:45:00,2024-01-13
4508,2024-01-13 23:00:00,False,23:00:00,2024-01-13
4509,2024-01-13 23:15:00,False,23:15:00,2024-01-13
4510,2024-01-13 23:30:00,False,23:30:00,2024-01-13
4511,2024-01-13 23:45:00,False,23:45:00,2024-01-13
4512,2024-01-14 00:00:00,False,00:00:00,2024-01-14
4513,2024-01-14 00:15:00,False,00:15:00,2024-01-14
4514,2024-01-14 00:30:00,False,00:30:00,2024-01-14
4515,2024-01-14 00:45:00,False,00:45:00,2024-01-14
4516,2024-01-14 01:00:00,False,01:00:00,2024-01-14
4517,2024-01-14 01:15:00,False,01:15:00,2024-01-14
4518,2024-01-14 01:30:00,False,01:30:00,2024-01-14
4519,2024-01-14 01:45:00,False,01:45:00,2024-01-14
4520,2024-01-14 02:00:00,False,02:00:00,2024-01-14
4521,2024-01-14 02:15:00,False,02:15:00,2024-01-14
4522,2024-01-14 02:30:00,False,02:30:00,2024-01-14
4523,2024-01-14 02:45:00,False,02:45:00,2024-01-14
4524,2024-01-14 03:00:00,False,03:00:00,2024-01-14
4525,2024-01-14 03:15:00,False,03:15:00,2024-01-14
4526,2024-01-14 03:30:00,False,03:30:00,2024-01-14
4527,2024-01-14 03:45:00,False,03:45:00,2024-01-14
4528,2024-01-14 04:00:00,False,04:00:00,2024-01-14
4529,2024-01-14 04:15:00,False,04:15:00,2024-01-14
4530,2024-01-14 04:30:00,False,04:30:00,2024-01-14
4531,2024-01-14 04:45:00,False,04:45:00,2024-01-14
4532,2024-01-14 05:00:00,False,05:00:00,2024-01-14
4533,2024-01-14 05:15:00,False,05:15:00,2024-01-14
4534,2024-01-14 05:30:00,False,05:30:00,2024-01-14
4535,2024-01-14 05:45:00,False,05:45:00,2024-01-14
4536,2024-01-14 06:00:00,False,06:00:00,2024-01-14
4537,2024-01-14 06:15:00,False,06:15:00,2024-01-14
4538,2024-01-14 06:30:00,False,06:30:00,2024-01-14
4539,2024-01-14 06:45:00,False,06:45:00,2024-01-14
4540,2024-01-14 07:00:00,False,07:00:00,2024-01-14
4541,2024-01-14 07:15:00,False,07:15:00,2024-01-14
4542,2024-01-14 07:30:00,False,07:30:00,2024-01-14
4543,2024-01-14 07:45:00,False,07:45:00,2024-01-14
4544,2024-01-14 08:00:00,False,08:00:00,2024-01-14
4545,2024-01-14 08:15:00,False,08:15:00,2024-01-14
4546,2024-01-14 08:30:00,False,08:30:00,2024-01-14
4547,2024-01-14 08:45:00,False,08:45:00,2024-01-14
4548,2024-01-14 09:00:00,False,09:00:00,2024-01-14
4549,2024-01-14 09:15:00,False,09:15:00,2024-01-14
4550,2024-01-14 09:30:00,False,09:30:00,2024-01-14
4551,2024-01-14 09:45:00,False,09:45:00,2024-01-14
4552,2024-01-14 10:00:00,False,10:00:00,2024-01-14
4553,2024-01-14 10:15:00,False,10:15:00,2024-01-14
4554,2024-01-14 10:30:00,False,10:30:00,2024-01-14
4555,2024-01-14 10:45:00,False,10:45:00,2024-01-14
4556,2024-01-14 11:00:00,False,11:00:00,2024-01-14
4557,2024-01-14 11:15:00,False,11:15:00,2024-01-14
4558,2024-01-14 11:30:00,False,11:30:00,2024-01-14
4559,2024-01-14 11:45:00,False,11:45:00,2024-01-14
4560,2024-01-14 12:00:00,False,12:00:00,2024-01-14
4561,2024-01-14 12:15:00,False,12:15:00,2024-01-14
4562,2024-01-14 12:30:00,False,12:30:00,2024-01-14
4563,2024-01-14 12:45:00,False,12:45:00,2024-01-14
4564,2024-01-14 13:00:00,False,13:00:00,2024-01-14
4565,2024-01-14 13:15:00,False,13:15:00,2024-01-14
4566,2024-01-14 13:30:00,False,13:30:00,2024-01-14
4567,2024-01-14 13:45:00,False,13:45:00,2024-01-14
4568,2024-01-14 14:00:00,False,14:00:00,2024-01-14
4569,2024-01-14 14:15:00,True,14:15:00,2024-01-14
4570,2024-01-14 14:30:00,True,14:30:00,2024-01-14
4571,2024-01-14 14:45:00,True,14:45:00,2024-01-14
4572,2024-01-14 15:00:00,True,15:00:00,2024-01-14
4573,2024-01-14 15:15:00,True,15:15:00,2024-01-14
4574,2024-01-14 15:30:00,True,15:30:00,2024-01-14
4575,2024-01-14 15:45:00,True,15:45:00,2024-01-14
4576,2024-01-14 16:00:00,True,16:00:00,2024-01-14
4577,2024-01-14 16:15:00,True,16:15:00,2024-01-14
4578,2024-01-14 16:30:00,True,16:30:00,2024-01-14
4579,2024-01-14 16:45:00,True,16:45:00,2024-01-14
4580,2024-01-14 17:00:00,True,17:00:00,2024-01-14
4581,2024-01-14 17:15:00,True,17:15:00,2024-01-14
4582,2024-01-14 17:30:00,True,17:30:00,2024-01-14
4583,2024-01-14 17:45:00,True,17:45:00,2024-01-14
4584,2024-01-14 18:00:00,True,18:00:00,2024-01-14
4585,2024-01-14 18:15:00,True,18:15:00,2024-01-14
4586,2024-01-14 18:30:00,True,18:30:00,2024-01-14
4587,2024-01-14 18:45:00,True,18:45:00,2024-01-14
4588,2024-01-14 19:00:00,True,19:00:00,2024-01-14
4589,2024-01-14 19:15:00,True,19:15:00,2024-01-14
4590,2024-01-14 19:30:00,True,19:30:00,2024-01-14
4591,2024-01-14 19:45:00,True,19:45:00,2024-01-14
4592,2024-01-14 20:00:00,True,20:00:00,2024-01-14
4593,2024-01-14 20:15:00,True,20:15:00,2024-01-14
4594,2024-01-14 20:30:00,True,20:30:00,2024-01-14
4595,2024-01-14 20:45:00,True,20:45:00,2024-01-14
4596,2024-01-14 21:00:00,True,21:00:00,2024-01-14
4597,2024-01-14 21:15:00,True,21:15:00,2024-01-14
4598,2024-01-14 21:30:00,False,21:30:00,2024-01-14
4599,2024-01-14 21:45:00,False,21:45:00,2024-01-14
4600,2024-01-14 22:00:00,False,22:00:00,2024-01-14
4601,2024-01-14 22:15:00,False,22:15:00,2024-01-14
4602,2024-01-14 22:30:00,False,22:30:00,2024-01-14
4603,2024-01-14 22:45:00,False,22:45:00,2024-01-14
4604,2024-01-14 23:00:00,False,23:00:00,2024-01-14
4605,2024-01-14 23:15:00,False,23:15:00,2024-01-14
4606,2024-01-14 23:30:00,False,23:30:00,2024-01-14
4607,2024-01-14 23:45:00,False,23:45:00,2024-01-14
4608,2024-01-15 00:00:00,False,00:00:00,2024-01-15
4609,2024-01-15 00:15:00,False,00:15:00,2024-01-15
4610,2024-01-15 00:30:00,False,00:30:00,2024-01-15
4611,2024-01-15 00:45:00,False,00:45:00,2024-01-15
4612,2024-01-15 01:00:00,False,01:00:00,2024-01-15
4613,2024-01-15 01:15:00,False,01:15:00,2024-01-15
4614,2024-01-15 01:30:00,False,01:30:00,2024-01-15
4615,2024-01-15 01:45:00,False,01:45:00,2024-01-15
4616,2024-01-15 02:00:00,False,02:00:00,2024-01-15
4617,2024-01-15 02:15:00,False,02:15:00,2024-01-15
4618,2024-01-15 02:30:00,False,02:30:00,2024-01-15
4619,2024-01-15 02:45:00,False,02:45:00,2024-01-15
4620,2024-01-15 03:00:00,False,03:00:00,2024-01-15
4621,2024-01-15 03:15:00,False,03:15:00,2024-01-15
4622,2024-01-15 03:30:00,False,03:30:00,2024-01-15
4623,2024-01-15 03:45:00,False,03:45:00,2024-01-15
4624,2024-01-15 04:00:00,False,04:00:00,2024-01-15
4625,2024-01-15 04:15:00,False,04:15:00,2024-01-15
4626,2024-01-15 04:30:00,False,04:30:00,2024-01-15
4627,2024-01-15 04:45:00,False,04:45:00,2024-01-15
4628,2024-01-15 05:00:00,False,05:00:00,2024-01-15
4629,2024-01-15 05:15:00,False,05:15:00,2024-01-15
4630,2024-01-15 05:30:00,False,05:30:00,2024-01-15
4631,2024-01-15 05:45:00,False,05:45:00,2024-01-15
4632,2024-01-15 06:00:00,False,06:00:00,2024-01-15
4633,2024-01-15 06:15:00,False,06:15:00,2024-01-15
4634,2024-01-15 06:30:00,False,06:30:00,2024-01-15
4635,2024-01-15 06:45:00,False,06:45:00,2024-01-15
4636,2024-01-15 07:00:00,False,07:00:00,2024-01-15
4637,2024-01-15 07:15:00,False,07:15:00,2024-01-15
4638,2024-01-15 07:30:00,False,07:30:00,2024-01-15
4639,2024-01-15 07:45:00,False,07:45:00,2024-01-15
4640,2024-01-15 08:00:00,False,08:00:00,2024-01-15
4641,2024-01-15 08:15:00,False,08:15:00,2024-01-15
4642,2024-01-15 08:30:00,False,08:30:00,2024-01-15
4643,2024-01-15 08:45:00,False,08:45:00,2024-01-15
4644,2024-01-15 09:00:00,False,09:00:00,2024-01-15
4645,2024-01-15 09:15:00,False,09:15:00,2024-01-15
4646,2024-01-15 09:30:00,False,09:30:00,2024-01-15
4647,2024-01-15 09:45:00,False,09:45:00,2024-01-15
4648,2024-01-15 10:00:00,True,10:00:00,2024-01-15
4649,2024-01-15 10:15:00,False,10:15:00,2024-01-15
4650,2024-01-15 10:30:00,False,10:30:00,2024-01-15
4651,2024-01-15 10:45:00,False,10:45:00,2024-01-15
4652,2024-01-15 11:00:00,False,11:00:00,2024-01-15
4653,2024-01-15 11:15:00,False,11:15:00,2024-01-15
4654,2024-01-15 11:30:00,False,11:30:00,2024-01-15
4655,2024-01-15 11:45:00,False,11:45:00,2024-01-15
4656,2024-01-15 12:00:00,False,12:00:00,2024-01-15
4657,2024-01-15 12:15:00,False,12:15:00,2024-01-15
4658,2024-01-15 12:30:00,False,12:30:00,2024-01-15
4659,2024-01-15 12:45:00,False,12:45:00,2024-01-15
4660,2024-01-15 13:00:00,False,13:00:00,2024-01-15
4661,2024-01-15 13:15:00,False,13:15:00,2024-01-15
4662,2024-01-15 13:30:00,False,13:30:00,2024-01-15
4663,2024-01-15 13:45:00,False,13:45:00,2024-01-15
4664,2024-01-15 14:00:00,False,14:00:00,2024-01-15
4665,2024-01-15 14:15:00,False,14:15:00,2024-01-15
4666,2024-01-15 14:30:00,False,14:30:00,2024-01-15
4667,2024-01-15 14:45:00,False,14:45:00,2024-01-15
4668,2024-01-15 15:00:00,False,15:00:00,2024-01-15
4669,2024-01-15 15:15:00,False,15:15:00,2024-01-15
4670,2024-01-15 15:30:00,False,15:30:00,2024-01-15
4671,2024-01-15 15:45:00,False,15:45:00,2024-01-15
4672,2024-01-15 16:00:00,False,16:00:00,2024-01-15
4673,2024-01-15 16:15:00,False,16:15:00,2024-01-15
4674,2024-01-15 16:30:00,False,16:30:00,2024-01-15
4675,2024-01-15 16:45:00,False,16:45:00,2024-01-15
4676,2024-01-15 17:00:00,False,17:00:00,2024-01-15
4677,2024-01-15 17:15:00,False,17:15:00,2024-01-15
4678,2024-01-15 17:30:00,False,17:30:00,2024-01-15
4679,2024-01-15 17:45:00,False,17:45:00,2024-01-15
4680,2024-01-15 18:00:00,False,18:00:00,2024-01-15
4681,2024-01-15 18:15:00,False,18:15:00,2024-01-15
4682,2024-01-15 18:30:00,False,18:30:00,2024-01-15
4683,2024-01-15 18:45:00,False,18:45:00,2024-01-15
4684,2024-01-15 19:00:00,False,19:00:00,2024-01-15
4685,2024-01-15 19:15:00,False,19:15:00,2024-01-15
4686,2024-01-15 19:30:00,False,19:30:00,2024-01-15
4687,2024-01-15 19:45:00,False,19:45:00,2024-01-15
4688,2024-01-15 20:00:00,False,20:00:00,2024-01-15
4689,2024-01-15 20:15:00,False,20:15:00,2024-01-15
4690,2024-01-15 20:30:00,False,20:30:00,2024-01-15
4691,2024-01-15 20:45:00,False,20:45:00,2024-01-15
4692,2024-01-15 21:00:00,False,21:00:00,2024-01-15
4693,2024-01-15 21:15:00,False,21:15:00,2024-01-15
4694,2024-01-15 21:30:00,False,21:30:00,2024-01-15
4695,2024-01-15 21:45:00,False,21:45:00,2024-01-15
4696,2024-01-15 22:00:00,False,22:00:00,2024-01-15
4697,2024-01-15 22:15:00,False,22:15:00,2024-01-15
4698,2024-01-15 22:30:00,False,22:30:00,2024-01-15
4699,2024-01-15 22:45:00,False,22:45:00,2024-01-15
4700,2024-01-15 23:00:00,False,23:00:00,2024-01-15
4701,2024-01-15 23:15:00,False,23:15:00,2024-01-15
4702,2024-01-15 23:30:00,False,23:30:00,2024-01-15
4703,2024-01-15 23:45:00,False,23:45:00,2024-01-15
4704,2024-01-16 00:00:00,False,00:00:00,2024-01-16
4705,2024-01-16 00:15:00,False,00:15:00,2024-01-16
4706,2024-01-16 00:30:00,False,00:30:00,2024-01-16
4707,2024-01-16 00:45:00,False,00:45:00,2024-01-16
4708,2024-01-16 01:00:00,False,01:00:00,2024-01-16
4709,2024-01-16 01:15:00,False,01:15:00,2024-01-16
4710,2024-01-16 01:30:00,False,01:30:00,2024-01-16
4711,2024-01-16 01:45:00,False,01:45:00,2024-01-16
4712,2024-01-16 02:00:00,False,02:00:00,2024-01-16
4713,2024-01-16 02:15:00,False,02:15:00,2024-01-16
4714,2024-01-16 02:30:00,False,02:30:00,2024-01-16
4715,2024-01-16 02:45:00,False,02:45:00,2024-01-16
4716,2024-01-16 03:00:00,False,03:00:00,2024-01-16
4717,2024-01-16 03:15:00,False,03:15:00,2024-01-16
4718,2024-01-16 03:30:00,False,03:30:00,2024-01-16
4719,2024-01-16 03:45:00,False,03:45:00,2024-01-16
4720,2024-01-16 04:00:00,False,04:00:00,2024-01-16
4721,2024-01-16 04:15:00,False,04:15:00,2024-01-16
4722,2024-01-16 04:30:00,False,04:30:00,2024-01-16
4723,2024-01-16 04:45:00,False,04:45:00,2024-01-16
4724,2024-01-16 05:00:00,False,05:00:00,2024-01-16
4725,2024-01-16 05:15:00,False,05:15:00,2024-01-16
4726,2024-01-16 05:30:00,False,05:30:00,2024-01-16
4727,2024-01-16 05:45:00,False,05:45:00,2024-01-16
4728,2024-01-16 06:00:00,False,06:00:00,2024-01-16
4729,2024-01-16 06:15:00,False,06:15:00,2024-01-16
4730,2024-01-16 06:30:00,False,06:30:00,2024-01-16
4731,2024-01-16 06:45:00,False,06:45:00,2024-01-16
4732,2024-01-16 07:00:00,False,07:00:00,2024-01-16
4733,2024-01-16 07:15:00,False,07:15:00,2024-01-16
4734,2024-01-16 07:30:00,False,07:30:00,2024-01-16
4735,2024-01-16 07:45:00,False,07:45:00,2024-01-16
4736,2024-01-16 08:00:00,False,08:00:00,2024-01-16
4737,2024-01-16 08:15:00,False,08:15:00,2024-01-16
4738,2024-01-16 08:30:00,True,08:30:00,2024-01-16
4739,2024-01-16 08:45:00,False,08:45:00,2024-01-16
4740,2024-01-16 09:00:00,False,09:00:00,2024-01-16
4741,2024-01-16 09:15:00,False,09:15:00,2024-01-16
4742,2024-01-16 09:30:00,False,09:30:00,2024-01-16
4743,2024-01-16 09:45:00,False,09:45:00,2024-01-16
4744,2024-01-16 10:00:00,False,10:00:00,2024-01-16
4745,2024-01-16 10:15:00,False,10:15:00,2024-01-16
4746,2024-01-16 10:30:00,False,10:30:00,2024-01-16
4747,2024-01-16 10:45:00,False,10:45:00,2024-01-16
4748,2024-01-16 11:00:00,False,11:00:00,2024-01-16
4749,2024-01-16 11:15:00,False,11:15:00,2024-01-16
4750,2024-01-16 11:30:00,False,11:30:00,2024-01-16
4751,2024-01-16 11:45:00,False,11:45:00,2024-01-16
4752,2024-01-16 12:00:00,False,12:00:00,2024-01-16
4753,2024-01-16 12:15:00,False,12:15:00,2024-01-16
4754,2024-01-16 12:30:00,False,12:30:00,2024-01-16
4755,2024-01-16 12:45:00,False,12:45:00,2024-01-16
4756,2024-01-16 13:00:00,False,13:00:00,2024-01-16
4757,2024-01-16 13:15:00,False,13:15:00,2024-01-16
4758,2024-01-16 13:30:00,False,13:30:00,2024-01-16
4759,2024-01-16 13:45:00,False,13:45:00,2024-01-16
4760,2024-01-16 14:00:00,False,14:00:00,2024-01-16
4761,2024-01-16 14:15:00,False,14:15:00,2024-01-16
4762,2024-01-16 14:30:00,False,14:30:00,2024-01-16
4763,2024-01-16 14:45:00,False,14:45:00,2024-01-16
4764,2024-01-16 15:00:00,False,15:00:00,2024-01-16
4765,2024-01-16 15:15:00,False,15:15:00,2024-01-16
4766,2024-01-16 15:30:00,False,15:30:00,2024-01-16
4767,2024-01-16 15:45:00,False,15:45:00,2024-01-16
4768,2024-01-16 16:00:00,False,16:00:00,2024-01-16
4769,2024-01-16 16:15:00,False,16:15:00,2024-01-16
4770,2024-01-16 16:30:00,False,16:30:00,2024-01-16
4771,2024-01-16 16:45:00,False,16:45:00,2024-01-16
4772,2024-01-16 17:00:00,False,17:00:00,2024-01-16
4773,2024-01-16 17:15:00,False,17:15:00,2024-01-16
4774,2024-01-16 17:30:00,False,17:30:00,2024-01-16
4775,2024-01-16 17:45:00,False,17:45:00,2024-01-16
4776,2024-01-16 18:00:00,False,18:00:00,2024-01-16
4777,2024-01-16 18:15:00,False,18:15:00,2024-01-16
4778,2024-01-16 18:30:00,False,18:30:00,2024-01-16
4779,2024-01-16 18:45:00,False,18:45:00,2024-01-16
4780,2024-01-16 19:00:00,False,19:00:00,2024-01-16
4781,2024-01-16 19:15:00,False,19:15:00,2024-01-16
4782,2024-01-16 19:30:00,False,19:30:00,2024-01-16
4783,2024-01-16 19:45:00,False,19:45:00,2024-01-16
4784,2024-01-16 20:00:00,False,20:00:00,2024-01-16
4785,2024-01-16 20:15:00,False,20:15:00,2024-01-16
4786,2024-01-16 20:30:00,False,20:30:00,2024-01-16
4787,2024-01-16 20:45:00,False,20:45:00,2024-01-16
4788,2024-01-16 21:00:00,False,21:00:00,2024-01-16
4789,2024-01-16 21:15:00,False,21:15:00,2024-01-16
4790,2024-01-16 21:30:00,False,21:30:00,2024-01-16
4791,2024-01-16 21:45:00,False,21:45:00,2024-01-16
4792,2024-01-16 22:00:00,False,22:00:00,2024-01-16
4793,2024-01-16 22:15:00,False,22:15:00,2024-01-16
4794,2024-01-16 22:30:00,False,22:30:00,2024-01-16
4795,2024-01-16 22:45:00,False,22:45:00,2024-01-16
4796,2024-01-16 23:00:00,False,23:00:00,2024-01-16
4797,2024-01-16 23:15:00,False,23:15:00,2024-01-16
4798,2024-01-16 23:30:00,False,23:30:00,2024-01-16
4799,2024-01-16 23:45:00,False,23:45:00,2024-01-16
4800,2024-01-17 00:00:00,False,00:00:00,2024-01-17
4801,2024-01-17 00:15:00,False,00:15:00,2024-01-17
4802,2024-01-17 00:30:00,False,00:30:00,2024-01-17
4803,2024-01-17 00:45:00,False,00:45:00,2024-01-17
4804,2024-01-17 01:00:00,False,01:00:00,2024-01-17
4805,2024-01-17 01:15:00,False,01:15:00,2024-01-17
4806,2024-01-17 01:30:00,False,01:30:00,2024-01-17
4807,2024-01-17 01:45:00,False,01:45:00,2024-01-17
4808,2024-01-17 02:00:00,False,02:00:00,2024-01-17
4809,2024-01-17 02:15:00,False,02:15:00,2024-01-17
4810,2024-01-17 02:30:00,False,02:30:00,2024-01-17
4811,2024-01-17 02:45:00,False,02:45:00,2024-01-17
4812,2024-01-17 03:00:00,False,03:00:00,2024-01-17
4813,2024-01-17 03:15:00,False,03:15:00,2024-01-17
4814,2024-01-17 03:30:00,False,03:30:00,2024-01-17
4815,2024-01-17 03:45:00,False,03:45:00,2024-01-17
4816,2024-01-17 04:00:00,False,04:00:00,2024-01-17
4817,2024-01-17 04:15:00,False,04:15:00,2024-01-17
4818,2024-01-17 04:30:00,False,04:30:00,2024-01-17
4819,2024-01-17 04:45:00,False,04:45:00,2024-01-17
4820,2024-01-17 05:00:00,False,05:00:00,2024-01-17
4821,2024-01-17 05:15:00,False,05:15:00,2024-01-17
4822,2024-01-17 05:30:00,False,05:30:00,2024-01-17
4823,2024-01-17 05:45:00,False,05:45:00,2024-01-17
4824,2024-01-17 06:00:00,False,06:00:00,2024-01-17
4825,2024-01-17 06:15:00,False,06:15:00,2024-01-17
4826,2024-01-17 06:30:00,False,06:30:00,2024-01-17
4827,2024-01-17 06:45:00,False,06:45:00,2024-01-17
4828,2024-01-17 07:00:00,False,07:00:00,2024-01-17
4829,2024-01-17 07:15:00,False,07:15:00,2024-01-17
4830,2024-01-17 07:30:00,False,07:30:00,2024-01-17
4831,2024-01-17 07:45:00,False,07:45:00,2024-01-17
4832,2024-01-17 08:00:00,False,08:00:00,2024-01-17
4833,2024-01-17 08:15:00,False,08:15:00,2024-01-17
4834,2024-01-17 08:30:00,False,08:30:00,2024-01-17
4835,2024-01-17 08:45:00,False,08:45:00,2024-01-17
4836,2024-01-17 09:00:00,False,09:00:00,2024-01-17
4837,2024-01-17 09:15:00,False,09:15:00,2024-01-17
4838,2024-01-17 09:30:00,False,09:30:00,2024-01-17
4839,2024-01-17 09:45:00,False,09:45:00,2024-01-17
4840,2024-01-17 10:00:00,False,10:00:00,2024-01-17
4841,2024-01-17 10:15:00,False,10:15:00,2024-01-17
4842,2024-01-17 10:30:00,False,10:30:00,2024-01-17
4843,2024-01-17 10:45:00,False,10:45:00,2024-01-17
4844,2024-01-17 11:00:00,False,11:00:00,2024-01-17
4845,2024-01-17 11:15:00,False,11:15:00,2024-01-17
4846,2024-01-17 11:30:00,False,11:30:00,2024-01-17
4847,2024-01-17 11:45:00,False,11:45:00,2024-01-17
4848,2024-01-17 12:00:00,False,12:00:00,2024-01-17
4849,2024-01-17 12:15:00,False,12:15:00,2024-01-17
4850,2024-01-17 12:30:00,False,12:30:00,2024-01-17
4851,2024-01-17 12:45:00,False,12:45:00,2024-01-17
4852,2024-01-17 13:00:00,False,13:00:00,2024-01-17
4853,2024-01-17 13:15:00,False,13:15:00,2024-01-17
4854,2024-01-17 13:30:00,False,13:30:00,2024-01-17
4855,2024-01-17 13:45:00,False,13:45:00,2024-01-17
4856,2024-01-17 14:00:00,False,14:00:00,2024-01-17
4857,2024-01-17 14:15:00,False,14:15:00,2024-01-17
4858,2024-01-17 14:30:00,False,14:30:00,2024-01-17
4859,2024-01-17 14:45:00,False,14:45:00,2024-01-17
4860,2024-01-17 15:00:00,False,15:00:00,2024-01-17
4861,2024-01-17 15:15:00,False,15:15:00,2024-01-17
4862,2024-01-17 15:30:00,False,15:30:00,2024-01-17
4863,2024-01-17 15:45:00,False,15:45:00,2024-01-17
4864,2024-01-17 16:00:00,False,16:00:00,2024-01-17
4865,2024-01-17 16:15:00,False,16:15:00,2024-01-17
4866,2024-01-17 16:30:00,False,16:30:00,2024-01-17
4867,2024-01-17 16:45:00,False,16:45:00,2024-01-17
4868,2024-01-17 17:00:00,False,17:00:00,2024-01-17
4869,2024-01-17 17:15:00,False,17:15:00,2024-01-17
4870,2024-01-17 17:30:00,False,17:30:00,2024-01-17
4871,2024-01-17 17:45:00,False,17:45:00,2024-01-17
4872,2024-01-17 18:00:00,False,18:00:00,2024-01-17
4873,2024-01-17 18:15:00,False,18:15:00,2024-01-17
4874,2024-01-17 18:30:00,False,18:30:00,2024-01-17
4875,2024-01-17 18:45:00,False,18:45:00,2024-01-17
4876,2024-01-17 19:00:00,False,19:00:00,2024-01-17
4877,2024-01-17 19:15:00,False,19:15:00,2024-01-17
4878,2024-01-17 19:30:00,False,19:30:00,2024-01-17
4879,2024-01-17 19:45:00,False,19:45:00,2024-01-17
4880,2024-01-17 20:00:00,False,20:00:00,2024-01-17
4881,2024-01-17 20:15:00,False,20:15:00,2024-01-17
4882,2024-01-17 20:30:00,False,20:30:00,2024-01-17
4883,2024-01-17 20:45:00,False,20:45:00,2024-01-17
4884,2024-01-17 21:00:00,False,21:00:00,2024-01-17
4885,2024-01-17 21:15:00,False,21:15:00,2024-01-17
4886,2024-01-17 21:30:00,False,21:30:00,2024-01-17
4887,2024-01-17 21:45:00,False,21:45:00,2024-01-17
4888,2024-01-17 22:00:00,False,22:00:00,2024-01-17
4889,2024-01-17 22:15:00,False,22:15:00,2024-01-17
4890,2024-01-17 22:30:00,False,22:30:00,2024-01-17
4891,2024-01-17 22:45:00,False,22:45:00,2024-01-17
4892,2024-01-17 23:00:00,False,23:00:00,2024-01-17
4893,2024-01-17 23:15:00,False,23:15:00,2024-01-17
4894,2024-01-17 23:30:00,False,23:30:00,2024-01-17
4895,2024-01-17 23:45:00,False,23:45:00,2024-01-17
4896,2024-01-18 00:00:00,False,00:00:00,2024-01-18
4897,2024-01-18 00:15:00,False,00:15:00,2024-01-18
4898,2024-01-18 00:30:00,False,00:30:00,2024-01-18
4899,2024-01-18 00:45:00,False,00:45:00,2024-01-18
4900,2024-01-18 01:00:00,False,01:00:00,2024-01-18
4901,2024-01-18 01:15:00,False,01:15:00,2024-01-18
4902,2024-01-18 01:30:00,False,01:30:00,2024-01-18
4903,2024-01-18 01:45:00,False,01:45:00,2024-01-18
4904,2024-01-18 02:00:00,False,02:00:00,2024-01-18
4905,2024-01-18 02:15:00,False,02:15:00,2024-01-18
4906,2024-01-18 02:30:00,False,02:30:00,2024-01-18
4907,2024-01-18 02:45:00,False,02:45:00,2024-01-18
4908,2024-01-18 03:00:00,False,03:00:00,2024-01-18
4909,2024-01-18 03:15:00,False,03:15:00,2024-01-18
4910,2024-01-18 03:30:00,False,03:30:00,2024-01-18
4911,2024-01-18 03:45:00,False,03:45:00,2024-01-18
4912,2024-01-18 04:00:00,False,04:00:00,2024-01-18
4913,2024-01-18 04:15:00,False,04:15:00,2024-01-18
4914,2024-01-18 04:30:00,False,04:30:00,2024-01-18
4915,2024-01-18 04:45:00,False,04:45:00,2024-01-18
4916,2024-01-18 05:00:00,False,05:00:00,2024-01-18
4917,2024-01-18 05:15:00,False,05:15:00,2024-01-18
4918,2024-01-18 05:30:00,False,05:30:00,2024-01-18
4919,2024-01-18 05:45:00,False,05:45:00,2024-01-18
4920,2024-01-18 06:00:00,False,06:00:00,2024-01-18
4921,2024-01-18 06:15:00,False,06:15:00,2024-01-18
4922,2024-01-18 06:30:00,False,06:30:00,2024-01-18
4923,2024-01-18 06:45:00,False,06:45:00,2024-01-18
4924,2024-01-18 07:00:00,False,07:00:00,2024-01-18
4925,2024-01-18 07:15:00,False,07:15:00,2024-01-18
4926,2024-01-18 07:30:00,False,07:30:00,2024-01-18
4927,2024-01-18 07:45:00,False,07:45:00,2024-01-18
4928,2024-01-18 08:00:00,False,08:00:00,2024-01-18
4929,2024-01-18 08:15:00,False,08:15:00,2024-01-18
4930,2024-01-18 08:30:00,False,08:30:00,2024-01-18
4931,2024-01-18 08:45:00,False,08:45:00,2024-01-18
4932,2024-01-18 09:00:00,False,09:00:00,2024-01-18
4933,2024-01-18 09:15:00,False,09:15:00,2024-01-18
4934,2024-01-18 09:30:00,False,09:30:00,2024-01-18
4935,2024-01-18 09:45:00,False,09:45:00,2024-01-18
4936,2024-01-18 10:00:00,False,10:00:00,2024-01-18
4937,2024-01-18 10:15:00,False,10:15:00,2024-01-18
4938,2024-01-18 10:30:00,False,10:30:00,2024-01-18
4939,2024-01-18 10:45:00,False,10:45:00,2024-01-18
4940,2024-01-18 11:00:00,False,11:00:00,2024-01-18
4941,2024-01-18 11:15:00,False,11:15:00,2024-01-18
4942,2024-01-18 11:30:00,False,11:30:00,2024-01-18
4943,2024-01-18 11:45:00,False,11:45:00,2024-01-18
4944,2024-01-18 12:00:00,False,12:00:00,2024-01-18
4945,2024-01-18 12:15:00,False,12:15:00,2024-01-18
4946,2024-01-18 12:30:00,False,12:30:00,2024-01-18
4947,2024-01-18 12:45:00,False,12:45:00,2024-01-18
4948,2024-01-18 13:00:00,False,13:00:00,2024-01-18
4949,2024-01-18 13:15:00,False,13:15:00,2024-01-18
4950,2024-01-18 13:30:00,False,13:30:00,2024-01-18
4951,2024-01-18 13:45:00,False,13:45:00,2024-01-18
4952,2024-01-18 14:00:00,False,14:00:00,2024-01-18
4953,2024-01-18 14:15:00,False,14:15:00,2024-01-18
4954,2024-01-18 14:30:00,False,14:30:00,2024-01-18
4955,2024-01-18 14:45:00,False,14:45:00,2024-01-18
4956,2024-01-18 15:00:00,False,15:00:00,2024-01-18
4957,2024-01-18 15:15:00,False,15:15:00,2024-01-18
4958,2024-01-18 15:30:00,False,15:30:00,2024-01-18
4959,2024-01-18 15:45:00,False,15:45:00,2024-01-18
4960,2024-01-18 16:00:00,False,16:00:00,2024-01-18
4961,2024-01-18 16:15:00,False,16:15:00,2024-01-18
4962,2024-01-18 16:30:00,False,16:30:00,2024-01-18
4963,2024-01-18 16:45:00,False,16:45:00,2024-01-18
4964,2024-01-18 17:00:00,False,17:00:00,2024-01-18
4965,2024-01-18 17:15:00,False,17:15:00,2024-01-18
4966,2024-01-18 17:30:00,False,17:30:00,2024-01-18
4967,2024-01-18 17:45:00,False,17:45:00,2024-01-18
4968,2024-01-18 18:00:00,False,18:00:00,2024-01-18
4969,2024-01-18 18:15:00,False,18:15:00,2024-01-18
4970,2024-01-18 18:30:00,False,18:30:00,2024-01-18
4971,2024-01-18 18:45:00,False,18:45:00,2024-01-18
4972,2024-01-18 19:00:00,False,19:00:00,2024-01-18
4973,2024-01-18 19:15:00,False,19:15:00,2024-01-18
4974,2024-01-18 19:30:00,False,19:30:00,2024-01-18
4975,2024-01-18 19:45:00,False,19:45:00,2024-01-18
4976,2024-01-18 20:00:00,False,20:00:00,2024-01-18
4977,2024-01-18 20:15:00,False,20:15:00,2024-01-18
4978,2024-01-18 20:30:00,False,20:30:00,2024-01-18
4979,2024-01-18 20:45:00,False,20:45:00,2024-01-18
4980,2024-01-18 21:00:00,False,21:00:00,2024-01-18
4981,2024-01-18 21:15:00,False,21:15:00,2024-01-18
4982,2024-01-18 21:30:00,False,21:30:00,2024-01-18
4983,2024-01-18 21:45:00,False,21:45:00,2024-01-18
4984,2024-01-18 22:00:00,False,22:00:00,2024-01-18
4985,2024-01-18 22:15:00,False,22:15:00,2024-01-18
4986,2024-01-18 22:30:00,False,22:30:00,2024-01-18
4987,2024-01-18 22:45:00,False,22:45:00,2024-01-18
4988,2024-01-18 23:00:00,False,23:00:00,2024-01-18
4989,2024-01-18 23:15:00,False,23:15:00,2024-01-18
4990,2024-01-18 23:30:00,False,23:30:00,2024-01-18
4991,2024-01-18 23:45:00,False,23:45:00,2024-01-18
4992,2024-01-19 00:00:00,False,00:00:00,2024-01-19
4993,2024-01-19 00:15:00,False,00:15:00,2024-01-19
4994,2024-01-19 00:30:00,False,00:30:00,2024-01-19
4995,2024-01-19 00:45:00,False,00:45:00,2024-01-19
4996,2024-01-19 01:00:00,False,01:00:00,2024-01-19
4997,2024-01-19 01:15:00,False,01:15:00,2024-01-19
4998,2024-01-19 01:30:00,False,01:30:00,2024-01-19
4999,2024-01-19 01:45:00,False,01:45:00,2024-01-19
5000,2024-01-19 02:00:00,False,02:00:00,2024-01-19
5001,2024-01-19 02:15:00,False,02:15:00,2024-01-19
5002,2024-01-19 02:30:00,False,02:30:00,2024-01-19
5003,2024-01-19 02:45:00,False,02:45:00,2024-01-19
5004,2024-01-19 03:00:00,False,03:00:00,2024-01-19
5005,2024-01-19 03:15:00,False,03:15:00,2024-01-19
5006,2024-01-19 03:30:00,False,03:30:00,2024-01-19
5007,2024-01-19 03:45:00,False,03:45:00,2024-01-19
5008,2024-01-19 04:00:00,False,04:00:00,2024-01-19
5009,2024-01-19 04:15:00,False,04:15:00,2024-01-19
5010,2024-01-19 04:30:00,False,04:30:00,2024-01-19
5011,2024-01-19 04:45:00,False,04:45:00,2024-01-19
5012,2024-01-19 05:00:00,False,05:00:00,2024-01-19
5013,2024-01-19 05:15:00,False,05:15:00,2024-01-19
5014,2024-01-19 05:30:00,False,05:30:00,2024-01-19
5015,2024-01-19 05:45:00,False,05:45:00,2024-01-19
5016,2024-01-19 06:00:00,False,06:00:00,2024-01-19
5017,2024-01-19 06:15:00,False,06:15:00,2024-01-19
5018,2024-01-19 06:30:00,False,06:30:00,2024-01-19
5019,2024-01-19 06:45:00,False,06:45:00,2024-01-19
5020,2024-01-19 07:00:00,False,07:00:00,2024-01-19
5021,2024-01-19 07:15:00,False,07:15:00,2024-01-19
5022,2024-01-19 07:30:00,False,07:30:00,2024-01-19
5023,2024-01-19 07:45:00,False,07:45:00,2024-01-19
5024,2024-01-19 08:00:00,False,08:00:00,2024-01-19
5025,2024-01-19 08:15:00,False,08:15:00,2024-01-19
5026,2024-01-19 08:30:00,False,08:30:00,2024-01-19
5027,2024-01-19 08:45:00,False,08:45:00,2024-01-19
5028,2024-01-19 09:00:00,False,09:00:00,2024-01-19
5029,2024-01-19 09:15:00,False,09:15:00,2024-01-19
5030,2024-01-19 09:30:00,False,09:30:00,2024-01-19
5031,2024-01-19 09:45:00,False,09:45:00,2024-01-19
5032,2024-01-19 10:00:00,False,10:00:00,2024-01-19
5033,2024-01-19 10:15:00,False,10:15:00,2024-01-19
5034,2024-01-19 10:30:00,False,10:30:00,2024-01-19
5035,2024-01-19 10:45:00,False,10:45:00,2024-01-19
5036,2024-01-19 11:00:00,False,11:00:00,2024-01-19
5037,2024-01-19 11:15:00,False,11:15:00,2024-01-19
5038,2024-01-19 11:30:00,False,11:30:00,2024-01-19
5039,2024-01-19 11:45:00,False,11:45:00,2024-01-19
5040,2024-01-19 12:00:00,False,12:00:00,2024-01-19
5041,2024-01-19 12:15:00,False,12:15:00,2024-01-19
5042,2024-01-19 12:30:00,False,12:30:00,2024-01-19
5043,2024-01-19 12:45:00,False,12:45:00,2024-01-19
5044,2024-01-19 13:00:00,False,13:00:00,2024-01-19
5045,2024-01-19 13:15:00,False,13:15:00,2024-01-19
5046,2024-01-19 13:30:00,False,13:30:00,2024-01-19
5047,2024-01-19 13:45:00,False,13:45:00,2024-01-19
5048,2024-01-19 14:00:00,False,14:00:00,2024-01-19
5049,2024-01-19 14:15:00,False,14:15:00,2024-01-19
5050,2024-01-19 14:30:00,False,14:30:00,2024-01-19
5051,2024-01-19 14:45:00,False,14:45:00,2024-01-19
5052,2024-01-19 15:00:00,False,15:00:00,2024-01-19
5053,2024-01-19 15:15:00,False,15:15:00,2024-01-19
5054,2024-01-19 15:30:00,False,15:30:00,2024-01-19
5055,2024-01-19 15:45:00,False,15:45:00,2024-01-19
5056,2024-01-19 16:00:00,False,16:00:00,2024-01-19
5057,2024-01-19 16:15:00,False,16:15:00,2024-01-19
5058,2024-01-19 16:30:00,False,16:30:00,2024-01-19
5059,2024-01-19 16:45:00,False,16:45:00,2024-01-19
5060,2024-01-19 17:00:00,False,17:00:00,2024-01-19
5061,2024-01-19 17:15:00,False,17:15:00,2024-01-19
5062,2024-01-19 17:30:00,False,17:30:00,2024-01-19
5063,2024-01-19 17:45:00,False,17:45:00,2024-01-19
5064,2024-01-19 18:00:00,False,18:00:00,2024-01-19
5065,2024-01-19 18:15:00,False,18:15:00,2024-01-19
5066,2024-01-19 18:30:00,False,18:30:00,2024-01-19
5067,2024-01-19 18:45:00,False,18:45:00,2024-01-19
5068,2024-01-19 19:00:00,False,19:00:00,2024-01-19
5069,2024-01-19 19:15:00,False,19:15:00,2024-01-19
5070,2024-01-19 19:30:00,False,19:30:00,2024-01-19
5071,2024-01-19 19:45:00,False,19:45:00,2024-01-19
5072,2024-01-19 20:00:00,False,20:00:00,2024-01-19
5073,2024-01-19 20:15:00,False,20:15:00,2024-01-19
5074,2024-01-19 20:30:00,False,20:30:00,2024-01-19
5075,2024-01-19 20:45:00,False,20:45:00,2024-01-19
5076,2024-01-19 21:00:00,False,21:00:00,2024-01-19
5077,2024-01-19 21:15:00,False,21:15:00,2024-01-19
5078,2024-01-19 21:30:00,False,21:30:00,2024-01-19
5079,2024-01-19 21:45:00,False,21:45:00,2024-01-19
5080,2024-01-19 22:00:00,False,22:00:00,2024-01-19
5081,2024-01-19 22:15:00,False,22:15:00,2024-01-19
5082,2024-01-19 22:30:00,False,22:30:00,2024-01-19
5083,2024-01-19 22:45:00,False,22:45:00,2024-01-19
5084,2024-01-19 23:00:00,False,23:00:00,2024-01-19
5085,2024-01-19 23:15:00,False,23:15:00,2024-01-19
5086,2024-01-19 23:30:00,False,23:30:00,2024-01-19
5087,2024-01-19 23:45:00,False,23:45:00,2024-01-19
5088,2024-01-20 00:00:00,False,00:00:00,2024-01-20
5089,2024-01-20 00:15:00,False,00:15:00,2024-01-20
5090,2024-01-20 00:30:00,False,00:30:00,2024-01-20
5091,2024-01-20 00:45:00,False,00:45:00,2024-01-20
5092,2024-01-20 01:00:00,False,01:00:00,2024-01-20
5093,2024-01-20 01:15:00,False,01:15:00,2024-01-20
5094,2024-01-20 01:30:00,False,01:30:00,2024-01-20
5095,2024-01-20 01:45:00,False,01:45:00,2024-01-20
5096,2024-01-20 02:00:00,False,02:00:00,2024-01-20
5097,2024-01-20 02:15:00,False,02:15:00,2024-01-20
5098,2024-01-20 02:30:00,False,02:30:00,2024-01-20
5099,2024-01-20 02:45:00,False,02:45:00,2024-01-20
5100,2024-01-20 03:00:00,False,03:00:00,2024-01-20
5101,2024-01-20 03:15:00,False,03:15:00,2024-01-20
5102,2024-01-20 03:30:00,False,03:30:00,2024-01-20
5103,2024-01-20 03:45:00,False,03:45:00,2024-01-20
5104,2024-01-20 04:00:00,False,04:00:00,2024-01-20
5105,2024-01-20 04:15:00,False,04:15:00,2024-01-20
5106,2024-01-20 04:30:00,False,04:30:00,2024-01-20
5107,2024-01-20 04:45:00,False,04:45:00,2024-01-20
5108,2024-01-20 05:00:00,False,05:00:00,2024-01-20
5109,2024-01-20 05:15:00,False,05:15:00,2024-01-20
5110,2024-01-20 05:30:00,False,05:30:00,2024-01-20
5111,2024-01-20 05:45:00,False,05:45:00,2024-01-20
5112,2024-01-20 06:00:00,False,06:00:00,2024-01-20
5113,2024-01-20 06:15:00,False,06:15:00,2024-01-20
5114,2024-01-20 06:30:00,False,06:30:00,2024-01-20
5115,2024-01-20 06:45:00,False,06:45:00,2024-01-20
5116,2024-01-20 07:00:00,False,07:00:00,2024-01-20
5117,2024-01-20 07:15:00,False,07:15:00,2024-01-20
5118,2024-01-20 07:30:00,False,07:30:00,2024-01-20
5119,2024-01-20 07:45:00,False,07:45:00,2024-01-20
5120,2024-01-20 08:00:00,False,08:00:00,2024-01-20
5121,2024-01-20 08:15:00,False,08:15:00,2024-01-20
5122,2024-01-20 08:30:00,False,08:30:00,2024-01-20
5123,2024-01-20 08:45:00,False,08:45:00,2024-01-20
5124,2024-01-20 09:00:00,False,09:00:00,2024-01-20
5125,2024-01-20 09:15:00,False,09:15:00,2024-01-20
5126,2024-01-20 09:30:00,False,09:30:00,2024-01-20
5127,2024-01-20 09:45:00,False,09:45:00,2024-01-20
5128,2024-01-20 10:00:00,False,10:00:00,2024-01-20
5129,2024-01-20 10:15:00,False,10:15:00,2024-01-20
5130,2024-01-20 10:30:00,False,10:30:00,2024-01-20
5131,2024-01-20 10:45:00,False,10:45:00,2024-01-20
5132,2024-01-20 11:00:00,False,11:00:00,2024-01-20
5133,2024-01-20 11:15:00,False,11:15:00,2024-01-20
5134,2024-01-20 11:30:00,False,11:30:00,2024-01-20
5135,2024-01-20 11:45:00,False,11:45:00,2024-01-20
5136,2024-01-20 12:00:00,False,12:00:00,2024-01-20
5137,2024-01-20 12:15:00,False,12:15:00,2024-01-20
5138,2024-01-20 12:30:00,False,12:30:00,2024-01-20
5139,2024-01-20 12:45:00,False,12:45:00,2024-01-20
5140,2024-01-20 13:00:00,False,13:00:00,2024-01-20
5141,2024-01-20 13:15:00,False,13:15:00,2024-01-20
5142,2024-01-20 13:30:00,False,13:30:00,2024-01-20
5143,2024-01-20 13:45:00,False,13:45:00,2024-01-20
5144,2024-01-20 14:00:00,False,14:00:00,2024-01-20
5145,2024-01-20 14:15:00,False,14:15:00,2024-01-20
5146,2024-01-20 14:30:00,False,14:30:00,2024-01-20
5147,2024-01-20 14:45:00,False,14:45:00,2024-01-20
5148,2024-01-20 15:00:00,False,15:00:00,2024-01-20
5149,2024-01-20 15:15:00,False,15:15:00,2024-01-20
5150,2024-01-20 15:30:00,False,15:30:00,2024-01-20
5151,2024-01-20 15:45:00,False,15:45:00,2024-01-20
5152,2024-01-20 16:00:00,False,16:00:00,2024-01-20
5153,2024-01-20 16:15:00,False,16:15:00,2024-01-20
5154,2024-01-20 16:30:00,False,16:30:00,2024-01-20
5155,2024-01-20 16:45:00,False,16:45:00,2024-01-20
5156,2024-01-20 17:00:00,False,17:00:00,2024-01-20
5157,2024-01-20 17:15:00,False,17:15:00,2024-01-20
5158,2024-01-20 17:30:00,False,17:30:00,2024-01-20
5159,2024-01-20 17:45:00,False,17:45:00,2024-01-20
5160,2024-01-20 18:00:00,False,18:00:00,2024-01-20
5161,2024-01-20 18:15:00,False,18:15:00,2024-01-20
5162,2024-01-20 18:30:00,False,18:30:00,2024-01-20
5163,2024-01-20 18:45:00,False,18:45:00,2024-01-20
5164,2024-01-20 19:00:00,False,19:00:00,2024-01-20
5165,2024-01-20 19:15:00,False,19:15:00,2024-01-20
5166,2024-01-20 19:30:00,False,19:30:00,2024-01-20
5167,2024-01-20 19:45:00,False,19:45:00,2024-01-20
5168,2024-01-20 20:00:00,False,20:00:00,2024-01-20
5169,2024-01-20 20:15:00,False,20:15:00,2024-01-20
5170,2024-01-20 20:30:00,False,20:30:00,2024-01-20
5171,2024-01-20 20:45:00,False,20:45:00,2024-01-20
5172,2024-01-20 21:00:00,False,21:00:00,2024-01-20
5173,2024-01-20 21:15:00,False,21:15:00,2024-01-20
5174,2024-01-20 21:30:00,False,21:30:00,2024-01-20
5175,2024-01-20 21:45:00,False,21:45:00,2024-01-20
5176,2024-01-20 22:00:00,False,22:00:00,2024-01-20
5177,2024-01-20 22:15:00,False,22:15:00,2024-01-20
5178,2024-01-20 22:30:00,False,22:30:00,2024-01-20
5179,2024-01-20 22:45:00,False,22:45:00,2024-01-20
5180,2024-01-20 23:00:00,False,23:00:00,2024-01-20
5181,2024-01-20 23:15:00,False,23:15:00,2024-01-20
5182,2024-01-20 23:30:00,False,23:30:00,2024-01-20
5183,2024-01-20 23:45:00,False,23:45:00,2024-01-20
5184,2024-01-21 00:00:00,False,00:00:00,2024-01-21
5185,2024-01-21 00:15:00,False,00:15:00,2024-01-21
5186,2024-01-21 00:30:00,False,00:30:00,2024-01-21
5187,2024-01-21 00:45:00,False,00:45:00,2024-01-21
5188,2024-01-21 01:00:00,False,01:00:00,2024-01-21
5189,2024-01-21 01:15:00,False,01:15:00,2024-01-21
5190,2024-01-21 01:30:00,False,01:30:00,2024-01-21
5191,2024-01-21 01:45:00,False,01:45:00,2024-01-21
5192,2024-01-21 02:00:00,False,02:00:00,2024-01-21
5193,2024-01-21 02:15:00,False,02:15:00,2024-01-21
5194,2024-01-21 02:30:00,False,02:30:00,2024-01-21
5195,2024-01-21 02:45:00,False,02:45:00,2024-01-21
5196,2024-01-21 03:00:00,False,03:00:00,2024-01-21
5197,2024-01-21 03:15:00,False,03:15:00,2024-01-21
5198,2024-01-21 03:30:00,False,03:30:00,2024-01-21
5199,2024-01-21 03:45:00,False,03:45:00,2024-01-21
5200,2024-01-21 04:00:00,False,04:00:00,2024-01-21
5201,2024-01-21 04:15:00,False,04:15:00,2024-01-21
5202,2024-01-21 04:30:00,False,04:30:00,2024-01-21
5203,2024-01-21 04:45:00,False,04:45:00,2024-01-21
5204,2024-01-21 05:00:00,False,05:00:00,2024-01-21
5205,2024-01-21 05:15:00,False,05:15:00,2024-01-21
5206,2024-01-21 05:30:00,False,05:30:00,2024-01-21
5207,2024-01-21 05:45:00,False,05:45:00,2024-01-21
5208,2024-01-21 06:00:00,False,06:00:00,2024-01-21
5209,2024-01-21 06:15:00,False,06:15:00,2024-01-21
5210,2024-01-21 06:30:00,False,06:30:00,2024-01-21
5211,2024-01-21 06:45:00,False,06:45:00,2024-01-21
5212,2024-01-21 07:00:00,False,07:00:00,2024-01-21
5213,2024-01-21 07:15:00,False,07:15:00,2024-01-21
5214,2024-01-21 07:30:00,False,07:30:00,2024-01-21
5215,2024-01-21 07:45:00,False,07:45:00,2024-01-21
5216,2024-01-21 08:00:00,False,08:00:00,2024-01-21
5217,2024-01-21 08:15:00,False,08:15:00,2024-01-21
5218,2024-01-21 08:30:00,False,08:30:00,2024-01-21
5219,2024-01-21 08:45:00,False,08:45:00,2024-01-21
5220,2024-01-21 09:00:00,False,09:00:00,2024-01-21
5221,2024-01-21 09:15:00,False,09:15:00,2024-01-21
5222,2024-01-21 09:30:00,False,09:30:00,2024-01-21
5223,2024-01-21 09:45:00,False,09:45:00,2024-01-21
5224,2024-01-21 10:00:00,False,10:00:00,2024-01-21
5225,2024-01-21 10:15:00,False,10:15:00,2024-01-21
5226,2024-01-21 10:30:00,False,10:30:00,2024-01-21
5227,2024-01-21 10:45:00,True,10:45:00,2024-01-21
5228,2024-01-21 11:00:00,True,11:00:00,2024-01-21
5229,2024-01-21 11:15:00,True,11:15:00,2024-01-21
5230,2024-01-21 11:30:00,True,11:30:00,2024-01-21
5231,2024-01-21 11:45:00,False,11:45:00,2024-01-21
5232,2024-01-21 12:00:00,False,12:00:00,2024-01-21
5233,2024-01-21 12:15:00,False,12:15:00,2024-01-21
5234,2024-01-21 12:30:00,False,12:30:00,2024-01-21
5235,2024-01-21 12:45:00,False,12:45:00,2024-01-21
5236,2024-01-21 13:00:00,False,13:00:00,2024-01-21
5237,2024-01-21 13:15:00,False,13:15:00,2024-01-21
5238,2024-01-21 13:30:00,False,13:30:00,2024-01-21
5239,2024-01-21 13:45:00,False,13:45:00,2024-01-21
5240,2024-01-21 14:00:00,False,14:00:00,2024-01-21
5241,2024-01-21 14:15:00,False,14:15:00,2024-01-21
5242,2024-01-21 14:30:00,False,14:30:00,2024-01-21
5243,2024-01-21 14:45:00,False,14:45:00,2024-01-21
5244,2024-01-21 15:00:00,False,15:00:00,2024-01-21
5245,2024-01-21 15:15:00,False,15:15:00,2024-01-21
5246,2024-01-21 15:30:00,False,15:30:00,2024-01-21
5247,2024-01-21 15:45:00,False,15:45:00,2024-01-21
5248,2024-01-21 16:00:00,True,16:00:00,2024-01-21
5249,2024-01-21 16:15:00,True,16:15:00,2024-01-21
5250,2024-01-21 16:30:00,True,16:30:00,2024-01-21
5251,2024-01-21 16:45:00,False,16:45:00,2024-01-21
5252,2024-01-21 17:00:00,False,17:00:00,2024-01-21
5253,2024-01-21 17:15:00,False,17:15:00,2024-01-21
5254,2024-01-21 17:30:00,False,17:30:00,2024-01-21
5255,2024-01-21 17:45:00,False,17:45:00,2024-01-21
5256,2024-01-21 18:00:00,False,18:00:00,2024-01-21
5257,2024-01-21 18:15:00,False,18:15:00,2024-01-21
5258,2024-01-21 18:30:00,False,18:30:00,2024-01-21
5259,2024-01-21 18:45:00,False,18:45:00,2024-01-21
5260,2024-01-21 19:00:00,False,19:00:00,2024-01-21
5261,2024-01-21 19:15:00,False,19:15:00,2024-01-21
5262,2024-01-21 19:30:00,False,19:30:00,2024-01-21
5263,2024-01-21 19:45:00,False,19:45:00,2024-01-21
5264,2024-01-21 20:00:00,False,20:00:00,2024-01-21
5265,2024-01-21 20:15:00,False,20:15:00,2024-01-21
5266,2024-01-21 20:30:00,False,20:30:00,2024-01-21
5267,2024-01-21 20:45:00,False,20:45:00,2024-01-21
5268,2024-01-21 21:00:00,False,21:00:00,2024-01-21
5269,2024-01-21 21:15:00,False,21:15:00,2024-01-21
5270,2024-01-21 21:30:00,False,21:30:00,2024-01-21
5271,2024-01-21 21:45:00,False,21:45:00,2024-01-21
5272,2024-01-21 22:00:00,False,22:00:00,2024-01-21
5273,2024-01-21 22:15:00,False,22:15:00,2024-01-21
5274,2024-01-21 22:30:00,False,22:30:00,2024-01-21
5275,2024-01-21 22:45:00,False,22:45:00,2024-01-21
5276,2024-01-21 23:00:00,False,23:00:00,2024-01-21
5277,2024-01-21 23:15:00,False,23:15:00,2024-01-21
5278,2024-01-21 23:30:00,False,23:30:00,2024-01-21
5279,2024-01-21 23:45:00,False,23:45:00,2024-01-21
5280,2024-01-22 00:00:00,False,00:00:00,2024-01-22
5281,2024-01-22 00:15:00,False,00:15:00,2024-01-22
5282,2024-01-22 00:30:00,False,00:30:00,2024-01-22
5283,2024-01-22 00:45:00,False,00:45:00,2024-01-22
5284,2024-01-22 01:00:00,False,01:00:00,2024-01-22
5285,2024-01-22 01:15:00,False,01:15:00,2024-01-22
5286,2024-01-22 01:30:00,False,01:30:00,2024-01-22
5287,2024-01-22 01:45:00,False,01:45:00,2024-01-22
5288,2024-01-22 02:00:00,False,02:00:00,2024-01-22
5289,2024-01-22 02:15:00,False,02:15:00,2024-01-22
5290,2024-01-22 02:30:00,False,02:30:00,2024-01-22
5291,2024-01-22 02:45:00,False,02:45:00,2024-01-22
5292,2024-01-22 03:00:00,False,03:00:00,2024-01-22
5293,2024-01-22 03:15:00,False,03:15:00,2024-01-22
5294,2024-01-22 03:30:00,False,03:30:00,2024-01-22
5295,2024-01-22 03:45:00,False,03:45:00,2024-01-22
5296,2024-01-22 04:00:00,False,04:00:00,2024-01-22
5297,2024-01-22 04:15:00,False,04:15:00,2024-01-22
5298,2024-01-22 04:30:00,False,04:30:00,2024-01-22
5299,2024-01-22 04:45:00,False,04:45:00,2024-01-22
5300,2024-01-22 05:00:00,False,05:00:00,2024-01-22
5301,2024-01-22 05:15:00,False,05:15:00,2024-01-22
5302,2024-01-22 05:30:00,False,05:30:00,2024-01-22
5303,2024-01-22 05:45:00,False,05:45:00,2024-01-22
5304,2024-01-22 06:00:00,False,06:00:00,2024-01-22
5305,2024-01-22 06:15:00,False,06:15:00,2024-01-22
5306,2024-01-22 06:30:00,False,06:30:00,2024-01-22
5307,2024-01-22 06:45:00,False,06:45:00,2024-01-22
5308,2024-01-22 07:00:00,False,07:00:00,2024-01-22
5309,2024-01-22 07:15:00,False,07:15:00,2024-01-22
5310,2024-01-22 07:30:00,False,07:30:00,2024-01-22
5311,2024-01-22 07:45:00,False,07:45:00,2024-01-22
5312,2024-01-22 08:00:00,False,08:00:00,2024-01-22
5313,2024-01-22 08:15:00,False,08:15:00,2024-01-22
5314,2024-01-22 08:30:00,False,08:30:00,2024-01-22
5315,2024-01-22 08:45:00,False,08:45:00,2024-01-22
5316,2024-01-22 09:00:00,False,09:00:00,2024-01-22
5317,2024-01-22 09:15:00,False,09:15:00,2024-01-22
5318,2024-01-22 09:30:00,False,09:30:00,2024-01-22
5319,2024-01-22 09:45:00,False,09:45:00,2024-01-22
5320,2024-01-22 10:00:00,False,10:00:00,2024-01-22
5321,2024-01-22 10:15:00,False,10:15:00,2024-01-22
5322,2024-01-22 10:30:00,False,10:30:00,2024-01-22
5323,2024-01-22 10:45:00,False,10:45:00,2024-01-22
5324,2024-01-22 11:00:00,False,11:00:00,2024-01-22
5325,2024-01-22 11:15:00,False,11:15:00,2024-01-22
5326,2024-01-22 11:30:00,False,11:30:00,2024-01-22
5327,2024-01-22 11:45:00,False,11:45:00,2024-01-22
5328,2024-01-22 12:00:00,False,12:00:00,2024-01-22
5329,2024-01-22 12:15:00,False,12:15:00,2024-01-22
5330,2024-01-22 12:30:00,False,12:30:00,2024-01-22
5331,2024-01-22 12:45:00,False,12:45:00,2024-01-22
5332,2024-01-22 13:00:00,False,13:00:00,2024-01-22
5333,2024-01-22 13:15:00,False,13:15:00,2024-01-22
5334,2024-01-22 13:30:00,False,13:30:00,2024-01-22
5335,2024-01-22 13:45:00,False,13:45:00,2024-01-22
5336,2024-01-22 14:00:00,False,14:00:00,2024-01-22
5337,2024-01-22 14:15:00,False,14:15:00,2024-01-22
5338,2024-01-22 14:30:00,False,14:30:00,2024-01-22
5339,2024-01-22 14:45:00,False,14:45:00,2024-01-22
5340,2024-01-22 15:00:00,False,15:00:00,2024-01-22
5341,2024-01-22 15:15:00,False,15:15:00,2024-01-22
5342,2024-01-22 15:30:00,False,15:30:00,2024-01-22
5343,2024-01-22 15:45:00,False,15:45:00,2024-01-22
5344,2024-01-22 16:00:00,False,16:00:00,2024-01-22
5345,2024-01-22 16:15:00,False,16:15:00,2024-01-22
5346,2024-01-22 16:30:00,False,16:30:00,2024-01-22
5347,2024-01-22 16:45:00,False,16:45:00,2024-01-22
5348,2024-01-22 17:00:00,False,17:00:00,2024-01-22
5349,2024-01-22 17:15:00,False,17:15:00,2024-01-22
5350,2024-01-22 17:30:00,False,17:30:00,2024-01-22
5351,2024-01-22 17:45:00,False,17:45:00,2024-01-22
5352,2024-01-22 18:00:00,False,18:00:00,2024-01-22
5353,2024-01-22 18:15:00,False,18:15:00,2024-01-22
5354,2024-01-22 18:30:00,False,18:30:00,2024-01-22
5355,2024-01-22 18:45:00,False,18:45:00,2024-01-22
5356,2024-01-22 19:00:00,False,19:00:00,2024-01-22
5357,2024-01-22 19:15:00,False,19:15:00,2024-01-22
5358,2024-01-22 19:30:00,False,19:30:00,2024-01-22
5359,2024-01-22 19:45:00,False,19:45:00,2024-01-22
5360,2024-01-22 20:00:00,False,20:00:00,2024-01-22
5361,2024-01-22 20:15:00,False,20:15:00,2024-01-22
5362,2024-01-22 20:30:00,False,20:30:00,2024-01-22
5363,2024-01-22 20:45:00,False,20:45:00,2024-01-22
5364,2024-01-22 21:00:00,False,21:00:00,2024-01-22
5365,2024-01-22 21:15:00,False,21:15:00,2024-01-22
5366,2024-01-22 21:30:00,False,21:30:00,2024-01-22
5367,2024-01-22 21:45:00,False,21:45:00,2024-01-22
5368,2024-01-22 22:00:00,False,22:00:00,2024-01-22
5369,2024-01-22 22:15:00,False,22:15:00,2024-01-22
5370,2024-01-22 22:30:00,False,22:30:00,2024-01-22
5371,2024-01-22 22:45:00,False,22:45:00,2024-01-22
5372,2024-01-22 23:00:00,False,23:00:00,2024-01-22
5373,2024-01-22 23:15:00,False,23:15:00,2024-01-22
5374,2024-01-22 23:30:00,False,23:30:00,2024-01-22
5375,2024-01-22 23:45:00,False,23:45:00,2024-01-22
5376,2024-01-23 00:00:00,False,00:00:00,2024-01-23
5377,2024-01-23 00:15:00,False,00:15:00,2024-01-23
5378,2024-01-23 00:30:00,False,00:30:00,2024-01-23
5379,2024-01-23 00:45:00,False,00:45:00,2024-01-23
5380,2024-01-23 01:00:00,False,01:00:00,2024-01-23
5381,2024-01-23 01:15:00,False,01:15:00,2024-01-23
5382,2024-01-23 01:30:00,False,01:30:00,2024-01-23
5383,2024-01-23 01:45:00,False,01:45:00,2024-01-23
5384,2024-01-23 02:00:00,False,02:00:00,2024-01-23
5385,2024-01-23 02:15:00,False,02:15:00,2024-01-23
5386,2024-01-23 02:30:00,False,02:30:00,2024-01-23
5387,2024-01-23 02:45:00,False,02:45:00,2024-01-23
5388,2024-01-23 03:00:00,False,03:00:00,2024-01-23
5389,2024-01-23 03:15:00,False,03:15:00,2024-01-23
5390,2024-01-23 03:30:00,False,03:30:00,2024-01-23
5391,2024-01-23 03:45:00,False,03:45:00,2024-01-23
5392,2024-01-23 04:00:00,False,04:00:00,2024-01-23
5393,2024-01-23 04:15:00,False,04:15:00,2024-01-23
5394,2024-01-23 04:30:00,False,04:30:00,2024-01-23
5395,2024-01-23 04:45:00,False,04:45:00,2024-01-23
5396,2024-01-23 05:00:00,False,05:00:00,2024-01-23
5397,2024-01-23 05:15:00,False,05:15:00,2024-01-23
5398,2024-01-23 05:30:00,False,05:30:00,2024-01-23
5399,2024-01-23 05:45:00,False,05:45:00,2024-01-23
5400,2024-01-23 06:00:00,False,06:00:00,2024-01-23
5401,2024-01-23 06:15:00,False,06:15:00,2024-01-23
5402,2024-01-23 06:30:00,False,06:30:00,2024-01-23
5403,2024-01-23 06:45:00,False,06:45:00,2024-01-23
5404,2024-01-23 07:00:00,False,07:00:00,2024-01-23
5405,2024-01-23 07:15:00,False,07:15:00,2024-01-23
5406,2024-01-23 07:30:00,False,07:30:00,2024-01-23
5407,2024-01-23 07:45:00,False,07:45:00,2024-01-23
5408,2024-01-23 08:00:00,False,08:00:00,2024-01-23
5409,2024-01-23 08:15:00,False,08:15:00,2024-01-23
5410,2024-01-23 08:30:00,False,08:30:00,2024-01-23
5411,2024-01-23 08:45:00,False,08:45:00,2024-01-23
5412,2024-01-23 09:00:00,False,09:00:00,2024-01-23
5413,2024-01-23 09:15:00,False,09:15:00,2024-01-23
5414,2024-01-23 09:30:00,False,09:30:00,2024-01-23
5415,2024-01-23 09:45:00,False,09:45:00,2024-01-23
5416,2024-01-23 10:00:00,False,10:00:00,2024-01-23
5417,2024-01-23 10:15:00,False,10:15:00,2024-01-23
5418,2024-01-23 10:30:00,False,10:30:00,2024-01-23
5419,2024-01-23 10:45:00,False,10:45:00,2024-01-23
5420,2024-01-23 11:00:00,False,11:00:00,2024-01-23
5421,2024-01-23 11:15:00,False,11:15:00,2024-01-23
5422,2024-01-23 11:30:00,False,11:30:00,2024-01-23
5423,2024-01-23 11:45:00,False,11:45:00,2024-01-23
5424,2024-01-23 12:00:00,False,12:00:00,2024-01-23
5425,2024-01-23 12:15:00,False,12:15:00,2024-01-23
5426,2024-01-23 12:30:00,False,12:30:00,2024-01-23
5427,2024-01-23 12:45:00,False,12:45:00,2024-01-23
5428,2024-01-23 13:00:00,False,13:00:00,2024-01-23
5429,2024-01-23 13:15:00,False,13:15:00,2024-01-23
5430,2024-01-23 13:30:00,False,13:30:00,2024-01-23
5431,2024-01-23 13:45:00,False,13:45:00,2024-01-23
5432,2024-01-23 14:00:00,False,14:00:00,2024-01-23
5433,2024-01-23 14:15:00,False,14:15:00,2024-01-23
5434,2024-01-23 14:30:00,False,14:30:00,2024-01-23
5435,2024-01-23 14:45:00,False,14:45:00,2024-01-23
5436,2024-01-23 15:00:00,False,15:00:00,2024-01-23
5437,2024-01-23 15:15:00,False,15:15:00,2024-01-23
5438,2024-01-23 15:30:00,False,15:30:00,2024-01-23
5439,2024-01-23 15:45:00,False,15:45:00,2024-01-23
5440,2024-01-23 16:00:00,False,16:00:00,2024-01-23
5441,2024-01-23 16:15:00,False,16:15:00,2024-01-23
5442,2024-01-23 16:30:00,False,16:30:00,2024-01-23
5443,2024-01-23 16:45:00,False,16:45:00,2024-01-23
5444,2024-01-23 17:00:00,False,17:00:00,2024-01-23
5445,2024-01-23 17:15:00,False,17:15:00,2024-01-23
5446,2024-01-23 17:30:00,False,17:30:00,2024-01-23
5447,2024-01-23 17:45:00,False,17:45:00,2024-01-23
5448,2024-01-23 18:00:00,False,18:00:00,2024-01-23
5449,2024-01-23 18:15:00,False,18:15:00,2024-01-23
5450,2024-01-23 18:30:00,False,18:30:00,2024-01-23
5451,2024-01-23 18:45:00,False,18:45:00,2024-01-23
5452,2024-01-23 19:00:00,False,19:00:00,2024-01-23
5453,2024-01-23 19:15:00,False,19:15:00,2024-01-23
5454,2024-01-23 19:30:00,False,19:30:00,2024-01-23
5455,2024-01-23 19:45:00,False,19:45:00,2024-01-23
5456,2024-01-23 20:00:00,False,20:00:00,2024-01-23
5457,2024-01-23 20:15:00,False,20:15:00,2024-01-23
5458,2024-01-23 20:30:00,False,20:30:00,2024-01-23
5459,2024-01-23 20:45:00,False,20:45:00,2024-01-23
5460,2024-01-23 21:00:00,False,21:00:00,2024-01-23
5461,2024-01-23 21:15:00,False,21:15:00,2024-01-23
5462,2024-01-23 21:30:00,False,21:30:00,2024-01-23
5463,2024-01-23 21:45:00,False,21:45:00,2024-01-23
5464,2024-01-23 22:00:00,False,22:00:00,2024-01-23
5465,2024-01-23 22:15:00,False,22:15:00,2024-01-23
5466,2024-01-23 22:30:00,False,22:30:00,2024-01-23
5467,2024-01-23 22:45:00,False,22:45:00,2024-01-23
5468,2024-01-23 23:00:00,False,23:00:00,2024-01-23
5469,2024-01-23 23:15:00,False,23:15:00,2024-01-23
5470,2024-01-23 23:30:00,False,23:30:00,2024-01-23
5471,2024-01-23 23:45:00,False,23:45:00,2024-01-23
5472,2024-01-24 00:00:00,False,00:00:00,2024-01-24
5473,2024-01-24 00:15:00,False,00:15:00,2024-01-24
5474,2024-01-24 00:30:00,False,00:30:00,2024-01-24
5475,2024-01-24 00:45:00,False,00:45:00,2024-01-24
5476,2024-01-24 01:00:00,False,01:00:00,2024-01-24
5477,2024-01-24 01:15:00,False,01:15:00,2024-01-24
5478,2024-01-24 01:30:00,False,01:30:00,2024-01-24
5479,2024-01-24 01:45:00,False,01:45:00,2024-01-24
5480,2024-01-24 02:00:00,False,02:00:00,2024-01-24
5481,2024-01-24 02:15:00,False,02:15:00,2024-01-24
5482,2024-01-24 02:30:00,False,02:30:00,2024-01-24
5483,2024-01-24 02:45:00,False,02:45:00,2024-01-24
5484,2024-01-24 03:00:00,False,03:00:00,2024-01-24
5485,2024-01-24 03:15:00,False,03:15:00,2024-01-24
5486,2024-01-24 03:30:00,False,03:30:00,2024-01-24
5487,2024-01-24 03:45:00,False,03:45:00,2024-01-24
5488,2024-01-24 04:00:00,False,04:00:00,2024-01-24
5489,2024-01-24 04:15:00,False,04:15:00,2024-01-24
5490,2024-01-24 04:30:00,False,04:30:00,2024-01-24
5491,2024-01-24 04:45:00,False,04:45:00,2024-01-24
5492,2024-01-24 05:00:00,False,05:00:00,2024-01-24
5493,2024-01-24 05:15:00,True,05:15:00,2024-01-24
5494,2024-01-24 05:30:00,True,05:30:00,2024-01-24
5495,2024-01-24 05:45:00,False,05:45:00,2024-01-24
5496,2024-01-24 06:00:00,False,06:00:00,2024-01-24
5497,2024-01-24 06:15:00,False,06:15:00,2024-01-24
5498,2024-01-24 06:30:00,False,06:30:00,2024-01-24
5499,2024-01-24 06:45:00,False,06:45:00,2024-01-24
5500,2024-01-24 07:00:00,False,07:00:00,2024-01-24
5501,2024-01-24 07:15:00,False,07:15:00,2024-01-24
5502,2024-01-24 07:30:00,False,07:30:00,2024-01-24
5503,2024-01-24 07:45:00,False,07:45:00,2024-01-24
5504,2024-01-24 08:00:00,False,08:00:00,2024-01-24
5505,2024-01-24 08:15:00,False,08:15:00,2024-01-24
5506,2024-01-24 08:30:00,False,08:30:00,2024-01-24
5507,2024-01-24 08:45:00,False,08:45:00,2024-01-24
5508,2024-01-24 09:00:00,False,09:00:00,2024-01-24
5509,2024-01-24 09:15:00,False,09:15:00,2024-01-24
5510,2024-01-24 09:30:00,False,09:30:00,2024-01-24
5511,2024-01-24 09:45:00,False,09:45:00,2024-01-24
5512,2024-01-24 10:00:00,False,10:00:00,2024-01-24
5513,2024-01-24 10:15:00,False,10:15:00,2024-01-24
5514,2024-01-24 10:30:00,False,10:30:00,2024-01-24
5515,2024-01-24 10:45:00,False,10:45:00,2024-01-24
5516,2024-01-24 11:00:00,False,11:00:00,2024-01-24
5517,2024-01-24 11:15:00,False,11:15:00,2024-01-24
5518,2024-01-24 11:30:00,False,11:30:00,2024-01-24
5519,2024-01-24 11:45:00,False,11:45:00,2024-01-24
5520,2024-01-24 12:00:00,False,12:00:00,2024-01-24
5521,2024-01-24 12:15:00,False,12:15:00,2024-01-24
5522,2024-01-24 12:30:00,False,12:30:00,2024-01-24
5523,2024-01-24 12:45:00,False,12:45:00,2024-01-24
5524,2024-01-24 13:00:00,False,13:00:00,2024-01-24
5525,2024-01-24 13:15:00,False,13:15:00,2024-01-24
5526,2024-01-24 13:30:00,False,13:30:00,2024-01-24
5527,2024-01-24 13:45:00,False,13:45:00,2024-01-24
5528,2024-01-24 14:00:00,False,14:00:00,2024-01-24
5529,2024-01-24 14:15:00,False,14:15:00,2024-01-24
5530,2024-01-24 14:30:00,False,14:30:00,2024-01-24
5531,2024-01-24 14:45:00,False,14:45:00,2024-01-24
5532,2024-01-24 15:00:00,False,15:00:00,2024-01-24
5533,2024-01-24 15:15:00,False,15:15:00,2024-01-24
5534,2024-01-24 15:30:00,False,15:30:00,2024-01-24
5535,2024-01-24 15:45:00,False,15:45:00,2024-01-24
5536,2024-01-24 16:00:00,False,16:00:00,2024-01-24
5537,2024-01-24 16:15:00,False,16:15:00,2024-01-24
5538,2024-01-24 16:30:00,False,16:30:00,2024-01-24
5539,2024-01-24 16:45:00,False,16:45:00,2024-01-24
5540,2024-01-24 17:00:00,False,17:00:00,2024-01-24
5541,2024-01-24 17:15:00,False,17:15:00,2024-01-24
5542,2024-01-24 17:30:00,False,17:30:00,2024-01-24
5543,2024-01-24 17:45:00,False,17:45:00,2024-01-24
5544,2024-01-24 18:00:00,False,18:00:00,2024-01-24
5545,2024-01-24 18:15:00,False,18:15:00,2024-01-24
5546,2024-01-24 18:30:00,False,18:30:00,2024-01-24
5547,2024-01-24 18:45:00,False,18:45:00,2024-01-24
5548,2024-01-24 19:00:00,False,19:00:00,2024-01-24
5549,2024-01-24 19:15:00,True,19:15:00,2024-01-24
5550,2024-01-24 19:30:00,True,19:30:00,2024-01-24
5551,2024-01-24 19:45:00,True,19:45:00,2024-01-24
5552,2024-01-24 20:00:00,True,20:00:00,2024-01-24
5553,2024-01-24 20:15:00,True,20:15:00,2024-01-24
5554,2024-01-24 20:30:00,True,20:30:00,2024-01-24
5555,2024-01-24 20:45:00,True,20:45:00,2024-01-24
5556,2024-01-24 21:00:00,True,21:00:00,2024-01-24
5557,2024-01-24 21:15:00,True,21:15:00,2024-01-24
5558,2024-01-24 21:30:00,True,21:30:00,2024-01-24
5559,2024-01-24 21:45:00,False,21:45:00,2024-01-24
5560,2024-01-24 22:00:00,False,22:00:00,2024-01-24
5561,2024-01-24 22:15:00,False,22:15:00,2024-01-24
5562,2024-01-24 22:30:00,False,22:30:00,2024-01-24
5563,2024-01-24 22:45:00,False,22:45:00,2024-01-24
5564,2024-01-24 23:00:00,False,23:00:00,2024-01-24
5565,2024-01-24 23:15:00,False,23:15:00,2024-01-24
5566,2024-01-24 23:30:00,False,23:30:00,2024-01-24
5567,2024-01-24 23:45:00,False,23:45:00,2024-01-24
5568,2024-01-25 00:00:00,False,00:00:00,2024-01-25
5569,2024-01-25 00:15:00,False,00:15:00,2024-01-25
5570,2024-01-25 00:30:00,False,00:30:00,2024-01-25
5571,2024-01-25 00:45:00,False,00:45:00,2024-01-25
5572,2024-01-25 01:00:00,False,01:00:00,2024-01-25
5573,2024-01-25 01:15:00,False,01:15:00,2024-01-25
5574,2024-01-25 01:30:00,False,01:30:00,2024-01-25
5575,2024-01-25 01:45:00,False,01:45:00,2024-01-25
5576,2024-01-25 02:00:00,False,02:00:00,2024-01-25
5577,2024-01-25 02:15:00,False,02:15:00,2024-01-25
5578,2024-01-25 02:30:00,False,02:30:00,2024-01-25
5579,2024-01-25 02:45:00,False,02:45:00,2024-01-25
5580,2024-01-25 03:00:00,False,03:00:00,2024-01-25
5581,2024-01-25 03:15:00,False,03:15:00,2024-01-25
5582,2024-01-25 03:30:00,False,03:30:00,2024-01-25
5583,2024-01-25 03:45:00,False,03:45:00,2024-01-25
5584,2024-01-25 04:00:00,False,04:00:00,2024-01-25
5585,2024-01-25 04:15:00,False,04:15:00,2024-01-25
5586,2024-01-25 04:30:00,False,04:30:00,2024-01-25
5587,2024-01-25 04:45:00,False,04:45:00,2024-01-25
5588,2024-01-25 05:00:00,False,05:00:00,2024-01-25
5589,2024-01-25 05:15:00,False,05:15:00,2024-01-25
5590,2024-01-25 05:30:00,False,05:30:00,2024-01-25
5591,2024-01-25 05:45:00,False,05:45:00,2024-01-25
5592,2024-01-25 06:00:00,False,06:00:00,2024-01-25
5593,2024-01-25 06:15:00,False,06:15:00,2024-01-25
5594,2024-01-25 06:30:00,False,06:30:00,2024-01-25
5595,2024-01-25 06:45:00,False,06:45:00,2024-01-25
5596,2024-01-25 07:00:00,False,07:00:00,2024-01-25
5597,2024-01-25 07:15:00,False,07:15:00,2024-01-25
5598,2024-01-25 07:30:00,False,07:30:00,2024-01-25
5599,2024-01-25 07:45:00,False,07:45:00,2024-01-25
5600,2024-01-25 08:00:00,False,08:00:00,2024-01-25
5601,2024-01-25 08:15:00,False,08:15:00,2024-01-25
5602,2024-01-25 08:30:00,False,08:30:00,2024-01-25
5603,2024-01-25 08:45:00,False,08:45:00,2024-01-25
5604,2024-01-25 09:00:00,False,09:00:00,2024-01-25
5605,2024-01-25 09:15:00,False,09:15:00,2024-01-25
5606,2024-01-25 09:30:00,False,09:30:00,2024-01-25
5607,2024-01-25 09:45:00,False,09:45:00,2024-01-25
5608,2024-01-25 10:00:00,False,10:00:00,2024-01-25
5609,2024-01-25 10:15:00,False,10:15:00,2024-01-25
5610,2024-01-25 10:30:00,False,10:30:00,2024-01-25
5611,2024-01-25 10:45:00,False,10:45:00,2024-01-25
5612,2024-01-25 11:00:00,False,11:00:00,2024-01-25
5613,2024-01-25 11:15:00,False,11:15:00,2024-01-25
5614,2024-01-25 11:30:00,False,11:30:00,2024-01-25
5615,2024-01-25 11:45:00,False,11:45:00,2024-01-25
5616,2024-01-25 12:00:00,False,12:00:00,2024-01-25
5617,2024-01-25 12:15:00,False,12:15:00,2024-01-25
5618,2024-01-25 12:30:00,False,12:30:00,2024-01-25
5619,2024-01-25 12:45:00,False,12:45:00,2024-01-25
5620,2024-01-25 13:00:00,False,13:00:00,2024-01-25
5621,2024-01-25 13:15:00,False,13:15:00,2024-01-25
5622,2024-01-25 13:30:00,False,13:30:00,2024-01-25
5623,2024-01-25 13:45:00,False,13:45:00,2024-01-25
5624,2024-01-25 14:00:00,False,14:00:00,2024-01-25
5625,2024-01-25 14:15:00,False,14:15:00,2024-01-25
5626,2024-01-25 14:30:00,False,14:30:00,2024-01-25
5627,2024-01-25 14:45:00,False,14:45:00,2024-01-25
5628,2024-01-25 15:00:00,False,15:00:00,2024-01-25
5629,2024-01-25 15:15:00,False,15:15:00,2024-01-25
5630,2024-01-25 15:30:00,False,15:30:00,2024-01-25
5631,2024-01-25 15:45:00,False,15:45:00,2024-01-25
5632,2024-01-25 16:00:00,False,16:00:00,2024-01-25
5633,2024-01-25 16:15:00,False,16:15:00,2024-01-25
5634,2024-01-25 16:30:00,False,16:30:00,2024-01-25
5635,2024-01-25 16:45:00,False,16:45:00,2024-01-25
5636,2024-01-25 17:00:00,False,17:00:00,2024-01-25
5637,2024-01-25 17:15:00,False,17:15:00,2024-01-25
5638,2024-01-25 17:30:00,False,17:30:00,2024-01-25
5639,2024-01-25 17:45:00,False,17:45:00,2024-01-25
5640,2024-01-25 18:00:00,False,18:00:00,2024-01-25
5641,2024-01-25 18:15:00,False,18:15:00,2024-01-25
5642,2024-01-25 18:30:00,False,18:30:00,2024-01-25
5643,2024-01-25 18:45:00,False,18:45:00,2024-01-25
5644,2024-01-25 19:00:00,False,19:00:00,2024-01-25
5645,2024-01-25 19:15:00,False,19:15:00,2024-01-25
5646,2024-01-25 19:30:00,False,19:30:00,2024-01-25
5647,2024-01-25 19:45:00,False,19:45:00,2024-01-25
5648,2024-01-25 20:00:00,False,20:00:00,2024-01-25
5649,2024-01-25 20:15:00,False,20:15:00,2024-01-25
5650,2024-01-25 20:30:00,False,20:30:00,2024-01-25
5651,2024-01-25 20:45:00,False,20:45:00,2024-01-25
5652,2024-01-25 21:00:00,False,21:00:00,2024-01-25
5653,2024-01-25 21:15:00,False,21:15:00,2024-01-25
5654,2024-01-25 21:30:00,False,21:30:00,2024-01-25
5655,2024-01-25 21:45:00,False,21:45:00,2024-01-25
5656,2024-01-25 22:00:00,False,22:00:00,2024-01-25
5657,2024-01-25 22:15:00,False,22:15:00,2024-01-25
5658,2024-01-25 22:30:00,False,22:30:00,2024-01-25
5659,2024-01-25 22:45:00,False,22:45:00,2024-01-25
5660,2024-01-25 23:00:00,False,23:00:00,2024-01-25
5661,2024-01-25 23:15:00,False,23:15:00,2024-01-25
5662,2024-01-25 23:30:00,False,23:30:00,2024-01-25
5663,2024-01-25 23:45:00,False,23:45:00,2024-01-25
5664,2024-01-26 00:00:00,False,00:00:00,2024-01-26
5665,2024-01-26 00:15:00,False,00:15:00,2024-01-26
5666,2024-01-26 00:30:00,False,00:30:00,2024-01-26
5667,2024-01-26 00:45:00,False,00:45:00,2024-01-26
5668,2024-01-26 01:00:00,False,01:00:00,2024-01-26
5669,2024-01-26 01:15:00,False,01:15:00,2024-01-26
5670,2024-01-26 01:30:00,False,01:30:00,2024-01-26
5671,2024-01-26 01:45:00,False,01:45:00,2024-01-26
5672,2024-01-26 02:00:00,False,02:00:00,2024-01-26
5673,2024-01-26 02:15:00,False,02:15:00,2024-01-26
5674,2024-01-26 02:30:00,False,02:30:00,2024-01-26
5675,2024-01-26 02:45:00,False,02:45:00,2024-01-26
5676,2024-01-26 03:00:00,False,03:00:00,2024-01-26
5677,2024-01-26 03:15:00,False,03:15:00,2024-01-26
5678,2024-01-26 03:30:00,False,03:30:00,2024-01-26
5679,2024-01-26 03:45:00,False,03:45:00,2024-01-26
5680,2024-01-26 04:00:00,False,04:00:00,2024-01-26
5681,2024-01-26 04:15:00,False,04:15:00,2024-01-26
5682,2024-01-26 04:30:00,False,04:30:00,2024-01-26
5683,2024-01-26 04:45:00,False,04:45:00,2024-01-26
5684,2024-01-26 05:00:00,False,05:00:00,2024-01-26
5685,2024-01-26 05:15:00,False,05:15:00,2024-01-26
5686,2024-01-26 05:30:00,False,05:30:00,2024-01-26
5687,2024-01-26 05:45:00,False,05:45:00,2024-01-26
5688,2024-01-26 06:00:00,False,06:00:00,2024-01-26
5689,2024-01-26 06:15:00,False,06:15:00,2024-01-26
5690,2024-01-26 06:30:00,False,06:30:00,2024-01-26
5691,2024-01-26 06:45:00,False,06:45:00,2024-01-26
5692,2024-01-26 07:00:00,False,07:00:00,2024-01-26
5693,2024-01-26 07:15:00,False,07:15:00,2024-01-26
5694,2024-01-26 07:30:00,False,07:30:00,2024-01-26
5695,2024-01-26 07:45:00,False,07:45:00,2024-01-26
5696,2024-01-26 08:00:00,False,08:00:00,2024-01-26
5697,2024-01-26 08:15:00,False,08:15:00,2024-01-26
5698,2024-01-26 08:30:00,False,08:30:00,2024-01-26
5699,2024-01-26 08:45:00,False,08:45:00,2024-01-26
5700,2024-01-26 09:00:00,False,09:00:00,2024-01-26
5701,2024-01-26 09:15:00,False,09:15:00,2024-01-26
5702,2024-01-26 09:30:00,False,09:30:00,2024-01-26
5703,2024-01-26 09:45:00,False,09:45:00,2024-01-26
5704,2024-01-26 10:00:00,False,10:00:00,2024-01-26
5705,2024-01-26 10:15:00,False,10:15:00,2024-01-26
5706,2024-01-26 10:30:00,False,10:30:00,2024-01-26
5707,2024-01-26 10:45:00,False,10:45:00,2024-01-26
5708,2024-01-26 11:00:00,False,11:00:00,2024-01-26
5709,2024-01-26 11:15:00,False,11:15:00,2024-01-26
5710,2024-01-26 11:30:00,False,11:30:00,2024-01-26
5711,2024-01-26 11:45:00,False,11:45:00,2024-01-26
5712,2024-01-26 12:00:00,False,12:00:00,2024-01-26
5713,2024-01-26 12:15:00,False,12:15:00,2024-01-26
5714,2024-01-26 12:30:00,False,12:30:00,2024-01-26
5715,2024-01-26 12:45:00,False,12:45:00,2024-01-26
5716,2024-01-26 13:00:00,False,13:00:00,2024-01-26
5717,2024-01-26 13:15:00,False,13:15:00,2024-01-26
5718,2024-01-26 13:30:00,False,13:30:00,2024-01-26
5719,2024-01-26 13:45:00,False,13:45:00,2024-01-26
5720,2024-01-26 14:00:00,False,14:00:00,2024-01-26
5721,2024-01-26 14:15:00,False,14:15:00,2024-01-26
5722,2024-01-26 14:30:00,False,14:30:00,2024-01-26
5723,2024-01-26 14:45:00,False,14:45:00,2024-01-26
5724,2024-01-26 15:00:00,False,15:00:00,2024-01-26
5725,2024-01-26 15:15:00,False,15:15:00,2024-01-26
5726,2024-01-26 15:30:00,False,15:30:00,2024-01-26
5727,2024-01-26 15:45:00,False,15:45:00,2024-01-26
5728,2024-01-26 16:00:00,False,16:00:00,2024-01-26
5729,2024-01-26 16:15:00,False,16:15:00,2024-01-26
5730,2024-01-26 16:30:00,False,16:30:00,2024-01-26
5731,2024-01-26 16:45:00,False,16:45:00,2024-01-26
5732,2024-01-26 17:00:00,False,17:00:00,2024-01-26
5733,2024-01-26 17:15:00,False,17:15:00,2024-01-26
5734,2024-01-26 17:30:00,False,17:30:00,2024-01-26
5735,2024-01-26 17:45:00,False,17:45:00,2024-01-26
5736,2024-01-26 18:00:00,False,18:00:00,2024-01-26
5737,2024-01-26 18:15:00,False,18:15:00,2024-01-26
5738,2024-01-26 18:30:00,False,18:30:00,2024-01-26
5739,2024-01-26 18:45:00,False,18:45:00,2024-01-26
5740,2024-01-26 19:00:00,False,19:00:00,2024-01-26
5741,2024-01-26 19:15:00,False,19:15:00,2024-01-26
5742,2024-01-26 19:30:00,False,19:30:00,2024-01-26
5743,2024-01-26 19:45:00,False,19:45:00,2024-01-26
5744,2024-01-26 20:00:00,False,20:00:00,2024-01-26
5745,2024-01-26 20:15:00,False,20:15:00,2024-01-26
5746,2024-01-26 20:30:00,False,20:30:00,2024-01-26
5747,2024-01-26 20:45:00,False,20:45:00,2024-01-26
5748,2024-01-26 21:00:00,False,21:00:00,2024-01-26
5749,2024-01-26 21:15:00,False,21:15:00,2024-01-26
5750,2024-01-26 21:30:00,False,21:30:00,2024-01-26
5751,2024-01-26 21:45:00,False,21:45:00,2024-01-26
5752,2024-01-26 22:00:00,False,22:00:00,2024-01-26
5753,2024-01-26 22:15:00,False,22:15:00,2024-01-26
5754,2024-01-26 22:30:00,False,22:30:00,2024-01-26
5755,2024-01-26 22:45:00,True,22:45:00,2024-01-26
5756,2024-01-26 23:00:00,True,23:00:00,2024-01-26
5757,2024-01-26 23:15:00,True,23:15:00,2024-01-26
5758,2024-01-26 23:30:00,False,23:30:00,2024-01-26
5759,2024-01-26 23:45:00,False,23:45:00,2024-01-26
5760,2024-01-27 00:00:00,False,00:00:00,2024-01-27
5761,2024-01-27 00:15:00,False,00:15:00,2024-01-27
5762,2024-01-27 00:30:00,False,00:30:00,2024-01-27
5763,2024-01-27 00:45:00,False,00:45:00,2024-01-27
5764,2024-01-27 01:00:00,False,01:00:00,2024-01-27
5765,2024-01-27 01:15:00,False,01:15:00,2024-01-27
5766,2024-01-27 01:30:00,False,01:30:00,2024-01-27
5767,2024-01-27 01:45:00,False,01:45:00,2024-01-27
5768,2024-01-27 02:00:00,False,02:00:00,2024-01-27
5769,2024-01-27 02:15:00,False,02:15:00,2024-01-27
5770,2024-01-27 02:30:00,False,02:30:00,2024-01-27
5771,2024-01-27 02:45:00,False,02:45:00,2024-01-27
5772,2024-01-27 03:00:00,False,03:00:00,2024-01-27
5773,2024-01-27 03:15:00,False,03:15:00,2024-01-27
5774,2024-01-27 03:30:00,False,03:30:00,2024-01-27
5775,2024-01-27 03:45:00,False,03:45:00,2024-01-27
5776,2024-01-27 04:00:00,False,04:00:00,2024-01-27
5777,2024-01-27 04:15:00,False,04:15:00,2024-01-27
5778,2024-01-27 04:30:00,False,04:30:00,2024-01-27
5779,2024-01-27 04:45:00,False,04:45:00,2024-01-27
5780,2024-01-27 05:00:00,False,05:00:00,2024-01-27
5781,2024-01-27 05:15:00,False,05:15:00,2024-01-27
5782,2024-01-27 05:30:00,False,05:30:00,2024-01-27
5783,2024-01-27 05:45:00,False,05:45:00,2024-01-27
5784,2024-01-27 06:00:00,False,06:00:00,2024-01-27
5785,2024-01-27 06:15:00,False,06:15:00,2024-01-27
5786,2024-01-27 06:30:00,False,06:30:00,2024-01-27
5787,2024-01-27 06:45:00,False,06:45:00,2024-01-27
5788,2024-01-27 07:00:00,False,07:00:00,2024-01-27
5789,2024-01-27 07:15:00,False,07:15:00,2024-01-27
5790,2024-01-27 07:30:00,False,07:30:00,2024-01-27
5791,2024-01-27 07:45:00,False,07:45:00,2024-01-27
5792,2024-01-27 08:00:00,False,08:00:00,2024-01-27
5793,2024-01-27 08:15:00,False,08:15:00,2024-01-27
5794,2024-01-27 08:30:00,False,08:30:00,2024-01-27
5795,2024-01-27 08:45:00,False,08:45:00,2024-01-27
5796,2024-01-27 09:00:00,False,09:00:00,2024-01-27
5797,2024-01-27 09:15:00,False,09:15:00,2024-01-27
5798,2024-01-27 09:30:00,False,09:30:00,2024-01-27
5799,2024-01-27 09:45:00,False,09:45:00,2024-01-27
5800,2024-01-27 10:00:00,False,10:00:00,2024-01-27
5801,2024-01-27 10:15:00,False,10:15:00,2024-01-27
5802,2024-01-27 10:30:00,False,10:30:00,2024-01-27
5803,2024-01-27 10:45:00,False,10:45:00,2024-01-27
5804,2024-01-27 11:00:00,False,11:00:00,2024-01-27
5805,2024-01-27 11:15:00,False,11:15:00,2024-01-27
5806,2024-01-27 11:30:00,False,11:30:00,2024-01-27
5807,2024-01-27 11:45:00,False,11:45:00,2024-01-27
5808,2024-01-27 12:00:00,False,12:00:00,2024-01-27
5809,2024-01-27 12:15:00,False,12:15:00,2024-01-27
5810,2024-01-27 12:30:00,False,12:30:00,2024-01-27
5811,2024-01-27 12:45:00,False,12:45:00,2024-01-27
5812,2024-01-27 13:00:00,False,13:00:00,2024-01-27
5813,2024-01-27 13:15:00,False,13:15:00,2024-01-27
5814,2024-01-27 13:30:00,False,13:30:00,2024-01-27
5815,2024-01-27 13:45:00,False,13:45:00,2024-01-27
5816,2024-01-27 14:00:00,False,14:00:00,2024-01-27
5817,2024-01-27 14:15:00,False,14:15:00,2024-01-27
5818,2024-01-27 14:30:00,False,14:30:00,2024-01-27
5819,2024-01-27 14:45:00,False,14:45:00,2024-01-27
5820,2024-01-27 15:00:00,False,15:00:00,2024-01-27
5821,2024-01-27 15:15:00,False,15:15:00,2024-01-27
5822,2024-01-27 15:30:00,False,15:30:00,2024-01-27
5823,2024-01-27 15:45:00,False,15:45:00,2024-01-27
5824,2024-01-27 16:00:00,False,16:00:00,2024-01-27
5825,2024-01-27 16:15:00,False,16:15:00,2024-01-27
5826,2024-01-27 16:30:00,False,16:30:00,2024-01-27
5827,2024-01-27 16:45:00,False,16:45:00,2024-01-27
5828,2024-01-27 17:00:00,False,17:00:00,2024-01-27
5829,2024-01-27 17:15:00,False,17:15:00,2024-01-27
5830,2024-01-27 17:30:00,False,17:30:00,2024-01-27
5831,2024-01-27 17:45:00,False,17:45:00,2024-01-27
5832,2024-01-27 18:00:00,False,18:00:00,2024-01-27
5833,2024-01-27 18:15:00,False,18:15:00,2024-01-27
5834,2024-01-27 18:30:00,False,18:30:00,2024-01-27
5835,2024-01-27 18:45:00,False,18:45:00,2024-01-27
5836,2024-01-27 19:00:00,False,19:00:00,2024-01-27
5837,2024-01-27 19:15:00,False,19:15:00,2024-01-27
5838,2024-01-27 19:30:00,False,19:30:00,2024-01-27
5839,2024-01-27 19:45:00,False,19:45:00,2024-01-27
5840,2024-01-27 20:00:00,False,20:00:00,2024-01-27
5841,2024-01-27 20:15:00,False,20:15:00,2024-01-27
5842,2024-01-27 20:30:00,False,20:30:00,2024-01-27
5843,2024-01-27 20:45:00,False,20:45:00,2024-01-27
5844,2024-01-27 21:00:00,True,21:00:00,2024-01-27
5845,2024-01-27 21:15:00,True,21:15:00,2024-01-27
5846,2024-01-27 21:30:00,True,21:30:00,2024-01-27
5847,2024-01-27 21:45:00,True,21:45:00,2024-01-27
5848,2024-01-27 22:00:00,True,22:00:00,2024-01-27
5849,2024-01-27 22:15:00,True,22:15:00,2024-01-27
5850,2024-01-27 22:30:00,True,22:30:00,2024-01-27
5851,2024-01-27 22:45:00,True,22:45:00,2024-01-27
5852,2024-01-27 23:00:00,False,23:00:00,2024-01-27
5853,2024-01-27 23:15:00,False,23:15:00,2024-01-27
5854,2024-01-27 23:30:00,False,23:30:00,2024-01-27
5855,2024-01-27 23:45:00,False,23:45:00,2024-01-27
5856,2024-01-28 00:00:00,False,00:00:00,2024-01-28
5857,2024-01-28 00:15:00,False,00:15:00,2024-01-28
5858,2024-01-28 00:30:00,False,00:30:00,2024-01-28
5859,2024-01-28 00:45:00,False,00:45:00,2024-01-28
5860,2024-01-28 01:00:00,False,01:00:00,2024-01-28
5861,2024-01-28 01:15:00,False,01:15:00,2024-01-28
5862,2024-01-28 01:30:00,False,01:30:00,2024-01-28
5863,2024-01-28 01:45:00,False,01:45:00,2024-01-28
5864,2024-01-28 02:00:00,False,02:00:00,2024-01-28
5865,2024-01-28 02:15:00,False,02:15:00,2024-01-28
5866,2024-01-28 02:30:00,False,02:30:00,2024-01-28
5867,2024-01-28 02:45:00,False,02:45:00,2024-01-28
5868,2024-01-28 03:00:00,False,03:00:00,2024-01-28
5869,2024-01-28 03:15:00,False,03:15:00,2024-01-28
5870,2024-01-28 03:30:00,False,03:30:00,2024-01-28
5871,2024-01-28 03:45:00,False,03:45:00,2024-01-28
5872,2024-01-28 04:00:00,False,04:00:00,2024-01-28
5873,2024-01-28 04:15:00,False,04:15:00,2024-01-28
5874,2024-01-28 04:30:00,False,04:30:00,2024-01-28
5875,2024-01-28 04:45:00,False,04:45:00,2024-01-28
5876,2024-01-28 05:00:00,False,05:00:00,2024-01-28
5877,2024-01-28 05:15:00,False,05:15:00,2024-01-28
5878,2024-01-28 05:30:00,False,05:30:00,2024-01-28
5879,2024-01-28 05:45:00,False,05:45:00,2024-01-28
5880,2024-01-28 06:00:00,False,06:00:00,2024-01-28
5881,2024-01-28 06:15:00,False,06:15:00,2024-01-28
5882,2024-01-28 06:30:00,False,06:30:00,2024-01-28
5883,2024-01-28 06:45:00,False,06:45:00,2024-01-28
5884,2024-01-28 07:00:00,False,07:00:00,2024-01-28
5885,2024-01-28 07:15:00,False,07:15:00,2024-01-28
5886,2024-01-28 07:30:00,False,07:30:00,2024-01-28
5887,2024-01-28 07:45:00,False,07:45:00,2024-01-28
5888,2024-01-28 08:00:00,False,08:00:00,2024-01-28
5889,2024-01-28 08:15:00,False,08:15:00,2024-01-28
5890,2024-01-28 08:30:00,False,08:30:00,2024-01-28
5891,2024-01-28 08:45:00,False,08:45:00,2024-01-28
5892,2024-01-28 09:00:00,False,09:00:00,2024-01-28
5893,2024-01-28 09:15:00,False,09:15:00,2024-01-28
5894,2024-01-28 09:30:00,False,09:30:00,2024-01-28
5895,2024-01-28 09:45:00,False,09:45:00,2024-01-28
5896,2024-01-28 10:00:00,False,10:00:00,2024-01-28
5897,2024-01-28 10:15:00,False,10:15:00,2024-01-28
5898,2024-01-28 10:30:00,False,10:30:00,2024-01-28
5899,2024-01-28 10:45:00,False,10:45:00,2024-01-28
5900,2024-01-28 11:00:00,False,11:00:00,2024-01-28
5901,2024-01-28 11:15:00,False,11:15:00,2024-01-28
5902,2024-01-28 11:30:00,False,11:30:00,2024-01-28
5903,2024-01-28 11:45:00,False,11:45:00,2024-01-28
5904,2024-01-28 12:00:00,False,12:00:00,2024-01-28
5905,2024-01-28 12:15:00,False,12:15:00,2024-01-28
5906,2024-01-28 12:30:00,False,12:30:00,2024-01-28
5907,2024-01-28 12:45:00,False,12:45:00,2024-01-28
5908,2024-01-28 13:00:00,False,13:00:00,2024-01-28
5909,2024-01-28 13:15:00,False,13:15:00,2024-01-28
5910,2024-01-28 13:30:00,False,13:30:00,2024-01-28
5911,2024-01-28 13:45:00,False,13:45:00,2024-01-28
5912,2024-01-28 14:00:00,False,14:00:00,2024-01-28
5913,2024-01-28 14:15:00,False,14:15:00,2024-01-28
5914,2024-01-28 14:30:00,False,14:30:00,2024-01-28
5915,2024-01-28 14:45:00,False,14:45:00,2024-01-28
5916,2024-01-28 15:00:00,False,15:00:00,2024-01-28
5917,2024-01-28 15:15:00,False,15:15:00,2024-01-28
5918,2024-01-28 15:30:00,False,15:30:00,2024-01-28
5919,2024-01-28 15:45:00,True,15:45:00,2024-01-28
5920,2024-01-28 16:00:00,True,16:00:00,2024-01-28
5921,2024-01-28 16:15:00,True,16:15:00,2024-01-28
5922,2024-01-28 16:30:00,True,16:30:00,2024-01-28
5923,2024-01-28 16:45:00,True,16:45:00,2024-01-28
5924,2024-01-28 17:00:00,True,17:00:00,2024-01-28
5925,2024-01-28 17:15:00,True,17:15:00,2024-01-28
5926,2024-01-28 17:30:00,True,17:30:00,2024-01-28
5927,2024-01-28 17:45:00,True,17:45:00,2024-01-28
5928,2024-01-28 18:00:00,False,18:00:00,2024-01-28
5929,2024-01-28 18:15:00,False,18:15:00,2024-01-28
5930,2024-01-28 18:30:00,False,18:30:00,2024-01-28
5931,2024-01-28 18:45:00,False,18:45:00,2024-01-28
5932,2024-01-28 19:00:00,False,19:00:00,2024-01-28
5933,2024-01-28 19:15:00,False,19:15:00,2024-01-28
5934,2024-01-28 19:30:00,False,19:30:00,2024-01-28
5935,2024-01-28 19:45:00,False,19:45:00,2024-01-28
5936,2024-01-28 20:00:00,False,20:00:00,2024-01-28
5937,2024-01-28 20:15:00,False,20:15:00,2024-01-28
5938,2024-01-28 20:30:00,False,20:30:00,2024-01-28
5939,2024-01-28 20:45:00,False,20:45:00,2024-01-28
5940,2024-01-28 21:00:00,False,21:00:00,2024-01-28
5941,2024-01-28 21:15:00,False,21:15:00,2024-01-28
5942,2024-01-28 21:30:00,False,21:30:00,2024-01-28
5943,2024-01-28 21:45:00,False,21:45:00,2024-01-28
5944,2024-01-28 22:00:00,False,22:00:00,2024-01-28
5945,2024-01-28 22:15:00,False,22:15:00,2024-01-28
5946,2024-01-28 22:30:00,False,22:30:00,2024-01-28
5947,2024-01-28 22:45:00,False,22:45:00,2024-01-28
5948,2024-01-28 23:00:00,False,23:00:00,2024-01-28
5949,2024-01-28 23:15:00,False,23:15:00,2024-01-28
5950,2024-01-28 23:30:00,False,23:30:00,2024-01-28
5951,2024-01-28 23:45:00,False,23:45:00,2024-01-28
5952,2024-01-29 00:00:00,False,00:00:00,2024-01-29
5953,2024-01-29 00:15:00,False,00:15:00,2024-01-29
5954,2024-01-29 00:30:00,False,00:30:00,2024-01-29
5955,2024-01-29 00:45:00,False,00:45:00,2024-01-29
5956,2024-01-29 01:00:00,False,01:00:00,2024-01-29
5957,2024-01-29 01:15:00,False,01:15:00,2024-01-29
5958,2024-01-29 01:30:00,False,01:30:00,2024-01-29
5959,2024-01-29 01:45:00,False,01:45:00,2024-01-29
5960,2024-01-29 02:00:00,False,02:00:00,2024-01-29
5961,2024-01-29 02:15:00,False,02:15:00,2024-01-29
5962,2024-01-29 02:30:00,False,02:30:00,2024-01-29
5963,2024-01-29 02:45:00,False,02:45:00,2024-01-29
5964,2024-01-29 03:00:00,False,03:00:00,2024-01-29
5965,2024-01-29 03:15:00,False,03:15:00,2024-01-29
5966,2024-01-29 03:30:00,False,03:30:00,2024-01-29
5967,2024-01-29 03:45:00,False,03:45:00,2024-01-29
5968,2024-01-29 04:00:00,False,04:00:00,2024-01-29
5969,2024-01-29 04:15:00,False,04:15:00,2024-01-29
5970,2024-01-29 04:30:00,False,04:30:00,2024-01-29
5971,2024-01-29 04:45:00,False,04:45:00,2024-01-29
5972,2024-01-29 05:00:00,False,05:00:00,2024-01-29
5973,2024-01-29 05:15:00,False,05:15:00,2024-01-29
5974,2024-01-29 05:30:00,False,05:30:00,2024-01-29
5975,2024-01-29 05:45:00,False,05:45:00,2024-01-29
5976,2024-01-29 06:00:00,False,06:00:00,2024-01-29
5977,2024-01-29 06:15:00,False,06:15:00,2024-01-29
5978,2024-01-29 06:30:00,False,06:30:00,2024-01-29
5979,2024-01-29 06:45:00,False,06:45:00,2024-01-29
5980,2024-01-29 07:00:00,False,07:00:00,2024-01-29
5981,2024-01-29 07:15:00,False,07:15:00,2024-01-29
5982,2024-01-29 07:30:00,False,07:30:00,2024-01-29
5983,2024-01-29 07:45:00,False,07:45:00,2024-01-29
5984,2024-01-29 08:00:00,False,08:00:00,2024-01-29
5985,2024-01-29 08:15:00,False,08:15:00,2024-01-29
5986,2024-01-29 08:30:00,False,08:30:00,2024-01-29
5987,2024-01-29 08:45:00,False,08:45:00,2024-01-29
5988,2024-01-29 09:00:00,False,09:00:00,2024-01-29
5989,2024-01-29 09:15:00,False,09:15:00,2024-01-29
5990,2024-01-29 09:30:00,False,09:30:00,2024-01-29
5991,2024-01-29 09:45:00,False,09:45:00,2024-01-29
5992,2024-01-29 10:00:00,False,10:00:00,2024-01-29
5993,2024-01-29 10:15:00,False,10:15:00,2024-01-29
5994,2024-01-29 10:30:00,False,10:30:00,2024-01-29
5995,2024-01-29 10:45:00,False,10:45:00,2024-01-29
5996,2024-01-29 11:00:00,False,11:00:00,2024-01-29
5997,2024-01-29 11:15:00,True,11:15:00,2024-01-29
5998,2024-01-29 11:30:00,True,11:30:00,2024-01-29
5999,2024-01-29 11:45:00,True,11:45:00,2024-01-29
6000,2024-01-29 12:00:00,True,12:00:00,2024-01-29
6001,2024-01-29 12:15:00,True,12:15:00,2024-01-29
6002,2024-01-29 12:30:00,False,12:30:00,2024-01-29
6003,2024-01-29 12:45:00,False,12:45:00,2024-01-29
6004,2024-01-29 13:00:00,False,13:00:00,2024-01-29
6005,2024-01-29 13:15:00,False,13:15:00,2024-01-29
6006,2024-01-29 13:30:00,False,13:30:00,2024-01-29
6007,2024-01-29 13:45:00,False,13:45:00,2024-01-29
6008,2024-01-29 14:00:00,False,14:00:00,2024-01-29
6009,2024-01-29 14:15:00,False,14:15:00,2024-01-29
6010,2024-01-29 14:30:00,False,14:30:00,2024-01-29
6011,2024-01-29 14:45:00,False,14:45:00,2024-01-29
6012,2024-01-29 15:00:00,False,15:00:00,2024-01-29
6013,2024-01-29 15:15:00,False,15:15:00,2024-01-29
6014,2024-01-29 15:30:00,False,15:30:00,2024-01-29
6015,2024-01-29 15:45:00,False,15:45:00,2024-01-29
6016,2024-01-29 16:00:00,False,16:00:00,2024-01-29
6017,2024-01-29 16:15:00,False,16:15:00,2024-01-29
6018,2024-01-29 16:30:00,False,16:30:00,2024-01-29
6019,2024-01-29 16:45:00,False,16:45:00,2024-01-29
6020,2024-01-29 17:00:00,False,17:00:00,2024-01-29
6021,2024-01-29 17:15:00,False,17:15:00,2024-01-29
6022,2024-01-29 17:30:00,False,17:30:00,2024-01-29
6023,2024-01-29 17:45:00,False,17:45:00,2024-01-29
6024,2024-01-29 18:00:00,False,18:00:00,2024-01-29
6025,2024-01-29 18:15:00,False,18:15:00,2024-01-29
6026,2024-01-29 18:30:00,False,18:30:00,2024-01-29
6027,2024-01-29 18:45:00,False,18:45:00,2024-01-29
6028,2024-01-29 19:00:00,False,19:00:00,2024-01-29
6029,2024-01-29 19:15:00,False,19:15:00,2024-01-29
6030,2024-01-29 19:30:00,False,19:30:00,2024-01-29
6031,2024-01-29 19:45:00,False,19:45:00,2024-01-29
6032,2024-01-29 20:00:00,False,20:00:00,2024-01-29
6033,2024-01-29 20:15:00,False,20:15:00,2024-01-29
6034,2024-01-29 20:30:00,False,20:30:00,2024-01-29
6035,2024-01-29 20:45:00,False,20:45:00,2024-01-29
6036,2024-01-29 21:00:00,False,21:00:00,2024-01-29
6037,2024-01-29 21:15:00,False,21:15:00,2024-01-29
6038,2024-01-29 21:30:00,False,21:30:00,2024-01-29
6039,2024-01-29 21:45:00,False,21:45:00,2024-01-29
6040,2024-01-29 22:00:00,False,22:00:00,2024-01-29
6041,2024-01-29 22:15:00,False,22:15:00,2024-01-29
6042,2024-01-29 22:30:00,False,22:30:00,2024-01-29
6043,2024-01-29 22:45:00,False,22:45:00,2024-01-29
6044,2024-01-29 23:00:00,False,23:00:00,2024-01-29
6045,2024-01-29 23:15:00,False,23:15:00,2024-01-29
6046,2024-01-29 23:30:00,False,23:30:00,2024-01-29
6047,2024-01-29 23:45:00,False,23:45:00,2024-01-29
6048,2024-01-30 00:00:00,False,00:00:00,2024-01-30
6049,2024-01-30 00:15:00,False,00:15:00,2024-01-30
6050,2024-01-30 00:30:00,False,00:30:00,2024-01-30
6051,2024-01-30 00:45:00,False,00:45:00,2024-01-30
6052,2024-01-30 01:00:00,False,01:00:00,2024-01-30
6053,2024-01-30 01:15:00,False,01:15:00,2024-01-30
6054,2024-01-30 01:30:00,False,01:30:00,2024-01-30
6055,2024-01-30 01:45:00,False,01:45:00,2024-01-30
6056,2024-01-30 02:00:00,False,02:00:00,2024-01-30
6057,2024-01-30 02:15:00,False,02:15:00,2024-01-30
6058,2024-01-30 02:30:00,False,02:30:00,2024-01-30
6059,2024-01-30 02:45:00,False,02:45:00,2024-01-30
6060,2024-01-30 03:00:00,False,03:00:00,2024-01-30
6061,2024-01-30 03:15:00,False,03:15:00,2024-01-30
6062,2024-01-30 03:30:00,False,03:30:00,2024-01-30
6063,2024-01-30 03:45:00,False,03:45:00,2024-01-30
6064,2024-01-30 04:00:00,False,04:00:00,2024-01-30
6065,2024-01-30 04:15:00,False,04:15:00,2024-01-30
6066,2024-01-30 04:30:00,False,04:30:00,2024-01-30
6067,2024-01-30 04:45:00,False,04:45:00,2024-01-30
6068,2024-01-30 05:00:00,False,05:00:00,2024-01-30
6069,2024-01-30 05:15:00,False,05:15:00,2024-01-30
6070,2024-01-30 05:30:00,False,05:30:00,2024-01-30
6071,2024-01-30 05:45:00,False,05:45:00,2024-01-30
6072,2024-01-30 06:00:00,False,06:00:00,2024-01-30
6073,2024-01-30 06:15:00,False,06:15:00,2024-01-30
6074,2024-01-30 06:30:00,False,06:30:00,2024-01-30
6075,2024-01-30 06:45:00,False,06:45:00,2024-01-30
6076,2024-01-30 07:00:00,False,07:00:00,2024-01-30
6077,2024-01-30 07:15:00,False,07:15:00,2024-01-30
6078,2024-01-30 07:30:00,False,07:30:00,2024-01-30
6079,2024-01-30 07:45:00,False,07:45:00,2024-01-30
6080,2024-01-30 08:00:00,False,08:00:00,2024-01-30
6081,2024-01-30 08:15:00,False,08:15:00,2024-01-30
6082,2024-01-30 08:30:00,False,08:30:00,2024-01-30
6083,2024-01-30 08:45:00,False,08:45:00,2024-01-30
6084,2024-01-30 09:00:00,False,09:00:00,2024-01-30
6085,2024-01-30 09:15:00,False,09:15:00,2024-01-30
6086,2024-01-30 09:30:00,False,09:30:00,2024-01-30
6087,2024-01-30 09:45:00,False,09:45:00,2024-01-30
6088,2024-01-30 10:00:00,False,10:00:00,2024-01-30
6089,2024-01-30 10:15:00,False,10:15:00,2024-01-30
6090,2024-01-30 10:30:00,False,10:30:00,2024-01-30
6091,2024-01-30 10:45:00,False,10:45:00,2024-01-30
6092,2024-01-30 11:00:00,False,11:00:00,2024-01-30
6093,2024-01-30 11:15:00,False,11:15:00,2024-01-30
6094,2024-01-30 11:30:00,False,11:30:00,2024-01-30
6095,2024-01-30 11:45:00,False,11:45:00,2024-01-30
6096,2024-01-30 12:00:00,False,12:00:00,2024-01-30
6097,2024-01-30 12:15:00,False,12:15:00,2024-01-30
6098,2024-01-30 12:30:00,False,12:30:00,2024-01-30
6099,2024-01-30 12:45:00,False,12:45:00,2024-01-30
6100,2024-01-30 13:00:00,False,13:00:00,2024-01-30
6101,2024-01-30 13:15:00,False,13:15:00,2024-01-30
6102,2024-01-30 13:30:00,False,13:30:00,2024-01-30
6103,2024-01-30 13:45:00,False,13:45:00,2024-01-30
6104,2024-01-30 14:00:00,False,14:00:00,2024-01-30
6105,2024-01-30 14:15:00,False,14:15:00,2024-01-30
6106,2024-01-30 14:30:00,False,14:30:00,2024-01-30
6107,2024-01-30 14:45:00,False,14:45:00,2024-01-30
6108,2024-01-30 15:00:00,False,15:00:00,2024-01-30
6109,2024-01-30 15:15:00,False,15:15:00,2024-01-30
6110,2024-01-30 15:30:00,False,15:30:00,2024-01-30
6111,2024-01-30 15:45:00,False,15:45:00,2024-01-30
6112,2024-01-30 16:00:00,False,16:00:00,2024-01-30
6113,2024-01-30 16:15:00,False,16:15:00,2024-01-30
6114,2024-01-30 16:30:00,False,16:30:00,2024-01-30
6115,2024-01-30 16:45:00,False,16:45:00,2024-01-30
6116,2024-01-30 17:00:00,False,17:00:00,2024-01-30
6117,2024-01-30 17:15:00,False,17:15:00,2024-01-30
6118,2024-01-30 17:30:00,False,17:30:00,2024-01-30
6119,2024-01-30 17:45:00,False,17:45:00,2024-01-30
6120,2024-01-30 18:00:00,False,18:00:00,2024-01-30
6121,2024-01-30 18:15:00,False,18:15:00,2024-01-30
6122,2024-01-30 18:30:00,False,18:30:00,2024-01-30
6123,2024-01-30 18:45:00,False,18:45:00,2024-01-30
6124,2024-01-30 19:00:00,False,19:00:00,2024-01-30
6125,2024-01-30 19:15:00,False,19:15:00,2024-01-30
6126,2024-01-30 19:30:00,False,19:30:00,2024-01-30
6127,2024-01-30 19:45:00,False,19:45:00,2024-01-30
6128,2024-01-30 20:00:00,False,20:00:00,2024-01-30
6129,2024-01-30 20:15:00,False,20:15:00,2024-01-30
6130,2024-01-30 20:30:00,False,20:30:00,2024-01-30
6131,2024-01-30 20:45:00,False,20:45:00,2024-01-30
6132,2024-01-30 21:00:00,False,21:00:00,2024-01-30
6133,2024-01-30 21:15:00,False,21:15:00,2024-01-30
6134,2024-01-30 21:30:00,False,21:30:00,2024-01-30
6135,2024-01-30 21:45:00,False,21:45:00,2024-01-30
6136,2024-01-30 22:00:00,False,22:00:00,2024-01-30
6137,2024-01-30 22:15:00,False,22:15:00,2024-01-30
6138,2024-01-30 22:30:00,False,22:30:00,2024-01-30
6139,2024-01-30 22:45:00,False,22:45:00,2024-01-30
6140,2024-01-30 23:00:00,False,23:00:00,2024-01-30
6141,2024-01-30 23:15:00,False,23:15:00,2024-01-30
6142,2024-01-30 23:30:00,False,23:30:00,2024-01-30
6143,2024-01-30 23:45:00,False,23:45:00,2024-01-30
6144,2024-01-31 00:00:00,False,00:00:00,2024-01-31
6145,2024-01-31 00:15:00,False,00:15:00,2024-01-31
6146,2024-01-31 00:30:00,False,00:30:00,2024-01-31
6147,2024-01-31 00:45:00,False,00:45:00,2024-01-31
6148,2024-01-31 01:00:00,False,01:00:00,2024-01-31
6149,2024-01-31 01:15:00,False,01:15:00,2024-01-31
6150,2024-01-31 01:30:00,False,01:30:00,2024-01-31
6151,2024-01-31 01:45:00,False,01:45:00,2024-01-31
6152,2024-01-31 02:00:00,False,02:00:00,2024-01-31
6153,2024-01-31 02:15:00,False,02:15:00,2024-01-31
6154,2024-01-31 02:30:00,False,02:30:00,2024-01-31
6155,2024-01-31 02:45:00,False,02:45:00,2024-01-31
6156,2024-01-31 03:00:00,False,03:00:00,2024-01-31
6157,2024-01-31 03:15:00,False,03:15:00,2024-01-31
6158,2024-01-31 03:30:00,False,03:30:00,2024-01-31
6159,2024-01-31 03:45:00,False,03:45:00,2024-01-31
6160,2024-01-31 04:00:00,False,04:00:00,2024-01-31
6161,2024-01-31 04:15:00,False,04:15:00,2024-01-31
6162,2024-01-31 04:30:00,False,04:30:00,2024-01-31
6163,2024-01-31 04:45:00,False,04:45:00,2024-01-31
6164,2024-01-31 05:00:00,False,05:00:00,2024-01-31
6165,2024-01-31 05:15:00,False,05:15:00,2024-01-31
6166,2024-01-31 05:30:00,False,05:30:00,2024-01-31
6167,2024-01-31 05:45:00,False,05:45:00,2024-01-31
6168,2024-01-31 06:00:00,False,06:00:00,2024-01-31
6169,2024-01-31 06:15:00,False,06:15:00,2024-01-31
6170,2024-01-31 06:30:00,False,06:30:00,2024-01-31
6171,2024-01-31 06:45:00,False,06:45:00,2024-01-31
6172,2024-01-31 07:00:00,False,07:00:00,2024-01-31
6173,2024-01-31 07:15:00,False,07:15:00,2024-01-31
6174,2024-01-31 07:30:00,False,07:30:00,2024-01-31
6175,2024-01-31 07:45:00,False,07:45:00,2024-01-31
6176,2024-01-31 08:00:00,False,08:00:00,2024-01-31
6177,2024-01-31 08:15:00,False,08:15:00,2024-01-31
6178,2024-01-31 08:30:00,False,08:30:00,2024-01-31
6179,2024-01-31 08:45:00,False,08:45:00,2024-01-31
6180,2024-01-31 09:00:00,False,09:00:00,2024-01-31
6181,2024-01-31 09:15:00,False,09:15:00,2024-01-31
6182,2024-01-31 09:30:00,False,09:30:00,2024-01-31
6183,2024-01-31 09:45:00,False,09:45:00,2024-01-31
6184,2024-01-31 10:00:00,False,10:00:00,2024-01-31
6185,2024-01-31 10:15:00,False,10:15:00,2024-01-31
6186,2024-01-31 10:30:00,False,10:30:00,2024-01-31
6187,2024-01-31 10:45:00,False,10:45:00,2024-01-31
6188,2024-01-31 11:00:00,False,11:00:00,2024-01-31
6189,2024-01-31 11:15:00,False,11:15:00,2024-01-31
6190,2024-01-31 11:30:00,False,11:30:00,2024-01-31
6191,2024-01-31 11:45:00,False,11:45:00,2024-01-31
6192,2024-01-31 12:00:00,False,12:00:00,2024-01-31
6193,2024-01-31 12:15:00,False,12:15:00,2024-01-31
6194,2024-01-31 12:30:00,False,12:30:00,2024-01-31
6195,2024-01-31 12:45:00,False,12:45:00,2024-01-31
6196,2024-01-31 13:00:00,False,13:00:00,2024-01-31
6197,2024-01-31 13:15:00,False,13:15:00,2024-01-31
6198,2024-01-31 13:30:00,False,13:30:00,2024-01-31
6199,2024-01-31 13:45:00,False,13:45:00,2024-01-31
6200,2024-01-31 14:00:00,False,14:00:00,2024-01-31
6201,2024-01-31 14:15:00,False,14:15:00,2024-01-31
6202,2024-01-31 14:30:00,False,14:30:00,2024-01-31
6203,2024-01-31 14:45:00,False,14:45:00,2024-01-31
6204,2024-01-31 15:00:00,False,15:00:00,2024-01-31
6205,2024-01-31 15:15:00,False,15:15:00,2024-01-31
6206,2024-01-31 15:30:00,False,15:30:00,2024-01-31
6207,2024-01-31 15:45:00,False,15:45:00,2024-01-31
6208,2024-01-31 16:00:00,False,16:00:00,2024-01-31
6209,2024-01-31 16:15:00,False,16:15:00,2024-01-31
6210,2024-01-31 16:30:00,False,16:30:00,2024-01-31
6211,2024-01-31 16:45:00,False,16:45:00,2024-01-31
6212,2024-01-31 17:00:00,False,17:00:00,2024-01-31
6213,2024-01-31 17:15:00,False,17:15:00,2024-01-31
6214,2024-01-31 17:30:00,False,17:30:00,2024-01-31
6215,2024-01-31 17:45:00,False,17:45:00,2024-01-31
6216,2024-01-31 18:00:00,False,18:00:00,2024-01-31
6217,2024-01-31 18:15:00,False,18:15:00,2024-01-31
6218,2024-01-31 18:30:00,False,18:30:00,2024-01-31
6219,2024-01-31 18:45:00,False,18:45:00,2024-01-31
6220,2024-01-31 19:00:00,False,19:00:00,2024-01-31
6221,2024-01-31 19:15:00,False,19:15:00,2024-01-31
6222,2024-01-31 19:30:00,False,19:30:00,2024-01-31
6223,2024-01-31 19:45:00,False,19:45:00,2024-01-31
6224,2024-01-31 20:00:00,False,20:00:00,2024-01-31
6225,2024-01-31 20:15:00,False,20:15:00,2024-01-31
6226,2024-01-31 20:30:00,False,20:30:00,2024-01-31
6227,2024-01-31 20:45:00,False,20:45:00,2024-01-31
6228,2024-01-31 21:00:00,False,21:00:00,2024-01-31
6229,2024-01-31 21:15:00,False,21:15:00,2024-01-31
6230,2024-01-31 21:30:00,False,21:30:00,2024-01-31
6231,2024-01-31 21:45:00,False,21:45:00,2024-01-31
6232,2024-01-31 22:00:00,False,22:00:00,2024-01-31
6233,2024-01-31 22:15:00,False,22:15:00,2024-01-31
6234,2024-01-31 22:30:00,False,22:30:00,2024-01-31
6235,2024-01-31 22:45:00,False,22:45:00,2024-01-31
6236,2024-01-31 23:00:00,False,23:00:00,2024-01-31
6237,2024-01-31 23:15:00,False,23:15:00,2024-01-31
6238,2024-01-31 23:30:00,False,23:30:00,2024-01-31
6239,2024-01-31 23:45:00,False,23:45:00,2024-01-31
6240,2024-02-01 00:00:00,False,00:00:00,2024-02-01
6241,2024-02-01 00:15:00,False,00:15:00,2024-02-01
6242,2024-02-01 00:30:00,False,00:30:00,2024-02-01
6243,2024-02-01 00:45:00,False,00:45:00,2024-02-01
6244,2024-02-01 01:00:00,False,01:00:00,2024-02-01
6245,2024-02-01 01:15:00,False,01:15:00,2024-02-01
6246,2024-02-01 01:30:00,False,01:30:00,2024-02-01
6247,2024-02-01 01:45:00,False,01:45:00,2024-02-01
6248,2024-02-01 02:00:00,False,02:00:00,2024-02-01
6249,2024-02-01 02:15:00,False,02:15:00,2024-02-01
6250,2024-02-01 02:30:00,False,02:30:00,2024-02-01
6251,2024-02-01 02:45:00,False,02:45:00,2024-02-01
6252,2024-02-01 03:00:00,False,03:00:00,2024-02-01
6253,2024-02-01 03:15:00,False,03:15:00,2024-02-01
6254,2024-02-01 03:30:00,False,03:30:00,2024-02-01
6255,2024-02-01 03:45:00,False,03:45:00,2024-02-01
6256,2024-02-01 04:00:00,False,04:00:00,2024-02-01
6257,2024-02-01 04:15:00,False,04:15:00,2024-02-01
6258,2024-02-01 04:30:00,False,04:30:00,2024-02-01
6259,2024-02-01 04:45:00,False,04:45:00,2024-02-01
6260,2024-02-01 05:00:00,False,05:00:00,2024-02-01
6261,2024-02-01 05:15:00,False,05:15:00,2024-02-01
6262,2024-02-01 05:30:00,False,05:30:00,2024-02-01
6263,2024-02-01 05:45:00,False,05:45:00,2024-02-01
6264,2024-02-01 06:00:00,False,06:00:00,2024-02-01
6265,2024-02-01 06:15:00,False,06:15:00,2024-02-01
6266,2024-02-01 06:30:00,False,06:30:00,2024-02-01
6267,2024-02-01 06:45:00,False,06:45:00,2024-02-01
6268,2024-02-01 07:00:00,False,07:00:00,2024-02-01
6269,2024-02-01 07:15:00,False,07:15:00,2024-02-01
6270,2024-02-01 07:30:00,False,07:30:00,2024-02-01
6271,2024-02-01 07:45:00,False,07:45:00,2024-02-01
6272,2024-02-01 08:00:00,False,08:00:00,2024-02-01
6273,2024-02-01 08:15:00,False,08:15:00,2024-02-01
6274,2024-02-01 08:30:00,False,08:30:00,2024-02-01
6275,2024-02-01 08:45:00,False,08:45:00,2024-02-01
6276,2024-02-01 09:00:00,False,09:00:00,2024-02-01
6277,2024-02-01 09:15:00,False,09:15:00,2024-02-01
6278,2024-02-01 09:30:00,False,09:30:00,2024-02-01
6279,2024-02-01 09:45:00,False,09:45:00,2024-02-01
6280,2024-02-01 10:00:00,False,10:00:00,2024-02-01
6281,2024-02-01 10:15:00,False,10:15:00,2024-02-01
6282,2024-02-01 10:30:00,False,10:30:00,2024-02-01
6283,2024-02-01 10:45:00,False,10:45:00,2024-02-01
6284,2024-02-01 11:00:00,False,11:00:00,2024-02-01
6285,2024-02-01 11:15:00,False,11:15:00,2024-02-01
6286,2024-02-01 11:30:00,False,11:30:00,2024-02-01
6287,2024-02-01 11:45:00,False,11:45:00,2024-02-01
6288,2024-02-01 12:00:00,False,12:00:00,2024-02-01
6289,2024-02-01 12:15:00,False,12:15:00,2024-02-01
6290,2024-02-01 12:30:00,False,12:30:00,2024-02-01
6291,2024-02-01 12:45:00,False,12:45:00,2024-02-01
6292,2024-02-01 13:00:00,False,13:00:00,2024-02-01
6293,2024-02-01 13:15:00,False,13:15:00,2024-02-01
6294,2024-02-01 13:30:00,False,13:30:00,2024-02-01
6295,2024-02-01 13:45:00,False,13:45:00,2024-02-01
6296,2024-02-01 14:00:00,False,14:00:00,2024-02-01
6297,2024-02-01 14:15:00,False,14:15:00,2024-02-01
6298,2024-02-01 14:30:00,False,14:30:00,2024-02-01
6299,2024-02-01 14:45:00,False,14:45:00,2024-02-01
6300,2024-02-01 15:00:00,False,15:00:00,2024-02-01
6301,2024-02-01 15:15:00,False,15:15:00,2024-02-01
6302,2024-02-01 15:30:00,False,15:30:00,2024-02-01
6303,2024-02-01 15:45:00,False,15:45:00,2024-02-01
6304,2024-02-01 16:00:00,False,16:00:00,2024-02-01
6305,2024-02-01 16:15:00,False,16:15:00,2024-02-01
6306,2024-02-01 16:30:00,False,16:30:00,2024-02-01
6307,2024-02-01 16:45:00,False,16:45:00,2024-02-01
6308,2024-02-01 17:00:00,False,17:00:00,2024-02-01
6309,2024-02-01 17:15:00,False,17:15:00,2024-02-01
6310,2024-02-01 17:30:00,False,17:30:00,2024-02-01
6311,2024-02-01 17:45:00,False,17:45:00,2024-02-01
6312,2024-02-01 18:00:00,False,18:00:00,2024-02-01
6313,2024-02-01 18:15:00,False,18:15:00,2024-02-01
6314,2024-02-01 18:30:00,False,18:30:00,2024-02-01
6315,2024-02-01 18:45:00,False,18:45:00,2024-02-01
6316,2024-02-01 19:00:00,False,19:00:00,2024-02-01
6317,2024-02-01 19:15:00,False,19:15:00,2024-02-01
6318,2024-02-01 19:30:00,False,19:30:00,2024-02-01
6319,2024-02-01 19:45:00,True,19:45:00,2024-02-01
6320,2024-02-01 20:00:00,True,20:00:00,2024-02-01
6321,2024-02-01 20:15:00,True,20:15:00,2024-02-01
6322,2024-02-01 20:30:00,True,20:30:00,2024-02-01
6323,2024-02-01 20:45:00,True,20:45:00,2024-02-01
6324,2024-02-01 21:00:00,True,21:00:00,2024-02-01
6325,2024-02-01 21:15:00,True,21:15:00,2024-02-01
6326,2024-02-01 21:30:00,True,21:30:00,2024-02-01
6327,2024-02-01 21:45:00,False,21:45:00,2024-02-01
6328,2024-02-01 22:00:00,False,22:00:00,2024-02-01
6329,2024-02-01 22:15:00,False,22:15:00,2024-02-01
6330,2024-02-01 22:30:00,False,22:30:00,2024-02-01
6331,2024-02-01 22:45:00,False,22:45:00,2024-02-01
6332,2024-02-01 23:00:00,False,23:00:00,2024-02-01
6333,2024-02-01 23:15:00,False,23:15:00,2024-02-01
6334,2024-02-01 23:30:00,False,23:30:00,2024-02-01
6335,2024-02-01 23:45:00,False,23:45:00,2024-02-01
6336,2024-02-02 00:00:00,False,00:00:00,2024-02-02
6337,2024-02-02 00:15:00,False,00:15:00,2024-02-02
6338,2024-02-02 00:30:00,False,00:30:00,2024-02-02
6339,2024-02-02 00:45:00,False,00:45:00,2024-02-02
6340,2024-02-02 01:00:00,False,01:00:00,2024-02-02
6341,2024-02-02 01:15:00,False,01:15:00,2024-02-02
6342,2024-02-02 01:30:00,False,01:30:00,2024-02-02
6343,2024-02-02 01:45:00,False,01:45:00,2024-02-02
6344,2024-02-02 02:00:00,False,02:00:00,2024-02-02
6345,2024-02-02 02:15:00,False,02:15:00,2024-02-02
6346,2024-02-02 02:30:00,False,02:30:00,2024-02-02
6347,2024-02-02 02:45:00,False,02:45:00,2024-02-02
6348,2024-02-02 03:00:00,False,03:00:00,2024-02-02
6349,2024-02-02 03:15:00,False,03:15:00,2024-02-02
6350,2024-02-02 03:30:00,False,03:30:00,2024-02-02
6351,2024-02-02 03:45:00,False,03:45:00,2024-02-02
6352,2024-02-02 04:00:00,False,04:00:00,2024-02-02
6353,2024-02-02 04:15:00,False,04:15:00,2024-02-02
6354,2024-02-02 04:30:00,False,04:30:00,2024-02-02
6355,2024-02-02 04:45:00,False,04:45:00,2024-02-02
6356,2024-02-02 05:00:00,False,05:00:00,2024-02-02
6357,2024-02-02 05:15:00,False,05:15:00,2024-02-02
6358,2024-02-02 05:30:00,False,05:30:00,2024-02-02
6359,2024-02-02 05:45:00,False,05:45:00,2024-02-02
6360,2024-02-02 06:00:00,False,06:00:00,2024-02-02
6361,2024-02-02 06:15:00,False,06:15:00,2024-02-02
6362,2024-02-02 06:30:00,False,06:30:00,2024-02-02
6363,2024-02-02 06:45:00,False,06:45:00,2024-02-02
6364,2024-02-02 07:00:00,False,07:00:00,2024-02-02
6365,2024-02-02 07:15:00,False,07:15:00,2024-02-02
6366,2024-02-02 07:30:00,False,07:30:00,2024-02-02
6367,2024-02-02 07:45:00,False,07:45:00,2024-02-02
6368,2024-02-02 08:00:00,False,08:00:00,2024-02-02
6369,2024-02-02 08:15:00,False,08:15:00,2024-02-02
6370,2024-02-02 08:30:00,False,08:30:00,2024-02-02
6371,2024-02-02 08:45:00,False,08:45:00,2024-02-02
6372,2024-02-02 09:00:00,False,09:00:00,2024-02-02
6373,2024-02-02 09:15:00,False,09:15:00,2024-02-02
6374,2024-02-02 09:30:00,False,09:30:00,2024-02-02
6375,2024-02-02 09:45:00,False,09:45:00,2024-02-02
6376,2024-02-02 10:00:00,False,10:00:00,2024-02-02
6377,2024-02-02 10:15:00,False,10:15:00,2024-02-02
6378,2024-02-02 10:30:00,False,10:30:00,2024-02-02
6379,2024-02-02 10:45:00,False,10:45:00,2024-02-02
6380,2024-02-02 11:00:00,False,11:00:00,2024-02-02
6381,2024-02-02 11:15:00,False,11:15:00,2024-02-02
6382,2024-02-02 11:30:00,False,11:30:00,2024-02-02
6383,2024-02-02 11:45:00,False,11:45:00,2024-02-02
6384,2024-02-02 12:00:00,False,12:00:00,2024-02-02
6385,2024-02-02 12:15:00,False,12:15:00,2024-02-02
6386,2024-02-02 12:30:00,False,12:30:00,2024-02-02
6387,2024-02-02 12:45:00,False,12:45:00,2024-02-02
6388,2024-02-02 13:00:00,False,13:00:00,2024-02-02
6389,2024-02-02 13:15:00,False,13:15:00,2024-02-02
6390,2024-02-02 13:30:00,False,13:30:00,2024-02-02
6391,2024-02-02 13:45:00,False,13:45:00,2024-02-02
6392,2024-02-02 14:00:00,False,14:00:00,2024-02-02
6393,2024-02-02 14:15:00,False,14:15:00,2024-02-02
6394,2024-02-02 14:30:00,False,14:30:00,2024-02-02
6395,2024-02-02 14:45:00,False,14:45:00,2024-02-02
6396,2024-02-02 15:00:00,False,15:00:00,2024-02-02
6397,2024-02-02 15:15:00,False,15:15:00,2024-02-02
6398,2024-02-02 15:30:00,False,15:30:00,2024-02-02
6399,2024-02-02 15:45:00,False,15:45:00,2024-02-02
6400,2024-02-02 16:00:00,False,16:00:00,2024-02-02
6401,2024-02-02 16:15:00,False,16:15:00,2024-02-02
6402,2024-02-02 16:30:00,False,16:30:00,2024-02-02
6403,2024-02-02 16:45:00,False,16:45:00,2024-02-02
6404,2024-02-02 17:00:00,False,17:00:00,2024-02-02
6405,2024-02-02 17:15:00,False,17:15:00,2024-02-02
6406,2024-02-02 17:30:00,False,17:30:00,2024-02-02
6407,2024-02-02 17:45:00,False,17:45:00,2024-02-02
6408,2024-02-02 18:00:00,False,18:00:00,2024-02-02
6409,2024-02-02 18:15:00,False,18:15:00,2024-02-02
6410,2024-02-02 18:30:00,False,18:30:00,2024-02-02
6411,2024-02-02 18:45:00,False,18:45:00,2024-02-02
6412,2024-02-02 19:00:00,False,19:00:00,2024-02-02
6413,2024-02-02 19:15:00,False,19:15:00,2024-02-02
6414,2024-02-02 19:30:00,False,19:30:00,2024-02-02
6415,2024-02-02 19:45:00,False,19:45:00,2024-02-02
6416,2024-02-02 20:00:00,False,20:00:00,2024-02-02
6417,2024-02-02 20:15:00,False,20:15:00,2024-02-02
6418,2024-02-02 20:30:00,False,20:30:00,2024-02-02
6419,2024-02-02 20:45:00,False,20:45:00,2024-02-02
6420,2024-02-02 21:00:00,False,21:00:00,2024-02-02
6421,2024-02-02 21:15:00,False,21:15:00,2024-02-02
6422,2024-02-02 21:30:00,False,21:30:00,2024-02-02
6423,2024-02-02 21:45:00,False,21:45:00,2024-02-02
6424,2024-02-02 22:00:00,False,22:00:00,2024-02-02
6425,2024-02-02 22:15:00,False,22:15:00,2024-02-02
6426,2024-02-02 22:30:00,False,22:30:00,2024-02-02
6427,2024-02-02 22:45:00,False,22:45:00,2024-02-02
6428,2024-02-02 23:00:00,False,23:00:00,2024-02-02
6429,2024-02-02 23:15:00,False,23:15:00,2024-02-02
6430,2024-02-02 23:30:00,False,23:30:00,2024-02-02
6431,2024-02-02 23:45:00,False,23:45:00,2024-02-02
6432,2024-02-03 00:00:00,False,00:00:00,2024-02-03
6433,2024-02-03 00:15:00,False,00:15:00,2024-02-03
6434,2024-02-03 00:30:00,False,00:30:00,2024-02-03
6435,2024-02-03 00:45:00,False,00:45:00,2024-02-03
6436,2024-02-03 01:00:00,False,01:00:00,2024-02-03
6437,2024-02-03 01:15:00,False,01:15:00,2024-02-03
6438,2024-02-03 01:30:00,False,01:30:00,2024-02-03
6439,2024-02-03 01:45:00,False,01:45:00,2024-02-03
6440,2024-02-03 02:00:00,False,02:00:00,2024-02-03
6441,2024-02-03 02:15:00,False,02:15:00,2024-02-03
6442,2024-02-03 02:30:00,False,02:30:00,2024-02-03
6443,2024-02-03 02:45:00,False,02:45:00,2024-02-03
6444,2024-02-03 03:00:00,False,03:00:00,2024-02-03
6445,2024-02-03 03:15:00,False,03:15:00,2024-02-03
6446,2024-02-03 03:30:00,False,03:30:00,2024-02-03
6447,2024-02-03 03:45:00,False,03:45:00,2024-02-03
6448,2024-02-03 04:00:00,False,04:00:00,2024-02-03
6449,2024-02-03 04:15:00,False,04:15:00,2024-02-03
6450,2024-02-03 04:30:00,False,04:30:00,2024-02-03
6451,2024-02-03 04:45:00,False,04:45:00,2024-02-03
6452,2024-02-03 05:00:00,False,05:00:00,2024-02-03
6453,2024-02-03 05:15:00,False,05:15:00,2024-02-03
6454,2024-02-03 05:30:00,False,05:30:00,2024-02-03
6455,2024-02-03 05:45:00,False,05:45:00,2024-02-03
6456,2024-02-03 06:00:00,False,06:00:00,2024-02-03
6457,2024-02-03 06:15:00,False,06:15:00,2024-02-03
6458,2024-02-03 06:30:00,False,06:30:00,2024-02-03
6459,2024-02-03 06:45:00,False,06:45:00,2024-02-03
6460,2024-02-03 07:00:00,False,07:00:00,2024-02-03
6461,2024-02-03 07:15:00,False,07:15:00,2024-02-03
6462,2024-02-03 07:30:00,False,07:30:00,2024-02-03
6463,2024-02-03 07:45:00,False,07:45:00,2024-02-03
6464,2024-02-03 08:00:00,False,08:00:00,2024-02-03
6465,2024-02-03 08:15:00,False,08:15:00,2024-02-03
6466,2024-02-03 08:30:00,False,08:30:00,2024-02-03
6467,2024-02-03 08:45:00,False,08:45:00,2024-02-03
6468,2024-02-03 09:00:00,False,09:00:00,2024-02-03
6469,2024-02-03 09:15:00,False,09:15:00,2024-02-03
6470,2024-02-03 09:30:00,False,09:30:00,2024-02-03
6471,2024-02-03 09:45:00,False,09:45:00,2024-02-03
6472,2024-02-03 10:00:00,False,10:00:00,2024-02-03
6473,2024-02-03 10:15:00,False,10:15:00,2024-02-03
6474,2024-02-03 10:30:00,False,10:30:00,2024-02-03
6475,2024-02-03 10:45:00,False,10:45:00,2024-02-03
6476,2024-02-03 11:00:00,False,11:00:00,2024-02-03
6477,2024-02-03 11:15:00,False,11:15:00,2024-02-03
6478,2024-02-03 11:30:00,False,11:30:00,2024-02-03
6479,2024-02-03 11:45:00,False,11:45:00,2024-02-03
6480,2024-02-03 12:00:00,False,12:00:00,2024-02-03
6481,2024-02-03 12:15:00,False,12:15:00,2024-02-03
6482,2024-02-03 12:30:00,False,12:30:00,2024-02-03
6483,2024-02-03 12:45:00,False,12:45:00,2024-02-03
6484,2024-02-03 13:00:00,False,13:00:00,2024-02-03
6485,2024-02-03 13:15:00,False,13:15:00,2024-02-03
6486,2024-02-03 13:30:00,False,13:30:00,2024-02-03
6487,2024-02-03 13:45:00,False,13:45:00,2024-02-03
6488,2024-02-03 14:00:00,False,14:00:00,2024-02-03
6489,2024-02-03 14:15:00,False,14:15:00,2024-02-03
6490,2024-02-03 14:30:00,False,14:30:00,2024-02-03
6491,2024-02-03 14:45:00,False,14:45:00,2024-02-03
6492,2024-02-03 15:00:00,False,15:00:00,2024-02-03
6493,2024-02-03 15:15:00,False,15:15:00,2024-02-03
6494,2024-02-03 15:30:00,False,15:30:00,2024-02-03
6495,2024-02-03 15:45:00,False,15:45:00,2024-02-03
6496,2024-02-03 16:00:00,False,16:00:00,2024-02-03
6497,2024-02-03 16:15:00,False,16:15:00,2024-02-03
6498,2024-02-03 16:30:00,False,16:30:00,2024-02-03
6499,2024-02-03 16:45:00,False,16:45:00,2024-02-03
6500,2024-02-03 17:00:00,False,17:00:00,2024-02-03
6501,2024-02-03 17:15:00,False,17:15:00,2024-02-03
6502,2024-02-03 17:30:00,False,17:30:00,2024-02-03
6503,2024-02-03 17:45:00,False,17:45:00,2024-02-03
6504,2024-02-03 18:00:00,False,18:00:00,2024-02-03
6505,2024-02-03 18:15:00,False,18:15:00,2024-02-03
6506,2024-02-03 18:30:00,False,18:30:00,2024-02-03
6507,2024-02-03 18:45:00,False,18:45:00,2024-02-03
6508,2024-02-03 19:00:00,False,19:00:00,2024-02-03
6509,2024-02-03 19:15:00,False,19:15:00,2024-02-03
6510,2024-02-03 19:30:00,False,19:30:00,2024-02-03
6511,2024-02-03 19:45:00,False,19:45:00,2024-02-03
6512,2024-02-03 20:00:00,False,20:00:00,2024-02-03
6513,2024-02-03 20:15:00,False,20:15:00,2024-02-03
6514,2024-02-03 20:30:00,False,20:30:00,2024-02-03
6515,2024-02-03 20:45:00,False,20:45:00,2024-02-03
6516,2024-02-03 21:00:00,False,21:00:00,2024-02-03
6517,2024-02-03 21:15:00,False,21:15:00,2024-02-03
6518,2024-02-03 21:30:00,False,21:30:00,2024-02-03
6519,2024-02-03 21:45:00,False,21:45:00,2024-02-03
6520,2024-02-03 22:00:00,False,22:00:00,2024-02-03
6521,2024-02-03 22:15:00,False,22:15:00,2024-02-03
6522,2024-02-03 22:30:00,False,22:30:00,2024-02-03
6523,2024-02-03 22:45:00,False,22:45:00,2024-02-03
6524,2024-02-03 23:00:00,False,23:00:00,2024-02-03
6525,2024-02-03 23:15:00,False,23:15:00,2024-02-03
6526,2024-02-03 23:30:00,False,23:30:00,2024-02-03
6527,2024-02-03 23:45:00,False,23:45:00,2024-02-03
6528,2024-02-04 00:00:00,False,00:00:00,2024-02-04
6529,2024-02-04 00:15:00,False,00:15:00,2024-02-04
6530,2024-02-04 00:30:00,False,00:30:00,2024-02-04
6531,2024-02-04 00:45:00,False,00:45:00,2024-02-04
6532,2024-02-04 01:00:00,False,01:00:00,2024-02-04
6533,2024-02-04 01:15:00,False,01:15:00,2024-02-04
6534,2024-02-04 01:30:00,False,01:30:00,2024-02-04
6535,2024-02-04 01:45:00,False,01:45:00,2024-02-04
6536,2024-02-04 02:00:00,False,02:00:00,2024-02-04
6537,2024-02-04 02:15:00,False,02:15:00,2024-02-04
6538,2024-02-04 02:30:00,False,02:30:00,2024-02-04
6539,2024-02-04 02:45:00,False,02:45:00,2024-02-04
6540,2024-02-04 03:00:00,False,03:00:00,2024-02-04
6541,2024-02-04 03:15:00,False,03:15:00,2024-02-04
6542,2024-02-04 03:30:00,False,03:30:00,2024-02-04
6543,2024-02-04 03:45:00,False,03:45:00,2024-02-04
6544,2024-02-04 04:00:00,False,04:00:00,2024-02-04
6545,2024-02-04 04:15:00,False,04:15:00,2024-02-04
6546,2024-02-04 04:30:00,False,04:30:00,2024-02-04
6547,2024-02-04 04:45:00,False,04:45:00,2024-02-04
6548,2024-02-04 05:00:00,False,05:00:00,2024-02-04
6549,2024-02-04 05:15:00,False,05:15:00,2024-02-04
6550,2024-02-04 05:30:00,False,05:30:00,2024-02-04
6551,2024-02-04 05:45:00,False,05:45:00,2024-02-04
6552,2024-02-04 06:00:00,False,06:00:00,2024-02-04
6553,2024-02-04 06:15:00,False,06:15:00,2024-02-04
6554,2024-02-04 06:30:00,False,06:30:00,2024-02-04
6555,2024-02-04 06:45:00,False,06:45:00,2024-02-04
6556,2024-02-04 07:00:00,False,07:00:00,2024-02-04
6557,2024-02-04 07:15:00,False,07:15:00,2024-02-04
6558,2024-02-04 07:30:00,False,07:30:00,2024-02-04
6559,2024-02-04 07:45:00,False,07:45:00,2024-02-04
6560,2024-02-04 08:00:00,False,08:00:00,2024-02-04
6561,2024-02-04 08:15:00,False,08:15:00,2024-02-04
6562,2024-02-04 08:30:00,False,08:30:00,2024-02-04
6563,2024-02-04 08:45:00,False,08:45:00,2024-02-04
6564,2024-02-04 09:00:00,False,09:00:00,2024-02-04
6565,2024-02-04 09:15:00,False,09:15:00,2024-02-04
6566,2024-02-04 09:30:00,False,09:30:00,2024-02-04
6567,2024-02-04 09:45:00,False,09:45:00,2024-02-04
6568,2024-02-04 10:00:00,False,10:00:00,2024-02-04
6569,2024-02-04 10:15:00,False,10:15:00,2024-02-04
6570,2024-02-04 10:30:00,False,10:30:00,2024-02-04
6571,2024-02-04 10:45:00,False,10:45:00,2024-02-04
6572,2024-02-04 11:00:00,True,11:00:00,2024-02-04
6573,2024-02-04 11:15:00,True,11:15:00,2024-02-04
6574,2024-02-04 11:30:00,True,11:30:00,2024-02-04
6575,2024-02-04 11:45:00,True,11:45:00,2024-02-04
6576,2024-02-04 12:00:00,True,12:00:00,2024-02-04
6577,2024-02-04 12:15:00,True,12:15:00,2024-02-04
6578,2024-02-04 12:30:00,True,12:30:00,2024-02-04
6579,2024-02-04 12:45:00,True,12:45:00,2024-02-04
6580,2024-02-04 13:00:00,True,13:00:00,2024-02-04
6581,2024-02-04 13:15:00,True,13:15:00,2024-02-04
6582,2024-02-04 13:30:00,True,13:30:00,2024-02-04
6583,2024-02-04 13:45:00,True,13:45:00,2024-02-04
6584,2024-02-04 14:00:00,False,14:00:00,2024-02-04
6585,2024-02-04 14:15:00,False,14:15:00,2024-02-04
6586,2024-02-04 14:30:00,False,14:30:00,2024-02-04
6587,2024-02-04 14:45:00,False,14:45:00,2024-02-04
6588,2024-02-04 15:00:00,False,15:00:00,2024-02-04
6589,2024-02-04 15:15:00,False,15:15:00,2024-02-04
6590,2024-02-04 15:30:00,False,15:30:00,2024-02-04
6591,2024-02-04 15:45:00,False,15:45:00,2024-02-04
6592,2024-02-04 16:00:00,False,16:00:00,2024-02-04
6593,2024-02-04 16:15:00,False,16:15:00,2024-02-04
6594,2024-02-04 16:30:00,False,16:30:00,2024-02-04
6595,2024-02-04 16:45:00,False,16:45:00,2024-02-04
6596,2024-02-04 17:00:00,False,17:00:00,2024-02-04
6597,2024-02-04 17:15:00,False,17:15:00,2024-02-04
6598,2024-02-04 17:30:00,False,17:30:00,2024-02-04
6599,2024-02-04 17:45:00,False,17:45:00,2024-02-04
6600,2024-02-04 18:00:00,False,18:00:00,2024-02-04
6601,2024-02-04 18:15:00,False,18:15:00,2024-02-04
6602,2024-02-04 18:30:00,False,18:30:00,2024-02-04
6603,2024-02-04 18:45:00,False,18:45:00,2024-02-04
6604,2024-02-04 19:00:00,False,19:00:00,2024-02-04
6605,2024-02-04 19:15:00,False,19:15:00,2024-02-04
6606,2024-02-04 19:30:00,False,19:30:00,2024-02-04
6607,2024-02-04 19:45:00,False,19:45:00,2024-02-04
6608,2024-02-04 20:00:00,False,20:00:00,2024-02-04
6609,2024-02-04 20:15:00,False,20:15:00,2024-02-04
6610,2024-02-04 20:30:00,False,20:30:00,2024-02-04
6611,2024-02-04 20:45:00,False,20:45:00,2024-02-04
6612,2024-02-04 21:00:00,False,21:00:00,2024-02-04
6613,2024-02-04 21:15:00,False,21:15:00,2024-02-04
6614,2024-02-04 21:30:00,False,21:30:00,2024-02-04
6615,2024-02-04 21:45:00,False,21:45:00,2024-02-04
6616,2024-02-04 22:00:00,False,22:00:00,2024-02-04
6617,2024-02-04 22:15:00,False,22:15:00,2024-02-04
6618,2024-02-04 22:30:00,False,22:30:00,2024-02-04
6619,2024-02-04 22:45:00,False,22:45:00,2024-02-04
6620,2024-02-04 23:00:00,False,23:00:00,2024-02-04
6621,2024-02-04 23:15:00,False,23:15:00,2024-02-04
6622,2024-02-04 23:30:00,False,23:30:00,2024-02-04
6623,2024-02-04 23:45:00,False,23:45:00,2024-02-04
6624,2024-02-05 00:00:00,False,00:00:00,2024-02-05
6625,2024-02-05 00:15:00,False,00:15:00,2024-02-05
6626,2024-02-05 00:30:00,False,00:30:00,2024-02-05
6627,2024-02-05 00:45:00,False,00:45:00,2024-02-05
6628,2024-02-05 01:00:00,False,01:00:00,2024-02-05
6629,2024-02-05 01:15:00,False,01:15:00,2024-02-05
6630,2024-02-05 01:30:00,False,01:30:00,2024-02-05
6631,2024-02-05 01:45:00,False,01:45:00,2024-02-05
6632,2024-02-05 02:00:00,False,02:00:00,2024-02-05
6633,2024-02-05 02:15:00,False,02:15:00,2024-02-05
6634,2024-02-05 02:30:00,False,02:30:00,2024-02-05
6635,2024-02-05 02:45:00,False,02:45:00,2024-02-05
6636,2024-02-05 03:00:00,False,03:00:00,2024-02-05
6637,2024-02-05 03:15:00,False,03:15:00,2024-02-05
6638,2024-02-05 03:30:00,False,03:30:00,2024-02-05
6639,2024-02-05 03:45:00,False,03:45:00,2024-02-05
6640,2024-02-05 04:00:00,False,04:00:00,2024-02-05
6641,2024-02-05 04:15:00,False,04:15:00,2024-02-05
6642,2024-02-05 04:30:00,False,04:30:00,2024-02-05
6643,2024-02-05 04:45:00,False,04:45:00,2024-02-05
6644,2024-02-05 05:00:00,False,05:00:00,2024-02-05
6645,2024-02-05 05:15:00,False,05:15:00,2024-02-05
6646,2024-02-05 05:30:00,False,05:30:00,2024-02-05
6647,2024-02-05 05:45:00,False,05:45:00,2024-02-05
6648,2024-02-05 06:00:00,False,06:00:00,2024-02-05
6649,2024-02-05 06:15:00,False,06:15:00,2024-02-05
6650,2024-02-05 06:30:00,False,06:30:00,2024-02-05
6651,2024-02-05 06:45:00,False,06:45:00,2024-02-05
6652,2024-02-05 07:00:00,False,07:00:00,2024-02-05
6653,2024-02-05 07:15:00,False,07:15:00,2024-02-05
6654,2024-02-05 07:30:00,False,07:30:00,2024-02-05
6655,2024-02-05 07:45:00,False,07:45:00,2024-02-05
6656,2024-02-05 08:00:00,False,08:00:00,2024-02-05
6657,2024-02-05 08:15:00,False,08:15:00,2024-02-05
6658,2024-02-05 08:30:00,False,08:30:00,2024-02-05
6659,2024-02-05 08:45:00,False,08:45:00,2024-02-05
6660,2024-02-05 09:00:00,False,09:00:00,2024-02-05
6661,2024-02-05 09:15:00,False,09:15:00,2024-02-05
6662,2024-02-05 09:30:00,False,09:30:00,2024-02-05
6663,2024-02-05 09:45:00,False,09:45:00,2024-02-05
6664,2024-02-05 10:00:00,False,10:00:00,2024-02-05
6665,2024-02-05 10:15:00,False,10:15:00,2024-02-05
6666,2024-02-05 10:30:00,False,10:30:00,2024-02-05
6667,2024-02-05 10:45:00,False,10:45:00,2024-02-05
6668,2024-02-05 11:00:00,False,11:00:00,2024-02-05
6669,2024-02-05 11:15:00,False,11:15:00,2024-02-05
6670,2024-02-05 11:30:00,False,11:30:00,2024-02-05
6671,2024-02-05 11:45:00,False,11:45:00,2024-02-05
6672,2024-02-05 12:00:00,False,12:00:00,2024-02-05
6673,2024-02-05 12:15:00,False,12:15:00,2024-02-05
6674,2024-02-05 12:30:00,False,12:30:00,2024-02-05
6675,2024-02-05 12:45:00,False,12:45:00,2024-02-05
6676,2024-02-05 13:00:00,False,13:00:00,2024-02-05
6677,2024-02-05 13:15:00,False,13:15:00,2024-02-05
6678,2024-02-05 13:30:00,False,13:30:00,2024-02-05
6679,2024-02-05 13:45:00,False,13:45:00,2024-02-05
6680,2024-02-05 14:00:00,False,14:00:00,2024-02-05
6681,2024-02-05 14:15:00,False,14:15:00,2024-02-05
6682,2024-02-05 14:30:00,False,14:30:00,2024-02-05
6683,2024-02-05 14:45:00,False,14:45:00,2024-02-05
6684,2024-02-05 15:00:00,False,15:00:00,2024-02-05
6685,2024-02-05 15:15:00,False,15:15:00,2024-02-05
6686,2024-02-05 15:30:00,False,15:30:00,2024-02-05
6687,2024-02-05 15:45:00,False,15:45:00,2024-02-05
6688,2024-02-05 16:00:00,False,16:00:00,2024-02-05
6689,2024-02-05 16:15:00,False,16:15:00,2024-02-05
6690,2024-02-05 16:30:00,False,16:30:00,2024-02-05
6691,2024-02-05 16:45:00,False,16:45:00,2024-02-05
6692,2024-02-05 17:00:00,False,17:00:00,2024-02-05
6693,2024-02-05 17:15:00,False,17:15:00,2024-02-05
6694,2024-02-05 17:30:00,False,17:30:00,2024-02-05
6695,2024-02-05 17:45:00,False,17:45:00,2024-02-05
6696,2024-02-05 18:00:00,False,18:00:00,2024-02-05
6697,2024-02-05 18:15:00,False,18:15:00,2024-02-05
6698,2024-02-05 18:30:00,False,18:30:00,2024-02-05
6699,2024-02-05 18:45:00,False,18:45:00,2024-02-05
6700,2024-02-05 19:00:00,False,19:00:00,2024-02-05
6701,2024-02-05 19:15:00,False,19:15:00,2024-02-05
6702,2024-02-05 19:30:00,False,19:30:00,2024-02-05
6703,2024-02-05 19:45:00,False,19:45:00,2024-02-05
6704,2024-02-05 20:00:00,False,20:00:00,2024-02-05
6705,2024-02-05 20:15:00,False,20:15:00,2024-02-05
6706,2024-02-05 20:30:00,False,20:30:00,2024-02-05
6707,2024-02-05 20:45:00,False,20:45:00,2024-02-05
6708,2024-02-05 21:00:00,False,21:00:00,2024-02-05
6709,2024-02-05 21:15:00,False,21:15:00,2024-02-05
6710,2024-02-05 21:30:00,False,21:30:00,2024-02-05
6711,2024-02-05 21:45:00,False,21:45:00,2024-02-05
6712,2024-02-05 22:00:00,False,22:00:00,2024-02-05
6713,2024-02-05 22:15:00,False,22:15:00,2024-02-05
6714,2024-02-05 22:30:00,False,22:30:00,2024-02-05
6715,2024-02-05 22:45:00,False,22:45:00,2024-02-05
6716,2024-02-05 23:00:00,False,23:00:00,2024-02-05
6717,2024-02-05 23:15:00,False,23:15:00,2024-02-05
6718,2024-02-05 23:30:00,False,23:30:00,2024-02-05
6719,2024-02-05 23:45:00,False,23:45:00,2024-02-05
6720,2024-02-06 00:00:00,False,00:00:00,2024-02-06
6721,2024-02-06 00:15:00,False,00:15:00,2024-02-06
6722,2024-02-06 00:30:00,False,00:30:00,2024-02-06
6723,2024-02-06 00:45:00,False,00:45:00,2024-02-06
6724,2024-02-06 01:00:00,False,01:00:00,2024-02-06
6725,2024-02-06 01:15:00,False,01:15:00,2024-02-06
6726,2024-02-06 01:30:00,False,01:30:00,2024-02-06
6727,2024-02-06 01:45:00,False,01:45:00,2024-02-06
6728,2024-02-06 02:00:00,False,02:00:00,2024-02-06
6729,2024-02-06 02:15:00,False,02:15:00,2024-02-06
6730,2024-02-06 02:30:00,False,02:30:00,2024-02-06
6731,2024-02-06 02:45:00,False,02:45:00,2024-02-06
6732,2024-02-06 03:00:00,False,03:00:00,2024-02-06
6733,2024-02-06 03:15:00,False,03:15:00,2024-02-06
6734,2024-02-06 03:30:00,False,03:30:00,2024-02-06
6735,2024-02-06 03:45:00,False,03:45:00,2024-02-06
6736,2024-02-06 04:00:00,False,04:00:00,2024-02-06
6737,2024-02-06 04:15:00,False,04:15:00,2024-02-06
6738,2024-02-06 04:30:00,False,04:30:00,2024-02-06
6739,2024-02-06 04:45:00,False,04:45:00,2024-02-06
6740,2024-02-06 05:00:00,False,05:00:00,2024-02-06
6741,2024-02-06 05:15:00,False,05:15:00,2024-02-06
6742,2024-02-06 05:30:00,False,05:30:00,2024-02-06
6743,2024-02-06 05:45:00,False,05:45:00,2024-02-06
6744,2024-02-06 06:00:00,False,06:00:00,2024-02-06
6745,2024-02-06 06:15:00,False,06:15:00,2024-02-06
6746,2024-02-06 06:30:00,False,06:30:00,2024-02-06
6747,2024-02-06 06:45:00,False,06:45:00,2024-02-06
6748,2024-02-06 07:00:00,False,07:00:00,2024-02-06
6749,2024-02-06 07:15:00,False,07:15:00,2024-02-06
6750,2024-02-06 07:30:00,False,07:30:00,2024-02-06
6751,2024-02-06 07:45:00,False,07:45:00,2024-02-06
6752,2024-02-06 08:00:00,False,08:00:00,2024-02-06
6753,2024-02-06 08:15:00,False,08:15:00,2024-02-06
6754,2024-02-06 08:30:00,False,08:30:00,2024-02-06
6755,2024-02-06 08:45:00,False,08:45:00,2024-02-06
6756,2024-02-06 09:00:00,False,09:00:00,2024-02-06
6757,2024-02-06 09:15:00,False,09:15:00,2024-02-06
6758,2024-02-06 09:30:00,False,09:30:00,2024-02-06
6759,2024-02-06 09:45:00,False,09:45:00,2024-02-06
6760,2024-02-06 10:00:00,False,10:00:00,2024-02-06
6761,2024-02-06 10:15:00,False,10:15:00,2024-02-06
6762,2024-02-06 10:30:00,False,10:30:00,2024-02-06
6763,2024-02-06 10:45:00,False,10:45:00,2024-02-06
6764,2024-02-06 11:00:00,False,11:00:00,2024-02-06
6765,2024-02-06 11:15:00,False,11:15:00,2024-02-06
6766,2024-02-06 11:30:00,False,11:30:00,2024-02-06
6767,2024-02-06 11:45:00,False,11:45:00,2024-02-06
6768,2024-02-06 12:00:00,False,12:00:00,2024-02-06
6769,2024-02-06 12:15:00,False,12:15:00,2024-02-06
6770,2024-02-06 12:30:00,False,12:30:00,2024-02-06
6771,2024-02-06 12:45:00,False,12:45:00,2024-02-06
6772,2024-02-06 13:00:00,False,13:00:00,2024-02-06
6773,2024-02-06 13:15:00,False,13:15:00,2024-02-06
6774,2024-02-06 13:30:00,False,13:30:00,2024-02-06
6775,2024-02-06 13:45:00,False,13:45:00,2024-02-06
6776,2024-02-06 14:00:00,False,14:00:00,2024-02-06
6777,2024-02-06 14:15:00,False,14:15:00,2024-02-06
6778,2024-02-06 14:30:00,False,14:30:00,2024-02-06
6779,2024-02-06 14:45:00,False,14:45:00,2024-02-06
6780,2024-02-06 15:00:00,False,15:00:00,2024-02-06
6781,2024-02-06 15:15:00,False,15:15:00,2024-02-06
6782,2024-02-06 15:30:00,False,15:30:00,2024-02-06
6783,2024-02-06 15:45:00,False,15:45:00,2024-02-06
6784,2024-02-06 16:00:00,False,16:00:00,2024-02-06
6785,2024-02-06 16:15:00,False,16:15:00,2024-02-06
6786,2024-02-06 16:30:00,False,16:30:00,2024-02-06
6787,2024-02-06 16:45:00,False,16:45:00,2024-02-06
6788,2024-02-06 17:00:00,False,17:00:00,2024-02-06
6789,2024-02-06 17:15:00,False,17:15:00,2024-02-06
6790,2024-02-06 17:30:00,False,17:30:00,2024-02-06
6791,2024-02-06 17:45:00,False,17:45:00,2024-02-06
6792,2024-02-06 18:00:00,False,18:00:00,2024-02-06
6793,2024-02-06 18:15:00,False,18:15:00,2024-02-06
6794,2024-02-06 18:30:00,False,18:30:00,2024-02-06
6795,2024-02-06 18:45:00,False,18:45:00,2024-02-06
6796,2024-02-06 19:00:00,False,19:00:00,2024-02-06
6797,2024-02-06 19:15:00,False,19:15:00,2024-02-06
6798,2024-02-06 19:30:00,False,19:30:00,2024-02-06
6799,2024-02-06 19:45:00,False,19:45:00,2024-02-06
6800,2024-02-06 20:00:00,False,20:00:00,2024-02-06
6801,2024-02-06 20:15:00,False,20:15:00,2024-02-06
6802,2024-02-06 20:30:00,False,20:30:00,2024-02-06
6803,2024-02-06 20:45:00,False,20:45:00,2024-02-06
6804,2024-02-06 21:00:00,False,21:00:00,2024-02-06
6805,2024-02-06 21:15:00,False,21:15:00,2024-02-06
6806,2024-02-06 21:30:00,False,21:30:00,2024-02-06
6807,2024-02-06 21:45:00,False,21:45:00,2024-02-06
6808,2024-02-06 22:00:00,False,22:00:00,2024-02-06
6809,2024-02-06 22:15:00,False,22:15:00,2024-02-06
6810,2024-02-06 22:30:00,False,22:30:00,2024-02-06
6811,2024-02-06 22:45:00,False,22:45:00,2024-02-06
6812,2024-02-06 23:00:00,False,23:00:00,2024-02-06
6813,2024-02-06 23:15:00,False,23:15:00,2024-02-06
6814,2024-02-06 23:30:00,False,23:30:00,2024-02-06
6815,2024-02-06 23:45:00,False,23:45:00,2024-02-06
6816,2024-02-07 00:00:00,False,00:00:00,2024-02-07
6817,2024-02-07 00:15:00,False,00:15:00,2024-02-07
6818,2024-02-07 00:30:00,False,00:30:00,2024-02-07
6819,2024-02-07 00:45:00,False,00:45:00,2024-02-07
6820,2024-02-07 01:00:00,False,01:00:00,2024-02-07
6821,2024-02-07 01:15:00,False,01:15:00,2024-02-07
6822,2024-02-07 01:30:00,False,01:30:00,2024-02-07
6823,2024-02-07 01:45:00,False,01:45:00,2024-02-07
6824,2024-02-07 02:00:00,False,02:00:00,2024-02-07
6825,2024-02-07 02:15:00,False,02:15:00,2024-02-07
6826,2024-02-07 02:30:00,False,02:30:00,2024-02-07
6827,2024-02-07 02:45:00,False,02:45:00,2024-02-07
6828,2024-02-07 03:00:00,False,03:00:00,2024-02-07
6829,2024-02-07 03:15:00,False,03:15:00,2024-02-07
6830,2024-02-07 03:30:00,False,03:30:00,2024-02-07
6831,2024-02-07 03:45:00,False,03:45:00,2024-02-07
6832,2024-02-07 04:00:00,False,04:00:00,2024-02-07
6833,2024-02-07 04:15:00,False,04:15:00,2024-02-07
6834,2024-02-07 04:30:00,False,04:30:00,2024-02-07
6835,2024-02-07 04:45:00,False,04:45:00,2024-02-07
6836,2024-02-07 05:00:00,False,05:00:00,2024-02-07
6837,2024-02-07 05:15:00,False,05:15:00,2024-02-07
6838,2024-02-07 05:30:00,False,05:30:00,2024-02-07
6839,2024-02-07 05:45:00,False,05:45:00,2024-02-07
6840,2024-02-07 06:00:00,False,06:00:00,2024-02-07
6841,2024-02-07 06:15:00,False,06:15:00,2024-02-07
6842,2024-02-07 06:30:00,False,06:30:00,2024-02-07
6843,2024-02-07 06:45:00,False,06:45:00,2024-02-07
6844,2024-02-07 07:00:00,False,07:00:00,2024-02-07
6845,2024-02-07 07:15:00,False,07:15:00,2024-02-07
6846,2024-02-07 07:30:00,False,07:30:00,2024-02-07
6847,2024-02-07 07:45:00,False,07:45:00,2024-02-07
6848,2024-02-07 08:00:00,False,08:00:00,2024-02-07
6849,2024-02-07 08:15:00,False,08:15:00,2024-02-07
6850,2024-02-07 08:30:00,False,08:30:00,2024-02-07
6851,2024-02-07 08:45:00,False,08:45:00,2024-02-07
6852,2024-02-07 09:00:00,False,09:00:00,2024-02-07
6853,2024-02-07 09:15:00,False,09:15:00,2024-02-07
6854,2024-02-07 09:30:00,False,09:30:00,2024-02-07
6855,2024-02-07 09:45:00,False,09:45:00,2024-02-07
6856,2024-02-07 10:00:00,False,10:00:00,2024-02-07
6857,2024-02-07 10:15:00,False,10:15:00,2024-02-07
6858,2024-02-07 10:30:00,False,10:30:00,2024-02-07
6859,2024-02-07 10:45:00,False,10:45:00,2024-02-07
6860,2024-02-07 11:00:00,False,11:00:00,2024-02-07
6861,2024-02-07 11:15:00,False,11:15:00,2024-02-07
6862,2024-02-07 11:30:00,False,11:30:00,2024-02-07
6863,2024-02-07 11:45:00,False,11:45:00,2024-02-07
6864,2024-02-07 12:00:00,False,12:00:00,2024-02-07
6865,2024-02-07 12:15:00,False,12:15:00,2024-02-07
6866,2024-02-07 12:30:00,False,12:30:00,2024-02-07
6867,2024-02-07 12:45:00,False,12:45:00,2024-02-07
6868,2024-02-07 13:00:00,False,13:00:00,2024-02-07
6869,2024-02-07 13:15:00,False,13:15:00,2024-02-07
6870,2024-02-07 13:30:00,False,13:30:00,2024-02-07
6871,2024-02-07 13:45:00,False,13:45:00,2024-02-07
6872,2024-02-07 14:00:00,False,14:00:00,2024-02-07
6873,2024-02-07 14:15:00,False,14:15:00,2024-02-07
6874,2024-02-07 14:30:00,False,14:30:00,2024-02-07
6875,2024-02-07 14:45:00,False,14:45:00,2024-02-07
6876,2024-02-07 15:00:00,False,15:00:00,2024-02-07
6877,2024-02-07 15:15:00,False,15:15:00,2024-02-07
6878,2024-02-07 15:30:00,False,15:30:00,2024-02-07
6879,2024-02-07 15:45:00,False,15:45:00,2024-02-07
6880,2024-02-07 16:00:00,False,16:00:00,2024-02-07
6881,2024-02-07 16:15:00,False,16:15:00,2024-02-07
6882,2024-02-07 16:30:00,False,16:30:00,2024-02-07
6883,2024-02-07 16:45:00,False,16:45:00,2024-02-07
6884,2024-02-07 17:00:00,False,17:00:00,2024-02-07
6885,2024-02-07 17:15:00,False,17:15:00,2024-02-07
6886,2024-02-07 17:30:00,False,17:30:00,2024-02-07
6887,2024-02-07 17:45:00,False,17:45:00,2024-02-07
6888,2024-02-07 18:00:00,False,18:00:00,2024-02-07
6889,2024-02-07 18:15:00,False,18:15:00,2024-02-07
6890,2024-02-07 18:30:00,False,18:30:00,2024-02-07
6891,2024-02-07 18:45:00,False,18:45:00,2024-02-07
6892,2024-02-07 19:00:00,False,19:00:00,2024-02-07
6893,2024-02-07 19:15:00,False,19:15:00,2024-02-07
6894,2024-02-07 19:30:00,False,19:30:00,2024-02-07
6895,2024-02-07 19:45:00,False,19:45:00,2024-02-07
6896,2024-02-07 20:00:00,False,20:00:00,2024-02-07
6897,2024-02-07 20:15:00,False,20:15:00,2024-02-07
6898,2024-02-07 20:30:00,False,20:30:00,2024-02-07
6899,2024-02-07 20:45:00,False,20:45:00,2024-02-07
6900,2024-02-07 21:00:00,False,21:00:00,2024-02-07
6901,2024-02-07 21:15:00,False,21:15:00,2024-02-07
6902,2024-02-07 21:30:00,False,21:30:00,2024-02-07
6903,2024-02-07 21:45:00,False,21:45:00,2024-02-07
6904,2024-02-07 22:00:00,False,22:00:00,2024-02-07
6905,2024-02-07 22:15:00,False,22:15:00,2024-02-07
6906,2024-02-07 22:30:00,False,22:30:00,2024-02-07
6907,2024-02-07 22:45:00,False,22:45:00,2024-02-07
6908,2024-02-07 23:00:00,False,23:00:00,2024-02-07
6909,2024-02-07 23:15:00,False,23:15:00,2024-02-07
6910,2024-02-07 23:30:00,False,23:30:00,2024-02-07
6911,2024-02-07 23:45:00,False,23:45:00,2024-02-07
6912,2024-02-08 00:00:00,False,00:00:00,2024-02-08
6913,2024-02-08 00:15:00,False,00:15:00,2024-02-08
6914,2024-02-08 00:30:00,False,00:30:00,2024-02-08
6915,2024-02-08 00:45:00,False,00:45:00,2024-02-08
6916,2024-02-08 01:00:00,False,01:00:00,2024-02-08
6917,2024-02-08 01:15:00,False,01:15:00,2024-02-08
6918,2024-02-08 01:30:00,False,01:30:00,2024-02-08
6919,2024-02-08 01:45:00,False,01:45:00,2024-02-08
6920,2024-02-08 02:00:00,False,02:00:00,2024-02-08
6921,2024-02-08 02:15:00,False,02:15:00,2024-02-08
6922,2024-02-08 02:30:00,False,02:30:00,2024-02-08
6923,2024-02-08 02:45:00,False,02:45:00,2024-02-08
6924,2024-02-08 03:00:00,False,03:00:00,2024-02-08
6925,2024-02-08 03:15:00,False,03:15:00,2024-02-08
6926,2024-02-08 03:30:00,False,03:30:00,2024-02-08
6927,2024-02-08 03:45:00,False,03:45:00,2024-02-08
6928,2024-02-08 04:00:00,False,04:00:00,2024-02-08
6929,2024-02-08 04:15:00,False,04:15:00,2024-02-08
6930,2024-02-08 04:30:00,False,04:30:00,2024-02-08
6931,2024-02-08 04:45:00,False,04:45:00,2024-02-08
6932,2024-02-08 05:00:00,False,05:00:00,2024-02-08
6933,2024-02-08 05:15:00,False,05:15:00,2024-02-08
6934,2024-02-08 05:30:00,False,05:30:00,2024-02-08
6935,2024-02-08 05:45:00,False,05:45:00,2024-02-08
6936,2024-02-08 06:00:00,False,06:00:00,2024-02-08
6937,2024-02-08 06:15:00,False,06:15:00,2024-02-08
6938,2024-02-08 06:30:00,False,06:30:00,2024-02-08
6939,2024-02-08 06:45:00,False,06:45:00,2024-02-08
6940,2024-02-08 07:00:00,False,07:00:00,2024-02-08
6941,2024-02-08 07:15:00,False,07:15:00,2024-02-08
6942,2024-02-08 07:30:00,False,07:30:00,2024-02-08
6943,2024-02-08 07:45:00,False,07:45:00,2024-02-08
6944,2024-02-08 08:00:00,False,08:00:00,2024-02-08
6945,2024-02-08 08:15:00,False,08:15:00,2024-02-08
6946,2024-02-08 08:30:00,False,08:30:00,2024-02-08
6947,2024-02-08 08:45:00,False,08:45:00,2024-02-08
6948,2024-02-08 09:00:00,False,09:00:00,2024-02-08
6949,2024-02-08 09:15:00,False,09:15:00,2024-02-08
6950,2024-02-08 09:30:00,False,09:30:00,2024-02-08
6951,2024-02-08 09:45:00,False,09:45:00,2024-02-08
6952,2024-02-08 10:00:00,False,10:00:00,2024-02-08
6953,2024-02-08 10:15:00,False,10:15:00,2024-02-08
6954,2024-02-08 10:30:00,False,10:30:00,2024-02-08
6955,2024-02-08 10:45:00,False,10:45:00,2024-02-08
6956,2024-02-08 11:00:00,False,11:00:00,2024-02-08
6957,2024-02-08 11:15:00,False,11:15:00,2024-02-08
6958,2024-02-08 11:30:00,False,11:30:00,2024-02-08
6959,2024-02-08 11:45:00,False,11:45:00,2024-02-08
6960,2024-02-08 12:00:00,False,12:00:00,2024-02-08
6961,2024-02-08 12:15:00,False,12:15:00,2024-02-08
6962,2024-02-08 12:30:00,False,12:30:00,2024-02-08
6963,2024-02-08 12:45:00,False,12:45:00,2024-02-08
6964,2024-02-08 13:00:00,False,13:00:00,2024-02-08
6965,2024-02-08 13:15:00,False,13:15:00,2024-02-08
6966,2024-02-08 13:30:00,False,13:30:00,2024-02-08
6967,2024-02-08 13:45:00,False,13:45:00,2024-02-08
6968,2024-02-08 14:00:00,False,14:00:00,2024-02-08
6969,2024-02-08 14:15:00,False,14:15:00,2024-02-08
6970,2024-02-08 14:30:00,False,14:30:00,2024-02-08
6971,2024-02-08 14:45:00,False,14:45:00,2024-02-08
6972,2024-02-08 15:00:00,False,15:00:00,2024-02-08
6973,2024-02-08 15:15:00,False,15:15:00,2024-02-08
6974,2024-02-08 15:30:00,False,15:30:00,2024-02-08
6975,2024-02-08 15:45:00,False,15:45:00,2024-02-08
6976,2024-02-08 16:00:00,False,16:00:00,2024-02-08
6977,2024-02-08 16:15:00,False,16:15:00,2024-02-08
6978,2024-02-08 16:30:00,False,16:30:00,2024-02-08
6979,2024-02-08 16:45:00,False,16:45:00,2024-02-08
6980,2024-02-08 17:00:00,False,17:00:00,2024-02-08
6981,2024-02-08 17:15:00,False,17:15:00,2024-02-08
6982,2024-02-08 17:30:00,False,17:30:00,2024-02-08
6983,2024-02-08 17:45:00,False,17:45:00,2024-02-08
6984,2024-02-08 18:00:00,False,18:00:00,2024-02-08
6985,2024-02-08 18:15:00,False,18:15:00,2024-02-08
6986,2024-02-08 18:30:00,False,18:30:00,2024-02-08
6987,2024-02-08 18:45:00,False,18:45:00,2024-02-08
6988,2024-02-08 19:00:00,False,19:00:00,2024-02-08
6989,2024-02-08 19:15:00,False,19:15:00,2024-02-08
6990,2024-02-08 19:30:00,False,19:30:00,2024-02-08
6991,2024-02-08 19:45:00,False,19:45:00,2024-02-08
6992,2024-02-08 20:00:00,False,20:00:00,2024-02-08
6993,2024-02-08 20:15:00,False,20:15:00,2024-02-08
6994,2024-02-08 20:30:00,False,20:30:00,2024-02-08
6995,2024-02-08 20:45:00,False,20:45:00,2024-02-08
6996,2024-02-08 21:00:00,True,21:00:00,2024-02-08
6997,2024-02-08 21:15:00,True,21:15:00,2024-02-08
6998,2024-02-08 21:30:00,True,21:30:00,2024-02-08
6999,2024-02-08 21:45:00,True,21:45:00,2024-02-08
7000,2024-02-08 22:00:00,False,22:00:00,2024-02-08
7001,2024-02-08 22:15:00,False,22:15:00,2024-02-08
7002,2024-02-08 22:30:00,False,22:30:00,2024-02-08
7003,2024-02-08 22:45:00,False,22:45:00,2024-02-08
7004,2024-02-08 23:00:00,False,23:00:00,2024-02-08
7005,2024-02-08 23:15:00,False,23:15:00,2024-02-08
7006,2024-02-08 23:30:00,False,23:30:00,2024-02-08
7007,2024-02-08 23:45:00,False,23:45:00,2024-02-08
7008,2024-02-09 00:00:00,False,00:00:00,2024-02-09
7009,2024-02-09 00:15:00,False,00:15:00,2024-02-09
7010,2024-02-09 00:30:00,False,00:30:00,2024-02-09
7011,2024-02-09 00:45:00,False,00:45:00,2024-02-09
7012,2024-02-09 01:00:00,False,01:00:00,2024-02-09
7013,2024-02-09 01:15:00,False,01:15:00,2024-02-09
7014,2024-02-09 01:30:00,False,01:30:00,2024-02-09
7015,2024-02-09 01:45:00,False,01:45:00,2024-02-09
7016,2024-02-09 02:00:00,False,02:00:00,2024-02-09
7017,2024-02-09 02:15:00,False,02:15:00,2024-02-09
7018,2024-02-09 02:30:00,False,02:30:00,2024-02-09
7019,2024-02-09 02:45:00,False,02:45:00,2024-02-09
7020,2024-02-09 03:00:00,False,03:00:00,2024-02-09
7021,2024-02-09 03:15:00,False,03:15:00,2024-02-09
7022,2024-02-09 03:30:00,False,03:30:00,2024-02-09
7023,2024-02-09 03:45:00,False,03:45:00,2024-02-09
7024,2024-02-09 04:00:00,False,04:00:00,2024-02-09
7025,2024-02-09 04:15:00,False,04:15:00,2024-02-09
7026,2024-02-09 04:30:00,False,04:30:00,2024-02-09
7027,2024-02-09 04:45:00,False,04:45:00,2024-02-09
7028,2024-02-09 05:00:00,False,05:00:00,2024-02-09
7029,2024-02-09 05:15:00,False,05:15:00,2024-02-09
7030,2024-02-09 05:30:00,False,05:30:00,2024-02-09
7031,2024-02-09 05:45:00,False,05:45:00,2024-02-09
7032,2024-02-09 06:00:00,False,06:00:00,2024-02-09
7033,2024-02-09 06:15:00,False,06:15:00,2024-02-09
7034,2024-02-09 06:30:00,False,06:30:00,2024-02-09
7035,2024-02-09 06:45:00,False,06:45:00,2024-02-09
7036,2024-02-09 07:00:00,False,07:00:00,2024-02-09
7037,2024-02-09 07:15:00,False,07:15:00,2024-02-09
7038,2024-02-09 07:30:00,False,07:30:00,2024-02-09
7039,2024-02-09 07:45:00,False,07:45:00,2024-02-09
7040,2024-02-09 08:00:00,False,08:00:00,2024-02-09
7041,2024-02-09 08:15:00,False,08:15:00,2024-02-09
7042,2024-02-09 08:30:00,False,08:30:00,2024-02-09
7043,2024-02-09 08:45:00,False,08:45:00,2024-02-09
7044,2024-02-09 09:00:00,False,09:00:00,2024-02-09
7045,2024-02-09 09:15:00,False,09:15:00,2024-02-09
7046,2024-02-09 09:30:00,False,09:30:00,2024-02-09
7047,2024-02-09 09:45:00,False,09:45:00,2024-02-09
7048,2024-02-09 10:00:00,False,10:00:00,2024-02-09
7049,2024-02-09 10:15:00,False,10:15:00,2024-02-09
7050,2024-02-09 10:30:00,False,10:30:00,2024-02-09
7051,2024-02-09 10:45:00,False,10:45:00,2024-02-09
7052,2024-02-09 11:00:00,False,11:00:00,2024-02-09
7053,2024-02-09 11:15:00,False,11:15:00,2024-02-09
7054,2024-02-09 11:30:00,False,11:30:00,2024-02-09
7055,2024-02-09 11:45:00,False,11:45:00,2024-02-09
7056,2024-02-09 12:00:00,False,12:00:00,2024-02-09
7057,2024-02-09 12:15:00,False,12:15:00,2024-02-09
7058,2024-02-09 12:30:00,False,12:30:00,2024-02-09
7059,2024-02-09 12:45:00,False,12:45:00,2024-02-09
7060,2024-02-09 13:00:00,False,13:00:00,2024-02-09
7061,2024-02-09 13:15:00,False,13:15:00,2024-02-09
7062,2024-02-09 13:30:00,False,13:30:00,2024-02-09
7063,2024-02-09 13:45:00,False,13:45:00,2024-02-09
7064,2024-02-09 14:00:00,False,14:00:00,2024-02-09
7065,2024-02-09 14:15:00,False,14:15:00,2024-02-09
7066,2024-02-09 14:30:00,False,14:30:00,2024-02-09
7067,2024-02-09 14:45:00,False,14:45:00,2024-02-09
7068,2024-02-09 15:00:00,False,15:00:00,2024-02-09
7069,2024-02-09 15:15:00,False,15:15:00,2024-02-09
7070,2024-02-09 15:30:00,False,15:30:00,2024-02-09
7071,2024-02-09 15:45:00,False,15:45:00,2024-02-09
7072,2024-02-09 16:00:00,False,16:00:00,2024-02-09
7073,2024-02-09 16:15:00,False,16:15:00,2024-02-09
7074,2024-02-09 16:30:00,False,16:30:00,2024-02-09
7075,2024-02-09 16:45:00,False,16:45:00,2024-02-09
7076,2024-02-09 17:00:00,False,17:00:00,2024-02-09
7077,2024-02-09 17:15:00,False,17:15:00,2024-02-09
7078,2024-02-09 17:30:00,False,17:30:00,2024-02-09
7079,2024-02-09 17:45:00,False,17:45:00,2024-02-09
7080,2024-02-09 18:00:00,False,18:00:00,2024-02-09
7081,2024-02-09 18:15:00,False,18:15:00,2024-02-09
7082,2024-02-09 18:30:00,False,18:30:00,2024-02-09
7083,2024-02-09 18:45:00,False,18:45:00,2024-02-09
7084,2024-02-09 19:00:00,False,19:00:00,2024-02-09
7085,2024-02-09 19:15:00,False,19:15:00,2024-02-09
7086,2024-02-09 19:30:00,False,19:30:00,2024-02-09
7087,2024-02-09 19:45:00,False,19:45:00,2024-02-09
7088,2024-02-09 20:00:00,False,20:00:00,2024-02-09
7089,2024-02-09 20:15:00,False,20:15:00,2024-02-09
7090,2024-02-09 20:30:00,False,20:30:00,2024-02-09
7091,2024-02-09 20:45:00,False,20:45:00,2024-02-09
7092,2024-02-09 21:00:00,False,21:00:00,2024-02-09
7093,2024-02-09 21:15:00,False,21:15:00,2024-02-09
7094,2024-02-09 21:30:00,False,21:30:00,2024-02-09
7095,2024-02-09 21:45:00,False,21:45:00,2024-02-09
7096,2024-02-09 22:00:00,False,22:00:00,2024-02-09
7097,2024-02-09 22:15:00,False,22:15:00,2024-02-09
7098,2024-02-09 22:30:00,False,22:30:00,2024-02-09
7099,2024-02-09 22:45:00,False,22:45:00,2024-02-09
7100,2024-02-09 23:00:00,False,23:00:00,2024-02-09
7101,2024-02-09 23:15:00,False,23:15:00,2024-02-09
7102,2024-02-09 23:30:00,False,23:30:00,2024-02-09
7103,2024-02-09 23:45:00,False,23:45:00,2024-02-09
7104,2024-02-10 00:00:00,False,00:00:00,2024-02-10
7105,2024-02-10 00:15:00,False,00:15:00,2024-02-10
7106,2024-02-10 00:30:00,False,00:30:00,2024-02-10
7107,2024-02-10 00:45:00,False,00:45:00,2024-02-10
7108,2024-02-10 01:00:00,False,01:00:00,2024-02-10
7109,2024-02-10 01:15:00,False,01:15:00,2024-02-10
7110,2024-02-10 01:30:00,False,01:30:00,2024-02-10
7111,2024-02-10 01:45:00,False,01:45:00,2024-02-10
7112,2024-02-10 02:00:00,False,02:00:00,2024-02-10
7113,2024-02-10 02:15:00,False,02:15:00,2024-02-10
7114,2024-02-10 02:30:00,False,02:30:00,2024-02-10
7115,2024-02-10 02:45:00,False,02:45:00,2024-02-10
7116,2024-02-10 03:00:00,False,03:00:00,2024-02-10
7117,2024-02-10 03:15:00,False,03:15:00,2024-02-10
7118,2024-02-10 03:30:00,False,03:30:00,2024-02-10
7119,2024-02-10 03:45:00,False,03:45:00,2024-02-10
7120,2024-02-10 04:00:00,False,04:00:00,2024-02-10
7121,2024-02-10 04:15:00,False,04:15:00,2024-02-10
7122,2024-02-10 04:30:00,False,04:30:00,2024-02-10
7123,2024-02-10 04:45:00,False,04:45:00,2024-02-10
7124,2024-02-10 05:00:00,False,05:00:00,2024-02-10
7125,2024-02-10 05:15:00,False,05:15:00,2024-02-10
7126,2024-02-10 05:30:00,False,05:30:00,2024-02-10
7127,2024-02-10 05:45:00,False,05:45:00,2024-02-10
7128,2024-02-10 06:00:00,False,06:00:00,2024-02-10
7129,2024-02-10 06:15:00,False,06:15:00,2024-02-10
7130,2024-02-10 06:30:00,False,06:30:00,2024-02-10
7131,2024-02-10 06:45:00,False,06:45:00,2024-02-10
7132,2024-02-10 07:00:00,False,07:00:00,2024-02-10
7133,2024-02-10 07:15:00,False,07:15:00,2024-02-10
7134,2024-02-10 07:30:00,False,07:30:00,2024-02-10
7135,2024-02-10 07:45:00,False,07:45:00,2024-02-10
7136,2024-02-10 08:00:00,False,08:00:00,2024-02-10
7137,2024-02-10 08:15:00,False,08:15:00,2024-02-10
7138,2024-02-10 08:30:00,False,08:30:00,2024-02-10
7139,2024-02-10 08:45:00,False,08:45:00,2024-02-10
7140,2024-02-10 09:00:00,False,09:00:00,2024-02-10
7141,2024-02-10 09:15:00,False,09:15:00,2024-02-10
7142,2024-02-10 09:30:00,False,09:30:00,2024-02-10
7143,2024-02-10 09:45:00,False,09:45:00,2024-02-10
7144,2024-02-10 10:00:00,False,10:00:00,2024-02-10
7145,2024-02-10 10:15:00,False,10:15:00,2024-02-10
7146,2024-02-10 10:30:00,False,10:30:00,2024-02-10
7147,2024-02-10 10:45:00,False,10:45:00,2024-02-10
7148,2024-02-10 11:00:00,False,11:00:00,2024-02-10
7149,2024-02-10 11:15:00,False,11:15:00,2024-02-10
7150,2024-02-10 11:30:00,False,11:30:00,2024-02-10
7151,2024-02-10 11:45:00,False,11:45:00,2024-02-10
7152,2024-02-10 12:00:00,False,12:00:00,2024-02-10
7153,2024-02-10 12:15:00,False,12:15:00,2024-02-10
7154,2024-02-10 12:30:00,False,12:30:00,2024-02-10
7155,2024-02-10 12:45:00,False,12:45:00,2024-02-10
7156,2024-02-10 13:00:00,False,13:00:00,2024-02-10
7157,2024-02-10 13:15:00,False,13:15:00,2024-02-10
7158,2024-02-10 13:30:00,False,13:30:00,2024-02-10
7159,2024-02-10 13:45:00,False,13:45:00,2024-02-10
7160,2024-02-10 14:00:00,False,14:00:00,2024-02-10
7161,2024-02-10 14:15:00,False,14:15:00,2024-02-10
7162,2024-02-10 14:30:00,False,14:30:00,2024-02-10
7163,2024-02-10 14:45:00,False,14:45:00,2024-02-10
7164,2024-02-10 15:00:00,False,15:00:00,2024-02-10
7165,2024-02-10 15:15:00,False,15:15:00,2024-02-10
7166,2024-02-10 15:30:00,False,15:30:00,2024-02-10
7167,2024-02-10 15:45:00,False,15:45:00,2024-02-10
7168,2024-02-10 16:00:00,False,16:00:00,2024-02-10
7169,2024-02-10 16:15:00,False,16:15:00,2024-02-10
7170,2024-02-10 16:30:00,False,16:30:00,2024-02-10
7171,2024-02-10 16:45:00,False,16:45:00,2024-02-10
7172,2024-02-10 17:00:00,False,17:00:00,2024-02-10
7173,2024-02-10 17:15:00,False,17:15:00,2024-02-10
7174,2024-02-10 17:30:00,False,17:30:00,2024-02-10
7175,2024-02-10 17:45:00,False,17:45:00,2024-02-10
7176,2024-02-10 18:00:00,False,18:00:00,2024-02-10
7177,2024-02-10 18:15:00,False,18:15:00,2024-02-10
7178,2024-02-10 18:30:00,False,18:30:00,2024-02-10
7179,2024-02-10 18:45:00,False,18:45:00,2024-02-10
7180,2024-02-10 19:00:00,False,19:00:00,2024-02-10
7181,2024-02-10 19:15:00,False,19:15:00,2024-02-10
7182,2024-02-10 19:30:00,False,19:30:00,2024-02-10
7183,2024-02-10 19:45:00,False,19:45:00,2024-02-10
7184,2024-02-10 20:00:00,False,20:00:00,2024-02-10
7185,2024-02-10 20:15:00,False,20:15:00,2024-02-10
7186,2024-02-10 20:30:00,False,20:30:00,2024-02-10
7187,2024-02-10 20:45:00,False,20:45:00,2024-02-10
7188,2024-02-10 21:00:00,False,21:00:00,2024-02-10
7189,2024-02-10 21:15:00,False,21:15:00,2024-02-10
7190,2024-02-10 21:30:00,False,21:30:00,2024-02-10
7191,2024-02-10 21:45:00,False,21:45:00,2024-02-10
7192,2024-02-10 22:00:00,False,22:00:00,2024-02-10
7193,2024-02-10 22:15:00,False,22:15:00,2024-02-10
7194,2024-02-10 22:30:00,True,22:30:00,2024-02-10
7195,2024-02-10 22:45:00,True,22:45:00,2024-02-10
7196,2024-02-10 23:00:00,True,23:00:00,2024-02-10
7197,2024-02-10 23:15:00,True,23:15:00,2024-02-10
7198,2024-02-10 23:30:00,False,23:30:00,2024-02-10
7199,2024-02-10 23:45:00,False,23:45:00,2024-02-10
7200,2024-02-11 00:00:00,False,00:00:00,2024-02-11
7201,2024-02-11 00:15:00,False,00:15:00,2024-02-11
7202,2024-02-11 00:30:00,False,00:30:00,2024-02-11
7203,2024-02-11 00:45:00,False,00:45:00,2024-02-11
7204,2024-02-11 01:00:00,False,01:00:00,2024-02-11
7205,2024-02-11 01:15:00,False,01:15:00,2024-02-11
7206,2024-02-11 01:30:00,False,01:30:00,2024-02-11
7207,2024-02-11 01:45:00,False,01:45:00,2024-02-11
7208,2024-02-11 02:00:00,False,02:00:00,2024-02-11
7209,2024-02-11 02:15:00,False,02:15:00,2024-02-11
7210,2024-02-11 02:30:00,False,02:30:00,2024-02-11
7211,2024-02-11 02:45:00,False,02:45:00,2024-02-11
7212,2024-02-11 03:00:00,False,03:00:00,2024-02-11
7213,2024-02-11 03:15:00,False,03:15:00,2024-02-11
7214,2024-02-11 03:30:00,False,03:30:00,2024-02-11
7215,2024-02-11 03:45:00,False,03:45:00,2024-02-11
7216,2024-02-11 04:00:00,False,04:00:00,2024-02-11
7217,2024-02-11 04:15:00,False,04:15:00,2024-02-11
7218,2024-02-11 04:30:00,False,04:30:00,2024-02-11
7219,2024-02-11 04:45:00,False,04:45:00,2024-02-11
7220,2024-02-11 05:00:00,False,05:00:00,2024-02-11
7221,2024-02-11 05:15:00,False,05:15:00,2024-02-11
7222,2024-02-11 05:30:00,False,05:30:00,2024-02-11
7223,2024-02-11 05:45:00,False,05:45:00,2024-02-11
7224,2024-02-11 06:00:00,False,06:00:00,2024-02-11
7225,2024-02-11 06:15:00,False,06:15:00,2024-02-11
7226,2024-02-11 06:30:00,False,06:30:00,2024-02-11
7227,2024-02-11 06:45:00,False,06:45:00,2024-02-11
7228,2024-02-11 07:00:00,False,07:00:00,2024-02-11
7229,2024-02-11 07:15:00,False,07:15:00,2024-02-11
7230,2024-02-11 07:30:00,False,07:30:00,2024-02-11
7231,2024-02-11 07:45:00,False,07:45:00,2024-02-11
7232,2024-02-11 08:00:00,False,08:00:00,2024-02-11
7233,2024-02-11 08:15:00,False,08:15:00,2024-02-11
7234,2024-02-11 08:30:00,False,08:30:00,2024-02-11
7235,2024-02-11 08:45:00,False,08:45:00,2024-02-11
7236,2024-02-11 09:00:00,False,09:00:00,2024-02-11
7237,2024-02-11 09:15:00,False,09:15:00,2024-02-11
7238,2024-02-11 09:30:00,False,09:30:00,2024-02-11
7239,2024-02-11 09:45:00,False,09:45:00,2024-02-11
7240,2024-02-11 10:00:00,False,10:00:00,2024-02-11
7241,2024-02-11 10:15:00,False,10:15:00,2024-02-11
7242,2024-02-11 10:30:00,False,10:30:00,2024-02-11
7243,2024-02-11 10:45:00,False,10:45:00,2024-02-11
7244,2024-02-11 11:00:00,True,11:00:00,2024-02-11
7245,2024-02-11 11:15:00,True,11:15:00,2024-02-11
7246,2024-02-11 11:30:00,False,11:30:00,2024-02-11
7247,2024-02-11 11:45:00,False,11:45:00,2024-02-11
7248,2024-02-11 12:00:00,False,12:00:00,2024-02-11
7249,2024-02-11 12:15:00,False,12:15:00,2024-02-11
7250,2024-02-11 12:30:00,False,12:30:00,2024-02-11
7251,2024-02-11 12:45:00,False,12:45:00,2024-02-11
7252,2024-02-11 13:00:00,False,13:00:00,2024-02-11
7253,2024-02-11 13:15:00,False,13:15:00,2024-02-11
7254,2024-02-11 13:30:00,False,13:30:00,2024-02-11
7255,2024-02-11 13:45:00,False,13:45:00,2024-02-11
7256,2024-02-11 14:00:00,False,14:00:00,2024-02-11
7257,2024-02-11 14:15:00,False,14:15:00,2024-02-11
7258,2024-02-11 14:30:00,False,14:30:00,2024-02-11
7259,2024-02-11 14:45:00,False,14:45:00,2024-02-11
7260,2024-02-11 15:00:00,False,15:00:00,2024-02-11
7261,2024-02-11 15:15:00,False,15:15:00,2024-02-11
7262,2024-02-11 15:30:00,False,15:30:00,2024-02-11
7263,2024-02-11 15:45:00,False,15:45:00,2024-02-11
7264,2024-02-11 16:00:00,False,16:00:00,2024-02-11
7265,2024-02-11 16:15:00,False,16:15:00,2024-02-11
7266,2024-02-11 16:30:00,False,16:30:00,2024-02-11
7267,2024-02-11 16:45:00,False,16:45:00,2024-02-11
7268,2024-02-11 17:00:00,False,17:00:00,2024-02-11
7269,2024-02-11 17:15:00,False,17:15:00,2024-02-11
7270,2024-02-11 17:30:00,False,17:30:00,2024-02-11
7271,2024-02-11 17:45:00,False,17:45:00,2024-02-11
7272,2024-02-11 18:00:00,False,18:00:00,2024-02-11
7273,2024-02-11 18:15:00,False,18:15:00,2024-02-11
7274,2024-02-11 18:30:00,False,18:30:00,2024-02-11
7275,2024-02-11 18:45:00,False,18:45:00,2024-02-11
7276,2024-02-11 19:00:00,False,19:00:00,2024-02-11
7277,2024-02-11 19:15:00,False,19:15:00,2024-02-11
7278,2024-02-11 19:30:00,False,19:30:00,2024-02-11
7279,2024-02-11 19:45:00,False,19:45:00,2024-02-11
7280,2024-02-11 20:00:00,False,20:00:00,2024-02-11
7281,2024-02-11 20:15:00,False,20:15:00,2024-02-11
7282,2024-02-11 20:30:00,False,20:30:00,2024-02-11
7283,2024-02-11 20:45:00,False,20:45:00,2024-02-11
7284,2024-02-11 21:00:00,False,21:00:00,2024-02-11
7285,2024-02-11 21:15:00,False,21:15:00,2024-02-11
7286,2024-02-11 21:30:00,False,21:30:00,2024-02-11
7287,2024-02-11 21:45:00,False,21:45:00,2024-02-11
7288,2024-02-11 22:00:00,False,22:00:00,2024-02-11
7289,2024-02-11 22:15:00,False,22:15:00,2024-02-11
7290,2024-02-11 22:30:00,False,22:30:00,2024-02-11
7291,2024-02-11 22:45:00,False,22:45:00,2024-02-11
7292,2024-02-11 23:00:00,False,23:00:00,2024-02-11
7293,2024-02-11 23:15:00,False,23:15:00,2024-02-11
7294,2024-02-11 23:30:00,False,23:30:00,2024-02-11
7295,2024-02-11 23:45:00,False,23:45:00,2024-02-11
7296,2024-02-12 00:00:00,False,00:00:00,2024-02-12
7297,2024-02-12 00:15:00,False,00:15:00,2024-02-12
7298,2024-02-12 00:30:00,False,00:30:00,2024-02-12
7299,2024-02-12 00:45:00,False,00:45:00,2024-02-12
7300,2024-02-12 01:00:00,False,01:00:00,2024-02-12
7301,2024-02-12 01:15:00,False,01:15:00,2024-02-12
7302,2024-02-12 01:30:00,False,01:30:00,2024-02-12
7303,2024-02-12 01:45:00,False,01:45:00,2024-02-12
7304,2024-02-12 02:00:00,False,02:00:00,2024-02-12
7305,2024-02-12 02:15:00,False,02:15:00,2024-02-12
7306,2024-02-12 02:30:00,False,02:30:00,2024-02-12
7307,2024-02-12 02:45:00,False,02:45:00,2024-02-12
7308,2024-02-12 03:00:00,False,03:00:00,2024-02-12
7309,2024-02-12 03:15:00,False,03:15:00,2024-02-12
7310,2024-02-12 03:30:00,False,03:30:00,2024-02-12
7311,2024-02-12 03:45:00,False,03:45:00,2024-02-12
7312,2024-02-12 04:00:00,False,04:00:00,2024-02-12
7313,2024-02-12 04:15:00,False,04:15:00,2024-02-12
7314,2024-02-12 04:30:00,False,04:30:00,2024-02-12
7315,2024-02-12 04:45:00,False,04:45:00,2024-02-12
7316,2024-02-12 05:00:00,False,05:00:00,2024-02-12
7317,2024-02-12 05:15:00,False,05:15:00,2024-02-12
7318,2024-02-12 05:30:00,False,05:30:00,2024-02-12
7319,2024-02-12 05:45:00,False,05:45:00,2024-02-12
7320,2024-02-12 06:00:00,False,06:00:00,2024-02-12
7321,2024-02-12 06:15:00,False,06:15:00,2024-02-12
7322,2024-02-12 06:30:00,False,06:30:00,2024-02-12
7323,2024-02-12 06:45:00,False,06:45:00,2024-02-12
7324,2024-02-12 07:00:00,False,07:00:00,2024-02-12
7325,2024-02-12 07:15:00,False,07:15:00,2024-02-12
7326,2024-02-12 07:30:00,False,07:30:00,2024-02-12
7327,2024-02-12 07:45:00,False,07:45:00,2024-02-12
7328,2024-02-12 08:00:00,False,08:00:00,2024-02-12
7329,2024-02-12 08:15:00,False,08:15:00,2024-02-12
7330,2024-02-12 08:30:00,False,08:30:00,2024-02-12
7331,2024-02-12 08:45:00,False,08:45:00,2024-02-12
7332,2024-02-12 09:00:00,False,09:00:00,2024-02-12
7333,2024-02-12 09:15:00,False,09:15:00,2024-02-12
7334,2024-02-12 09:30:00,False,09:30:00,2024-02-12
7335,2024-02-12 09:45:00,False,09:45:00,2024-02-12
7336,2024-02-12 10:00:00,True,10:00:00,2024-02-12
7337,2024-02-12 10:15:00,True,10:15:00,2024-02-12
7338,2024-02-12 10:30:00,True,10:30:00,2024-02-12
7339,2024-02-12 10:45:00,True,10:45:00,2024-02-12
7340,2024-02-12 11:00:00,True,11:00:00,2024-02-12
7341,2024-02-12 11:15:00,True,11:15:00,2024-02-12
7342,2024-02-12 11:30:00,False,11:30:00,2024-02-12
7343,2024-02-12 11:45:00,False,11:45:00,2024-02-12
7344,2024-02-12 12:00:00,False,12:00:00,2024-02-12
7345,2024-02-12 12:15:00,False,12:15:00,2024-02-12
7346,2024-02-12 12:30:00,False,12:30:00,2024-02-12
7347,2024-02-12 12:45:00,False,12:45:00,2024-02-12
7348,2024-02-12 13:00:00,False,13:00:00,2024-02-12
7349,2024-02-12 13:15:00,False,13:15:00,2024-02-12
7350,2024-02-12 13:30:00,False,13:30:00,2024-02-12
7351,2024-02-12 13:45:00,False,13:45:00,2024-02-12
7352,2024-02-12 14:00:00,False,14:00:00,2024-02-12
7353,2024-02-12 14:15:00,False,14:15:00,2024-02-12
7354,2024-02-12 14:30:00,False,14:30:00,2024-02-12
7355,2024-02-12 14:45:00,False,14:45:00,2024-02-12
7356,2024-02-12 15:00:00,False,15:00:00,2024-02-12
7357,2024-02-12 15:15:00,False,15:15:00,2024-02-12
7358,2024-02-12 15:30:00,False,15:30:00,2024-02-12
7359,2024-02-12 15:45:00,False,15:45:00,2024-02-12
7360,2024-02-12 16:00:00,False,16:00:00,2024-02-12
7361,2024-02-12 16:15:00,False,16:15:00,2024-02-12
7362,2024-02-12 16:30:00,False,16:30:00,2024-02-12
7363,2024-02-12 16:45:00,False,16:45:00,2024-02-12
7364,2024-02-12 17:00:00,False,17:00:00,2024-02-12
7365,2024-02-12 17:15:00,False,17:15:00,2024-02-12
7366,2024-02-12 17:30:00,False,17:30:00,2024-02-12
7367,2024-02-12 17:45:00,False,17:45:00,2024-02-12
7368,2024-02-12 18:00:00,False,18:00:00,2024-02-12
7369,2024-02-12 18:15:00,False,18:15:00,2024-02-12
7370,2024-02-12 18:30:00,False,18:30:00,2024-02-12
7371,2024-02-12 18:45:00,False,18:45:00,2024-02-12
7372,2024-02-12 19:00:00,False,19:00:00,2024-02-12
7373,2024-02-12 19:15:00,False,19:15:00,2024-02-12
7374,2024-02-12 19:30:00,False,19:30:00,2024-02-12
7375,2024-02-12 19:45:00,False,19:45:00,2024-02-12
7376,2024-02-12 20:00:00,False,20:00:00,2024-02-12
7377,2024-02-12 20:15:00,False,20:15:00,2024-02-12
7378,2024-02-12 20:30:00,False,20:30:00,2024-02-12
7379,2024-02-12 20:45:00,False,20:45:00,2024-02-12
7380,2024-02-12 21:00:00,False,21:00:00,2024-02-12
7381,2024-02-12 21:15:00,False,21:15:00,2024-02-12
7382,2024-02-12 21:30:00,False,21:30:00,2024-02-12
7383,2024-02-12 21:45:00,False,21:45:00,2024-02-12
7384,2024-02-12 22:00:00,False,22:00:00,2024-02-12
7385,2024-02-12 22:15:00,False,22:15:00,2024-02-12
7386,2024-02-12 22:30:00,False,22:30:00,2024-02-12
7387,2024-02-12 22:45:00,False,22:45:00,2024-02-12
7388,2024-02-12 23:00:00,False,23:00:00,2024-02-12
7389,2024-02-12 23:15:00,False,23:15:00,2024-02-12
7390,2024-02-12 23:30:00,False,23:30:00,2024-02-12
7391,2024-02-12 23:45:00,False,23:45:00,2024-02-12
7392,2024-02-13 00:00:00,False,00:00:00,2024-02-13
7393,2024-02-13 00:15:00,False,00:15:00,2024-02-13
7394,2024-02-13 00:30:00,False,00:30:00,2024-02-13
7395,2024-02-13 00:45:00,False,00:45:00,2024-02-13
7396,2024-02-13 01:00:00,False,01:00:00,2024-02-13
7397,2024-02-13 01:15:00,False,01:15:00,2024-02-13
7398,2024-02-13 01:30:00,False,01:30:00,2024-02-13
7399,2024-02-13 01:45:00,False,01:45:00,2024-02-13
7400,2024-02-13 02:00:00,False,02:00:00,2024-02-13
7401,2024-02-13 02:15:00,False,02:15:00,2024-02-13
7402,2024-02-13 02:30:00,False,02:30:00,2024-02-13
7403,2024-02-13 02:45:00,False,02:45:00,2024-02-13
7404,2024-02-13 03:00:00,False,03:00:00,2024-02-13
7405,2024-02-13 03:15:00,False,03:15:00,2024-02-13
7406,2024-02-13 03:30:00,False,03:30:00,2024-02-13
7407,2024-02-13 03:45:00,False,03:45:00,2024-02-13
7408,2024-02-13 04:00:00,False,04:00:00,2024-02-13
7409,2024-02-13 04:15:00,False,04:15:00,2024-02-13
7410,2024-02-13 04:30:00,False,04:30:00,2024-02-13
7411,2024-02-13 04:45:00,False,04:45:00,2024-02-13
7412,2024-02-13 05:00:00,False,05:00:00,2024-02-13
7413,2024-02-13 05:15:00,False,05:15:00,2024-02-13
7414,2024-02-13 05:30:00,False,05:30:00,2024-02-13
7415,2024-02-13 05:45:00,False,05:45:00,2024-02-13
7416,2024-02-13 06:00:00,False,06:00:00,2024-02-13
7417,2024-02-13 06:15:00,False,06:15:00,2024-02-13
7418,2024-02-13 06:30:00,False,06:30:00,2024-02-13
7419,2024-02-13 06:45:00,False,06:45:00,2024-02-13
7420,2024-02-13 07:00:00,False,07:00:00,2024-02-13
7421,2024-02-13 07:15:00,False,07:15:00,2024-02-13
7422,2024-02-13 07:30:00,False,07:30:00,2024-02-13
7423,2024-02-13 07:45:00,False,07:45:00,2024-02-13
7424,2024-02-13 08:00:00,False,08:00:00,2024-02-13
7425,2024-02-13 08:15:00,False,08:15:00,2024-02-13
7426,2024-02-13 08:30:00,False,08:30:00,2024-02-13
7427,2024-02-13 08:45:00,False,08:45:00,2024-02-13
7428,2024-02-13 09:00:00,False,09:00:00,2024-02-13
7429,2024-02-13 09:15:00,False,09:15:00,2024-02-13
7430,2024-02-13 09:30:00,False,09:30:00,2024-02-13
7431,2024-02-13 09:45:00,False,09:45:00,2024-02-13
7432,2024-02-13 10:00:00,False,10:00:00,2024-02-13
7433,2024-02-13 10:15:00,False,10:15:00,2024-02-13
7434,2024-02-13 10:30:00,False,10:30:00,2024-02-13
7435,2024-02-13 10:45:00,False,10:45:00,2024-02-13
7436,2024-02-13 11:00:00,False,11:00:00,2024-02-13
7437,2024-02-13 11:15:00,False,11:15:00,2024-02-13
7438,2024-02-13 11:30:00,False,11:30:00,2024-02-13
7439,2024-02-13 11:45:00,False,11:45:00,2024-02-13
7440,2024-02-13 12:00:00,False,12:00:00,2024-02-13
7441,2024-02-13 12:15:00,False,12:15:00,2024-02-13
7442,2024-02-13 12:30:00,False,12:30:00,2024-02-13
7443,2024-02-13 12:45:00,False,12:45:00,2024-02-13
7444,2024-02-13 13:00:00,False,13:00:00,2024-02-13
7445,2024-02-13 13:15:00,False,13:15:00,2024-02-13
7446,2024-02-13 13:30:00,False,13:30:00,2024-02-13
7447,2024-02-13 13:45:00,False,13:45:00,2024-02-13
7448,2024-02-13 14:00:00,False,14:00:00,2024-02-13
7449,2024-02-13 14:15:00,False,14:15:00,2024-02-13
7450,2024-02-13 14:30:00,False,14:30:00,2024-02-13
7451,2024-02-13 14:45:00,False,14:45:00,2024-02-13
7452,2024-02-13 15:00:00,False,15:00:00,2024-02-13
7453,2024-02-13 15:15:00,False,15:15:00,2024-02-13
7454,2024-02-13 15:30:00,False,15:30:00,2024-02-13
7455,2024-02-13 15:45:00,False,15:45:00,2024-02-13
7456,2024-02-13 16:00:00,False,16:00:00,2024-02-13
7457,2024-02-13 16:15:00,False,16:15:00,2024-02-13
7458,2024-02-13 16:30:00,False,16:30:00,2024-02-13
7459,2024-02-13 16:45:00,False,16:45:00,2024-02-13
7460,2024-02-13 17:00:00,False,17:00:00,2024-02-13
7461,2024-02-13 17:15:00,False,17:15:00,2024-02-13
7462,2024-02-13 17:30:00,False,17:30:00,2024-02-13
7463,2024-02-13 17:45:00,False,17:45:00,2024-02-13
7464,2024-02-13 18:00:00,False,18:00:00,2024-02-13
7465,2024-02-13 18:15:00,False,18:15:00,2024-02-13
7466,2024-02-13 18:30:00,False,18:30:00,2024-02-13
7467,2024-02-13 18:45:00,False,18:45:00,2024-02-13
7468,2024-02-13 19:00:00,False,19:00:00,2024-02-13
7469,2024-02-13 19:15:00,False,19:15:00,2024-02-13
7470,2024-02-13 19:30:00,False,19:30:00,2024-02-13
7471,2024-02-13 19:45:00,False,19:45:00,2024-02-13
7472,2024-02-13 20:00:00,False,20:00:00,2024-02-13
7473,2024-02-13 20:15:00,False,20:15:00,2024-02-13
7474,2024-02-13 20:30:00,False,20:30:00,2024-02-13
7475,2024-02-13 20:45:00,False,20:45:00,2024-02-13
7476,2024-02-13 21:00:00,False,21:00:00,2024-02-13
7477,2024-02-13 21:15:00,False,21:15:00,2024-02-13
7478,2024-02-13 21:30:00,False,21:30:00,2024-02-13
7479,2024-02-13 21:45:00,False,21:45:00,2024-02-13
7480,2024-02-13 22:00:00,False,22:00:00,2024-02-13
7481,2024-02-13 22:15:00,False,22:15:00,2024-02-13
7482,2024-02-13 22:30:00,False,22:30:00,2024-02-13
7483,2024-02-13 22:45:00,False,22:45:00,2024-02-13
7484,2024-02-13 23:00:00,False,23:00:00,2024-02-13
7485,2024-02-13 23:15:00,False,23:15:00,2024-02-13
7486,2024-02-13 23:30:00,False,23:30:00,2024-02-13
7487,2024-02-13 23:45:00,False,23:45:00,2024-02-13
7488,2024-02-14 00:00:00,False,00:00:00,2024-02-14
7489,2024-02-14 00:15:00,False,00:15:00,2024-02-14
7490,2024-02-14 00:30:00,False,00:30:00,2024-02-14
7491,2024-02-14 00:45:00,False,00:45:00,2024-02-14
7492,2024-02-14 01:00:00,False,01:00:00,2024-02-14
7493,2024-02-14 01:15:00,False,01:15:00,2024-02-14
7494,2024-02-14 01:30:00,False,01:30:00,2024-02-14
7495,2024-02-14 01:45:00,False,01:45:00,2024-02-14
7496,2024-02-14 02:00:00,False,02:00:00,2024-02-14
7497,2024-02-14 02:15:00,False,02:15:00,2024-02-14
7498,2024-02-14 02:30:00,False,02:30:00,2024-02-14
7499,2024-02-14 02:45:00,False,02:45:00,2024-02-14
7500,2024-02-14 03:00:00,False,03:00:00,2024-02-14
7501,2024-02-14 03:15:00,False,03:15:00,2024-02-14
7502,2024-02-14 03:30:00,False,03:30:00,2024-02-14
7503,2024-02-14 03:45:00,False,03:45:00,2024-02-14
7504,2024-02-14 04:00:00,False,04:00:00,2024-02-14
7505,2024-02-14 04:15:00,False,04:15:00,2024-02-14
7506,2024-02-14 04:30:00,False,04:30:00,2024-02-14
7507,2024-02-14 04:45:00,False,04:45:00,2024-02-14
7508,2024-02-14 05:00:00,False,05:00:00,2024-02-14
7509,2024-02-14 05:15:00,False,05:15:00,2024-02-14
7510,2024-02-14 05:30:00,False,05:30:00,2024-02-14
7511,2024-02-14 05:45:00,False,05:45:00,2024-02-14
7512,2024-02-14 06:00:00,False,06:00:00,2024-02-14
7513,2024-02-14 06:15:00,False,06:15:00,2024-02-14
7514,2024-02-14 06:30:00,False,06:30:00,2024-02-14
7515,2024-02-14 06:45:00,False,06:45:00,2024-02-14
7516,2024-02-14 07:00:00,False,07:00:00,2024-02-14
7517,2024-02-14 07:15:00,False,07:15:00,2024-02-14
7518,2024-02-14 07:30:00,False,07:30:00,2024-02-14
7519,2024-02-14 07:45:00,False,07:45:00,2024-02-14
7520,2024-02-14 08:00:00,False,08:00:00,2024-02-14
7521,2024-02-14 08:15:00,False,08:15:00,2024-02-14
7522,2024-02-14 08:30:00,False,08:30:00,2024-02-14
7523,2024-02-14 08:45:00,False,08:45:00,2024-02-14
7524,2024-02-14 09:00:00,False,09:00:00,2024-02-14
7525,2024-02-14 09:15:00,False,09:15:00,2024-02-14
7526,2024-02-14 09:30:00,False,09:30:00,2024-02-14
7527,2024-02-14 09:45:00,False,09:45:00,2024-02-14
7528,2024-02-14 10:00:00,False,10:00:00,2024-02-14
7529,2024-02-14 10:15:00,False,10:15:00,2024-02-14
7530,2024-02-14 10:30:00,False,10:30:00,2024-02-14
7531,2024-02-14 10:45:00,False,10:45:00,2024-02-14
7532,2024-02-14 11:00:00,False,11:00:00,2024-02-14
7533,2024-02-14 11:15:00,False,11:15:00,2024-02-14
7534,2024-02-14 11:30:00,False,11:30:00,2024-02-14
7535,2024-02-14 11:45:00,False,11:45:00,2024-02-14
7536,2024-02-14 12:00:00,False,12:00:00,2024-02-14
7537,2024-02-14 12:15:00,False,12:15:00,2024-02-14
7538,2024-02-14 12:30:00,False,12:30:00,2024-02-14
7539,2024-02-14 12:45:00,False,12:45:00,2024-02-14
7540,2024-02-14 13:00:00,False,13:00:00,2024-02-14
7541,2024-02-14 13:15:00,False,13:15:00,2024-02-14
7542,2024-02-14 13:30:00,False,13:30:00,2024-02-14
7543,2024-02-14 13:45:00,False,13:45:00,2024-02-14
7544,2024-02-14 14:00:00,False,14:00:00,2024-02-14
7545,2024-02-14 14:15:00,False,14:15:00,2024-02-14
7546,2024-02-14 14:30:00,False,14:30:00,2024-02-14
7547,2024-02-14 14:45:00,False,14:45:00,2024-02-14
7548,2024-02-14 15:00:00,False,15:00:00,2024-02-14
7549,2024-02-14 15:15:00,False,15:15:00,2024-02-14
7550,2024-02-14 15:30:00,False,15:30:00,2024-02-14
7551,2024-02-14 15:45:00,False,15:45:00,2024-02-14
7552,2024-02-14 16:00:00,False,16:00:00,2024-02-14
7553,2024-02-14 16:15:00,False,16:15:00,2024-02-14
7554,2024-02-14 16:30:00,False,16:30:00,2024-02-14
7555,2024-02-14 16:45:00,False,16:45:00,2024-02-14
7556,2024-02-14 17:00:00,False,17:00:00,2024-02-14
7557,2024-02-14 17:15:00,False,17:15:00,2024-02-14
7558,2024-02-14 17:30:00,False,17:30:00,2024-02-14
7559,2024-02-14 17:45:00,False,17:45:00,2024-02-14
7560,2024-02-14 18:00:00,False,18:00:00,2024-02-14
7561,2024-02-14 18:15:00,False,18:15:00,2024-02-14
7562,2024-02-14 18:30:00,False,18:30:00,2024-02-14
7563,2024-02-14 18:45:00,False,18:45:00,2024-02-14
7564,2024-02-14 19:00:00,False,19:00:00,2024-02-14
7565,2024-02-14 19:15:00,False,19:15:00,2024-02-14
7566,2024-02-14 19:30:00,False,19:30:00,2024-02-14
7567,2024-02-14 19:45:00,False,19:45:00,2024-02-14
7568,2024-02-14 20:00:00,False,20:00:00,2024-02-14
7569,2024-02-14 20:15:00,False,20:15:00,2024-02-14
7570,2024-02-14 20:30:00,False,20:30:00,2024-02-14
7571,2024-02-14 20:45:00,False,20:45:00,2024-02-14
7572,2024-02-14 21:00:00,False,21:00:00,2024-02-14
7573,2024-02-14 21:15:00,False,21:15:00,2024-02-14
7574,2024-02-14 21:30:00,False,21:30:00,2024-02-14
7575,2024-02-14 21:45:00,False,21:45:00,2024-02-14
7576,2024-02-14 22:00:00,False,22:00:00,2024-02-14
7577,2024-02-14 22:15:00,False,22:15:00,2024-02-14
7578,2024-02-14 22:30:00,False,22:30:00,2024-02-14
7579,2024-02-14 22:45:00,False,22:45:00,2024-02-14
7580,2024-02-14 23:00:00,False,23:00:00,2024-02-14
7581,2024-02-14 23:15:00,False,23:15:00,2024-02-14
7582,2024-02-14 23:30:00,False,23:30:00,2024-02-14
7583,2024-02-14 23:45:00,False,23:45:00,2024-02-14
7584,2024-02-15 00:00:00,False,00:00:00,2024-02-15
7585,2024-02-15 00:15:00,False,00:15:00,2024-02-15
7586,2024-02-15 00:30:00,False,00:30:00,2024-02-15
7587,2024-02-15 00:45:00,False,00:45:00,2024-02-15
7588,2024-02-15 01:00:00,False,01:00:00,2024-02-15
7589,2024-02-15 01:15:00,False,01:15:00,2024-02-15
7590,2024-02-15 01:30:00,False,01:30:00,2024-02-15
7591,2024-02-15 01:45:00,False,01:45:00,2024-02-15
7592,2024-02-15 02:00:00,False,02:00:00,2024-02-15
7593,2024-02-15 02:15:00,False,02:15:00,2024-02-15
7594,2024-02-15 02:30:00,False,02:30:00,2024-02-15
7595,2024-02-15 02:45:00,False,02:45:00,2024-02-15
7596,2024-02-15 03:00:00,False,03:00:00,2024-02-15
7597,2024-02-15 03:15:00,False,03:15:00,2024-02-15
7598,2024-02-15 03:30:00,False,03:30:00,2024-02-15
7599,2024-02-15 03:45:00,False,03:45:00,2024-02-15
7600,2024-02-15 04:00:00,False,04:00:00,2024-02-15
7601,2024-02-15 04:15:00,False,04:15:00,2024-02-15
7602,2024-02-15 04:30:00,False,04:30:00,2024-02-15
7603,2024-02-15 04:45:00,False,04:45:00,2024-02-15
7604,2024-02-15 05:00:00,False,05:00:00,2024-02-15
7605,2024-02-15 05:15:00,False,05:15:00,2024-02-15
7606,2024-02-15 05:30:00,False,05:30:00,2024-02-15
7607,2024-02-15 05:45:00,False,05:45:00,2024-02-15
7608,2024-02-15 06:00:00,False,06:00:00,2024-02-15
7609,2024-02-15 06:15:00,False,06:15:00,2024-02-15
7610,2024-02-15 06:30:00,False,06:30:00,2024-02-15
7611,2024-02-15 06:45:00,False,06:45:00,2024-02-15
7612,2024-02-15 07:00:00,False,07:00:00,2024-02-15
7613,2024-02-15 07:15:00,False,07:15:00,2024-02-15
7614,2024-02-15 07:30:00,False,07:30:00,2024-02-15
7615,2024-02-15 07:45:00,False,07:45:00,2024-02-15
7616,2024-02-15 08:00:00,False,08:00:00,2024-02-15
7617,2024-02-15 08:15:00,False,08:15:00,2024-02-15
7618,2024-02-15 08:30:00,False,08:30:00,2024-02-15
7619,2024-02-15 08:45:00,False,08:45:00,2024-02-15
7620,2024-02-15 09:00:00,False,09:00:00,2024-02-15
7621,2024-02-15 09:15:00,False,09:15:00,2024-02-15
7622,2024-02-15 09:30:00,False,09:30:00,2024-02-15
7623,2024-02-15 09:45:00,False,09:45:00,2024-02-15
7624,2024-02-15 10:00:00,False,10:00:00,2024-02-15
7625,2024-02-15 10:15:00,False,10:15:00,2024-02-15
7626,2024-02-15 10:30:00,False,10:30:00,2024-02-15
7627,2024-02-15 10:45:00,False,10:45:00,2024-02-15
7628,2024-02-15 11:00:00,False,11:00:00,2024-02-15
7629,2024-02-15 11:15:00,False,11:15:00,2024-02-15
7630,2024-02-15 11:30:00,False,11:30:00,2024-02-15
7631,2024-02-15 11:45:00,False,11:45:00,2024-02-15
7632,2024-02-15 12:00:00,False,12:00:00,2024-02-15
7633,2024-02-15 12:15:00,False,12:15:00,2024-02-15
7634,2024-02-15 12:30:00,False,12:30:00,2024-02-15
7635,2024-02-15 12:45:00,False,12:45:00,2024-02-15
7636,2024-02-15 13:00:00,False,13:00:00,2024-02-15
7637,2024-02-15 13:15:00,False,13:15:00,2024-02-15
7638,2024-02-15 13:30:00,False,13:30:00,2024-02-15
7639,2024-02-15 13:45:00,False,13:45:00,2024-02-15
7640,2024-02-15 14:00:00,False,14:00:00,2024-02-15
7641,2024-02-15 14:15:00,False,14:15:00,2024-02-15
7642,2024-02-15 14:30:00,False,14:30:00,2024-02-15
7643,2024-02-15 14:45:00,False,14:45:00,2024-02-15
7644,2024-02-15 15:00:00,False,15:00:00,2024-02-15
7645,2024-02-15 15:15:00,False,15:15:00,2024-02-15
7646,2024-02-15 15:30:00,False,15:30:00,2024-02-15
7647,2024-02-15 15:45:00,False,15:45:00,2024-02-15
7648,2024-02-15 16:00:00,False,16:00:00,2024-02-15
7649,2024-02-15 16:15:00,False,16:15:00,2024-02-15
7650,2024-02-15 16:30:00,False,16:30:00,2024-02-15
7651,2024-02-15 16:45:00,False,16:45:00,2024-02-15
7652,2024-02-15 17:00:00,False,17:00:00,2024-02-15
7653,2024-02-15 17:15:00,False,17:15:00,2024-02-15
7654,2024-02-15 17:30:00,False,17:30:00,2024-02-15
7655,2024-02-15 17:45:00,False,17:45:00,2024-02-15
7656,2024-02-15 18:00:00,False,18:00:00,2024-02-15
7657,2024-02-15 18:15:00,False,18:15:00,2024-02-15
7658,2024-02-15 18:30:00,False,18:30:00,2024-02-15
7659,2024-02-15 18:45:00,False,18:45:00,2024-02-15
7660,2024-02-15 19:00:00,False,19:00:00,2024-02-15
7661,2024-02-15 19:15:00,False,19:15:00,2024-02-15
7662,2024-02-15 19:30:00,False,19:30:00,2024-02-15
7663,2024-02-15 19:45:00,False,19:45:00,2024-02-15
7664,2024-02-15 20:00:00,False,20:00:00,2024-02-15
7665,2024-02-15 20:15:00,False,20:15:00,2024-02-15
7666,2024-02-15 20:30:00,False,20:30:00,2024-02-15
7667,2024-02-15 20:45:00,False,20:45:00,2024-02-15
7668,2024-02-15 21:00:00,False,21:00:00,2024-02-15
7669,2024-02-15 21:15:00,False,21:15:00,2024-02-15
7670,2024-02-15 21:30:00,False,21:30:00,2024-02-15
7671,2024-02-15 21:45:00,False,21:45:00,2024-02-15
7672,2024-02-15 22:00:00,False,22:00:00,2024-02-15
7673,2024-02-15 22:15:00,False,22:15:00,2024-02-15
7674,2024-02-15 22:30:00,False,22:30:00,2024-02-15
7675,2024-02-15 22:45:00,False,22:45:00,2024-02-15
7676,2024-02-15 23:00:00,False,23:00:00,2024-02-15
7677,2024-02-15 23:15:00,False,23:15:00,2024-02-15
7678,2024-02-15 23:30:00,False,23:30:00,2024-02-15
7679,2024-02-15 23:45:00,False,23:45:00,2024-02-15
7680,2024-02-16 00:00:00,False,00:00:00,2024-02-16
7681,2024-02-16 00:15:00,False,00:15:00,2024-02-16
7682,2024-02-16 00:30:00,False,00:30:00,2024-02-16
7683,2024-02-16 00:45:00,False,00:45:00,2024-02-16
7684,2024-02-16 01:00:00,False,01:00:00,2024-02-16
7685,2024-02-16 01:15:00,False,01:15:00,2024-02-16
7686,2024-02-16 01:30:00,False,01:30:00,2024-02-16
7687,2024-02-16 01:45:00,False,01:45:00,2024-02-16
7688,2024-02-16 02:00:00,False,02:00:00,2024-02-16
7689,2024-02-16 02:15:00,False,02:15:00,2024-02-16
7690,2024-02-16 02:30:00,False,02:30:00,2024-02-16
7691,2024-02-16 02:45:00,False,02:45:00,2024-02-16
7692,2024-02-16 03:00:00,False,03:00:00,2024-02-16
7693,2024-02-16 03:15:00,False,03:15:00,2024-02-16
7694,2024-02-16 03:30:00,False,03:30:00,2024-02-16
7695,2024-02-16 03:45:00,False,03:45:00,2024-02-16
7696,2024-02-16 04:00:00,False,04:00:00,2024-02-16
7697,2024-02-16 04:15:00,False,04:15:00,2024-02-16
7698,2024-02-16 04:30:00,False,04:30:00,2024-02-16
7699,2024-02-16 04:45:00,False,04:45:00,2024-02-16
7700,2024-02-16 05:00:00,False,05:00:00,2024-02-16
7701,2024-02-16 05:15:00,False,05:15:00,2024-02-16
7702,2024-02-16 05:30:00,False,05:30:00,2024-02-16
7703,2024-02-16 05:45:00,False,05:45:00,2024-02-16
7704,2024-02-16 06:00:00,False,06:00:00,2024-02-16
7705,2024-02-16 06:15:00,False,06:15:00,2024-02-16
7706,2024-02-16 06:30:00,False,06:30:00,2024-02-16
7707,2024-02-16 06:45:00,False,06:45:00,2024-02-16
7708,2024-02-16 07:00:00,False,07:00:00,2024-02-16
7709,2024-02-16 07:15:00,False,07:15:00,2024-02-16
7710,2024-02-16 07:30:00,False,07:30:00,2024-02-16
7711,2024-02-16 07:45:00,False,07:45:00,2024-02-16
7712,2024-02-16 08:00:00,False,08:00:00,2024-02-16
7713,2024-02-16 08:15:00,False,08:15:00,2024-02-16
7714,2024-02-16 08:30:00,False,08:30:00,2024-02-16
7715,2024-02-16 08:45:00,False,08:45:00,2024-02-16
7716,2024-02-16 09:00:00,False,09:00:00,2024-02-16
7717,2024-02-16 09:15:00,False,09:15:00,2024-02-16
7718,2024-02-16 09:30:00,False,09:30:00,2024-02-16
7719,2024-02-16 09:45:00,False,09:45:00,2024-02-16
7720,2024-02-16 10:00:00,False,10:00:00,2024-02-16
7721,2024-02-16 10:15:00,False,10:15:00,2024-02-16
7722,2024-02-16 10:30:00,False,10:30:00,2024-02-16
7723,2024-02-16 10:45:00,False,10:45:00,2024-02-16
7724,2024-02-16 11:00:00,False,11:00:00,2024-02-16
7725,2024-02-16 11:15:00,False,11:15:00,2024-02-16
7726,2024-02-16 11:30:00,False,11:30:00,2024-02-16
7727,2024-02-16 11:45:00,False,11:45:00,2024-02-16
7728,2024-02-16 12:00:00,False,12:00:00,2024-02-16
7729,2024-02-16 12:15:00,False,12:15:00,2024-02-16
7730,2024-02-16 12:30:00,False,12:30:00,2024-02-16
7731,2024-02-16 12:45:00,False,12:45:00,2024-02-16
7732,2024-02-16 13:00:00,False,13:00:00,2024-02-16
7733,2024-02-16 13:15:00,False,13:15:00,2024-02-16
7734,2024-02-16 13:30:00,False,13:30:00,2024-02-16
7735,2024-02-16 13:45:00,False,13:45:00,2024-02-16
7736,2024-02-16 14:00:00,False,14:00:00,2024-02-16
7737,2024-02-16 14:15:00,False,14:15:00,2024-02-16
7738,2024-02-16 14:30:00,False,14:30:00,2024-02-16
7739,2024-02-16 14:45:00,False,14:45:00,2024-02-16
7740,2024-02-16 15:00:00,False,15:00:00,2024-02-16
7741,2024-02-16 15:15:00,False,15:15:00,2024-02-16
7742,2024-02-16 15:30:00,False,15:30:00,2024-02-16
7743,2024-02-16 15:45:00,False,15:45:00,2024-02-16
7744,2024-02-16 16:00:00,False,16:00:00,2024-02-16
7745,2024-02-16 16:15:00,False,16:15:00,2024-02-16
7746,2024-02-16 16:30:00,False,16:30:00,2024-02-16
7747,2024-02-16 16:45:00,False,16:45:00,2024-02-16
7748,2024-02-16 17:00:00,False,17:00:00,2024-02-16
7749,2024-02-16 17:15:00,False,17:15:00,2024-02-16
7750,2024-02-16 17:30:00,False,17:30:00,2024-02-16
7751,2024-02-16 17:45:00,False,17:45:00,2024-02-16
7752,2024-02-16 18:00:00,False,18:00:00,2024-02-16
7753,2024-02-16 18:15:00,False,18:15:00,2024-02-16
7754,2024-02-16 18:30:00,False,18:30:00,2024-02-16
7755,2024-02-16 18:45:00,False,18:45:00,2024-02-16
7756,2024-02-16 19:00:00,False,19:00:00,2024-02-16
7757,2024-02-16 19:15:00,False,19:15:00,2024-02-16
7758,2024-02-16 19:30:00,False,19:30:00,2024-02-16
7759,2024-02-16 19:45:00,False,19:45:00,2024-02-16
7760,2024-02-16 20:00:00,False,20:00:00,2024-02-16
7761,2024-02-16 20:15:00,False,20:15:00,2024-02-16
7762,2024-02-16 20:30:00,False,20:30:00,2024-02-16
7763,2024-02-16 20:45:00,False,20:45:00,2024-02-16
7764,2024-02-16 21:00:00,False,21:00:00,2024-02-16
7765,2024-02-16 21:15:00,False,21:15:00,2024-02-16
7766,2024-02-16 21:30:00,False,21:30:00,2024-02-16
7767,2024-02-16 21:45:00,False,21:45:00,2024-02-16
7768,2024-02-16 22:00:00,False,22:00:00,2024-02-16
7769,2024-02-16 22:15:00,False,22:15:00,2024-02-16
7770,2024-02-16 22:30:00,False,22:30:00,2024-02-16
7771,2024-02-16 22:45:00,False,22:45:00,2024-02-16
7772,2024-02-16 23:00:00,False,23:00:00,2024-02-16
7773,2024-02-16 23:15:00,False,23:15:00,2024-02-16
7774,2024-02-16 23:30:00,False,23:30:00,2024-02-16
7775,2024-02-16 23:45:00,False,23:45:00,2024-02-16
7776,2024-02-17 00:00:00,False,00:00:00,2024-02-17
7777,2024-02-17 00:15:00,False,00:15:00,2024-02-17
7778,2024-02-17 00:30:00,False,00:30:00,2024-02-17
7779,2024-02-17 00:45:00,False,00:45:00,2024-02-17
7780,2024-02-17 01:00:00,False,01:00:00,2024-02-17
7781,2024-02-17 01:15:00,False,01:15:00,2024-02-17
7782,2024-02-17 01:30:00,False,01:30:00,2024-02-17
7783,2024-02-17 01:45:00,False,01:45:00,2024-02-17
7784,2024-02-17 02:00:00,False,02:00:00,2024-02-17
7785,2024-02-17 02:15:00,False,02:15:00,2024-02-17
7786,2024-02-17 02:30:00,False,02:30:00,2024-02-17
7787,2024-02-17 02:45:00,False,02:45:00,2024-02-17
7788,2024-02-17 03:00:00,False,03:00:00,2024-02-17
7789,2024-02-17 03:15:00,False,03:15:00,2024-02-17
7790,2024-02-17 03:30:00,False,03:30:00,2024-02-17
7791,2024-02-17 03:45:00,False,03:45:00,2024-02-17
7792,2024-02-17 04:00:00,False,04:00:00,2024-02-17
7793,2024-02-17 04:15:00,False,04:15:00,2024-02-17
7794,2024-02-17 04:30:00,False,04:30:00,2024-02-17
7795,2024-02-17 04:45:00,False,04:45:00,2024-02-17
7796,2024-02-17 05:00:00,False,05:00:00,2024-02-17
7797,2024-02-17 05:15:00,False,05:15:00,2024-02-17
7798,2024-02-17 05:30:00,False,05:30:00,2024-02-17
7799,2024-02-17 05:45:00,False,05:45:00,2024-02-17
7800,2024-02-17 06:00:00,False,06:00:00,2024-02-17
7801,2024-02-17 06:15:00,False,06:15:00,2024-02-17
7802,2024-02-17 06:30:00,False,06:30:00,2024-02-17
7803,2024-02-17 06:45:00,False,06:45:00,2024-02-17
7804,2024-02-17 07:00:00,False,07:00:00,2024-02-17
7805,2024-02-17 07:15:00,False,07:15:00,2024-02-17
7806,2024-02-17 07:30:00,False,07:30:00,2024-02-17
7807,2024-02-17 07:45:00,False,07:45:00,2024-02-17
7808,2024-02-17 08:00:00,False,08:00:00,2024-02-17
7809,2024-02-17 08:15:00,False,08:15:00,2024-02-17
7810,2024-02-17 08:30:00,False,08:30:00,2024-02-17
7811,2024-02-17 08:45:00,False,08:45:00,2024-02-17
7812,2024-02-17 09:00:00,False,09:00:00,2024-02-17
7813,2024-02-17 09:15:00,False,09:15:00,2024-02-17
7814,2024-02-17 09:30:00,False,09:30:00,2024-02-17
7815,2024-02-17 09:45:00,False,09:45:00,2024-02-17
7816,2024-02-17 10:00:00,False,10:00:00,2024-02-17
7817,2024-02-17 10:15:00,False,10:15:00,2024-02-17
7818,2024-02-17 10:30:00,False,10:30:00,2024-02-17
7819,2024-02-17 10:45:00,False,10:45:00,2024-02-17
7820,2024-02-17 11:00:00,False,11:00:00,2024-02-17
7821,2024-02-17 11:15:00,False,11:15:00,2024-02-17
7822,2024-02-17 11:30:00,False,11:30:00,2024-02-17
7823,2024-02-17 11:45:00,False,11:45:00,2024-02-17
7824,2024-02-17 12:00:00,False,12:00:00,2024-02-17
7825,2024-02-17 12:15:00,False,12:15:00,2024-02-17
7826,2024-02-17 12:30:00,False,12:30:00,2024-02-17
7827,2024-02-17 12:45:00,False,12:45:00,2024-02-17
7828,2024-02-17 13:00:00,False,13:00:00,2024-02-17
7829,2024-02-17 13:15:00,False,13:15:00,2024-02-17
7830,2024-02-17 13:30:00,False,13:30:00,2024-02-17
7831,2024-02-17 13:45:00,False,13:45:00,2024-02-17
7832,2024-02-17 14:00:00,False,14:00:00,2024-02-17
7833,2024-02-17 14:15:00,False,14:15:00,2024-02-17
7834,2024-02-17 14:30:00,False,14:30:00,2024-02-17
7835,2024-02-17 14:45:00,False,14:45:00,2024-02-17
7836,2024-02-17 15:00:00,False,15:00:00,2024-02-17
7837,2024-02-17 15:15:00,False,15:15:00,2024-02-17
7838,2024-02-17 15:30:00,False,15:30:00,2024-02-17
7839,2024-02-17 15:45:00,False,15:45:00,2024-02-17
7840,2024-02-17 16:00:00,False,16:00:00,2024-02-17
7841,2024-02-17 16:15:00,False,16:15:00,2024-02-17
7842,2024-02-17 16:30:00,False,16:30:00,2024-02-17
7843,2024-02-17 16:45:00,False,16:45:00,2024-02-17
7844,2024-02-17 17:00:00,False,17:00:00,2024-02-17
7845,2024-02-17 17:15:00,False,17:15:00,2024-02-17
7846,2024-02-17 17:30:00,False,17:30:00,2024-02-17
7847,2024-02-17 17:45:00,False,17:45:00,2024-02-17
7848,2024-02-17 18:00:00,False,18:00:00,2024-02-17
7849,2024-02-17 18:15:00,False,18:15:00,2024-02-17
7850,2024-02-17 18:30:00,False,18:30:00,2024-02-17
7851,2024-02-17 18:45:00,False,18:45:00,2024-02-17
7852,2024-02-17 19:00:00,False,19:00:00,2024-02-17
7853,2024-02-17 19:15:00,False,19:15:00,2024-02-17
7854,2024-02-17 19:30:00,False,19:30:00,2024-02-17
7855,2024-02-17 19:45:00,False,19:45:00,2024-02-17
7856,2024-02-17 20:00:00,False,20:00:00,2024-02-17
7857,2024-02-17 20:15:00,False,20:15:00,2024-02-17
7858,2024-02-17 20:30:00,False,20:30:00,2024-02-17
7859,2024-02-17 20:45:00,False,20:45:00,2024-02-17
7860,2024-02-17 21:00:00,False,21:00:00,2024-02-17
7861,2024-02-17 21:15:00,False,21:15:00,2024-02-17
7862,2024-02-17 21:30:00,False,21:30:00,2024-02-17
7863,2024-02-17 21:45:00,False,21:45:00,2024-02-17
7864,2024-02-17 22:00:00,False,22:00:00,2024-02-17
7865,2024-02-17 22:15:00,False,22:15:00,2024-02-17
7866,2024-02-17 22:30:00,False,22:30:00,2024-02-17
7867,2024-02-17 22:45:00,False,22:45:00,2024-02-17
7868,2024-02-17 23:00:00,False,23:00:00,2024-02-17
7869,2024-02-17 23:15:00,False,23:15:00,2024-02-17
7870,2024-02-17 23:30:00,False,23:30:00,2024-02-17
7871,2024-02-17 23:45:00,False,23:45:00,2024-02-17
7872,2024-02-18 00:00:00,False,00:00:00,2024-02-18
7873,2024-02-18 00:15:00,False,00:15:00,2024-02-18
7874,2024-02-18 00:30:00,False,00:30:00,2024-02-18
7875,2024-02-18 00:45:00,False,00:45:00,2024-02-18
7876,2024-02-18 01:00:00,False,01:00:00,2024-02-18
7877,2024-02-18 01:15:00,False,01:15:00,2024-02-18
7878,2024-02-18 01:30:00,False,01:30:00,2024-02-18
7879,2024-02-18 01:45:00,False,01:45:00,2024-02-18
7880,2024-02-18 02:00:00,False,02:00:00,2024-02-18
7881,2024-02-18 02:15:00,False,02:15:00,2024-02-18
7882,2024-02-18 02:30:00,False,02:30:00,2024-02-18
7883,2024-02-18 02:45:00,False,02:45:00,2024-02-18
7884,2024-02-18 03:00:00,False,03:00:00,2024-02-18
7885,2024-02-18 03:15:00,False,03:15:00,2024-02-18
7886,2024-02-18 03:30:00,False,03:30:00,2024-02-18
7887,2024-02-18 03:45:00,False,03:45:00,2024-02-18
7888,2024-02-18 04:00:00,False,04:00:00,2024-02-18
7889,2024-02-18 04:15:00,False,04:15:00,2024-02-18
7890,2024-02-18 04:30:00,False,04:30:00,2024-02-18
7891,2024-02-18 04:45:00,False,04:45:00,2024-02-18
7892,2024-02-18 05:00:00,False,05:00:00,2024-02-18
7893,2024-02-18 05:15:00,False,05:15:00,2024-02-18
7894,2024-02-18 05:30:00,False,05:30:00,2024-02-18
7895,2024-02-18 05:45:00,False,05:45:00,2024-02-18
7896,2024-02-18 06:00:00,False,06:00:00,2024-02-18
7897,2024-02-18 06:15:00,False,06:15:00,2024-02-18
7898,2024-02-18 06:30:00,False,06:30:00,2024-02-18
7899,2024-02-18 06:45:00,False,06:45:00,2024-02-18
7900,2024-02-18 07:00:00,False,07:00:00,2024-02-18
7901,2024-02-18 07:15:00,False,07:15:00,2024-02-18
7902,2024-02-18 07:30:00,False,07:30:00,2024-02-18
7903,2024-02-18 07:45:00,False,07:45:00,2024-02-18
7904,2024-02-18 08:00:00,False,08:00:00,2024-02-18
7905,2024-02-18 08:15:00,False,08:15:00,2024-02-18
7906,2024-02-18 08:30:00,False,08:30:00,2024-02-18
7907,2024-02-18 08:45:00,False,08:45:00,2024-02-18
7908,2024-02-18 09:00:00,False,09:00:00,2024-02-18
7909,2024-02-18 09:15:00,False,09:15:00,2024-02-18
7910,2024-02-18 09:30:00,False,09:30:00,2024-02-18
7911,2024-02-18 09:45:00,False,09:45:00,2024-02-18
7912,2024-02-18 10:00:00,False,10:00:00,2024-02-18
7913,2024-02-18 10:15:00,False,10:15:00,2024-02-18
7914,2024-02-18 10:30:00,False,10:30:00,2024-02-18
7915,2024-02-18 10:45:00,False,10:45:00,2024-02-18
7916,2024-02-18 11:00:00,False,11:00:00,2024-02-18
7917,2024-02-18 11:15:00,False,11:15:00,2024-02-18
7918,2024-02-18 11:30:00,False,11:30:00,2024-02-18
7919,2024-02-18 11:45:00,False,11:45:00,2024-02-18
7920,2024-02-18 12:00:00,False,12:00:00,2024-02-18
7921,2024-02-18 12:15:00,True,12:15:00,2024-02-18
7922,2024-02-18 12:30:00,True,12:30:00,2024-02-18
7923,2024-02-18 12:45:00,True,12:45:00,2024-02-18
7924,2024-02-18 13:00:00,True,13:00:00,2024-02-18
7925,2024-02-18 13:15:00,False,13:15:00,2024-02-18
7926,2024-02-18 13:30:00,False,13:30:00,2024-02-18
7927,2024-02-18 13:45:00,False,13:45:00,2024-02-18
7928,2024-02-18 14:00:00,False,14:00:00,2024-02-18
7929,2024-02-18 14:15:00,False,14:15:00,2024-02-18
7930,2024-02-18 14:30:00,False,14:30:00,2024-02-18
7931,2024-02-18 14:45:00,False,14:45:00,2024-02-18
7932,2024-02-18 15:00:00,False,15:00:00,2024-02-18
7933,2024-02-18 15:15:00,False,15:15:00,2024-02-18
7934,2024-02-18 15:30:00,False,15:30:00,2024-02-18
7935,2024-02-18 15:45:00,False,15:45:00,2024-02-18
7936,2024-02-18 16:00:00,False,16:00:00,2024-02-18
7937,2024-02-18 16:15:00,False,16:15:00,2024-02-18
7938,2024-02-18 16:30:00,False,16:30:00,2024-02-18
7939,2024-02-18 16:45:00,False,16:45:00,2024-02-18
7940,2024-02-18 17:00:00,False,17:00:00,2024-02-18
7941,2024-02-18 17:15:00,False,17:15:00,2024-02-18
7942,2024-02-18 17:30:00,False,17:30:00,2024-02-18
7943,2024-02-18 17:45:00,False,17:45:00,2024-02-18
7944,2024-02-18 18:00:00,False,18:00:00,2024-02-18
7945,2024-02-18 18:15:00,False,18:15:00,2024-02-18
7946,2024-02-18 18:30:00,False,18:30:00,2024-02-18
7947,2024-02-18 18:45:00,False,18:45:00,2024-02-18
7948,2024-02-18 19:00:00,False,19:00:00,2024-02-18
7949,2024-02-18 19:15:00,False,19:15:00,2024-02-18
7950,2024-02-18 19:30:00,False,19:30:00,2024-02-18
7951,2024-02-18 19:45:00,False,19:45:00,2024-02-18
7952,2024-02-18 20:00:00,False,20:00:00,2024-02-18
7953,2024-02-18 20:15:00,False,20:15:00,2024-02-18
7954,2024-02-18 20:30:00,False,20:30:00,2024-02-18
7955,2024-02-18 20:45:00,False,20:45:00,2024-02-18
7956,2024-02-18 21:00:00,False,21:00:00,2024-02-18
7957,2024-02-18 21:15:00,True,21:15:00,2024-02-18
7958,2024-02-18 21:30:00,True,21:30:00,2024-02-18
7959,2024-02-18 21:45:00,True,21:45:00,2024-02-18
7960,2024-02-18 22:00:00,True,22:00:00,2024-02-18
7961,2024-02-18 22:15:00,True,22:15:00,2024-02-18
7962,2024-02-18 22:30:00,True,22:30:00,2024-02-18
7963,2024-02-18 22:45:00,True,22:45:00,2024-02-18
7964,2024-02-18 23:00:00,True,23:00:00,2024-02-18
7965,2024-02-18 23:15:00,True,23:15:00,2024-02-18
7966,2024-02-18 23:30:00,True,23:30:00,2024-02-18
7967,2024-02-18 23:45:00,True,23:45:00,2024-02-18
7968,2024-02-19 00:00:00,True,00:00:00,2024-02-19
7969,2024-02-19 00:15:00,True,00:15:00,2024-02-19
7970,2024-02-19 00:30:00,True,00:30:00,2024-02-19
7971,2024-02-19 00:45:00,True,00:45:00,2024-02-19
7972,2024-02-19 01:00:00,True,01:00:00,2024-02-19
7973,2024-02-19 01:15:00,True,01:15:00,2024-02-19
7974,2024-02-19 01:30:00,True,01:30:00,2024-02-19
7975,2024-02-19 01:45:00,True,01:45:00,2024-02-19
7976,2024-02-19 02:00:00,True,02:00:00,2024-02-19
7977,2024-02-19 02:15:00,True,02:15:00,2024-02-19
7978,2024-02-19 02:30:00,True,02:30:00,2024-02-19
7979,2024-02-19 02:45:00,True,02:45:00,2024-02-19
7980,2024-02-19 03:00:00,True,03:00:00,2024-02-19
7981,2024-02-19 03:15:00,True,03:15:00,2024-02-19
7982,2024-02-19 03:30:00,True,03:30:00,2024-02-19
7983,2024-02-19 03:45:00,True,03:45:00,2024-02-19
7984,2024-02-19 04:00:00,True,04:00:00,2024-02-19
7985,2024-02-19 04:15:00,True,04:15:00,2024-02-19
7986,2024-02-19 04:30:00,True,04:30:00,2024-02-19
7987,2024-02-19 04:45:00,True,04:45:00,2024-02-19
7988,2024-02-19 05:00:00,True,05:00:00,2024-02-19
7989,2024-02-19 05:15:00,True,05:15:00,2024-02-19
7990,2024-02-19 05:30:00,True,05:30:00,2024-02-19
7991,2024-02-19 05:45:00,True,05:45:00,2024-02-19
7992,2024-02-19 06:00:00,True,06:00:00,2024-02-19
7993,2024-02-19 06:15:00,True,06:15:00,2024-02-19
7994,2024-02-19 06:30:00,True,06:30:00,2024-02-19
7995,2024-02-19 06:45:00,True,06:45:00,2024-02-19
7996,2024-02-19 07:00:00,True,07:00:00,2024-02-19
7997,2024-02-19 07:15:00,True,07:15:00,2024-02-19
7998,2024-02-19 07:30:00,True,07:30:00,2024-02-19
7999,2024-02-19 07:45:00,True,07:45:00,2024-02-19
8000,2024-02-19 08:00:00,True,08:00:00,2024-02-19
8001,2024-02-19 08:15:00,True,08:15:00,2024-02-19
8002,2024-02-19 08:30:00,True,08:30:00,2024-02-19
8003,2024-02-19 08:45:00,True,08:45:00,2024-02-19
8004,2024-02-19 09:00:00,True,09:00:00,2024-02-19
8005,2024-02-19 09:15:00,True,09:15:00,2024-02-19
8006,2024-02-19 09:30:00,True,09:30:00,2024-02-19
8007,2024-02-19 09:45:00,True,09:45:00,2024-02-19
8008,2024-02-19 10:00:00,True,10:00:00,2024-02-19
8009,2024-02-19 10:15:00,True,10:15:00,2024-02-19
8010,2024-02-19 10:30:00,True,10:30:00,2024-02-19
8011,2024-02-19 10:45:00,True,10:45:00,2024-02-19
8012,2024-02-19 11:00:00,True,11:00:00,2024-02-19
8013,2024-02-19 11:15:00,True,11:15:00,2024-02-19
8014,2024-02-19 11:30:00,True,11:30:00,2024-02-19
8015,2024-02-19 11:45:00,True,11:45:00,2024-02-19
8016,2024-02-19 12:00:00,True,12:00:00,2024-02-19
8017,2024-02-19 12:15:00,True,12:15:00,2024-02-19
8018,2024-02-19 12:30:00,True,12:30:00,2024-02-19
8019,2024-02-19 12:45:00,True,12:45:00,2024-02-19
8020,2024-02-19 13:00:00,True,13:00:00,2024-02-19
8021,2024-02-19 13:15:00,True,13:15:00,2024-02-19
8022,2024-02-19 13:30:00,True,13:30:00,2024-02-19
8023,2024-02-19 13:45:00,True,13:45:00,2024-02-19
8024,2024-02-19 14:00:00,True,14:00:00,2024-02-19
8025,2024-02-19 14:15:00,True,14:15:00,2024-02-19
8026,2024-02-19 14:30:00,True,14:30:00,2024-02-19
8027,2024-02-19 14:45:00,True,14:45:00,2024-02-19
8028,2024-02-19 15:00:00,True,15:00:00,2024-02-19
8029,2024-02-19 15:15:00,True,15:15:00,2024-02-19
8030,2024-02-19 15:30:00,True,15:30:00,2024-02-19
8031,2024-02-19 15:45:00,True,15:45:00,2024-02-19
8032,2024-02-19 16:00:00,True,16:00:00,2024-02-19
8033,2024-02-19 16:15:00,True,16:15:00,2024-02-19
8034,2024-02-19 16:30:00,True,16:30:00,2024-02-19
8035,2024-02-19 16:45:00,True,16:45:00,2024-02-19
8036,2024-02-19 17:00:00,True,17:00:00,2024-02-19
8037,2024-02-19 17:15:00,True,17:15:00,2024-02-19
8038,2024-02-19 17:30:00,True,17:30:00,2024-02-19
8039,2024-02-19 17:45:00,True,17:45:00,2024-02-19
8040,2024-02-19 18:00:00,True,18:00:00,2024-02-19
8041,2024-02-19 18:15:00,True,18:15:00,2024-02-19
8042,2024-02-19 18:30:00,True,18:30:00,2024-02-19
8043,2024-02-19 18:45:00,True,18:45:00,2024-02-19
8044,2024-02-19 19:00:00,True,19:00:00,2024-02-19
8045,2024-02-19 19:15:00,True,19:15:00,2024-02-19
8046,2024-02-19 19:30:00,True,19:30:00,2024-02-19
8047,2024-02-19 19:45:00,True,19:45:00,2024-02-19
8048,2024-02-19 20:00:00,True,20:00:00,2024-02-19
8049,2024-02-19 20:15:00,True,20:15:00,2024-02-19
8050,2024-02-19 20:30:00,True,20:30:00,2024-02-19
8051,2024-02-19 20:45:00,True,20:45:00,2024-02-19
8052,2024-02-19 21:00:00,True,21:00:00,2024-02-19
8053,2024-02-19 21:15:00,True,21:15:00,2024-02-19
8054,2024-02-19 21:30:00,True,21:30:00,2024-02-19
8055,2024-02-19 21:45:00,True,21:45:00,2024-02-19
8056,2024-02-19 22:00:00,True,22:00:00,2024-02-19
8057,2024-02-19 22:15:00,True,22:15:00,2024-02-19
8058,2024-02-19 22:30:00,True,22:30:00,2024-02-19
8059,2024-02-19 22:45:00,True,22:45:00,2024-02-19
8060,2024-02-19 23:00:00,True,23:00:00,2024-02-19
8061,2024-02-19 23:15:00,True,23:15:00,2024-02-19
8062,2024-02-19 23:30:00,True,23:30:00,2024-02-19
8063,2024-02-19 23:45:00,True,23:45:00,2024-02-19
8064,2024-02-20 00:00:00,True,00:00:00,2024-02-20
8065,2024-02-20 00:15:00,True,00:15:00,2024-02-20
8066,2024-02-20 00:30:00,True,00:30:00,2024-02-20
8067,2024-02-20 00:45:00,True,00:45:00,2024-02-20
8068,2024-02-20 01:00:00,True,01:00:00,2024-02-20
8069,2024-02-20 01:15:00,True,01:15:00,2024-02-20
8070,2024-02-20 01:30:00,True,01:30:00,2024-02-20
8071,2024-02-20 01:45:00,True,01:45:00,2024-02-20
8072,2024-02-20 02:00:00,True,02:00:00,2024-02-20
8073,2024-02-20 02:15:00,True,02:15:00,2024-02-20
8074,2024-02-20 02:30:00,True,02:30:00,2024-02-20
8075,2024-02-20 02:45:00,True,02:45:00,2024-02-20
8076,2024-02-20 03:00:00,True,03:00:00,2024-02-20
8077,2024-02-20 03:15:00,True,03:15:00,2024-02-20
8078,2024-02-20 03:30:00,True,03:30:00,2024-02-20
8079,2024-02-20 03:45:00,True,03:45:00,2024-02-20
8080,2024-02-20 04:00:00,True,04:00:00,2024-02-20
8081,2024-02-20 04:15:00,True,04:15:00,2024-02-20
8082,2024-02-20 04:30:00,True,04:30:00,2024-02-20
8083,2024-02-20 04:45:00,True,04:45:00,2024-02-20
8084,2024-02-20 05:00:00,True,05:00:00,2024-02-20
8085,2024-02-20 05:15:00,True,05:15:00,2024-02-20
8086,2024-02-20 05:30:00,True,05:30:00,2024-02-20
8087,2024-02-20 05:45:00,True,05:45:00,2024-02-20
8088,2024-02-20 06:00:00,True,06:00:00,2024-02-20
8089,2024-02-20 06:15:00,True,06:15:00,2024-02-20
8090,2024-02-20 06:30:00,True,06:30:00,2024-02-20
8091,2024-02-20 06:45:00,True,06:45:00,2024-02-20
8092,2024-02-20 07:00:00,True,07:00:00,2024-02-20
8093,2024-02-20 07:15:00,True,07:15:00,2024-02-20
8094,2024-02-20 07:30:00,True,07:30:00,2024-02-20
8095,2024-02-20 07:45:00,True,07:45:00,2024-02-20
8096,2024-02-20 08:00:00,True,08:00:00,2024-02-20
8097,2024-02-20 08:15:00,True,08:15:00,2024-02-20
8098,2024-02-20 08:30:00,True,08:30:00,2024-02-20
8099,2024-02-20 08:45:00,True,08:45:00,2024-02-20
8100,2024-02-20 09:00:00,True,09:00:00,2024-02-20
8101,2024-02-20 09:15:00,True,09:15:00,2024-02-20
8102,2024-02-20 09:30:00,True,09:30:00,2024-02-20
8103,2024-02-20 09:45:00,True,09:45:00,2024-02-20
8104,2024-02-20 10:00:00,True,10:00:00,2024-02-20
8105,2024-02-20 10:15:00,True,10:15:00,2024-02-20
8106,2024-02-20 10:30:00,True,10:30:00,2024-02-20
8107,2024-02-20 10:45:00,True,10:45:00,2024-02-20
8108,2024-02-20 11:00:00,True,11:00:00,2024-02-20
8109,2024-02-20 11:15:00,True,11:15:00,2024-02-20
8110,2024-02-20 11:30:00,True,11:30:00,2024-02-20
8111,2024-02-20 11:45:00,True,11:45:00,2024-02-20
8112,2024-02-20 12:00:00,True,12:00:00,2024-02-20
8113,2024-02-20 12:15:00,True,12:15:00,2024-02-20
8114,2024-02-20 12:30:00,True,12:30:00,2024-02-20
8115,2024-02-20 12:45:00,True,12:45:00,2024-02-20
8116,2024-02-20 13:00:00,True,13:00:00,2024-02-20
8117,2024-02-20 13:15:00,True,13:15:00,2024-02-20
8118,2024-02-20 13:30:00,True,13:30:00,2024-02-20
8119,2024-02-20 13:45:00,True,13:45:00,2024-02-20
8120,2024-02-20 14:00:00,True,14:00:00,2024-02-20
8121,2024-02-20 14:15:00,True,14:15:00,2024-02-20
8122,2024-02-20 14:30:00,True,14:30:00,2024-02-20
8123,2024-02-20 14:45:00,True,14:45:00,2024-02-20
8124,2024-02-20 15:00:00,True,15:00:00,2024-02-20
8125,2024-02-20 15:15:00,True,15:15:00,2024-02-20
8126,2024-02-20 15:30:00,True,15:30:00,2024-02-20
8127,2024-02-20 15:45:00,True,15:45:00,2024-02-20
8128,2024-02-20 16:00:00,True,16:00:00,2024-02-20
8129,2024-02-20 16:15:00,True,16:15:00,2024-02-20
8130,2024-02-20 16:30:00,True,16:30:00,2024-02-20
8131,2024-02-20 16:45:00,True,16:45:00,2024-02-20
8132,2024-02-20 17:00:00,True,17:00:00,2024-02-20
8133,2024-02-20 17:15:00,True,17:15:00,2024-02-20
8134,2024-02-20 17:30:00,True,17:30:00,2024-02-20
8135,2024-02-20 17:45:00,True,17:45:00,2024-02-20
8136,2024-02-20 18:00:00,True,18:00:00,2024-02-20
8137,2024-02-20 18:15:00,True,18:15:00,2024-02-20
8138,2024-02-20 18:30:00,True,18:30:00,2024-02-20
8139,2024-02-20 18:45:00,True,18:45:00,2024-02-20
8140,2024-02-20 19:00:00,True,19:00:00,2024-02-20
8141,2024-02-20 19:15:00,True,19:15:00,2024-02-20
8142,2024-02-20 19:30:00,True,19:30:00,2024-02-20
8143,2024-02-20 19:45:00,True,19:45:00,2024-02-20
8144,2024-02-20 20:00:00,True,20:00:00,2024-02-20
8145,2024-02-20 20:15:00,True,20:15:00,2024-02-20
8146,2024-02-20 20:30:00,True,20:30:00,2024-02-20
8147,2024-02-20 20:45:00,True,20:45:00,2024-02-20
8148,2024-02-20 21:00:00,True,21:00:00,2024-02-20
8149,2024-02-20 21:15:00,True,21:15:00,2024-02-20
8150,2024-02-20 21:30:00,True,21:30:00,2024-02-20
8151,2024-02-20 21:45:00,True,21:45:00,2024-02-20
8152,2024-02-20 22:00:00,True,22:00:00,2024-02-20
8153,2024-02-20 22:15:00,True,22:15:00,2024-02-20
8154,2024-02-20 22:30:00,True,22:30:00,2024-02-20
8155,2024-02-20 22:45:00,True,22:45:00,2024-02-20
8156,2024-02-20 23:00:00,True,23:00:00,2024-02-20
8157,2024-02-20 23:15:00,True,23:15:00,2024-02-20
8158,2024-02-20 23:30:00,True,23:30:00,2024-02-20
8159,2024-02-20 23:45:00,True,23:45:00,2024-02-20
8160,2024-02-21 00:00:00,True,00:00:00,2024-02-21
8161,2024-02-21 00:15:00,True,00:15:00,2024-02-21
8162,2024-02-21 00:30:00,True,00:30:00,2024-02-21
8163,2024-02-21 00:45:00,True,00:45:00,2024-02-21
8164,2024-02-21 01:00:00,True,01:00:00,2024-02-21
8165,2024-02-21 01:15:00,True,01:15:00,2024-02-21
8166,2024-02-21 01:30:00,True,01:30:00,2024-02-21
8167,2024-02-21 01:45:00,True,01:45:00,2024-02-21
8168,2024-02-21 02:00:00,True,02:00:00,2024-02-21
8169,2024-02-21 02:15:00,True,02:15:00,2024-02-21
8170,2024-02-21 02:30:00,True,02:30:00,2024-02-21
8171,2024-02-21 02:45:00,True,02:45:00,2024-02-21
8172,2024-02-21 03:00:00,True,03:00:00,2024-02-21
8173,2024-02-21 03:15:00,True,03:15:00,2024-02-21
8174,2024-02-21 03:30:00,True,03:30:00,2024-02-21
8175,2024-02-21 03:45:00,True,03:45:00,2024-02-21
8176,2024-02-21 04:00:00,True,04:00:00,2024-02-21
8177,2024-02-21 04:15:00,True,04:15:00,2024-02-21
8178,2024-02-21 04:30:00,True,04:30:00,2024-02-21
8179,2024-02-21 04:45:00,True,04:45:00,2024-02-21
8180,2024-02-21 05:00:00,True,05:00:00,2024-02-21
8181,2024-02-21 05:15:00,True,05:15:00,2024-02-21
8182,2024-02-21 05:30:00,True,05:30:00,2024-02-21
8183,2024-02-21 05:45:00,True,05:45:00,2024-02-21
8184,2024-02-21 06:00:00,True,06:00:00,2024-02-21
8185,2024-02-21 06:15:00,True,06:15:00,2024-02-21
8186,2024-02-21 06:30:00,True,06:30:00,2024-02-21
8187,2024-02-21 06:45:00,True,06:45:00,2024-02-21
8188,2024-02-21 07:00:00,True,07:00:00,2024-02-21
8189,2024-02-21 07:15:00,True,07:15:00,2024-02-21
8190,2024-02-21 07:30:00,True,07:30:00,2024-02-21
8191,2024-02-21 07:45:00,True,07:45:00,2024-02-21
8192,2024-02-21 08:00:00,True,08:00:00,2024-02-21
8193,2024-02-21 08:15:00,True,08:15:00,2024-02-21
8194,2024-02-21 08:30:00,True,08:30:00,2024-02-21
8195,2024-02-21 08:45:00,True,08:45:00,2024-02-21
8196,2024-02-21 09:00:00,True,09:00:00,2024-02-21
8197,2024-02-21 09:15:00,True,09:15:00,2024-02-21
8198,2024-02-21 09:30:00,True,09:30:00,2024-02-21
8199,2024-02-21 09:45:00,True,09:45:00,2024-02-21
8200,2024-02-21 10:00:00,True,10:00:00,2024-02-21
8201,2024-02-21 10:15:00,True,10:15:00,2024-02-21
8202,2024-02-21 10:30:00,True,10:30:00,2024-02-21
8203,2024-02-21 10:45:00,True,10:45:00,2024-02-21
8204,2024-02-21 11:00:00,True,11:00:00,2024-02-21
8205,2024-02-21 11:15:00,True,11:15:00,2024-02-21
8206,2024-02-21 11:30:00,True,11:30:00,2024-02-21
8207,2024-02-21 11:45:00,True,11:45:00,2024-02-21
8208,2024-02-21 12:00:00,True,12:00:00,2024-02-21
8209,2024-02-21 12:15:00,True,12:15:00,2024-02-21
8210,2024-02-21 12:30:00,True,12:30:00,2024-02-21
8211,2024-02-21 12:45:00,True,12:45:00,2024-02-21
8212,2024-02-21 13:00:00,True,13:00:00,2024-02-21
8213,2024-02-21 13:15:00,True,13:15:00,2024-02-21
8214,2024-02-21 13:30:00,True,13:30:00,2024-02-21
8215,2024-02-21 13:45:00,True,13:45:00,2024-02-21
8216,2024-02-21 14:00:00,True,14:00:00,2024-02-21
8217,2024-02-21 14:15:00,True,14:15:00,2024-02-21
8218,2024-02-21 14:30:00,True,14:30:00,2024-02-21
8219,2024-02-21 14:45:00,True,14:45:00,2024-02-21
8220,2024-02-21 15:00:00,True,15:00:00,2024-02-21
8221,2024-02-21 15:15:00,True,15:15:00,2024-02-21
8222,2024-02-21 15:30:00,True,15:30:00,2024-02-21
8223,2024-02-21 15:45:00,True,15:45:00,2024-02-21
8224,2024-02-21 16:00:00,True,16:00:00,2024-02-21
8225,2024-02-21 16:15:00,True,16:15:00,2024-02-21
8226,2024-02-21 16:30:00,True,16:30:00,2024-02-21
8227,2024-02-21 16:45:00,True,16:45:00,2024-02-21
8228,2024-02-21 17:00:00,True,17:00:00,2024-02-21
8229,2024-02-21 17:15:00,True,17:15:00,2024-02-21
8230,2024-02-21 17:30:00,True,17:30:00,2024-02-21
8231,2024-02-21 17:45:00,True,17:45:00,2024-02-21
8232,2024-02-21 18:00:00,True,18:00:00,2024-02-21
8233,2024-02-21 18:15:00,True,18:15:00,2024-02-21
8234,2024-02-21 18:30:00,True,18:30:00,2024-02-21
8235,2024-02-21 18:45:00,True,18:45:00,2024-02-21
8236,2024-02-21 19:00:00,True,19:00:00,2024-02-21
8237,2024-02-21 19:15:00,True,19:15:00,2024-02-21
8238,2024-02-21 19:30:00,True,19:30:00,2024-02-21
8239,2024-02-21 19:45:00,True,19:45:00,2024-02-21
8240,2024-02-21 20:00:00,True,20:00:00,2024-02-21
8241,2024-02-21 20:15:00,True,20:15:00,2024-02-21
8242,2024-02-21 20:30:00,True,20:30:00,2024-02-21
8243,2024-02-21 20:45:00,True,20:45:00,2024-02-21
8244,2024-02-21 21:00:00,True,21:00:00,2024-02-21
8245,2024-02-21 21:15:00,True,21:15:00,2024-02-21
8246,2024-02-21 21:30:00,True,21:30:00,2024-02-21
8247,2024-02-21 21:45:00,True,21:45:00,2024-02-21
8248,2024-02-21 22:00:00,True,22:00:00,2024-02-21
8249,2024-02-21 22:15:00,True,22:15:00,2024-02-21
8250,2024-02-21 22:30:00,True,22:30:00,2024-02-21
8251,2024-02-21 22:45:00,True,22:45:00,2024-02-21
8252,2024-02-21 23:00:00,True,23:00:00,2024-02-21
8253,2024-02-21 23:15:00,True,23:15:00,2024-02-21
8254,2024-02-21 23:30:00,True,23:30:00,2024-02-21
8255,2024-02-21 23:45:00,True,23:45:00,2024-02-21
8256,2024-02-22 00:00:00,True,00:00:00,2024-02-22
8257,2024-02-22 00:15:00,True,00:15:00,2024-02-22
8258,2024-02-22 00:30:00,True,00:30:00,2024-02-22
8259,2024-02-22 00:45:00,True,00:45:00,2024-02-22
8260,2024-02-22 01:00:00,True,01:00:00,2024-02-22
8261,2024-02-22 01:15:00,True,01:15:00,2024-02-22
8262,2024-02-22 01:30:00,True,01:30:00,2024-02-22
8263,2024-02-22 01:45:00,True,01:45:00,2024-02-22
8264,2024-02-22 02:00:00,True,02:00:00,2024-02-22
8265,2024-02-22 02:15:00,True,02:15:00,2024-02-22
8266,2024-02-22 02:30:00,True,02:30:00,2024-02-22
8267,2024-02-22 02:45:00,True,02:45:00,2024-02-22
8268,2024-02-22 03:00:00,True,03:00:00,2024-02-22
8269,2024-02-22 03:15:00,True,03:15:00,2024-02-22
8270,2024-02-22 03:30:00,True,03:30:00,2024-02-22
8271,2024-02-22 03:45:00,True,03:45:00,2024-02-22
8272,2024-02-22 04:00:00,True,04:00:00,2024-02-22
8273,2024-02-22 04:15:00,True,04:15:00,2024-02-22
8274,2024-02-22 04:30:00,True,04:30:00,2024-02-22
8275,2024-02-22 04:45:00,True,04:45:00,2024-02-22
8276,2024-02-22 05:00:00,True,05:00:00,2024-02-22
8277,2024-02-22 05:15:00,True,05:15:00,2024-02-22
8278,2024-02-22 05:30:00,True,05:30:00,2024-02-22
8279,2024-02-22 05:45:00,True,05:45:00,2024-02-22
8280,2024-02-22 06:00:00,True,06:00:00,2024-02-22
8281,2024-02-22 06:15:00,True,06:15:00,2024-02-22
8282,2024-02-22 06:30:00,True,06:30:00,2024-02-22
8283,2024-02-22 06:45:00,True,06:45:00,2024-02-22
8284,2024-02-22 07:00:00,True,07:00:00,2024-02-22
8285,2024-02-22 07:15:00,True,07:15:00,2024-02-22
8286,2024-02-22 07:30:00,True,07:30:00,2024-02-22
8287,2024-02-22 07:45:00,True,07:45:00,2024-02-22
8288,2024-02-22 08:00:00,True,08:00:00,2024-02-22
8289,2024-02-22 08:15:00,True,08:15:00,2024-02-22
8290,2024-02-22 08:30:00,True,08:30:00,2024-02-22
8291,2024-02-22 08:45:00,True,08:45:00,2024-02-22
8292,2024-02-22 09:00:00,True,09:00:00,2024-02-22
8293,2024-02-22 09:15:00,True,09:15:00,2024-02-22
8294,2024-02-22 09:30:00,True,09:30:00,2024-02-22
8295,2024-02-22 09:45:00,True,09:45:00,2024-02-22
8296,2024-02-22 10:00:00,True,10:00:00,2024-02-22
8297,2024-02-22 10:15:00,True,10:15:00,2024-02-22
8298,2024-02-22 10:30:00,True,10:30:00,2024-02-22
8299,2024-02-22 10:45:00,True,10:45:00,2024-02-22
8300,2024-02-22 11:00:00,True,11:00:00,2024-02-22
8301,2024-02-22 11:15:00,True,11:15:00,2024-02-22
8302,2024-02-22 11:30:00,True,11:30:00,2024-02-22
8303,2024-02-22 11:45:00,True,11:45:00,2024-02-22
8304,2024-02-22 12:00:00,True,12:00:00,2024-02-22
8305,2024-02-22 12:15:00,True,12:15:00,2024-02-22
8306,2024-02-22 12:30:00,True,12:30:00,2024-02-22
8307,2024-02-22 12:45:00,True,12:45:00,2024-02-22
8308,2024-02-22 13:00:00,True,13:00:00,2024-02-22
8309,2024-02-22 13:15:00,True,13:15:00,2024-02-22
8310,2024-02-22 13:30:00,True,13:30:00,2024-02-22
8311,2024-02-22 13:45:00,True,13:45:00,2024-02-22
8312,2024-02-22 14:00:00,True,14:00:00,2024-02-22
8313,2024-02-22 14:15:00,True,14:15:00,2024-02-22
8314,2024-02-22 14:30:00,True,14:30:00,2024-02-22
8315,2024-02-22 14:45:00,True,14:45:00,2024-02-22
8316,2024-02-22 15:00:00,True,15:00:00,2024-02-22
8317,2024-02-22 15:15:00,True,15:15:00,2024-02-22
8318,2024-02-22 15:30:00,True,15:30:00,2024-02-22
8319,2024-02-22 15:45:00,True,15:45:00,2024-02-22
8320,2024-02-22 16:00:00,True,16:00:00,2024-02-22
8321,2024-02-22 16:15:00,True,16:15:00,2024-02-22
8322,2024-02-22 16:30:00,True,16:30:00,2024-02-22
8323,2024-02-22 16:45:00,True,16:45:00,2024-02-22
8324,2024-02-22 17:00:00,True,17:00:00,2024-02-22
8325,2024-02-22 17:15:00,True,17:15:00,2024-02-22
8326,2024-02-22 17:30:00,True,17:30:00,2024-02-22
8327,2024-02-22 17:45:00,True,17:45:00,2024-02-22
8328,2024-02-22 18:00:00,True,18:00:00,2024-02-22
8329,2024-02-22 18:15:00,True,18:15:00,2024-02-22
8330,2024-02-22 18:30:00,True,18:30:00,2024-02-22
8331,2024-02-22 18:45:00,True,18:45:00,2024-02-22
8332,2024-02-22 19:00:00,True,19:00:00,2024-02-22
8333,2024-02-22 19:15:00,True,19:15:00,2024-02-22
8334,2024-02-22 19:30:00,True,19:30:00,2024-02-22
8335,2024-02-22 19:45:00,True,19:45:00,2024-02-22
8336,2024-02-22 20:00:00,True,20:00:00,2024-02-22
8337,2024-02-22 20:15:00,True,20:15:00,2024-02-22
8338,2024-02-22 20:30:00,True,20:30:00,2024-02-22
8339,2024-02-22 20:45:00,True,20:45:00,2024-02-22
8340,2024-02-22 21:00:00,True,21:00:00,2024-02-22
8341,2024-02-22 21:15:00,True,21:15:00,2024-02-22
8342,2024-02-22 21:30:00,True,21:30:00,2024-02-22
8343,2024-02-22 21:45:00,True,21:45:00,2024-02-22
8344,2024-02-22 22:00:00,True,22:00:00,2024-02-22
8345,2024-02-22 22:15:00,True,22:15:00,2024-02-22
8346,2024-02-22 22:30:00,True,22:30:00,2024-02-22
8347,2024-02-22 22:45:00,True,22:45:00,2024-02-22
8348,2024-02-22 23:00:00,True,23:00:00,2024-02-22
8349,2024-02-22 23:15:00,True,23:15:00,2024-02-22
8350,2024-02-22 23:30:00,True,23:30:00,2024-02-22
8351,2024-02-22 23:45:00,True,23:45:00,2024-02-22
8352,2024-02-23 00:00:00,True,00:00:00,2024-02-23
8353,2024-02-23 00:15:00,True,00:15:00,2024-02-23
8354,2024-02-23 00:30:00,True,00:30:00,2024-02-23
8355,2024-02-23 00:45:00,True,00:45:00,2024-02-23
8356,2024-02-23 01:00:00,True,01:00:00,2024-02-23
8357,2024-02-23 01:15:00,True,01:15:00,2024-02-23
8358,2024-02-23 01:30:00,True,01:30:00,2024-02-23
8359,2024-02-23 01:45:00,True,01:45:00,2024-02-23
8360,2024-02-23 02:00:00,True,02:00:00,2024-02-23
8361,2024-02-23 02:15:00,True,02:15:00,2024-02-23
8362,2024-02-23 02:30:00,True,02:30:00,2024-02-23
8363,2024-02-23 02:45:00,True,02:45:00,2024-02-23
8364,2024-02-23 03:00:00,True,03:00:00,2024-02-23
8365,2024-02-23 03:15:00,True,03:15:00,2024-02-23
8366,2024-02-23 03:30:00,True,03:30:00,2024-02-23
8367,2024-02-23 03:45:00,True,03:45:00,2024-02-23
8368,2024-02-23 04:00:00,True,04:00:00,2024-02-23
8369,2024-02-23 04:15:00,True,04:15:00,2024-02-23
8370,2024-02-23 04:30:00,True,04:30:00,2024-02-23
8371,2024-02-23 04:45:00,True,04:45:00,2024-02-23
8372,2024-02-23 05:00:00,True,05:00:00,2024-02-23
8373,2024-02-23 05:15:00,True,05:15:00,2024-02-23
8374,2024-02-23 05:30:00,True,05:30:00,2024-02-23
8375,2024-02-23 05:45:00,True,05:45:00,2024-02-23
8376,2024-02-23 06:00:00,True,06:00:00,2024-02-23
8377,2024-02-23 06:15:00,True,06:15:00,2024-02-23
8378,2024-02-23 06:30:00,True,06:30:00,2024-02-23
8379,2024-02-23 06:45:00,True,06:45:00,2024-02-23
8380,2024-02-23 07:00:00,True,07:00:00,2024-02-23
8381,2024-02-23 07:15:00,True,07:15:00,2024-02-23
8382,2024-02-23 07:30:00,True,07:30:00,2024-02-23
8383,2024-02-23 07:45:00,True,07:45:00,2024-02-23
8384,2024-02-23 08:00:00,True,08:00:00,2024-02-23
8385,2024-02-23 08:15:00,True,08:15:00,2024-02-23
8386,2024-02-23 08:30:00,True,08:30:00,2024-02-23
8387,2024-02-23 08:45:00,True,08:45:00,2024-02-23
8388,2024-02-23 09:00:00,True,09:00:00,2024-02-23
8389,2024-02-23 09:15:00,True,09:15:00,2024-02-23
8390,2024-02-23 09:30:00,True,09:30:00,2024-02-23
8391,2024-02-23 09:45:00,True,09:45:00,2024-02-23
8392,2024-02-23 10:00:00,True,10:00:00,2024-02-23
8393,2024-02-23 10:15:00,True,10:15:00,2024-02-23
8394,2024-02-23 10:30:00,True,10:30:00,2024-02-23
8395,2024-02-23 10:45:00,True,10:45:00,2024-02-23
8396,2024-02-23 11:00:00,True,11:00:00,2024-02-23
8397,2024-02-23 11:15:00,True,11:15:00,2024-02-23
8398,2024-02-23 11:30:00,True,11:30:00,2024-02-23
8399,2024-02-23 11:45:00,True,11:45:00,2024-02-23
8400,2024-02-23 12:00:00,True,12:00:00,2024-02-23
8401,2024-02-23 12:15:00,True,12:15:00,2024-02-23
8402,2024-02-23 12:30:00,True,12:30:00,2024-02-23
8403,2024-02-23 12:45:00,True,12:45:00,2024-02-23
8404,2024-02-23 13:00:00,True,13:00:00,2024-02-23
8405,2024-02-23 13:15:00,True,13:15:00,2024-02-23
8406,2024-02-23 13:30:00,True,13:30:00,2024-02-23
8407,2024-02-23 13:45:00,True,13:45:00,2024-02-23
8408,2024-02-23 14:00:00,True,14:00:00,2024-02-23
8409,2024-02-23 14:15:00,True,14:15:00,2024-02-23
8410,2024-02-23 14:30:00,True,14:30:00,2024-02-23
8411,2024-02-23 14:45:00,True,14:45:00,2024-02-23
8412,2024-02-23 15:00:00,True,15:00:00,2024-02-23
8413,2024-02-23 15:15:00,True,15:15:00,2024-02-23
8414,2024-02-23 15:30:00,True,15:30:00,2024-02-23
8415,2024-02-23 15:45:00,True,15:45:00,2024-02-23
8416,2024-02-23 16:00:00,True,16:00:00,2024-02-23
8417,2024-02-23 16:15:00,True,16:15:00,2024-02-23
8418,2024-02-23 16:30:00,True,16:30:00,2024-02-23
8419,2024-02-23 16:45:00,True,16:45:00,2024-02-23
8420,2024-02-23 17:00:00,True,17:00:00,2024-02-23
8421,2024-02-23 17:15:00,True,17:15:00,2024-02-23
8422,2024-02-23 17:30:00,True,17:30:00,2024-02-23
8423,2024-02-23 17:45:00,True,17:45:00,2024-02-23
8424,2024-02-23 18:00:00,True,18:00:00,2024-02-23
8425,2024-02-23 18:15:00,True,18:15:00,2024-02-23
8426,2024-02-23 18:30:00,True,18:30:00,2024-02-23
8427,2024-02-23 18:45:00,True,18:45:00,2024-02-23
8428,2024-02-23 19:00:00,True,19:00:00,2024-02-23
8429,2024-02-23 19:15:00,True,19:15:00,2024-02-23
8430,2024-02-23 19:30:00,True,19:30:00,2024-02-23
8431,2024-02-23 19:45:00,True,19:45:00,2024-02-23
8432,2024-02-23 20:00:00,True,20:00:00,2024-02-23
8433,2024-02-23 20:15:00,True,20:15:00,2024-02-23
8434,2024-02-23 20:30:00,True,20:30:00,2024-02-23
8435,2024-02-23 20:45:00,True,20:45:00,2024-02-23
8436,2024-02-23 21:00:00,True,21:00:00,2024-02-23
8437,2024-02-23 21:15:00,True,21:15:00,2024-02-23
8438,2024-02-23 21:30:00,True,21:30:00,2024-02-23
8439,2024-02-23 21:45:00,True,21:45:00,2024-02-23
8440,2024-02-23 22:00:00,True,22:00:00,2024-02-23
8441,2024-02-23 22:15:00,True,22:15:00,2024-02-23
8442,2024-02-23 22:30:00,True,22:30:00,2024-02-23
8443,2024-02-23 22:45:00,True,22:45:00,2024-02-23
8444,2024-02-23 23:00:00,True,23:00:00,2024-02-23
8445,2024-02-23 23:15:00,True,23:15:00,2024-02-23
8446,2024-02-23 23:30:00,True,23:30:00,2024-02-23
8447,2024-02-23 23:45:00,True,23:45:00,2024-02-23
8448,2024-02-24 00:00:00,True,00:00:00,2024-02-24
8449,2024-02-24 00:15:00,True,00:15:00,2024-02-24
8450,2024-02-24 00:30:00,True,00:30:00,2024-02-24
8451,2024-02-24 00:45:00,True,00:45:00,2024-02-24
8452,2024-02-24 01:00:00,True,01:00:00,2024-02-24
8453,2024-02-24 01:15:00,True,01:15:00,2024-02-24
8454,2024-02-24 01:30:00,True,01:30:00,2024-02-24
8455,2024-02-24 01:45:00,True,01:45:00,2024-02-24
8456,2024-02-24 02:00:00,True,02:00:00,2024-02-24
8457,2024-02-24 02:15:00,True,02:15:00,2024-02-24
8458,2024-02-24 02:30:00,True,02:30:00,2024-02-24
8459,2024-02-24 02:45:00,True,02:45:00,2024-02-24
8460,2024-02-24 03:00:00,True,03:00:00,2024-02-24
8461,2024-02-24 03:15:00,True,03:15:00,2024-02-24
8462,2024-02-24 03:30:00,True,03:30:00,2024-02-24
8463,2024-02-24 03:45:00,True,03:45:00,2024-02-24
8464,2024-02-24 04:00:00,True,04:00:00,2024-02-24
8465,2024-02-24 04:15:00,True,04:15:00,2024-02-24
8466,2024-02-24 04:30:00,True,04:30:00,2024-02-24
8467,2024-02-24 04:45:00,True,04:45:00,2024-02-24
8468,2024-02-24 05:00:00,True,05:00:00,2024-02-24
8469,2024-02-24 05:15:00,True,05:15:00,2024-02-24
8470,2024-02-24 05:30:00,True,05:30:00,2024-02-24
8471,2024-02-24 05:45:00,True,05:45:00,2024-02-24
8472,2024-02-24 06:00:00,True,06:00:00,2024-02-24
8473,2024-02-24 06:15:00,True,06:15:00,2024-02-24
8474,2024-02-24 06:30:00,True,06:30:00,2024-02-24
8475,2024-02-24 06:45:00,True,06:45:00,2024-02-24
8476,2024-02-24 07:00:00,True,07:00:00,2024-02-24
8477,2024-02-24 07:15:00,True,07:15:00,2024-02-24
8478,2024-02-24 07:30:00,True,07:30:00,2024-02-24
8479,2024-02-24 07:45:00,True,07:45:00,2024-02-24
8480,2024-02-24 08:00:00,True,08:00:00,2024-02-24
8481,2024-02-24 08:15:00,True,08:15:00,2024-02-24
8482,2024-02-24 08:30:00,True,08:30:00,2024-02-24
8483,2024-02-24 08:45:00,True,08:45:00,2024-02-24
8484,2024-02-24 09:00:00,True,09:00:00,2024-02-24
8485,2024-02-24 09:15:00,True,09:15:00,2024-02-24
8486,2024-02-24 09:30:00,True,09:30:00,2024-02-24
8487,2024-02-24 09:45:00,True,09:45:00,2024-02-24
8488,2024-02-24 10:00:00,True,10:00:00,2024-02-24
8489,2024-02-24 10:15:00,True,10:15:00,2024-02-24
8490,2024-02-24 10:30:00,True,10:30:00,2024-02-24
8491,2024-02-24 10:45:00,True,10:45:00,2024-02-24
8492,2024-02-24 11:00:00,True,11:00:00,2024-02-24
8493,2024-02-24 11:15:00,True,11:15:00,2024-02-24
8494,2024-02-24 11:30:00,True,11:30:00,2024-02-24
8495,2024-02-24 11:45:00,True,11:45:00,2024-02-24
8496,2024-02-24 12:00:00,True,12:00:00,2024-02-24
8497,2024-02-24 12:15:00,True,12:15:00,2024-02-24
8498,2024-02-24 12:30:00,True,12:30:00,2024-02-24
8499,2024-02-24 12:45:00,True,12:45:00,2024-02-24
8500,2024-02-24 13:00:00,True,13:00:00,2024-02-24
8501,2024-02-24 13:15:00,True,13:15:00,2024-02-24
8502,2024-02-24 13:30:00,True,13:30:00,2024-02-24
8503,2024-02-24 13:45:00,True,13:45:00,2024-02-24
8504,2024-02-24 14:00:00,True,14:00:00,2024-02-24
8505,2024-02-24 14:15:00,True,14:15:00,2024-02-24
8506,2024-02-24 14:30:00,True,14:30:00,2024-02-24
8507,2024-02-24 14:45:00,True,14:45:00,2024-02-24
8508,2024-02-24 15:00:00,True,15:00:00,2024-02-24
8509,2024-02-24 15:15:00,True,15:15:00,2024-02-24
8510,2024-02-24 15:30:00,True,15:30:00,2024-02-24
8511,2024-02-24 15:45:00,True,15:45:00,2024-02-24
8512,2024-02-24 16:00:00,True,16:00:00,2024-02-24
8513,2024-02-24 16:15:00,True,16:15:00,2024-02-24
8514,2024-02-24 16:30:00,True,16:30:00,2024-02-24
8515,2024-02-24 16:45:00,True,16:45:00,2024-02-24
8516,2024-02-24 17:00:00,True,17:00:00,2024-02-24
8517,2024-02-24 17:15:00,True,17:15:00,2024-02-24
8518,2024-02-24 17:30:00,True,17:30:00,2024-02-24
8519,2024-02-24 17:45:00,True,17:45:00,2024-02-24
8520,2024-02-24 18:00:00,True,18:00:00,2024-02-24
8521,2024-02-24 18:15:00,True,18:15:00,2024-02-24
8522,2024-02-24 18:30:00,True,18:30:00,2024-02-24
8523,2024-02-24 18:45:00,True,18:45:00,2024-02-24
8524,2024-02-24 19:00:00,True,19:00:00,2024-02-24
8525,2024-02-24 19:15:00,True,19:15:00,2024-02-24
8526,2024-02-24 19:30:00,True,19:30:00,2024-02-24
8527,2024-02-24 19:45:00,True,19:45:00,2024-02-24
8528,2024-02-24 20:00:00,True,20:00:00,2024-02-24
8529,2024-02-24 20:15:00,True,20:15:00,2024-02-24
8530,2024-02-24 20:30:00,True,20:30:00,2024-02-24
8531,2024-02-24 20:45:00,True,20:45:00,2024-02-24
8532,2024-02-24 21:00:00,True,21:00:00,2024-02-24
8533,2024-02-24 21:15:00,True,21:15:00,2024-02-24
8534,2024-02-24 21:30:00,True,21:30:00,2024-02-24
8535,2024-02-24 21:45:00,True,21:45:00,2024-02-24
8536,2024-02-24 22:00:00,True,22:00:00,2024-02-24
8537,2024-02-24 22:15:00,True,22:15:00,2024-02-24
8538,2024-02-24 22:30:00,True,22:30:00,2024-02-24
8539,2024-02-24 22:45:00,True,22:45:00,2024-02-24
8540,2024-02-24 23:00:00,True,23:00:00,2024-02-24
8541,2024-02-24 23:15:00,True,23:15:00,2024-02-24
8542,2024-02-24 23:30:00,True,23:30:00,2024-02-24
8543,2024-02-24 23:45:00,True,23:45:00,2024-02-24
