,interval_start,missflg,15_min_chunk,date
0,2023-09-12 00:00:00,True,00:00:00,2023-09-12
1,2023-09-12 00:15:00,True,00:15:00,2023-09-12
2,2023-09-12 00:30:00,True,00:30:00,2023-09-12
3,2023-09-12 00:45:00,True,00:45:00,2023-09-12
4,2023-09-12 01:00:00,True,01:00:00,2023-09-12
5,2023-09-12 01:15:00,True,01:15:00,2023-09-12
6,2023-09-12 01:30:00,True,01:30:00,2023-09-12
7,2023-09-12 01:45:00,True,01:45:00,2023-09-12
8,2023-09-12 02:00:00,True,02:00:00,2023-09-12
9,2023-09-12 02:15:00,True,02:15:00,2023-09-12
10,2023-09-12 02:30:00,True,02:30:00,2023-09-12
11,2023-09-12 02:45:00,True,02:45:00,2023-09-12
12,2023-09-12 03:00:00,True,03:00:00,2023-09-12
13,2023-09-12 03:15:00,True,03:15:00,2023-09-12
14,2023-09-12 03:30:00,True,03:30:00,2023-09-12
15,2023-09-12 03:45:00,True,03:45:00,2023-09-12
16,2023-09-12 04:00:00,True,04:00:00,2023-09-12
17,2023-09-12 04:15:00,True,04:15:00,2023-09-12
18,2023-09-12 04:30:00,True,04:30:00,2023-09-12
19,2023-09-12 04:45:00,True,04:45:00,2023-09-12
20,2023-09-12 05:00:00,True,05:00:00,2023-09-12
21,2023-09-12 05:15:00,True,05:15:00,2023-09-12
22,2023-09-12 05:30:00,True,05:30:00,2023-09-12
23,2023-09-12 05:45:00,True,05:45:00,2023-09-12
24,2023-09-12 06:00:00,True,06:00:00,2023-09-12
25,2023-09-12 06:15:00,True,06:15:00,2023-09-12
26,2023-09-12 06:30:00,True,06:30:00,2023-09-12
27,2023-09-12 06:45:00,True,06:45:00,2023-09-12
28,2023-09-12 07:00:00,True,07:00:00,2023-09-12
29,2023-09-12 07:15:00,True,07:15:00,2023-09-12
30,2023-09-12 07:30:00,True,07:30:00,2023-09-12
31,2023-09-12 07:45:00,True,07:45:00,2023-09-12
32,2023-09-12 08:00:00,True,08:00:00,2023-09-12
33,2023-09-12 08:15:00,True,08:15:00,2023-09-12
34,2023-09-12 08:30:00,True,08:30:00,2023-09-12
35,2023-09-12 08:45:00,True,08:45:00,2023-09-12
36,2023-09-12 09:00:00,True,09:00:00,2023-09-12
37,2023-09-12 09:15:00,True,09:15:00,2023-09-12
38,2023-09-12 09:30:00,True,09:30:00,2023-09-12
39,2023-09-12 09:45:00,True,09:45:00,2023-09-12
40,2023-09-12 10:00:00,True,10:00:00,2023-09-12
41,2023-09-12 10:15:00,True,10:15:00,2023-09-12
42,2023-09-12 10:30:00,True,10:30:00,2023-09-12
43,2023-09-12 10:45:00,True,10:45:00,2023-09-12
44,2023-09-12 11:00:00,True,11:00:00,2023-09-12
45,2023-09-12 11:15:00,True,11:15:00,2023-09-12
46,2023-09-12 11:30:00,True,11:30:00,2023-09-12
47,2023-09-12 11:45:00,True,11:45:00,2023-09-12
48,2023-09-12 12:00:00,True,12:00:00,2023-09-12
49,2023-09-12 12:15:00,True,12:15:00,2023-09-12
50,2023-09-12 12:30:00,True,12:30:00,2023-09-12
51,2023-09-12 12:45:00,True,12:45:00,2023-09-12
52,2023-09-12 13:00:00,True,13:00:00,2023-09-12
53,2023-09-12 13:15:00,True,13:15:00,2023-09-12
54,2023-09-12 13:30:00,True,13:30:00,2023-09-12
55,2023-09-12 13:45:00,True,13:45:00,2023-09-12
56,2023-09-12 14:00:00,True,14:00:00,2023-09-12
57,2023-09-12 14:15:00,True,14:15:00,2023-09-12
58,2023-09-12 14:30:00,True,14:30:00,2023-09-12
59,2023-09-12 14:45:00,True,14:45:00,2023-09-12
60,2023-09-12 15:00:00,True,15:00:00,2023-09-12
61,2023-09-12 15:15:00,True,15:15:00,2023-09-12
62,2023-09-12 15:30:00,True,15:30:00,2023-09-12
63,2023-09-12 15:45:00,True,15:45:00,2023-09-12
64,2023-09-12 16:00:00,True,16:00:00,2023-09-12
65,2023-09-12 16:15:00,True,16:15:00,2023-09-12
66,2023-09-12 16:30:00,True,16:30:00,2023-09-12
67,2023-09-12 16:45:00,True,16:45:00,2023-09-12
68,2023-09-12 17:00:00,True,17:00:00,2023-09-12
69,2023-09-12 17:15:00,True,17:15:00,2023-09-12
70,2023-09-12 17:30:00,True,17:30:00,2023-09-12
71,2023-09-12 17:45:00,True,17:45:00,2023-09-12
72,2023-09-12 18:00:00,True,18:00:00,2023-09-12
73,2023-09-12 18:15:00,True,18:15:00,2023-09-12
74,2023-09-12 18:30:00,True,18:30:00,2023-09-12
75,2023-09-12 18:45:00,True,18:45:00,2023-09-12
76,2023-09-12 19:00:00,True,19:00:00,2023-09-12
77,2023-09-12 19:15:00,True,19:15:00,2023-09-12
78,2023-09-12 19:30:00,True,19:30:00,2023-09-12
79,2023-09-12 19:45:00,True,19:45:00,2023-09-12
80,2023-09-12 20:00:00,False,20:00:00,2023-09-12
81,2023-09-12 20:15:00,False,20:15:00,2023-09-12
82,2023-09-12 20:30:00,False,20:30:00,2023-09-12
83,2023-09-12 20:45:00,False,20:45:00,2023-09-12
84,2023-09-12 21:00:00,False,21:00:00,2023-09-12
85,2023-09-12 21:15:00,False,21:15:00,2023-09-12
86,2023-09-12 21:30:00,False,21:30:00,2023-09-12
87,2023-09-12 21:45:00,False,21:45:00,2023-09-12
88,2023-09-12 22:00:00,False,22:00:00,2023-09-12
89,2023-09-12 22:15:00,False,22:15:00,2023-09-12
90,2023-09-12 22:30:00,False,22:30:00,2023-09-12
91,2023-09-12 22:45:00,False,22:45:00,2023-09-12
92,2023-09-12 23:00:00,False,23:00:00,2023-09-12
93,2023-09-12 23:15:00,False,23:15:00,2023-09-12
94,2023-09-12 23:30:00,False,23:30:00,2023-09-12
95,2023-09-12 23:45:00,False,23:45:00,2023-09-12
96,2023-09-13 00:00:00,False,00:00:00,2023-09-13
97,2023-09-13 00:15:00,False,00:15:00,2023-09-13
98,2023-09-13 00:30:00,False,00:30:00,2023-09-13
99,2023-09-13 00:45:00,False,00:45:00,2023-09-13
100,2023-09-13 01:00:00,False,01:00:00,2023-09-13
101,2023-09-13 01:15:00,False,01:15:00,2023-09-13
102,2023-09-13 01:30:00,False,01:30:00,2023-09-13
103,2023-09-13 01:45:00,False,01:45:00,2023-09-13
104,2023-09-13 02:00:00,False,02:00:00,2023-09-13
105,2023-09-13 02:15:00,False,02:15:00,2023-09-13
106,2023-09-13 02:30:00,False,02:30:00,2023-09-13
107,2023-09-13 02:45:00,False,02:45:00,2023-09-13
108,2023-09-13 03:00:00,False,03:00:00,2023-09-13
109,2023-09-13 03:15:00,False,03:15:00,2023-09-13
110,2023-09-13 03:30:00,False,03:30:00,2023-09-13
111,2023-09-13 03:45:00,False,03:45:00,2023-09-13
112,2023-09-13 04:00:00,False,04:00:00,2023-09-13
113,2023-09-13 04:15:00,False,04:15:00,2023-09-13
114,2023-09-13 04:30:00,False,04:30:00,2023-09-13
115,2023-09-13 04:45:00,False,04:45:00,2023-09-13
116,2023-09-13 05:00:00,False,05:00:00,2023-09-13
117,2023-09-13 05:15:00,False,05:15:00,2023-09-13
118,2023-09-13 05:30:00,False,05:30:00,2023-09-13
119,2023-09-13 05:45:00,False,05:45:00,2023-09-13
120,2023-09-13 06:00:00,False,06:00:00,2023-09-13
121,2023-09-13 06:15:00,False,06:15:00,2023-09-13
122,2023-09-13 06:30:00,False,06:30:00,2023-09-13
123,2023-09-13 06:45:00,False,06:45:00,2023-09-13
124,2023-09-13 07:00:00,False,07:00:00,2023-09-13
125,2023-09-13 07:15:00,False,07:15:00,2023-09-13
126,2023-09-13 07:30:00,False,07:30:00,2023-09-13
127,2023-09-13 07:45:00,False,07:45:00,2023-09-13
128,2023-09-13 08:00:00,False,08:00:00,2023-09-13
129,2023-09-13 08:15:00,False,08:15:00,2023-09-13
130,2023-09-13 08:30:00,False,08:30:00,2023-09-13
131,2023-09-13 08:45:00,False,08:45:00,2023-09-13
132,2023-09-13 09:00:00,False,09:00:00,2023-09-13
133,2023-09-13 09:15:00,False,09:15:00,2023-09-13
134,2023-09-13 09:30:00,False,09:30:00,2023-09-13
135,2023-09-13 09:45:00,False,09:45:00,2023-09-13
136,2023-09-13 10:00:00,True,10:00:00,2023-09-13
137,2023-09-13 10:15:00,True,10:15:00,2023-09-13
138,2023-09-13 10:30:00,True,10:30:00,2023-09-13
139,2023-09-13 10:45:00,True,10:45:00,2023-09-13
140,2023-09-13 11:00:00,True,11:00:00,2023-09-13
141,2023-09-13 11:15:00,False,11:15:00,2023-09-13
142,2023-09-13 11:30:00,False,11:30:00,2023-09-13
143,2023-09-13 11:45:00,False,11:45:00,2023-09-13
144,2023-09-13 12:00:00,False,12:00:00,2023-09-13
145,2023-09-13 12:15:00,False,12:15:00,2023-09-13
146,2023-09-13 12:30:00,False,12:30:00,2023-09-13
147,2023-09-13 12:45:00,False,12:45:00,2023-09-13
148,2023-09-13 13:00:00,False,13:00:00,2023-09-13
149,2023-09-13 13:15:00,False,13:15:00,2023-09-13
150,2023-09-13 13:30:00,False,13:30:00,2023-09-13
151,2023-09-13 13:45:00,False,13:45:00,2023-09-13
152,2023-09-13 14:00:00,False,14:00:00,2023-09-13
153,2023-09-13 14:15:00,False,14:15:00,2023-09-13
154,2023-09-13 14:30:00,False,14:30:00,2023-09-13
155,2023-09-13 14:45:00,False,14:45:00,2023-09-13
156,2023-09-13 15:00:00,False,15:00:00,2023-09-13
157,2023-09-13 15:15:00,False,15:15:00,2023-09-13
158,2023-09-13 15:30:00,False,15:30:00,2023-09-13
159,2023-09-13 15:45:00,False,15:45:00,2023-09-13
160,2023-09-13 16:00:00,False,16:00:00,2023-09-13
161,2023-09-13 16:15:00,False,16:15:00,2023-09-13
162,2023-09-13 16:30:00,False,16:30:00,2023-09-13
163,2023-09-13 16:45:00,False,16:45:00,2023-09-13
164,2023-09-13 17:00:00,False,17:00:00,2023-09-13
165,2023-09-13 17:15:00,False,17:15:00,2023-09-13
166,2023-09-13 17:30:00,False,17:30:00,2023-09-13
167,2023-09-13 17:45:00,False,17:45:00,2023-09-13
168,2023-09-13 18:00:00,False,18:00:00,2023-09-13
169,2023-09-13 18:15:00,False,18:15:00,2023-09-13
170,2023-09-13 18:30:00,False,18:30:00,2023-09-13
171,2023-09-13 18:45:00,False,18:45:00,2023-09-13
172,2023-09-13 19:00:00,False,19:00:00,2023-09-13
173,2023-09-13 19:15:00,False,19:15:00,2023-09-13
174,2023-09-13 19:30:00,False,19:30:00,2023-09-13
175,2023-09-13 19:45:00,False,19:45:00,2023-09-13
176,2023-09-13 20:00:00,False,20:00:00,2023-09-13
177,2023-09-13 20:15:00,False,20:15:00,2023-09-13
178,2023-09-13 20:30:00,False,20:30:00,2023-09-13
179,2023-09-13 20:45:00,False,20:45:00,2023-09-13
180,2023-09-13 21:00:00,False,21:00:00,2023-09-13
181,2023-09-13 21:15:00,False,21:15:00,2023-09-13
182,2023-09-13 21:30:00,False,21:30:00,2023-09-13
183,2023-09-13 21:45:00,False,21:45:00,2023-09-13
184,2023-09-13 22:00:00,False,22:00:00,2023-09-13
185,2023-09-13 22:15:00,False,22:15:00,2023-09-13
186,2023-09-13 22:30:00,False,22:30:00,2023-09-13
187,2023-09-13 22:45:00,False,22:45:00,2023-09-13
188,2023-09-13 23:00:00,False,23:00:00,2023-09-13
189,2023-09-13 23:15:00,False,23:15:00,2023-09-13
190,2023-09-13 23:30:00,False,23:30:00,2023-09-13
191,2023-09-13 23:45:00,False,23:45:00,2023-09-13
192,2023-09-14 00:00:00,False,00:00:00,2023-09-14
193,2023-09-14 00:15:00,False,00:15:00,2023-09-14
194,2023-09-14 00:30:00,False,00:30:00,2023-09-14
195,2023-09-14 00:45:00,False,00:45:00,2023-09-14
196,2023-09-14 01:00:00,False,01:00:00,2023-09-14
197,2023-09-14 01:15:00,False,01:15:00,2023-09-14
198,2023-09-14 01:30:00,False,01:30:00,2023-09-14
199,2023-09-14 01:45:00,False,01:45:00,2023-09-14
200,2023-09-14 02:00:00,False,02:00:00,2023-09-14
201,2023-09-14 02:15:00,False,02:15:00,2023-09-14
202,2023-09-14 02:30:00,False,02:30:00,2023-09-14
203,2023-09-14 02:45:00,False,02:45:00,2023-09-14
204,2023-09-14 03:00:00,False,03:00:00,2023-09-14
205,2023-09-14 03:15:00,False,03:15:00,2023-09-14
206,2023-09-14 03:30:00,False,03:30:00,2023-09-14
207,2023-09-14 03:45:00,False,03:45:00,2023-09-14
208,2023-09-14 04:00:00,False,04:00:00,2023-09-14
209,2023-09-14 04:15:00,False,04:15:00,2023-09-14
210,2023-09-14 04:30:00,False,04:30:00,2023-09-14
211,2023-09-14 04:45:00,False,04:45:00,2023-09-14
212,2023-09-14 05:00:00,False,05:00:00,2023-09-14
213,2023-09-14 05:15:00,False,05:15:00,2023-09-14
214,2023-09-14 05:30:00,False,05:30:00,2023-09-14
215,2023-09-14 05:45:00,False,05:45:00,2023-09-14
216,2023-09-14 06:00:00,False,06:00:00,2023-09-14
217,2023-09-14 06:15:00,False,06:15:00,2023-09-14
218,2023-09-14 06:30:00,False,06:30:00,2023-09-14
219,2023-09-14 06:45:00,False,06:45:00,2023-09-14
220,2023-09-14 07:00:00,False,07:00:00,2023-09-14
221,2023-09-14 07:15:00,False,07:15:00,2023-09-14
222,2023-09-14 07:30:00,False,07:30:00,2023-09-14
223,2023-09-14 07:45:00,False,07:45:00,2023-09-14
224,2023-09-14 08:00:00,False,08:00:00,2023-09-14
225,2023-09-14 08:15:00,False,08:15:00,2023-09-14
226,2023-09-14 08:30:00,False,08:30:00,2023-09-14
227,2023-09-14 08:45:00,False,08:45:00,2023-09-14
228,2023-09-14 09:00:00,False,09:00:00,2023-09-14
229,2023-09-14 09:15:00,False,09:15:00,2023-09-14
230,2023-09-14 09:30:00,False,09:30:00,2023-09-14
231,2023-09-14 09:45:00,False,09:45:00,2023-09-14
232,2023-09-14 10:00:00,False,10:00:00,2023-09-14
233,2023-09-14 10:15:00,False,10:15:00,2023-09-14
234,2023-09-14 10:30:00,False,10:30:00,2023-09-14
235,2023-09-14 10:45:00,False,10:45:00,2023-09-14
236,2023-09-14 11:00:00,False,11:00:00,2023-09-14
237,2023-09-14 11:15:00,False,11:15:00,2023-09-14
238,2023-09-14 11:30:00,False,11:30:00,2023-09-14
239,2023-09-14 11:45:00,False,11:45:00,2023-09-14
240,2023-09-14 12:00:00,False,12:00:00,2023-09-14
241,2023-09-14 12:15:00,False,12:15:00,2023-09-14
242,2023-09-14 12:30:00,False,12:30:00,2023-09-14
243,2023-09-14 12:45:00,False,12:45:00,2023-09-14
244,2023-09-14 13:00:00,False,13:00:00,2023-09-14
245,2023-09-14 13:15:00,False,13:15:00,2023-09-14
246,2023-09-14 13:30:00,False,13:30:00,2023-09-14
247,2023-09-14 13:45:00,False,13:45:00,2023-09-14
248,2023-09-14 14:00:00,False,14:00:00,2023-09-14
249,2023-09-14 14:15:00,False,14:15:00,2023-09-14
250,2023-09-14 14:30:00,False,14:30:00,2023-09-14
251,2023-09-14 14:45:00,False,14:45:00,2023-09-14
252,2023-09-14 15:00:00,False,15:00:00,2023-09-14
253,2023-09-14 15:15:00,False,15:15:00,2023-09-14
254,2023-09-14 15:30:00,False,15:30:00,2023-09-14
255,2023-09-14 15:45:00,False,15:45:00,2023-09-14
256,2023-09-14 16:00:00,False,16:00:00,2023-09-14
257,2023-09-14 16:15:00,False,16:15:00,2023-09-14
258,2023-09-14 16:30:00,False,16:30:00,2023-09-14
259,2023-09-14 16:45:00,False,16:45:00,2023-09-14
260,2023-09-14 17:00:00,False,17:00:00,2023-09-14
261,2023-09-14 17:15:00,False,17:15:00,2023-09-14
262,2023-09-14 17:30:00,False,17:30:00,2023-09-14
263,2023-09-14 17:45:00,False,17:45:00,2023-09-14
264,2023-09-14 18:00:00,False,18:00:00,2023-09-14
265,2023-09-14 18:15:00,False,18:15:00,2023-09-14
266,2023-09-14 18:30:00,False,18:30:00,2023-09-14
267,2023-09-14 18:45:00,False,18:45:00,2023-09-14
268,2023-09-14 19:00:00,False,19:00:00,2023-09-14
269,2023-09-14 19:15:00,False,19:15:00,2023-09-14
270,2023-09-14 19:30:00,False,19:30:00,2023-09-14
271,2023-09-14 19:45:00,False,19:45:00,2023-09-14
272,2023-09-14 20:00:00,False,20:00:00,2023-09-14
273,2023-09-14 20:15:00,False,20:15:00,2023-09-14
274,2023-09-14 20:30:00,False,20:30:00,2023-09-14
275,2023-09-14 20:45:00,False,20:45:00,2023-09-14
276,2023-09-14 21:00:00,False,21:00:00,2023-09-14
277,2023-09-14 21:15:00,False,21:15:00,2023-09-14
278,2023-09-14 21:30:00,False,21:30:00,2023-09-14
279,2023-09-14 21:45:00,False,21:45:00,2023-09-14
280,2023-09-14 22:00:00,False,22:00:00,2023-09-14
281,2023-09-14 22:15:00,False,22:15:00,2023-09-14
282,2023-09-14 22:30:00,False,22:30:00,2023-09-14
283,2023-09-14 22:45:00,False,22:45:00,2023-09-14
284,2023-09-14 23:00:00,False,23:00:00,2023-09-14
285,2023-09-14 23:15:00,False,23:15:00,2023-09-14
286,2023-09-14 23:30:00,False,23:30:00,2023-09-14
287,2023-09-14 23:45:00,False,23:45:00,2023-09-14
288,2023-09-15 00:00:00,False,00:00:00,2023-09-15
289,2023-09-15 00:15:00,False,00:15:00,2023-09-15
290,2023-09-15 00:30:00,False,00:30:00,2023-09-15
291,2023-09-15 00:45:00,False,00:45:00,2023-09-15
292,2023-09-15 01:00:00,False,01:00:00,2023-09-15
293,2023-09-15 01:15:00,False,01:15:00,2023-09-15
294,2023-09-15 01:30:00,False,01:30:00,2023-09-15
295,2023-09-15 01:45:00,False,01:45:00,2023-09-15
296,2023-09-15 02:00:00,False,02:00:00,2023-09-15
297,2023-09-15 02:15:00,False,02:15:00,2023-09-15
298,2023-09-15 02:30:00,False,02:30:00,2023-09-15
299,2023-09-15 02:45:00,False,02:45:00,2023-09-15
300,2023-09-15 03:00:00,False,03:00:00,2023-09-15
301,2023-09-15 03:15:00,False,03:15:00,2023-09-15
302,2023-09-15 03:30:00,False,03:30:00,2023-09-15
303,2023-09-15 03:45:00,False,03:45:00,2023-09-15
304,2023-09-15 04:00:00,False,04:00:00,2023-09-15
305,2023-09-15 04:15:00,False,04:15:00,2023-09-15
306,2023-09-15 04:30:00,False,04:30:00,2023-09-15
307,2023-09-15 04:45:00,False,04:45:00,2023-09-15
308,2023-09-15 05:00:00,False,05:00:00,2023-09-15
309,2023-09-15 05:15:00,False,05:15:00,2023-09-15
310,2023-09-15 05:30:00,False,05:30:00,2023-09-15
311,2023-09-15 05:45:00,False,05:45:00,2023-09-15
312,2023-09-15 06:00:00,False,06:00:00,2023-09-15
313,2023-09-15 06:15:00,False,06:15:00,2023-09-15
314,2023-09-15 06:30:00,False,06:30:00,2023-09-15
315,2023-09-15 06:45:00,False,06:45:00,2023-09-15
316,2023-09-15 07:00:00,False,07:00:00,2023-09-15
317,2023-09-15 07:15:00,False,07:15:00,2023-09-15
318,2023-09-15 07:30:00,False,07:30:00,2023-09-15
319,2023-09-15 07:45:00,False,07:45:00,2023-09-15
320,2023-09-15 08:00:00,False,08:00:00,2023-09-15
321,2023-09-15 08:15:00,False,08:15:00,2023-09-15
322,2023-09-15 08:30:00,False,08:30:00,2023-09-15
323,2023-09-15 08:45:00,False,08:45:00,2023-09-15
324,2023-09-15 09:00:00,False,09:00:00,2023-09-15
325,2023-09-15 09:15:00,True,09:15:00,2023-09-15
326,2023-09-15 09:30:00,True,09:30:00,2023-09-15
327,2023-09-15 09:45:00,True,09:45:00,2023-09-15
328,2023-09-15 10:00:00,False,10:00:00,2023-09-15
329,2023-09-15 10:15:00,False,10:15:00,2023-09-15
330,2023-09-15 10:30:00,False,10:30:00,2023-09-15
331,2023-09-15 10:45:00,False,10:45:00,2023-09-15
332,2023-09-15 11:00:00,False,11:00:00,2023-09-15
333,2023-09-15 11:15:00,False,11:15:00,2023-09-15
334,2023-09-15 11:30:00,False,11:30:00,2023-09-15
335,2023-09-15 11:45:00,False,11:45:00,2023-09-15
336,2023-09-15 12:00:00,False,12:00:00,2023-09-15
337,2023-09-15 12:15:00,False,12:15:00,2023-09-15
338,2023-09-15 12:30:00,False,12:30:00,2023-09-15
339,2023-09-15 12:45:00,False,12:45:00,2023-09-15
340,2023-09-15 13:00:00,False,13:00:00,2023-09-15
341,2023-09-15 13:15:00,False,13:15:00,2023-09-15
342,2023-09-15 13:30:00,False,13:30:00,2023-09-15
343,2023-09-15 13:45:00,False,13:45:00,2023-09-15
344,2023-09-15 14:00:00,False,14:00:00,2023-09-15
345,2023-09-15 14:15:00,False,14:15:00,2023-09-15
346,2023-09-15 14:30:00,False,14:30:00,2023-09-15
347,2023-09-15 14:45:00,False,14:45:00,2023-09-15
348,2023-09-15 15:00:00,False,15:00:00,2023-09-15
349,2023-09-15 15:15:00,False,15:15:00,2023-09-15
350,2023-09-15 15:30:00,False,15:30:00,2023-09-15
351,2023-09-15 15:45:00,False,15:45:00,2023-09-15
352,2023-09-15 16:00:00,False,16:00:00,2023-09-15
353,2023-09-15 16:15:00,False,16:15:00,2023-09-15
354,2023-09-15 16:30:00,False,16:30:00,2023-09-15
355,2023-09-15 16:45:00,False,16:45:00,2023-09-15
356,2023-09-15 17:00:00,False,17:00:00,2023-09-15
357,2023-09-15 17:15:00,False,17:15:00,2023-09-15
358,2023-09-15 17:30:00,False,17:30:00,2023-09-15
359,2023-09-15 17:45:00,False,17:45:00,2023-09-15
360,2023-09-15 18:00:00,False,18:00:00,2023-09-15
361,2023-09-15 18:15:00,False,18:15:00,2023-09-15
362,2023-09-15 18:30:00,False,18:30:00,2023-09-15
363,2023-09-15 18:45:00,False,18:45:00,2023-09-15
364,2023-09-15 19:00:00,False,19:00:00,2023-09-15
365,2023-09-15 19:15:00,False,19:15:00,2023-09-15
366,2023-09-15 19:30:00,False,19:30:00,2023-09-15
367,2023-09-15 19:45:00,False,19:45:00,2023-09-15
368,2023-09-15 20:00:00,False,20:00:00,2023-09-15
369,2023-09-15 20:15:00,False,20:15:00,2023-09-15
370,2023-09-15 20:30:00,False,20:30:00,2023-09-15
371,2023-09-15 20:45:00,False,20:45:00,2023-09-15
372,2023-09-15 21:00:00,False,21:00:00,2023-09-15
373,2023-09-15 21:15:00,False,21:15:00,2023-09-15
374,2023-09-15 21:30:00,False,21:30:00,2023-09-15
375,2023-09-15 21:45:00,False,21:45:00,2023-09-15
376,2023-09-15 22:00:00,False,22:00:00,2023-09-15
377,2023-09-15 22:15:00,False,22:15:00,2023-09-15
378,2023-09-15 22:30:00,False,22:30:00,2023-09-15
379,2023-09-15 22:45:00,False,22:45:00,2023-09-15
380,2023-09-15 23:00:00,False,23:00:00,2023-09-15
381,2023-09-15 23:15:00,False,23:15:00,2023-09-15
382,2023-09-15 23:30:00,False,23:30:00,2023-09-15
383,2023-09-15 23:45:00,False,23:45:00,2023-09-15
384,2023-09-16 00:00:00,False,00:00:00,2023-09-16
385,2023-09-16 00:15:00,False,00:15:00,2023-09-16
386,2023-09-16 00:30:00,False,00:30:00,2023-09-16
387,2023-09-16 00:45:00,False,00:45:00,2023-09-16
388,2023-09-16 01:00:00,False,01:00:00,2023-09-16
389,2023-09-16 01:15:00,False,01:15:00,2023-09-16
390,2023-09-16 01:30:00,False,01:30:00,2023-09-16
391,2023-09-16 01:45:00,False,01:45:00,2023-09-16
392,2023-09-16 02:00:00,False,02:00:00,2023-09-16
393,2023-09-16 02:15:00,False,02:15:00,2023-09-16
394,2023-09-16 02:30:00,False,02:30:00,2023-09-16
395,2023-09-16 02:45:00,False,02:45:00,2023-09-16
396,2023-09-16 03:00:00,False,03:00:00,2023-09-16
397,2023-09-16 03:15:00,False,03:15:00,2023-09-16
398,2023-09-16 03:30:00,False,03:30:00,2023-09-16
399,2023-09-16 03:45:00,False,03:45:00,2023-09-16
400,2023-09-16 04:00:00,False,04:00:00,2023-09-16
401,2023-09-16 04:15:00,False,04:15:00,2023-09-16
402,2023-09-16 04:30:00,False,04:30:00,2023-09-16
403,2023-09-16 04:45:00,False,04:45:00,2023-09-16
404,2023-09-16 05:00:00,False,05:00:00,2023-09-16
405,2023-09-16 05:15:00,False,05:15:00,2023-09-16
406,2023-09-16 05:30:00,False,05:30:00,2023-09-16
407,2023-09-16 05:45:00,False,05:45:00,2023-09-16
408,2023-09-16 06:00:00,False,06:00:00,2023-09-16
409,2023-09-16 06:15:00,False,06:15:00,2023-09-16
410,2023-09-16 06:30:00,False,06:30:00,2023-09-16
411,2023-09-16 06:45:00,False,06:45:00,2023-09-16
412,2023-09-16 07:00:00,False,07:00:00,2023-09-16
413,2023-09-16 07:15:00,False,07:15:00,2023-09-16
414,2023-09-16 07:30:00,False,07:30:00,2023-09-16
415,2023-09-16 07:45:00,False,07:45:00,2023-09-16
416,2023-09-16 08:00:00,False,08:00:00,2023-09-16
417,2023-09-16 08:15:00,False,08:15:00,2023-09-16
418,2023-09-16 08:30:00,False,08:30:00,2023-09-16
419,2023-09-16 08:45:00,False,08:45:00,2023-09-16
420,2023-09-16 09:00:00,False,09:00:00,2023-09-16
421,2023-09-16 09:15:00,False,09:15:00,2023-09-16
422,2023-09-16 09:30:00,False,09:30:00,2023-09-16
423,2023-09-16 09:45:00,False,09:45:00,2023-09-16
424,2023-09-16 10:00:00,False,10:00:00,2023-09-16
425,2023-09-16 10:15:00,False,10:15:00,2023-09-16
426,2023-09-16 10:30:00,False,10:30:00,2023-09-16
427,2023-09-16 10:45:00,False,10:45:00,2023-09-16
428,2023-09-16 11:00:00,False,11:00:00,2023-09-16
429,2023-09-16 11:15:00,False,11:15:00,2023-09-16
430,2023-09-16 11:30:00,False,11:30:00,2023-09-16
431,2023-09-16 11:45:00,False,11:45:00,2023-09-16
432,2023-09-16 12:00:00,False,12:00:00,2023-09-16
433,2023-09-16 12:15:00,False,12:15:00,2023-09-16
434,2023-09-16 12:30:00,False,12:30:00,2023-09-16
435,2023-09-16 12:45:00,False,12:45:00,2023-09-16
436,2023-09-16 13:00:00,False,13:00:00,2023-09-16
437,2023-09-16 13:15:00,False,13:15:00,2023-09-16
438,2023-09-16 13:30:00,False,13:30:00,2023-09-16
439,2023-09-16 13:45:00,False,13:45:00,2023-09-16
440,2023-09-16 14:00:00,False,14:00:00,2023-09-16
441,2023-09-16 14:15:00,False,14:15:00,2023-09-16
442,2023-09-16 14:30:00,False,14:30:00,2023-09-16
443,2023-09-16 14:45:00,False,14:45:00,2023-09-16
444,2023-09-16 15:00:00,False,15:00:00,2023-09-16
445,2023-09-16 15:15:00,False,15:15:00,2023-09-16
446,2023-09-16 15:30:00,False,15:30:00,2023-09-16
447,2023-09-16 15:45:00,False,15:45:00,2023-09-16
448,2023-09-16 16:00:00,False,16:00:00,2023-09-16
449,2023-09-16 16:15:00,False,16:15:00,2023-09-16
450,2023-09-16 16:30:00,False,16:30:00,2023-09-16
451,2023-09-16 16:45:00,False,16:45:00,2023-09-16
452,2023-09-16 17:00:00,False,17:00:00,2023-09-16
453,2023-09-16 17:15:00,False,17:15:00,2023-09-16
454,2023-09-16 17:30:00,False,17:30:00,2023-09-16
455,2023-09-16 17:45:00,False,17:45:00,2023-09-16
456,2023-09-16 18:00:00,False,18:00:00,2023-09-16
457,2023-09-16 18:15:00,False,18:15:00,2023-09-16
458,2023-09-16 18:30:00,False,18:30:00,2023-09-16
459,2023-09-16 18:45:00,False,18:45:00,2023-09-16
460,2023-09-16 19:00:00,False,19:00:00,2023-09-16
461,2023-09-16 19:15:00,False,19:15:00,2023-09-16
462,2023-09-16 19:30:00,False,19:30:00,2023-09-16
463,2023-09-16 19:45:00,False,19:45:00,2023-09-16
464,2023-09-16 20:00:00,False,20:00:00,2023-09-16
465,2023-09-16 20:15:00,False,20:15:00,2023-09-16
466,2023-09-16 20:30:00,False,20:30:00,2023-09-16
467,2023-09-16 20:45:00,False,20:45:00,2023-09-16
468,2023-09-16 21:00:00,False,21:00:00,2023-09-16
469,2023-09-16 21:15:00,False,21:15:00,2023-09-16
470,2023-09-16 21:30:00,False,21:30:00,2023-09-16
471,2023-09-16 21:45:00,False,21:45:00,2023-09-16
472,2023-09-16 22:00:00,False,22:00:00,2023-09-16
473,2023-09-16 22:15:00,False,22:15:00,2023-09-16
474,2023-09-16 22:30:00,False,22:30:00,2023-09-16
475,2023-09-16 22:45:00,False,22:45:00,2023-09-16
476,2023-09-16 23:00:00,False,23:00:00,2023-09-16
477,2023-09-16 23:15:00,False,23:15:00,2023-09-16
478,2023-09-16 23:30:00,False,23:30:00,2023-09-16
479,2023-09-16 23:45:00,False,23:45:00,2023-09-16
480,2023-09-17 00:00:00,False,00:00:00,2023-09-17
481,2023-09-17 00:15:00,False,00:15:00,2023-09-17
482,2023-09-17 00:30:00,False,00:30:00,2023-09-17
483,2023-09-17 00:45:00,False,00:45:00,2023-09-17
484,2023-09-17 01:00:00,False,01:00:00,2023-09-17
485,2023-09-17 01:15:00,False,01:15:00,2023-09-17
486,2023-09-17 01:30:00,False,01:30:00,2023-09-17
487,2023-09-17 01:45:00,False,01:45:00,2023-09-17
488,2023-09-17 02:00:00,False,02:00:00,2023-09-17
489,2023-09-17 02:15:00,False,02:15:00,2023-09-17
490,2023-09-17 02:30:00,False,02:30:00,2023-09-17
491,2023-09-17 02:45:00,True,02:45:00,2023-09-17
492,2023-09-17 03:00:00,True,03:00:00,2023-09-17
493,2023-09-17 03:15:00,False,03:15:00,2023-09-17
494,2023-09-17 03:30:00,False,03:30:00,2023-09-17
495,2023-09-17 03:45:00,False,03:45:00,2023-09-17
496,2023-09-17 04:00:00,False,04:00:00,2023-09-17
497,2023-09-17 04:15:00,False,04:15:00,2023-09-17
498,2023-09-17 04:30:00,False,04:30:00,2023-09-17
499,2023-09-17 04:45:00,False,04:45:00,2023-09-17
500,2023-09-17 05:00:00,False,05:00:00,2023-09-17
501,2023-09-17 05:15:00,False,05:15:00,2023-09-17
502,2023-09-17 05:30:00,False,05:30:00,2023-09-17
503,2023-09-17 05:45:00,False,05:45:00,2023-09-17
504,2023-09-17 06:00:00,False,06:00:00,2023-09-17
505,2023-09-17 06:15:00,False,06:15:00,2023-09-17
506,2023-09-17 06:30:00,False,06:30:00,2023-09-17
507,2023-09-17 06:45:00,False,06:45:00,2023-09-17
508,2023-09-17 07:00:00,False,07:00:00,2023-09-17
509,2023-09-17 07:15:00,False,07:15:00,2023-09-17
510,2023-09-17 07:30:00,False,07:30:00,2023-09-17
511,2023-09-17 07:45:00,False,07:45:00,2023-09-17
512,2023-09-17 08:00:00,False,08:00:00,2023-09-17
513,2023-09-17 08:15:00,False,08:15:00,2023-09-17
514,2023-09-17 08:30:00,False,08:30:00,2023-09-17
515,2023-09-17 08:45:00,False,08:45:00,2023-09-17
516,2023-09-17 09:00:00,False,09:00:00,2023-09-17
517,2023-09-17 09:15:00,False,09:15:00,2023-09-17
518,2023-09-17 09:30:00,False,09:30:00,2023-09-17
519,2023-09-17 09:45:00,False,09:45:00,2023-09-17
520,2023-09-17 10:00:00,False,10:00:00,2023-09-17
521,2023-09-17 10:15:00,False,10:15:00,2023-09-17
522,2023-09-17 10:30:00,False,10:30:00,2023-09-17
523,2023-09-17 10:45:00,False,10:45:00,2023-09-17
524,2023-09-17 11:00:00,False,11:00:00,2023-09-17
525,2023-09-17 11:15:00,False,11:15:00,2023-09-17
526,2023-09-17 11:30:00,False,11:30:00,2023-09-17
527,2023-09-17 11:45:00,False,11:45:00,2023-09-17
528,2023-09-17 12:00:00,False,12:00:00,2023-09-17
529,2023-09-17 12:15:00,False,12:15:00,2023-09-17
530,2023-09-17 12:30:00,False,12:30:00,2023-09-17
531,2023-09-17 12:45:00,False,12:45:00,2023-09-17
532,2023-09-17 13:00:00,False,13:00:00,2023-09-17
533,2023-09-17 13:15:00,False,13:15:00,2023-09-17
534,2023-09-17 13:30:00,False,13:30:00,2023-09-17
535,2023-09-17 13:45:00,False,13:45:00,2023-09-17
536,2023-09-17 14:00:00,False,14:00:00,2023-09-17
537,2023-09-17 14:15:00,False,14:15:00,2023-09-17
538,2023-09-17 14:30:00,False,14:30:00,2023-09-17
539,2023-09-17 14:45:00,False,14:45:00,2023-09-17
540,2023-09-17 15:00:00,False,15:00:00,2023-09-17
541,2023-09-17 15:15:00,False,15:15:00,2023-09-17
542,2023-09-17 15:30:00,False,15:30:00,2023-09-17
543,2023-09-17 15:45:00,False,15:45:00,2023-09-17
544,2023-09-17 16:00:00,False,16:00:00,2023-09-17
545,2023-09-17 16:15:00,False,16:15:00,2023-09-17
546,2023-09-17 16:30:00,False,16:30:00,2023-09-17
547,2023-09-17 16:45:00,False,16:45:00,2023-09-17
548,2023-09-17 17:00:00,False,17:00:00,2023-09-17
549,2023-09-17 17:15:00,False,17:15:00,2023-09-17
550,2023-09-17 17:30:00,False,17:30:00,2023-09-17
551,2023-09-17 17:45:00,False,17:45:00,2023-09-17
552,2023-09-17 18:00:00,False,18:00:00,2023-09-17
553,2023-09-17 18:15:00,False,18:15:00,2023-09-17
554,2023-09-17 18:30:00,False,18:30:00,2023-09-17
555,2023-09-17 18:45:00,False,18:45:00,2023-09-17
556,2023-09-17 19:00:00,False,19:00:00,2023-09-17
557,2023-09-17 19:15:00,False,19:15:00,2023-09-17
558,2023-09-17 19:30:00,False,19:30:00,2023-09-17
559,2023-09-17 19:45:00,False,19:45:00,2023-09-17
560,2023-09-17 20:00:00,False,20:00:00,2023-09-17
561,2023-09-17 20:15:00,False,20:15:00,2023-09-17
562,2023-09-17 20:30:00,False,20:30:00,2023-09-17
563,2023-09-17 20:45:00,False,20:45:00,2023-09-17
564,2023-09-17 21:00:00,False,21:00:00,2023-09-17
565,2023-09-17 21:15:00,False,21:15:00,2023-09-17
566,2023-09-17 21:30:00,False,21:30:00,2023-09-17
567,2023-09-17 21:45:00,False,21:45:00,2023-09-17
568,2023-09-17 22:00:00,False,22:00:00,2023-09-17
569,2023-09-17 22:15:00,False,22:15:00,2023-09-17
570,2023-09-17 22:30:00,False,22:30:00,2023-09-17
571,2023-09-17 22:45:00,False,22:45:00,2023-09-17
572,2023-09-17 23:00:00,False,23:00:00,2023-09-17
573,2023-09-17 23:15:00,False,23:15:00,2023-09-17
574,2023-09-17 23:30:00,False,23:30:00,2023-09-17
575,2023-09-17 23:45:00,False,23:45:00,2023-09-17
576,2023-09-18 00:00:00,False,00:00:00,2023-09-18
577,2023-09-18 00:15:00,False,00:15:00,2023-09-18
578,2023-09-18 00:30:00,False,00:30:00,2023-09-18
579,2023-09-18 00:45:00,False,00:45:00,2023-09-18
580,2023-09-18 01:00:00,False,01:00:00,2023-09-18
581,2023-09-18 01:15:00,False,01:15:00,2023-09-18
582,2023-09-18 01:30:00,False,01:30:00,2023-09-18
583,2023-09-18 01:45:00,False,01:45:00,2023-09-18
584,2023-09-18 02:00:00,False,02:00:00,2023-09-18
585,2023-09-18 02:15:00,False,02:15:00,2023-09-18
586,2023-09-18 02:30:00,False,02:30:00,2023-09-18
587,2023-09-18 02:45:00,False,02:45:00,2023-09-18
588,2023-09-18 03:00:00,False,03:00:00,2023-09-18
589,2023-09-18 03:15:00,False,03:15:00,2023-09-18
590,2023-09-18 03:30:00,False,03:30:00,2023-09-18
591,2023-09-18 03:45:00,False,03:45:00,2023-09-18
592,2023-09-18 04:00:00,False,04:00:00,2023-09-18
593,2023-09-18 04:15:00,False,04:15:00,2023-09-18
594,2023-09-18 04:30:00,False,04:30:00,2023-09-18
595,2023-09-18 04:45:00,False,04:45:00,2023-09-18
596,2023-09-18 05:00:00,False,05:00:00,2023-09-18
597,2023-09-18 05:15:00,False,05:15:00,2023-09-18
598,2023-09-18 05:30:00,False,05:30:00,2023-09-18
599,2023-09-18 05:45:00,False,05:45:00,2023-09-18
600,2023-09-18 06:00:00,False,06:00:00,2023-09-18
601,2023-09-18 06:15:00,False,06:15:00,2023-09-18
602,2023-09-18 06:30:00,False,06:30:00,2023-09-18
603,2023-09-18 06:45:00,False,06:45:00,2023-09-18
604,2023-09-18 07:00:00,False,07:00:00,2023-09-18
605,2023-09-18 07:15:00,False,07:15:00,2023-09-18
606,2023-09-18 07:30:00,False,07:30:00,2023-09-18
607,2023-09-18 07:45:00,False,07:45:00,2023-09-18
608,2023-09-18 08:00:00,False,08:00:00,2023-09-18
609,2023-09-18 08:15:00,False,08:15:00,2023-09-18
610,2023-09-18 08:30:00,False,08:30:00,2023-09-18
611,2023-09-18 08:45:00,False,08:45:00,2023-09-18
612,2023-09-18 09:00:00,False,09:00:00,2023-09-18
613,2023-09-18 09:15:00,False,09:15:00,2023-09-18
614,2023-09-18 09:30:00,False,09:30:00,2023-09-18
615,2023-09-18 09:45:00,False,09:45:00,2023-09-18
616,2023-09-18 10:00:00,False,10:00:00,2023-09-18
617,2023-09-18 10:15:00,False,10:15:00,2023-09-18
618,2023-09-18 10:30:00,False,10:30:00,2023-09-18
619,2023-09-18 10:45:00,False,10:45:00,2023-09-18
620,2023-09-18 11:00:00,False,11:00:00,2023-09-18
621,2023-09-18 11:15:00,False,11:15:00,2023-09-18
622,2023-09-18 11:30:00,False,11:30:00,2023-09-18
623,2023-09-18 11:45:00,False,11:45:00,2023-09-18
624,2023-09-18 12:00:00,False,12:00:00,2023-09-18
625,2023-09-18 12:15:00,False,12:15:00,2023-09-18
626,2023-09-18 12:30:00,False,12:30:00,2023-09-18
627,2023-09-18 12:45:00,False,12:45:00,2023-09-18
628,2023-09-18 13:00:00,False,13:00:00,2023-09-18
629,2023-09-18 13:15:00,False,13:15:00,2023-09-18
630,2023-09-18 13:30:00,False,13:30:00,2023-09-18
631,2023-09-18 13:45:00,False,13:45:00,2023-09-18
632,2023-09-18 14:00:00,False,14:00:00,2023-09-18
633,2023-09-18 14:15:00,False,14:15:00,2023-09-18
634,2023-09-18 14:30:00,False,14:30:00,2023-09-18
635,2023-09-18 14:45:00,False,14:45:00,2023-09-18
636,2023-09-18 15:00:00,False,15:00:00,2023-09-18
637,2023-09-18 15:15:00,False,15:15:00,2023-09-18
638,2023-09-18 15:30:00,False,15:30:00,2023-09-18
639,2023-09-18 15:45:00,False,15:45:00,2023-09-18
640,2023-09-18 16:00:00,False,16:00:00,2023-09-18
641,2023-09-18 16:15:00,False,16:15:00,2023-09-18
642,2023-09-18 16:30:00,False,16:30:00,2023-09-18
643,2023-09-18 16:45:00,False,16:45:00,2023-09-18
644,2023-09-18 17:00:00,False,17:00:00,2023-09-18
645,2023-09-18 17:15:00,False,17:15:00,2023-09-18
646,2023-09-18 17:30:00,False,17:30:00,2023-09-18
647,2023-09-18 17:45:00,False,17:45:00,2023-09-18
648,2023-09-18 18:00:00,False,18:00:00,2023-09-18
649,2023-09-18 18:15:00,False,18:15:00,2023-09-18
650,2023-09-18 18:30:00,False,18:30:00,2023-09-18
651,2023-09-18 18:45:00,False,18:45:00,2023-09-18
652,2023-09-18 19:00:00,False,19:00:00,2023-09-18
653,2023-09-18 19:15:00,False,19:15:00,2023-09-18
654,2023-09-18 19:30:00,False,19:30:00,2023-09-18
655,2023-09-18 19:45:00,False,19:45:00,2023-09-18
656,2023-09-18 20:00:00,False,20:00:00,2023-09-18
657,2023-09-18 20:15:00,False,20:15:00,2023-09-18
658,2023-09-18 20:30:00,False,20:30:00,2023-09-18
659,2023-09-18 20:45:00,False,20:45:00,2023-09-18
660,2023-09-18 21:00:00,False,21:00:00,2023-09-18
661,2023-09-18 21:15:00,False,21:15:00,2023-09-18
662,2023-09-18 21:30:00,False,21:30:00,2023-09-18
663,2023-09-18 21:45:00,False,21:45:00,2023-09-18
664,2023-09-18 22:00:00,False,22:00:00,2023-09-18
665,2023-09-18 22:15:00,False,22:15:00,2023-09-18
666,2023-09-18 22:30:00,False,22:30:00,2023-09-18
667,2023-09-18 22:45:00,False,22:45:00,2023-09-18
668,2023-09-18 23:00:00,False,23:00:00,2023-09-18
669,2023-09-18 23:15:00,False,23:15:00,2023-09-18
670,2023-09-18 23:30:00,False,23:30:00,2023-09-18
671,2023-09-18 23:45:00,False,23:45:00,2023-09-18
672,2023-09-19 00:00:00,False,00:00:00,2023-09-19
673,2023-09-19 00:15:00,False,00:15:00,2023-09-19
674,2023-09-19 00:30:00,False,00:30:00,2023-09-19
675,2023-09-19 00:45:00,False,00:45:00,2023-09-19
676,2023-09-19 01:00:00,False,01:00:00,2023-09-19
677,2023-09-19 01:15:00,False,01:15:00,2023-09-19
678,2023-09-19 01:30:00,False,01:30:00,2023-09-19
679,2023-09-19 01:45:00,False,01:45:00,2023-09-19
680,2023-09-19 02:00:00,False,02:00:00,2023-09-19
681,2023-09-19 02:15:00,False,02:15:00,2023-09-19
682,2023-09-19 02:30:00,False,02:30:00,2023-09-19
683,2023-09-19 02:45:00,False,02:45:00,2023-09-19
684,2023-09-19 03:00:00,False,03:00:00,2023-09-19
685,2023-09-19 03:15:00,False,03:15:00,2023-09-19
686,2023-09-19 03:30:00,False,03:30:00,2023-09-19
687,2023-09-19 03:45:00,False,03:45:00,2023-09-19
688,2023-09-19 04:00:00,False,04:00:00,2023-09-19
689,2023-09-19 04:15:00,False,04:15:00,2023-09-19
690,2023-09-19 04:30:00,False,04:30:00,2023-09-19
691,2023-09-19 04:45:00,False,04:45:00,2023-09-19
692,2023-09-19 05:00:00,False,05:00:00,2023-09-19
693,2023-09-19 05:15:00,False,05:15:00,2023-09-19
694,2023-09-19 05:30:00,False,05:30:00,2023-09-19
695,2023-09-19 05:45:00,False,05:45:00,2023-09-19
696,2023-09-19 06:00:00,False,06:00:00,2023-09-19
697,2023-09-19 06:15:00,False,06:15:00,2023-09-19
698,2023-09-19 06:30:00,False,06:30:00,2023-09-19
699,2023-09-19 06:45:00,False,06:45:00,2023-09-19
700,2023-09-19 07:00:00,False,07:00:00,2023-09-19
701,2023-09-19 07:15:00,False,07:15:00,2023-09-19
702,2023-09-19 07:30:00,False,07:30:00,2023-09-19
703,2023-09-19 07:45:00,False,07:45:00,2023-09-19
704,2023-09-19 08:00:00,False,08:00:00,2023-09-19
705,2023-09-19 08:15:00,False,08:15:00,2023-09-19
706,2023-09-19 08:30:00,False,08:30:00,2023-09-19
707,2023-09-19 08:45:00,False,08:45:00,2023-09-19
708,2023-09-19 09:00:00,False,09:00:00,2023-09-19
709,2023-09-19 09:15:00,False,09:15:00,2023-09-19
710,2023-09-19 09:30:00,False,09:30:00,2023-09-19
711,2023-09-19 09:45:00,False,09:45:00,2023-09-19
712,2023-09-19 10:00:00,False,10:00:00,2023-09-19
713,2023-09-19 10:15:00,False,10:15:00,2023-09-19
714,2023-09-19 10:30:00,False,10:30:00,2023-09-19
715,2023-09-19 10:45:00,False,10:45:00,2023-09-19
716,2023-09-19 11:00:00,False,11:00:00,2023-09-19
717,2023-09-19 11:15:00,False,11:15:00,2023-09-19
718,2023-09-19 11:30:00,False,11:30:00,2023-09-19
719,2023-09-19 11:45:00,False,11:45:00,2023-09-19
720,2023-09-19 12:00:00,False,12:00:00,2023-09-19
721,2023-09-19 12:15:00,False,12:15:00,2023-09-19
722,2023-09-19 12:30:00,False,12:30:00,2023-09-19
723,2023-09-19 12:45:00,False,12:45:00,2023-09-19
724,2023-09-19 13:00:00,False,13:00:00,2023-09-19
725,2023-09-19 13:15:00,False,13:15:00,2023-09-19
726,2023-09-19 13:30:00,False,13:30:00,2023-09-19
727,2023-09-19 13:45:00,False,13:45:00,2023-09-19
728,2023-09-19 14:00:00,False,14:00:00,2023-09-19
729,2023-09-19 14:15:00,False,14:15:00,2023-09-19
730,2023-09-19 14:30:00,False,14:30:00,2023-09-19
731,2023-09-19 14:45:00,False,14:45:00,2023-09-19
732,2023-09-19 15:00:00,False,15:00:00,2023-09-19
733,2023-09-19 15:15:00,False,15:15:00,2023-09-19
734,2023-09-19 15:30:00,False,15:30:00,2023-09-19
735,2023-09-19 15:45:00,False,15:45:00,2023-09-19
736,2023-09-19 16:00:00,False,16:00:00,2023-09-19
737,2023-09-19 16:15:00,False,16:15:00,2023-09-19
738,2023-09-19 16:30:00,False,16:30:00,2023-09-19
739,2023-09-19 16:45:00,False,16:45:00,2023-09-19
740,2023-09-19 17:00:00,False,17:00:00,2023-09-19
741,2023-09-19 17:15:00,False,17:15:00,2023-09-19
742,2023-09-19 17:30:00,False,17:30:00,2023-09-19
743,2023-09-19 17:45:00,False,17:45:00,2023-09-19
744,2023-09-19 18:00:00,False,18:00:00,2023-09-19
745,2023-09-19 18:15:00,False,18:15:00,2023-09-19
746,2023-09-19 18:30:00,False,18:30:00,2023-09-19
747,2023-09-19 18:45:00,False,18:45:00,2023-09-19
748,2023-09-19 19:00:00,False,19:00:00,2023-09-19
749,2023-09-19 19:15:00,False,19:15:00,2023-09-19
750,2023-09-19 19:30:00,False,19:30:00,2023-09-19
751,2023-09-19 19:45:00,False,19:45:00,2023-09-19
752,2023-09-19 20:00:00,False,20:00:00,2023-09-19
753,2023-09-19 20:15:00,False,20:15:00,2023-09-19
754,2023-09-19 20:30:00,False,20:30:00,2023-09-19
755,2023-09-19 20:45:00,False,20:45:00,2023-09-19
756,2023-09-19 21:00:00,False,21:00:00,2023-09-19
757,2023-09-19 21:15:00,False,21:15:00,2023-09-19
758,2023-09-19 21:30:00,False,21:30:00,2023-09-19
759,2023-09-19 21:45:00,False,21:45:00,2023-09-19
760,2023-09-19 22:00:00,False,22:00:00,2023-09-19
761,2023-09-19 22:15:00,False,22:15:00,2023-09-19
762,2023-09-19 22:30:00,False,22:30:00,2023-09-19
763,2023-09-19 22:45:00,False,22:45:00,2023-09-19
764,2023-09-19 23:00:00,False,23:00:00,2023-09-19
765,2023-09-19 23:15:00,False,23:15:00,2023-09-19
766,2023-09-19 23:30:00,False,23:30:00,2023-09-19
767,2023-09-19 23:45:00,False,23:45:00,2023-09-19
768,2023-09-20 00:00:00,False,00:00:00,2023-09-20
769,2023-09-20 00:15:00,True,00:15:00,2023-09-20
770,2023-09-20 00:30:00,False,00:30:00,2023-09-20
771,2023-09-20 00:45:00,False,00:45:00,2023-09-20
772,2023-09-20 01:00:00,False,01:00:00,2023-09-20
773,2023-09-20 01:15:00,False,01:15:00,2023-09-20
774,2023-09-20 01:30:00,False,01:30:00,2023-09-20
775,2023-09-20 01:45:00,False,01:45:00,2023-09-20
776,2023-09-20 02:00:00,False,02:00:00,2023-09-20
777,2023-09-20 02:15:00,False,02:15:00,2023-09-20
778,2023-09-20 02:30:00,False,02:30:00,2023-09-20
779,2023-09-20 02:45:00,False,02:45:00,2023-09-20
780,2023-09-20 03:00:00,False,03:00:00,2023-09-20
781,2023-09-20 03:15:00,False,03:15:00,2023-09-20
782,2023-09-20 03:30:00,False,03:30:00,2023-09-20
783,2023-09-20 03:45:00,False,03:45:00,2023-09-20
784,2023-09-20 04:00:00,False,04:00:00,2023-09-20
785,2023-09-20 04:15:00,False,04:15:00,2023-09-20
786,2023-09-20 04:30:00,False,04:30:00,2023-09-20
787,2023-09-20 04:45:00,False,04:45:00,2023-09-20
788,2023-09-20 05:00:00,False,05:00:00,2023-09-20
789,2023-09-20 05:15:00,False,05:15:00,2023-09-20
790,2023-09-20 05:30:00,False,05:30:00,2023-09-20
791,2023-09-20 05:45:00,False,05:45:00,2023-09-20
792,2023-09-20 06:00:00,False,06:00:00,2023-09-20
793,2023-09-20 06:15:00,False,06:15:00,2023-09-20
794,2023-09-20 06:30:00,False,06:30:00,2023-09-20
795,2023-09-20 06:45:00,False,06:45:00,2023-09-20
796,2023-09-20 07:00:00,False,07:00:00,2023-09-20
797,2023-09-20 07:15:00,False,07:15:00,2023-09-20
798,2023-09-20 07:30:00,False,07:30:00,2023-09-20
799,2023-09-20 07:45:00,False,07:45:00,2023-09-20
800,2023-09-20 08:00:00,False,08:00:00,2023-09-20
801,2023-09-20 08:15:00,False,08:15:00,2023-09-20
802,2023-09-20 08:30:00,False,08:30:00,2023-09-20
803,2023-09-20 08:45:00,False,08:45:00,2023-09-20
804,2023-09-20 09:00:00,False,09:00:00,2023-09-20
805,2023-09-20 09:15:00,False,09:15:00,2023-09-20
806,2023-09-20 09:30:00,False,09:30:00,2023-09-20
807,2023-09-20 09:45:00,False,09:45:00,2023-09-20
808,2023-09-20 10:00:00,False,10:00:00,2023-09-20
809,2023-09-20 10:15:00,False,10:15:00,2023-09-20
810,2023-09-20 10:30:00,False,10:30:00,2023-09-20
811,2023-09-20 10:45:00,False,10:45:00,2023-09-20
812,2023-09-20 11:00:00,False,11:00:00,2023-09-20
813,2023-09-20 11:15:00,False,11:15:00,2023-09-20
814,2023-09-20 11:30:00,False,11:30:00,2023-09-20
815,2023-09-20 11:45:00,False,11:45:00,2023-09-20
816,2023-09-20 12:00:00,False,12:00:00,2023-09-20
817,2023-09-20 12:15:00,False,12:15:00,2023-09-20
818,2023-09-20 12:30:00,False,12:30:00,2023-09-20
819,2023-09-20 12:45:00,False,12:45:00,2023-09-20
820,2023-09-20 13:00:00,False,13:00:00,2023-09-20
821,2023-09-20 13:15:00,False,13:15:00,2023-09-20
822,2023-09-20 13:30:00,False,13:30:00,2023-09-20
823,2023-09-20 13:45:00,False,13:45:00,2023-09-20
824,2023-09-20 14:00:00,False,14:00:00,2023-09-20
825,2023-09-20 14:15:00,False,14:15:00,2023-09-20
826,2023-09-20 14:30:00,False,14:30:00,2023-09-20
827,2023-09-20 14:45:00,False,14:45:00,2023-09-20
828,2023-09-20 15:00:00,False,15:00:00,2023-09-20
829,2023-09-20 15:15:00,False,15:15:00,2023-09-20
830,2023-09-20 15:30:00,False,15:30:00,2023-09-20
831,2023-09-20 15:45:00,False,15:45:00,2023-09-20
832,2023-09-20 16:00:00,False,16:00:00,2023-09-20
833,2023-09-20 16:15:00,False,16:15:00,2023-09-20
834,2023-09-20 16:30:00,False,16:30:00,2023-09-20
835,2023-09-20 16:45:00,False,16:45:00,2023-09-20
836,2023-09-20 17:00:00,False,17:00:00,2023-09-20
837,2023-09-20 17:15:00,False,17:15:00,2023-09-20
838,2023-09-20 17:30:00,False,17:30:00,2023-09-20
839,2023-09-20 17:45:00,False,17:45:00,2023-09-20
840,2023-09-20 18:00:00,False,18:00:00,2023-09-20
841,2023-09-20 18:15:00,False,18:15:00,2023-09-20
842,2023-09-20 18:30:00,False,18:30:00,2023-09-20
843,2023-09-20 18:45:00,False,18:45:00,2023-09-20
844,2023-09-20 19:00:00,False,19:00:00,2023-09-20
845,2023-09-20 19:15:00,False,19:15:00,2023-09-20
846,2023-09-20 19:30:00,False,19:30:00,2023-09-20
847,2023-09-20 19:45:00,False,19:45:00,2023-09-20
848,2023-09-20 20:00:00,False,20:00:00,2023-09-20
849,2023-09-20 20:15:00,False,20:15:00,2023-09-20
850,2023-09-20 20:30:00,False,20:30:00,2023-09-20
851,2023-09-20 20:45:00,False,20:45:00,2023-09-20
852,2023-09-20 21:00:00,False,21:00:00,2023-09-20
853,2023-09-20 21:15:00,False,21:15:00,2023-09-20
854,2023-09-20 21:30:00,False,21:30:00,2023-09-20
855,2023-09-20 21:45:00,False,21:45:00,2023-09-20
856,2023-09-20 22:00:00,False,22:00:00,2023-09-20
857,2023-09-20 22:15:00,False,22:15:00,2023-09-20
858,2023-09-20 22:30:00,False,22:30:00,2023-09-20
859,2023-09-20 22:45:00,False,22:45:00,2023-09-20
860,2023-09-20 23:00:00,False,23:00:00,2023-09-20
861,2023-09-20 23:15:00,False,23:15:00,2023-09-20
862,2023-09-20 23:30:00,False,23:30:00,2023-09-20
863,2023-09-20 23:45:00,False,23:45:00,2023-09-20
864,2023-09-21 00:00:00,False,00:00:00,2023-09-21
865,2023-09-21 00:15:00,False,00:15:00,2023-09-21
866,2023-09-21 00:30:00,False,00:30:00,2023-09-21
867,2023-09-21 00:45:00,False,00:45:00,2023-09-21
868,2023-09-21 01:00:00,False,01:00:00,2023-09-21
869,2023-09-21 01:15:00,False,01:15:00,2023-09-21
870,2023-09-21 01:30:00,False,01:30:00,2023-09-21
871,2023-09-21 01:45:00,False,01:45:00,2023-09-21
872,2023-09-21 02:00:00,False,02:00:00,2023-09-21
873,2023-09-21 02:15:00,False,02:15:00,2023-09-21
874,2023-09-21 02:30:00,False,02:30:00,2023-09-21
875,2023-09-21 02:45:00,False,02:45:00,2023-09-21
876,2023-09-21 03:00:00,False,03:00:00,2023-09-21
877,2023-09-21 03:15:00,False,03:15:00,2023-09-21
878,2023-09-21 03:30:00,False,03:30:00,2023-09-21
879,2023-09-21 03:45:00,False,03:45:00,2023-09-21
880,2023-09-21 04:00:00,False,04:00:00,2023-09-21
881,2023-09-21 04:15:00,False,04:15:00,2023-09-21
882,2023-09-21 04:30:00,False,04:30:00,2023-09-21
883,2023-09-21 04:45:00,False,04:45:00,2023-09-21
884,2023-09-21 05:00:00,False,05:00:00,2023-09-21
885,2023-09-21 05:15:00,False,05:15:00,2023-09-21
886,2023-09-21 05:30:00,False,05:30:00,2023-09-21
887,2023-09-21 05:45:00,False,05:45:00,2023-09-21
888,2023-09-21 06:00:00,False,06:00:00,2023-09-21
889,2023-09-21 06:15:00,False,06:15:00,2023-09-21
890,2023-09-21 06:30:00,False,06:30:00,2023-09-21
891,2023-09-21 06:45:00,False,06:45:00,2023-09-21
892,2023-09-21 07:00:00,False,07:00:00,2023-09-21
893,2023-09-21 07:15:00,False,07:15:00,2023-09-21
894,2023-09-21 07:30:00,False,07:30:00,2023-09-21
895,2023-09-21 07:45:00,False,07:45:00,2023-09-21
896,2023-09-21 08:00:00,False,08:00:00,2023-09-21
897,2023-09-21 08:15:00,False,08:15:00,2023-09-21
898,2023-09-21 08:30:00,False,08:30:00,2023-09-21
899,2023-09-21 08:45:00,False,08:45:00,2023-09-21
900,2023-09-21 09:00:00,False,09:00:00,2023-09-21
901,2023-09-21 09:15:00,False,09:15:00,2023-09-21
902,2023-09-21 09:30:00,False,09:30:00,2023-09-21
903,2023-09-21 09:45:00,False,09:45:00,2023-09-21
904,2023-09-21 10:00:00,True,10:00:00,2023-09-21
905,2023-09-21 10:15:00,True,10:15:00,2023-09-21
906,2023-09-21 10:30:00,True,10:30:00,2023-09-21
907,2023-09-21 10:45:00,True,10:45:00,2023-09-21
908,2023-09-21 11:00:00,True,11:00:00,2023-09-21
909,2023-09-21 11:15:00,True,11:15:00,2023-09-21
910,2023-09-21 11:30:00,True,11:30:00,2023-09-21
911,2023-09-21 11:45:00,False,11:45:00,2023-09-21
912,2023-09-21 12:00:00,False,12:00:00,2023-09-21
913,2023-09-21 12:15:00,False,12:15:00,2023-09-21
914,2023-09-21 12:30:00,False,12:30:00,2023-09-21
915,2023-09-21 12:45:00,False,12:45:00,2023-09-21
916,2023-09-21 13:00:00,False,13:00:00,2023-09-21
917,2023-09-21 13:15:00,False,13:15:00,2023-09-21
918,2023-09-21 13:30:00,False,13:30:00,2023-09-21
919,2023-09-21 13:45:00,False,13:45:00,2023-09-21
920,2023-09-21 14:00:00,False,14:00:00,2023-09-21
921,2023-09-21 14:15:00,False,14:15:00,2023-09-21
922,2023-09-21 14:30:00,False,14:30:00,2023-09-21
923,2023-09-21 14:45:00,False,14:45:00,2023-09-21
924,2023-09-21 15:00:00,False,15:00:00,2023-09-21
925,2023-09-21 15:15:00,False,15:15:00,2023-09-21
926,2023-09-21 15:30:00,False,15:30:00,2023-09-21
927,2023-09-21 15:45:00,False,15:45:00,2023-09-21
928,2023-09-21 16:00:00,False,16:00:00,2023-09-21
929,2023-09-21 16:15:00,False,16:15:00,2023-09-21
930,2023-09-21 16:30:00,False,16:30:00,2023-09-21
931,2023-09-21 16:45:00,False,16:45:00,2023-09-21
932,2023-09-21 17:00:00,False,17:00:00,2023-09-21
933,2023-09-21 17:15:00,False,17:15:00,2023-09-21
934,2023-09-21 17:30:00,False,17:30:00,2023-09-21
935,2023-09-21 17:45:00,False,17:45:00,2023-09-21
936,2023-09-21 18:00:00,False,18:00:00,2023-09-21
937,2023-09-21 18:15:00,False,18:15:00,2023-09-21
938,2023-09-21 18:30:00,False,18:30:00,2023-09-21
939,2023-09-21 18:45:00,False,18:45:00,2023-09-21
940,2023-09-21 19:00:00,False,19:00:00,2023-09-21
941,2023-09-21 19:15:00,False,19:15:00,2023-09-21
942,2023-09-21 19:30:00,False,19:30:00,2023-09-21
943,2023-09-21 19:45:00,False,19:45:00,2023-09-21
944,2023-09-21 20:00:00,False,20:00:00,2023-09-21
945,2023-09-21 20:15:00,False,20:15:00,2023-09-21
946,2023-09-21 20:30:00,False,20:30:00,2023-09-21
947,2023-09-21 20:45:00,False,20:45:00,2023-09-21
948,2023-09-21 21:00:00,False,21:00:00,2023-09-21
949,2023-09-21 21:15:00,False,21:15:00,2023-09-21
950,2023-09-21 21:30:00,False,21:30:00,2023-09-21
951,2023-09-21 21:45:00,False,21:45:00,2023-09-21
952,2023-09-21 22:00:00,False,22:00:00,2023-09-21
953,2023-09-21 22:15:00,False,22:15:00,2023-09-21
954,2023-09-21 22:30:00,False,22:30:00,2023-09-21
955,2023-09-21 22:45:00,False,22:45:00,2023-09-21
956,2023-09-21 23:00:00,False,23:00:00,2023-09-21
957,2023-09-21 23:15:00,False,23:15:00,2023-09-21
958,2023-09-21 23:30:00,False,23:30:00,2023-09-21
959,2023-09-21 23:45:00,False,23:45:00,2023-09-21
960,2023-09-22 00:00:00,False,00:00:00,2023-09-22
961,2023-09-22 00:15:00,False,00:15:00,2023-09-22
962,2023-09-22 00:30:00,False,00:30:00,2023-09-22
963,2023-09-22 00:45:00,False,00:45:00,2023-09-22
964,2023-09-22 01:00:00,False,01:00:00,2023-09-22
965,2023-09-22 01:15:00,False,01:15:00,2023-09-22
966,2023-09-22 01:30:00,False,01:30:00,2023-09-22
967,2023-09-22 01:45:00,False,01:45:00,2023-09-22
968,2023-09-22 02:00:00,False,02:00:00,2023-09-22
969,2023-09-22 02:15:00,False,02:15:00,2023-09-22
970,2023-09-22 02:30:00,False,02:30:00,2023-09-22
971,2023-09-22 02:45:00,False,02:45:00,2023-09-22
972,2023-09-22 03:00:00,False,03:00:00,2023-09-22
973,2023-09-22 03:15:00,False,03:15:00,2023-09-22
974,2023-09-22 03:30:00,False,03:30:00,2023-09-22
975,2023-09-22 03:45:00,False,03:45:00,2023-09-22
976,2023-09-22 04:00:00,False,04:00:00,2023-09-22
977,2023-09-22 04:15:00,False,04:15:00,2023-09-22
978,2023-09-22 04:30:00,False,04:30:00,2023-09-22
979,2023-09-22 04:45:00,False,04:45:00,2023-09-22
980,2023-09-22 05:00:00,False,05:00:00,2023-09-22
981,2023-09-22 05:15:00,False,05:15:00,2023-09-22
982,2023-09-22 05:30:00,False,05:30:00,2023-09-22
983,2023-09-22 05:45:00,False,05:45:00,2023-09-22
984,2023-09-22 06:00:00,False,06:00:00,2023-09-22
985,2023-09-22 06:15:00,False,06:15:00,2023-09-22
986,2023-09-22 06:30:00,False,06:30:00,2023-09-22
987,2023-09-22 06:45:00,False,06:45:00,2023-09-22
988,2023-09-22 07:00:00,False,07:00:00,2023-09-22
989,2023-09-22 07:15:00,False,07:15:00,2023-09-22
990,2023-09-22 07:30:00,False,07:30:00,2023-09-22
991,2023-09-22 07:45:00,False,07:45:00,2023-09-22
992,2023-09-22 08:00:00,False,08:00:00,2023-09-22
993,2023-09-22 08:15:00,False,08:15:00,2023-09-22
994,2023-09-22 08:30:00,False,08:30:00,2023-09-22
995,2023-09-22 08:45:00,False,08:45:00,2023-09-22
996,2023-09-22 09:00:00,False,09:00:00,2023-09-22
997,2023-09-22 09:15:00,False,09:15:00,2023-09-22
998,2023-09-22 09:30:00,False,09:30:00,2023-09-22
999,2023-09-22 09:45:00,False,09:45:00,2023-09-22
1000,2023-09-22 10:00:00,False,10:00:00,2023-09-22
1001,2023-09-22 10:15:00,False,10:15:00,2023-09-22
1002,2023-09-22 10:30:00,False,10:30:00,2023-09-22
1003,2023-09-22 10:45:00,False,10:45:00,2023-09-22
1004,2023-09-22 11:00:00,False,11:00:00,2023-09-22
1005,2023-09-22 11:15:00,False,11:15:00,2023-09-22
1006,2023-09-22 11:30:00,False,11:30:00,2023-09-22
1007,2023-09-22 11:45:00,False,11:45:00,2023-09-22
1008,2023-09-22 12:00:00,False,12:00:00,2023-09-22
1009,2023-09-22 12:15:00,False,12:15:00,2023-09-22
1010,2023-09-22 12:30:00,False,12:30:00,2023-09-22
1011,2023-09-22 12:45:00,False,12:45:00,2023-09-22
1012,2023-09-22 13:00:00,False,13:00:00,2023-09-22
1013,2023-09-22 13:15:00,False,13:15:00,2023-09-22
1014,2023-09-22 13:30:00,False,13:30:00,2023-09-22
1015,2023-09-22 13:45:00,False,13:45:00,2023-09-22
1016,2023-09-22 14:00:00,False,14:00:00,2023-09-22
1017,2023-09-22 14:15:00,False,14:15:00,2023-09-22
1018,2023-09-22 14:30:00,False,14:30:00,2023-09-22
1019,2023-09-22 14:45:00,False,14:45:00,2023-09-22
1020,2023-09-22 15:00:00,False,15:00:00,2023-09-22
1021,2023-09-22 15:15:00,False,15:15:00,2023-09-22
1022,2023-09-22 15:30:00,False,15:30:00,2023-09-22
1023,2023-09-22 15:45:00,False,15:45:00,2023-09-22
1024,2023-09-22 16:00:00,False,16:00:00,2023-09-22
1025,2023-09-22 16:15:00,False,16:15:00,2023-09-22
1026,2023-09-22 16:30:00,False,16:30:00,2023-09-22
1027,2023-09-22 16:45:00,False,16:45:00,2023-09-22
1028,2023-09-22 17:00:00,False,17:00:00,2023-09-22
1029,2023-09-22 17:15:00,False,17:15:00,2023-09-22
1030,2023-09-22 17:30:00,False,17:30:00,2023-09-22
1031,2023-09-22 17:45:00,False,17:45:00,2023-09-22
1032,2023-09-22 18:00:00,False,18:00:00,2023-09-22
1033,2023-09-22 18:15:00,False,18:15:00,2023-09-22
1034,2023-09-22 18:30:00,False,18:30:00,2023-09-22
1035,2023-09-22 18:45:00,False,18:45:00,2023-09-22
1036,2023-09-22 19:00:00,False,19:00:00,2023-09-22
1037,2023-09-22 19:15:00,False,19:15:00,2023-09-22
1038,2023-09-22 19:30:00,False,19:30:00,2023-09-22
1039,2023-09-22 19:45:00,False,19:45:00,2023-09-22
1040,2023-09-22 20:00:00,False,20:00:00,2023-09-22
1041,2023-09-22 20:15:00,False,20:15:00,2023-09-22
1042,2023-09-22 20:30:00,False,20:30:00,2023-09-22
1043,2023-09-22 20:45:00,False,20:45:00,2023-09-22
1044,2023-09-22 21:00:00,False,21:00:00,2023-09-22
1045,2023-09-22 21:15:00,False,21:15:00,2023-09-22
1046,2023-09-22 21:30:00,False,21:30:00,2023-09-22
1047,2023-09-22 21:45:00,False,21:45:00,2023-09-22
1048,2023-09-22 22:00:00,False,22:00:00,2023-09-22
1049,2023-09-22 22:15:00,False,22:15:00,2023-09-22
1050,2023-09-22 22:30:00,False,22:30:00,2023-09-22
1051,2023-09-22 22:45:00,False,22:45:00,2023-09-22
1052,2023-09-22 23:00:00,False,23:00:00,2023-09-22
1053,2023-09-22 23:15:00,False,23:15:00,2023-09-22
1054,2023-09-22 23:30:00,False,23:30:00,2023-09-22
1055,2023-09-22 23:45:00,False,23:45:00,2023-09-22
1056,2023-09-23 00:00:00,False,00:00:00,2023-09-23
1057,2023-09-23 00:15:00,False,00:15:00,2023-09-23
1058,2023-09-23 00:30:00,False,00:30:00,2023-09-23
1059,2023-09-23 00:45:00,False,00:45:00,2023-09-23
1060,2023-09-23 01:00:00,False,01:00:00,2023-09-23
1061,2023-09-23 01:15:00,False,01:15:00,2023-09-23
1062,2023-09-23 01:30:00,False,01:30:00,2023-09-23
1063,2023-09-23 01:45:00,False,01:45:00,2023-09-23
1064,2023-09-23 02:00:00,False,02:00:00,2023-09-23
1065,2023-09-23 02:15:00,False,02:15:00,2023-09-23
1066,2023-09-23 02:30:00,False,02:30:00,2023-09-23
1067,2023-09-23 02:45:00,False,02:45:00,2023-09-23
1068,2023-09-23 03:00:00,False,03:00:00,2023-09-23
1069,2023-09-23 03:15:00,False,03:15:00,2023-09-23
1070,2023-09-23 03:30:00,False,03:30:00,2023-09-23
1071,2023-09-23 03:45:00,False,03:45:00,2023-09-23
1072,2023-09-23 04:00:00,False,04:00:00,2023-09-23
1073,2023-09-23 04:15:00,False,04:15:00,2023-09-23
1074,2023-09-23 04:30:00,False,04:30:00,2023-09-23
1075,2023-09-23 04:45:00,False,04:45:00,2023-09-23
1076,2023-09-23 05:00:00,False,05:00:00,2023-09-23
1077,2023-09-23 05:15:00,False,05:15:00,2023-09-23
1078,2023-09-23 05:30:00,False,05:30:00,2023-09-23
1079,2023-09-23 05:45:00,False,05:45:00,2023-09-23
1080,2023-09-23 06:00:00,False,06:00:00,2023-09-23
1081,2023-09-23 06:15:00,False,06:15:00,2023-09-23
1082,2023-09-23 06:30:00,False,06:30:00,2023-09-23
1083,2023-09-23 06:45:00,False,06:45:00,2023-09-23
1084,2023-09-23 07:00:00,False,07:00:00,2023-09-23
1085,2023-09-23 07:15:00,False,07:15:00,2023-09-23
1086,2023-09-23 07:30:00,False,07:30:00,2023-09-23
1087,2023-09-23 07:45:00,False,07:45:00,2023-09-23
1088,2023-09-23 08:00:00,False,08:00:00,2023-09-23
1089,2023-09-23 08:15:00,False,08:15:00,2023-09-23
1090,2023-09-23 08:30:00,False,08:30:00,2023-09-23
1091,2023-09-23 08:45:00,False,08:45:00,2023-09-23
1092,2023-09-23 09:00:00,False,09:00:00,2023-09-23
1093,2023-09-23 09:15:00,False,09:15:00,2023-09-23
1094,2023-09-23 09:30:00,False,09:30:00,2023-09-23
1095,2023-09-23 09:45:00,False,09:45:00,2023-09-23
1096,2023-09-23 10:00:00,False,10:00:00,2023-09-23
1097,2023-09-23 10:15:00,False,10:15:00,2023-09-23
1098,2023-09-23 10:30:00,False,10:30:00,2023-09-23
1099,2023-09-23 10:45:00,False,10:45:00,2023-09-23
1100,2023-09-23 11:00:00,False,11:00:00,2023-09-23
1101,2023-09-23 11:15:00,False,11:15:00,2023-09-23
1102,2023-09-23 11:30:00,False,11:30:00,2023-09-23
1103,2023-09-23 11:45:00,False,11:45:00,2023-09-23
1104,2023-09-23 12:00:00,False,12:00:00,2023-09-23
1105,2023-09-23 12:15:00,False,12:15:00,2023-09-23
1106,2023-09-23 12:30:00,False,12:30:00,2023-09-23
1107,2023-09-23 12:45:00,False,12:45:00,2023-09-23
1108,2023-09-23 13:00:00,False,13:00:00,2023-09-23
1109,2023-09-23 13:15:00,False,13:15:00,2023-09-23
1110,2023-09-23 13:30:00,False,13:30:00,2023-09-23
1111,2023-09-23 13:45:00,False,13:45:00,2023-09-23
1112,2023-09-23 14:00:00,False,14:00:00,2023-09-23
1113,2023-09-23 14:15:00,False,14:15:00,2023-09-23
1114,2023-09-23 14:30:00,False,14:30:00,2023-09-23
1115,2023-09-23 14:45:00,False,14:45:00,2023-09-23
1116,2023-09-23 15:00:00,False,15:00:00,2023-09-23
1117,2023-09-23 15:15:00,False,15:15:00,2023-09-23
1118,2023-09-23 15:30:00,False,15:30:00,2023-09-23
1119,2023-09-23 15:45:00,False,15:45:00,2023-09-23
1120,2023-09-23 16:00:00,False,16:00:00,2023-09-23
1121,2023-09-23 16:15:00,False,16:15:00,2023-09-23
1122,2023-09-23 16:30:00,False,16:30:00,2023-09-23
1123,2023-09-23 16:45:00,False,16:45:00,2023-09-23
1124,2023-09-23 17:00:00,False,17:00:00,2023-09-23
1125,2023-09-23 17:15:00,False,17:15:00,2023-09-23
1126,2023-09-23 17:30:00,False,17:30:00,2023-09-23
1127,2023-09-23 17:45:00,False,17:45:00,2023-09-23
1128,2023-09-23 18:00:00,False,18:00:00,2023-09-23
1129,2023-09-23 18:15:00,False,18:15:00,2023-09-23
1130,2023-09-23 18:30:00,False,18:30:00,2023-09-23
1131,2023-09-23 18:45:00,False,18:45:00,2023-09-23
1132,2023-09-23 19:00:00,False,19:00:00,2023-09-23
1133,2023-09-23 19:15:00,False,19:15:00,2023-09-23
1134,2023-09-23 19:30:00,False,19:30:00,2023-09-23
1135,2023-09-23 19:45:00,False,19:45:00,2023-09-23
1136,2023-09-23 20:00:00,False,20:00:00,2023-09-23
1137,2023-09-23 20:15:00,False,20:15:00,2023-09-23
1138,2023-09-23 20:30:00,False,20:30:00,2023-09-23
1139,2023-09-23 20:45:00,False,20:45:00,2023-09-23
1140,2023-09-23 21:00:00,False,21:00:00,2023-09-23
1141,2023-09-23 21:15:00,False,21:15:00,2023-09-23
1142,2023-09-23 21:30:00,False,21:30:00,2023-09-23
1143,2023-09-23 21:45:00,False,21:45:00,2023-09-23
1144,2023-09-23 22:00:00,False,22:00:00,2023-09-23
1145,2023-09-23 22:15:00,False,22:15:00,2023-09-23
1146,2023-09-23 22:30:00,False,22:30:00,2023-09-23
1147,2023-09-23 22:45:00,False,22:45:00,2023-09-23
1148,2023-09-23 23:00:00,False,23:00:00,2023-09-23
1149,2023-09-23 23:15:00,False,23:15:00,2023-09-23
1150,2023-09-23 23:30:00,False,23:30:00,2023-09-23
1151,2023-09-23 23:45:00,False,23:45:00,2023-09-23
1152,2023-09-24 00:00:00,False,00:00:00,2023-09-24
1153,2023-09-24 00:15:00,False,00:15:00,2023-09-24
1154,2023-09-24 00:30:00,False,00:30:00,2023-09-24
1155,2023-09-24 00:45:00,False,00:45:00,2023-09-24
1156,2023-09-24 01:00:00,False,01:00:00,2023-09-24
1157,2023-09-24 01:15:00,False,01:15:00,2023-09-24
1158,2023-09-24 01:30:00,False,01:30:00,2023-09-24
1159,2023-09-24 01:45:00,False,01:45:00,2023-09-24
1160,2023-09-24 02:00:00,False,02:00:00,2023-09-24
1161,2023-09-24 02:15:00,False,02:15:00,2023-09-24
1162,2023-09-24 02:30:00,False,02:30:00,2023-09-24
1163,2023-09-24 02:45:00,False,02:45:00,2023-09-24
1164,2023-09-24 03:00:00,False,03:00:00,2023-09-24
1165,2023-09-24 03:15:00,False,03:15:00,2023-09-24
1166,2023-09-24 03:30:00,False,03:30:00,2023-09-24
1167,2023-09-24 03:45:00,False,03:45:00,2023-09-24
1168,2023-09-24 04:00:00,False,04:00:00,2023-09-24
1169,2023-09-24 04:15:00,False,04:15:00,2023-09-24
1170,2023-09-24 04:30:00,False,04:30:00,2023-09-24
1171,2023-09-24 04:45:00,False,04:45:00,2023-09-24
1172,2023-09-24 05:00:00,False,05:00:00,2023-09-24
1173,2023-09-24 05:15:00,False,05:15:00,2023-09-24
1174,2023-09-24 05:30:00,False,05:30:00,2023-09-24
1175,2023-09-24 05:45:00,False,05:45:00,2023-09-24
1176,2023-09-24 06:00:00,False,06:00:00,2023-09-24
1177,2023-09-24 06:15:00,False,06:15:00,2023-09-24
1178,2023-09-24 06:30:00,False,06:30:00,2023-09-24
1179,2023-09-24 06:45:00,False,06:45:00,2023-09-24
1180,2023-09-24 07:00:00,False,07:00:00,2023-09-24
1181,2023-09-24 07:15:00,False,07:15:00,2023-09-24
1182,2023-09-24 07:30:00,False,07:30:00,2023-09-24
1183,2023-09-24 07:45:00,False,07:45:00,2023-09-24
1184,2023-09-24 08:00:00,False,08:00:00,2023-09-24
1185,2023-09-24 08:15:00,False,08:15:00,2023-09-24
1186,2023-09-24 08:30:00,False,08:30:00,2023-09-24
1187,2023-09-24 08:45:00,False,08:45:00,2023-09-24
1188,2023-09-24 09:00:00,False,09:00:00,2023-09-24
1189,2023-09-24 09:15:00,False,09:15:00,2023-09-24
1190,2023-09-24 09:30:00,False,09:30:00,2023-09-24
1191,2023-09-24 09:45:00,True,09:45:00,2023-09-24
1192,2023-09-24 10:00:00,True,10:00:00,2023-09-24
1193,2023-09-24 10:15:00,True,10:15:00,2023-09-24
1194,2023-09-24 10:30:00,True,10:30:00,2023-09-24
1195,2023-09-24 10:45:00,False,10:45:00,2023-09-24
1196,2023-09-24 11:00:00,False,11:00:00,2023-09-24
1197,2023-09-24 11:15:00,False,11:15:00,2023-09-24
1198,2023-09-24 11:30:00,False,11:30:00,2023-09-24
1199,2023-09-24 11:45:00,False,11:45:00,2023-09-24
1200,2023-09-24 12:00:00,False,12:00:00,2023-09-24
1201,2023-09-24 12:15:00,False,12:15:00,2023-09-24
1202,2023-09-24 12:30:00,False,12:30:00,2023-09-24
1203,2023-09-24 12:45:00,False,12:45:00,2023-09-24
1204,2023-09-24 13:00:00,False,13:00:00,2023-09-24
1205,2023-09-24 13:15:00,False,13:15:00,2023-09-24
1206,2023-09-24 13:30:00,False,13:30:00,2023-09-24
1207,2023-09-24 13:45:00,False,13:45:00,2023-09-24
1208,2023-09-24 14:00:00,False,14:00:00,2023-09-24
1209,2023-09-24 14:15:00,False,14:15:00,2023-09-24
1210,2023-09-24 14:30:00,False,14:30:00,2023-09-24
1211,2023-09-24 14:45:00,False,14:45:00,2023-09-24
1212,2023-09-24 15:00:00,False,15:00:00,2023-09-24
1213,2023-09-24 15:15:00,False,15:15:00,2023-09-24
1214,2023-09-24 15:30:00,False,15:30:00,2023-09-24
1215,2023-09-24 15:45:00,False,15:45:00,2023-09-24
1216,2023-09-24 16:00:00,False,16:00:00,2023-09-24
1217,2023-09-24 16:15:00,False,16:15:00,2023-09-24
1218,2023-09-24 16:30:00,False,16:30:00,2023-09-24
1219,2023-09-24 16:45:00,False,16:45:00,2023-09-24
1220,2023-09-24 17:00:00,False,17:00:00,2023-09-24
1221,2023-09-24 17:15:00,False,17:15:00,2023-09-24
1222,2023-09-24 17:30:00,False,17:30:00,2023-09-24
1223,2023-09-24 17:45:00,False,17:45:00,2023-09-24
1224,2023-09-24 18:00:00,False,18:00:00,2023-09-24
1225,2023-09-24 18:15:00,False,18:15:00,2023-09-24
1226,2023-09-24 18:30:00,False,18:30:00,2023-09-24
1227,2023-09-24 18:45:00,False,18:45:00,2023-09-24
1228,2023-09-24 19:00:00,False,19:00:00,2023-09-24
1229,2023-09-24 19:15:00,True,19:15:00,2023-09-24
1230,2023-09-24 19:30:00,False,19:30:00,2023-09-24
1231,2023-09-24 19:45:00,False,19:45:00,2023-09-24
1232,2023-09-24 20:00:00,False,20:00:00,2023-09-24
1233,2023-09-24 20:15:00,False,20:15:00,2023-09-24
1234,2023-09-24 20:30:00,False,20:30:00,2023-09-24
1235,2023-09-24 20:45:00,False,20:45:00,2023-09-24
1236,2023-09-24 21:00:00,False,21:00:00,2023-09-24
1237,2023-09-24 21:15:00,False,21:15:00,2023-09-24
1238,2023-09-24 21:30:00,False,21:30:00,2023-09-24
1239,2023-09-24 21:45:00,False,21:45:00,2023-09-24
1240,2023-09-24 22:00:00,False,22:00:00,2023-09-24
1241,2023-09-24 22:15:00,False,22:15:00,2023-09-24
1242,2023-09-24 22:30:00,False,22:30:00,2023-09-24
1243,2023-09-24 22:45:00,False,22:45:00,2023-09-24
1244,2023-09-24 23:00:00,False,23:00:00,2023-09-24
1245,2023-09-24 23:15:00,False,23:15:00,2023-09-24
1246,2023-09-24 23:30:00,False,23:30:00,2023-09-24
1247,2023-09-24 23:45:00,False,23:45:00,2023-09-24
1248,2023-09-25 00:00:00,False,00:00:00,2023-09-25
1249,2023-09-25 00:15:00,False,00:15:00,2023-09-25
1250,2023-09-25 00:30:00,False,00:30:00,2023-09-25
1251,2023-09-25 00:45:00,False,00:45:00,2023-09-25
1252,2023-09-25 01:00:00,False,01:00:00,2023-09-25
1253,2023-09-25 01:15:00,False,01:15:00,2023-09-25
1254,2023-09-25 01:30:00,False,01:30:00,2023-09-25
1255,2023-09-25 01:45:00,False,01:45:00,2023-09-25
1256,2023-09-25 02:00:00,False,02:00:00,2023-09-25
1257,2023-09-25 02:15:00,False,02:15:00,2023-09-25
1258,2023-09-25 02:30:00,False,02:30:00,2023-09-25
1259,2023-09-25 02:45:00,False,02:45:00,2023-09-25
1260,2023-09-25 03:00:00,False,03:00:00,2023-09-25
1261,2023-09-25 03:15:00,False,03:15:00,2023-09-25
1262,2023-09-25 03:30:00,False,03:30:00,2023-09-25
1263,2023-09-25 03:45:00,False,03:45:00,2023-09-25
1264,2023-09-25 04:00:00,False,04:00:00,2023-09-25
1265,2023-09-25 04:15:00,False,04:15:00,2023-09-25
1266,2023-09-25 04:30:00,False,04:30:00,2023-09-25
1267,2023-09-25 04:45:00,False,04:45:00,2023-09-25
1268,2023-09-25 05:00:00,False,05:00:00,2023-09-25
1269,2023-09-25 05:15:00,False,05:15:00,2023-09-25
1270,2023-09-25 05:30:00,False,05:30:00,2023-09-25
1271,2023-09-25 05:45:00,False,05:45:00,2023-09-25
1272,2023-09-25 06:00:00,False,06:00:00,2023-09-25
1273,2023-09-25 06:15:00,False,06:15:00,2023-09-25
1274,2023-09-25 06:30:00,False,06:30:00,2023-09-25
1275,2023-09-25 06:45:00,False,06:45:00,2023-09-25
1276,2023-09-25 07:00:00,False,07:00:00,2023-09-25
1277,2023-09-25 07:15:00,False,07:15:00,2023-09-25
1278,2023-09-25 07:30:00,False,07:30:00,2023-09-25
1279,2023-09-25 07:45:00,False,07:45:00,2023-09-25
1280,2023-09-25 08:00:00,False,08:00:00,2023-09-25
1281,2023-09-25 08:15:00,False,08:15:00,2023-09-25
1282,2023-09-25 08:30:00,False,08:30:00,2023-09-25
1283,2023-09-25 08:45:00,False,08:45:00,2023-09-25
1284,2023-09-25 09:00:00,False,09:00:00,2023-09-25
1285,2023-09-25 09:15:00,False,09:15:00,2023-09-25
1286,2023-09-25 09:30:00,False,09:30:00,2023-09-25
1287,2023-09-25 09:45:00,False,09:45:00,2023-09-25
1288,2023-09-25 10:00:00,False,10:00:00,2023-09-25
1289,2023-09-25 10:15:00,False,10:15:00,2023-09-25
1290,2023-09-25 10:30:00,False,10:30:00,2023-09-25
1291,2023-09-25 10:45:00,False,10:45:00,2023-09-25
1292,2023-09-25 11:00:00,False,11:00:00,2023-09-25
1293,2023-09-25 11:15:00,False,11:15:00,2023-09-25
1294,2023-09-25 11:30:00,False,11:30:00,2023-09-25
1295,2023-09-25 11:45:00,False,11:45:00,2023-09-25
1296,2023-09-25 12:00:00,False,12:00:00,2023-09-25
1297,2023-09-25 12:15:00,False,12:15:00,2023-09-25
1298,2023-09-25 12:30:00,False,12:30:00,2023-09-25
1299,2023-09-25 12:45:00,False,12:45:00,2023-09-25
1300,2023-09-25 13:00:00,False,13:00:00,2023-09-25
1301,2023-09-25 13:15:00,False,13:15:00,2023-09-25
1302,2023-09-25 13:30:00,False,13:30:00,2023-09-25
1303,2023-09-25 13:45:00,False,13:45:00,2023-09-25
1304,2023-09-25 14:00:00,False,14:00:00,2023-09-25
1305,2023-09-25 14:15:00,False,14:15:00,2023-09-25
1306,2023-09-25 14:30:00,False,14:30:00,2023-09-25
1307,2023-09-25 14:45:00,False,14:45:00,2023-09-25
1308,2023-09-25 15:00:00,False,15:00:00,2023-09-25
1309,2023-09-25 15:15:00,False,15:15:00,2023-09-25
1310,2023-09-25 15:30:00,False,15:30:00,2023-09-25
1311,2023-09-25 15:45:00,False,15:45:00,2023-09-25
1312,2023-09-25 16:00:00,False,16:00:00,2023-09-25
1313,2023-09-25 16:15:00,False,16:15:00,2023-09-25
1314,2023-09-25 16:30:00,False,16:30:00,2023-09-25
1315,2023-09-25 16:45:00,False,16:45:00,2023-09-25
1316,2023-09-25 17:00:00,False,17:00:00,2023-09-25
1317,2023-09-25 17:15:00,False,17:15:00,2023-09-25
1318,2023-09-25 17:30:00,False,17:30:00,2023-09-25
1319,2023-09-25 17:45:00,False,17:45:00,2023-09-25
1320,2023-09-25 18:00:00,False,18:00:00,2023-09-25
1321,2023-09-25 18:15:00,False,18:15:00,2023-09-25
1322,2023-09-25 18:30:00,False,18:30:00,2023-09-25
1323,2023-09-25 18:45:00,False,18:45:00,2023-09-25
1324,2023-09-25 19:00:00,False,19:00:00,2023-09-25
1325,2023-09-25 19:15:00,False,19:15:00,2023-09-25
1326,2023-09-25 19:30:00,False,19:30:00,2023-09-25
1327,2023-09-25 19:45:00,False,19:45:00,2023-09-25
1328,2023-09-25 20:00:00,False,20:00:00,2023-09-25
1329,2023-09-25 20:15:00,False,20:15:00,2023-09-25
1330,2023-09-25 20:30:00,False,20:30:00,2023-09-25
1331,2023-09-25 20:45:00,False,20:45:00,2023-09-25
1332,2023-09-25 21:00:00,False,21:00:00,2023-09-25
1333,2023-09-25 21:15:00,False,21:15:00,2023-09-25
1334,2023-09-25 21:30:00,False,21:30:00,2023-09-25
1335,2023-09-25 21:45:00,False,21:45:00,2023-09-25
1336,2023-09-25 22:00:00,False,22:00:00,2023-09-25
1337,2023-09-25 22:15:00,False,22:15:00,2023-09-25
1338,2023-09-25 22:30:00,False,22:30:00,2023-09-25
1339,2023-09-25 22:45:00,False,22:45:00,2023-09-25
1340,2023-09-25 23:00:00,False,23:00:00,2023-09-25
1341,2023-09-25 23:15:00,False,23:15:00,2023-09-25
1342,2023-09-25 23:30:00,False,23:30:00,2023-09-25
1343,2023-09-25 23:45:00,False,23:45:00,2023-09-25
1344,2023-09-26 00:00:00,False,00:00:00,2023-09-26
1345,2023-09-26 00:15:00,False,00:15:00,2023-09-26
1346,2023-09-26 00:30:00,False,00:30:00,2023-09-26
1347,2023-09-26 00:45:00,False,00:45:00,2023-09-26
1348,2023-09-26 01:00:00,False,01:00:00,2023-09-26
1349,2023-09-26 01:15:00,False,01:15:00,2023-09-26
1350,2023-09-26 01:30:00,False,01:30:00,2023-09-26
1351,2023-09-26 01:45:00,False,01:45:00,2023-09-26
1352,2023-09-26 02:00:00,False,02:00:00,2023-09-26
1353,2023-09-26 02:15:00,False,02:15:00,2023-09-26
1354,2023-09-26 02:30:00,False,02:30:00,2023-09-26
1355,2023-09-26 02:45:00,False,02:45:00,2023-09-26
1356,2023-09-26 03:00:00,False,03:00:00,2023-09-26
1357,2023-09-26 03:15:00,False,03:15:00,2023-09-26
1358,2023-09-26 03:30:00,False,03:30:00,2023-09-26
1359,2023-09-26 03:45:00,False,03:45:00,2023-09-26
1360,2023-09-26 04:00:00,False,04:00:00,2023-09-26
1361,2023-09-26 04:15:00,False,04:15:00,2023-09-26
1362,2023-09-26 04:30:00,False,04:30:00,2023-09-26
1363,2023-09-26 04:45:00,False,04:45:00,2023-09-26
1364,2023-09-26 05:00:00,False,05:00:00,2023-09-26
1365,2023-09-26 05:15:00,False,05:15:00,2023-09-26
1366,2023-09-26 05:30:00,False,05:30:00,2023-09-26
1367,2023-09-26 05:45:00,False,05:45:00,2023-09-26
1368,2023-09-26 06:00:00,False,06:00:00,2023-09-26
1369,2023-09-26 06:15:00,False,06:15:00,2023-09-26
1370,2023-09-26 06:30:00,False,06:30:00,2023-09-26
1371,2023-09-26 06:45:00,False,06:45:00,2023-09-26
1372,2023-09-26 07:00:00,False,07:00:00,2023-09-26
1373,2023-09-26 07:15:00,False,07:15:00,2023-09-26
1374,2023-09-26 07:30:00,False,07:30:00,2023-09-26
1375,2023-09-26 07:45:00,False,07:45:00,2023-09-26
1376,2023-09-26 08:00:00,False,08:00:00,2023-09-26
1377,2023-09-26 08:15:00,False,08:15:00,2023-09-26
1378,2023-09-26 08:30:00,False,08:30:00,2023-09-26
1379,2023-09-26 08:45:00,False,08:45:00,2023-09-26
1380,2023-09-26 09:00:00,False,09:00:00,2023-09-26
1381,2023-09-26 09:15:00,False,09:15:00,2023-09-26
1382,2023-09-26 09:30:00,False,09:30:00,2023-09-26
1383,2023-09-26 09:45:00,False,09:45:00,2023-09-26
1384,2023-09-26 10:00:00,False,10:00:00,2023-09-26
1385,2023-09-26 10:15:00,False,10:15:00,2023-09-26
1386,2023-09-26 10:30:00,False,10:30:00,2023-09-26
1387,2023-09-26 10:45:00,False,10:45:00,2023-09-26
1388,2023-09-26 11:00:00,False,11:00:00,2023-09-26
1389,2023-09-26 11:15:00,False,11:15:00,2023-09-26
1390,2023-09-26 11:30:00,False,11:30:00,2023-09-26
1391,2023-09-26 11:45:00,False,11:45:00,2023-09-26
1392,2023-09-26 12:00:00,False,12:00:00,2023-09-26
1393,2023-09-26 12:15:00,False,12:15:00,2023-09-26
1394,2023-09-26 12:30:00,False,12:30:00,2023-09-26
1395,2023-09-26 12:45:00,False,12:45:00,2023-09-26
1396,2023-09-26 13:00:00,False,13:00:00,2023-09-26
1397,2023-09-26 13:15:00,False,13:15:00,2023-09-26
1398,2023-09-26 13:30:00,False,13:30:00,2023-09-26
1399,2023-09-26 13:45:00,False,13:45:00,2023-09-26
1400,2023-09-26 14:00:00,False,14:00:00,2023-09-26
1401,2023-09-26 14:15:00,False,14:15:00,2023-09-26
1402,2023-09-26 14:30:00,False,14:30:00,2023-09-26
1403,2023-09-26 14:45:00,False,14:45:00,2023-09-26
1404,2023-09-26 15:00:00,False,15:00:00,2023-09-26
1405,2023-09-26 15:15:00,False,15:15:00,2023-09-26
1406,2023-09-26 15:30:00,False,15:30:00,2023-09-26
1407,2023-09-26 15:45:00,False,15:45:00,2023-09-26
1408,2023-09-26 16:00:00,False,16:00:00,2023-09-26
1409,2023-09-26 16:15:00,False,16:15:00,2023-09-26
1410,2023-09-26 16:30:00,False,16:30:00,2023-09-26
1411,2023-09-26 16:45:00,False,16:45:00,2023-09-26
1412,2023-09-26 17:00:00,False,17:00:00,2023-09-26
1413,2023-09-26 17:15:00,False,17:15:00,2023-09-26
1414,2023-09-26 17:30:00,False,17:30:00,2023-09-26
1415,2023-09-26 17:45:00,False,17:45:00,2023-09-26
1416,2023-09-26 18:00:00,False,18:00:00,2023-09-26
1417,2023-09-26 18:15:00,False,18:15:00,2023-09-26
1418,2023-09-26 18:30:00,False,18:30:00,2023-09-26
1419,2023-09-26 18:45:00,False,18:45:00,2023-09-26
1420,2023-09-26 19:00:00,False,19:00:00,2023-09-26
1421,2023-09-26 19:15:00,False,19:15:00,2023-09-26
1422,2023-09-26 19:30:00,False,19:30:00,2023-09-26
1423,2023-09-26 19:45:00,False,19:45:00,2023-09-26
1424,2023-09-26 20:00:00,False,20:00:00,2023-09-26
1425,2023-09-26 20:15:00,False,20:15:00,2023-09-26
1426,2023-09-26 20:30:00,False,20:30:00,2023-09-26
1427,2023-09-26 20:45:00,False,20:45:00,2023-09-26
1428,2023-09-26 21:00:00,False,21:00:00,2023-09-26
1429,2023-09-26 21:15:00,False,21:15:00,2023-09-26
1430,2023-09-26 21:30:00,False,21:30:00,2023-09-26
1431,2023-09-26 21:45:00,False,21:45:00,2023-09-26
1432,2023-09-26 22:00:00,False,22:00:00,2023-09-26
1433,2023-09-26 22:15:00,False,22:15:00,2023-09-26
1434,2023-09-26 22:30:00,False,22:30:00,2023-09-26
1435,2023-09-26 22:45:00,False,22:45:00,2023-09-26
1436,2023-09-26 23:00:00,False,23:00:00,2023-09-26
1437,2023-09-26 23:15:00,False,23:15:00,2023-09-26
1438,2023-09-26 23:30:00,False,23:30:00,2023-09-26
1439,2023-09-26 23:45:00,False,23:45:00,2023-09-26
1440,2023-09-27 00:00:00,False,00:00:00,2023-09-27
1441,2023-09-27 00:15:00,False,00:15:00,2023-09-27
1442,2023-09-27 00:30:00,False,00:30:00,2023-09-27
1443,2023-09-27 00:45:00,False,00:45:00,2023-09-27
1444,2023-09-27 01:00:00,False,01:00:00,2023-09-27
1445,2023-09-27 01:15:00,False,01:15:00,2023-09-27
1446,2023-09-27 01:30:00,False,01:30:00,2023-09-27
1447,2023-09-27 01:45:00,False,01:45:00,2023-09-27
1448,2023-09-27 02:00:00,False,02:00:00,2023-09-27
1449,2023-09-27 02:15:00,False,02:15:00,2023-09-27
1450,2023-09-27 02:30:00,False,02:30:00,2023-09-27
1451,2023-09-27 02:45:00,False,02:45:00,2023-09-27
1452,2023-09-27 03:00:00,False,03:00:00,2023-09-27
1453,2023-09-27 03:15:00,False,03:15:00,2023-09-27
1454,2023-09-27 03:30:00,False,03:30:00,2023-09-27
1455,2023-09-27 03:45:00,False,03:45:00,2023-09-27
1456,2023-09-27 04:00:00,False,04:00:00,2023-09-27
1457,2023-09-27 04:15:00,False,04:15:00,2023-09-27
1458,2023-09-27 04:30:00,False,04:30:00,2023-09-27
1459,2023-09-27 04:45:00,False,04:45:00,2023-09-27
1460,2023-09-27 05:00:00,False,05:00:00,2023-09-27
1461,2023-09-27 05:15:00,False,05:15:00,2023-09-27
1462,2023-09-27 05:30:00,False,05:30:00,2023-09-27
1463,2023-09-27 05:45:00,False,05:45:00,2023-09-27
1464,2023-09-27 06:00:00,False,06:00:00,2023-09-27
1465,2023-09-27 06:15:00,False,06:15:00,2023-09-27
1466,2023-09-27 06:30:00,False,06:30:00,2023-09-27
1467,2023-09-27 06:45:00,False,06:45:00,2023-09-27
1468,2023-09-27 07:00:00,False,07:00:00,2023-09-27
1469,2023-09-27 07:15:00,False,07:15:00,2023-09-27
1470,2023-09-27 07:30:00,False,07:30:00,2023-09-27
1471,2023-09-27 07:45:00,False,07:45:00,2023-09-27
1472,2023-09-27 08:00:00,False,08:00:00,2023-09-27
1473,2023-09-27 08:15:00,False,08:15:00,2023-09-27
1474,2023-09-27 08:30:00,False,08:30:00,2023-09-27
1475,2023-09-27 08:45:00,False,08:45:00,2023-09-27
1476,2023-09-27 09:00:00,False,09:00:00,2023-09-27
1477,2023-09-27 09:15:00,False,09:15:00,2023-09-27
1478,2023-09-27 09:30:00,False,09:30:00,2023-09-27
1479,2023-09-27 09:45:00,False,09:45:00,2023-09-27
1480,2023-09-27 10:00:00,False,10:00:00,2023-09-27
1481,2023-09-27 10:15:00,False,10:15:00,2023-09-27
1482,2023-09-27 10:30:00,False,10:30:00,2023-09-27
1483,2023-09-27 10:45:00,False,10:45:00,2023-09-27
1484,2023-09-27 11:00:00,False,11:00:00,2023-09-27
1485,2023-09-27 11:15:00,False,11:15:00,2023-09-27
1486,2023-09-27 11:30:00,False,11:30:00,2023-09-27
1487,2023-09-27 11:45:00,False,11:45:00,2023-09-27
1488,2023-09-27 12:00:00,False,12:00:00,2023-09-27
1489,2023-09-27 12:15:00,False,12:15:00,2023-09-27
1490,2023-09-27 12:30:00,False,12:30:00,2023-09-27
1491,2023-09-27 12:45:00,False,12:45:00,2023-09-27
1492,2023-09-27 13:00:00,False,13:00:00,2023-09-27
1493,2023-09-27 13:15:00,False,13:15:00,2023-09-27
1494,2023-09-27 13:30:00,False,13:30:00,2023-09-27
1495,2023-09-27 13:45:00,False,13:45:00,2023-09-27
1496,2023-09-27 14:00:00,False,14:00:00,2023-09-27
1497,2023-09-27 14:15:00,False,14:15:00,2023-09-27
1498,2023-09-27 14:30:00,False,14:30:00,2023-09-27
1499,2023-09-27 14:45:00,False,14:45:00,2023-09-27
1500,2023-09-27 15:00:00,False,15:00:00,2023-09-27
1501,2023-09-27 15:15:00,False,15:15:00,2023-09-27
1502,2023-09-27 15:30:00,False,15:30:00,2023-09-27
1503,2023-09-27 15:45:00,False,15:45:00,2023-09-27
1504,2023-09-27 16:00:00,False,16:00:00,2023-09-27
1505,2023-09-27 16:15:00,False,16:15:00,2023-09-27
1506,2023-09-27 16:30:00,False,16:30:00,2023-09-27
1507,2023-09-27 16:45:00,False,16:45:00,2023-09-27
1508,2023-09-27 17:00:00,False,17:00:00,2023-09-27
1509,2023-09-27 17:15:00,False,17:15:00,2023-09-27
1510,2023-09-27 17:30:00,False,17:30:00,2023-09-27
1511,2023-09-27 17:45:00,False,17:45:00,2023-09-27
1512,2023-09-27 18:00:00,False,18:00:00,2023-09-27
1513,2023-09-27 18:15:00,True,18:15:00,2023-09-27
1514,2023-09-27 18:30:00,True,18:30:00,2023-09-27
1515,2023-09-27 18:45:00,True,18:45:00,2023-09-27
1516,2023-09-27 19:00:00,True,19:00:00,2023-09-27
1517,2023-09-27 19:15:00,True,19:15:00,2023-09-27
1518,2023-09-27 19:30:00,True,19:30:00,2023-09-27
1519,2023-09-27 19:45:00,True,19:45:00,2023-09-27
1520,2023-09-27 20:00:00,True,20:00:00,2023-09-27
1521,2023-09-27 20:15:00,True,20:15:00,2023-09-27
1522,2023-09-27 20:30:00,True,20:30:00,2023-09-27
1523,2023-09-27 20:45:00,False,20:45:00,2023-09-27
1524,2023-09-27 21:00:00,False,21:00:00,2023-09-27
1525,2023-09-27 21:15:00,False,21:15:00,2023-09-27
1526,2023-09-27 21:30:00,False,21:30:00,2023-09-27
1527,2023-09-27 21:45:00,False,21:45:00,2023-09-27
1528,2023-09-27 22:00:00,False,22:00:00,2023-09-27
1529,2023-09-27 22:15:00,False,22:15:00,2023-09-27
1530,2023-09-27 22:30:00,False,22:30:00,2023-09-27
1531,2023-09-27 22:45:00,False,22:45:00,2023-09-27
1532,2023-09-27 23:00:00,False,23:00:00,2023-09-27
1533,2023-09-27 23:15:00,False,23:15:00,2023-09-27
1534,2023-09-27 23:30:00,False,23:30:00,2023-09-27
1535,2023-09-27 23:45:00,False,23:45:00,2023-09-27
1536,2023-09-28 00:00:00,False,00:00:00,2023-09-28
1537,2023-09-28 00:15:00,False,00:15:00,2023-09-28
1538,2023-09-28 00:30:00,False,00:30:00,2023-09-28
1539,2023-09-28 00:45:00,False,00:45:00,2023-09-28
1540,2023-09-28 01:00:00,False,01:00:00,2023-09-28
1541,2023-09-28 01:15:00,False,01:15:00,2023-09-28
1542,2023-09-28 01:30:00,False,01:30:00,2023-09-28
1543,2023-09-28 01:45:00,False,01:45:00,2023-09-28
1544,2023-09-28 02:00:00,False,02:00:00,2023-09-28
1545,2023-09-28 02:15:00,False,02:15:00,2023-09-28
1546,2023-09-28 02:30:00,False,02:30:00,2023-09-28
1547,2023-09-28 02:45:00,False,02:45:00,2023-09-28
1548,2023-09-28 03:00:00,False,03:00:00,2023-09-28
1549,2023-09-28 03:15:00,False,03:15:00,2023-09-28
1550,2023-09-28 03:30:00,False,03:30:00,2023-09-28
1551,2023-09-28 03:45:00,False,03:45:00,2023-09-28
1552,2023-09-28 04:00:00,False,04:00:00,2023-09-28
1553,2023-09-28 04:15:00,False,04:15:00,2023-09-28
1554,2023-09-28 04:30:00,False,04:30:00,2023-09-28
1555,2023-09-28 04:45:00,False,04:45:00,2023-09-28
1556,2023-09-28 05:00:00,False,05:00:00,2023-09-28
1557,2023-09-28 05:15:00,False,05:15:00,2023-09-28
1558,2023-09-28 05:30:00,False,05:30:00,2023-09-28
1559,2023-09-28 05:45:00,False,05:45:00,2023-09-28
1560,2023-09-28 06:00:00,False,06:00:00,2023-09-28
1561,2023-09-28 06:15:00,False,06:15:00,2023-09-28
1562,2023-09-28 06:30:00,False,06:30:00,2023-09-28
1563,2023-09-28 06:45:00,False,06:45:00,2023-09-28
1564,2023-09-28 07:00:00,False,07:00:00,2023-09-28
1565,2023-09-28 07:15:00,False,07:15:00,2023-09-28
1566,2023-09-28 07:30:00,False,07:30:00,2023-09-28
1567,2023-09-28 07:45:00,False,07:45:00,2023-09-28
1568,2023-09-28 08:00:00,False,08:00:00,2023-09-28
1569,2023-09-28 08:15:00,False,08:15:00,2023-09-28
1570,2023-09-28 08:30:00,False,08:30:00,2023-09-28
1571,2023-09-28 08:45:00,False,08:45:00,2023-09-28
1572,2023-09-28 09:00:00,False,09:00:00,2023-09-28
1573,2023-09-28 09:15:00,False,09:15:00,2023-09-28
1574,2023-09-28 09:30:00,False,09:30:00,2023-09-28
1575,2023-09-28 09:45:00,False,09:45:00,2023-09-28
1576,2023-09-28 10:00:00,False,10:00:00,2023-09-28
1577,2023-09-28 10:15:00,False,10:15:00,2023-09-28
1578,2023-09-28 10:30:00,False,10:30:00,2023-09-28
1579,2023-09-28 10:45:00,False,10:45:00,2023-09-28
1580,2023-09-28 11:00:00,False,11:00:00,2023-09-28
1581,2023-09-28 11:15:00,False,11:15:00,2023-09-28
1582,2023-09-28 11:30:00,False,11:30:00,2023-09-28
1583,2023-09-28 11:45:00,False,11:45:00,2023-09-28
1584,2023-09-28 12:00:00,False,12:00:00,2023-09-28
1585,2023-09-28 12:15:00,False,12:15:00,2023-09-28
1586,2023-09-28 12:30:00,False,12:30:00,2023-09-28
1587,2023-09-28 12:45:00,False,12:45:00,2023-09-28
1588,2023-09-28 13:00:00,False,13:00:00,2023-09-28
1589,2023-09-28 13:15:00,False,13:15:00,2023-09-28
1590,2023-09-28 13:30:00,False,13:30:00,2023-09-28
1591,2023-09-28 13:45:00,False,13:45:00,2023-09-28
1592,2023-09-28 14:00:00,False,14:00:00,2023-09-28
1593,2023-09-28 14:15:00,False,14:15:00,2023-09-28
1594,2023-09-28 14:30:00,False,14:30:00,2023-09-28
1595,2023-09-28 14:45:00,False,14:45:00,2023-09-28
1596,2023-09-28 15:00:00,False,15:00:00,2023-09-28
1597,2023-09-28 15:15:00,False,15:15:00,2023-09-28
1598,2023-09-28 15:30:00,False,15:30:00,2023-09-28
1599,2023-09-28 15:45:00,False,15:45:00,2023-09-28
1600,2023-09-28 16:00:00,False,16:00:00,2023-09-28
1601,2023-09-28 16:15:00,False,16:15:00,2023-09-28
1602,2023-09-28 16:30:00,False,16:30:00,2023-09-28
1603,2023-09-28 16:45:00,False,16:45:00,2023-09-28
1604,2023-09-28 17:00:00,False,17:00:00,2023-09-28
1605,2023-09-28 17:15:00,False,17:15:00,2023-09-28
1606,2023-09-28 17:30:00,False,17:30:00,2023-09-28
1607,2023-09-28 17:45:00,False,17:45:00,2023-09-28
1608,2023-09-28 18:00:00,False,18:00:00,2023-09-28
1609,2023-09-28 18:15:00,False,18:15:00,2023-09-28
1610,2023-09-28 18:30:00,False,18:30:00,2023-09-28
1611,2023-09-28 18:45:00,False,18:45:00,2023-09-28
1612,2023-09-28 19:00:00,False,19:00:00,2023-09-28
1613,2023-09-28 19:15:00,False,19:15:00,2023-09-28
1614,2023-09-28 19:30:00,False,19:30:00,2023-09-28
1615,2023-09-28 19:45:00,False,19:45:00,2023-09-28
1616,2023-09-28 20:00:00,False,20:00:00,2023-09-28
1617,2023-09-28 20:15:00,False,20:15:00,2023-09-28
1618,2023-09-28 20:30:00,False,20:30:00,2023-09-28
1619,2023-09-28 20:45:00,False,20:45:00,2023-09-28
1620,2023-09-28 21:00:00,False,21:00:00,2023-09-28
1621,2023-09-28 21:15:00,False,21:15:00,2023-09-28
1622,2023-09-28 21:30:00,False,21:30:00,2023-09-28
1623,2023-09-28 21:45:00,False,21:45:00,2023-09-28
1624,2023-09-28 22:00:00,False,22:00:00,2023-09-28
1625,2023-09-28 22:15:00,False,22:15:00,2023-09-28
1626,2023-09-28 22:30:00,False,22:30:00,2023-09-28
1627,2023-09-28 22:45:00,False,22:45:00,2023-09-28
1628,2023-09-28 23:00:00,False,23:00:00,2023-09-28
1629,2023-09-28 23:15:00,False,23:15:00,2023-09-28
1630,2023-09-28 23:30:00,False,23:30:00,2023-09-28
1631,2023-09-28 23:45:00,False,23:45:00,2023-09-28
1632,2023-09-29 00:00:00,False,00:00:00,2023-09-29
1633,2023-09-29 00:15:00,False,00:15:00,2023-09-29
1634,2023-09-29 00:30:00,False,00:30:00,2023-09-29
1635,2023-09-29 00:45:00,False,00:45:00,2023-09-29
1636,2023-09-29 01:00:00,False,01:00:00,2023-09-29
1637,2023-09-29 01:15:00,False,01:15:00,2023-09-29
1638,2023-09-29 01:30:00,False,01:30:00,2023-09-29
1639,2023-09-29 01:45:00,False,01:45:00,2023-09-29
1640,2023-09-29 02:00:00,False,02:00:00,2023-09-29
1641,2023-09-29 02:15:00,False,02:15:00,2023-09-29
1642,2023-09-29 02:30:00,False,02:30:00,2023-09-29
1643,2023-09-29 02:45:00,False,02:45:00,2023-09-29
1644,2023-09-29 03:00:00,False,03:00:00,2023-09-29
1645,2023-09-29 03:15:00,False,03:15:00,2023-09-29
1646,2023-09-29 03:30:00,False,03:30:00,2023-09-29
1647,2023-09-29 03:45:00,False,03:45:00,2023-09-29
1648,2023-09-29 04:00:00,False,04:00:00,2023-09-29
1649,2023-09-29 04:15:00,False,04:15:00,2023-09-29
1650,2023-09-29 04:30:00,False,04:30:00,2023-09-29
1651,2023-09-29 04:45:00,False,04:45:00,2023-09-29
1652,2023-09-29 05:00:00,False,05:00:00,2023-09-29
1653,2023-09-29 05:15:00,False,05:15:00,2023-09-29
1654,2023-09-29 05:30:00,False,05:30:00,2023-09-29
1655,2023-09-29 05:45:00,False,05:45:00,2023-09-29
1656,2023-09-29 06:00:00,False,06:00:00,2023-09-29
1657,2023-09-29 06:15:00,False,06:15:00,2023-09-29
1658,2023-09-29 06:30:00,False,06:30:00,2023-09-29
1659,2023-09-29 06:45:00,False,06:45:00,2023-09-29
1660,2023-09-29 07:00:00,False,07:00:00,2023-09-29
1661,2023-09-29 07:15:00,False,07:15:00,2023-09-29
1662,2023-09-29 07:30:00,False,07:30:00,2023-09-29
1663,2023-09-29 07:45:00,False,07:45:00,2023-09-29
1664,2023-09-29 08:00:00,False,08:00:00,2023-09-29
1665,2023-09-29 08:15:00,False,08:15:00,2023-09-29
1666,2023-09-29 08:30:00,False,08:30:00,2023-09-29
1667,2023-09-29 08:45:00,False,08:45:00,2023-09-29
1668,2023-09-29 09:00:00,False,09:00:00,2023-09-29
1669,2023-09-29 09:15:00,False,09:15:00,2023-09-29
1670,2023-09-29 09:30:00,False,09:30:00,2023-09-29
1671,2023-09-29 09:45:00,False,09:45:00,2023-09-29
1672,2023-09-29 10:00:00,False,10:00:00,2023-09-29
1673,2023-09-29 10:15:00,False,10:15:00,2023-09-29
1674,2023-09-29 10:30:00,False,10:30:00,2023-09-29
1675,2023-09-29 10:45:00,False,10:45:00,2023-09-29
1676,2023-09-29 11:00:00,False,11:00:00,2023-09-29
1677,2023-09-29 11:15:00,False,11:15:00,2023-09-29
1678,2023-09-29 11:30:00,False,11:30:00,2023-09-29
1679,2023-09-29 11:45:00,False,11:45:00,2023-09-29
1680,2023-09-29 12:00:00,False,12:00:00,2023-09-29
1681,2023-09-29 12:15:00,False,12:15:00,2023-09-29
1682,2023-09-29 12:30:00,False,12:30:00,2023-09-29
1683,2023-09-29 12:45:00,False,12:45:00,2023-09-29
1684,2023-09-29 13:00:00,False,13:00:00,2023-09-29
1685,2023-09-29 13:15:00,False,13:15:00,2023-09-29
1686,2023-09-29 13:30:00,False,13:30:00,2023-09-29
1687,2023-09-29 13:45:00,False,13:45:00,2023-09-29
1688,2023-09-29 14:00:00,False,14:00:00,2023-09-29
1689,2023-09-29 14:15:00,False,14:15:00,2023-09-29
1690,2023-09-29 14:30:00,False,14:30:00,2023-09-29
1691,2023-09-29 14:45:00,False,14:45:00,2023-09-29
1692,2023-09-29 15:00:00,False,15:00:00,2023-09-29
1693,2023-09-29 15:15:00,False,15:15:00,2023-09-29
1694,2023-09-29 15:30:00,False,15:30:00,2023-09-29
1695,2023-09-29 15:45:00,False,15:45:00,2023-09-29
1696,2023-09-29 16:00:00,False,16:00:00,2023-09-29
1697,2023-09-29 16:15:00,False,16:15:00,2023-09-29
1698,2023-09-29 16:30:00,False,16:30:00,2023-09-29
1699,2023-09-29 16:45:00,False,16:45:00,2023-09-29
1700,2023-09-29 17:00:00,False,17:00:00,2023-09-29
1701,2023-09-29 17:15:00,False,17:15:00,2023-09-29
1702,2023-09-29 17:30:00,False,17:30:00,2023-09-29
1703,2023-09-29 17:45:00,False,17:45:00,2023-09-29
1704,2023-09-29 18:00:00,False,18:00:00,2023-09-29
1705,2023-09-29 18:15:00,False,18:15:00,2023-09-29
1706,2023-09-29 18:30:00,False,18:30:00,2023-09-29
1707,2023-09-29 18:45:00,False,18:45:00,2023-09-29
1708,2023-09-29 19:00:00,False,19:00:00,2023-09-29
1709,2023-09-29 19:15:00,False,19:15:00,2023-09-29
1710,2023-09-29 19:30:00,False,19:30:00,2023-09-29
1711,2023-09-29 19:45:00,False,19:45:00,2023-09-29
1712,2023-09-29 20:00:00,False,20:00:00,2023-09-29
1713,2023-09-29 20:15:00,False,20:15:00,2023-09-29
1714,2023-09-29 20:30:00,False,20:30:00,2023-09-29
1715,2023-09-29 20:45:00,False,20:45:00,2023-09-29
1716,2023-09-29 21:00:00,False,21:00:00,2023-09-29
1717,2023-09-29 21:15:00,False,21:15:00,2023-09-29
1718,2023-09-29 21:30:00,False,21:30:00,2023-09-29
1719,2023-09-29 21:45:00,False,21:45:00,2023-09-29
1720,2023-09-29 22:00:00,False,22:00:00,2023-09-29
1721,2023-09-29 22:15:00,False,22:15:00,2023-09-29
1722,2023-09-29 22:30:00,False,22:30:00,2023-09-29
1723,2023-09-29 22:45:00,False,22:45:00,2023-09-29
1724,2023-09-29 23:00:00,False,23:00:00,2023-09-29
1725,2023-09-29 23:15:00,False,23:15:00,2023-09-29
1726,2023-09-29 23:30:00,False,23:30:00,2023-09-29
1727,2023-09-29 23:45:00,False,23:45:00,2023-09-29
1728,2023-09-30 00:00:00,False,00:00:00,2023-09-30
1729,2023-09-30 00:15:00,False,00:15:00,2023-09-30
1730,2023-09-30 00:30:00,False,00:30:00,2023-09-30
1731,2023-09-30 00:45:00,False,00:45:00,2023-09-30
1732,2023-09-30 01:00:00,False,01:00:00,2023-09-30
1733,2023-09-30 01:15:00,False,01:15:00,2023-09-30
1734,2023-09-30 01:30:00,False,01:30:00,2023-09-30
1735,2023-09-30 01:45:00,False,01:45:00,2023-09-30
1736,2023-09-30 02:00:00,False,02:00:00,2023-09-30
1737,2023-09-30 02:15:00,False,02:15:00,2023-09-30
1738,2023-09-30 02:30:00,False,02:30:00,2023-09-30
1739,2023-09-30 02:45:00,False,02:45:00,2023-09-30
1740,2023-09-30 03:00:00,False,03:00:00,2023-09-30
1741,2023-09-30 03:15:00,False,03:15:00,2023-09-30
1742,2023-09-30 03:30:00,False,03:30:00,2023-09-30
1743,2023-09-30 03:45:00,False,03:45:00,2023-09-30
1744,2023-09-30 04:00:00,False,04:00:00,2023-09-30
1745,2023-09-30 04:15:00,False,04:15:00,2023-09-30
1746,2023-09-30 04:30:00,False,04:30:00,2023-09-30
1747,2023-09-30 04:45:00,False,04:45:00,2023-09-30
1748,2023-09-30 05:00:00,False,05:00:00,2023-09-30
1749,2023-09-30 05:15:00,False,05:15:00,2023-09-30
1750,2023-09-30 05:30:00,False,05:30:00,2023-09-30
1751,2023-09-30 05:45:00,False,05:45:00,2023-09-30
1752,2023-09-30 06:00:00,False,06:00:00,2023-09-30
1753,2023-09-30 06:15:00,False,06:15:00,2023-09-30
1754,2023-09-30 06:30:00,False,06:30:00,2023-09-30
1755,2023-09-30 06:45:00,False,06:45:00,2023-09-30
1756,2023-09-30 07:00:00,False,07:00:00,2023-09-30
1757,2023-09-30 07:15:00,False,07:15:00,2023-09-30
1758,2023-09-30 07:30:00,False,07:30:00,2023-09-30
1759,2023-09-30 07:45:00,False,07:45:00,2023-09-30
1760,2023-09-30 08:00:00,False,08:00:00,2023-09-30
1761,2023-09-30 08:15:00,False,08:15:00,2023-09-30
1762,2023-09-30 08:30:00,False,08:30:00,2023-09-30
1763,2023-09-30 08:45:00,False,08:45:00,2023-09-30
1764,2023-09-30 09:00:00,False,09:00:00,2023-09-30
1765,2023-09-30 09:15:00,False,09:15:00,2023-09-30
1766,2023-09-30 09:30:00,False,09:30:00,2023-09-30
1767,2023-09-30 09:45:00,False,09:45:00,2023-09-30
1768,2023-09-30 10:00:00,False,10:00:00,2023-09-30
1769,2023-09-30 10:15:00,False,10:15:00,2023-09-30
1770,2023-09-30 10:30:00,False,10:30:00,2023-09-30
1771,2023-09-30 10:45:00,False,10:45:00,2023-09-30
1772,2023-09-30 11:00:00,False,11:00:00,2023-09-30
1773,2023-09-30 11:15:00,False,11:15:00,2023-09-30
1774,2023-09-30 11:30:00,False,11:30:00,2023-09-30
1775,2023-09-30 11:45:00,False,11:45:00,2023-09-30
1776,2023-09-30 12:00:00,False,12:00:00,2023-09-30
1777,2023-09-30 12:15:00,False,12:15:00,2023-09-30
1778,2023-09-30 12:30:00,False,12:30:00,2023-09-30
1779,2023-09-30 12:45:00,False,12:45:00,2023-09-30
1780,2023-09-30 13:00:00,False,13:00:00,2023-09-30
1781,2023-09-30 13:15:00,False,13:15:00,2023-09-30
1782,2023-09-30 13:30:00,False,13:30:00,2023-09-30
1783,2023-09-30 13:45:00,False,13:45:00,2023-09-30
1784,2023-09-30 14:00:00,False,14:00:00,2023-09-30
1785,2023-09-30 14:15:00,False,14:15:00,2023-09-30
1786,2023-09-30 14:30:00,False,14:30:00,2023-09-30
1787,2023-09-30 14:45:00,False,14:45:00,2023-09-30
1788,2023-09-30 15:00:00,False,15:00:00,2023-09-30
1789,2023-09-30 15:15:00,False,15:15:00,2023-09-30
1790,2023-09-30 15:30:00,False,15:30:00,2023-09-30
1791,2023-09-30 15:45:00,False,15:45:00,2023-09-30
1792,2023-09-30 16:00:00,False,16:00:00,2023-09-30
1793,2023-09-30 16:15:00,False,16:15:00,2023-09-30
1794,2023-09-30 16:30:00,False,16:30:00,2023-09-30
1795,2023-09-30 16:45:00,False,16:45:00,2023-09-30
1796,2023-09-30 17:00:00,True,17:00:00,2023-09-30
1797,2023-09-30 17:15:00,True,17:15:00,2023-09-30
1798,2023-09-30 17:30:00,True,17:30:00,2023-09-30
1799,2023-09-30 17:45:00,True,17:45:00,2023-09-30
1800,2023-09-30 18:00:00,False,18:00:00,2023-09-30
1801,2023-09-30 18:15:00,False,18:15:00,2023-09-30
1802,2023-09-30 18:30:00,False,18:30:00,2023-09-30
1803,2023-09-30 18:45:00,False,18:45:00,2023-09-30
1804,2023-09-30 19:00:00,False,19:00:00,2023-09-30
1805,2023-09-30 19:15:00,False,19:15:00,2023-09-30
1806,2023-09-30 19:30:00,False,19:30:00,2023-09-30
1807,2023-09-30 19:45:00,False,19:45:00,2023-09-30
1808,2023-09-30 20:00:00,False,20:00:00,2023-09-30
1809,2023-09-30 20:15:00,False,20:15:00,2023-09-30
1810,2023-09-30 20:30:00,False,20:30:00,2023-09-30
1811,2023-09-30 20:45:00,False,20:45:00,2023-09-30
1812,2023-09-30 21:00:00,True,21:00:00,2023-09-30
1813,2023-09-30 21:15:00,False,21:15:00,2023-09-30
1814,2023-09-30 21:30:00,False,21:30:00,2023-09-30
1815,2023-09-30 21:45:00,False,21:45:00,2023-09-30
1816,2023-09-30 22:00:00,False,22:00:00,2023-09-30
1817,2023-09-30 22:15:00,False,22:15:00,2023-09-30
1818,2023-09-30 22:30:00,False,22:30:00,2023-09-30
1819,2023-09-30 22:45:00,False,22:45:00,2023-09-30
1820,2023-09-30 23:00:00,False,23:00:00,2023-09-30
1821,2023-09-30 23:15:00,False,23:15:00,2023-09-30
1822,2023-09-30 23:30:00,False,23:30:00,2023-09-30
1823,2023-09-30 23:45:00,False,23:45:00,2023-09-30
1824,2023-10-01 00:00:00,False,00:00:00,2023-10-01
1825,2023-10-01 00:15:00,False,00:15:00,2023-10-01
1826,2023-10-01 00:30:00,False,00:30:00,2023-10-01
1827,2023-10-01 00:45:00,False,00:45:00,2023-10-01
1828,2023-10-01 01:00:00,False,01:00:00,2023-10-01
1829,2023-10-01 01:15:00,False,01:15:00,2023-10-01
1830,2023-10-01 01:30:00,False,01:30:00,2023-10-01
1831,2023-10-01 01:45:00,False,01:45:00,2023-10-01
1832,2023-10-01 02:00:00,False,02:00:00,2023-10-01
1833,2023-10-01 02:15:00,False,02:15:00,2023-10-01
1834,2023-10-01 02:30:00,False,02:30:00,2023-10-01
1835,2023-10-01 02:45:00,False,02:45:00,2023-10-01
1836,2023-10-01 03:00:00,False,03:00:00,2023-10-01
1837,2023-10-01 03:15:00,False,03:15:00,2023-10-01
1838,2023-10-01 03:30:00,False,03:30:00,2023-10-01
1839,2023-10-01 03:45:00,False,03:45:00,2023-10-01
1840,2023-10-01 04:00:00,False,04:00:00,2023-10-01
1841,2023-10-01 04:15:00,False,04:15:00,2023-10-01
1842,2023-10-01 04:30:00,False,04:30:00,2023-10-01
1843,2023-10-01 04:45:00,False,04:45:00,2023-10-01
1844,2023-10-01 05:00:00,False,05:00:00,2023-10-01
1845,2023-10-01 05:15:00,False,05:15:00,2023-10-01
1846,2023-10-01 05:30:00,False,05:30:00,2023-10-01
1847,2023-10-01 05:45:00,False,05:45:00,2023-10-01
1848,2023-10-01 06:00:00,False,06:00:00,2023-10-01
1849,2023-10-01 06:15:00,False,06:15:00,2023-10-01
1850,2023-10-01 06:30:00,False,06:30:00,2023-10-01
1851,2023-10-01 06:45:00,False,06:45:00,2023-10-01
1852,2023-10-01 07:00:00,False,07:00:00,2023-10-01
1853,2023-10-01 07:15:00,False,07:15:00,2023-10-01
1854,2023-10-01 07:30:00,False,07:30:00,2023-10-01
1855,2023-10-01 07:45:00,False,07:45:00,2023-10-01
1856,2023-10-01 08:00:00,False,08:00:00,2023-10-01
1857,2023-10-01 08:15:00,False,08:15:00,2023-10-01
1858,2023-10-01 08:30:00,False,08:30:00,2023-10-01
1859,2023-10-01 08:45:00,False,08:45:00,2023-10-01
1860,2023-10-01 09:00:00,False,09:00:00,2023-10-01
1861,2023-10-01 09:15:00,False,09:15:00,2023-10-01
1862,2023-10-01 09:30:00,False,09:30:00,2023-10-01
1863,2023-10-01 09:45:00,False,09:45:00,2023-10-01
1864,2023-10-01 10:00:00,False,10:00:00,2023-10-01
1865,2023-10-01 10:15:00,False,10:15:00,2023-10-01
1866,2023-10-01 10:30:00,False,10:30:00,2023-10-01
1867,2023-10-01 10:45:00,False,10:45:00,2023-10-01
1868,2023-10-01 11:00:00,False,11:00:00,2023-10-01
1869,2023-10-01 11:15:00,False,11:15:00,2023-10-01
1870,2023-10-01 11:30:00,False,11:30:00,2023-10-01
1871,2023-10-01 11:45:00,False,11:45:00,2023-10-01
1872,2023-10-01 12:00:00,False,12:00:00,2023-10-01
1873,2023-10-01 12:15:00,False,12:15:00,2023-10-01
1874,2023-10-01 12:30:00,False,12:30:00,2023-10-01
1875,2023-10-01 12:45:00,False,12:45:00,2023-10-01
1876,2023-10-01 13:00:00,False,13:00:00,2023-10-01
1877,2023-10-01 13:15:00,False,13:15:00,2023-10-01
1878,2023-10-01 13:30:00,False,13:30:00,2023-10-01
1879,2023-10-01 13:45:00,False,13:45:00,2023-10-01
1880,2023-10-01 14:00:00,False,14:00:00,2023-10-01
1881,2023-10-01 14:15:00,False,14:15:00,2023-10-01
1882,2023-10-01 14:30:00,False,14:30:00,2023-10-01
1883,2023-10-01 14:45:00,False,14:45:00,2023-10-01
1884,2023-10-01 15:00:00,False,15:00:00,2023-10-01
1885,2023-10-01 15:15:00,False,15:15:00,2023-10-01
1886,2023-10-01 15:30:00,False,15:30:00,2023-10-01
1887,2023-10-01 15:45:00,False,15:45:00,2023-10-01
1888,2023-10-01 16:00:00,False,16:00:00,2023-10-01
1889,2023-10-01 16:15:00,False,16:15:00,2023-10-01
1890,2023-10-01 16:30:00,False,16:30:00,2023-10-01
1891,2023-10-01 16:45:00,False,16:45:00,2023-10-01
1892,2023-10-01 17:00:00,False,17:00:00,2023-10-01
1893,2023-10-01 17:15:00,False,17:15:00,2023-10-01
1894,2023-10-01 17:30:00,False,17:30:00,2023-10-01
1895,2023-10-01 17:45:00,False,17:45:00,2023-10-01
1896,2023-10-01 18:00:00,False,18:00:00,2023-10-01
1897,2023-10-01 18:15:00,False,18:15:00,2023-10-01
1898,2023-10-01 18:30:00,False,18:30:00,2023-10-01
1899,2023-10-01 18:45:00,False,18:45:00,2023-10-01
1900,2023-10-01 19:00:00,False,19:00:00,2023-10-01
1901,2023-10-01 19:15:00,False,19:15:00,2023-10-01
1902,2023-10-01 19:30:00,False,19:30:00,2023-10-01
1903,2023-10-01 19:45:00,False,19:45:00,2023-10-01
1904,2023-10-01 20:00:00,False,20:00:00,2023-10-01
1905,2023-10-01 20:15:00,False,20:15:00,2023-10-01
1906,2023-10-01 20:30:00,False,20:30:00,2023-10-01
1907,2023-10-01 20:45:00,False,20:45:00,2023-10-01
1908,2023-10-01 21:00:00,False,21:00:00,2023-10-01
1909,2023-10-01 21:15:00,False,21:15:00,2023-10-01
1910,2023-10-01 21:30:00,False,21:30:00,2023-10-01
1911,2023-10-01 21:45:00,False,21:45:00,2023-10-01
1912,2023-10-01 22:00:00,False,22:00:00,2023-10-01
1913,2023-10-01 22:15:00,False,22:15:00,2023-10-01
1914,2023-10-01 22:30:00,False,22:30:00,2023-10-01
1915,2023-10-01 22:45:00,False,22:45:00,2023-10-01
1916,2023-10-01 23:00:00,False,23:00:00,2023-10-01
1917,2023-10-01 23:15:00,False,23:15:00,2023-10-01
1918,2023-10-01 23:30:00,False,23:30:00,2023-10-01
1919,2023-10-01 23:45:00,False,23:45:00,2023-10-01
1920,2023-10-02 00:00:00,False,00:00:00,2023-10-02
1921,2023-10-02 00:15:00,False,00:15:00,2023-10-02
1922,2023-10-02 00:30:00,False,00:30:00,2023-10-02
1923,2023-10-02 00:45:00,False,00:45:00,2023-10-02
1924,2023-10-02 01:00:00,True,01:00:00,2023-10-02
1925,2023-10-02 01:15:00,False,01:15:00,2023-10-02
1926,2023-10-02 01:30:00,False,01:30:00,2023-10-02
1927,2023-10-02 01:45:00,False,01:45:00,2023-10-02
1928,2023-10-02 02:00:00,False,02:00:00,2023-10-02
1929,2023-10-02 02:15:00,False,02:15:00,2023-10-02
1930,2023-10-02 02:30:00,False,02:30:00,2023-10-02
1931,2023-10-02 02:45:00,False,02:45:00,2023-10-02
1932,2023-10-02 03:00:00,False,03:00:00,2023-10-02
1933,2023-10-02 03:15:00,False,03:15:00,2023-10-02
1934,2023-10-02 03:30:00,False,03:30:00,2023-10-02
1935,2023-10-02 03:45:00,False,03:45:00,2023-10-02
1936,2023-10-02 04:00:00,False,04:00:00,2023-10-02
1937,2023-10-02 04:15:00,False,04:15:00,2023-10-02
1938,2023-10-02 04:30:00,False,04:30:00,2023-10-02
1939,2023-10-02 04:45:00,False,04:45:00,2023-10-02
1940,2023-10-02 05:00:00,False,05:00:00,2023-10-02
1941,2023-10-02 05:15:00,False,05:15:00,2023-10-02
1942,2023-10-02 05:30:00,False,05:30:00,2023-10-02
1943,2023-10-02 05:45:00,False,05:45:00,2023-10-02
1944,2023-10-02 06:00:00,False,06:00:00,2023-10-02
1945,2023-10-02 06:15:00,False,06:15:00,2023-10-02
1946,2023-10-02 06:30:00,False,06:30:00,2023-10-02
1947,2023-10-02 06:45:00,False,06:45:00,2023-10-02
1948,2023-10-02 07:00:00,False,07:00:00,2023-10-02
1949,2023-10-02 07:15:00,False,07:15:00,2023-10-02
1950,2023-10-02 07:30:00,False,07:30:00,2023-10-02
1951,2023-10-02 07:45:00,False,07:45:00,2023-10-02
1952,2023-10-02 08:00:00,False,08:00:00,2023-10-02
1953,2023-10-02 08:15:00,False,08:15:00,2023-10-02
1954,2023-10-02 08:30:00,False,08:30:00,2023-10-02
1955,2023-10-02 08:45:00,False,08:45:00,2023-10-02
1956,2023-10-02 09:00:00,False,09:00:00,2023-10-02
1957,2023-10-02 09:15:00,False,09:15:00,2023-10-02
1958,2023-10-02 09:30:00,False,09:30:00,2023-10-02
1959,2023-10-02 09:45:00,False,09:45:00,2023-10-02
1960,2023-10-02 10:00:00,False,10:00:00,2023-10-02
1961,2023-10-02 10:15:00,False,10:15:00,2023-10-02
1962,2023-10-02 10:30:00,False,10:30:00,2023-10-02
1963,2023-10-02 10:45:00,False,10:45:00,2023-10-02
1964,2023-10-02 11:00:00,False,11:00:00,2023-10-02
1965,2023-10-02 11:15:00,False,11:15:00,2023-10-02
1966,2023-10-02 11:30:00,False,11:30:00,2023-10-02
1967,2023-10-02 11:45:00,False,11:45:00,2023-10-02
1968,2023-10-02 12:00:00,False,12:00:00,2023-10-02
1969,2023-10-02 12:15:00,False,12:15:00,2023-10-02
1970,2023-10-02 12:30:00,False,12:30:00,2023-10-02
1971,2023-10-02 12:45:00,False,12:45:00,2023-10-02
1972,2023-10-02 13:00:00,False,13:00:00,2023-10-02
1973,2023-10-02 13:15:00,False,13:15:00,2023-10-02
1974,2023-10-02 13:30:00,False,13:30:00,2023-10-02
1975,2023-10-02 13:45:00,False,13:45:00,2023-10-02
1976,2023-10-02 14:00:00,False,14:00:00,2023-10-02
1977,2023-10-02 14:15:00,False,14:15:00,2023-10-02
1978,2023-10-02 14:30:00,False,14:30:00,2023-10-02
1979,2023-10-02 14:45:00,False,14:45:00,2023-10-02
1980,2023-10-02 15:00:00,False,15:00:00,2023-10-02
1981,2023-10-02 15:15:00,False,15:15:00,2023-10-02
1982,2023-10-02 15:30:00,False,15:30:00,2023-10-02
1983,2023-10-02 15:45:00,False,15:45:00,2023-10-02
1984,2023-10-02 16:00:00,False,16:00:00,2023-10-02
1985,2023-10-02 16:15:00,False,16:15:00,2023-10-02
1986,2023-10-02 16:30:00,False,16:30:00,2023-10-02
1987,2023-10-02 16:45:00,False,16:45:00,2023-10-02
1988,2023-10-02 17:00:00,False,17:00:00,2023-10-02
1989,2023-10-02 17:15:00,False,17:15:00,2023-10-02
1990,2023-10-02 17:30:00,False,17:30:00,2023-10-02
1991,2023-10-02 17:45:00,False,17:45:00,2023-10-02
1992,2023-10-02 18:00:00,False,18:00:00,2023-10-02
1993,2023-10-02 18:15:00,False,18:15:00,2023-10-02
1994,2023-10-02 18:30:00,False,18:30:00,2023-10-02
1995,2023-10-02 18:45:00,False,18:45:00,2023-10-02
1996,2023-10-02 19:00:00,False,19:00:00,2023-10-02
1997,2023-10-02 19:15:00,False,19:15:00,2023-10-02
1998,2023-10-02 19:30:00,False,19:30:00,2023-10-02
1999,2023-10-02 19:45:00,False,19:45:00,2023-10-02
2000,2023-10-02 20:00:00,False,20:00:00,2023-10-02
2001,2023-10-02 20:15:00,False,20:15:00,2023-10-02
2002,2023-10-02 20:30:00,False,20:30:00,2023-10-02
2003,2023-10-02 20:45:00,False,20:45:00,2023-10-02
2004,2023-10-02 21:00:00,False,21:00:00,2023-10-02
2005,2023-10-02 21:15:00,False,21:15:00,2023-10-02
2006,2023-10-02 21:30:00,False,21:30:00,2023-10-02
2007,2023-10-02 21:45:00,False,21:45:00,2023-10-02
2008,2023-10-02 22:00:00,False,22:00:00,2023-10-02
2009,2023-10-02 22:15:00,False,22:15:00,2023-10-02
2010,2023-10-02 22:30:00,False,22:30:00,2023-10-02
2011,2023-10-02 22:45:00,False,22:45:00,2023-10-02
2012,2023-10-02 23:00:00,False,23:00:00,2023-10-02
2013,2023-10-02 23:15:00,False,23:15:00,2023-10-02
2014,2023-10-02 23:30:00,False,23:30:00,2023-10-02
2015,2023-10-02 23:45:00,False,23:45:00,2023-10-02
2016,2023-10-03 00:00:00,False,00:00:00,2023-10-03
2017,2023-10-03 00:15:00,False,00:15:00,2023-10-03
2018,2023-10-03 00:30:00,False,00:30:00,2023-10-03
2019,2023-10-03 00:45:00,False,00:45:00,2023-10-03
2020,2023-10-03 01:00:00,False,01:00:00,2023-10-03
2021,2023-10-03 01:15:00,False,01:15:00,2023-10-03
2022,2023-10-03 01:30:00,False,01:30:00,2023-10-03
2023,2023-10-03 01:45:00,False,01:45:00,2023-10-03
2024,2023-10-03 02:00:00,False,02:00:00,2023-10-03
2025,2023-10-03 02:15:00,False,02:15:00,2023-10-03
2026,2023-10-03 02:30:00,False,02:30:00,2023-10-03
2027,2023-10-03 02:45:00,False,02:45:00,2023-10-03
2028,2023-10-03 03:00:00,False,03:00:00,2023-10-03
2029,2023-10-03 03:15:00,False,03:15:00,2023-10-03
2030,2023-10-03 03:30:00,False,03:30:00,2023-10-03
2031,2023-10-03 03:45:00,False,03:45:00,2023-10-03
2032,2023-10-03 04:00:00,False,04:00:00,2023-10-03
2033,2023-10-03 04:15:00,False,04:15:00,2023-10-03
2034,2023-10-03 04:30:00,False,04:30:00,2023-10-03
2035,2023-10-03 04:45:00,False,04:45:00,2023-10-03
2036,2023-10-03 05:00:00,False,05:00:00,2023-10-03
2037,2023-10-03 05:15:00,False,05:15:00,2023-10-03
2038,2023-10-03 05:30:00,False,05:30:00,2023-10-03
2039,2023-10-03 05:45:00,False,05:45:00,2023-10-03
2040,2023-10-03 06:00:00,False,06:00:00,2023-10-03
2041,2023-10-03 06:15:00,False,06:15:00,2023-10-03
2042,2023-10-03 06:30:00,False,06:30:00,2023-10-03
2043,2023-10-03 06:45:00,False,06:45:00,2023-10-03
2044,2023-10-03 07:00:00,False,07:00:00,2023-10-03
2045,2023-10-03 07:15:00,False,07:15:00,2023-10-03
2046,2023-10-03 07:30:00,False,07:30:00,2023-10-03
2047,2023-10-03 07:45:00,False,07:45:00,2023-10-03
2048,2023-10-03 08:00:00,False,08:00:00,2023-10-03
2049,2023-10-03 08:15:00,False,08:15:00,2023-10-03
2050,2023-10-03 08:30:00,False,08:30:00,2023-10-03
2051,2023-10-03 08:45:00,False,08:45:00,2023-10-03
2052,2023-10-03 09:00:00,False,09:00:00,2023-10-03
2053,2023-10-03 09:15:00,False,09:15:00,2023-10-03
2054,2023-10-03 09:30:00,False,09:30:00,2023-10-03
2055,2023-10-03 09:45:00,False,09:45:00,2023-10-03
2056,2023-10-03 10:00:00,False,10:00:00,2023-10-03
2057,2023-10-03 10:15:00,False,10:15:00,2023-10-03
2058,2023-10-03 10:30:00,False,10:30:00,2023-10-03
2059,2023-10-03 10:45:00,False,10:45:00,2023-10-03
2060,2023-10-03 11:00:00,False,11:00:00,2023-10-03
2061,2023-10-03 11:15:00,False,11:15:00,2023-10-03
2062,2023-10-03 11:30:00,False,11:30:00,2023-10-03
2063,2023-10-03 11:45:00,False,11:45:00,2023-10-03
2064,2023-10-03 12:00:00,False,12:00:00,2023-10-03
2065,2023-10-03 12:15:00,False,12:15:00,2023-10-03
2066,2023-10-03 12:30:00,False,12:30:00,2023-10-03
2067,2023-10-03 12:45:00,False,12:45:00,2023-10-03
2068,2023-10-03 13:00:00,False,13:00:00,2023-10-03
2069,2023-10-03 13:15:00,False,13:15:00,2023-10-03
2070,2023-10-03 13:30:00,False,13:30:00,2023-10-03
2071,2023-10-03 13:45:00,False,13:45:00,2023-10-03
2072,2023-10-03 14:00:00,False,14:00:00,2023-10-03
2073,2023-10-03 14:15:00,False,14:15:00,2023-10-03
2074,2023-10-03 14:30:00,True,14:30:00,2023-10-03
2075,2023-10-03 14:45:00,True,14:45:00,2023-10-03
2076,2023-10-03 15:00:00,True,15:00:00,2023-10-03
2077,2023-10-03 15:15:00,False,15:15:00,2023-10-03
2078,2023-10-03 15:30:00,False,15:30:00,2023-10-03
2079,2023-10-03 15:45:00,False,15:45:00,2023-10-03
2080,2023-10-03 16:00:00,False,16:00:00,2023-10-03
2081,2023-10-03 16:15:00,False,16:15:00,2023-10-03
2082,2023-10-03 16:30:00,False,16:30:00,2023-10-03
2083,2023-10-03 16:45:00,False,16:45:00,2023-10-03
2084,2023-10-03 17:00:00,False,17:00:00,2023-10-03
2085,2023-10-03 17:15:00,False,17:15:00,2023-10-03
2086,2023-10-03 17:30:00,False,17:30:00,2023-10-03
2087,2023-10-03 17:45:00,False,17:45:00,2023-10-03
2088,2023-10-03 18:00:00,False,18:00:00,2023-10-03
2089,2023-10-03 18:15:00,False,18:15:00,2023-10-03
2090,2023-10-03 18:30:00,False,18:30:00,2023-10-03
2091,2023-10-03 18:45:00,False,18:45:00,2023-10-03
2092,2023-10-03 19:00:00,False,19:00:00,2023-10-03
2093,2023-10-03 19:15:00,False,19:15:00,2023-10-03
2094,2023-10-03 19:30:00,False,19:30:00,2023-10-03
2095,2023-10-03 19:45:00,False,19:45:00,2023-10-03
2096,2023-10-03 20:00:00,False,20:00:00,2023-10-03
2097,2023-10-03 20:15:00,False,20:15:00,2023-10-03
2098,2023-10-03 20:30:00,False,20:30:00,2023-10-03
2099,2023-10-03 20:45:00,False,20:45:00,2023-10-03
2100,2023-10-03 21:00:00,False,21:00:00,2023-10-03
2101,2023-10-03 21:15:00,False,21:15:00,2023-10-03
2102,2023-10-03 21:30:00,False,21:30:00,2023-10-03
2103,2023-10-03 21:45:00,False,21:45:00,2023-10-03
2104,2023-10-03 22:00:00,False,22:00:00,2023-10-03
2105,2023-10-03 22:15:00,False,22:15:00,2023-10-03
2106,2023-10-03 22:30:00,False,22:30:00,2023-10-03
2107,2023-10-03 22:45:00,False,22:45:00,2023-10-03
2108,2023-10-03 23:00:00,False,23:00:00,2023-10-03
2109,2023-10-03 23:15:00,False,23:15:00,2023-10-03
2110,2023-10-03 23:30:00,False,23:30:00,2023-10-03
2111,2023-10-03 23:45:00,False,23:45:00,2023-10-03
2112,2023-10-04 00:00:00,False,00:00:00,2023-10-04
2113,2023-10-04 00:15:00,False,00:15:00,2023-10-04
2114,2023-10-04 00:30:00,False,00:30:00,2023-10-04
2115,2023-10-04 00:45:00,False,00:45:00,2023-10-04
2116,2023-10-04 01:00:00,False,01:00:00,2023-10-04
2117,2023-10-04 01:15:00,False,01:15:00,2023-10-04
2118,2023-10-04 01:30:00,False,01:30:00,2023-10-04
2119,2023-10-04 01:45:00,False,01:45:00,2023-10-04
2120,2023-10-04 02:00:00,False,02:00:00,2023-10-04
2121,2023-10-04 02:15:00,False,02:15:00,2023-10-04
2122,2023-10-04 02:30:00,False,02:30:00,2023-10-04
2123,2023-10-04 02:45:00,False,02:45:00,2023-10-04
2124,2023-10-04 03:00:00,False,03:00:00,2023-10-04
2125,2023-10-04 03:15:00,False,03:15:00,2023-10-04
2126,2023-10-04 03:30:00,False,03:30:00,2023-10-04
2127,2023-10-04 03:45:00,False,03:45:00,2023-10-04
2128,2023-10-04 04:00:00,False,04:00:00,2023-10-04
2129,2023-10-04 04:15:00,False,04:15:00,2023-10-04
2130,2023-10-04 04:30:00,False,04:30:00,2023-10-04
2131,2023-10-04 04:45:00,False,04:45:00,2023-10-04
2132,2023-10-04 05:00:00,False,05:00:00,2023-10-04
2133,2023-10-04 05:15:00,False,05:15:00,2023-10-04
2134,2023-10-04 05:30:00,False,05:30:00,2023-10-04
2135,2023-10-04 05:45:00,False,05:45:00,2023-10-04
2136,2023-10-04 06:00:00,False,06:00:00,2023-10-04
2137,2023-10-04 06:15:00,False,06:15:00,2023-10-04
2138,2023-10-04 06:30:00,False,06:30:00,2023-10-04
2139,2023-10-04 06:45:00,False,06:45:00,2023-10-04
2140,2023-10-04 07:00:00,False,07:00:00,2023-10-04
2141,2023-10-04 07:15:00,False,07:15:00,2023-10-04
2142,2023-10-04 07:30:00,False,07:30:00,2023-10-04
2143,2023-10-04 07:45:00,False,07:45:00,2023-10-04
2144,2023-10-04 08:00:00,False,08:00:00,2023-10-04
2145,2023-10-04 08:15:00,False,08:15:00,2023-10-04
2146,2023-10-04 08:30:00,False,08:30:00,2023-10-04
2147,2023-10-04 08:45:00,False,08:45:00,2023-10-04
2148,2023-10-04 09:00:00,False,09:00:00,2023-10-04
2149,2023-10-04 09:15:00,False,09:15:00,2023-10-04
2150,2023-10-04 09:30:00,False,09:30:00,2023-10-04
2151,2023-10-04 09:45:00,False,09:45:00,2023-10-04
2152,2023-10-04 10:00:00,False,10:00:00,2023-10-04
2153,2023-10-04 10:15:00,False,10:15:00,2023-10-04
2154,2023-10-04 10:30:00,False,10:30:00,2023-10-04
2155,2023-10-04 10:45:00,False,10:45:00,2023-10-04
2156,2023-10-04 11:00:00,False,11:00:00,2023-10-04
2157,2023-10-04 11:15:00,False,11:15:00,2023-10-04
2158,2023-10-04 11:30:00,False,11:30:00,2023-10-04
2159,2023-10-04 11:45:00,False,11:45:00,2023-10-04
2160,2023-10-04 12:00:00,False,12:00:00,2023-10-04
2161,2023-10-04 12:15:00,False,12:15:00,2023-10-04
2162,2023-10-04 12:30:00,False,12:30:00,2023-10-04
2163,2023-10-04 12:45:00,False,12:45:00,2023-10-04
2164,2023-10-04 13:00:00,False,13:00:00,2023-10-04
2165,2023-10-04 13:15:00,False,13:15:00,2023-10-04
2166,2023-10-04 13:30:00,False,13:30:00,2023-10-04
2167,2023-10-04 13:45:00,False,13:45:00,2023-10-04
2168,2023-10-04 14:00:00,False,14:00:00,2023-10-04
2169,2023-10-04 14:15:00,False,14:15:00,2023-10-04
2170,2023-10-04 14:30:00,False,14:30:00,2023-10-04
2171,2023-10-04 14:45:00,False,14:45:00,2023-10-04
2172,2023-10-04 15:00:00,False,15:00:00,2023-10-04
2173,2023-10-04 15:15:00,False,15:15:00,2023-10-04
2174,2023-10-04 15:30:00,False,15:30:00,2023-10-04
2175,2023-10-04 15:45:00,False,15:45:00,2023-10-04
2176,2023-10-04 16:00:00,False,16:00:00,2023-10-04
2177,2023-10-04 16:15:00,False,16:15:00,2023-10-04
2178,2023-10-04 16:30:00,False,16:30:00,2023-10-04
2179,2023-10-04 16:45:00,False,16:45:00,2023-10-04
2180,2023-10-04 17:00:00,False,17:00:00,2023-10-04
2181,2023-10-04 17:15:00,False,17:15:00,2023-10-04
2182,2023-10-04 17:30:00,False,17:30:00,2023-10-04
2183,2023-10-04 17:45:00,False,17:45:00,2023-10-04
2184,2023-10-04 18:00:00,False,18:00:00,2023-10-04
2185,2023-10-04 18:15:00,False,18:15:00,2023-10-04
2186,2023-10-04 18:30:00,False,18:30:00,2023-10-04
2187,2023-10-04 18:45:00,False,18:45:00,2023-10-04
2188,2023-10-04 19:00:00,False,19:00:00,2023-10-04
2189,2023-10-04 19:15:00,False,19:15:00,2023-10-04
2190,2023-10-04 19:30:00,False,19:30:00,2023-10-04
2191,2023-10-04 19:45:00,False,19:45:00,2023-10-04
2192,2023-10-04 20:00:00,False,20:00:00,2023-10-04
2193,2023-10-04 20:15:00,False,20:15:00,2023-10-04
2194,2023-10-04 20:30:00,False,20:30:00,2023-10-04
2195,2023-10-04 20:45:00,False,20:45:00,2023-10-04
2196,2023-10-04 21:00:00,False,21:00:00,2023-10-04
2197,2023-10-04 21:15:00,False,21:15:00,2023-10-04
2198,2023-10-04 21:30:00,False,21:30:00,2023-10-04
2199,2023-10-04 21:45:00,False,21:45:00,2023-10-04
2200,2023-10-04 22:00:00,False,22:00:00,2023-10-04
2201,2023-10-04 22:15:00,False,22:15:00,2023-10-04
2202,2023-10-04 22:30:00,False,22:30:00,2023-10-04
2203,2023-10-04 22:45:00,False,22:45:00,2023-10-04
2204,2023-10-04 23:00:00,False,23:00:00,2023-10-04
2205,2023-10-04 23:15:00,False,23:15:00,2023-10-04
2206,2023-10-04 23:30:00,False,23:30:00,2023-10-04
2207,2023-10-04 23:45:00,False,23:45:00,2023-10-04
2208,2023-10-05 00:00:00,False,00:00:00,2023-10-05
2209,2023-10-05 00:15:00,False,00:15:00,2023-10-05
2210,2023-10-05 00:30:00,False,00:30:00,2023-10-05
2211,2023-10-05 00:45:00,False,00:45:00,2023-10-05
2212,2023-10-05 01:00:00,False,01:00:00,2023-10-05
2213,2023-10-05 01:15:00,False,01:15:00,2023-10-05
2214,2023-10-05 01:30:00,False,01:30:00,2023-10-05
2215,2023-10-05 01:45:00,False,01:45:00,2023-10-05
2216,2023-10-05 02:00:00,False,02:00:00,2023-10-05
2217,2023-10-05 02:15:00,False,02:15:00,2023-10-05
2218,2023-10-05 02:30:00,False,02:30:00,2023-10-05
2219,2023-10-05 02:45:00,False,02:45:00,2023-10-05
2220,2023-10-05 03:00:00,False,03:00:00,2023-10-05
2221,2023-10-05 03:15:00,False,03:15:00,2023-10-05
2222,2023-10-05 03:30:00,False,03:30:00,2023-10-05
2223,2023-10-05 03:45:00,False,03:45:00,2023-10-05
2224,2023-10-05 04:00:00,False,04:00:00,2023-10-05
2225,2023-10-05 04:15:00,False,04:15:00,2023-10-05
2226,2023-10-05 04:30:00,False,04:30:00,2023-10-05
2227,2023-10-05 04:45:00,False,04:45:00,2023-10-05
2228,2023-10-05 05:00:00,False,05:00:00,2023-10-05
2229,2023-10-05 05:15:00,False,05:15:00,2023-10-05
2230,2023-10-05 05:30:00,False,05:30:00,2023-10-05
2231,2023-10-05 05:45:00,False,05:45:00,2023-10-05
2232,2023-10-05 06:00:00,False,06:00:00,2023-10-05
2233,2023-10-05 06:15:00,False,06:15:00,2023-10-05
2234,2023-10-05 06:30:00,False,06:30:00,2023-10-05
2235,2023-10-05 06:45:00,False,06:45:00,2023-10-05
2236,2023-10-05 07:00:00,False,07:00:00,2023-10-05
2237,2023-10-05 07:15:00,False,07:15:00,2023-10-05
2238,2023-10-05 07:30:00,False,07:30:00,2023-10-05
2239,2023-10-05 07:45:00,False,07:45:00,2023-10-05
2240,2023-10-05 08:00:00,False,08:00:00,2023-10-05
2241,2023-10-05 08:15:00,False,08:15:00,2023-10-05
2242,2023-10-05 08:30:00,False,08:30:00,2023-10-05
2243,2023-10-05 08:45:00,False,08:45:00,2023-10-05
2244,2023-10-05 09:00:00,False,09:00:00,2023-10-05
2245,2023-10-05 09:15:00,False,09:15:00,2023-10-05
2246,2023-10-05 09:30:00,False,09:30:00,2023-10-05
2247,2023-10-05 09:45:00,False,09:45:00,2023-10-05
2248,2023-10-05 10:00:00,False,10:00:00,2023-10-05
2249,2023-10-05 10:15:00,False,10:15:00,2023-10-05
2250,2023-10-05 10:30:00,False,10:30:00,2023-10-05
2251,2023-10-05 10:45:00,False,10:45:00,2023-10-05
2252,2023-10-05 11:00:00,False,11:00:00,2023-10-05
2253,2023-10-05 11:15:00,False,11:15:00,2023-10-05
2254,2023-10-05 11:30:00,False,11:30:00,2023-10-05
2255,2023-10-05 11:45:00,False,11:45:00,2023-10-05
2256,2023-10-05 12:00:00,False,12:00:00,2023-10-05
2257,2023-10-05 12:15:00,False,12:15:00,2023-10-05
2258,2023-10-05 12:30:00,False,12:30:00,2023-10-05
2259,2023-10-05 12:45:00,True,12:45:00,2023-10-05
2260,2023-10-05 13:00:00,True,13:00:00,2023-10-05
2261,2023-10-05 13:15:00,True,13:15:00,2023-10-05
2262,2023-10-05 13:30:00,False,13:30:00,2023-10-05
2263,2023-10-05 13:45:00,False,13:45:00,2023-10-05
2264,2023-10-05 14:00:00,False,14:00:00,2023-10-05
2265,2023-10-05 14:15:00,False,14:15:00,2023-10-05
2266,2023-10-05 14:30:00,False,14:30:00,2023-10-05
2267,2023-10-05 14:45:00,False,14:45:00,2023-10-05
2268,2023-10-05 15:00:00,False,15:00:00,2023-10-05
2269,2023-10-05 15:15:00,False,15:15:00,2023-10-05
2270,2023-10-05 15:30:00,True,15:30:00,2023-10-05
2271,2023-10-05 15:45:00,False,15:45:00,2023-10-05
2272,2023-10-05 16:00:00,False,16:00:00,2023-10-05
2273,2023-10-05 16:15:00,False,16:15:00,2023-10-05
2274,2023-10-05 16:30:00,False,16:30:00,2023-10-05
2275,2023-10-05 16:45:00,False,16:45:00,2023-10-05
2276,2023-10-05 17:00:00,False,17:00:00,2023-10-05
2277,2023-10-05 17:15:00,False,17:15:00,2023-10-05
2278,2023-10-05 17:30:00,False,17:30:00,2023-10-05
2279,2023-10-05 17:45:00,False,17:45:00,2023-10-05
2280,2023-10-05 18:00:00,False,18:00:00,2023-10-05
2281,2023-10-05 18:15:00,False,18:15:00,2023-10-05
2282,2023-10-05 18:30:00,False,18:30:00,2023-10-05
2283,2023-10-05 18:45:00,False,18:45:00,2023-10-05
2284,2023-10-05 19:00:00,False,19:00:00,2023-10-05
2285,2023-10-05 19:15:00,False,19:15:00,2023-10-05
2286,2023-10-05 19:30:00,False,19:30:00,2023-10-05
2287,2023-10-05 19:45:00,False,19:45:00,2023-10-05
2288,2023-10-05 20:00:00,False,20:00:00,2023-10-05
2289,2023-10-05 20:15:00,False,20:15:00,2023-10-05
2290,2023-10-05 20:30:00,False,20:30:00,2023-10-05
2291,2023-10-05 20:45:00,False,20:45:00,2023-10-05
2292,2023-10-05 21:00:00,False,21:00:00,2023-10-05
2293,2023-10-05 21:15:00,False,21:15:00,2023-10-05
2294,2023-10-05 21:30:00,False,21:30:00,2023-10-05
2295,2023-10-05 21:45:00,False,21:45:00,2023-10-05
2296,2023-10-05 22:00:00,False,22:00:00,2023-10-05
2297,2023-10-05 22:15:00,False,22:15:00,2023-10-05
2298,2023-10-05 22:30:00,False,22:30:00,2023-10-05
2299,2023-10-05 22:45:00,False,22:45:00,2023-10-05
2300,2023-10-05 23:00:00,False,23:00:00,2023-10-05
2301,2023-10-05 23:15:00,False,23:15:00,2023-10-05
2302,2023-10-05 23:30:00,False,23:30:00,2023-10-05
2303,2023-10-05 23:45:00,False,23:45:00,2023-10-05
2304,2023-10-06 00:00:00,False,00:00:00,2023-10-06
2305,2023-10-06 00:15:00,False,00:15:00,2023-10-06
2306,2023-10-06 00:30:00,False,00:30:00,2023-10-06
2307,2023-10-06 00:45:00,False,00:45:00,2023-10-06
2308,2023-10-06 01:00:00,False,01:00:00,2023-10-06
2309,2023-10-06 01:15:00,False,01:15:00,2023-10-06
2310,2023-10-06 01:30:00,False,01:30:00,2023-10-06
2311,2023-10-06 01:45:00,False,01:45:00,2023-10-06
2312,2023-10-06 02:00:00,False,02:00:00,2023-10-06
2313,2023-10-06 02:15:00,False,02:15:00,2023-10-06
2314,2023-10-06 02:30:00,False,02:30:00,2023-10-06
2315,2023-10-06 02:45:00,False,02:45:00,2023-10-06
2316,2023-10-06 03:00:00,False,03:00:00,2023-10-06
2317,2023-10-06 03:15:00,False,03:15:00,2023-10-06
2318,2023-10-06 03:30:00,False,03:30:00,2023-10-06
2319,2023-10-06 03:45:00,False,03:45:00,2023-10-06
2320,2023-10-06 04:00:00,False,04:00:00,2023-10-06
2321,2023-10-06 04:15:00,False,04:15:00,2023-10-06
2322,2023-10-06 04:30:00,False,04:30:00,2023-10-06
2323,2023-10-06 04:45:00,False,04:45:00,2023-10-06
2324,2023-10-06 05:00:00,False,05:00:00,2023-10-06
2325,2023-10-06 05:15:00,False,05:15:00,2023-10-06
2326,2023-10-06 05:30:00,False,05:30:00,2023-10-06
2327,2023-10-06 05:45:00,False,05:45:00,2023-10-06
2328,2023-10-06 06:00:00,False,06:00:00,2023-10-06
2329,2023-10-06 06:15:00,False,06:15:00,2023-10-06
2330,2023-10-06 06:30:00,False,06:30:00,2023-10-06
2331,2023-10-06 06:45:00,False,06:45:00,2023-10-06
2332,2023-10-06 07:00:00,False,07:00:00,2023-10-06
2333,2023-10-06 07:15:00,False,07:15:00,2023-10-06
2334,2023-10-06 07:30:00,False,07:30:00,2023-10-06
2335,2023-10-06 07:45:00,False,07:45:00,2023-10-06
2336,2023-10-06 08:00:00,False,08:00:00,2023-10-06
2337,2023-10-06 08:15:00,False,08:15:00,2023-10-06
2338,2023-10-06 08:30:00,False,08:30:00,2023-10-06
2339,2023-10-06 08:45:00,False,08:45:00,2023-10-06
2340,2023-10-06 09:00:00,False,09:00:00,2023-10-06
2341,2023-10-06 09:15:00,False,09:15:00,2023-10-06
2342,2023-10-06 09:30:00,False,09:30:00,2023-10-06
2343,2023-10-06 09:45:00,False,09:45:00,2023-10-06
2344,2023-10-06 10:00:00,False,10:00:00,2023-10-06
2345,2023-10-06 10:15:00,False,10:15:00,2023-10-06
2346,2023-10-06 10:30:00,False,10:30:00,2023-10-06
2347,2023-10-06 10:45:00,False,10:45:00,2023-10-06
2348,2023-10-06 11:00:00,False,11:00:00,2023-10-06
2349,2023-10-06 11:15:00,False,11:15:00,2023-10-06
2350,2023-10-06 11:30:00,False,11:30:00,2023-10-06
2351,2023-10-06 11:45:00,False,11:45:00,2023-10-06
2352,2023-10-06 12:00:00,False,12:00:00,2023-10-06
2353,2023-10-06 12:15:00,False,12:15:00,2023-10-06
2354,2023-10-06 12:30:00,False,12:30:00,2023-10-06
2355,2023-10-06 12:45:00,False,12:45:00,2023-10-06
2356,2023-10-06 13:00:00,False,13:00:00,2023-10-06
2357,2023-10-06 13:15:00,False,13:15:00,2023-10-06
2358,2023-10-06 13:30:00,False,13:30:00,2023-10-06
2359,2023-10-06 13:45:00,False,13:45:00,2023-10-06
2360,2023-10-06 14:00:00,False,14:00:00,2023-10-06
2361,2023-10-06 14:15:00,False,14:15:00,2023-10-06
2362,2023-10-06 14:30:00,False,14:30:00,2023-10-06
2363,2023-10-06 14:45:00,False,14:45:00,2023-10-06
2364,2023-10-06 15:00:00,False,15:00:00,2023-10-06
2365,2023-10-06 15:15:00,False,15:15:00,2023-10-06
2366,2023-10-06 15:30:00,False,15:30:00,2023-10-06
2367,2023-10-06 15:45:00,False,15:45:00,2023-10-06
2368,2023-10-06 16:00:00,False,16:00:00,2023-10-06
2369,2023-10-06 16:15:00,False,16:15:00,2023-10-06
2370,2023-10-06 16:30:00,False,16:30:00,2023-10-06
2371,2023-10-06 16:45:00,False,16:45:00,2023-10-06
2372,2023-10-06 17:00:00,False,17:00:00,2023-10-06
2373,2023-10-06 17:15:00,False,17:15:00,2023-10-06
2374,2023-10-06 17:30:00,False,17:30:00,2023-10-06
2375,2023-10-06 17:45:00,False,17:45:00,2023-10-06
2376,2023-10-06 18:00:00,False,18:00:00,2023-10-06
2377,2023-10-06 18:15:00,False,18:15:00,2023-10-06
2378,2023-10-06 18:30:00,False,18:30:00,2023-10-06
2379,2023-10-06 18:45:00,False,18:45:00,2023-10-06
2380,2023-10-06 19:00:00,False,19:00:00,2023-10-06
2381,2023-10-06 19:15:00,False,19:15:00,2023-10-06
2382,2023-10-06 19:30:00,False,19:30:00,2023-10-06
2383,2023-10-06 19:45:00,False,19:45:00,2023-10-06
2384,2023-10-06 20:00:00,False,20:00:00,2023-10-06
2385,2023-10-06 20:15:00,False,20:15:00,2023-10-06
2386,2023-10-06 20:30:00,False,20:30:00,2023-10-06
2387,2023-10-06 20:45:00,False,20:45:00,2023-10-06
2388,2023-10-06 21:00:00,False,21:00:00,2023-10-06
2389,2023-10-06 21:15:00,False,21:15:00,2023-10-06
2390,2023-10-06 21:30:00,False,21:30:00,2023-10-06
2391,2023-10-06 21:45:00,False,21:45:00,2023-10-06
2392,2023-10-06 22:00:00,False,22:00:00,2023-10-06
2393,2023-10-06 22:15:00,False,22:15:00,2023-10-06
2394,2023-10-06 22:30:00,False,22:30:00,2023-10-06
2395,2023-10-06 22:45:00,False,22:45:00,2023-10-06
2396,2023-10-06 23:00:00,False,23:00:00,2023-10-06
2397,2023-10-06 23:15:00,False,23:15:00,2023-10-06
2398,2023-10-06 23:30:00,False,23:30:00,2023-10-06
2399,2023-10-06 23:45:00,False,23:45:00,2023-10-06
2400,2023-10-07 00:00:00,False,00:00:00,2023-10-07
2401,2023-10-07 00:15:00,False,00:15:00,2023-10-07
2402,2023-10-07 00:30:00,False,00:30:00,2023-10-07
2403,2023-10-07 00:45:00,False,00:45:00,2023-10-07
2404,2023-10-07 01:00:00,False,01:00:00,2023-10-07
2405,2023-10-07 01:15:00,False,01:15:00,2023-10-07
2406,2023-10-07 01:30:00,False,01:30:00,2023-10-07
2407,2023-10-07 01:45:00,False,01:45:00,2023-10-07
2408,2023-10-07 02:00:00,False,02:00:00,2023-10-07
2409,2023-10-07 02:15:00,False,02:15:00,2023-10-07
2410,2023-10-07 02:30:00,False,02:30:00,2023-10-07
2411,2023-10-07 02:45:00,False,02:45:00,2023-10-07
2412,2023-10-07 03:00:00,False,03:00:00,2023-10-07
2413,2023-10-07 03:15:00,False,03:15:00,2023-10-07
2414,2023-10-07 03:30:00,False,03:30:00,2023-10-07
2415,2023-10-07 03:45:00,False,03:45:00,2023-10-07
2416,2023-10-07 04:00:00,False,04:00:00,2023-10-07
2417,2023-10-07 04:15:00,False,04:15:00,2023-10-07
2418,2023-10-07 04:30:00,False,04:30:00,2023-10-07
2419,2023-10-07 04:45:00,False,04:45:00,2023-10-07
2420,2023-10-07 05:00:00,False,05:00:00,2023-10-07
2421,2023-10-07 05:15:00,False,05:15:00,2023-10-07
2422,2023-10-07 05:30:00,False,05:30:00,2023-10-07
2423,2023-10-07 05:45:00,False,05:45:00,2023-10-07
2424,2023-10-07 06:00:00,False,06:00:00,2023-10-07
2425,2023-10-07 06:15:00,False,06:15:00,2023-10-07
2426,2023-10-07 06:30:00,False,06:30:00,2023-10-07
2427,2023-10-07 06:45:00,False,06:45:00,2023-10-07
2428,2023-10-07 07:00:00,False,07:00:00,2023-10-07
2429,2023-10-07 07:15:00,False,07:15:00,2023-10-07
2430,2023-10-07 07:30:00,False,07:30:00,2023-10-07
2431,2023-10-07 07:45:00,False,07:45:00,2023-10-07
2432,2023-10-07 08:00:00,False,08:00:00,2023-10-07
2433,2023-10-07 08:15:00,False,08:15:00,2023-10-07
2434,2023-10-07 08:30:00,False,08:30:00,2023-10-07
2435,2023-10-07 08:45:00,False,08:45:00,2023-10-07
2436,2023-10-07 09:00:00,False,09:00:00,2023-10-07
2437,2023-10-07 09:15:00,True,09:15:00,2023-10-07
2438,2023-10-07 09:30:00,False,09:30:00,2023-10-07
2439,2023-10-07 09:45:00,False,09:45:00,2023-10-07
2440,2023-10-07 10:00:00,False,10:00:00,2023-10-07
2441,2023-10-07 10:15:00,False,10:15:00,2023-10-07
2442,2023-10-07 10:30:00,False,10:30:00,2023-10-07
2443,2023-10-07 10:45:00,False,10:45:00,2023-10-07
2444,2023-10-07 11:00:00,False,11:00:00,2023-10-07
2445,2023-10-07 11:15:00,False,11:15:00,2023-10-07
2446,2023-10-07 11:30:00,False,11:30:00,2023-10-07
2447,2023-10-07 11:45:00,False,11:45:00,2023-10-07
2448,2023-10-07 12:00:00,False,12:00:00,2023-10-07
2449,2023-10-07 12:15:00,False,12:15:00,2023-10-07
2450,2023-10-07 12:30:00,False,12:30:00,2023-10-07
2451,2023-10-07 12:45:00,False,12:45:00,2023-10-07
2452,2023-10-07 13:00:00,False,13:00:00,2023-10-07
2453,2023-10-07 13:15:00,False,13:15:00,2023-10-07
2454,2023-10-07 13:30:00,False,13:30:00,2023-10-07
2455,2023-10-07 13:45:00,False,13:45:00,2023-10-07
2456,2023-10-07 14:00:00,False,14:00:00,2023-10-07
2457,2023-10-07 14:15:00,False,14:15:00,2023-10-07
2458,2023-10-07 14:30:00,False,14:30:00,2023-10-07
2459,2023-10-07 14:45:00,False,14:45:00,2023-10-07
2460,2023-10-07 15:00:00,False,15:00:00,2023-10-07
2461,2023-10-07 15:15:00,False,15:15:00,2023-10-07
2462,2023-10-07 15:30:00,False,15:30:00,2023-10-07
2463,2023-10-07 15:45:00,False,15:45:00,2023-10-07
2464,2023-10-07 16:00:00,False,16:00:00,2023-10-07
2465,2023-10-07 16:15:00,False,16:15:00,2023-10-07
2466,2023-10-07 16:30:00,False,16:30:00,2023-10-07
2467,2023-10-07 16:45:00,False,16:45:00,2023-10-07
2468,2023-10-07 17:00:00,False,17:00:00,2023-10-07
2469,2023-10-07 17:15:00,False,17:15:00,2023-10-07
2470,2023-10-07 17:30:00,False,17:30:00,2023-10-07
2471,2023-10-07 17:45:00,False,17:45:00,2023-10-07
2472,2023-10-07 18:00:00,False,18:00:00,2023-10-07
2473,2023-10-07 18:15:00,False,18:15:00,2023-10-07
2474,2023-10-07 18:30:00,False,18:30:00,2023-10-07
2475,2023-10-07 18:45:00,False,18:45:00,2023-10-07
2476,2023-10-07 19:00:00,False,19:00:00,2023-10-07
2477,2023-10-07 19:15:00,False,19:15:00,2023-10-07
2478,2023-10-07 19:30:00,False,19:30:00,2023-10-07
2479,2023-10-07 19:45:00,False,19:45:00,2023-10-07
2480,2023-10-07 20:00:00,False,20:00:00,2023-10-07
2481,2023-10-07 20:15:00,False,20:15:00,2023-10-07
2482,2023-10-07 20:30:00,False,20:30:00,2023-10-07
2483,2023-10-07 20:45:00,False,20:45:00,2023-10-07
2484,2023-10-07 21:00:00,False,21:00:00,2023-10-07
2485,2023-10-07 21:15:00,False,21:15:00,2023-10-07
2486,2023-10-07 21:30:00,False,21:30:00,2023-10-07
2487,2023-10-07 21:45:00,False,21:45:00,2023-10-07
2488,2023-10-07 22:00:00,False,22:00:00,2023-10-07
2489,2023-10-07 22:15:00,False,22:15:00,2023-10-07
2490,2023-10-07 22:30:00,False,22:30:00,2023-10-07
2491,2023-10-07 22:45:00,False,22:45:00,2023-10-07
2492,2023-10-07 23:00:00,False,23:00:00,2023-10-07
2493,2023-10-07 23:15:00,False,23:15:00,2023-10-07
2494,2023-10-07 23:30:00,False,23:30:00,2023-10-07
2495,2023-10-07 23:45:00,False,23:45:00,2023-10-07
2496,2023-10-08 00:00:00,False,00:00:00,2023-10-08
2497,2023-10-08 00:15:00,False,00:15:00,2023-10-08
2498,2023-10-08 00:30:00,False,00:30:00,2023-10-08
2499,2023-10-08 00:45:00,False,00:45:00,2023-10-08
2500,2023-10-08 01:00:00,False,01:00:00,2023-10-08
2501,2023-10-08 01:15:00,False,01:15:00,2023-10-08
2502,2023-10-08 01:30:00,False,01:30:00,2023-10-08
2503,2023-10-08 01:45:00,False,01:45:00,2023-10-08
2504,2023-10-08 02:00:00,False,02:00:00,2023-10-08
2505,2023-10-08 02:15:00,False,02:15:00,2023-10-08
2506,2023-10-08 02:30:00,False,02:30:00,2023-10-08
2507,2023-10-08 02:45:00,False,02:45:00,2023-10-08
2508,2023-10-08 03:00:00,False,03:00:00,2023-10-08
2509,2023-10-08 03:15:00,False,03:15:00,2023-10-08
2510,2023-10-08 03:30:00,False,03:30:00,2023-10-08
2511,2023-10-08 03:45:00,False,03:45:00,2023-10-08
2512,2023-10-08 04:00:00,False,04:00:00,2023-10-08
2513,2023-10-08 04:15:00,False,04:15:00,2023-10-08
2514,2023-10-08 04:30:00,False,04:30:00,2023-10-08
2515,2023-10-08 04:45:00,False,04:45:00,2023-10-08
2516,2023-10-08 05:00:00,False,05:00:00,2023-10-08
2517,2023-10-08 05:15:00,False,05:15:00,2023-10-08
2518,2023-10-08 05:30:00,False,05:30:00,2023-10-08
2519,2023-10-08 05:45:00,False,05:45:00,2023-10-08
2520,2023-10-08 06:00:00,False,06:00:00,2023-10-08
2521,2023-10-08 06:15:00,False,06:15:00,2023-10-08
2522,2023-10-08 06:30:00,False,06:30:00,2023-10-08
2523,2023-10-08 06:45:00,False,06:45:00,2023-10-08
2524,2023-10-08 07:00:00,False,07:00:00,2023-10-08
2525,2023-10-08 07:15:00,False,07:15:00,2023-10-08
2526,2023-10-08 07:30:00,False,07:30:00,2023-10-08
2527,2023-10-08 07:45:00,False,07:45:00,2023-10-08
2528,2023-10-08 08:00:00,False,08:00:00,2023-10-08
2529,2023-10-08 08:15:00,False,08:15:00,2023-10-08
2530,2023-10-08 08:30:00,False,08:30:00,2023-10-08
2531,2023-10-08 08:45:00,False,08:45:00,2023-10-08
2532,2023-10-08 09:00:00,False,09:00:00,2023-10-08
2533,2023-10-08 09:15:00,False,09:15:00,2023-10-08
2534,2023-10-08 09:30:00,False,09:30:00,2023-10-08
2535,2023-10-08 09:45:00,False,09:45:00,2023-10-08
2536,2023-10-08 10:00:00,False,10:00:00,2023-10-08
2537,2023-10-08 10:15:00,False,10:15:00,2023-10-08
2538,2023-10-08 10:30:00,False,10:30:00,2023-10-08
2539,2023-10-08 10:45:00,False,10:45:00,2023-10-08
2540,2023-10-08 11:00:00,False,11:00:00,2023-10-08
2541,2023-10-08 11:15:00,False,11:15:00,2023-10-08
2542,2023-10-08 11:30:00,False,11:30:00,2023-10-08
2543,2023-10-08 11:45:00,False,11:45:00,2023-10-08
2544,2023-10-08 12:00:00,False,12:00:00,2023-10-08
2545,2023-10-08 12:15:00,False,12:15:00,2023-10-08
2546,2023-10-08 12:30:00,False,12:30:00,2023-10-08
2547,2023-10-08 12:45:00,False,12:45:00,2023-10-08
2548,2023-10-08 13:00:00,False,13:00:00,2023-10-08
2549,2023-10-08 13:15:00,False,13:15:00,2023-10-08
2550,2023-10-08 13:30:00,False,13:30:00,2023-10-08
2551,2023-10-08 13:45:00,False,13:45:00,2023-10-08
2552,2023-10-08 14:00:00,False,14:00:00,2023-10-08
2553,2023-10-08 14:15:00,False,14:15:00,2023-10-08
2554,2023-10-08 14:30:00,False,14:30:00,2023-10-08
2555,2023-10-08 14:45:00,False,14:45:00,2023-10-08
2556,2023-10-08 15:00:00,False,15:00:00,2023-10-08
2557,2023-10-08 15:15:00,False,15:15:00,2023-10-08
2558,2023-10-08 15:30:00,False,15:30:00,2023-10-08
2559,2023-10-08 15:45:00,False,15:45:00,2023-10-08
2560,2023-10-08 16:00:00,False,16:00:00,2023-10-08
2561,2023-10-08 16:15:00,False,16:15:00,2023-10-08
2562,2023-10-08 16:30:00,False,16:30:00,2023-10-08
2563,2023-10-08 16:45:00,False,16:45:00,2023-10-08
2564,2023-10-08 17:00:00,False,17:00:00,2023-10-08
2565,2023-10-08 17:15:00,False,17:15:00,2023-10-08
2566,2023-10-08 17:30:00,False,17:30:00,2023-10-08
2567,2023-10-08 17:45:00,False,17:45:00,2023-10-08
2568,2023-10-08 18:00:00,False,18:00:00,2023-10-08
2569,2023-10-08 18:15:00,False,18:15:00,2023-10-08
2570,2023-10-08 18:30:00,False,18:30:00,2023-10-08
2571,2023-10-08 18:45:00,False,18:45:00,2023-10-08
2572,2023-10-08 19:00:00,False,19:00:00,2023-10-08
2573,2023-10-08 19:15:00,False,19:15:00,2023-10-08
2574,2023-10-08 19:30:00,False,19:30:00,2023-10-08
2575,2023-10-08 19:45:00,False,19:45:00,2023-10-08
2576,2023-10-08 20:00:00,False,20:00:00,2023-10-08
2577,2023-10-08 20:15:00,False,20:15:00,2023-10-08
2578,2023-10-08 20:30:00,False,20:30:00,2023-10-08
2579,2023-10-08 20:45:00,False,20:45:00,2023-10-08
2580,2023-10-08 21:00:00,False,21:00:00,2023-10-08
2581,2023-10-08 21:15:00,False,21:15:00,2023-10-08
2582,2023-10-08 21:30:00,False,21:30:00,2023-10-08
2583,2023-10-08 21:45:00,False,21:45:00,2023-10-08
2584,2023-10-08 22:00:00,False,22:00:00,2023-10-08
2585,2023-10-08 22:15:00,False,22:15:00,2023-10-08
2586,2023-10-08 22:30:00,False,22:30:00,2023-10-08
2587,2023-10-08 22:45:00,False,22:45:00,2023-10-08
2588,2023-10-08 23:00:00,False,23:00:00,2023-10-08
2589,2023-10-08 23:15:00,False,23:15:00,2023-10-08
2590,2023-10-08 23:30:00,False,23:30:00,2023-10-08
2591,2023-10-08 23:45:00,False,23:45:00,2023-10-08
2592,2023-10-09 00:00:00,False,00:00:00,2023-10-09
2593,2023-10-09 00:15:00,False,00:15:00,2023-10-09
2594,2023-10-09 00:30:00,False,00:30:00,2023-10-09
2595,2023-10-09 00:45:00,False,00:45:00,2023-10-09
2596,2023-10-09 01:00:00,False,01:00:00,2023-10-09
2597,2023-10-09 01:15:00,False,01:15:00,2023-10-09
2598,2023-10-09 01:30:00,False,01:30:00,2023-10-09
2599,2023-10-09 01:45:00,False,01:45:00,2023-10-09
2600,2023-10-09 02:00:00,False,02:00:00,2023-10-09
2601,2023-10-09 02:15:00,False,02:15:00,2023-10-09
2602,2023-10-09 02:30:00,False,02:30:00,2023-10-09
2603,2023-10-09 02:45:00,False,02:45:00,2023-10-09
2604,2023-10-09 03:00:00,False,03:00:00,2023-10-09
2605,2023-10-09 03:15:00,False,03:15:00,2023-10-09
2606,2023-10-09 03:30:00,False,03:30:00,2023-10-09
2607,2023-10-09 03:45:00,False,03:45:00,2023-10-09
2608,2023-10-09 04:00:00,False,04:00:00,2023-10-09
2609,2023-10-09 04:15:00,False,04:15:00,2023-10-09
2610,2023-10-09 04:30:00,False,04:30:00,2023-10-09
2611,2023-10-09 04:45:00,False,04:45:00,2023-10-09
2612,2023-10-09 05:00:00,False,05:00:00,2023-10-09
2613,2023-10-09 05:15:00,False,05:15:00,2023-10-09
2614,2023-10-09 05:30:00,False,05:30:00,2023-10-09
2615,2023-10-09 05:45:00,False,05:45:00,2023-10-09
2616,2023-10-09 06:00:00,False,06:00:00,2023-10-09
2617,2023-10-09 06:15:00,False,06:15:00,2023-10-09
2618,2023-10-09 06:30:00,False,06:30:00,2023-10-09
2619,2023-10-09 06:45:00,False,06:45:00,2023-10-09
2620,2023-10-09 07:00:00,False,07:00:00,2023-10-09
2621,2023-10-09 07:15:00,False,07:15:00,2023-10-09
2622,2023-10-09 07:30:00,False,07:30:00,2023-10-09
2623,2023-10-09 07:45:00,False,07:45:00,2023-10-09
2624,2023-10-09 08:00:00,False,08:00:00,2023-10-09
2625,2023-10-09 08:15:00,False,08:15:00,2023-10-09
2626,2023-10-09 08:30:00,False,08:30:00,2023-10-09
2627,2023-10-09 08:45:00,False,08:45:00,2023-10-09
2628,2023-10-09 09:00:00,False,09:00:00,2023-10-09
2629,2023-10-09 09:15:00,False,09:15:00,2023-10-09
2630,2023-10-09 09:30:00,False,09:30:00,2023-10-09
2631,2023-10-09 09:45:00,False,09:45:00,2023-10-09
2632,2023-10-09 10:00:00,False,10:00:00,2023-10-09
2633,2023-10-09 10:15:00,False,10:15:00,2023-10-09
2634,2023-10-09 10:30:00,False,10:30:00,2023-10-09
2635,2023-10-09 10:45:00,False,10:45:00,2023-10-09
2636,2023-10-09 11:00:00,True,11:00:00,2023-10-09
2637,2023-10-09 11:15:00,True,11:15:00,2023-10-09
2638,2023-10-09 11:30:00,False,11:30:00,2023-10-09
2639,2023-10-09 11:45:00,False,11:45:00,2023-10-09
2640,2023-10-09 12:00:00,False,12:00:00,2023-10-09
2641,2023-10-09 12:15:00,False,12:15:00,2023-10-09
2642,2023-10-09 12:30:00,False,12:30:00,2023-10-09
2643,2023-10-09 12:45:00,False,12:45:00,2023-10-09
2644,2023-10-09 13:00:00,False,13:00:00,2023-10-09
2645,2023-10-09 13:15:00,False,13:15:00,2023-10-09
2646,2023-10-09 13:30:00,False,13:30:00,2023-10-09
2647,2023-10-09 13:45:00,False,13:45:00,2023-10-09
2648,2023-10-09 14:00:00,False,14:00:00,2023-10-09
2649,2023-10-09 14:15:00,False,14:15:00,2023-10-09
2650,2023-10-09 14:30:00,False,14:30:00,2023-10-09
2651,2023-10-09 14:45:00,False,14:45:00,2023-10-09
2652,2023-10-09 15:00:00,False,15:00:00,2023-10-09
2653,2023-10-09 15:15:00,False,15:15:00,2023-10-09
2654,2023-10-09 15:30:00,False,15:30:00,2023-10-09
2655,2023-10-09 15:45:00,False,15:45:00,2023-10-09
2656,2023-10-09 16:00:00,False,16:00:00,2023-10-09
2657,2023-10-09 16:15:00,False,16:15:00,2023-10-09
2658,2023-10-09 16:30:00,False,16:30:00,2023-10-09
2659,2023-10-09 16:45:00,False,16:45:00,2023-10-09
2660,2023-10-09 17:00:00,False,17:00:00,2023-10-09
2661,2023-10-09 17:15:00,False,17:15:00,2023-10-09
2662,2023-10-09 17:30:00,False,17:30:00,2023-10-09
2663,2023-10-09 17:45:00,False,17:45:00,2023-10-09
2664,2023-10-09 18:00:00,False,18:00:00,2023-10-09
2665,2023-10-09 18:15:00,False,18:15:00,2023-10-09
2666,2023-10-09 18:30:00,False,18:30:00,2023-10-09
2667,2023-10-09 18:45:00,False,18:45:00,2023-10-09
2668,2023-10-09 19:00:00,False,19:00:00,2023-10-09
2669,2023-10-09 19:15:00,False,19:15:00,2023-10-09
2670,2023-10-09 19:30:00,False,19:30:00,2023-10-09
2671,2023-10-09 19:45:00,False,19:45:00,2023-10-09
2672,2023-10-09 20:00:00,False,20:00:00,2023-10-09
2673,2023-10-09 20:15:00,False,20:15:00,2023-10-09
2674,2023-10-09 20:30:00,False,20:30:00,2023-10-09
2675,2023-10-09 20:45:00,False,20:45:00,2023-10-09
2676,2023-10-09 21:00:00,False,21:00:00,2023-10-09
2677,2023-10-09 21:15:00,False,21:15:00,2023-10-09
2678,2023-10-09 21:30:00,False,21:30:00,2023-10-09
2679,2023-10-09 21:45:00,False,21:45:00,2023-10-09
2680,2023-10-09 22:00:00,False,22:00:00,2023-10-09
2681,2023-10-09 22:15:00,False,22:15:00,2023-10-09
2682,2023-10-09 22:30:00,False,22:30:00,2023-10-09
2683,2023-10-09 22:45:00,False,22:45:00,2023-10-09
2684,2023-10-09 23:00:00,False,23:00:00,2023-10-09
2685,2023-10-09 23:15:00,False,23:15:00,2023-10-09
2686,2023-10-09 23:30:00,False,23:30:00,2023-10-09
2687,2023-10-09 23:45:00,False,23:45:00,2023-10-09
2688,2023-10-10 00:00:00,False,00:00:00,2023-10-10
2689,2023-10-10 00:15:00,False,00:15:00,2023-10-10
2690,2023-10-10 00:30:00,False,00:30:00,2023-10-10
2691,2023-10-10 00:45:00,False,00:45:00,2023-10-10
2692,2023-10-10 01:00:00,False,01:00:00,2023-10-10
2693,2023-10-10 01:15:00,False,01:15:00,2023-10-10
2694,2023-10-10 01:30:00,False,01:30:00,2023-10-10
2695,2023-10-10 01:45:00,False,01:45:00,2023-10-10
2696,2023-10-10 02:00:00,False,02:00:00,2023-10-10
2697,2023-10-10 02:15:00,False,02:15:00,2023-10-10
2698,2023-10-10 02:30:00,False,02:30:00,2023-10-10
2699,2023-10-10 02:45:00,False,02:45:00,2023-10-10
2700,2023-10-10 03:00:00,False,03:00:00,2023-10-10
2701,2023-10-10 03:15:00,False,03:15:00,2023-10-10
2702,2023-10-10 03:30:00,False,03:30:00,2023-10-10
2703,2023-10-10 03:45:00,False,03:45:00,2023-10-10
2704,2023-10-10 04:00:00,False,04:00:00,2023-10-10
2705,2023-10-10 04:15:00,False,04:15:00,2023-10-10
2706,2023-10-10 04:30:00,False,04:30:00,2023-10-10
2707,2023-10-10 04:45:00,False,04:45:00,2023-10-10
2708,2023-10-10 05:00:00,False,05:00:00,2023-10-10
2709,2023-10-10 05:15:00,False,05:15:00,2023-10-10
2710,2023-10-10 05:30:00,False,05:30:00,2023-10-10
2711,2023-10-10 05:45:00,False,05:45:00,2023-10-10
2712,2023-10-10 06:00:00,False,06:00:00,2023-10-10
2713,2023-10-10 06:15:00,False,06:15:00,2023-10-10
2714,2023-10-10 06:30:00,False,06:30:00,2023-10-10
2715,2023-10-10 06:45:00,False,06:45:00,2023-10-10
2716,2023-10-10 07:00:00,False,07:00:00,2023-10-10
2717,2023-10-10 07:15:00,False,07:15:00,2023-10-10
2718,2023-10-10 07:30:00,False,07:30:00,2023-10-10
2719,2023-10-10 07:45:00,False,07:45:00,2023-10-10
2720,2023-10-10 08:00:00,False,08:00:00,2023-10-10
2721,2023-10-10 08:15:00,False,08:15:00,2023-10-10
2722,2023-10-10 08:30:00,False,08:30:00,2023-10-10
2723,2023-10-10 08:45:00,False,08:45:00,2023-10-10
2724,2023-10-10 09:00:00,False,09:00:00,2023-10-10
2725,2023-10-10 09:15:00,False,09:15:00,2023-10-10
2726,2023-10-10 09:30:00,False,09:30:00,2023-10-10
2727,2023-10-10 09:45:00,False,09:45:00,2023-10-10
2728,2023-10-10 10:00:00,False,10:00:00,2023-10-10
2729,2023-10-10 10:15:00,False,10:15:00,2023-10-10
2730,2023-10-10 10:30:00,False,10:30:00,2023-10-10
2731,2023-10-10 10:45:00,False,10:45:00,2023-10-10
2732,2023-10-10 11:00:00,False,11:00:00,2023-10-10
2733,2023-10-10 11:15:00,False,11:15:00,2023-10-10
2734,2023-10-10 11:30:00,False,11:30:00,2023-10-10
2735,2023-10-10 11:45:00,False,11:45:00,2023-10-10
2736,2023-10-10 12:00:00,False,12:00:00,2023-10-10
2737,2023-10-10 12:15:00,False,12:15:00,2023-10-10
2738,2023-10-10 12:30:00,False,12:30:00,2023-10-10
2739,2023-10-10 12:45:00,False,12:45:00,2023-10-10
2740,2023-10-10 13:00:00,False,13:00:00,2023-10-10
2741,2023-10-10 13:15:00,False,13:15:00,2023-10-10
2742,2023-10-10 13:30:00,False,13:30:00,2023-10-10
2743,2023-10-10 13:45:00,False,13:45:00,2023-10-10
2744,2023-10-10 14:00:00,False,14:00:00,2023-10-10
2745,2023-10-10 14:15:00,False,14:15:00,2023-10-10
2746,2023-10-10 14:30:00,False,14:30:00,2023-10-10
2747,2023-10-10 14:45:00,False,14:45:00,2023-10-10
2748,2023-10-10 15:00:00,False,15:00:00,2023-10-10
2749,2023-10-10 15:15:00,False,15:15:00,2023-10-10
2750,2023-10-10 15:30:00,False,15:30:00,2023-10-10
2751,2023-10-10 15:45:00,False,15:45:00,2023-10-10
2752,2023-10-10 16:00:00,False,16:00:00,2023-10-10
2753,2023-10-10 16:15:00,False,16:15:00,2023-10-10
2754,2023-10-10 16:30:00,False,16:30:00,2023-10-10
2755,2023-10-10 16:45:00,False,16:45:00,2023-10-10
2756,2023-10-10 17:00:00,False,17:00:00,2023-10-10
2757,2023-10-10 17:15:00,False,17:15:00,2023-10-10
2758,2023-10-10 17:30:00,False,17:30:00,2023-10-10
2759,2023-10-10 17:45:00,False,17:45:00,2023-10-10
2760,2023-10-10 18:00:00,False,18:00:00,2023-10-10
2761,2023-10-10 18:15:00,False,18:15:00,2023-10-10
2762,2023-10-10 18:30:00,False,18:30:00,2023-10-10
2763,2023-10-10 18:45:00,False,18:45:00,2023-10-10
2764,2023-10-10 19:00:00,False,19:00:00,2023-10-10
2765,2023-10-10 19:15:00,False,19:15:00,2023-10-10
2766,2023-10-10 19:30:00,False,19:30:00,2023-10-10
2767,2023-10-10 19:45:00,False,19:45:00,2023-10-10
2768,2023-10-10 20:00:00,False,20:00:00,2023-10-10
2769,2023-10-10 20:15:00,False,20:15:00,2023-10-10
2770,2023-10-10 20:30:00,False,20:30:00,2023-10-10
2771,2023-10-10 20:45:00,False,20:45:00,2023-10-10
2772,2023-10-10 21:00:00,False,21:00:00,2023-10-10
2773,2023-10-10 21:15:00,False,21:15:00,2023-10-10
2774,2023-10-10 21:30:00,False,21:30:00,2023-10-10
2775,2023-10-10 21:45:00,False,21:45:00,2023-10-10
2776,2023-10-10 22:00:00,False,22:00:00,2023-10-10
2777,2023-10-10 22:15:00,False,22:15:00,2023-10-10
2778,2023-10-10 22:30:00,False,22:30:00,2023-10-10
2779,2023-10-10 22:45:00,False,22:45:00,2023-10-10
2780,2023-10-10 23:00:00,False,23:00:00,2023-10-10
2781,2023-10-10 23:15:00,False,23:15:00,2023-10-10
2782,2023-10-10 23:30:00,False,23:30:00,2023-10-10
2783,2023-10-10 23:45:00,False,23:45:00,2023-10-10
2784,2023-10-11 00:00:00,False,00:00:00,2023-10-11
2785,2023-10-11 00:15:00,False,00:15:00,2023-10-11
2786,2023-10-11 00:30:00,False,00:30:00,2023-10-11
2787,2023-10-11 00:45:00,False,00:45:00,2023-10-11
2788,2023-10-11 01:00:00,False,01:00:00,2023-10-11
2789,2023-10-11 01:15:00,False,01:15:00,2023-10-11
2790,2023-10-11 01:30:00,False,01:30:00,2023-10-11
2791,2023-10-11 01:45:00,False,01:45:00,2023-10-11
2792,2023-10-11 02:00:00,False,02:00:00,2023-10-11
2793,2023-10-11 02:15:00,False,02:15:00,2023-10-11
2794,2023-10-11 02:30:00,False,02:30:00,2023-10-11
2795,2023-10-11 02:45:00,False,02:45:00,2023-10-11
2796,2023-10-11 03:00:00,False,03:00:00,2023-10-11
2797,2023-10-11 03:15:00,False,03:15:00,2023-10-11
2798,2023-10-11 03:30:00,False,03:30:00,2023-10-11
2799,2023-10-11 03:45:00,False,03:45:00,2023-10-11
2800,2023-10-11 04:00:00,False,04:00:00,2023-10-11
2801,2023-10-11 04:15:00,False,04:15:00,2023-10-11
2802,2023-10-11 04:30:00,False,04:30:00,2023-10-11
2803,2023-10-11 04:45:00,False,04:45:00,2023-10-11
2804,2023-10-11 05:00:00,False,05:00:00,2023-10-11
2805,2023-10-11 05:15:00,False,05:15:00,2023-10-11
2806,2023-10-11 05:30:00,False,05:30:00,2023-10-11
2807,2023-10-11 05:45:00,False,05:45:00,2023-10-11
2808,2023-10-11 06:00:00,False,06:00:00,2023-10-11
2809,2023-10-11 06:15:00,False,06:15:00,2023-10-11
2810,2023-10-11 06:30:00,False,06:30:00,2023-10-11
2811,2023-10-11 06:45:00,False,06:45:00,2023-10-11
2812,2023-10-11 07:00:00,False,07:00:00,2023-10-11
2813,2023-10-11 07:15:00,False,07:15:00,2023-10-11
2814,2023-10-11 07:30:00,False,07:30:00,2023-10-11
2815,2023-10-11 07:45:00,False,07:45:00,2023-10-11
2816,2023-10-11 08:00:00,False,08:00:00,2023-10-11
2817,2023-10-11 08:15:00,False,08:15:00,2023-10-11
2818,2023-10-11 08:30:00,False,08:30:00,2023-10-11
2819,2023-10-11 08:45:00,False,08:45:00,2023-10-11
2820,2023-10-11 09:00:00,False,09:00:00,2023-10-11
2821,2023-10-11 09:15:00,False,09:15:00,2023-10-11
2822,2023-10-11 09:30:00,False,09:30:00,2023-10-11
2823,2023-10-11 09:45:00,False,09:45:00,2023-10-11
2824,2023-10-11 10:00:00,False,10:00:00,2023-10-11
2825,2023-10-11 10:15:00,False,10:15:00,2023-10-11
2826,2023-10-11 10:30:00,False,10:30:00,2023-10-11
2827,2023-10-11 10:45:00,False,10:45:00,2023-10-11
2828,2023-10-11 11:00:00,False,11:00:00,2023-10-11
2829,2023-10-11 11:15:00,False,11:15:00,2023-10-11
2830,2023-10-11 11:30:00,False,11:30:00,2023-10-11
2831,2023-10-11 11:45:00,False,11:45:00,2023-10-11
2832,2023-10-11 12:00:00,False,12:00:00,2023-10-11
2833,2023-10-11 12:15:00,False,12:15:00,2023-10-11
2834,2023-10-11 12:30:00,False,12:30:00,2023-10-11
2835,2023-10-11 12:45:00,False,12:45:00,2023-10-11
2836,2023-10-11 13:00:00,False,13:00:00,2023-10-11
2837,2023-10-11 13:15:00,False,13:15:00,2023-10-11
2838,2023-10-11 13:30:00,False,13:30:00,2023-10-11
2839,2023-10-11 13:45:00,False,13:45:00,2023-10-11
2840,2023-10-11 14:00:00,False,14:00:00,2023-10-11
2841,2023-10-11 14:15:00,False,14:15:00,2023-10-11
2842,2023-10-11 14:30:00,False,14:30:00,2023-10-11
2843,2023-10-11 14:45:00,False,14:45:00,2023-10-11
2844,2023-10-11 15:00:00,False,15:00:00,2023-10-11
2845,2023-10-11 15:15:00,False,15:15:00,2023-10-11
2846,2023-10-11 15:30:00,False,15:30:00,2023-10-11
2847,2023-10-11 15:45:00,False,15:45:00,2023-10-11
2848,2023-10-11 16:00:00,False,16:00:00,2023-10-11
2849,2023-10-11 16:15:00,False,16:15:00,2023-10-11
2850,2023-10-11 16:30:00,False,16:30:00,2023-10-11
2851,2023-10-11 16:45:00,False,16:45:00,2023-10-11
2852,2023-10-11 17:00:00,False,17:00:00,2023-10-11
2853,2023-10-11 17:15:00,False,17:15:00,2023-10-11
2854,2023-10-11 17:30:00,False,17:30:00,2023-10-11
2855,2023-10-11 17:45:00,False,17:45:00,2023-10-11
2856,2023-10-11 18:00:00,False,18:00:00,2023-10-11
2857,2023-10-11 18:15:00,False,18:15:00,2023-10-11
2858,2023-10-11 18:30:00,False,18:30:00,2023-10-11
2859,2023-10-11 18:45:00,False,18:45:00,2023-10-11
2860,2023-10-11 19:00:00,False,19:00:00,2023-10-11
2861,2023-10-11 19:15:00,False,19:15:00,2023-10-11
2862,2023-10-11 19:30:00,False,19:30:00,2023-10-11
2863,2023-10-11 19:45:00,False,19:45:00,2023-10-11
2864,2023-10-11 20:00:00,False,20:00:00,2023-10-11
2865,2023-10-11 20:15:00,False,20:15:00,2023-10-11
2866,2023-10-11 20:30:00,False,20:30:00,2023-10-11
2867,2023-10-11 20:45:00,False,20:45:00,2023-10-11
2868,2023-10-11 21:00:00,False,21:00:00,2023-10-11
2869,2023-10-11 21:15:00,False,21:15:00,2023-10-11
2870,2023-10-11 21:30:00,False,21:30:00,2023-10-11
2871,2023-10-11 21:45:00,False,21:45:00,2023-10-11
2872,2023-10-11 22:00:00,False,22:00:00,2023-10-11
2873,2023-10-11 22:15:00,False,22:15:00,2023-10-11
2874,2023-10-11 22:30:00,False,22:30:00,2023-10-11
2875,2023-10-11 22:45:00,False,22:45:00,2023-10-11
2876,2023-10-11 23:00:00,False,23:00:00,2023-10-11
2877,2023-10-11 23:15:00,False,23:15:00,2023-10-11
2878,2023-10-11 23:30:00,False,23:30:00,2023-10-11
2879,2023-10-11 23:45:00,False,23:45:00,2023-10-11
2880,2023-10-12 00:00:00,False,00:00:00,2023-10-12
2881,2023-10-12 00:15:00,False,00:15:00,2023-10-12
2882,2023-10-12 00:30:00,False,00:30:00,2023-10-12
2883,2023-10-12 00:45:00,False,00:45:00,2023-10-12
2884,2023-10-12 01:00:00,False,01:00:00,2023-10-12
2885,2023-10-12 01:15:00,False,01:15:00,2023-10-12
2886,2023-10-12 01:30:00,False,01:30:00,2023-10-12
2887,2023-10-12 01:45:00,False,01:45:00,2023-10-12
2888,2023-10-12 02:00:00,False,02:00:00,2023-10-12
2889,2023-10-12 02:15:00,False,02:15:00,2023-10-12
2890,2023-10-12 02:30:00,False,02:30:00,2023-10-12
2891,2023-10-12 02:45:00,False,02:45:00,2023-10-12
2892,2023-10-12 03:00:00,False,03:00:00,2023-10-12
2893,2023-10-12 03:15:00,False,03:15:00,2023-10-12
2894,2023-10-12 03:30:00,False,03:30:00,2023-10-12
2895,2023-10-12 03:45:00,False,03:45:00,2023-10-12
2896,2023-10-12 04:00:00,False,04:00:00,2023-10-12
2897,2023-10-12 04:15:00,False,04:15:00,2023-10-12
2898,2023-10-12 04:30:00,False,04:30:00,2023-10-12
2899,2023-10-12 04:45:00,False,04:45:00,2023-10-12
2900,2023-10-12 05:00:00,False,05:00:00,2023-10-12
2901,2023-10-12 05:15:00,False,05:15:00,2023-10-12
2902,2023-10-12 05:30:00,False,05:30:00,2023-10-12
2903,2023-10-12 05:45:00,False,05:45:00,2023-10-12
2904,2023-10-12 06:00:00,False,06:00:00,2023-10-12
2905,2023-10-12 06:15:00,False,06:15:00,2023-10-12
2906,2023-10-12 06:30:00,False,06:30:00,2023-10-12
2907,2023-10-12 06:45:00,False,06:45:00,2023-10-12
2908,2023-10-12 07:00:00,False,07:00:00,2023-10-12
2909,2023-10-12 07:15:00,False,07:15:00,2023-10-12
2910,2023-10-12 07:30:00,False,07:30:00,2023-10-12
2911,2023-10-12 07:45:00,False,07:45:00,2023-10-12
2912,2023-10-12 08:00:00,False,08:00:00,2023-10-12
2913,2023-10-12 08:15:00,False,08:15:00,2023-10-12
2914,2023-10-12 08:30:00,False,08:30:00,2023-10-12
2915,2023-10-12 08:45:00,False,08:45:00,2023-10-12
2916,2023-10-12 09:00:00,False,09:00:00,2023-10-12
2917,2023-10-12 09:15:00,False,09:15:00,2023-10-12
2918,2023-10-12 09:30:00,False,09:30:00,2023-10-12
2919,2023-10-12 09:45:00,False,09:45:00,2023-10-12
2920,2023-10-12 10:00:00,False,10:00:00,2023-10-12
2921,2023-10-12 10:15:00,False,10:15:00,2023-10-12
2922,2023-10-12 10:30:00,False,10:30:00,2023-10-12
2923,2023-10-12 10:45:00,False,10:45:00,2023-10-12
2924,2023-10-12 11:00:00,False,11:00:00,2023-10-12
2925,2023-10-12 11:15:00,False,11:15:00,2023-10-12
2926,2023-10-12 11:30:00,False,11:30:00,2023-10-12
2927,2023-10-12 11:45:00,False,11:45:00,2023-10-12
2928,2023-10-12 12:00:00,False,12:00:00,2023-10-12
2929,2023-10-12 12:15:00,False,12:15:00,2023-10-12
2930,2023-10-12 12:30:00,False,12:30:00,2023-10-12
2931,2023-10-12 12:45:00,False,12:45:00,2023-10-12
2932,2023-10-12 13:00:00,False,13:00:00,2023-10-12
2933,2023-10-12 13:15:00,False,13:15:00,2023-10-12
2934,2023-10-12 13:30:00,False,13:30:00,2023-10-12
2935,2023-10-12 13:45:00,False,13:45:00,2023-10-12
2936,2023-10-12 14:00:00,False,14:00:00,2023-10-12
2937,2023-10-12 14:15:00,False,14:15:00,2023-10-12
2938,2023-10-12 14:30:00,False,14:30:00,2023-10-12
2939,2023-10-12 14:45:00,False,14:45:00,2023-10-12
2940,2023-10-12 15:00:00,False,15:00:00,2023-10-12
2941,2023-10-12 15:15:00,False,15:15:00,2023-10-12
2942,2023-10-12 15:30:00,False,15:30:00,2023-10-12
2943,2023-10-12 15:45:00,False,15:45:00,2023-10-12
2944,2023-10-12 16:00:00,False,16:00:00,2023-10-12
2945,2023-10-12 16:15:00,False,16:15:00,2023-10-12
2946,2023-10-12 16:30:00,False,16:30:00,2023-10-12
2947,2023-10-12 16:45:00,False,16:45:00,2023-10-12
2948,2023-10-12 17:00:00,False,17:00:00,2023-10-12
2949,2023-10-12 17:15:00,False,17:15:00,2023-10-12
2950,2023-10-12 17:30:00,False,17:30:00,2023-10-12
2951,2023-10-12 17:45:00,False,17:45:00,2023-10-12
2952,2023-10-12 18:00:00,False,18:00:00,2023-10-12
2953,2023-10-12 18:15:00,False,18:15:00,2023-10-12
2954,2023-10-12 18:30:00,False,18:30:00,2023-10-12
2955,2023-10-12 18:45:00,False,18:45:00,2023-10-12
2956,2023-10-12 19:00:00,False,19:00:00,2023-10-12
2957,2023-10-12 19:15:00,False,19:15:00,2023-10-12
2958,2023-10-12 19:30:00,False,19:30:00,2023-10-12
2959,2023-10-12 19:45:00,False,19:45:00,2023-10-12
2960,2023-10-12 20:00:00,False,20:00:00,2023-10-12
2961,2023-10-12 20:15:00,False,20:15:00,2023-10-12
2962,2023-10-12 20:30:00,False,20:30:00,2023-10-12
2963,2023-10-12 20:45:00,False,20:45:00,2023-10-12
2964,2023-10-12 21:00:00,False,21:00:00,2023-10-12
2965,2023-10-12 21:15:00,False,21:15:00,2023-10-12
2966,2023-10-12 21:30:00,False,21:30:00,2023-10-12
2967,2023-10-12 21:45:00,False,21:45:00,2023-10-12
2968,2023-10-12 22:00:00,False,22:00:00,2023-10-12
2969,2023-10-12 22:15:00,False,22:15:00,2023-10-12
2970,2023-10-12 22:30:00,False,22:30:00,2023-10-12
2971,2023-10-12 22:45:00,False,22:45:00,2023-10-12
2972,2023-10-12 23:00:00,False,23:00:00,2023-10-12
2973,2023-10-12 23:15:00,False,23:15:00,2023-10-12
2974,2023-10-12 23:30:00,False,23:30:00,2023-10-12
2975,2023-10-12 23:45:00,False,23:45:00,2023-10-12
2976,2023-10-13 00:00:00,False,00:00:00,2023-10-13
2977,2023-10-13 00:15:00,False,00:15:00,2023-10-13
2978,2023-10-13 00:30:00,False,00:30:00,2023-10-13
2979,2023-10-13 00:45:00,False,00:45:00,2023-10-13
2980,2023-10-13 01:00:00,False,01:00:00,2023-10-13
2981,2023-10-13 01:15:00,False,01:15:00,2023-10-13
2982,2023-10-13 01:30:00,False,01:30:00,2023-10-13
2983,2023-10-13 01:45:00,False,01:45:00,2023-10-13
2984,2023-10-13 02:00:00,False,02:00:00,2023-10-13
2985,2023-10-13 02:15:00,False,02:15:00,2023-10-13
2986,2023-10-13 02:30:00,False,02:30:00,2023-10-13
2987,2023-10-13 02:45:00,False,02:45:00,2023-10-13
2988,2023-10-13 03:00:00,False,03:00:00,2023-10-13
2989,2023-10-13 03:15:00,False,03:15:00,2023-10-13
2990,2023-10-13 03:30:00,False,03:30:00,2023-10-13
2991,2023-10-13 03:45:00,False,03:45:00,2023-10-13
2992,2023-10-13 04:00:00,False,04:00:00,2023-10-13
2993,2023-10-13 04:15:00,False,04:15:00,2023-10-13
2994,2023-10-13 04:30:00,False,04:30:00,2023-10-13
2995,2023-10-13 04:45:00,False,04:45:00,2023-10-13
2996,2023-10-13 05:00:00,False,05:00:00,2023-10-13
2997,2023-10-13 05:15:00,False,05:15:00,2023-10-13
2998,2023-10-13 05:30:00,False,05:30:00,2023-10-13
2999,2023-10-13 05:45:00,False,05:45:00,2023-10-13
3000,2023-10-13 06:00:00,False,06:00:00,2023-10-13
3001,2023-10-13 06:15:00,False,06:15:00,2023-10-13
3002,2023-10-13 06:30:00,False,06:30:00,2023-10-13
3003,2023-10-13 06:45:00,False,06:45:00,2023-10-13
3004,2023-10-13 07:00:00,False,07:00:00,2023-10-13
3005,2023-10-13 07:15:00,False,07:15:00,2023-10-13
3006,2023-10-13 07:30:00,False,07:30:00,2023-10-13
3007,2023-10-13 07:45:00,False,07:45:00,2023-10-13
3008,2023-10-13 08:00:00,False,08:00:00,2023-10-13
3009,2023-10-13 08:15:00,False,08:15:00,2023-10-13
3010,2023-10-13 08:30:00,False,08:30:00,2023-10-13
3011,2023-10-13 08:45:00,False,08:45:00,2023-10-13
3012,2023-10-13 09:00:00,False,09:00:00,2023-10-13
3013,2023-10-13 09:15:00,False,09:15:00,2023-10-13
3014,2023-10-13 09:30:00,False,09:30:00,2023-10-13
3015,2023-10-13 09:45:00,False,09:45:00,2023-10-13
3016,2023-10-13 10:00:00,False,10:00:00,2023-10-13
3017,2023-10-13 10:15:00,False,10:15:00,2023-10-13
3018,2023-10-13 10:30:00,False,10:30:00,2023-10-13
3019,2023-10-13 10:45:00,False,10:45:00,2023-10-13
3020,2023-10-13 11:00:00,False,11:00:00,2023-10-13
3021,2023-10-13 11:15:00,True,11:15:00,2023-10-13
3022,2023-10-13 11:30:00,False,11:30:00,2023-10-13
3023,2023-10-13 11:45:00,False,11:45:00,2023-10-13
3024,2023-10-13 12:00:00,False,12:00:00,2023-10-13
3025,2023-10-13 12:15:00,False,12:15:00,2023-10-13
3026,2023-10-13 12:30:00,False,12:30:00,2023-10-13
3027,2023-10-13 12:45:00,False,12:45:00,2023-10-13
3028,2023-10-13 13:00:00,False,13:00:00,2023-10-13
3029,2023-10-13 13:15:00,False,13:15:00,2023-10-13
3030,2023-10-13 13:30:00,False,13:30:00,2023-10-13
3031,2023-10-13 13:45:00,False,13:45:00,2023-10-13
3032,2023-10-13 14:00:00,False,14:00:00,2023-10-13
3033,2023-10-13 14:15:00,False,14:15:00,2023-10-13
3034,2023-10-13 14:30:00,False,14:30:00,2023-10-13
3035,2023-10-13 14:45:00,False,14:45:00,2023-10-13
3036,2023-10-13 15:00:00,False,15:00:00,2023-10-13
3037,2023-10-13 15:15:00,False,15:15:00,2023-10-13
3038,2023-10-13 15:30:00,False,15:30:00,2023-10-13
3039,2023-10-13 15:45:00,False,15:45:00,2023-10-13
3040,2023-10-13 16:00:00,False,16:00:00,2023-10-13
3041,2023-10-13 16:15:00,False,16:15:00,2023-10-13
3042,2023-10-13 16:30:00,False,16:30:00,2023-10-13
3043,2023-10-13 16:45:00,False,16:45:00,2023-10-13
3044,2023-10-13 17:00:00,False,17:00:00,2023-10-13
3045,2023-10-13 17:15:00,False,17:15:00,2023-10-13
3046,2023-10-13 17:30:00,False,17:30:00,2023-10-13
3047,2023-10-13 17:45:00,False,17:45:00,2023-10-13
3048,2023-10-13 18:00:00,False,18:00:00,2023-10-13
3049,2023-10-13 18:15:00,False,18:15:00,2023-10-13
3050,2023-10-13 18:30:00,False,18:30:00,2023-10-13
3051,2023-10-13 18:45:00,False,18:45:00,2023-10-13
3052,2023-10-13 19:00:00,False,19:00:00,2023-10-13
3053,2023-10-13 19:15:00,False,19:15:00,2023-10-13
3054,2023-10-13 19:30:00,False,19:30:00,2023-10-13
3055,2023-10-13 19:45:00,False,19:45:00,2023-10-13
3056,2023-10-13 20:00:00,False,20:00:00,2023-10-13
3057,2023-10-13 20:15:00,False,20:15:00,2023-10-13
3058,2023-10-13 20:30:00,False,20:30:00,2023-10-13
3059,2023-10-13 20:45:00,False,20:45:00,2023-10-13
3060,2023-10-13 21:00:00,False,21:00:00,2023-10-13
3061,2023-10-13 21:15:00,False,21:15:00,2023-10-13
3062,2023-10-13 21:30:00,False,21:30:00,2023-10-13
3063,2023-10-13 21:45:00,False,21:45:00,2023-10-13
3064,2023-10-13 22:00:00,False,22:00:00,2023-10-13
3065,2023-10-13 22:15:00,False,22:15:00,2023-10-13
3066,2023-10-13 22:30:00,False,22:30:00,2023-10-13
3067,2023-10-13 22:45:00,False,22:45:00,2023-10-13
3068,2023-10-13 23:00:00,False,23:00:00,2023-10-13
3069,2023-10-13 23:15:00,False,23:15:00,2023-10-13
3070,2023-10-13 23:30:00,False,23:30:00,2023-10-13
3071,2023-10-13 23:45:00,False,23:45:00,2023-10-13
3072,2023-10-14 00:00:00,False,00:00:00,2023-10-14
3073,2023-10-14 00:15:00,False,00:15:00,2023-10-14
3074,2023-10-14 00:30:00,False,00:30:00,2023-10-14
3075,2023-10-14 00:45:00,False,00:45:00,2023-10-14
3076,2023-10-14 01:00:00,False,01:00:00,2023-10-14
3077,2023-10-14 01:15:00,False,01:15:00,2023-10-14
3078,2023-10-14 01:30:00,False,01:30:00,2023-10-14
3079,2023-10-14 01:45:00,False,01:45:00,2023-10-14
3080,2023-10-14 02:00:00,False,02:00:00,2023-10-14
3081,2023-10-14 02:15:00,False,02:15:00,2023-10-14
3082,2023-10-14 02:30:00,False,02:30:00,2023-10-14
3083,2023-10-14 02:45:00,False,02:45:00,2023-10-14
3084,2023-10-14 03:00:00,False,03:00:00,2023-10-14
3085,2023-10-14 03:15:00,False,03:15:00,2023-10-14
3086,2023-10-14 03:30:00,False,03:30:00,2023-10-14
3087,2023-10-14 03:45:00,False,03:45:00,2023-10-14
3088,2023-10-14 04:00:00,False,04:00:00,2023-10-14
3089,2023-10-14 04:15:00,False,04:15:00,2023-10-14
3090,2023-10-14 04:30:00,False,04:30:00,2023-10-14
3091,2023-10-14 04:45:00,False,04:45:00,2023-10-14
3092,2023-10-14 05:00:00,False,05:00:00,2023-10-14
3093,2023-10-14 05:15:00,False,05:15:00,2023-10-14
3094,2023-10-14 05:30:00,False,05:30:00,2023-10-14
3095,2023-10-14 05:45:00,False,05:45:00,2023-10-14
3096,2023-10-14 06:00:00,False,06:00:00,2023-10-14
3097,2023-10-14 06:15:00,False,06:15:00,2023-10-14
3098,2023-10-14 06:30:00,False,06:30:00,2023-10-14
3099,2023-10-14 06:45:00,False,06:45:00,2023-10-14
3100,2023-10-14 07:00:00,False,07:00:00,2023-10-14
3101,2023-10-14 07:15:00,False,07:15:00,2023-10-14
3102,2023-10-14 07:30:00,False,07:30:00,2023-10-14
3103,2023-10-14 07:45:00,False,07:45:00,2023-10-14
3104,2023-10-14 08:00:00,False,08:00:00,2023-10-14
3105,2023-10-14 08:15:00,False,08:15:00,2023-10-14
3106,2023-10-14 08:30:00,False,08:30:00,2023-10-14
3107,2023-10-14 08:45:00,False,08:45:00,2023-10-14
3108,2023-10-14 09:00:00,False,09:00:00,2023-10-14
3109,2023-10-14 09:15:00,False,09:15:00,2023-10-14
3110,2023-10-14 09:30:00,False,09:30:00,2023-10-14
3111,2023-10-14 09:45:00,False,09:45:00,2023-10-14
3112,2023-10-14 10:00:00,False,10:00:00,2023-10-14
3113,2023-10-14 10:15:00,False,10:15:00,2023-10-14
3114,2023-10-14 10:30:00,False,10:30:00,2023-10-14
3115,2023-10-14 10:45:00,False,10:45:00,2023-10-14
3116,2023-10-14 11:00:00,False,11:00:00,2023-10-14
3117,2023-10-14 11:15:00,False,11:15:00,2023-10-14
3118,2023-10-14 11:30:00,False,11:30:00,2023-10-14
3119,2023-10-14 11:45:00,False,11:45:00,2023-10-14
3120,2023-10-14 12:00:00,False,12:00:00,2023-10-14
3121,2023-10-14 12:15:00,False,12:15:00,2023-10-14
3122,2023-10-14 12:30:00,False,12:30:00,2023-10-14
3123,2023-10-14 12:45:00,False,12:45:00,2023-10-14
3124,2023-10-14 13:00:00,False,13:00:00,2023-10-14
3125,2023-10-14 13:15:00,False,13:15:00,2023-10-14
3126,2023-10-14 13:30:00,False,13:30:00,2023-10-14
3127,2023-10-14 13:45:00,False,13:45:00,2023-10-14
3128,2023-10-14 14:00:00,False,14:00:00,2023-10-14
3129,2023-10-14 14:15:00,False,14:15:00,2023-10-14
3130,2023-10-14 14:30:00,False,14:30:00,2023-10-14
3131,2023-10-14 14:45:00,False,14:45:00,2023-10-14
3132,2023-10-14 15:00:00,False,15:00:00,2023-10-14
3133,2023-10-14 15:15:00,False,15:15:00,2023-10-14
3134,2023-10-14 15:30:00,False,15:30:00,2023-10-14
3135,2023-10-14 15:45:00,False,15:45:00,2023-10-14
3136,2023-10-14 16:00:00,False,16:00:00,2023-10-14
3137,2023-10-14 16:15:00,False,16:15:00,2023-10-14
3138,2023-10-14 16:30:00,False,16:30:00,2023-10-14
3139,2023-10-14 16:45:00,False,16:45:00,2023-10-14
3140,2023-10-14 17:00:00,False,17:00:00,2023-10-14
3141,2023-10-14 17:15:00,False,17:15:00,2023-10-14
3142,2023-10-14 17:30:00,False,17:30:00,2023-10-14
3143,2023-10-14 17:45:00,False,17:45:00,2023-10-14
3144,2023-10-14 18:00:00,False,18:00:00,2023-10-14
3145,2023-10-14 18:15:00,False,18:15:00,2023-10-14
3146,2023-10-14 18:30:00,False,18:30:00,2023-10-14
3147,2023-10-14 18:45:00,False,18:45:00,2023-10-14
3148,2023-10-14 19:00:00,False,19:00:00,2023-10-14
3149,2023-10-14 19:15:00,False,19:15:00,2023-10-14
3150,2023-10-14 19:30:00,False,19:30:00,2023-10-14
3151,2023-10-14 19:45:00,False,19:45:00,2023-10-14
3152,2023-10-14 20:00:00,False,20:00:00,2023-10-14
3153,2023-10-14 20:15:00,False,20:15:00,2023-10-14
3154,2023-10-14 20:30:00,False,20:30:00,2023-10-14
3155,2023-10-14 20:45:00,False,20:45:00,2023-10-14
3156,2023-10-14 21:00:00,False,21:00:00,2023-10-14
3157,2023-10-14 21:15:00,False,21:15:00,2023-10-14
3158,2023-10-14 21:30:00,False,21:30:00,2023-10-14
3159,2023-10-14 21:45:00,False,21:45:00,2023-10-14
3160,2023-10-14 22:00:00,False,22:00:00,2023-10-14
3161,2023-10-14 22:15:00,False,22:15:00,2023-10-14
3162,2023-10-14 22:30:00,False,22:30:00,2023-10-14
3163,2023-10-14 22:45:00,False,22:45:00,2023-10-14
3164,2023-10-14 23:00:00,False,23:00:00,2023-10-14
3165,2023-10-14 23:15:00,False,23:15:00,2023-10-14
3166,2023-10-14 23:30:00,False,23:30:00,2023-10-14
3167,2023-10-14 23:45:00,False,23:45:00,2023-10-14
3168,2023-10-15 00:00:00,False,00:00:00,2023-10-15
3169,2023-10-15 00:15:00,False,00:15:00,2023-10-15
3170,2023-10-15 00:30:00,False,00:30:00,2023-10-15
3171,2023-10-15 00:45:00,False,00:45:00,2023-10-15
3172,2023-10-15 01:00:00,False,01:00:00,2023-10-15
3173,2023-10-15 01:15:00,False,01:15:00,2023-10-15
3174,2023-10-15 01:30:00,False,01:30:00,2023-10-15
3175,2023-10-15 01:45:00,False,01:45:00,2023-10-15
3176,2023-10-15 02:00:00,False,02:00:00,2023-10-15
3177,2023-10-15 02:15:00,False,02:15:00,2023-10-15
3178,2023-10-15 02:30:00,False,02:30:00,2023-10-15
3179,2023-10-15 02:45:00,False,02:45:00,2023-10-15
3180,2023-10-15 03:00:00,True,03:00:00,2023-10-15
3181,2023-10-15 03:15:00,True,03:15:00,2023-10-15
3182,2023-10-15 03:30:00,True,03:30:00,2023-10-15
3183,2023-10-15 03:45:00,True,03:45:00,2023-10-15
3184,2023-10-15 04:00:00,True,04:00:00,2023-10-15
3185,2023-10-15 04:15:00,True,04:15:00,2023-10-15
3186,2023-10-15 04:30:00,True,04:30:00,2023-10-15
3187,2023-10-15 04:45:00,True,04:45:00,2023-10-15
3188,2023-10-15 05:00:00,True,05:00:00,2023-10-15
3189,2023-10-15 05:15:00,True,05:15:00,2023-10-15
3190,2023-10-15 05:30:00,True,05:30:00,2023-10-15
3191,2023-10-15 05:45:00,True,05:45:00,2023-10-15
3192,2023-10-15 06:00:00,True,06:00:00,2023-10-15
3193,2023-10-15 06:15:00,True,06:15:00,2023-10-15
3194,2023-10-15 06:30:00,True,06:30:00,2023-10-15
3195,2023-10-15 06:45:00,True,06:45:00,2023-10-15
3196,2023-10-15 07:00:00,True,07:00:00,2023-10-15
3197,2023-10-15 07:15:00,True,07:15:00,2023-10-15
3198,2023-10-15 07:30:00,True,07:30:00,2023-10-15
3199,2023-10-15 07:45:00,True,07:45:00,2023-10-15
3200,2023-10-15 08:00:00,True,08:00:00,2023-10-15
3201,2023-10-15 08:15:00,True,08:15:00,2023-10-15
3202,2023-10-15 08:30:00,True,08:30:00,2023-10-15
3203,2023-10-15 08:45:00,True,08:45:00,2023-10-15
3204,2023-10-15 09:00:00,True,09:00:00,2023-10-15
3205,2023-10-15 09:15:00,True,09:15:00,2023-10-15
3206,2023-10-15 09:30:00,True,09:30:00,2023-10-15
3207,2023-10-15 09:45:00,True,09:45:00,2023-10-15
3208,2023-10-15 10:00:00,True,10:00:00,2023-10-15
3209,2023-10-15 10:15:00,True,10:15:00,2023-10-15
3210,2023-10-15 10:30:00,True,10:30:00,2023-10-15
3211,2023-10-15 10:45:00,True,10:45:00,2023-10-15
3212,2023-10-15 11:00:00,True,11:00:00,2023-10-15
3213,2023-10-15 11:15:00,True,11:15:00,2023-10-15
3214,2023-10-15 11:30:00,True,11:30:00,2023-10-15
3215,2023-10-15 11:45:00,True,11:45:00,2023-10-15
3216,2023-10-15 12:00:00,True,12:00:00,2023-10-15
3217,2023-10-15 12:15:00,True,12:15:00,2023-10-15
3218,2023-10-15 12:30:00,True,12:30:00,2023-10-15
3219,2023-10-15 12:45:00,True,12:45:00,2023-10-15
3220,2023-10-15 13:00:00,True,13:00:00,2023-10-15
3221,2023-10-15 13:15:00,True,13:15:00,2023-10-15
3222,2023-10-15 13:30:00,True,13:30:00,2023-10-15
3223,2023-10-15 13:45:00,True,13:45:00,2023-10-15
3224,2023-10-15 14:00:00,True,14:00:00,2023-10-15
3225,2023-10-15 14:15:00,True,14:15:00,2023-10-15
3226,2023-10-15 14:30:00,True,14:30:00,2023-10-15
3227,2023-10-15 14:45:00,True,14:45:00,2023-10-15
3228,2023-10-15 15:00:00,True,15:00:00,2023-10-15
3229,2023-10-15 15:15:00,True,15:15:00,2023-10-15
3230,2023-10-15 15:30:00,True,15:30:00,2023-10-15
3231,2023-10-15 15:45:00,True,15:45:00,2023-10-15
3232,2023-10-15 16:00:00,True,16:00:00,2023-10-15
3233,2023-10-15 16:15:00,True,16:15:00,2023-10-15
3234,2023-10-15 16:30:00,True,16:30:00,2023-10-15
3235,2023-10-15 16:45:00,True,16:45:00,2023-10-15
3236,2023-10-15 17:00:00,True,17:00:00,2023-10-15
3237,2023-10-15 17:15:00,True,17:15:00,2023-10-15
3238,2023-10-15 17:30:00,True,17:30:00,2023-10-15
3239,2023-10-15 17:45:00,True,17:45:00,2023-10-15
3240,2023-10-15 18:00:00,True,18:00:00,2023-10-15
3241,2023-10-15 18:15:00,True,18:15:00,2023-10-15
3242,2023-10-15 18:30:00,True,18:30:00,2023-10-15
3243,2023-10-15 18:45:00,True,18:45:00,2023-10-15
3244,2023-10-15 19:00:00,True,19:00:00,2023-10-15
3245,2023-10-15 19:15:00,True,19:15:00,2023-10-15
3246,2023-10-15 19:30:00,True,19:30:00,2023-10-15
3247,2023-10-15 19:45:00,True,19:45:00,2023-10-15
3248,2023-10-15 20:00:00,True,20:00:00,2023-10-15
3249,2023-10-15 20:15:00,True,20:15:00,2023-10-15
3250,2023-10-15 20:30:00,True,20:30:00,2023-10-15
3251,2023-10-15 20:45:00,True,20:45:00,2023-10-15
3252,2023-10-15 21:00:00,True,21:00:00,2023-10-15
3253,2023-10-15 21:15:00,True,21:15:00,2023-10-15
3254,2023-10-15 21:30:00,True,21:30:00,2023-10-15
3255,2023-10-15 21:45:00,True,21:45:00,2023-10-15
3256,2023-10-15 22:00:00,True,22:00:00,2023-10-15
3257,2023-10-15 22:15:00,True,22:15:00,2023-10-15
3258,2023-10-15 22:30:00,True,22:30:00,2023-10-15
3259,2023-10-15 22:45:00,True,22:45:00,2023-10-15
3260,2023-10-15 23:00:00,True,23:00:00,2023-10-15
3261,2023-10-15 23:15:00,True,23:15:00,2023-10-15
3262,2023-10-15 23:30:00,True,23:30:00,2023-10-15
3263,2023-10-15 23:45:00,True,23:45:00,2023-10-15
3264,2023-10-16 00:00:00,True,00:00:00,2023-10-16
3265,2023-10-16 00:15:00,True,00:15:00,2023-10-16
3266,2023-10-16 00:30:00,True,00:30:00,2023-10-16
3267,2023-10-16 00:45:00,True,00:45:00,2023-10-16
3268,2023-10-16 01:00:00,True,01:00:00,2023-10-16
3269,2023-10-16 01:15:00,True,01:15:00,2023-10-16
3270,2023-10-16 01:30:00,True,01:30:00,2023-10-16
3271,2023-10-16 01:45:00,True,01:45:00,2023-10-16
3272,2023-10-16 02:00:00,True,02:00:00,2023-10-16
3273,2023-10-16 02:15:00,True,02:15:00,2023-10-16
3274,2023-10-16 02:30:00,True,02:30:00,2023-10-16
3275,2023-10-16 02:45:00,True,02:45:00,2023-10-16
3276,2023-10-16 03:00:00,True,03:00:00,2023-10-16
3277,2023-10-16 03:15:00,True,03:15:00,2023-10-16
3278,2023-10-16 03:30:00,True,03:30:00,2023-10-16
3279,2023-10-16 03:45:00,True,03:45:00,2023-10-16
3280,2023-10-16 04:00:00,True,04:00:00,2023-10-16
3281,2023-10-16 04:15:00,True,04:15:00,2023-10-16
3282,2023-10-16 04:30:00,True,04:30:00,2023-10-16
3283,2023-10-16 04:45:00,True,04:45:00,2023-10-16
3284,2023-10-16 05:00:00,True,05:00:00,2023-10-16
3285,2023-10-16 05:15:00,True,05:15:00,2023-10-16
3286,2023-10-16 05:30:00,True,05:30:00,2023-10-16
3287,2023-10-16 05:45:00,True,05:45:00,2023-10-16
3288,2023-10-16 06:00:00,True,06:00:00,2023-10-16
3289,2023-10-16 06:15:00,True,06:15:00,2023-10-16
3290,2023-10-16 06:30:00,True,06:30:00,2023-10-16
3291,2023-10-16 06:45:00,True,06:45:00,2023-10-16
3292,2023-10-16 07:00:00,True,07:00:00,2023-10-16
3293,2023-10-16 07:15:00,True,07:15:00,2023-10-16
3294,2023-10-16 07:30:00,True,07:30:00,2023-10-16
3295,2023-10-16 07:45:00,True,07:45:00,2023-10-16
3296,2023-10-16 08:00:00,True,08:00:00,2023-10-16
3297,2023-10-16 08:15:00,True,08:15:00,2023-10-16
3298,2023-10-16 08:30:00,True,08:30:00,2023-10-16
3299,2023-10-16 08:45:00,True,08:45:00,2023-10-16
3300,2023-10-16 09:00:00,True,09:00:00,2023-10-16
3301,2023-10-16 09:15:00,True,09:15:00,2023-10-16
3302,2023-10-16 09:30:00,True,09:30:00,2023-10-16
3303,2023-10-16 09:45:00,True,09:45:00,2023-10-16
3304,2023-10-16 10:00:00,True,10:00:00,2023-10-16
3305,2023-10-16 10:15:00,True,10:15:00,2023-10-16
3306,2023-10-16 10:30:00,True,10:30:00,2023-10-16
3307,2023-10-16 10:45:00,True,10:45:00,2023-10-16
3308,2023-10-16 11:00:00,True,11:00:00,2023-10-16
3309,2023-10-16 11:15:00,True,11:15:00,2023-10-16
3310,2023-10-16 11:30:00,True,11:30:00,2023-10-16
3311,2023-10-16 11:45:00,True,11:45:00,2023-10-16
3312,2023-10-16 12:00:00,True,12:00:00,2023-10-16
3313,2023-10-16 12:15:00,True,12:15:00,2023-10-16
3314,2023-10-16 12:30:00,True,12:30:00,2023-10-16
3315,2023-10-16 12:45:00,True,12:45:00,2023-10-16
3316,2023-10-16 13:00:00,True,13:00:00,2023-10-16
3317,2023-10-16 13:15:00,True,13:15:00,2023-10-16
3318,2023-10-16 13:30:00,True,13:30:00,2023-10-16
3319,2023-10-16 13:45:00,True,13:45:00,2023-10-16
3320,2023-10-16 14:00:00,True,14:00:00,2023-10-16
3321,2023-10-16 14:15:00,True,14:15:00,2023-10-16
3322,2023-10-16 14:30:00,True,14:30:00,2023-10-16
3323,2023-10-16 14:45:00,True,14:45:00,2023-10-16
3324,2023-10-16 15:00:00,True,15:00:00,2023-10-16
3325,2023-10-16 15:15:00,True,15:15:00,2023-10-16
3326,2023-10-16 15:30:00,True,15:30:00,2023-10-16
3327,2023-10-16 15:45:00,True,15:45:00,2023-10-16
3328,2023-10-16 16:00:00,True,16:00:00,2023-10-16
3329,2023-10-16 16:15:00,True,16:15:00,2023-10-16
3330,2023-10-16 16:30:00,True,16:30:00,2023-10-16
3331,2023-10-16 16:45:00,True,16:45:00,2023-10-16
3332,2023-10-16 17:00:00,True,17:00:00,2023-10-16
3333,2023-10-16 17:15:00,True,17:15:00,2023-10-16
3334,2023-10-16 17:30:00,True,17:30:00,2023-10-16
3335,2023-10-16 17:45:00,True,17:45:00,2023-10-16
3336,2023-10-16 18:00:00,True,18:00:00,2023-10-16
3337,2023-10-16 18:15:00,True,18:15:00,2023-10-16
3338,2023-10-16 18:30:00,True,18:30:00,2023-10-16
3339,2023-10-16 18:45:00,True,18:45:00,2023-10-16
3340,2023-10-16 19:00:00,True,19:00:00,2023-10-16
3341,2023-10-16 19:15:00,True,19:15:00,2023-10-16
3342,2023-10-16 19:30:00,True,19:30:00,2023-10-16
3343,2023-10-16 19:45:00,True,19:45:00,2023-10-16
3344,2023-10-16 20:00:00,True,20:00:00,2023-10-16
3345,2023-10-16 20:15:00,True,20:15:00,2023-10-16
3346,2023-10-16 20:30:00,True,20:30:00,2023-10-16
3347,2023-10-16 20:45:00,True,20:45:00,2023-10-16
3348,2023-10-16 21:00:00,True,21:00:00,2023-10-16
3349,2023-10-16 21:15:00,True,21:15:00,2023-10-16
3350,2023-10-16 21:30:00,True,21:30:00,2023-10-16
3351,2023-10-16 21:45:00,True,21:45:00,2023-10-16
3352,2023-10-16 22:00:00,True,22:00:00,2023-10-16
3353,2023-10-16 22:15:00,True,22:15:00,2023-10-16
3354,2023-10-16 22:30:00,True,22:30:00,2023-10-16
3355,2023-10-16 22:45:00,True,22:45:00,2023-10-16
3356,2023-10-16 23:00:00,True,23:00:00,2023-10-16
3357,2023-10-16 23:15:00,True,23:15:00,2023-10-16
3358,2023-10-16 23:30:00,True,23:30:00,2023-10-16
3359,2023-10-16 23:45:00,True,23:45:00,2023-10-16
3360,2023-10-17 00:00:00,True,00:00:00,2023-10-17
3361,2023-10-17 00:15:00,True,00:15:00,2023-10-17
3362,2023-10-17 00:30:00,True,00:30:00,2023-10-17
3363,2023-10-17 00:45:00,True,00:45:00,2023-10-17
3364,2023-10-17 01:00:00,True,01:00:00,2023-10-17
3365,2023-10-17 01:15:00,True,01:15:00,2023-10-17
3366,2023-10-17 01:30:00,True,01:30:00,2023-10-17
3367,2023-10-17 01:45:00,True,01:45:00,2023-10-17
3368,2023-10-17 02:00:00,True,02:00:00,2023-10-17
3369,2023-10-17 02:15:00,True,02:15:00,2023-10-17
3370,2023-10-17 02:30:00,True,02:30:00,2023-10-17
3371,2023-10-17 02:45:00,True,02:45:00,2023-10-17
3372,2023-10-17 03:00:00,True,03:00:00,2023-10-17
3373,2023-10-17 03:15:00,True,03:15:00,2023-10-17
3374,2023-10-17 03:30:00,True,03:30:00,2023-10-17
3375,2023-10-17 03:45:00,True,03:45:00,2023-10-17
3376,2023-10-17 04:00:00,True,04:00:00,2023-10-17
3377,2023-10-17 04:15:00,True,04:15:00,2023-10-17
3378,2023-10-17 04:30:00,True,04:30:00,2023-10-17
3379,2023-10-17 04:45:00,True,04:45:00,2023-10-17
3380,2023-10-17 05:00:00,True,05:00:00,2023-10-17
3381,2023-10-17 05:15:00,True,05:15:00,2023-10-17
3382,2023-10-17 05:30:00,True,05:30:00,2023-10-17
3383,2023-10-17 05:45:00,True,05:45:00,2023-10-17
3384,2023-10-17 06:00:00,True,06:00:00,2023-10-17
3385,2023-10-17 06:15:00,True,06:15:00,2023-10-17
3386,2023-10-17 06:30:00,True,06:30:00,2023-10-17
3387,2023-10-17 06:45:00,True,06:45:00,2023-10-17
3388,2023-10-17 07:00:00,True,07:00:00,2023-10-17
3389,2023-10-17 07:15:00,True,07:15:00,2023-10-17
3390,2023-10-17 07:30:00,True,07:30:00,2023-10-17
3391,2023-10-17 07:45:00,True,07:45:00,2023-10-17
3392,2023-10-17 08:00:00,True,08:00:00,2023-10-17
3393,2023-10-17 08:15:00,True,08:15:00,2023-10-17
3394,2023-10-17 08:30:00,True,08:30:00,2023-10-17
3395,2023-10-17 08:45:00,True,08:45:00,2023-10-17
3396,2023-10-17 09:00:00,True,09:00:00,2023-10-17
3397,2023-10-17 09:15:00,True,09:15:00,2023-10-17
3398,2023-10-17 09:30:00,True,09:30:00,2023-10-17
3399,2023-10-17 09:45:00,True,09:45:00,2023-10-17
3400,2023-10-17 10:00:00,True,10:00:00,2023-10-17
3401,2023-10-17 10:15:00,True,10:15:00,2023-10-17
3402,2023-10-17 10:30:00,True,10:30:00,2023-10-17
3403,2023-10-17 10:45:00,True,10:45:00,2023-10-17
3404,2023-10-17 11:00:00,True,11:00:00,2023-10-17
3405,2023-10-17 11:15:00,True,11:15:00,2023-10-17
3406,2023-10-17 11:30:00,True,11:30:00,2023-10-17
3407,2023-10-17 11:45:00,True,11:45:00,2023-10-17
3408,2023-10-17 12:00:00,True,12:00:00,2023-10-17
3409,2023-10-17 12:15:00,True,12:15:00,2023-10-17
3410,2023-10-17 12:30:00,True,12:30:00,2023-10-17
3411,2023-10-17 12:45:00,True,12:45:00,2023-10-17
3412,2023-10-17 13:00:00,True,13:00:00,2023-10-17
3413,2023-10-17 13:15:00,True,13:15:00,2023-10-17
3414,2023-10-17 13:30:00,True,13:30:00,2023-10-17
3415,2023-10-17 13:45:00,True,13:45:00,2023-10-17
3416,2023-10-17 14:00:00,True,14:00:00,2023-10-17
3417,2023-10-17 14:15:00,True,14:15:00,2023-10-17
3418,2023-10-17 14:30:00,True,14:30:00,2023-10-17
3419,2023-10-17 14:45:00,True,14:45:00,2023-10-17
3420,2023-10-17 15:00:00,True,15:00:00,2023-10-17
3421,2023-10-17 15:15:00,True,15:15:00,2023-10-17
3422,2023-10-17 15:30:00,True,15:30:00,2023-10-17
3423,2023-10-17 15:45:00,True,15:45:00,2023-10-17
3424,2023-10-17 16:00:00,True,16:00:00,2023-10-17
3425,2023-10-17 16:15:00,True,16:15:00,2023-10-17
3426,2023-10-17 16:30:00,True,16:30:00,2023-10-17
3427,2023-10-17 16:45:00,True,16:45:00,2023-10-17
3428,2023-10-17 17:00:00,True,17:00:00,2023-10-17
3429,2023-10-17 17:15:00,True,17:15:00,2023-10-17
3430,2023-10-17 17:30:00,True,17:30:00,2023-10-17
3431,2023-10-17 17:45:00,True,17:45:00,2023-10-17
3432,2023-10-17 18:00:00,True,18:00:00,2023-10-17
3433,2023-10-17 18:15:00,True,18:15:00,2023-10-17
3434,2023-10-17 18:30:00,True,18:30:00,2023-10-17
3435,2023-10-17 18:45:00,True,18:45:00,2023-10-17
3436,2023-10-17 19:00:00,True,19:00:00,2023-10-17
3437,2023-10-17 19:15:00,True,19:15:00,2023-10-17
3438,2023-10-17 19:30:00,True,19:30:00,2023-10-17
3439,2023-10-17 19:45:00,True,19:45:00,2023-10-17
3440,2023-10-17 20:00:00,True,20:00:00,2023-10-17
3441,2023-10-17 20:15:00,True,20:15:00,2023-10-17
3442,2023-10-17 20:30:00,True,20:30:00,2023-10-17
3443,2023-10-17 20:45:00,True,20:45:00,2023-10-17
3444,2023-10-17 21:00:00,False,21:00:00,2023-10-17
3445,2023-10-17 21:15:00,False,21:15:00,2023-10-17
3446,2023-10-17 21:30:00,False,21:30:00,2023-10-17
3447,2023-10-17 21:45:00,False,21:45:00,2023-10-17
3448,2023-10-17 22:00:00,False,22:00:00,2023-10-17
3449,2023-10-17 22:15:00,False,22:15:00,2023-10-17
3450,2023-10-17 22:30:00,False,22:30:00,2023-10-17
3451,2023-10-17 22:45:00,False,22:45:00,2023-10-17
3452,2023-10-17 23:00:00,False,23:00:00,2023-10-17
3453,2023-10-17 23:15:00,False,23:15:00,2023-10-17
3454,2023-10-17 23:30:00,False,23:30:00,2023-10-17
3455,2023-10-17 23:45:00,False,23:45:00,2023-10-17
3456,2023-10-18 00:00:00,False,00:00:00,2023-10-18
3457,2023-10-18 00:15:00,False,00:15:00,2023-10-18
3458,2023-10-18 00:30:00,False,00:30:00,2023-10-18
3459,2023-10-18 00:45:00,False,00:45:00,2023-10-18
3460,2023-10-18 01:00:00,False,01:00:00,2023-10-18
3461,2023-10-18 01:15:00,False,01:15:00,2023-10-18
3462,2023-10-18 01:30:00,False,01:30:00,2023-10-18
3463,2023-10-18 01:45:00,False,01:45:00,2023-10-18
3464,2023-10-18 02:00:00,False,02:00:00,2023-10-18
3465,2023-10-18 02:15:00,False,02:15:00,2023-10-18
3466,2023-10-18 02:30:00,False,02:30:00,2023-10-18
3467,2023-10-18 02:45:00,False,02:45:00,2023-10-18
3468,2023-10-18 03:00:00,False,03:00:00,2023-10-18
3469,2023-10-18 03:15:00,False,03:15:00,2023-10-18
3470,2023-10-18 03:30:00,False,03:30:00,2023-10-18
3471,2023-10-18 03:45:00,False,03:45:00,2023-10-18
3472,2023-10-18 04:00:00,False,04:00:00,2023-10-18
3473,2023-10-18 04:15:00,False,04:15:00,2023-10-18
3474,2023-10-18 04:30:00,False,04:30:00,2023-10-18
3475,2023-10-18 04:45:00,False,04:45:00,2023-10-18
3476,2023-10-18 05:00:00,False,05:00:00,2023-10-18
3477,2023-10-18 05:15:00,False,05:15:00,2023-10-18
3478,2023-10-18 05:30:00,False,05:30:00,2023-10-18
3479,2023-10-18 05:45:00,False,05:45:00,2023-10-18
3480,2023-10-18 06:00:00,False,06:00:00,2023-10-18
3481,2023-10-18 06:15:00,False,06:15:00,2023-10-18
3482,2023-10-18 06:30:00,False,06:30:00,2023-10-18
3483,2023-10-18 06:45:00,False,06:45:00,2023-10-18
3484,2023-10-18 07:00:00,False,07:00:00,2023-10-18
3485,2023-10-18 07:15:00,False,07:15:00,2023-10-18
3486,2023-10-18 07:30:00,False,07:30:00,2023-10-18
3487,2023-10-18 07:45:00,False,07:45:00,2023-10-18
3488,2023-10-18 08:00:00,False,08:00:00,2023-10-18
3489,2023-10-18 08:15:00,False,08:15:00,2023-10-18
3490,2023-10-18 08:30:00,False,08:30:00,2023-10-18
3491,2023-10-18 08:45:00,False,08:45:00,2023-10-18
3492,2023-10-18 09:00:00,False,09:00:00,2023-10-18
3493,2023-10-18 09:15:00,False,09:15:00,2023-10-18
3494,2023-10-18 09:30:00,False,09:30:00,2023-10-18
3495,2023-10-18 09:45:00,False,09:45:00,2023-10-18
3496,2023-10-18 10:00:00,False,10:00:00,2023-10-18
3497,2023-10-18 10:15:00,False,10:15:00,2023-10-18
3498,2023-10-18 10:30:00,False,10:30:00,2023-10-18
3499,2023-10-18 10:45:00,False,10:45:00,2023-10-18
3500,2023-10-18 11:00:00,False,11:00:00,2023-10-18
3501,2023-10-18 11:15:00,False,11:15:00,2023-10-18
3502,2023-10-18 11:30:00,False,11:30:00,2023-10-18
3503,2023-10-18 11:45:00,False,11:45:00,2023-10-18
3504,2023-10-18 12:00:00,False,12:00:00,2023-10-18
3505,2023-10-18 12:15:00,False,12:15:00,2023-10-18
3506,2023-10-18 12:30:00,False,12:30:00,2023-10-18
3507,2023-10-18 12:45:00,False,12:45:00,2023-10-18
3508,2023-10-18 13:00:00,False,13:00:00,2023-10-18
3509,2023-10-18 13:15:00,False,13:15:00,2023-10-18
3510,2023-10-18 13:30:00,False,13:30:00,2023-10-18
3511,2023-10-18 13:45:00,False,13:45:00,2023-10-18
3512,2023-10-18 14:00:00,False,14:00:00,2023-10-18
3513,2023-10-18 14:15:00,False,14:15:00,2023-10-18
3514,2023-10-18 14:30:00,False,14:30:00,2023-10-18
3515,2023-10-18 14:45:00,False,14:45:00,2023-10-18
3516,2023-10-18 15:00:00,False,15:00:00,2023-10-18
3517,2023-10-18 15:15:00,False,15:15:00,2023-10-18
3518,2023-10-18 15:30:00,False,15:30:00,2023-10-18
3519,2023-10-18 15:45:00,False,15:45:00,2023-10-18
3520,2023-10-18 16:00:00,False,16:00:00,2023-10-18
3521,2023-10-18 16:15:00,False,16:15:00,2023-10-18
3522,2023-10-18 16:30:00,False,16:30:00,2023-10-18
3523,2023-10-18 16:45:00,False,16:45:00,2023-10-18
3524,2023-10-18 17:00:00,False,17:00:00,2023-10-18
3525,2023-10-18 17:15:00,False,17:15:00,2023-10-18
3526,2023-10-18 17:30:00,False,17:30:00,2023-10-18
3527,2023-10-18 17:45:00,False,17:45:00,2023-10-18
3528,2023-10-18 18:00:00,False,18:00:00,2023-10-18
3529,2023-10-18 18:15:00,False,18:15:00,2023-10-18
3530,2023-10-18 18:30:00,False,18:30:00,2023-10-18
3531,2023-10-18 18:45:00,False,18:45:00,2023-10-18
3532,2023-10-18 19:00:00,False,19:00:00,2023-10-18
3533,2023-10-18 19:15:00,False,19:15:00,2023-10-18
3534,2023-10-18 19:30:00,False,19:30:00,2023-10-18
3535,2023-10-18 19:45:00,False,19:45:00,2023-10-18
3536,2023-10-18 20:00:00,False,20:00:00,2023-10-18
3537,2023-10-18 20:15:00,False,20:15:00,2023-10-18
3538,2023-10-18 20:30:00,False,20:30:00,2023-10-18
3539,2023-10-18 20:45:00,False,20:45:00,2023-10-18
3540,2023-10-18 21:00:00,False,21:00:00,2023-10-18
3541,2023-10-18 21:15:00,False,21:15:00,2023-10-18
3542,2023-10-18 21:30:00,False,21:30:00,2023-10-18
3543,2023-10-18 21:45:00,False,21:45:00,2023-10-18
3544,2023-10-18 22:00:00,False,22:00:00,2023-10-18
3545,2023-10-18 22:15:00,False,22:15:00,2023-10-18
3546,2023-10-18 22:30:00,False,22:30:00,2023-10-18
3547,2023-10-18 22:45:00,False,22:45:00,2023-10-18
3548,2023-10-18 23:00:00,False,23:00:00,2023-10-18
3549,2023-10-18 23:15:00,False,23:15:00,2023-10-18
3550,2023-10-18 23:30:00,False,23:30:00,2023-10-18
3551,2023-10-18 23:45:00,False,23:45:00,2023-10-18
3552,2023-10-19 00:00:00,False,00:00:00,2023-10-19
3553,2023-10-19 00:15:00,False,00:15:00,2023-10-19
3554,2023-10-19 00:30:00,False,00:30:00,2023-10-19
3555,2023-10-19 00:45:00,False,00:45:00,2023-10-19
3556,2023-10-19 01:00:00,False,01:00:00,2023-10-19
3557,2023-10-19 01:15:00,False,01:15:00,2023-10-19
3558,2023-10-19 01:30:00,False,01:30:00,2023-10-19
3559,2023-10-19 01:45:00,False,01:45:00,2023-10-19
3560,2023-10-19 02:00:00,False,02:00:00,2023-10-19
3561,2023-10-19 02:15:00,False,02:15:00,2023-10-19
3562,2023-10-19 02:30:00,False,02:30:00,2023-10-19
3563,2023-10-19 02:45:00,False,02:45:00,2023-10-19
3564,2023-10-19 03:00:00,False,03:00:00,2023-10-19
3565,2023-10-19 03:15:00,False,03:15:00,2023-10-19
3566,2023-10-19 03:30:00,False,03:30:00,2023-10-19
3567,2023-10-19 03:45:00,False,03:45:00,2023-10-19
3568,2023-10-19 04:00:00,False,04:00:00,2023-10-19
3569,2023-10-19 04:15:00,False,04:15:00,2023-10-19
3570,2023-10-19 04:30:00,False,04:30:00,2023-10-19
3571,2023-10-19 04:45:00,False,04:45:00,2023-10-19
3572,2023-10-19 05:00:00,False,05:00:00,2023-10-19
3573,2023-10-19 05:15:00,False,05:15:00,2023-10-19
3574,2023-10-19 05:30:00,False,05:30:00,2023-10-19
3575,2023-10-19 05:45:00,False,05:45:00,2023-10-19
3576,2023-10-19 06:00:00,False,06:00:00,2023-10-19
3577,2023-10-19 06:15:00,False,06:15:00,2023-10-19
3578,2023-10-19 06:30:00,False,06:30:00,2023-10-19
3579,2023-10-19 06:45:00,False,06:45:00,2023-10-19
3580,2023-10-19 07:00:00,False,07:00:00,2023-10-19
3581,2023-10-19 07:15:00,False,07:15:00,2023-10-19
3582,2023-10-19 07:30:00,False,07:30:00,2023-10-19
3583,2023-10-19 07:45:00,False,07:45:00,2023-10-19
3584,2023-10-19 08:00:00,False,08:00:00,2023-10-19
3585,2023-10-19 08:15:00,False,08:15:00,2023-10-19
3586,2023-10-19 08:30:00,False,08:30:00,2023-10-19
3587,2023-10-19 08:45:00,False,08:45:00,2023-10-19
3588,2023-10-19 09:00:00,False,09:00:00,2023-10-19
3589,2023-10-19 09:15:00,False,09:15:00,2023-10-19
3590,2023-10-19 09:30:00,False,09:30:00,2023-10-19
3591,2023-10-19 09:45:00,False,09:45:00,2023-10-19
3592,2023-10-19 10:00:00,False,10:00:00,2023-10-19
3593,2023-10-19 10:15:00,False,10:15:00,2023-10-19
3594,2023-10-19 10:30:00,False,10:30:00,2023-10-19
3595,2023-10-19 10:45:00,False,10:45:00,2023-10-19
3596,2023-10-19 11:00:00,False,11:00:00,2023-10-19
3597,2023-10-19 11:15:00,False,11:15:00,2023-10-19
3598,2023-10-19 11:30:00,False,11:30:00,2023-10-19
3599,2023-10-19 11:45:00,False,11:45:00,2023-10-19
3600,2023-10-19 12:00:00,False,12:00:00,2023-10-19
3601,2023-10-19 12:15:00,False,12:15:00,2023-10-19
3602,2023-10-19 12:30:00,False,12:30:00,2023-10-19
3603,2023-10-19 12:45:00,False,12:45:00,2023-10-19
3604,2023-10-19 13:00:00,False,13:00:00,2023-10-19
3605,2023-10-19 13:15:00,False,13:15:00,2023-10-19
3606,2023-10-19 13:30:00,False,13:30:00,2023-10-19
3607,2023-10-19 13:45:00,False,13:45:00,2023-10-19
3608,2023-10-19 14:00:00,False,14:00:00,2023-10-19
3609,2023-10-19 14:15:00,False,14:15:00,2023-10-19
3610,2023-10-19 14:30:00,False,14:30:00,2023-10-19
3611,2023-10-19 14:45:00,False,14:45:00,2023-10-19
3612,2023-10-19 15:00:00,False,15:00:00,2023-10-19
3613,2023-10-19 15:15:00,False,15:15:00,2023-10-19
3614,2023-10-19 15:30:00,False,15:30:00,2023-10-19
3615,2023-10-19 15:45:00,False,15:45:00,2023-10-19
3616,2023-10-19 16:00:00,False,16:00:00,2023-10-19
3617,2023-10-19 16:15:00,False,16:15:00,2023-10-19
3618,2023-10-19 16:30:00,False,16:30:00,2023-10-19
3619,2023-10-19 16:45:00,False,16:45:00,2023-10-19
3620,2023-10-19 17:00:00,False,17:00:00,2023-10-19
3621,2023-10-19 17:15:00,False,17:15:00,2023-10-19
3622,2023-10-19 17:30:00,False,17:30:00,2023-10-19
3623,2023-10-19 17:45:00,False,17:45:00,2023-10-19
3624,2023-10-19 18:00:00,False,18:00:00,2023-10-19
3625,2023-10-19 18:15:00,False,18:15:00,2023-10-19
3626,2023-10-19 18:30:00,False,18:30:00,2023-10-19
3627,2023-10-19 18:45:00,False,18:45:00,2023-10-19
3628,2023-10-19 19:00:00,False,19:00:00,2023-10-19
3629,2023-10-19 19:15:00,False,19:15:00,2023-10-19
3630,2023-10-19 19:30:00,False,19:30:00,2023-10-19
3631,2023-10-19 19:45:00,False,19:45:00,2023-10-19
3632,2023-10-19 20:00:00,False,20:00:00,2023-10-19
3633,2023-10-19 20:15:00,False,20:15:00,2023-10-19
3634,2023-10-19 20:30:00,False,20:30:00,2023-10-19
3635,2023-10-19 20:45:00,False,20:45:00,2023-10-19
3636,2023-10-19 21:00:00,False,21:00:00,2023-10-19
3637,2023-10-19 21:15:00,False,21:15:00,2023-10-19
3638,2023-10-19 21:30:00,False,21:30:00,2023-10-19
3639,2023-10-19 21:45:00,False,21:45:00,2023-10-19
3640,2023-10-19 22:00:00,False,22:00:00,2023-10-19
3641,2023-10-19 22:15:00,False,22:15:00,2023-10-19
3642,2023-10-19 22:30:00,False,22:30:00,2023-10-19
3643,2023-10-19 22:45:00,False,22:45:00,2023-10-19
3644,2023-10-19 23:00:00,False,23:00:00,2023-10-19
3645,2023-10-19 23:15:00,False,23:15:00,2023-10-19
3646,2023-10-19 23:30:00,False,23:30:00,2023-10-19
3647,2023-10-19 23:45:00,False,23:45:00,2023-10-19
3648,2023-10-20 00:00:00,False,00:00:00,2023-10-20
3649,2023-10-20 00:15:00,False,00:15:00,2023-10-20
3650,2023-10-20 00:30:00,False,00:30:00,2023-10-20
3651,2023-10-20 00:45:00,False,00:45:00,2023-10-20
3652,2023-10-20 01:00:00,False,01:00:00,2023-10-20
3653,2023-10-20 01:15:00,False,01:15:00,2023-10-20
3654,2023-10-20 01:30:00,False,01:30:00,2023-10-20
3655,2023-10-20 01:45:00,False,01:45:00,2023-10-20
3656,2023-10-20 02:00:00,False,02:00:00,2023-10-20
3657,2023-10-20 02:15:00,False,02:15:00,2023-10-20
3658,2023-10-20 02:30:00,False,02:30:00,2023-10-20
3659,2023-10-20 02:45:00,False,02:45:00,2023-10-20
3660,2023-10-20 03:00:00,False,03:00:00,2023-10-20
3661,2023-10-20 03:15:00,False,03:15:00,2023-10-20
3662,2023-10-20 03:30:00,False,03:30:00,2023-10-20
3663,2023-10-20 03:45:00,False,03:45:00,2023-10-20
3664,2023-10-20 04:00:00,False,04:00:00,2023-10-20
3665,2023-10-20 04:15:00,False,04:15:00,2023-10-20
3666,2023-10-20 04:30:00,False,04:30:00,2023-10-20
3667,2023-10-20 04:45:00,False,04:45:00,2023-10-20
3668,2023-10-20 05:00:00,False,05:00:00,2023-10-20
3669,2023-10-20 05:15:00,False,05:15:00,2023-10-20
3670,2023-10-20 05:30:00,False,05:30:00,2023-10-20
3671,2023-10-20 05:45:00,False,05:45:00,2023-10-20
3672,2023-10-20 06:00:00,False,06:00:00,2023-10-20
3673,2023-10-20 06:15:00,False,06:15:00,2023-10-20
3674,2023-10-20 06:30:00,False,06:30:00,2023-10-20
3675,2023-10-20 06:45:00,False,06:45:00,2023-10-20
3676,2023-10-20 07:00:00,False,07:00:00,2023-10-20
3677,2023-10-20 07:15:00,False,07:15:00,2023-10-20
3678,2023-10-20 07:30:00,False,07:30:00,2023-10-20
3679,2023-10-20 07:45:00,False,07:45:00,2023-10-20
3680,2023-10-20 08:00:00,False,08:00:00,2023-10-20
3681,2023-10-20 08:15:00,False,08:15:00,2023-10-20
3682,2023-10-20 08:30:00,False,08:30:00,2023-10-20
3683,2023-10-20 08:45:00,False,08:45:00,2023-10-20
3684,2023-10-20 09:00:00,False,09:00:00,2023-10-20
3685,2023-10-20 09:15:00,False,09:15:00,2023-10-20
3686,2023-10-20 09:30:00,False,09:30:00,2023-10-20
3687,2023-10-20 09:45:00,False,09:45:00,2023-10-20
3688,2023-10-20 10:00:00,False,10:00:00,2023-10-20
3689,2023-10-20 10:15:00,False,10:15:00,2023-10-20
3690,2023-10-20 10:30:00,False,10:30:00,2023-10-20
3691,2023-10-20 10:45:00,False,10:45:00,2023-10-20
3692,2023-10-20 11:00:00,False,11:00:00,2023-10-20
3693,2023-10-20 11:15:00,False,11:15:00,2023-10-20
3694,2023-10-20 11:30:00,False,11:30:00,2023-10-20
3695,2023-10-20 11:45:00,False,11:45:00,2023-10-20
3696,2023-10-20 12:00:00,False,12:00:00,2023-10-20
3697,2023-10-20 12:15:00,False,12:15:00,2023-10-20
3698,2023-10-20 12:30:00,False,12:30:00,2023-10-20
3699,2023-10-20 12:45:00,False,12:45:00,2023-10-20
3700,2023-10-20 13:00:00,False,13:00:00,2023-10-20
3701,2023-10-20 13:15:00,False,13:15:00,2023-10-20
3702,2023-10-20 13:30:00,False,13:30:00,2023-10-20
3703,2023-10-20 13:45:00,False,13:45:00,2023-10-20
3704,2023-10-20 14:00:00,False,14:00:00,2023-10-20
3705,2023-10-20 14:15:00,False,14:15:00,2023-10-20
3706,2023-10-20 14:30:00,False,14:30:00,2023-10-20
3707,2023-10-20 14:45:00,False,14:45:00,2023-10-20
3708,2023-10-20 15:00:00,False,15:00:00,2023-10-20
3709,2023-10-20 15:15:00,False,15:15:00,2023-10-20
3710,2023-10-20 15:30:00,False,15:30:00,2023-10-20
3711,2023-10-20 15:45:00,False,15:45:00,2023-10-20
3712,2023-10-20 16:00:00,False,16:00:00,2023-10-20
3713,2023-10-20 16:15:00,True,16:15:00,2023-10-20
3714,2023-10-20 16:30:00,True,16:30:00,2023-10-20
3715,2023-10-20 16:45:00,True,16:45:00,2023-10-20
3716,2023-10-20 17:00:00,True,17:00:00,2023-10-20
3717,2023-10-20 17:15:00,False,17:15:00,2023-10-20
3718,2023-10-20 17:30:00,False,17:30:00,2023-10-20
3719,2023-10-20 17:45:00,False,17:45:00,2023-10-20
3720,2023-10-20 18:00:00,False,18:00:00,2023-10-20
3721,2023-10-20 18:15:00,False,18:15:00,2023-10-20
3722,2023-10-20 18:30:00,False,18:30:00,2023-10-20
3723,2023-10-20 18:45:00,False,18:45:00,2023-10-20
3724,2023-10-20 19:00:00,False,19:00:00,2023-10-20
3725,2023-10-20 19:15:00,False,19:15:00,2023-10-20
3726,2023-10-20 19:30:00,False,19:30:00,2023-10-20
3727,2023-10-20 19:45:00,False,19:45:00,2023-10-20
3728,2023-10-20 20:00:00,False,20:00:00,2023-10-20
3729,2023-10-20 20:15:00,False,20:15:00,2023-10-20
3730,2023-10-20 20:30:00,False,20:30:00,2023-10-20
3731,2023-10-20 20:45:00,False,20:45:00,2023-10-20
3732,2023-10-20 21:00:00,False,21:00:00,2023-10-20
3733,2023-10-20 21:15:00,False,21:15:00,2023-10-20
3734,2023-10-20 21:30:00,False,21:30:00,2023-10-20
3735,2023-10-20 21:45:00,False,21:45:00,2023-10-20
3736,2023-10-20 22:00:00,False,22:00:00,2023-10-20
3737,2023-10-20 22:15:00,False,22:15:00,2023-10-20
3738,2023-10-20 22:30:00,False,22:30:00,2023-10-20
3739,2023-10-20 22:45:00,False,22:45:00,2023-10-20
3740,2023-10-20 23:00:00,False,23:00:00,2023-10-20
3741,2023-10-20 23:15:00,False,23:15:00,2023-10-20
3742,2023-10-20 23:30:00,False,23:30:00,2023-10-20
3743,2023-10-20 23:45:00,False,23:45:00,2023-10-20
3744,2023-10-21 00:00:00,False,00:00:00,2023-10-21
3745,2023-10-21 00:15:00,False,00:15:00,2023-10-21
3746,2023-10-21 00:30:00,False,00:30:00,2023-10-21
3747,2023-10-21 00:45:00,False,00:45:00,2023-10-21
3748,2023-10-21 01:00:00,False,01:00:00,2023-10-21
3749,2023-10-21 01:15:00,False,01:15:00,2023-10-21
3750,2023-10-21 01:30:00,False,01:30:00,2023-10-21
3751,2023-10-21 01:45:00,False,01:45:00,2023-10-21
3752,2023-10-21 02:00:00,False,02:00:00,2023-10-21
3753,2023-10-21 02:15:00,False,02:15:00,2023-10-21
3754,2023-10-21 02:30:00,False,02:30:00,2023-10-21
3755,2023-10-21 02:45:00,False,02:45:00,2023-10-21
3756,2023-10-21 03:00:00,False,03:00:00,2023-10-21
3757,2023-10-21 03:15:00,False,03:15:00,2023-10-21
3758,2023-10-21 03:30:00,False,03:30:00,2023-10-21
3759,2023-10-21 03:45:00,False,03:45:00,2023-10-21
3760,2023-10-21 04:00:00,False,04:00:00,2023-10-21
3761,2023-10-21 04:15:00,False,04:15:00,2023-10-21
3762,2023-10-21 04:30:00,False,04:30:00,2023-10-21
3763,2023-10-21 04:45:00,False,04:45:00,2023-10-21
3764,2023-10-21 05:00:00,False,05:00:00,2023-10-21
3765,2023-10-21 05:15:00,False,05:15:00,2023-10-21
3766,2023-10-21 05:30:00,False,05:30:00,2023-10-21
3767,2023-10-21 05:45:00,False,05:45:00,2023-10-21
3768,2023-10-21 06:00:00,False,06:00:00,2023-10-21
3769,2023-10-21 06:15:00,False,06:15:00,2023-10-21
3770,2023-10-21 06:30:00,False,06:30:00,2023-10-21
3771,2023-10-21 06:45:00,False,06:45:00,2023-10-21
3772,2023-10-21 07:00:00,False,07:00:00,2023-10-21
3773,2023-10-21 07:15:00,False,07:15:00,2023-10-21
3774,2023-10-21 07:30:00,False,07:30:00,2023-10-21
3775,2023-10-21 07:45:00,False,07:45:00,2023-10-21
3776,2023-10-21 08:00:00,False,08:00:00,2023-10-21
3777,2023-10-21 08:15:00,False,08:15:00,2023-10-21
3778,2023-10-21 08:30:00,False,08:30:00,2023-10-21
3779,2023-10-21 08:45:00,False,08:45:00,2023-10-21
3780,2023-10-21 09:00:00,False,09:00:00,2023-10-21
3781,2023-10-21 09:15:00,False,09:15:00,2023-10-21
3782,2023-10-21 09:30:00,False,09:30:00,2023-10-21
3783,2023-10-21 09:45:00,False,09:45:00,2023-10-21
3784,2023-10-21 10:00:00,False,10:00:00,2023-10-21
3785,2023-10-21 10:15:00,False,10:15:00,2023-10-21
3786,2023-10-21 10:30:00,False,10:30:00,2023-10-21
3787,2023-10-21 10:45:00,False,10:45:00,2023-10-21
3788,2023-10-21 11:00:00,False,11:00:00,2023-10-21
3789,2023-10-21 11:15:00,False,11:15:00,2023-10-21
3790,2023-10-21 11:30:00,False,11:30:00,2023-10-21
3791,2023-10-21 11:45:00,False,11:45:00,2023-10-21
3792,2023-10-21 12:00:00,False,12:00:00,2023-10-21
3793,2023-10-21 12:15:00,False,12:15:00,2023-10-21
3794,2023-10-21 12:30:00,False,12:30:00,2023-10-21
3795,2023-10-21 12:45:00,False,12:45:00,2023-10-21
3796,2023-10-21 13:00:00,False,13:00:00,2023-10-21
3797,2023-10-21 13:15:00,False,13:15:00,2023-10-21
3798,2023-10-21 13:30:00,False,13:30:00,2023-10-21
3799,2023-10-21 13:45:00,False,13:45:00,2023-10-21
3800,2023-10-21 14:00:00,False,14:00:00,2023-10-21
3801,2023-10-21 14:15:00,False,14:15:00,2023-10-21
3802,2023-10-21 14:30:00,False,14:30:00,2023-10-21
3803,2023-10-21 14:45:00,False,14:45:00,2023-10-21
3804,2023-10-21 15:00:00,False,15:00:00,2023-10-21
3805,2023-10-21 15:15:00,False,15:15:00,2023-10-21
3806,2023-10-21 15:30:00,False,15:30:00,2023-10-21
3807,2023-10-21 15:45:00,False,15:45:00,2023-10-21
3808,2023-10-21 16:00:00,False,16:00:00,2023-10-21
3809,2023-10-21 16:15:00,False,16:15:00,2023-10-21
3810,2023-10-21 16:30:00,False,16:30:00,2023-10-21
3811,2023-10-21 16:45:00,False,16:45:00,2023-10-21
3812,2023-10-21 17:00:00,False,17:00:00,2023-10-21
3813,2023-10-21 17:15:00,False,17:15:00,2023-10-21
3814,2023-10-21 17:30:00,False,17:30:00,2023-10-21
3815,2023-10-21 17:45:00,False,17:45:00,2023-10-21
3816,2023-10-21 18:00:00,False,18:00:00,2023-10-21
3817,2023-10-21 18:15:00,False,18:15:00,2023-10-21
3818,2023-10-21 18:30:00,False,18:30:00,2023-10-21
3819,2023-10-21 18:45:00,False,18:45:00,2023-10-21
3820,2023-10-21 19:00:00,False,19:00:00,2023-10-21
3821,2023-10-21 19:15:00,False,19:15:00,2023-10-21
3822,2023-10-21 19:30:00,False,19:30:00,2023-10-21
3823,2023-10-21 19:45:00,False,19:45:00,2023-10-21
3824,2023-10-21 20:00:00,False,20:00:00,2023-10-21
3825,2023-10-21 20:15:00,False,20:15:00,2023-10-21
3826,2023-10-21 20:30:00,False,20:30:00,2023-10-21
3827,2023-10-21 20:45:00,False,20:45:00,2023-10-21
3828,2023-10-21 21:00:00,False,21:00:00,2023-10-21
3829,2023-10-21 21:15:00,False,21:15:00,2023-10-21
3830,2023-10-21 21:30:00,False,21:30:00,2023-10-21
3831,2023-10-21 21:45:00,False,21:45:00,2023-10-21
3832,2023-10-21 22:00:00,False,22:00:00,2023-10-21
3833,2023-10-21 22:15:00,False,22:15:00,2023-10-21
3834,2023-10-21 22:30:00,False,22:30:00,2023-10-21
3835,2023-10-21 22:45:00,False,22:45:00,2023-10-21
3836,2023-10-21 23:00:00,False,23:00:00,2023-10-21
3837,2023-10-21 23:15:00,False,23:15:00,2023-10-21
3838,2023-10-21 23:30:00,False,23:30:00,2023-10-21
3839,2023-10-21 23:45:00,False,23:45:00,2023-10-21
3840,2023-10-22 00:00:00,False,00:00:00,2023-10-22
3841,2023-10-22 00:15:00,False,00:15:00,2023-10-22
3842,2023-10-22 00:30:00,False,00:30:00,2023-10-22
3843,2023-10-22 00:45:00,False,00:45:00,2023-10-22
3844,2023-10-22 01:00:00,False,01:00:00,2023-10-22
3845,2023-10-22 01:15:00,False,01:15:00,2023-10-22
3846,2023-10-22 01:30:00,False,01:30:00,2023-10-22
3847,2023-10-22 01:45:00,False,01:45:00,2023-10-22
3848,2023-10-22 02:00:00,False,02:00:00,2023-10-22
3849,2023-10-22 02:15:00,False,02:15:00,2023-10-22
3850,2023-10-22 02:30:00,False,02:30:00,2023-10-22
3851,2023-10-22 02:45:00,False,02:45:00,2023-10-22
3852,2023-10-22 03:00:00,False,03:00:00,2023-10-22
3853,2023-10-22 03:15:00,False,03:15:00,2023-10-22
3854,2023-10-22 03:30:00,False,03:30:00,2023-10-22
3855,2023-10-22 03:45:00,False,03:45:00,2023-10-22
3856,2023-10-22 04:00:00,False,04:00:00,2023-10-22
3857,2023-10-22 04:15:00,False,04:15:00,2023-10-22
3858,2023-10-22 04:30:00,False,04:30:00,2023-10-22
3859,2023-10-22 04:45:00,False,04:45:00,2023-10-22
3860,2023-10-22 05:00:00,False,05:00:00,2023-10-22
3861,2023-10-22 05:15:00,False,05:15:00,2023-10-22
3862,2023-10-22 05:30:00,False,05:30:00,2023-10-22
3863,2023-10-22 05:45:00,False,05:45:00,2023-10-22
3864,2023-10-22 06:00:00,False,06:00:00,2023-10-22
3865,2023-10-22 06:15:00,False,06:15:00,2023-10-22
3866,2023-10-22 06:30:00,False,06:30:00,2023-10-22
3867,2023-10-22 06:45:00,False,06:45:00,2023-10-22
3868,2023-10-22 07:00:00,False,07:00:00,2023-10-22
3869,2023-10-22 07:15:00,False,07:15:00,2023-10-22
3870,2023-10-22 07:30:00,False,07:30:00,2023-10-22
3871,2023-10-22 07:45:00,False,07:45:00,2023-10-22
3872,2023-10-22 08:00:00,False,08:00:00,2023-10-22
3873,2023-10-22 08:15:00,False,08:15:00,2023-10-22
3874,2023-10-22 08:30:00,False,08:30:00,2023-10-22
3875,2023-10-22 08:45:00,False,08:45:00,2023-10-22
3876,2023-10-22 09:00:00,False,09:00:00,2023-10-22
3877,2023-10-22 09:15:00,False,09:15:00,2023-10-22
3878,2023-10-22 09:30:00,False,09:30:00,2023-10-22
3879,2023-10-22 09:45:00,False,09:45:00,2023-10-22
3880,2023-10-22 10:00:00,False,10:00:00,2023-10-22
3881,2023-10-22 10:15:00,False,10:15:00,2023-10-22
3882,2023-10-22 10:30:00,False,10:30:00,2023-10-22
3883,2023-10-22 10:45:00,False,10:45:00,2023-10-22
3884,2023-10-22 11:00:00,False,11:00:00,2023-10-22
3885,2023-10-22 11:15:00,False,11:15:00,2023-10-22
3886,2023-10-22 11:30:00,False,11:30:00,2023-10-22
3887,2023-10-22 11:45:00,False,11:45:00,2023-10-22
3888,2023-10-22 12:00:00,False,12:00:00,2023-10-22
3889,2023-10-22 12:15:00,False,12:15:00,2023-10-22
3890,2023-10-22 12:30:00,False,12:30:00,2023-10-22
3891,2023-10-22 12:45:00,False,12:45:00,2023-10-22
3892,2023-10-22 13:00:00,False,13:00:00,2023-10-22
3893,2023-10-22 13:15:00,False,13:15:00,2023-10-22
3894,2023-10-22 13:30:00,False,13:30:00,2023-10-22
3895,2023-10-22 13:45:00,False,13:45:00,2023-10-22
3896,2023-10-22 14:00:00,False,14:00:00,2023-10-22
3897,2023-10-22 14:15:00,False,14:15:00,2023-10-22
3898,2023-10-22 14:30:00,False,14:30:00,2023-10-22
3899,2023-10-22 14:45:00,False,14:45:00,2023-10-22
3900,2023-10-22 15:00:00,False,15:00:00,2023-10-22
3901,2023-10-22 15:15:00,False,15:15:00,2023-10-22
3902,2023-10-22 15:30:00,False,15:30:00,2023-10-22
3903,2023-10-22 15:45:00,False,15:45:00,2023-10-22
3904,2023-10-22 16:00:00,False,16:00:00,2023-10-22
3905,2023-10-22 16:15:00,False,16:15:00,2023-10-22
3906,2023-10-22 16:30:00,False,16:30:00,2023-10-22
3907,2023-10-22 16:45:00,False,16:45:00,2023-10-22
3908,2023-10-22 17:00:00,False,17:00:00,2023-10-22
3909,2023-10-22 17:15:00,False,17:15:00,2023-10-22
3910,2023-10-22 17:30:00,False,17:30:00,2023-10-22
3911,2023-10-22 17:45:00,False,17:45:00,2023-10-22
3912,2023-10-22 18:00:00,False,18:00:00,2023-10-22
3913,2023-10-22 18:15:00,False,18:15:00,2023-10-22
3914,2023-10-22 18:30:00,False,18:30:00,2023-10-22
3915,2023-10-22 18:45:00,False,18:45:00,2023-10-22
3916,2023-10-22 19:00:00,False,19:00:00,2023-10-22
3917,2023-10-22 19:15:00,False,19:15:00,2023-10-22
3918,2023-10-22 19:30:00,False,19:30:00,2023-10-22
3919,2023-10-22 19:45:00,False,19:45:00,2023-10-22
3920,2023-10-22 20:00:00,False,20:00:00,2023-10-22
3921,2023-10-22 20:15:00,False,20:15:00,2023-10-22
3922,2023-10-22 20:30:00,False,20:30:00,2023-10-22
3923,2023-10-22 20:45:00,False,20:45:00,2023-10-22
3924,2023-10-22 21:00:00,False,21:00:00,2023-10-22
3925,2023-10-22 21:15:00,False,21:15:00,2023-10-22
3926,2023-10-22 21:30:00,False,21:30:00,2023-10-22
3927,2023-10-22 21:45:00,False,21:45:00,2023-10-22
3928,2023-10-22 22:00:00,False,22:00:00,2023-10-22
3929,2023-10-22 22:15:00,False,22:15:00,2023-10-22
3930,2023-10-22 22:30:00,False,22:30:00,2023-10-22
3931,2023-10-22 22:45:00,False,22:45:00,2023-10-22
3932,2023-10-22 23:00:00,False,23:00:00,2023-10-22
3933,2023-10-22 23:15:00,False,23:15:00,2023-10-22
3934,2023-10-22 23:30:00,False,23:30:00,2023-10-22
3935,2023-10-22 23:45:00,False,23:45:00,2023-10-22
3936,2023-10-23 00:00:00,False,00:00:00,2023-10-23
3937,2023-10-23 00:15:00,False,00:15:00,2023-10-23
3938,2023-10-23 00:30:00,False,00:30:00,2023-10-23
3939,2023-10-23 00:45:00,False,00:45:00,2023-10-23
3940,2023-10-23 01:00:00,False,01:00:00,2023-10-23
3941,2023-10-23 01:15:00,False,01:15:00,2023-10-23
3942,2023-10-23 01:30:00,False,01:30:00,2023-10-23
3943,2023-10-23 01:45:00,False,01:45:00,2023-10-23
3944,2023-10-23 02:00:00,False,02:00:00,2023-10-23
3945,2023-10-23 02:15:00,False,02:15:00,2023-10-23
3946,2023-10-23 02:30:00,False,02:30:00,2023-10-23
3947,2023-10-23 02:45:00,False,02:45:00,2023-10-23
3948,2023-10-23 03:00:00,False,03:00:00,2023-10-23
3949,2023-10-23 03:15:00,False,03:15:00,2023-10-23
3950,2023-10-23 03:30:00,False,03:30:00,2023-10-23
3951,2023-10-23 03:45:00,False,03:45:00,2023-10-23
3952,2023-10-23 04:00:00,False,04:00:00,2023-10-23
3953,2023-10-23 04:15:00,False,04:15:00,2023-10-23
3954,2023-10-23 04:30:00,False,04:30:00,2023-10-23
3955,2023-10-23 04:45:00,False,04:45:00,2023-10-23
3956,2023-10-23 05:00:00,False,05:00:00,2023-10-23
3957,2023-10-23 05:15:00,False,05:15:00,2023-10-23
3958,2023-10-23 05:30:00,False,05:30:00,2023-10-23
3959,2023-10-23 05:45:00,False,05:45:00,2023-10-23
3960,2023-10-23 06:00:00,False,06:00:00,2023-10-23
3961,2023-10-23 06:15:00,False,06:15:00,2023-10-23
3962,2023-10-23 06:30:00,False,06:30:00,2023-10-23
3963,2023-10-23 06:45:00,False,06:45:00,2023-10-23
3964,2023-10-23 07:00:00,False,07:00:00,2023-10-23
3965,2023-10-23 07:15:00,False,07:15:00,2023-10-23
3966,2023-10-23 07:30:00,False,07:30:00,2023-10-23
3967,2023-10-23 07:45:00,False,07:45:00,2023-10-23
3968,2023-10-23 08:00:00,False,08:00:00,2023-10-23
3969,2023-10-23 08:15:00,False,08:15:00,2023-10-23
3970,2023-10-23 08:30:00,False,08:30:00,2023-10-23
3971,2023-10-23 08:45:00,False,08:45:00,2023-10-23
3972,2023-10-23 09:00:00,False,09:00:00,2023-10-23
3973,2023-10-23 09:15:00,False,09:15:00,2023-10-23
3974,2023-10-23 09:30:00,False,09:30:00,2023-10-23
3975,2023-10-23 09:45:00,False,09:45:00,2023-10-23
3976,2023-10-23 10:00:00,False,10:00:00,2023-10-23
3977,2023-10-23 10:15:00,False,10:15:00,2023-10-23
3978,2023-10-23 10:30:00,False,10:30:00,2023-10-23
3979,2023-10-23 10:45:00,False,10:45:00,2023-10-23
3980,2023-10-23 11:00:00,False,11:00:00,2023-10-23
3981,2023-10-23 11:15:00,False,11:15:00,2023-10-23
3982,2023-10-23 11:30:00,False,11:30:00,2023-10-23
3983,2023-10-23 11:45:00,False,11:45:00,2023-10-23
3984,2023-10-23 12:00:00,False,12:00:00,2023-10-23
3985,2023-10-23 12:15:00,False,12:15:00,2023-10-23
3986,2023-10-23 12:30:00,False,12:30:00,2023-10-23
3987,2023-10-23 12:45:00,False,12:45:00,2023-10-23
3988,2023-10-23 13:00:00,False,13:00:00,2023-10-23
3989,2023-10-23 13:15:00,False,13:15:00,2023-10-23
3990,2023-10-23 13:30:00,False,13:30:00,2023-10-23
3991,2023-10-23 13:45:00,False,13:45:00,2023-10-23
3992,2023-10-23 14:00:00,False,14:00:00,2023-10-23
3993,2023-10-23 14:15:00,False,14:15:00,2023-10-23
3994,2023-10-23 14:30:00,False,14:30:00,2023-10-23
3995,2023-10-23 14:45:00,False,14:45:00,2023-10-23
3996,2023-10-23 15:00:00,False,15:00:00,2023-10-23
3997,2023-10-23 15:15:00,False,15:15:00,2023-10-23
3998,2023-10-23 15:30:00,False,15:30:00,2023-10-23
3999,2023-10-23 15:45:00,False,15:45:00,2023-10-23
4000,2023-10-23 16:00:00,False,16:00:00,2023-10-23
4001,2023-10-23 16:15:00,False,16:15:00,2023-10-23
4002,2023-10-23 16:30:00,False,16:30:00,2023-10-23
4003,2023-10-23 16:45:00,False,16:45:00,2023-10-23
4004,2023-10-23 17:00:00,False,17:00:00,2023-10-23
4005,2023-10-23 17:15:00,False,17:15:00,2023-10-23
4006,2023-10-23 17:30:00,False,17:30:00,2023-10-23
4007,2023-10-23 17:45:00,False,17:45:00,2023-10-23
4008,2023-10-23 18:00:00,False,18:00:00,2023-10-23
4009,2023-10-23 18:15:00,False,18:15:00,2023-10-23
4010,2023-10-23 18:30:00,False,18:30:00,2023-10-23
4011,2023-10-23 18:45:00,False,18:45:00,2023-10-23
4012,2023-10-23 19:00:00,False,19:00:00,2023-10-23
4013,2023-10-23 19:15:00,False,19:15:00,2023-10-23
4014,2023-10-23 19:30:00,False,19:30:00,2023-10-23
4015,2023-10-23 19:45:00,False,19:45:00,2023-10-23
4016,2023-10-23 20:00:00,False,20:00:00,2023-10-23
4017,2023-10-23 20:15:00,False,20:15:00,2023-10-23
4018,2023-10-23 20:30:00,False,20:30:00,2023-10-23
4019,2023-10-23 20:45:00,False,20:45:00,2023-10-23
4020,2023-10-23 21:00:00,False,21:00:00,2023-10-23
4021,2023-10-23 21:15:00,False,21:15:00,2023-10-23
4022,2023-10-23 21:30:00,False,21:30:00,2023-10-23
4023,2023-10-23 21:45:00,False,21:45:00,2023-10-23
4024,2023-10-23 22:00:00,False,22:00:00,2023-10-23
4025,2023-10-23 22:15:00,False,22:15:00,2023-10-23
4026,2023-10-23 22:30:00,False,22:30:00,2023-10-23
4027,2023-10-23 22:45:00,False,22:45:00,2023-10-23
4028,2023-10-23 23:00:00,False,23:00:00,2023-10-23
4029,2023-10-23 23:15:00,False,23:15:00,2023-10-23
4030,2023-10-23 23:30:00,False,23:30:00,2023-10-23
4031,2023-10-23 23:45:00,False,23:45:00,2023-10-23
4032,2023-10-24 00:00:00,False,00:00:00,2023-10-24
4033,2023-10-24 00:15:00,False,00:15:00,2023-10-24
4034,2023-10-24 00:30:00,False,00:30:00,2023-10-24
4035,2023-10-24 00:45:00,False,00:45:00,2023-10-24
4036,2023-10-24 01:00:00,False,01:00:00,2023-10-24
4037,2023-10-24 01:15:00,False,01:15:00,2023-10-24
4038,2023-10-24 01:30:00,False,01:30:00,2023-10-24
4039,2023-10-24 01:45:00,False,01:45:00,2023-10-24
4040,2023-10-24 02:00:00,False,02:00:00,2023-10-24
4041,2023-10-24 02:15:00,False,02:15:00,2023-10-24
4042,2023-10-24 02:30:00,False,02:30:00,2023-10-24
4043,2023-10-24 02:45:00,False,02:45:00,2023-10-24
4044,2023-10-24 03:00:00,False,03:00:00,2023-10-24
4045,2023-10-24 03:15:00,False,03:15:00,2023-10-24
4046,2023-10-24 03:30:00,False,03:30:00,2023-10-24
4047,2023-10-24 03:45:00,False,03:45:00,2023-10-24
4048,2023-10-24 04:00:00,False,04:00:00,2023-10-24
4049,2023-10-24 04:15:00,False,04:15:00,2023-10-24
4050,2023-10-24 04:30:00,False,04:30:00,2023-10-24
4051,2023-10-24 04:45:00,False,04:45:00,2023-10-24
4052,2023-10-24 05:00:00,False,05:00:00,2023-10-24
4053,2023-10-24 05:15:00,False,05:15:00,2023-10-24
4054,2023-10-24 05:30:00,False,05:30:00,2023-10-24
4055,2023-10-24 05:45:00,False,05:45:00,2023-10-24
4056,2023-10-24 06:00:00,False,06:00:00,2023-10-24
4057,2023-10-24 06:15:00,False,06:15:00,2023-10-24
4058,2023-10-24 06:30:00,False,06:30:00,2023-10-24
4059,2023-10-24 06:45:00,False,06:45:00,2023-10-24
4060,2023-10-24 07:00:00,False,07:00:00,2023-10-24
4061,2023-10-24 07:15:00,False,07:15:00,2023-10-24
4062,2023-10-24 07:30:00,False,07:30:00,2023-10-24
4063,2023-10-24 07:45:00,False,07:45:00,2023-10-24
4064,2023-10-24 08:00:00,False,08:00:00,2023-10-24
4065,2023-10-24 08:15:00,False,08:15:00,2023-10-24
4066,2023-10-24 08:30:00,False,08:30:00,2023-10-24
4067,2023-10-24 08:45:00,False,08:45:00,2023-10-24
4068,2023-10-24 09:00:00,False,09:00:00,2023-10-24
4069,2023-10-24 09:15:00,False,09:15:00,2023-10-24
4070,2023-10-24 09:30:00,False,09:30:00,2023-10-24
4071,2023-10-24 09:45:00,False,09:45:00,2023-10-24
4072,2023-10-24 10:00:00,False,10:00:00,2023-10-24
4073,2023-10-24 10:15:00,False,10:15:00,2023-10-24
4074,2023-10-24 10:30:00,False,10:30:00,2023-10-24
4075,2023-10-24 10:45:00,False,10:45:00,2023-10-24
4076,2023-10-24 11:00:00,False,11:00:00,2023-10-24
4077,2023-10-24 11:15:00,False,11:15:00,2023-10-24
4078,2023-10-24 11:30:00,False,11:30:00,2023-10-24
4079,2023-10-24 11:45:00,False,11:45:00,2023-10-24
4080,2023-10-24 12:00:00,False,12:00:00,2023-10-24
4081,2023-10-24 12:15:00,False,12:15:00,2023-10-24
4082,2023-10-24 12:30:00,False,12:30:00,2023-10-24
4083,2023-10-24 12:45:00,False,12:45:00,2023-10-24
4084,2023-10-24 13:00:00,False,13:00:00,2023-10-24
4085,2023-10-24 13:15:00,False,13:15:00,2023-10-24
4086,2023-10-24 13:30:00,False,13:30:00,2023-10-24
4087,2023-10-24 13:45:00,False,13:45:00,2023-10-24
4088,2023-10-24 14:00:00,False,14:00:00,2023-10-24
4089,2023-10-24 14:15:00,False,14:15:00,2023-10-24
4090,2023-10-24 14:30:00,False,14:30:00,2023-10-24
4091,2023-10-24 14:45:00,False,14:45:00,2023-10-24
4092,2023-10-24 15:00:00,False,15:00:00,2023-10-24
4093,2023-10-24 15:15:00,False,15:15:00,2023-10-24
4094,2023-10-24 15:30:00,False,15:30:00,2023-10-24
4095,2023-10-24 15:45:00,False,15:45:00,2023-10-24
4096,2023-10-24 16:00:00,False,16:00:00,2023-10-24
4097,2023-10-24 16:15:00,False,16:15:00,2023-10-24
4098,2023-10-24 16:30:00,False,16:30:00,2023-10-24
4099,2023-10-24 16:45:00,False,16:45:00,2023-10-24
4100,2023-10-24 17:00:00,False,17:00:00,2023-10-24
4101,2023-10-24 17:15:00,False,17:15:00,2023-10-24
4102,2023-10-24 17:30:00,False,17:30:00,2023-10-24
4103,2023-10-24 17:45:00,False,17:45:00,2023-10-24
4104,2023-10-24 18:00:00,False,18:00:00,2023-10-24
4105,2023-10-24 18:15:00,False,18:15:00,2023-10-24
4106,2023-10-24 18:30:00,False,18:30:00,2023-10-24
4107,2023-10-24 18:45:00,False,18:45:00,2023-10-24
4108,2023-10-24 19:00:00,False,19:00:00,2023-10-24
4109,2023-10-24 19:15:00,False,19:15:00,2023-10-24
4110,2023-10-24 19:30:00,False,19:30:00,2023-10-24
4111,2023-10-24 19:45:00,False,19:45:00,2023-10-24
4112,2023-10-24 20:00:00,False,20:00:00,2023-10-24
4113,2023-10-24 20:15:00,False,20:15:00,2023-10-24
4114,2023-10-24 20:30:00,False,20:30:00,2023-10-24
4115,2023-10-24 20:45:00,False,20:45:00,2023-10-24
4116,2023-10-24 21:00:00,False,21:00:00,2023-10-24
4117,2023-10-24 21:15:00,False,21:15:00,2023-10-24
4118,2023-10-24 21:30:00,False,21:30:00,2023-10-24
4119,2023-10-24 21:45:00,False,21:45:00,2023-10-24
4120,2023-10-24 22:00:00,False,22:00:00,2023-10-24
4121,2023-10-24 22:15:00,False,22:15:00,2023-10-24
4122,2023-10-24 22:30:00,False,22:30:00,2023-10-24
4123,2023-10-24 22:45:00,False,22:45:00,2023-10-24
4124,2023-10-24 23:00:00,False,23:00:00,2023-10-24
4125,2023-10-24 23:15:00,False,23:15:00,2023-10-24
4126,2023-10-24 23:30:00,False,23:30:00,2023-10-24
4127,2023-10-24 23:45:00,False,23:45:00,2023-10-24
4128,2023-10-25 00:00:00,False,00:00:00,2023-10-25
4129,2023-10-25 00:15:00,False,00:15:00,2023-10-25
4130,2023-10-25 00:30:00,False,00:30:00,2023-10-25
4131,2023-10-25 00:45:00,False,00:45:00,2023-10-25
4132,2023-10-25 01:00:00,False,01:00:00,2023-10-25
4133,2023-10-25 01:15:00,False,01:15:00,2023-10-25
4134,2023-10-25 01:30:00,False,01:30:00,2023-10-25
4135,2023-10-25 01:45:00,False,01:45:00,2023-10-25
4136,2023-10-25 02:00:00,False,02:00:00,2023-10-25
4137,2023-10-25 02:15:00,False,02:15:00,2023-10-25
4138,2023-10-25 02:30:00,False,02:30:00,2023-10-25
4139,2023-10-25 02:45:00,False,02:45:00,2023-10-25
4140,2023-10-25 03:00:00,False,03:00:00,2023-10-25
4141,2023-10-25 03:15:00,False,03:15:00,2023-10-25
4142,2023-10-25 03:30:00,False,03:30:00,2023-10-25
4143,2023-10-25 03:45:00,False,03:45:00,2023-10-25
4144,2023-10-25 04:00:00,False,04:00:00,2023-10-25
4145,2023-10-25 04:15:00,False,04:15:00,2023-10-25
4146,2023-10-25 04:30:00,False,04:30:00,2023-10-25
4147,2023-10-25 04:45:00,False,04:45:00,2023-10-25
4148,2023-10-25 05:00:00,False,05:00:00,2023-10-25
4149,2023-10-25 05:15:00,False,05:15:00,2023-10-25
4150,2023-10-25 05:30:00,False,05:30:00,2023-10-25
4151,2023-10-25 05:45:00,False,05:45:00,2023-10-25
4152,2023-10-25 06:00:00,False,06:00:00,2023-10-25
4153,2023-10-25 06:15:00,False,06:15:00,2023-10-25
4154,2023-10-25 06:30:00,False,06:30:00,2023-10-25
4155,2023-10-25 06:45:00,False,06:45:00,2023-10-25
4156,2023-10-25 07:00:00,False,07:00:00,2023-10-25
4157,2023-10-25 07:15:00,False,07:15:00,2023-10-25
4158,2023-10-25 07:30:00,False,07:30:00,2023-10-25
4159,2023-10-25 07:45:00,False,07:45:00,2023-10-25
4160,2023-10-25 08:00:00,False,08:00:00,2023-10-25
4161,2023-10-25 08:15:00,False,08:15:00,2023-10-25
4162,2023-10-25 08:30:00,False,08:30:00,2023-10-25
4163,2023-10-25 08:45:00,False,08:45:00,2023-10-25
4164,2023-10-25 09:00:00,False,09:00:00,2023-10-25
4165,2023-10-25 09:15:00,False,09:15:00,2023-10-25
4166,2023-10-25 09:30:00,False,09:30:00,2023-10-25
4167,2023-10-25 09:45:00,False,09:45:00,2023-10-25
4168,2023-10-25 10:00:00,True,10:00:00,2023-10-25
4169,2023-10-25 10:15:00,False,10:15:00,2023-10-25
4170,2023-10-25 10:30:00,False,10:30:00,2023-10-25
4171,2023-10-25 10:45:00,False,10:45:00,2023-10-25
4172,2023-10-25 11:00:00,False,11:00:00,2023-10-25
4173,2023-10-25 11:15:00,False,11:15:00,2023-10-25
4174,2023-10-25 11:30:00,False,11:30:00,2023-10-25
4175,2023-10-25 11:45:00,False,11:45:00,2023-10-25
4176,2023-10-25 12:00:00,False,12:00:00,2023-10-25
4177,2023-10-25 12:15:00,True,12:15:00,2023-10-25
4178,2023-10-25 12:30:00,True,12:30:00,2023-10-25
4179,2023-10-25 12:45:00,True,12:45:00,2023-10-25
4180,2023-10-25 13:00:00,True,13:00:00,2023-10-25
4181,2023-10-25 13:15:00,True,13:15:00,2023-10-25
4182,2023-10-25 13:30:00,True,13:30:00,2023-10-25
4183,2023-10-25 13:45:00,True,13:45:00,2023-10-25
4184,2023-10-25 14:00:00,False,14:00:00,2023-10-25
4185,2023-10-25 14:15:00,False,14:15:00,2023-10-25
4186,2023-10-25 14:30:00,False,14:30:00,2023-10-25
4187,2023-10-25 14:45:00,False,14:45:00,2023-10-25
4188,2023-10-25 15:00:00,False,15:00:00,2023-10-25
4189,2023-10-25 15:15:00,False,15:15:00,2023-10-25
4190,2023-10-25 15:30:00,False,15:30:00,2023-10-25
4191,2023-10-25 15:45:00,False,15:45:00,2023-10-25
4192,2023-10-25 16:00:00,False,16:00:00,2023-10-25
4193,2023-10-25 16:15:00,False,16:15:00,2023-10-25
4194,2023-10-25 16:30:00,False,16:30:00,2023-10-25
4195,2023-10-25 16:45:00,False,16:45:00,2023-10-25
4196,2023-10-25 17:00:00,False,17:00:00,2023-10-25
4197,2023-10-25 17:15:00,False,17:15:00,2023-10-25
4198,2023-10-25 17:30:00,False,17:30:00,2023-10-25
4199,2023-10-25 17:45:00,False,17:45:00,2023-10-25
4200,2023-10-25 18:00:00,False,18:00:00,2023-10-25
4201,2023-10-25 18:15:00,False,18:15:00,2023-10-25
4202,2023-10-25 18:30:00,False,18:30:00,2023-10-25
4203,2023-10-25 18:45:00,False,18:45:00,2023-10-25
4204,2023-10-25 19:00:00,False,19:00:00,2023-10-25
4205,2023-10-25 19:15:00,False,19:15:00,2023-10-25
4206,2023-10-25 19:30:00,False,19:30:00,2023-10-25
4207,2023-10-25 19:45:00,False,19:45:00,2023-10-25
4208,2023-10-25 20:00:00,False,20:00:00,2023-10-25
4209,2023-10-25 20:15:00,False,20:15:00,2023-10-25
4210,2023-10-25 20:30:00,False,20:30:00,2023-10-25
4211,2023-10-25 20:45:00,False,20:45:00,2023-10-25
4212,2023-10-25 21:00:00,False,21:00:00,2023-10-25
4213,2023-10-25 21:15:00,False,21:15:00,2023-10-25
4214,2023-10-25 21:30:00,False,21:30:00,2023-10-25
4215,2023-10-25 21:45:00,False,21:45:00,2023-10-25
4216,2023-10-25 22:00:00,False,22:00:00,2023-10-25
4217,2023-10-25 22:15:00,False,22:15:00,2023-10-25
4218,2023-10-25 22:30:00,False,22:30:00,2023-10-25
4219,2023-10-25 22:45:00,False,22:45:00,2023-10-25
4220,2023-10-25 23:00:00,False,23:00:00,2023-10-25
4221,2023-10-25 23:15:00,True,23:15:00,2023-10-25
4222,2023-10-25 23:30:00,True,23:30:00,2023-10-25
4223,2023-10-25 23:45:00,True,23:45:00,2023-10-25
4224,2023-10-26 00:00:00,True,00:00:00,2023-10-26
4225,2023-10-26 00:15:00,True,00:15:00,2023-10-26
4226,2023-10-26 00:30:00,True,00:30:00,2023-10-26
4227,2023-10-26 00:45:00,False,00:45:00,2023-10-26
4228,2023-10-26 01:00:00,False,01:00:00,2023-10-26
4229,2023-10-26 01:15:00,False,01:15:00,2023-10-26
4230,2023-10-26 01:30:00,False,01:30:00,2023-10-26
4231,2023-10-26 01:45:00,False,01:45:00,2023-10-26
4232,2023-10-26 02:00:00,False,02:00:00,2023-10-26
4233,2023-10-26 02:15:00,False,02:15:00,2023-10-26
4234,2023-10-26 02:30:00,False,02:30:00,2023-10-26
4235,2023-10-26 02:45:00,False,02:45:00,2023-10-26
4236,2023-10-26 03:00:00,False,03:00:00,2023-10-26
4237,2023-10-26 03:15:00,False,03:15:00,2023-10-26
4238,2023-10-26 03:30:00,False,03:30:00,2023-10-26
4239,2023-10-26 03:45:00,False,03:45:00,2023-10-26
4240,2023-10-26 04:00:00,False,04:00:00,2023-10-26
4241,2023-10-26 04:15:00,False,04:15:00,2023-10-26
4242,2023-10-26 04:30:00,False,04:30:00,2023-10-26
4243,2023-10-26 04:45:00,False,04:45:00,2023-10-26
4244,2023-10-26 05:00:00,False,05:00:00,2023-10-26
4245,2023-10-26 05:15:00,False,05:15:00,2023-10-26
4246,2023-10-26 05:30:00,False,05:30:00,2023-10-26
4247,2023-10-26 05:45:00,False,05:45:00,2023-10-26
4248,2023-10-26 06:00:00,False,06:00:00,2023-10-26
4249,2023-10-26 06:15:00,False,06:15:00,2023-10-26
4250,2023-10-26 06:30:00,False,06:30:00,2023-10-26
4251,2023-10-26 06:45:00,False,06:45:00,2023-10-26
4252,2023-10-26 07:00:00,False,07:00:00,2023-10-26
4253,2023-10-26 07:15:00,False,07:15:00,2023-10-26
4254,2023-10-26 07:30:00,False,07:30:00,2023-10-26
4255,2023-10-26 07:45:00,False,07:45:00,2023-10-26
4256,2023-10-26 08:00:00,False,08:00:00,2023-10-26
4257,2023-10-26 08:15:00,False,08:15:00,2023-10-26
4258,2023-10-26 08:30:00,False,08:30:00,2023-10-26
4259,2023-10-26 08:45:00,False,08:45:00,2023-10-26
4260,2023-10-26 09:00:00,False,09:00:00,2023-10-26
4261,2023-10-26 09:15:00,False,09:15:00,2023-10-26
4262,2023-10-26 09:30:00,False,09:30:00,2023-10-26
4263,2023-10-26 09:45:00,False,09:45:00,2023-10-26
4264,2023-10-26 10:00:00,False,10:00:00,2023-10-26
4265,2023-10-26 10:15:00,False,10:15:00,2023-10-26
4266,2023-10-26 10:30:00,False,10:30:00,2023-10-26
4267,2023-10-26 10:45:00,False,10:45:00,2023-10-26
4268,2023-10-26 11:00:00,False,11:00:00,2023-10-26
4269,2023-10-26 11:15:00,False,11:15:00,2023-10-26
4270,2023-10-26 11:30:00,False,11:30:00,2023-10-26
4271,2023-10-26 11:45:00,False,11:45:00,2023-10-26
4272,2023-10-26 12:00:00,False,12:00:00,2023-10-26
4273,2023-10-26 12:15:00,False,12:15:00,2023-10-26
4274,2023-10-26 12:30:00,False,12:30:00,2023-10-26
4275,2023-10-26 12:45:00,False,12:45:00,2023-10-26
4276,2023-10-26 13:00:00,False,13:00:00,2023-10-26
4277,2023-10-26 13:15:00,False,13:15:00,2023-10-26
4278,2023-10-26 13:30:00,False,13:30:00,2023-10-26
4279,2023-10-26 13:45:00,False,13:45:00,2023-10-26
4280,2023-10-26 14:00:00,False,14:00:00,2023-10-26
4281,2023-10-26 14:15:00,False,14:15:00,2023-10-26
4282,2023-10-26 14:30:00,False,14:30:00,2023-10-26
4283,2023-10-26 14:45:00,False,14:45:00,2023-10-26
4284,2023-10-26 15:00:00,False,15:00:00,2023-10-26
4285,2023-10-26 15:15:00,False,15:15:00,2023-10-26
4286,2023-10-26 15:30:00,False,15:30:00,2023-10-26
4287,2023-10-26 15:45:00,False,15:45:00,2023-10-26
4288,2023-10-26 16:00:00,False,16:00:00,2023-10-26
4289,2023-10-26 16:15:00,False,16:15:00,2023-10-26
4290,2023-10-26 16:30:00,False,16:30:00,2023-10-26
4291,2023-10-26 16:45:00,False,16:45:00,2023-10-26
4292,2023-10-26 17:00:00,False,17:00:00,2023-10-26
4293,2023-10-26 17:15:00,False,17:15:00,2023-10-26
4294,2023-10-26 17:30:00,False,17:30:00,2023-10-26
4295,2023-10-26 17:45:00,False,17:45:00,2023-10-26
4296,2023-10-26 18:00:00,False,18:00:00,2023-10-26
4297,2023-10-26 18:15:00,False,18:15:00,2023-10-26
4298,2023-10-26 18:30:00,False,18:30:00,2023-10-26
4299,2023-10-26 18:45:00,False,18:45:00,2023-10-26
4300,2023-10-26 19:00:00,False,19:00:00,2023-10-26
4301,2023-10-26 19:15:00,False,19:15:00,2023-10-26
4302,2023-10-26 19:30:00,False,19:30:00,2023-10-26
4303,2023-10-26 19:45:00,False,19:45:00,2023-10-26
4304,2023-10-26 20:00:00,False,20:00:00,2023-10-26
4305,2023-10-26 20:15:00,False,20:15:00,2023-10-26
4306,2023-10-26 20:30:00,False,20:30:00,2023-10-26
4307,2023-10-26 20:45:00,False,20:45:00,2023-10-26
4308,2023-10-26 21:00:00,False,21:00:00,2023-10-26
4309,2023-10-26 21:15:00,False,21:15:00,2023-10-26
4310,2023-10-26 21:30:00,False,21:30:00,2023-10-26
4311,2023-10-26 21:45:00,False,21:45:00,2023-10-26
4312,2023-10-26 22:00:00,False,22:00:00,2023-10-26
4313,2023-10-26 22:15:00,False,22:15:00,2023-10-26
4314,2023-10-26 22:30:00,False,22:30:00,2023-10-26
4315,2023-10-26 22:45:00,False,22:45:00,2023-10-26
4316,2023-10-26 23:00:00,False,23:00:00,2023-10-26
4317,2023-10-26 23:15:00,False,23:15:00,2023-10-26
4318,2023-10-26 23:30:00,False,23:30:00,2023-10-26
4319,2023-10-26 23:45:00,False,23:45:00,2023-10-26
4320,2023-10-27 00:00:00,False,00:00:00,2023-10-27
4321,2023-10-27 00:15:00,False,00:15:00,2023-10-27
4322,2023-10-27 00:30:00,False,00:30:00,2023-10-27
4323,2023-10-27 00:45:00,False,00:45:00,2023-10-27
4324,2023-10-27 01:00:00,False,01:00:00,2023-10-27
4325,2023-10-27 01:15:00,False,01:15:00,2023-10-27
4326,2023-10-27 01:30:00,False,01:30:00,2023-10-27
4327,2023-10-27 01:45:00,False,01:45:00,2023-10-27
4328,2023-10-27 02:00:00,False,02:00:00,2023-10-27
4329,2023-10-27 02:15:00,False,02:15:00,2023-10-27
4330,2023-10-27 02:30:00,False,02:30:00,2023-10-27
4331,2023-10-27 02:45:00,False,02:45:00,2023-10-27
4332,2023-10-27 03:00:00,False,03:00:00,2023-10-27
4333,2023-10-27 03:15:00,False,03:15:00,2023-10-27
4334,2023-10-27 03:30:00,False,03:30:00,2023-10-27
4335,2023-10-27 03:45:00,False,03:45:00,2023-10-27
4336,2023-10-27 04:00:00,False,04:00:00,2023-10-27
4337,2023-10-27 04:15:00,False,04:15:00,2023-10-27
4338,2023-10-27 04:30:00,False,04:30:00,2023-10-27
4339,2023-10-27 04:45:00,False,04:45:00,2023-10-27
4340,2023-10-27 05:00:00,False,05:00:00,2023-10-27
4341,2023-10-27 05:15:00,False,05:15:00,2023-10-27
4342,2023-10-27 05:30:00,False,05:30:00,2023-10-27
4343,2023-10-27 05:45:00,False,05:45:00,2023-10-27
4344,2023-10-27 06:00:00,False,06:00:00,2023-10-27
4345,2023-10-27 06:15:00,False,06:15:00,2023-10-27
4346,2023-10-27 06:30:00,False,06:30:00,2023-10-27
4347,2023-10-27 06:45:00,False,06:45:00,2023-10-27
4348,2023-10-27 07:00:00,False,07:00:00,2023-10-27
4349,2023-10-27 07:15:00,False,07:15:00,2023-10-27
4350,2023-10-27 07:30:00,False,07:30:00,2023-10-27
4351,2023-10-27 07:45:00,False,07:45:00,2023-10-27
4352,2023-10-27 08:00:00,False,08:00:00,2023-10-27
4353,2023-10-27 08:15:00,False,08:15:00,2023-10-27
4354,2023-10-27 08:30:00,False,08:30:00,2023-10-27
4355,2023-10-27 08:45:00,False,08:45:00,2023-10-27
4356,2023-10-27 09:00:00,False,09:00:00,2023-10-27
4357,2023-10-27 09:15:00,False,09:15:00,2023-10-27
4358,2023-10-27 09:30:00,False,09:30:00,2023-10-27
4359,2023-10-27 09:45:00,False,09:45:00,2023-10-27
4360,2023-10-27 10:00:00,False,10:00:00,2023-10-27
4361,2023-10-27 10:15:00,False,10:15:00,2023-10-27
4362,2023-10-27 10:30:00,False,10:30:00,2023-10-27
4363,2023-10-27 10:45:00,False,10:45:00,2023-10-27
4364,2023-10-27 11:00:00,False,11:00:00,2023-10-27
4365,2023-10-27 11:15:00,False,11:15:00,2023-10-27
4366,2023-10-27 11:30:00,False,11:30:00,2023-10-27
4367,2023-10-27 11:45:00,False,11:45:00,2023-10-27
4368,2023-10-27 12:00:00,False,12:00:00,2023-10-27
4369,2023-10-27 12:15:00,False,12:15:00,2023-10-27
4370,2023-10-27 12:30:00,False,12:30:00,2023-10-27
4371,2023-10-27 12:45:00,False,12:45:00,2023-10-27
4372,2023-10-27 13:00:00,False,13:00:00,2023-10-27
4373,2023-10-27 13:15:00,False,13:15:00,2023-10-27
4374,2023-10-27 13:30:00,False,13:30:00,2023-10-27
4375,2023-10-27 13:45:00,False,13:45:00,2023-10-27
4376,2023-10-27 14:00:00,False,14:00:00,2023-10-27
4377,2023-10-27 14:15:00,False,14:15:00,2023-10-27
4378,2023-10-27 14:30:00,False,14:30:00,2023-10-27
4379,2023-10-27 14:45:00,False,14:45:00,2023-10-27
4380,2023-10-27 15:00:00,False,15:00:00,2023-10-27
4381,2023-10-27 15:15:00,False,15:15:00,2023-10-27
4382,2023-10-27 15:30:00,False,15:30:00,2023-10-27
4383,2023-10-27 15:45:00,False,15:45:00,2023-10-27
4384,2023-10-27 16:00:00,False,16:00:00,2023-10-27
4385,2023-10-27 16:15:00,False,16:15:00,2023-10-27
4386,2023-10-27 16:30:00,False,16:30:00,2023-10-27
4387,2023-10-27 16:45:00,False,16:45:00,2023-10-27
4388,2023-10-27 17:00:00,False,17:00:00,2023-10-27
4389,2023-10-27 17:15:00,False,17:15:00,2023-10-27
4390,2023-10-27 17:30:00,False,17:30:00,2023-10-27
4391,2023-10-27 17:45:00,False,17:45:00,2023-10-27
4392,2023-10-27 18:00:00,True,18:00:00,2023-10-27
4393,2023-10-27 18:15:00,True,18:15:00,2023-10-27
4394,2023-10-27 18:30:00,True,18:30:00,2023-10-27
4395,2023-10-27 18:45:00,False,18:45:00,2023-10-27
4396,2023-10-27 19:00:00,False,19:00:00,2023-10-27
4397,2023-10-27 19:15:00,False,19:15:00,2023-10-27
4398,2023-10-27 19:30:00,False,19:30:00,2023-10-27
4399,2023-10-27 19:45:00,False,19:45:00,2023-10-27
4400,2023-10-27 20:00:00,False,20:00:00,2023-10-27
4401,2023-10-27 20:15:00,False,20:15:00,2023-10-27
4402,2023-10-27 20:30:00,False,20:30:00,2023-10-27
4403,2023-10-27 20:45:00,False,20:45:00,2023-10-27
4404,2023-10-27 21:00:00,False,21:00:00,2023-10-27
4405,2023-10-27 21:15:00,False,21:15:00,2023-10-27
4406,2023-10-27 21:30:00,False,21:30:00,2023-10-27
4407,2023-10-27 21:45:00,False,21:45:00,2023-10-27
4408,2023-10-27 22:00:00,False,22:00:00,2023-10-27
4409,2023-10-27 22:15:00,False,22:15:00,2023-10-27
4410,2023-10-27 22:30:00,False,22:30:00,2023-10-27
4411,2023-10-27 22:45:00,False,22:45:00,2023-10-27
4412,2023-10-27 23:00:00,False,23:00:00,2023-10-27
4413,2023-10-27 23:15:00,False,23:15:00,2023-10-27
4414,2023-10-27 23:30:00,False,23:30:00,2023-10-27
4415,2023-10-27 23:45:00,False,23:45:00,2023-10-27
4416,2023-10-28 00:00:00,False,00:00:00,2023-10-28
4417,2023-10-28 00:15:00,False,00:15:00,2023-10-28
4418,2023-10-28 00:30:00,False,00:30:00,2023-10-28
4419,2023-10-28 00:45:00,False,00:45:00,2023-10-28
4420,2023-10-28 01:00:00,False,01:00:00,2023-10-28
4421,2023-10-28 01:15:00,False,01:15:00,2023-10-28
4422,2023-10-28 01:30:00,False,01:30:00,2023-10-28
4423,2023-10-28 01:45:00,False,01:45:00,2023-10-28
4424,2023-10-28 02:00:00,False,02:00:00,2023-10-28
4425,2023-10-28 02:15:00,False,02:15:00,2023-10-28
4426,2023-10-28 02:30:00,False,02:30:00,2023-10-28
4427,2023-10-28 02:45:00,False,02:45:00,2023-10-28
4428,2023-10-28 03:00:00,False,03:00:00,2023-10-28
4429,2023-10-28 03:15:00,False,03:15:00,2023-10-28
4430,2023-10-28 03:30:00,False,03:30:00,2023-10-28
4431,2023-10-28 03:45:00,False,03:45:00,2023-10-28
4432,2023-10-28 04:00:00,False,04:00:00,2023-10-28
4433,2023-10-28 04:15:00,False,04:15:00,2023-10-28
4434,2023-10-28 04:30:00,False,04:30:00,2023-10-28
4435,2023-10-28 04:45:00,False,04:45:00,2023-10-28
4436,2023-10-28 05:00:00,False,05:00:00,2023-10-28
4437,2023-10-28 05:15:00,False,05:15:00,2023-10-28
4438,2023-10-28 05:30:00,False,05:30:00,2023-10-28
4439,2023-10-28 05:45:00,False,05:45:00,2023-10-28
4440,2023-10-28 06:00:00,False,06:00:00,2023-10-28
4441,2023-10-28 06:15:00,False,06:15:00,2023-10-28
4442,2023-10-28 06:30:00,False,06:30:00,2023-10-28
4443,2023-10-28 06:45:00,False,06:45:00,2023-10-28
4444,2023-10-28 07:00:00,False,07:00:00,2023-10-28
4445,2023-10-28 07:15:00,False,07:15:00,2023-10-28
4446,2023-10-28 07:30:00,False,07:30:00,2023-10-28
4447,2023-10-28 07:45:00,False,07:45:00,2023-10-28
4448,2023-10-28 08:00:00,False,08:00:00,2023-10-28
4449,2023-10-28 08:15:00,False,08:15:00,2023-10-28
4450,2023-10-28 08:30:00,False,08:30:00,2023-10-28
4451,2023-10-28 08:45:00,False,08:45:00,2023-10-28
4452,2023-10-28 09:00:00,False,09:00:00,2023-10-28
4453,2023-10-28 09:15:00,False,09:15:00,2023-10-28
4454,2023-10-28 09:30:00,False,09:30:00,2023-10-28
4455,2023-10-28 09:45:00,False,09:45:00,2023-10-28
4456,2023-10-28 10:00:00,False,10:00:00,2023-10-28
4457,2023-10-28 10:15:00,False,10:15:00,2023-10-28
4458,2023-10-28 10:30:00,False,10:30:00,2023-10-28
4459,2023-10-28 10:45:00,False,10:45:00,2023-10-28
4460,2023-10-28 11:00:00,False,11:00:00,2023-10-28
4461,2023-10-28 11:15:00,False,11:15:00,2023-10-28
4462,2023-10-28 11:30:00,False,11:30:00,2023-10-28
4463,2023-10-28 11:45:00,False,11:45:00,2023-10-28
4464,2023-10-28 12:00:00,False,12:00:00,2023-10-28
4465,2023-10-28 12:15:00,False,12:15:00,2023-10-28
4466,2023-10-28 12:30:00,False,12:30:00,2023-10-28
4467,2023-10-28 12:45:00,False,12:45:00,2023-10-28
4468,2023-10-28 13:00:00,False,13:00:00,2023-10-28
4469,2023-10-28 13:15:00,False,13:15:00,2023-10-28
4470,2023-10-28 13:30:00,False,13:30:00,2023-10-28
4471,2023-10-28 13:45:00,False,13:45:00,2023-10-28
4472,2023-10-28 14:00:00,False,14:00:00,2023-10-28
4473,2023-10-28 14:15:00,False,14:15:00,2023-10-28
4474,2023-10-28 14:30:00,False,14:30:00,2023-10-28
4475,2023-10-28 14:45:00,False,14:45:00,2023-10-28
4476,2023-10-28 15:00:00,False,15:00:00,2023-10-28
4477,2023-10-28 15:15:00,False,15:15:00,2023-10-28
4478,2023-10-28 15:30:00,False,15:30:00,2023-10-28
4479,2023-10-28 15:45:00,False,15:45:00,2023-10-28
4480,2023-10-28 16:00:00,False,16:00:00,2023-10-28
4481,2023-10-28 16:15:00,False,16:15:00,2023-10-28
4482,2023-10-28 16:30:00,False,16:30:00,2023-10-28
4483,2023-10-28 16:45:00,False,16:45:00,2023-10-28
4484,2023-10-28 17:00:00,False,17:00:00,2023-10-28
4485,2023-10-28 17:15:00,False,17:15:00,2023-10-28
4486,2023-10-28 17:30:00,False,17:30:00,2023-10-28
4487,2023-10-28 17:45:00,False,17:45:00,2023-10-28
4488,2023-10-28 18:00:00,False,18:00:00,2023-10-28
4489,2023-10-28 18:15:00,False,18:15:00,2023-10-28
4490,2023-10-28 18:30:00,False,18:30:00,2023-10-28
4491,2023-10-28 18:45:00,False,18:45:00,2023-10-28
4492,2023-10-28 19:00:00,False,19:00:00,2023-10-28
4493,2023-10-28 19:15:00,False,19:15:00,2023-10-28
4494,2023-10-28 19:30:00,False,19:30:00,2023-10-28
4495,2023-10-28 19:45:00,False,19:45:00,2023-10-28
4496,2023-10-28 20:00:00,False,20:00:00,2023-10-28
4497,2023-10-28 20:15:00,False,20:15:00,2023-10-28
4498,2023-10-28 20:30:00,False,20:30:00,2023-10-28
4499,2023-10-28 20:45:00,False,20:45:00,2023-10-28
4500,2023-10-28 21:00:00,False,21:00:00,2023-10-28
4501,2023-10-28 21:15:00,False,21:15:00,2023-10-28
4502,2023-10-28 21:30:00,False,21:30:00,2023-10-28
4503,2023-10-28 21:45:00,False,21:45:00,2023-10-28
4504,2023-10-28 22:00:00,False,22:00:00,2023-10-28
4505,2023-10-28 22:15:00,False,22:15:00,2023-10-28
4506,2023-10-28 22:30:00,False,22:30:00,2023-10-28
4507,2023-10-28 22:45:00,False,22:45:00,2023-10-28
4508,2023-10-28 23:00:00,False,23:00:00,2023-10-28
4509,2023-10-28 23:15:00,False,23:15:00,2023-10-28
4510,2023-10-28 23:30:00,False,23:30:00,2023-10-28
4511,2023-10-28 23:45:00,False,23:45:00,2023-10-28
4512,2023-10-29 00:00:00,False,00:00:00,2023-10-29
4513,2023-10-29 00:15:00,False,00:15:00,2023-10-29
4514,2023-10-29 00:30:00,False,00:30:00,2023-10-29
4515,2023-10-29 00:45:00,False,00:45:00,2023-10-29
4516,2023-10-29 01:00:00,False,01:00:00,2023-10-29
4517,2023-10-29 01:15:00,False,01:15:00,2023-10-29
4518,2023-10-29 01:30:00,False,01:30:00,2023-10-29
4519,2023-10-29 01:45:00,False,01:45:00,2023-10-29
4520,2023-10-29 02:00:00,False,02:00:00,2023-10-29
4521,2023-10-29 02:15:00,False,02:15:00,2023-10-29
4522,2023-10-29 02:30:00,False,02:30:00,2023-10-29
4523,2023-10-29 02:45:00,False,02:45:00,2023-10-29
4524,2023-10-29 03:00:00,False,03:00:00,2023-10-29
4525,2023-10-29 03:15:00,False,03:15:00,2023-10-29
4526,2023-10-29 03:30:00,False,03:30:00,2023-10-29
4527,2023-10-29 03:45:00,False,03:45:00,2023-10-29
4528,2023-10-29 04:00:00,False,04:00:00,2023-10-29
4529,2023-10-29 04:15:00,False,04:15:00,2023-10-29
4530,2023-10-29 04:30:00,False,04:30:00,2023-10-29
4531,2023-10-29 04:45:00,False,04:45:00,2023-10-29
4532,2023-10-29 05:00:00,False,05:00:00,2023-10-29
4533,2023-10-29 05:15:00,False,05:15:00,2023-10-29
4534,2023-10-29 05:30:00,False,05:30:00,2023-10-29
4535,2023-10-29 05:45:00,False,05:45:00,2023-10-29
4536,2023-10-29 06:00:00,False,06:00:00,2023-10-29
4537,2023-10-29 06:15:00,False,06:15:00,2023-10-29
4538,2023-10-29 06:30:00,False,06:30:00,2023-10-29
4539,2023-10-29 06:45:00,False,06:45:00,2023-10-29
4540,2023-10-29 07:00:00,False,07:00:00,2023-10-29
4541,2023-10-29 07:15:00,False,07:15:00,2023-10-29
4542,2023-10-29 07:30:00,False,07:30:00,2023-10-29
4543,2023-10-29 07:45:00,False,07:45:00,2023-10-29
4544,2023-10-29 08:00:00,False,08:00:00,2023-10-29
4545,2023-10-29 08:15:00,False,08:15:00,2023-10-29
4546,2023-10-29 08:30:00,False,08:30:00,2023-10-29
4547,2023-10-29 08:45:00,False,08:45:00,2023-10-29
4548,2023-10-29 09:00:00,False,09:00:00,2023-10-29
4549,2023-10-29 09:15:00,False,09:15:00,2023-10-29
4550,2023-10-29 09:30:00,False,09:30:00,2023-10-29
4551,2023-10-29 09:45:00,False,09:45:00,2023-10-29
4552,2023-10-29 10:00:00,False,10:00:00,2023-10-29
4553,2023-10-29 10:15:00,False,10:15:00,2023-10-29
4554,2023-10-29 10:30:00,False,10:30:00,2023-10-29
4555,2023-10-29 10:45:00,False,10:45:00,2023-10-29
4556,2023-10-29 11:00:00,False,11:00:00,2023-10-29
4557,2023-10-29 11:15:00,False,11:15:00,2023-10-29
4558,2023-10-29 11:30:00,False,11:30:00,2023-10-29
4559,2023-10-29 11:45:00,False,11:45:00,2023-10-29
4560,2023-10-29 12:00:00,False,12:00:00,2023-10-29
4561,2023-10-29 12:15:00,False,12:15:00,2023-10-29
4562,2023-10-29 12:30:00,False,12:30:00,2023-10-29
4563,2023-10-29 12:45:00,False,12:45:00,2023-10-29
4564,2023-10-29 13:00:00,False,13:00:00,2023-10-29
4565,2023-10-29 13:15:00,False,13:15:00,2023-10-29
4566,2023-10-29 13:30:00,False,13:30:00,2023-10-29
4567,2023-10-29 13:45:00,False,13:45:00,2023-10-29
4568,2023-10-29 14:00:00,False,14:00:00,2023-10-29
4569,2023-10-29 14:15:00,False,14:15:00,2023-10-29
4570,2023-10-29 14:30:00,False,14:30:00,2023-10-29
4571,2023-10-29 14:45:00,False,14:45:00,2023-10-29
4572,2023-10-29 15:00:00,False,15:00:00,2023-10-29
4573,2023-10-29 15:15:00,False,15:15:00,2023-10-29
4574,2023-10-29 15:30:00,False,15:30:00,2023-10-29
4575,2023-10-29 15:45:00,False,15:45:00,2023-10-29
4576,2023-10-29 16:00:00,False,16:00:00,2023-10-29
4577,2023-10-29 16:15:00,False,16:15:00,2023-10-29
4578,2023-10-29 16:30:00,False,16:30:00,2023-10-29
4579,2023-10-29 16:45:00,False,16:45:00,2023-10-29
4580,2023-10-29 17:00:00,False,17:00:00,2023-10-29
4581,2023-10-29 17:15:00,False,17:15:00,2023-10-29
4582,2023-10-29 17:30:00,False,17:30:00,2023-10-29
4583,2023-10-29 17:45:00,False,17:45:00,2023-10-29
4584,2023-10-29 18:00:00,False,18:00:00,2023-10-29
4585,2023-10-29 18:15:00,False,18:15:00,2023-10-29
4586,2023-10-29 18:30:00,False,18:30:00,2023-10-29
4587,2023-10-29 18:45:00,False,18:45:00,2023-10-29
4588,2023-10-29 19:00:00,False,19:00:00,2023-10-29
4589,2023-10-29 19:15:00,False,19:15:00,2023-10-29
4590,2023-10-29 19:30:00,False,19:30:00,2023-10-29
4591,2023-10-29 19:45:00,False,19:45:00,2023-10-29
4592,2023-10-29 20:00:00,False,20:00:00,2023-10-29
4593,2023-10-29 20:15:00,False,20:15:00,2023-10-29
4594,2023-10-29 20:30:00,False,20:30:00,2023-10-29
4595,2023-10-29 20:45:00,False,20:45:00,2023-10-29
4596,2023-10-29 21:00:00,False,21:00:00,2023-10-29
4597,2023-10-29 21:15:00,False,21:15:00,2023-10-29
4598,2023-10-29 21:30:00,False,21:30:00,2023-10-29
4599,2023-10-29 21:45:00,False,21:45:00,2023-10-29
4600,2023-10-29 22:00:00,False,22:00:00,2023-10-29
4601,2023-10-29 22:15:00,False,22:15:00,2023-10-29
4602,2023-10-29 22:30:00,False,22:30:00,2023-10-29
4603,2023-10-29 22:45:00,False,22:45:00,2023-10-29
4604,2023-10-29 23:00:00,False,23:00:00,2023-10-29
4605,2023-10-29 23:15:00,False,23:15:00,2023-10-29
4606,2023-10-29 23:30:00,False,23:30:00,2023-10-29
4607,2023-10-29 23:45:00,False,23:45:00,2023-10-29
4608,2023-10-30 00:00:00,False,00:00:00,2023-10-30
4609,2023-10-30 00:15:00,False,00:15:00,2023-10-30
4610,2023-10-30 00:30:00,False,00:30:00,2023-10-30
4611,2023-10-30 00:45:00,False,00:45:00,2023-10-30
4612,2023-10-30 01:00:00,False,01:00:00,2023-10-30
4613,2023-10-30 01:15:00,False,01:15:00,2023-10-30
4614,2023-10-30 01:30:00,False,01:30:00,2023-10-30
4615,2023-10-30 01:45:00,False,01:45:00,2023-10-30
4616,2023-10-30 02:00:00,False,02:00:00,2023-10-30
4617,2023-10-30 02:15:00,False,02:15:00,2023-10-30
4618,2023-10-30 02:30:00,False,02:30:00,2023-10-30
4619,2023-10-30 02:45:00,False,02:45:00,2023-10-30
4620,2023-10-30 03:00:00,False,03:00:00,2023-10-30
4621,2023-10-30 03:15:00,False,03:15:00,2023-10-30
4622,2023-10-30 03:30:00,False,03:30:00,2023-10-30
4623,2023-10-30 03:45:00,False,03:45:00,2023-10-30
4624,2023-10-30 04:00:00,False,04:00:00,2023-10-30
4625,2023-10-30 04:15:00,False,04:15:00,2023-10-30
4626,2023-10-30 04:30:00,False,04:30:00,2023-10-30
4627,2023-10-30 04:45:00,False,04:45:00,2023-10-30
4628,2023-10-30 05:00:00,False,05:00:00,2023-10-30
4629,2023-10-30 05:15:00,False,05:15:00,2023-10-30
4630,2023-10-30 05:30:00,False,05:30:00,2023-10-30
4631,2023-10-30 05:45:00,False,05:45:00,2023-10-30
4632,2023-10-30 06:00:00,False,06:00:00,2023-10-30
4633,2023-10-30 06:15:00,False,06:15:00,2023-10-30
4634,2023-10-30 06:30:00,False,06:30:00,2023-10-30
4635,2023-10-30 06:45:00,False,06:45:00,2023-10-30
4636,2023-10-30 07:00:00,False,07:00:00,2023-10-30
4637,2023-10-30 07:15:00,False,07:15:00,2023-10-30
4638,2023-10-30 07:30:00,False,07:30:00,2023-10-30
4639,2023-10-30 07:45:00,False,07:45:00,2023-10-30
4640,2023-10-30 08:00:00,False,08:00:00,2023-10-30
4641,2023-10-30 08:15:00,False,08:15:00,2023-10-30
4642,2023-10-30 08:30:00,False,08:30:00,2023-10-30
4643,2023-10-30 08:45:00,False,08:45:00,2023-10-30
4644,2023-10-30 09:00:00,False,09:00:00,2023-10-30
4645,2023-10-30 09:15:00,False,09:15:00,2023-10-30
4646,2023-10-30 09:30:00,False,09:30:00,2023-10-30
4647,2023-10-30 09:45:00,False,09:45:00,2023-10-30
4648,2023-10-30 10:00:00,False,10:00:00,2023-10-30
4649,2023-10-30 10:15:00,False,10:15:00,2023-10-30
4650,2023-10-30 10:30:00,False,10:30:00,2023-10-30
4651,2023-10-30 10:45:00,False,10:45:00,2023-10-30
4652,2023-10-30 11:00:00,False,11:00:00,2023-10-30
4653,2023-10-30 11:15:00,False,11:15:00,2023-10-30
4654,2023-10-30 11:30:00,False,11:30:00,2023-10-30
4655,2023-10-30 11:45:00,False,11:45:00,2023-10-30
4656,2023-10-30 12:00:00,False,12:00:00,2023-10-30
4657,2023-10-30 12:15:00,False,12:15:00,2023-10-30
4658,2023-10-30 12:30:00,False,12:30:00,2023-10-30
4659,2023-10-30 12:45:00,False,12:45:00,2023-10-30
4660,2023-10-30 13:00:00,False,13:00:00,2023-10-30
4661,2023-10-30 13:15:00,False,13:15:00,2023-10-30
4662,2023-10-30 13:30:00,False,13:30:00,2023-10-30
4663,2023-10-30 13:45:00,False,13:45:00,2023-10-30
4664,2023-10-30 14:00:00,False,14:00:00,2023-10-30
4665,2023-10-30 14:15:00,False,14:15:00,2023-10-30
4666,2023-10-30 14:30:00,False,14:30:00,2023-10-30
4667,2023-10-30 14:45:00,False,14:45:00,2023-10-30
4668,2023-10-30 15:00:00,False,15:00:00,2023-10-30
4669,2023-10-30 15:15:00,False,15:15:00,2023-10-30
4670,2023-10-30 15:30:00,False,15:30:00,2023-10-30
4671,2023-10-30 15:45:00,False,15:45:00,2023-10-30
4672,2023-10-30 16:00:00,False,16:00:00,2023-10-30
4673,2023-10-30 16:15:00,False,16:15:00,2023-10-30
4674,2023-10-30 16:30:00,False,16:30:00,2023-10-30
4675,2023-10-30 16:45:00,False,16:45:00,2023-10-30
4676,2023-10-30 17:00:00,False,17:00:00,2023-10-30
4677,2023-10-30 17:15:00,False,17:15:00,2023-10-30
4678,2023-10-30 17:30:00,False,17:30:00,2023-10-30
4679,2023-10-30 17:45:00,False,17:45:00,2023-10-30
4680,2023-10-30 18:00:00,False,18:00:00,2023-10-30
4681,2023-10-30 18:15:00,False,18:15:00,2023-10-30
4682,2023-10-30 18:30:00,False,18:30:00,2023-10-30
4683,2023-10-30 18:45:00,False,18:45:00,2023-10-30
4684,2023-10-30 19:00:00,False,19:00:00,2023-10-30
4685,2023-10-30 19:15:00,False,19:15:00,2023-10-30
4686,2023-10-30 19:30:00,False,19:30:00,2023-10-30
4687,2023-10-30 19:45:00,False,19:45:00,2023-10-30
4688,2023-10-30 20:00:00,False,20:00:00,2023-10-30
4689,2023-10-30 20:15:00,False,20:15:00,2023-10-30
4690,2023-10-30 20:30:00,False,20:30:00,2023-10-30
4691,2023-10-30 20:45:00,False,20:45:00,2023-10-30
4692,2023-10-30 21:00:00,False,21:00:00,2023-10-30
4693,2023-10-30 21:15:00,False,21:15:00,2023-10-30
4694,2023-10-30 21:30:00,False,21:30:00,2023-10-30
4695,2023-10-30 21:45:00,False,21:45:00,2023-10-30
4696,2023-10-30 22:00:00,False,22:00:00,2023-10-30
4697,2023-10-30 22:15:00,False,22:15:00,2023-10-30
4698,2023-10-30 22:30:00,False,22:30:00,2023-10-30
4699,2023-10-30 22:45:00,False,22:45:00,2023-10-30
4700,2023-10-30 23:00:00,False,23:00:00,2023-10-30
4701,2023-10-30 23:15:00,False,23:15:00,2023-10-30
4702,2023-10-30 23:30:00,False,23:30:00,2023-10-30
4703,2023-10-30 23:45:00,False,23:45:00,2023-10-30
4704,2023-10-31 00:00:00,False,00:00:00,2023-10-31
4705,2023-10-31 00:15:00,False,00:15:00,2023-10-31
4706,2023-10-31 00:30:00,False,00:30:00,2023-10-31
4707,2023-10-31 00:45:00,False,00:45:00,2023-10-31
4708,2023-10-31 01:00:00,False,01:00:00,2023-10-31
4709,2023-10-31 01:15:00,False,01:15:00,2023-10-31
4710,2023-10-31 01:30:00,False,01:30:00,2023-10-31
4711,2023-10-31 01:45:00,False,01:45:00,2023-10-31
4712,2023-10-31 02:00:00,False,02:00:00,2023-10-31
4713,2023-10-31 02:15:00,False,02:15:00,2023-10-31
4714,2023-10-31 02:30:00,False,02:30:00,2023-10-31
4715,2023-10-31 02:45:00,False,02:45:00,2023-10-31
4716,2023-10-31 03:00:00,False,03:00:00,2023-10-31
4717,2023-10-31 03:15:00,False,03:15:00,2023-10-31
4718,2023-10-31 03:30:00,False,03:30:00,2023-10-31
4719,2023-10-31 03:45:00,False,03:45:00,2023-10-31
4720,2023-10-31 04:00:00,False,04:00:00,2023-10-31
4721,2023-10-31 04:15:00,False,04:15:00,2023-10-31
4722,2023-10-31 04:30:00,False,04:30:00,2023-10-31
4723,2023-10-31 04:45:00,False,04:45:00,2023-10-31
4724,2023-10-31 05:00:00,False,05:00:00,2023-10-31
4725,2023-10-31 05:15:00,False,05:15:00,2023-10-31
4726,2023-10-31 05:30:00,False,05:30:00,2023-10-31
4727,2023-10-31 05:45:00,False,05:45:00,2023-10-31
4728,2023-10-31 06:00:00,False,06:00:00,2023-10-31
4729,2023-10-31 06:15:00,False,06:15:00,2023-10-31
4730,2023-10-31 06:30:00,False,06:30:00,2023-10-31
4731,2023-10-31 06:45:00,False,06:45:00,2023-10-31
4732,2023-10-31 07:00:00,False,07:00:00,2023-10-31
4733,2023-10-31 07:15:00,False,07:15:00,2023-10-31
4734,2023-10-31 07:30:00,False,07:30:00,2023-10-31
4735,2023-10-31 07:45:00,False,07:45:00,2023-10-31
4736,2023-10-31 08:00:00,False,08:00:00,2023-10-31
4737,2023-10-31 08:15:00,False,08:15:00,2023-10-31
4738,2023-10-31 08:30:00,False,08:30:00,2023-10-31
4739,2023-10-31 08:45:00,False,08:45:00,2023-10-31
4740,2023-10-31 09:00:00,False,09:00:00,2023-10-31
4741,2023-10-31 09:15:00,False,09:15:00,2023-10-31
4742,2023-10-31 09:30:00,False,09:30:00,2023-10-31
4743,2023-10-31 09:45:00,False,09:45:00,2023-10-31
4744,2023-10-31 10:00:00,False,10:00:00,2023-10-31
4745,2023-10-31 10:15:00,False,10:15:00,2023-10-31
4746,2023-10-31 10:30:00,False,10:30:00,2023-10-31
4747,2023-10-31 10:45:00,False,10:45:00,2023-10-31
4748,2023-10-31 11:00:00,False,11:00:00,2023-10-31
4749,2023-10-31 11:15:00,False,11:15:00,2023-10-31
4750,2023-10-31 11:30:00,False,11:30:00,2023-10-31
4751,2023-10-31 11:45:00,False,11:45:00,2023-10-31
4752,2023-10-31 12:00:00,False,12:00:00,2023-10-31
4753,2023-10-31 12:15:00,False,12:15:00,2023-10-31
4754,2023-10-31 12:30:00,False,12:30:00,2023-10-31
4755,2023-10-31 12:45:00,False,12:45:00,2023-10-31
4756,2023-10-31 13:00:00,False,13:00:00,2023-10-31
4757,2023-10-31 13:15:00,False,13:15:00,2023-10-31
4758,2023-10-31 13:30:00,False,13:30:00,2023-10-31
4759,2023-10-31 13:45:00,False,13:45:00,2023-10-31
4760,2023-10-31 14:00:00,False,14:00:00,2023-10-31
4761,2023-10-31 14:15:00,False,14:15:00,2023-10-31
4762,2023-10-31 14:30:00,False,14:30:00,2023-10-31
4763,2023-10-31 14:45:00,False,14:45:00,2023-10-31
4764,2023-10-31 15:00:00,False,15:00:00,2023-10-31
4765,2023-10-31 15:15:00,False,15:15:00,2023-10-31
4766,2023-10-31 15:30:00,False,15:30:00,2023-10-31
4767,2023-10-31 15:45:00,False,15:45:00,2023-10-31
4768,2023-10-31 16:00:00,False,16:00:00,2023-10-31
4769,2023-10-31 16:15:00,False,16:15:00,2023-10-31
4770,2023-10-31 16:30:00,False,16:30:00,2023-10-31
4771,2023-10-31 16:45:00,False,16:45:00,2023-10-31
4772,2023-10-31 17:00:00,False,17:00:00,2023-10-31
4773,2023-10-31 17:15:00,False,17:15:00,2023-10-31
4774,2023-10-31 17:30:00,False,17:30:00,2023-10-31
4775,2023-10-31 17:45:00,False,17:45:00,2023-10-31
4776,2023-10-31 18:00:00,False,18:00:00,2023-10-31
4777,2023-10-31 18:15:00,False,18:15:00,2023-10-31
4778,2023-10-31 18:30:00,False,18:30:00,2023-10-31
4779,2023-10-31 18:45:00,False,18:45:00,2023-10-31
4780,2023-10-31 19:00:00,False,19:00:00,2023-10-31
4781,2023-10-31 19:15:00,False,19:15:00,2023-10-31
4782,2023-10-31 19:30:00,False,19:30:00,2023-10-31
4783,2023-10-31 19:45:00,False,19:45:00,2023-10-31
4784,2023-10-31 20:00:00,False,20:00:00,2023-10-31
4785,2023-10-31 20:15:00,False,20:15:00,2023-10-31
4786,2023-10-31 20:30:00,False,20:30:00,2023-10-31
4787,2023-10-31 20:45:00,False,20:45:00,2023-10-31
4788,2023-10-31 21:00:00,False,21:00:00,2023-10-31
4789,2023-10-31 21:15:00,False,21:15:00,2023-10-31
4790,2023-10-31 21:30:00,False,21:30:00,2023-10-31
4791,2023-10-31 21:45:00,False,21:45:00,2023-10-31
4792,2023-10-31 22:00:00,False,22:00:00,2023-10-31
4793,2023-10-31 22:15:00,False,22:15:00,2023-10-31
4794,2023-10-31 22:30:00,False,22:30:00,2023-10-31
4795,2023-10-31 22:45:00,False,22:45:00,2023-10-31
4796,2023-10-31 23:00:00,False,23:00:00,2023-10-31
4797,2023-10-31 23:15:00,False,23:15:00,2023-10-31
4798,2023-10-31 23:30:00,False,23:30:00,2023-10-31
4799,2023-10-31 23:45:00,False,23:45:00,2023-10-31
4800,2023-11-01 00:00:00,False,00:00:00,2023-11-01
4801,2023-11-01 00:15:00,False,00:15:00,2023-11-01
4802,2023-11-01 00:30:00,False,00:30:00,2023-11-01
4803,2023-11-01 00:45:00,False,00:45:00,2023-11-01
4804,2023-11-01 01:00:00,False,01:00:00,2023-11-01
4805,2023-11-01 01:15:00,False,01:15:00,2023-11-01
4806,2023-11-01 01:30:00,False,01:30:00,2023-11-01
4807,2023-11-01 01:45:00,False,01:45:00,2023-11-01
4808,2023-11-01 02:00:00,False,02:00:00,2023-11-01
4809,2023-11-01 02:15:00,False,02:15:00,2023-11-01
4810,2023-11-01 02:30:00,False,02:30:00,2023-11-01
4811,2023-11-01 02:45:00,False,02:45:00,2023-11-01
4812,2023-11-01 03:00:00,False,03:00:00,2023-11-01
4813,2023-11-01 03:15:00,False,03:15:00,2023-11-01
4814,2023-11-01 03:30:00,False,03:30:00,2023-11-01
4815,2023-11-01 03:45:00,False,03:45:00,2023-11-01
4816,2023-11-01 04:00:00,False,04:00:00,2023-11-01
4817,2023-11-01 04:15:00,False,04:15:00,2023-11-01
4818,2023-11-01 04:30:00,False,04:30:00,2023-11-01
4819,2023-11-01 04:45:00,False,04:45:00,2023-11-01
4820,2023-11-01 05:00:00,False,05:00:00,2023-11-01
4821,2023-11-01 05:15:00,False,05:15:00,2023-11-01
4822,2023-11-01 05:30:00,False,05:30:00,2023-11-01
4823,2023-11-01 05:45:00,False,05:45:00,2023-11-01
4824,2023-11-01 06:00:00,False,06:00:00,2023-11-01
4825,2023-11-01 06:15:00,False,06:15:00,2023-11-01
4826,2023-11-01 06:30:00,False,06:30:00,2023-11-01
4827,2023-11-01 06:45:00,False,06:45:00,2023-11-01
4828,2023-11-01 07:00:00,False,07:00:00,2023-11-01
4829,2023-11-01 07:15:00,False,07:15:00,2023-11-01
4830,2023-11-01 07:30:00,False,07:30:00,2023-11-01
4831,2023-11-01 07:45:00,False,07:45:00,2023-11-01
4832,2023-11-01 08:00:00,False,08:00:00,2023-11-01
4833,2023-11-01 08:15:00,False,08:15:00,2023-11-01
4834,2023-11-01 08:30:00,False,08:30:00,2023-11-01
4835,2023-11-01 08:45:00,False,08:45:00,2023-11-01
4836,2023-11-01 09:00:00,False,09:00:00,2023-11-01
4837,2023-11-01 09:15:00,False,09:15:00,2023-11-01
4838,2023-11-01 09:30:00,False,09:30:00,2023-11-01
4839,2023-11-01 09:45:00,False,09:45:00,2023-11-01
4840,2023-11-01 10:00:00,False,10:00:00,2023-11-01
4841,2023-11-01 10:15:00,False,10:15:00,2023-11-01
4842,2023-11-01 10:30:00,False,10:30:00,2023-11-01
4843,2023-11-01 10:45:00,False,10:45:00,2023-11-01
4844,2023-11-01 11:00:00,False,11:00:00,2023-11-01
4845,2023-11-01 11:15:00,False,11:15:00,2023-11-01
4846,2023-11-01 11:30:00,False,11:30:00,2023-11-01
4847,2023-11-01 11:45:00,False,11:45:00,2023-11-01
4848,2023-11-01 12:00:00,False,12:00:00,2023-11-01
4849,2023-11-01 12:15:00,False,12:15:00,2023-11-01
4850,2023-11-01 12:30:00,False,12:30:00,2023-11-01
4851,2023-11-01 12:45:00,False,12:45:00,2023-11-01
4852,2023-11-01 13:00:00,False,13:00:00,2023-11-01
4853,2023-11-01 13:15:00,False,13:15:00,2023-11-01
4854,2023-11-01 13:30:00,False,13:30:00,2023-11-01
4855,2023-11-01 13:45:00,False,13:45:00,2023-11-01
4856,2023-11-01 14:00:00,False,14:00:00,2023-11-01
4857,2023-11-01 14:15:00,False,14:15:00,2023-11-01
4858,2023-11-01 14:30:00,False,14:30:00,2023-11-01
4859,2023-11-01 14:45:00,False,14:45:00,2023-11-01
4860,2023-11-01 15:00:00,False,15:00:00,2023-11-01
4861,2023-11-01 15:15:00,False,15:15:00,2023-11-01
4862,2023-11-01 15:30:00,False,15:30:00,2023-11-01
4863,2023-11-01 15:45:00,False,15:45:00,2023-11-01
4864,2023-11-01 16:00:00,False,16:00:00,2023-11-01
4865,2023-11-01 16:15:00,False,16:15:00,2023-11-01
4866,2023-11-01 16:30:00,False,16:30:00,2023-11-01
4867,2023-11-01 16:45:00,False,16:45:00,2023-11-01
4868,2023-11-01 17:00:00,False,17:00:00,2023-11-01
4869,2023-11-01 17:15:00,False,17:15:00,2023-11-01
4870,2023-11-01 17:30:00,False,17:30:00,2023-11-01
4871,2023-11-01 17:45:00,False,17:45:00,2023-11-01
4872,2023-11-01 18:00:00,False,18:00:00,2023-11-01
4873,2023-11-01 18:15:00,False,18:15:00,2023-11-01
4874,2023-11-01 18:30:00,False,18:30:00,2023-11-01
4875,2023-11-01 18:45:00,False,18:45:00,2023-11-01
4876,2023-11-01 19:00:00,False,19:00:00,2023-11-01
4877,2023-11-01 19:15:00,False,19:15:00,2023-11-01
4878,2023-11-01 19:30:00,False,19:30:00,2023-11-01
4879,2023-11-01 19:45:00,False,19:45:00,2023-11-01
4880,2023-11-01 20:00:00,False,20:00:00,2023-11-01
4881,2023-11-01 20:15:00,False,20:15:00,2023-11-01
4882,2023-11-01 20:30:00,False,20:30:00,2023-11-01
4883,2023-11-01 20:45:00,False,20:45:00,2023-11-01
4884,2023-11-01 21:00:00,False,21:00:00,2023-11-01
4885,2023-11-01 21:15:00,False,21:15:00,2023-11-01
4886,2023-11-01 21:30:00,False,21:30:00,2023-11-01
4887,2023-11-01 21:45:00,False,21:45:00,2023-11-01
4888,2023-11-01 22:00:00,False,22:00:00,2023-11-01
4889,2023-11-01 22:15:00,False,22:15:00,2023-11-01
4890,2023-11-01 22:30:00,False,22:30:00,2023-11-01
4891,2023-11-01 22:45:00,False,22:45:00,2023-11-01
4892,2023-11-01 23:00:00,False,23:00:00,2023-11-01
4893,2023-11-01 23:15:00,False,23:15:00,2023-11-01
4894,2023-11-01 23:30:00,False,23:30:00,2023-11-01
4895,2023-11-01 23:45:00,False,23:45:00,2023-11-01
4896,2023-11-02 00:00:00,False,00:00:00,2023-11-02
4897,2023-11-02 00:15:00,False,00:15:00,2023-11-02
4898,2023-11-02 00:30:00,False,00:30:00,2023-11-02
4899,2023-11-02 00:45:00,False,00:45:00,2023-11-02
4900,2023-11-02 01:00:00,False,01:00:00,2023-11-02
4901,2023-11-02 01:15:00,False,01:15:00,2023-11-02
4902,2023-11-02 01:30:00,False,01:30:00,2023-11-02
4903,2023-11-02 01:45:00,False,01:45:00,2023-11-02
4904,2023-11-02 02:00:00,False,02:00:00,2023-11-02
4905,2023-11-02 02:15:00,False,02:15:00,2023-11-02
4906,2023-11-02 02:30:00,False,02:30:00,2023-11-02
4907,2023-11-02 02:45:00,False,02:45:00,2023-11-02
4908,2023-11-02 03:00:00,False,03:00:00,2023-11-02
4909,2023-11-02 03:15:00,False,03:15:00,2023-11-02
4910,2023-11-02 03:30:00,False,03:30:00,2023-11-02
4911,2023-11-02 03:45:00,False,03:45:00,2023-11-02
4912,2023-11-02 04:00:00,False,04:00:00,2023-11-02
4913,2023-11-02 04:15:00,False,04:15:00,2023-11-02
4914,2023-11-02 04:30:00,False,04:30:00,2023-11-02
4915,2023-11-02 04:45:00,False,04:45:00,2023-11-02
4916,2023-11-02 05:00:00,False,05:00:00,2023-11-02
4917,2023-11-02 05:15:00,False,05:15:00,2023-11-02
4918,2023-11-02 05:30:00,False,05:30:00,2023-11-02
4919,2023-11-02 05:45:00,False,05:45:00,2023-11-02
4920,2023-11-02 06:00:00,False,06:00:00,2023-11-02
4921,2023-11-02 06:15:00,False,06:15:00,2023-11-02
4922,2023-11-02 06:30:00,False,06:30:00,2023-11-02
4923,2023-11-02 06:45:00,False,06:45:00,2023-11-02
4924,2023-11-02 07:00:00,False,07:00:00,2023-11-02
4925,2023-11-02 07:15:00,False,07:15:00,2023-11-02
4926,2023-11-02 07:30:00,True,07:30:00,2023-11-02
4927,2023-11-02 07:45:00,False,07:45:00,2023-11-02
4928,2023-11-02 08:00:00,False,08:00:00,2023-11-02
4929,2023-11-02 08:15:00,False,08:15:00,2023-11-02
4930,2023-11-02 08:30:00,False,08:30:00,2023-11-02
4931,2023-11-02 08:45:00,False,08:45:00,2023-11-02
4932,2023-11-02 09:00:00,False,09:00:00,2023-11-02
4933,2023-11-02 09:15:00,False,09:15:00,2023-11-02
4934,2023-11-02 09:30:00,False,09:30:00,2023-11-02
4935,2023-11-02 09:45:00,False,09:45:00,2023-11-02
4936,2023-11-02 10:00:00,False,10:00:00,2023-11-02
4937,2023-11-02 10:15:00,False,10:15:00,2023-11-02
4938,2023-11-02 10:30:00,False,10:30:00,2023-11-02
4939,2023-11-02 10:45:00,False,10:45:00,2023-11-02
4940,2023-11-02 11:00:00,False,11:00:00,2023-11-02
4941,2023-11-02 11:15:00,False,11:15:00,2023-11-02
4942,2023-11-02 11:30:00,False,11:30:00,2023-11-02
4943,2023-11-02 11:45:00,False,11:45:00,2023-11-02
4944,2023-11-02 12:00:00,False,12:00:00,2023-11-02
4945,2023-11-02 12:15:00,False,12:15:00,2023-11-02
4946,2023-11-02 12:30:00,False,12:30:00,2023-11-02
4947,2023-11-02 12:45:00,False,12:45:00,2023-11-02
4948,2023-11-02 13:00:00,False,13:00:00,2023-11-02
4949,2023-11-02 13:15:00,False,13:15:00,2023-11-02
4950,2023-11-02 13:30:00,False,13:30:00,2023-11-02
4951,2023-11-02 13:45:00,False,13:45:00,2023-11-02
4952,2023-11-02 14:00:00,False,14:00:00,2023-11-02
4953,2023-11-02 14:15:00,False,14:15:00,2023-11-02
4954,2023-11-02 14:30:00,False,14:30:00,2023-11-02
4955,2023-11-02 14:45:00,False,14:45:00,2023-11-02
4956,2023-11-02 15:00:00,False,15:00:00,2023-11-02
4957,2023-11-02 15:15:00,False,15:15:00,2023-11-02
4958,2023-11-02 15:30:00,False,15:30:00,2023-11-02
4959,2023-11-02 15:45:00,False,15:45:00,2023-11-02
4960,2023-11-02 16:00:00,False,16:00:00,2023-11-02
4961,2023-11-02 16:15:00,False,16:15:00,2023-11-02
4962,2023-11-02 16:30:00,False,16:30:00,2023-11-02
4963,2023-11-02 16:45:00,False,16:45:00,2023-11-02
4964,2023-11-02 17:00:00,False,17:00:00,2023-11-02
4965,2023-11-02 17:15:00,False,17:15:00,2023-11-02
4966,2023-11-02 17:30:00,False,17:30:00,2023-11-02
4967,2023-11-02 17:45:00,False,17:45:00,2023-11-02
4968,2023-11-02 18:00:00,False,18:00:00,2023-11-02
4969,2023-11-02 18:15:00,False,18:15:00,2023-11-02
4970,2023-11-02 18:30:00,False,18:30:00,2023-11-02
4971,2023-11-02 18:45:00,False,18:45:00,2023-11-02
4972,2023-11-02 19:00:00,False,19:00:00,2023-11-02
4973,2023-11-02 19:15:00,False,19:15:00,2023-11-02
4974,2023-11-02 19:30:00,False,19:30:00,2023-11-02
4975,2023-11-02 19:45:00,False,19:45:00,2023-11-02
4976,2023-11-02 20:00:00,False,20:00:00,2023-11-02
4977,2023-11-02 20:15:00,False,20:15:00,2023-11-02
4978,2023-11-02 20:30:00,False,20:30:00,2023-11-02
4979,2023-11-02 20:45:00,False,20:45:00,2023-11-02
4980,2023-11-02 21:00:00,False,21:00:00,2023-11-02
4981,2023-11-02 21:15:00,False,21:15:00,2023-11-02
4982,2023-11-02 21:30:00,False,21:30:00,2023-11-02
4983,2023-11-02 21:45:00,False,21:45:00,2023-11-02
4984,2023-11-02 22:00:00,False,22:00:00,2023-11-02
4985,2023-11-02 22:15:00,False,22:15:00,2023-11-02
4986,2023-11-02 22:30:00,False,22:30:00,2023-11-02
4987,2023-11-02 22:45:00,False,22:45:00,2023-11-02
4988,2023-11-02 23:00:00,False,23:00:00,2023-11-02
4989,2023-11-02 23:15:00,False,23:15:00,2023-11-02
4990,2023-11-02 23:30:00,False,23:30:00,2023-11-02
4991,2023-11-02 23:45:00,False,23:45:00,2023-11-02
4992,2023-11-03 00:00:00,False,00:00:00,2023-11-03
4993,2023-11-03 00:15:00,False,00:15:00,2023-11-03
4994,2023-11-03 00:30:00,False,00:30:00,2023-11-03
4995,2023-11-03 00:45:00,False,00:45:00,2023-11-03
4996,2023-11-03 01:00:00,False,01:00:00,2023-11-03
4997,2023-11-03 01:15:00,False,01:15:00,2023-11-03
4998,2023-11-03 01:30:00,False,01:30:00,2023-11-03
4999,2023-11-03 01:45:00,False,01:45:00,2023-11-03
5000,2023-11-03 02:00:00,False,02:00:00,2023-11-03
5001,2023-11-03 02:15:00,False,02:15:00,2023-11-03
5002,2023-11-03 02:30:00,False,02:30:00,2023-11-03
5003,2023-11-03 02:45:00,False,02:45:00,2023-11-03
5004,2023-11-03 03:00:00,False,03:00:00,2023-11-03
5005,2023-11-03 03:15:00,False,03:15:00,2023-11-03
5006,2023-11-03 03:30:00,False,03:30:00,2023-11-03
5007,2023-11-03 03:45:00,False,03:45:00,2023-11-03
5008,2023-11-03 04:00:00,False,04:00:00,2023-11-03
5009,2023-11-03 04:15:00,False,04:15:00,2023-11-03
5010,2023-11-03 04:30:00,False,04:30:00,2023-11-03
5011,2023-11-03 04:45:00,False,04:45:00,2023-11-03
5012,2023-11-03 05:00:00,False,05:00:00,2023-11-03
5013,2023-11-03 05:15:00,False,05:15:00,2023-11-03
5014,2023-11-03 05:30:00,False,05:30:00,2023-11-03
5015,2023-11-03 05:45:00,False,05:45:00,2023-11-03
5016,2023-11-03 06:00:00,False,06:00:00,2023-11-03
5017,2023-11-03 06:15:00,False,06:15:00,2023-11-03
5018,2023-11-03 06:30:00,False,06:30:00,2023-11-03
5019,2023-11-03 06:45:00,False,06:45:00,2023-11-03
5020,2023-11-03 07:00:00,False,07:00:00,2023-11-03
5021,2023-11-03 07:15:00,False,07:15:00,2023-11-03
5022,2023-11-03 07:30:00,False,07:30:00,2023-11-03
5023,2023-11-03 07:45:00,False,07:45:00,2023-11-03
5024,2023-11-03 08:00:00,False,08:00:00,2023-11-03
5025,2023-11-03 08:15:00,False,08:15:00,2023-11-03
5026,2023-11-03 08:30:00,False,08:30:00,2023-11-03
5027,2023-11-03 08:45:00,False,08:45:00,2023-11-03
5028,2023-11-03 09:00:00,False,09:00:00,2023-11-03
5029,2023-11-03 09:15:00,False,09:15:00,2023-11-03
5030,2023-11-03 09:30:00,False,09:30:00,2023-11-03
5031,2023-11-03 09:45:00,False,09:45:00,2023-11-03
5032,2023-11-03 10:00:00,False,10:00:00,2023-11-03
5033,2023-11-03 10:15:00,False,10:15:00,2023-11-03
5034,2023-11-03 10:30:00,False,10:30:00,2023-11-03
5035,2023-11-03 10:45:00,False,10:45:00,2023-11-03
5036,2023-11-03 11:00:00,False,11:00:00,2023-11-03
5037,2023-11-03 11:15:00,False,11:15:00,2023-11-03
5038,2023-11-03 11:30:00,False,11:30:00,2023-11-03
5039,2023-11-03 11:45:00,False,11:45:00,2023-11-03
5040,2023-11-03 12:00:00,False,12:00:00,2023-11-03
5041,2023-11-03 12:15:00,False,12:15:00,2023-11-03
5042,2023-11-03 12:30:00,False,12:30:00,2023-11-03
5043,2023-11-03 12:45:00,False,12:45:00,2023-11-03
5044,2023-11-03 13:00:00,False,13:00:00,2023-11-03
5045,2023-11-03 13:15:00,False,13:15:00,2023-11-03
5046,2023-11-03 13:30:00,False,13:30:00,2023-11-03
5047,2023-11-03 13:45:00,False,13:45:00,2023-11-03
5048,2023-11-03 14:00:00,False,14:00:00,2023-11-03
5049,2023-11-03 14:15:00,False,14:15:00,2023-11-03
5050,2023-11-03 14:30:00,False,14:30:00,2023-11-03
5051,2023-11-03 14:45:00,False,14:45:00,2023-11-03
5052,2023-11-03 15:00:00,False,15:00:00,2023-11-03
5053,2023-11-03 15:15:00,False,15:15:00,2023-11-03
5054,2023-11-03 15:30:00,False,15:30:00,2023-11-03
5055,2023-11-03 15:45:00,False,15:45:00,2023-11-03
5056,2023-11-03 16:00:00,False,16:00:00,2023-11-03
5057,2023-11-03 16:15:00,False,16:15:00,2023-11-03
5058,2023-11-03 16:30:00,False,16:30:00,2023-11-03
5059,2023-11-03 16:45:00,False,16:45:00,2023-11-03
5060,2023-11-03 17:00:00,False,17:00:00,2023-11-03
5061,2023-11-03 17:15:00,False,17:15:00,2023-11-03
5062,2023-11-03 17:30:00,False,17:30:00,2023-11-03
5063,2023-11-03 17:45:00,False,17:45:00,2023-11-03
5064,2023-11-03 18:00:00,False,18:00:00,2023-11-03
5065,2023-11-03 18:15:00,False,18:15:00,2023-11-03
5066,2023-11-03 18:30:00,False,18:30:00,2023-11-03
5067,2023-11-03 18:45:00,False,18:45:00,2023-11-03
5068,2023-11-03 19:00:00,False,19:00:00,2023-11-03
5069,2023-11-03 19:15:00,False,19:15:00,2023-11-03
5070,2023-11-03 19:30:00,False,19:30:00,2023-11-03
5071,2023-11-03 19:45:00,False,19:45:00,2023-11-03
5072,2023-11-03 20:00:00,False,20:00:00,2023-11-03
5073,2023-11-03 20:15:00,False,20:15:00,2023-11-03
5074,2023-11-03 20:30:00,False,20:30:00,2023-11-03
5075,2023-11-03 20:45:00,False,20:45:00,2023-11-03
5076,2023-11-03 21:00:00,False,21:00:00,2023-11-03
5077,2023-11-03 21:15:00,False,21:15:00,2023-11-03
5078,2023-11-03 21:30:00,False,21:30:00,2023-11-03
5079,2023-11-03 21:45:00,False,21:45:00,2023-11-03
5080,2023-11-03 22:00:00,False,22:00:00,2023-11-03
5081,2023-11-03 22:15:00,False,22:15:00,2023-11-03
5082,2023-11-03 22:30:00,False,22:30:00,2023-11-03
5083,2023-11-03 22:45:00,False,22:45:00,2023-11-03
5084,2023-11-03 23:00:00,False,23:00:00,2023-11-03
5085,2023-11-03 23:15:00,False,23:15:00,2023-11-03
5086,2023-11-03 23:30:00,False,23:30:00,2023-11-03
5087,2023-11-03 23:45:00,False,23:45:00,2023-11-03
5088,2023-11-04 00:00:00,True,00:00:00,2023-11-04
5089,2023-11-04 00:15:00,True,00:15:00,2023-11-04
5090,2023-11-04 00:30:00,True,00:30:00,2023-11-04
5091,2023-11-04 00:45:00,True,00:45:00,2023-11-04
5092,2023-11-04 01:00:00,True,01:00:00,2023-11-04
5093,2023-11-04 01:15:00,True,01:15:00,2023-11-04
5094,2023-11-04 01:30:00,True,01:30:00,2023-11-04
5095,2023-11-04 01:45:00,True,01:45:00,2023-11-04
5096,2023-11-04 02:00:00,True,02:00:00,2023-11-04
5097,2023-11-04 02:15:00,True,02:15:00,2023-11-04
5098,2023-11-04 02:30:00,True,02:30:00,2023-11-04
5099,2023-11-04 02:45:00,True,02:45:00,2023-11-04
5100,2023-11-04 03:00:00,True,03:00:00,2023-11-04
5101,2023-11-04 03:15:00,True,03:15:00,2023-11-04
5102,2023-11-04 03:30:00,True,03:30:00,2023-11-04
5103,2023-11-04 03:45:00,True,03:45:00,2023-11-04
5104,2023-11-04 04:00:00,True,04:00:00,2023-11-04
5105,2023-11-04 04:15:00,True,04:15:00,2023-11-04
5106,2023-11-04 04:30:00,True,04:30:00,2023-11-04
5107,2023-11-04 04:45:00,True,04:45:00,2023-11-04
5108,2023-11-04 05:00:00,True,05:00:00,2023-11-04
5109,2023-11-04 05:15:00,True,05:15:00,2023-11-04
5110,2023-11-04 05:30:00,True,05:30:00,2023-11-04
5111,2023-11-04 05:45:00,True,05:45:00,2023-11-04
5112,2023-11-04 06:00:00,True,06:00:00,2023-11-04
5113,2023-11-04 06:15:00,True,06:15:00,2023-11-04
5114,2023-11-04 06:30:00,True,06:30:00,2023-11-04
5115,2023-11-04 06:45:00,True,06:45:00,2023-11-04
5116,2023-11-04 07:00:00,True,07:00:00,2023-11-04
5117,2023-11-04 07:15:00,True,07:15:00,2023-11-04
5118,2023-11-04 07:30:00,True,07:30:00,2023-11-04
5119,2023-11-04 07:45:00,True,07:45:00,2023-11-04
5120,2023-11-04 08:00:00,True,08:00:00,2023-11-04
5121,2023-11-04 08:15:00,True,08:15:00,2023-11-04
5122,2023-11-04 08:30:00,True,08:30:00,2023-11-04
5123,2023-11-04 08:45:00,True,08:45:00,2023-11-04
5124,2023-11-04 09:00:00,True,09:00:00,2023-11-04
5125,2023-11-04 09:15:00,True,09:15:00,2023-11-04
5126,2023-11-04 09:30:00,True,09:30:00,2023-11-04
5127,2023-11-04 09:45:00,True,09:45:00,2023-11-04
5128,2023-11-04 10:00:00,True,10:00:00,2023-11-04
5129,2023-11-04 10:15:00,True,10:15:00,2023-11-04
5130,2023-11-04 10:30:00,True,10:30:00,2023-11-04
5131,2023-11-04 10:45:00,True,10:45:00,2023-11-04
5132,2023-11-04 11:00:00,True,11:00:00,2023-11-04
5133,2023-11-04 11:15:00,True,11:15:00,2023-11-04
5134,2023-11-04 11:30:00,True,11:30:00,2023-11-04
5135,2023-11-04 11:45:00,True,11:45:00,2023-11-04
5136,2023-11-04 12:00:00,True,12:00:00,2023-11-04
5137,2023-11-04 12:15:00,True,12:15:00,2023-11-04
5138,2023-11-04 12:30:00,True,12:30:00,2023-11-04
5139,2023-11-04 12:45:00,True,12:45:00,2023-11-04
5140,2023-11-04 13:00:00,True,13:00:00,2023-11-04
5141,2023-11-04 13:15:00,True,13:15:00,2023-11-04
5142,2023-11-04 13:30:00,True,13:30:00,2023-11-04
5143,2023-11-04 13:45:00,True,13:45:00,2023-11-04
5144,2023-11-04 14:00:00,True,14:00:00,2023-11-04
5145,2023-11-04 14:15:00,True,14:15:00,2023-11-04
5146,2023-11-04 14:30:00,True,14:30:00,2023-11-04
5147,2023-11-04 14:45:00,True,14:45:00,2023-11-04
5148,2023-11-04 15:00:00,True,15:00:00,2023-11-04
5149,2023-11-04 15:15:00,True,15:15:00,2023-11-04
5150,2023-11-04 15:30:00,True,15:30:00,2023-11-04
5151,2023-11-04 15:45:00,True,15:45:00,2023-11-04
5152,2023-11-04 16:00:00,True,16:00:00,2023-11-04
5153,2023-11-04 16:15:00,True,16:15:00,2023-11-04
5154,2023-11-04 16:30:00,True,16:30:00,2023-11-04
5155,2023-11-04 16:45:00,True,16:45:00,2023-11-04
5156,2023-11-04 17:00:00,True,17:00:00,2023-11-04
5157,2023-11-04 17:15:00,True,17:15:00,2023-11-04
5158,2023-11-04 17:30:00,True,17:30:00,2023-11-04
5159,2023-11-04 17:45:00,True,17:45:00,2023-11-04
5160,2023-11-04 18:00:00,True,18:00:00,2023-11-04
5161,2023-11-04 18:15:00,True,18:15:00,2023-11-04
5162,2023-11-04 18:30:00,True,18:30:00,2023-11-04
5163,2023-11-04 18:45:00,True,18:45:00,2023-11-04
5164,2023-11-04 19:00:00,True,19:00:00,2023-11-04
5165,2023-11-04 19:15:00,True,19:15:00,2023-11-04
5166,2023-11-04 19:30:00,True,19:30:00,2023-11-04
5167,2023-11-04 19:45:00,True,19:45:00,2023-11-04
5168,2023-11-04 20:00:00,True,20:00:00,2023-11-04
5169,2023-11-04 20:15:00,True,20:15:00,2023-11-04
5170,2023-11-04 20:30:00,True,20:30:00,2023-11-04
5171,2023-11-04 20:45:00,True,20:45:00,2023-11-04
5172,2023-11-04 21:00:00,True,21:00:00,2023-11-04
5173,2023-11-04 21:15:00,True,21:15:00,2023-11-04
5174,2023-11-04 21:30:00,True,21:30:00,2023-11-04
5175,2023-11-04 21:45:00,True,21:45:00,2023-11-04
5176,2023-11-04 22:00:00,True,22:00:00,2023-11-04
5177,2023-11-04 22:15:00,True,22:15:00,2023-11-04
5178,2023-11-04 22:30:00,True,22:30:00,2023-11-04
5179,2023-11-04 22:45:00,True,22:45:00,2023-11-04
5180,2023-11-04 23:00:00,True,23:00:00,2023-11-04
5181,2023-11-04 23:15:00,True,23:15:00,2023-11-04
5182,2023-11-04 23:30:00,True,23:30:00,2023-11-04
5183,2023-11-04 23:45:00,True,23:45:00,2023-11-04
5184,2023-11-05 00:00:00,True,00:00:00,2023-11-05
5185,2023-11-05 00:15:00,True,00:15:00,2023-11-05
5186,2023-11-05 00:30:00,True,00:30:00,2023-11-05
5187,2023-11-05 00:45:00,True,00:45:00,2023-11-05
5188,2023-11-05 01:00:00,True,01:00:00,2023-11-05
5189,2023-11-05 01:15:00,True,01:15:00,2023-11-05
5190,2023-11-05 01:30:00,True,01:30:00,2023-11-05
5191,2023-11-05 01:45:00,True,01:45:00,2023-11-05
5192,2023-11-05 02:00:00,True,02:00:00,2023-11-05
5193,2023-11-05 02:15:00,True,02:15:00,2023-11-05
5194,2023-11-05 02:30:00,True,02:30:00,2023-11-05
5195,2023-11-05 02:45:00,True,02:45:00,2023-11-05
5196,2023-11-05 03:00:00,True,03:00:00,2023-11-05
5197,2023-11-05 03:15:00,True,03:15:00,2023-11-05
5198,2023-11-05 03:30:00,True,03:30:00,2023-11-05
5199,2023-11-05 03:45:00,True,03:45:00,2023-11-05
5200,2023-11-05 04:00:00,True,04:00:00,2023-11-05
5201,2023-11-05 04:15:00,True,04:15:00,2023-11-05
5202,2023-11-05 04:30:00,True,04:30:00,2023-11-05
5203,2023-11-05 04:45:00,True,04:45:00,2023-11-05
5204,2023-11-05 05:00:00,True,05:00:00,2023-11-05
5205,2023-11-05 05:15:00,True,05:15:00,2023-11-05
5206,2023-11-05 05:30:00,True,05:30:00,2023-11-05
5207,2023-11-05 05:45:00,True,05:45:00,2023-11-05
5208,2023-11-05 06:00:00,True,06:00:00,2023-11-05
5209,2023-11-05 06:15:00,True,06:15:00,2023-11-05
5210,2023-11-05 06:30:00,True,06:30:00,2023-11-05
5211,2023-11-05 06:45:00,True,06:45:00,2023-11-05
5212,2023-11-05 07:00:00,True,07:00:00,2023-11-05
5213,2023-11-05 07:15:00,True,07:15:00,2023-11-05
5214,2023-11-05 07:30:00,True,07:30:00,2023-11-05
5215,2023-11-05 07:45:00,True,07:45:00,2023-11-05
5216,2023-11-05 08:00:00,True,08:00:00,2023-11-05
5217,2023-11-05 08:15:00,True,08:15:00,2023-11-05
5218,2023-11-05 08:30:00,True,08:30:00,2023-11-05
5219,2023-11-05 08:45:00,True,08:45:00,2023-11-05
5220,2023-11-05 09:00:00,True,09:00:00,2023-11-05
5221,2023-11-05 09:15:00,True,09:15:00,2023-11-05
5222,2023-11-05 09:30:00,True,09:30:00,2023-11-05
5223,2023-11-05 09:45:00,True,09:45:00,2023-11-05
5224,2023-11-05 10:00:00,True,10:00:00,2023-11-05
5225,2023-11-05 10:15:00,True,10:15:00,2023-11-05
5226,2023-11-05 10:30:00,True,10:30:00,2023-11-05
5227,2023-11-05 10:45:00,True,10:45:00,2023-11-05
5228,2023-11-05 11:00:00,True,11:00:00,2023-11-05
5229,2023-11-05 11:15:00,True,11:15:00,2023-11-05
5230,2023-11-05 11:30:00,True,11:30:00,2023-11-05
5231,2023-11-05 11:45:00,True,11:45:00,2023-11-05
5232,2023-11-05 12:00:00,True,12:00:00,2023-11-05
5233,2023-11-05 12:15:00,True,12:15:00,2023-11-05
5234,2023-11-05 12:30:00,True,12:30:00,2023-11-05
5235,2023-11-05 12:45:00,True,12:45:00,2023-11-05
5236,2023-11-05 13:00:00,True,13:00:00,2023-11-05
5237,2023-11-05 13:15:00,True,13:15:00,2023-11-05
5238,2023-11-05 13:30:00,True,13:30:00,2023-11-05
5239,2023-11-05 13:45:00,True,13:45:00,2023-11-05
5240,2023-11-05 14:00:00,True,14:00:00,2023-11-05
5241,2023-11-05 14:15:00,True,14:15:00,2023-11-05
5242,2023-11-05 14:30:00,True,14:30:00,2023-11-05
5243,2023-11-05 14:45:00,True,14:45:00,2023-11-05
5244,2023-11-05 15:00:00,True,15:00:00,2023-11-05
5245,2023-11-05 15:15:00,True,15:15:00,2023-11-05
5246,2023-11-05 15:30:00,True,15:30:00,2023-11-05
5247,2023-11-05 15:45:00,True,15:45:00,2023-11-05
5248,2023-11-05 16:00:00,True,16:00:00,2023-11-05
5249,2023-11-05 16:15:00,True,16:15:00,2023-11-05
5250,2023-11-05 16:30:00,True,16:30:00,2023-11-05
5251,2023-11-05 16:45:00,True,16:45:00,2023-11-05
5252,2023-11-05 17:00:00,True,17:00:00,2023-11-05
5253,2023-11-05 17:15:00,True,17:15:00,2023-11-05
5254,2023-11-05 17:30:00,True,17:30:00,2023-11-05
5255,2023-11-05 17:45:00,True,17:45:00,2023-11-05
5256,2023-11-05 18:00:00,True,18:00:00,2023-11-05
5257,2023-11-05 18:15:00,True,18:15:00,2023-11-05
5258,2023-11-05 18:30:00,True,18:30:00,2023-11-05
5259,2023-11-05 18:45:00,True,18:45:00,2023-11-05
5260,2023-11-05 19:00:00,True,19:00:00,2023-11-05
5261,2023-11-05 19:15:00,True,19:15:00,2023-11-05
5262,2023-11-05 19:30:00,True,19:30:00,2023-11-05
5263,2023-11-05 19:45:00,True,19:45:00,2023-11-05
5264,2023-11-05 20:00:00,True,20:00:00,2023-11-05
5265,2023-11-05 20:15:00,True,20:15:00,2023-11-05
5266,2023-11-05 20:30:00,True,20:30:00,2023-11-05
5267,2023-11-05 20:45:00,True,20:45:00,2023-11-05
5268,2023-11-05 21:00:00,True,21:00:00,2023-11-05
5269,2023-11-05 21:15:00,True,21:15:00,2023-11-05
5270,2023-11-05 21:30:00,True,21:30:00,2023-11-05
5271,2023-11-05 21:45:00,True,21:45:00,2023-11-05
5272,2023-11-05 22:00:00,True,22:00:00,2023-11-05
5273,2023-11-05 22:15:00,True,22:15:00,2023-11-05
5274,2023-11-05 22:30:00,True,22:30:00,2023-11-05
5275,2023-11-05 22:45:00,True,22:45:00,2023-11-05
5276,2023-11-05 23:00:00,True,23:00:00,2023-11-05
5277,2023-11-05 23:15:00,True,23:15:00,2023-11-05
5278,2023-11-05 23:30:00,True,23:30:00,2023-11-05
5279,2023-11-05 23:45:00,True,23:45:00,2023-11-05
5280,2023-11-06 00:00:00,True,00:00:00,2023-11-06
5281,2023-11-06 00:15:00,True,00:15:00,2023-11-06
5282,2023-11-06 00:30:00,True,00:30:00,2023-11-06
5283,2023-11-06 00:45:00,True,00:45:00,2023-11-06
5284,2023-11-06 01:00:00,True,01:00:00,2023-11-06
5285,2023-11-06 01:15:00,True,01:15:00,2023-11-06
5286,2023-11-06 01:30:00,True,01:30:00,2023-11-06
5287,2023-11-06 01:45:00,True,01:45:00,2023-11-06
5288,2023-11-06 02:00:00,True,02:00:00,2023-11-06
5289,2023-11-06 02:15:00,True,02:15:00,2023-11-06
5290,2023-11-06 02:30:00,True,02:30:00,2023-11-06
5291,2023-11-06 02:45:00,True,02:45:00,2023-11-06
5292,2023-11-06 03:00:00,True,03:00:00,2023-11-06
5293,2023-11-06 03:15:00,True,03:15:00,2023-11-06
5294,2023-11-06 03:30:00,True,03:30:00,2023-11-06
5295,2023-11-06 03:45:00,True,03:45:00,2023-11-06
5296,2023-11-06 04:00:00,True,04:00:00,2023-11-06
5297,2023-11-06 04:15:00,True,04:15:00,2023-11-06
5298,2023-11-06 04:30:00,True,04:30:00,2023-11-06
5299,2023-11-06 04:45:00,True,04:45:00,2023-11-06
5300,2023-11-06 05:00:00,True,05:00:00,2023-11-06
5301,2023-11-06 05:15:00,True,05:15:00,2023-11-06
5302,2023-11-06 05:30:00,True,05:30:00,2023-11-06
5303,2023-11-06 05:45:00,True,05:45:00,2023-11-06
5304,2023-11-06 06:00:00,True,06:00:00,2023-11-06
5305,2023-11-06 06:15:00,True,06:15:00,2023-11-06
5306,2023-11-06 06:30:00,True,06:30:00,2023-11-06
5307,2023-11-06 06:45:00,True,06:45:00,2023-11-06
5308,2023-11-06 07:00:00,True,07:00:00,2023-11-06
5309,2023-11-06 07:15:00,True,07:15:00,2023-11-06
5310,2023-11-06 07:30:00,True,07:30:00,2023-11-06
5311,2023-11-06 07:45:00,True,07:45:00,2023-11-06
5312,2023-11-06 08:00:00,True,08:00:00,2023-11-06
5313,2023-11-06 08:15:00,True,08:15:00,2023-11-06
5314,2023-11-06 08:30:00,True,08:30:00,2023-11-06
5315,2023-11-06 08:45:00,True,08:45:00,2023-11-06
5316,2023-11-06 09:00:00,True,09:00:00,2023-11-06
5317,2023-11-06 09:15:00,True,09:15:00,2023-11-06
5318,2023-11-06 09:30:00,True,09:30:00,2023-11-06
5319,2023-11-06 09:45:00,True,09:45:00,2023-11-06
5320,2023-11-06 10:00:00,True,10:00:00,2023-11-06
5321,2023-11-06 10:15:00,True,10:15:00,2023-11-06
5322,2023-11-06 10:30:00,True,10:30:00,2023-11-06
5323,2023-11-06 10:45:00,True,10:45:00,2023-11-06
5324,2023-11-06 11:00:00,True,11:00:00,2023-11-06
5325,2023-11-06 11:15:00,True,11:15:00,2023-11-06
5326,2023-11-06 11:30:00,True,11:30:00,2023-11-06
5327,2023-11-06 11:45:00,True,11:45:00,2023-11-06
5328,2023-11-06 12:00:00,True,12:00:00,2023-11-06
5329,2023-11-06 12:15:00,True,12:15:00,2023-11-06
5330,2023-11-06 12:30:00,True,12:30:00,2023-11-06
5331,2023-11-06 12:45:00,True,12:45:00,2023-11-06
5332,2023-11-06 13:00:00,True,13:00:00,2023-11-06
5333,2023-11-06 13:15:00,True,13:15:00,2023-11-06
5334,2023-11-06 13:30:00,True,13:30:00,2023-11-06
5335,2023-11-06 13:45:00,True,13:45:00,2023-11-06
5336,2023-11-06 14:00:00,True,14:00:00,2023-11-06
5337,2023-11-06 14:15:00,True,14:15:00,2023-11-06
5338,2023-11-06 14:30:00,True,14:30:00,2023-11-06
5339,2023-11-06 14:45:00,True,14:45:00,2023-11-06
5340,2023-11-06 15:00:00,True,15:00:00,2023-11-06
5341,2023-11-06 15:15:00,True,15:15:00,2023-11-06
5342,2023-11-06 15:30:00,True,15:30:00,2023-11-06
5343,2023-11-06 15:45:00,True,15:45:00,2023-11-06
5344,2023-11-06 16:00:00,True,16:00:00,2023-11-06
5345,2023-11-06 16:15:00,True,16:15:00,2023-11-06
5346,2023-11-06 16:30:00,True,16:30:00,2023-11-06
5347,2023-11-06 16:45:00,True,16:45:00,2023-11-06
5348,2023-11-06 17:00:00,True,17:00:00,2023-11-06
5349,2023-11-06 17:15:00,True,17:15:00,2023-11-06
5350,2023-11-06 17:30:00,True,17:30:00,2023-11-06
5351,2023-11-06 17:45:00,True,17:45:00,2023-11-06
5352,2023-11-06 18:00:00,True,18:00:00,2023-11-06
5353,2023-11-06 18:15:00,True,18:15:00,2023-11-06
5354,2023-11-06 18:30:00,True,18:30:00,2023-11-06
5355,2023-11-06 18:45:00,True,18:45:00,2023-11-06
5356,2023-11-06 19:00:00,True,19:00:00,2023-11-06
5357,2023-11-06 19:15:00,True,19:15:00,2023-11-06
5358,2023-11-06 19:30:00,True,19:30:00,2023-11-06
5359,2023-11-06 19:45:00,True,19:45:00,2023-11-06
5360,2023-11-06 20:00:00,True,20:00:00,2023-11-06
5361,2023-11-06 20:15:00,True,20:15:00,2023-11-06
5362,2023-11-06 20:30:00,True,20:30:00,2023-11-06
5363,2023-11-06 20:45:00,True,20:45:00,2023-11-06
5364,2023-11-06 21:00:00,True,21:00:00,2023-11-06
5365,2023-11-06 21:15:00,True,21:15:00,2023-11-06
5366,2023-11-06 21:30:00,True,21:30:00,2023-11-06
5367,2023-11-06 21:45:00,True,21:45:00,2023-11-06
5368,2023-11-06 22:00:00,True,22:00:00,2023-11-06
5369,2023-11-06 22:15:00,True,22:15:00,2023-11-06
5370,2023-11-06 22:30:00,False,22:30:00,2023-11-06
5371,2023-11-06 22:45:00,False,22:45:00,2023-11-06
5372,2023-11-06 23:00:00,False,23:00:00,2023-11-06
5373,2023-11-06 23:15:00,False,23:15:00,2023-11-06
5374,2023-11-06 23:30:00,False,23:30:00,2023-11-06
5375,2023-11-06 23:45:00,False,23:45:00,2023-11-06
5376,2023-11-07 00:00:00,False,00:00:00,2023-11-07
5377,2023-11-07 00:15:00,False,00:15:00,2023-11-07
5378,2023-11-07 00:30:00,False,00:30:00,2023-11-07
5379,2023-11-07 00:45:00,False,00:45:00,2023-11-07
5380,2023-11-07 01:00:00,False,01:00:00,2023-11-07
5381,2023-11-07 01:15:00,False,01:15:00,2023-11-07
5382,2023-11-07 01:30:00,False,01:30:00,2023-11-07
5383,2023-11-07 01:45:00,False,01:45:00,2023-11-07
5384,2023-11-07 02:00:00,False,02:00:00,2023-11-07
5385,2023-11-07 02:15:00,False,02:15:00,2023-11-07
5386,2023-11-07 02:30:00,False,02:30:00,2023-11-07
5387,2023-11-07 02:45:00,False,02:45:00,2023-11-07
5388,2023-11-07 03:00:00,False,03:00:00,2023-11-07
5389,2023-11-07 03:15:00,False,03:15:00,2023-11-07
5390,2023-11-07 03:30:00,False,03:30:00,2023-11-07
5391,2023-11-07 03:45:00,False,03:45:00,2023-11-07
5392,2023-11-07 04:00:00,False,04:00:00,2023-11-07
5393,2023-11-07 04:15:00,False,04:15:00,2023-11-07
5394,2023-11-07 04:30:00,False,04:30:00,2023-11-07
5395,2023-11-07 04:45:00,False,04:45:00,2023-11-07
5396,2023-11-07 05:00:00,False,05:00:00,2023-11-07
5397,2023-11-07 05:15:00,False,05:15:00,2023-11-07
5398,2023-11-07 05:30:00,False,05:30:00,2023-11-07
5399,2023-11-07 05:45:00,False,05:45:00,2023-11-07
5400,2023-11-07 06:00:00,False,06:00:00,2023-11-07
5401,2023-11-07 06:15:00,False,06:15:00,2023-11-07
5402,2023-11-07 06:30:00,False,06:30:00,2023-11-07
5403,2023-11-07 06:45:00,False,06:45:00,2023-11-07
5404,2023-11-07 07:00:00,False,07:00:00,2023-11-07
5405,2023-11-07 07:15:00,False,07:15:00,2023-11-07
5406,2023-11-07 07:30:00,False,07:30:00,2023-11-07
5407,2023-11-07 07:45:00,False,07:45:00,2023-11-07
5408,2023-11-07 08:00:00,False,08:00:00,2023-11-07
5409,2023-11-07 08:15:00,False,08:15:00,2023-11-07
5410,2023-11-07 08:30:00,False,08:30:00,2023-11-07
5411,2023-11-07 08:45:00,False,08:45:00,2023-11-07
5412,2023-11-07 09:00:00,True,09:00:00,2023-11-07
5413,2023-11-07 09:15:00,True,09:15:00,2023-11-07
5414,2023-11-07 09:30:00,False,09:30:00,2023-11-07
5415,2023-11-07 09:45:00,False,09:45:00,2023-11-07
5416,2023-11-07 10:00:00,False,10:00:00,2023-11-07
5417,2023-11-07 10:15:00,False,10:15:00,2023-11-07
5418,2023-11-07 10:30:00,False,10:30:00,2023-11-07
5419,2023-11-07 10:45:00,False,10:45:00,2023-11-07
5420,2023-11-07 11:00:00,False,11:00:00,2023-11-07
5421,2023-11-07 11:15:00,False,11:15:00,2023-11-07
5422,2023-11-07 11:30:00,False,11:30:00,2023-11-07
5423,2023-11-07 11:45:00,False,11:45:00,2023-11-07
5424,2023-11-07 12:00:00,False,12:00:00,2023-11-07
5425,2023-11-07 12:15:00,False,12:15:00,2023-11-07
5426,2023-11-07 12:30:00,False,12:30:00,2023-11-07
5427,2023-11-07 12:45:00,False,12:45:00,2023-11-07
5428,2023-11-07 13:00:00,False,13:00:00,2023-11-07
5429,2023-11-07 13:15:00,False,13:15:00,2023-11-07
5430,2023-11-07 13:30:00,False,13:30:00,2023-11-07
5431,2023-11-07 13:45:00,False,13:45:00,2023-11-07
5432,2023-11-07 14:00:00,False,14:00:00,2023-11-07
5433,2023-11-07 14:15:00,False,14:15:00,2023-11-07
5434,2023-11-07 14:30:00,False,14:30:00,2023-11-07
5435,2023-11-07 14:45:00,False,14:45:00,2023-11-07
5436,2023-11-07 15:00:00,False,15:00:00,2023-11-07
5437,2023-11-07 15:15:00,False,15:15:00,2023-11-07
5438,2023-11-07 15:30:00,False,15:30:00,2023-11-07
5439,2023-11-07 15:45:00,False,15:45:00,2023-11-07
5440,2023-11-07 16:00:00,False,16:00:00,2023-11-07
5441,2023-11-07 16:15:00,False,16:15:00,2023-11-07
5442,2023-11-07 16:30:00,False,16:30:00,2023-11-07
5443,2023-11-07 16:45:00,False,16:45:00,2023-11-07
5444,2023-11-07 17:00:00,False,17:00:00,2023-11-07
5445,2023-11-07 17:15:00,False,17:15:00,2023-11-07
5446,2023-11-07 17:30:00,False,17:30:00,2023-11-07
5447,2023-11-07 17:45:00,False,17:45:00,2023-11-07
5448,2023-11-07 18:00:00,False,18:00:00,2023-11-07
5449,2023-11-07 18:15:00,False,18:15:00,2023-11-07
5450,2023-11-07 18:30:00,False,18:30:00,2023-11-07
5451,2023-11-07 18:45:00,False,18:45:00,2023-11-07
5452,2023-11-07 19:00:00,False,19:00:00,2023-11-07
5453,2023-11-07 19:15:00,False,19:15:00,2023-11-07
5454,2023-11-07 19:30:00,False,19:30:00,2023-11-07
5455,2023-11-07 19:45:00,False,19:45:00,2023-11-07
5456,2023-11-07 20:00:00,False,20:00:00,2023-11-07
5457,2023-11-07 20:15:00,False,20:15:00,2023-11-07
5458,2023-11-07 20:30:00,False,20:30:00,2023-11-07
5459,2023-11-07 20:45:00,False,20:45:00,2023-11-07
5460,2023-11-07 21:00:00,False,21:00:00,2023-11-07
5461,2023-11-07 21:15:00,False,21:15:00,2023-11-07
5462,2023-11-07 21:30:00,False,21:30:00,2023-11-07
5463,2023-11-07 21:45:00,False,21:45:00,2023-11-07
5464,2023-11-07 22:00:00,False,22:00:00,2023-11-07
5465,2023-11-07 22:15:00,False,22:15:00,2023-11-07
5466,2023-11-07 22:30:00,False,22:30:00,2023-11-07
5467,2023-11-07 22:45:00,False,22:45:00,2023-11-07
5468,2023-11-07 23:00:00,False,23:00:00,2023-11-07
5469,2023-11-07 23:15:00,False,23:15:00,2023-11-07
5470,2023-11-07 23:30:00,False,23:30:00,2023-11-07
5471,2023-11-07 23:45:00,False,23:45:00,2023-11-07
5472,2023-11-08 00:00:00,False,00:00:00,2023-11-08
5473,2023-11-08 00:15:00,False,00:15:00,2023-11-08
5474,2023-11-08 00:30:00,False,00:30:00,2023-11-08
5475,2023-11-08 00:45:00,False,00:45:00,2023-11-08
5476,2023-11-08 01:00:00,False,01:00:00,2023-11-08
5477,2023-11-08 01:15:00,False,01:15:00,2023-11-08
5478,2023-11-08 01:30:00,False,01:30:00,2023-11-08
5479,2023-11-08 01:45:00,False,01:45:00,2023-11-08
5480,2023-11-08 02:00:00,False,02:00:00,2023-11-08
5481,2023-11-08 02:15:00,False,02:15:00,2023-11-08
5482,2023-11-08 02:30:00,False,02:30:00,2023-11-08
5483,2023-11-08 02:45:00,False,02:45:00,2023-11-08
5484,2023-11-08 03:00:00,False,03:00:00,2023-11-08
5485,2023-11-08 03:15:00,False,03:15:00,2023-11-08
5486,2023-11-08 03:30:00,False,03:30:00,2023-11-08
5487,2023-11-08 03:45:00,False,03:45:00,2023-11-08
5488,2023-11-08 04:00:00,False,04:00:00,2023-11-08
5489,2023-11-08 04:15:00,False,04:15:00,2023-11-08
5490,2023-11-08 04:30:00,False,04:30:00,2023-11-08
5491,2023-11-08 04:45:00,False,04:45:00,2023-11-08
5492,2023-11-08 05:00:00,False,05:00:00,2023-11-08
5493,2023-11-08 05:15:00,False,05:15:00,2023-11-08
5494,2023-11-08 05:30:00,False,05:30:00,2023-11-08
5495,2023-11-08 05:45:00,False,05:45:00,2023-11-08
5496,2023-11-08 06:00:00,False,06:00:00,2023-11-08
5497,2023-11-08 06:15:00,False,06:15:00,2023-11-08
5498,2023-11-08 06:30:00,False,06:30:00,2023-11-08
5499,2023-11-08 06:45:00,False,06:45:00,2023-11-08
5500,2023-11-08 07:00:00,False,07:00:00,2023-11-08
5501,2023-11-08 07:15:00,False,07:15:00,2023-11-08
5502,2023-11-08 07:30:00,False,07:30:00,2023-11-08
5503,2023-11-08 07:45:00,False,07:45:00,2023-11-08
5504,2023-11-08 08:00:00,False,08:00:00,2023-11-08
5505,2023-11-08 08:15:00,False,08:15:00,2023-11-08
5506,2023-11-08 08:30:00,False,08:30:00,2023-11-08
5507,2023-11-08 08:45:00,False,08:45:00,2023-11-08
5508,2023-11-08 09:00:00,False,09:00:00,2023-11-08
5509,2023-11-08 09:15:00,False,09:15:00,2023-11-08
5510,2023-11-08 09:30:00,False,09:30:00,2023-11-08
5511,2023-11-08 09:45:00,False,09:45:00,2023-11-08
5512,2023-11-08 10:00:00,False,10:00:00,2023-11-08
5513,2023-11-08 10:15:00,False,10:15:00,2023-11-08
5514,2023-11-08 10:30:00,False,10:30:00,2023-11-08
5515,2023-11-08 10:45:00,False,10:45:00,2023-11-08
5516,2023-11-08 11:00:00,False,11:00:00,2023-11-08
5517,2023-11-08 11:15:00,False,11:15:00,2023-11-08
5518,2023-11-08 11:30:00,False,11:30:00,2023-11-08
5519,2023-11-08 11:45:00,False,11:45:00,2023-11-08
5520,2023-11-08 12:00:00,False,12:00:00,2023-11-08
5521,2023-11-08 12:15:00,False,12:15:00,2023-11-08
5522,2023-11-08 12:30:00,False,12:30:00,2023-11-08
5523,2023-11-08 12:45:00,False,12:45:00,2023-11-08
5524,2023-11-08 13:00:00,False,13:00:00,2023-11-08
5525,2023-11-08 13:15:00,False,13:15:00,2023-11-08
5526,2023-11-08 13:30:00,False,13:30:00,2023-11-08
5527,2023-11-08 13:45:00,False,13:45:00,2023-11-08
5528,2023-11-08 14:00:00,False,14:00:00,2023-11-08
5529,2023-11-08 14:15:00,False,14:15:00,2023-11-08
5530,2023-11-08 14:30:00,False,14:30:00,2023-11-08
5531,2023-11-08 14:45:00,False,14:45:00,2023-11-08
5532,2023-11-08 15:00:00,False,15:00:00,2023-11-08
5533,2023-11-08 15:15:00,False,15:15:00,2023-11-08
5534,2023-11-08 15:30:00,False,15:30:00,2023-11-08
5535,2023-11-08 15:45:00,False,15:45:00,2023-11-08
5536,2023-11-08 16:00:00,False,16:00:00,2023-11-08
5537,2023-11-08 16:15:00,False,16:15:00,2023-11-08
5538,2023-11-08 16:30:00,False,16:30:00,2023-11-08
5539,2023-11-08 16:45:00,False,16:45:00,2023-11-08
5540,2023-11-08 17:00:00,True,17:00:00,2023-11-08
5541,2023-11-08 17:15:00,False,17:15:00,2023-11-08
5542,2023-11-08 17:30:00,False,17:30:00,2023-11-08
5543,2023-11-08 17:45:00,False,17:45:00,2023-11-08
5544,2023-11-08 18:00:00,False,18:00:00,2023-11-08
5545,2023-11-08 18:15:00,False,18:15:00,2023-11-08
5546,2023-11-08 18:30:00,False,18:30:00,2023-11-08
5547,2023-11-08 18:45:00,False,18:45:00,2023-11-08
5548,2023-11-08 19:00:00,False,19:00:00,2023-11-08
5549,2023-11-08 19:15:00,False,19:15:00,2023-11-08
5550,2023-11-08 19:30:00,False,19:30:00,2023-11-08
5551,2023-11-08 19:45:00,False,19:45:00,2023-11-08
5552,2023-11-08 20:00:00,False,20:00:00,2023-11-08
5553,2023-11-08 20:15:00,False,20:15:00,2023-11-08
5554,2023-11-08 20:30:00,False,20:30:00,2023-11-08
5555,2023-11-08 20:45:00,False,20:45:00,2023-11-08
5556,2023-11-08 21:00:00,False,21:00:00,2023-11-08
5557,2023-11-08 21:15:00,False,21:15:00,2023-11-08
5558,2023-11-08 21:30:00,False,21:30:00,2023-11-08
5559,2023-11-08 21:45:00,False,21:45:00,2023-11-08
5560,2023-11-08 22:00:00,False,22:00:00,2023-11-08
5561,2023-11-08 22:15:00,False,22:15:00,2023-11-08
5562,2023-11-08 22:30:00,False,22:30:00,2023-11-08
5563,2023-11-08 22:45:00,False,22:45:00,2023-11-08
5564,2023-11-08 23:00:00,False,23:00:00,2023-11-08
5565,2023-11-08 23:15:00,False,23:15:00,2023-11-08
5566,2023-11-08 23:30:00,False,23:30:00,2023-11-08
5567,2023-11-08 23:45:00,False,23:45:00,2023-11-08
5568,2023-11-09 00:00:00,False,00:00:00,2023-11-09
5569,2023-11-09 00:15:00,False,00:15:00,2023-11-09
5570,2023-11-09 00:30:00,False,00:30:00,2023-11-09
5571,2023-11-09 00:45:00,False,00:45:00,2023-11-09
5572,2023-11-09 01:00:00,False,01:00:00,2023-11-09
5573,2023-11-09 01:15:00,False,01:15:00,2023-11-09
5574,2023-11-09 01:30:00,False,01:30:00,2023-11-09
5575,2023-11-09 01:45:00,False,01:45:00,2023-11-09
5576,2023-11-09 02:00:00,False,02:00:00,2023-11-09
5577,2023-11-09 02:15:00,False,02:15:00,2023-11-09
5578,2023-11-09 02:30:00,False,02:30:00,2023-11-09
5579,2023-11-09 02:45:00,False,02:45:00,2023-11-09
5580,2023-11-09 03:00:00,False,03:00:00,2023-11-09
5581,2023-11-09 03:15:00,False,03:15:00,2023-11-09
5582,2023-11-09 03:30:00,False,03:30:00,2023-11-09
5583,2023-11-09 03:45:00,False,03:45:00,2023-11-09
5584,2023-11-09 04:00:00,False,04:00:00,2023-11-09
5585,2023-11-09 04:15:00,False,04:15:00,2023-11-09
5586,2023-11-09 04:30:00,False,04:30:00,2023-11-09
5587,2023-11-09 04:45:00,False,04:45:00,2023-11-09
5588,2023-11-09 05:00:00,False,05:00:00,2023-11-09
5589,2023-11-09 05:15:00,False,05:15:00,2023-11-09
5590,2023-11-09 05:30:00,False,05:30:00,2023-11-09
5591,2023-11-09 05:45:00,False,05:45:00,2023-11-09
5592,2023-11-09 06:00:00,False,06:00:00,2023-11-09
5593,2023-11-09 06:15:00,False,06:15:00,2023-11-09
5594,2023-11-09 06:30:00,False,06:30:00,2023-11-09
5595,2023-11-09 06:45:00,False,06:45:00,2023-11-09
5596,2023-11-09 07:00:00,False,07:00:00,2023-11-09
5597,2023-11-09 07:15:00,False,07:15:00,2023-11-09
5598,2023-11-09 07:30:00,False,07:30:00,2023-11-09
5599,2023-11-09 07:45:00,False,07:45:00,2023-11-09
5600,2023-11-09 08:00:00,False,08:00:00,2023-11-09
5601,2023-11-09 08:15:00,False,08:15:00,2023-11-09
5602,2023-11-09 08:30:00,False,08:30:00,2023-11-09
5603,2023-11-09 08:45:00,False,08:45:00,2023-11-09
5604,2023-11-09 09:00:00,False,09:00:00,2023-11-09
5605,2023-11-09 09:15:00,False,09:15:00,2023-11-09
5606,2023-11-09 09:30:00,False,09:30:00,2023-11-09
5607,2023-11-09 09:45:00,False,09:45:00,2023-11-09
5608,2023-11-09 10:00:00,False,10:00:00,2023-11-09
5609,2023-11-09 10:15:00,False,10:15:00,2023-11-09
5610,2023-11-09 10:30:00,False,10:30:00,2023-11-09
5611,2023-11-09 10:45:00,False,10:45:00,2023-11-09
5612,2023-11-09 11:00:00,False,11:00:00,2023-11-09
5613,2023-11-09 11:15:00,False,11:15:00,2023-11-09
5614,2023-11-09 11:30:00,False,11:30:00,2023-11-09
5615,2023-11-09 11:45:00,False,11:45:00,2023-11-09
5616,2023-11-09 12:00:00,False,12:00:00,2023-11-09
5617,2023-11-09 12:15:00,False,12:15:00,2023-11-09
5618,2023-11-09 12:30:00,False,12:30:00,2023-11-09
5619,2023-11-09 12:45:00,False,12:45:00,2023-11-09
5620,2023-11-09 13:00:00,False,13:00:00,2023-11-09
5621,2023-11-09 13:15:00,False,13:15:00,2023-11-09
5622,2023-11-09 13:30:00,False,13:30:00,2023-11-09
5623,2023-11-09 13:45:00,False,13:45:00,2023-11-09
5624,2023-11-09 14:00:00,False,14:00:00,2023-11-09
5625,2023-11-09 14:15:00,False,14:15:00,2023-11-09
5626,2023-11-09 14:30:00,False,14:30:00,2023-11-09
5627,2023-11-09 14:45:00,False,14:45:00,2023-11-09
5628,2023-11-09 15:00:00,False,15:00:00,2023-11-09
5629,2023-11-09 15:15:00,False,15:15:00,2023-11-09
5630,2023-11-09 15:30:00,False,15:30:00,2023-11-09
5631,2023-11-09 15:45:00,False,15:45:00,2023-11-09
5632,2023-11-09 16:00:00,False,16:00:00,2023-11-09
5633,2023-11-09 16:15:00,False,16:15:00,2023-11-09
5634,2023-11-09 16:30:00,False,16:30:00,2023-11-09
5635,2023-11-09 16:45:00,False,16:45:00,2023-11-09
5636,2023-11-09 17:00:00,False,17:00:00,2023-11-09
5637,2023-11-09 17:15:00,False,17:15:00,2023-11-09
5638,2023-11-09 17:30:00,False,17:30:00,2023-11-09
5639,2023-11-09 17:45:00,False,17:45:00,2023-11-09
5640,2023-11-09 18:00:00,False,18:00:00,2023-11-09
5641,2023-11-09 18:15:00,False,18:15:00,2023-11-09
5642,2023-11-09 18:30:00,False,18:30:00,2023-11-09
5643,2023-11-09 18:45:00,False,18:45:00,2023-11-09
5644,2023-11-09 19:00:00,False,19:00:00,2023-11-09
5645,2023-11-09 19:15:00,False,19:15:00,2023-11-09
5646,2023-11-09 19:30:00,False,19:30:00,2023-11-09
5647,2023-11-09 19:45:00,False,19:45:00,2023-11-09
5648,2023-11-09 20:00:00,False,20:00:00,2023-11-09
5649,2023-11-09 20:15:00,False,20:15:00,2023-11-09
5650,2023-11-09 20:30:00,False,20:30:00,2023-11-09
5651,2023-11-09 20:45:00,False,20:45:00,2023-11-09
5652,2023-11-09 21:00:00,False,21:00:00,2023-11-09
5653,2023-11-09 21:15:00,False,21:15:00,2023-11-09
5654,2023-11-09 21:30:00,False,21:30:00,2023-11-09
5655,2023-11-09 21:45:00,False,21:45:00,2023-11-09
5656,2023-11-09 22:00:00,False,22:00:00,2023-11-09
5657,2023-11-09 22:15:00,False,22:15:00,2023-11-09
5658,2023-11-09 22:30:00,False,22:30:00,2023-11-09
5659,2023-11-09 22:45:00,False,22:45:00,2023-11-09
5660,2023-11-09 23:00:00,False,23:00:00,2023-11-09
5661,2023-11-09 23:15:00,False,23:15:00,2023-11-09
5662,2023-11-09 23:30:00,False,23:30:00,2023-11-09
5663,2023-11-09 23:45:00,False,23:45:00,2023-11-09
5664,2023-11-10 00:00:00,False,00:00:00,2023-11-10
5665,2023-11-10 00:15:00,False,00:15:00,2023-11-10
5666,2023-11-10 00:30:00,False,00:30:00,2023-11-10
5667,2023-11-10 00:45:00,False,00:45:00,2023-11-10
5668,2023-11-10 01:00:00,False,01:00:00,2023-11-10
5669,2023-11-10 01:15:00,False,01:15:00,2023-11-10
5670,2023-11-10 01:30:00,False,01:30:00,2023-11-10
5671,2023-11-10 01:45:00,False,01:45:00,2023-11-10
5672,2023-11-10 02:00:00,False,02:00:00,2023-11-10
5673,2023-11-10 02:15:00,False,02:15:00,2023-11-10
5674,2023-11-10 02:30:00,False,02:30:00,2023-11-10
5675,2023-11-10 02:45:00,False,02:45:00,2023-11-10
5676,2023-11-10 03:00:00,False,03:00:00,2023-11-10
5677,2023-11-10 03:15:00,False,03:15:00,2023-11-10
5678,2023-11-10 03:30:00,False,03:30:00,2023-11-10
5679,2023-11-10 03:45:00,False,03:45:00,2023-11-10
5680,2023-11-10 04:00:00,False,04:00:00,2023-11-10
5681,2023-11-10 04:15:00,False,04:15:00,2023-11-10
5682,2023-11-10 04:30:00,False,04:30:00,2023-11-10
5683,2023-11-10 04:45:00,False,04:45:00,2023-11-10
5684,2023-11-10 05:00:00,False,05:00:00,2023-11-10
5685,2023-11-10 05:15:00,False,05:15:00,2023-11-10
5686,2023-11-10 05:30:00,False,05:30:00,2023-11-10
5687,2023-11-10 05:45:00,False,05:45:00,2023-11-10
5688,2023-11-10 06:00:00,False,06:00:00,2023-11-10
5689,2023-11-10 06:15:00,False,06:15:00,2023-11-10
5690,2023-11-10 06:30:00,False,06:30:00,2023-11-10
5691,2023-11-10 06:45:00,False,06:45:00,2023-11-10
5692,2023-11-10 07:00:00,False,07:00:00,2023-11-10
5693,2023-11-10 07:15:00,False,07:15:00,2023-11-10
5694,2023-11-10 07:30:00,False,07:30:00,2023-11-10
5695,2023-11-10 07:45:00,False,07:45:00,2023-11-10
5696,2023-11-10 08:00:00,False,08:00:00,2023-11-10
5697,2023-11-10 08:15:00,False,08:15:00,2023-11-10
5698,2023-11-10 08:30:00,False,08:30:00,2023-11-10
5699,2023-11-10 08:45:00,False,08:45:00,2023-11-10
5700,2023-11-10 09:00:00,False,09:00:00,2023-11-10
5701,2023-11-10 09:15:00,False,09:15:00,2023-11-10
5702,2023-11-10 09:30:00,False,09:30:00,2023-11-10
5703,2023-11-10 09:45:00,False,09:45:00,2023-11-10
5704,2023-11-10 10:00:00,False,10:00:00,2023-11-10
5705,2023-11-10 10:15:00,False,10:15:00,2023-11-10
5706,2023-11-10 10:30:00,False,10:30:00,2023-11-10
5707,2023-11-10 10:45:00,False,10:45:00,2023-11-10
5708,2023-11-10 11:00:00,False,11:00:00,2023-11-10
5709,2023-11-10 11:15:00,False,11:15:00,2023-11-10
5710,2023-11-10 11:30:00,False,11:30:00,2023-11-10
5711,2023-11-10 11:45:00,False,11:45:00,2023-11-10
5712,2023-11-10 12:00:00,False,12:00:00,2023-11-10
5713,2023-11-10 12:15:00,False,12:15:00,2023-11-10
5714,2023-11-10 12:30:00,False,12:30:00,2023-11-10
5715,2023-11-10 12:45:00,False,12:45:00,2023-11-10
5716,2023-11-10 13:00:00,False,13:00:00,2023-11-10
5717,2023-11-10 13:15:00,False,13:15:00,2023-11-10
5718,2023-11-10 13:30:00,False,13:30:00,2023-11-10
5719,2023-11-10 13:45:00,False,13:45:00,2023-11-10
5720,2023-11-10 14:00:00,False,14:00:00,2023-11-10
5721,2023-11-10 14:15:00,False,14:15:00,2023-11-10
5722,2023-11-10 14:30:00,False,14:30:00,2023-11-10
5723,2023-11-10 14:45:00,False,14:45:00,2023-11-10
5724,2023-11-10 15:00:00,False,15:00:00,2023-11-10
5725,2023-11-10 15:15:00,False,15:15:00,2023-11-10
5726,2023-11-10 15:30:00,False,15:30:00,2023-11-10
5727,2023-11-10 15:45:00,False,15:45:00,2023-11-10
5728,2023-11-10 16:00:00,False,16:00:00,2023-11-10
5729,2023-11-10 16:15:00,False,16:15:00,2023-11-10
5730,2023-11-10 16:30:00,False,16:30:00,2023-11-10
5731,2023-11-10 16:45:00,False,16:45:00,2023-11-10
5732,2023-11-10 17:00:00,False,17:00:00,2023-11-10
5733,2023-11-10 17:15:00,False,17:15:00,2023-11-10
5734,2023-11-10 17:30:00,False,17:30:00,2023-11-10
5735,2023-11-10 17:45:00,False,17:45:00,2023-11-10
5736,2023-11-10 18:00:00,False,18:00:00,2023-11-10
5737,2023-11-10 18:15:00,False,18:15:00,2023-11-10
5738,2023-11-10 18:30:00,False,18:30:00,2023-11-10
5739,2023-11-10 18:45:00,False,18:45:00,2023-11-10
5740,2023-11-10 19:00:00,False,19:00:00,2023-11-10
5741,2023-11-10 19:15:00,False,19:15:00,2023-11-10
5742,2023-11-10 19:30:00,False,19:30:00,2023-11-10
5743,2023-11-10 19:45:00,False,19:45:00,2023-11-10
5744,2023-11-10 20:00:00,False,20:00:00,2023-11-10
5745,2023-11-10 20:15:00,False,20:15:00,2023-11-10
5746,2023-11-10 20:30:00,False,20:30:00,2023-11-10
5747,2023-11-10 20:45:00,False,20:45:00,2023-11-10
5748,2023-11-10 21:00:00,False,21:00:00,2023-11-10
5749,2023-11-10 21:15:00,False,21:15:00,2023-11-10
5750,2023-11-10 21:30:00,False,21:30:00,2023-11-10
5751,2023-11-10 21:45:00,False,21:45:00,2023-11-10
5752,2023-11-10 22:00:00,False,22:00:00,2023-11-10
5753,2023-11-10 22:15:00,False,22:15:00,2023-11-10
5754,2023-11-10 22:30:00,False,22:30:00,2023-11-10
5755,2023-11-10 22:45:00,False,22:45:00,2023-11-10
5756,2023-11-10 23:00:00,False,23:00:00,2023-11-10
5757,2023-11-10 23:15:00,False,23:15:00,2023-11-10
5758,2023-11-10 23:30:00,False,23:30:00,2023-11-10
5759,2023-11-10 23:45:00,False,23:45:00,2023-11-10
5760,2023-11-11 00:00:00,False,00:00:00,2023-11-11
5761,2023-11-11 00:15:00,False,00:15:00,2023-11-11
5762,2023-11-11 00:30:00,False,00:30:00,2023-11-11
5763,2023-11-11 00:45:00,False,00:45:00,2023-11-11
5764,2023-11-11 01:00:00,False,01:00:00,2023-11-11
5765,2023-11-11 01:15:00,False,01:15:00,2023-11-11
5766,2023-11-11 01:30:00,False,01:30:00,2023-11-11
5767,2023-11-11 01:45:00,False,01:45:00,2023-11-11
5768,2023-11-11 02:00:00,False,02:00:00,2023-11-11
5769,2023-11-11 02:15:00,False,02:15:00,2023-11-11
5770,2023-11-11 02:30:00,False,02:30:00,2023-11-11
5771,2023-11-11 02:45:00,False,02:45:00,2023-11-11
5772,2023-11-11 03:00:00,False,03:00:00,2023-11-11
5773,2023-11-11 03:15:00,False,03:15:00,2023-11-11
5774,2023-11-11 03:30:00,False,03:30:00,2023-11-11
5775,2023-11-11 03:45:00,False,03:45:00,2023-11-11
5776,2023-11-11 04:00:00,False,04:00:00,2023-11-11
5777,2023-11-11 04:15:00,False,04:15:00,2023-11-11
5778,2023-11-11 04:30:00,False,04:30:00,2023-11-11
5779,2023-11-11 04:45:00,False,04:45:00,2023-11-11
5780,2023-11-11 05:00:00,False,05:00:00,2023-11-11
5781,2023-11-11 05:15:00,False,05:15:00,2023-11-11
5782,2023-11-11 05:30:00,False,05:30:00,2023-11-11
5783,2023-11-11 05:45:00,False,05:45:00,2023-11-11
5784,2023-11-11 06:00:00,False,06:00:00,2023-11-11
5785,2023-11-11 06:15:00,False,06:15:00,2023-11-11
5786,2023-11-11 06:30:00,False,06:30:00,2023-11-11
5787,2023-11-11 06:45:00,False,06:45:00,2023-11-11
5788,2023-11-11 07:00:00,False,07:00:00,2023-11-11
5789,2023-11-11 07:15:00,False,07:15:00,2023-11-11
5790,2023-11-11 07:30:00,False,07:30:00,2023-11-11
5791,2023-11-11 07:45:00,False,07:45:00,2023-11-11
5792,2023-11-11 08:00:00,False,08:00:00,2023-11-11
5793,2023-11-11 08:15:00,False,08:15:00,2023-11-11
5794,2023-11-11 08:30:00,False,08:30:00,2023-11-11
5795,2023-11-11 08:45:00,False,08:45:00,2023-11-11
5796,2023-11-11 09:00:00,False,09:00:00,2023-11-11
5797,2023-11-11 09:15:00,False,09:15:00,2023-11-11
5798,2023-11-11 09:30:00,False,09:30:00,2023-11-11
5799,2023-11-11 09:45:00,False,09:45:00,2023-11-11
5800,2023-11-11 10:00:00,False,10:00:00,2023-11-11
5801,2023-11-11 10:15:00,False,10:15:00,2023-11-11
5802,2023-11-11 10:30:00,False,10:30:00,2023-11-11
5803,2023-11-11 10:45:00,False,10:45:00,2023-11-11
5804,2023-11-11 11:00:00,False,11:00:00,2023-11-11
5805,2023-11-11 11:15:00,False,11:15:00,2023-11-11
5806,2023-11-11 11:30:00,False,11:30:00,2023-11-11
5807,2023-11-11 11:45:00,False,11:45:00,2023-11-11
5808,2023-11-11 12:00:00,False,12:00:00,2023-11-11
5809,2023-11-11 12:15:00,False,12:15:00,2023-11-11
5810,2023-11-11 12:30:00,False,12:30:00,2023-11-11
5811,2023-11-11 12:45:00,False,12:45:00,2023-11-11
5812,2023-11-11 13:00:00,False,13:00:00,2023-11-11
5813,2023-11-11 13:15:00,False,13:15:00,2023-11-11
5814,2023-11-11 13:30:00,False,13:30:00,2023-11-11
5815,2023-11-11 13:45:00,False,13:45:00,2023-11-11
5816,2023-11-11 14:00:00,False,14:00:00,2023-11-11
5817,2023-11-11 14:15:00,False,14:15:00,2023-11-11
5818,2023-11-11 14:30:00,False,14:30:00,2023-11-11
5819,2023-11-11 14:45:00,False,14:45:00,2023-11-11
5820,2023-11-11 15:00:00,False,15:00:00,2023-11-11
5821,2023-11-11 15:15:00,False,15:15:00,2023-11-11
5822,2023-11-11 15:30:00,False,15:30:00,2023-11-11
5823,2023-11-11 15:45:00,False,15:45:00,2023-11-11
5824,2023-11-11 16:00:00,False,16:00:00,2023-11-11
5825,2023-11-11 16:15:00,False,16:15:00,2023-11-11
5826,2023-11-11 16:30:00,False,16:30:00,2023-11-11
5827,2023-11-11 16:45:00,False,16:45:00,2023-11-11
5828,2023-11-11 17:00:00,False,17:00:00,2023-11-11
5829,2023-11-11 17:15:00,False,17:15:00,2023-11-11
5830,2023-11-11 17:30:00,False,17:30:00,2023-11-11
5831,2023-11-11 17:45:00,False,17:45:00,2023-11-11
5832,2023-11-11 18:00:00,False,18:00:00,2023-11-11
5833,2023-11-11 18:15:00,False,18:15:00,2023-11-11
5834,2023-11-11 18:30:00,False,18:30:00,2023-11-11
5835,2023-11-11 18:45:00,False,18:45:00,2023-11-11
5836,2023-11-11 19:00:00,False,19:00:00,2023-11-11
5837,2023-11-11 19:15:00,False,19:15:00,2023-11-11
5838,2023-11-11 19:30:00,False,19:30:00,2023-11-11
5839,2023-11-11 19:45:00,False,19:45:00,2023-11-11
5840,2023-11-11 20:00:00,False,20:00:00,2023-11-11
5841,2023-11-11 20:15:00,False,20:15:00,2023-11-11
5842,2023-11-11 20:30:00,False,20:30:00,2023-11-11
5843,2023-11-11 20:45:00,False,20:45:00,2023-11-11
5844,2023-11-11 21:00:00,False,21:00:00,2023-11-11
5845,2023-11-11 21:15:00,False,21:15:00,2023-11-11
5846,2023-11-11 21:30:00,False,21:30:00,2023-11-11
5847,2023-11-11 21:45:00,False,21:45:00,2023-11-11
5848,2023-11-11 22:00:00,False,22:00:00,2023-11-11
5849,2023-11-11 22:15:00,False,22:15:00,2023-11-11
5850,2023-11-11 22:30:00,False,22:30:00,2023-11-11
5851,2023-11-11 22:45:00,False,22:45:00,2023-11-11
5852,2023-11-11 23:00:00,False,23:00:00,2023-11-11
5853,2023-11-11 23:15:00,False,23:15:00,2023-11-11
5854,2023-11-11 23:30:00,False,23:30:00,2023-11-11
5855,2023-11-11 23:45:00,False,23:45:00,2023-11-11
5856,2023-11-12 00:00:00,False,00:00:00,2023-11-12
5857,2023-11-12 00:15:00,False,00:15:00,2023-11-12
5858,2023-11-12 00:30:00,True,00:30:00,2023-11-12
5859,2023-11-12 00:45:00,True,00:45:00,2023-11-12
5860,2023-11-12 01:00:00,True,01:00:00,2023-11-12
5861,2023-11-12 01:15:00,True,01:15:00,2023-11-12
5862,2023-11-12 01:30:00,True,01:30:00,2023-11-12
5863,2023-11-12 01:45:00,True,01:45:00,2023-11-12
5864,2023-11-12 02:00:00,True,02:00:00,2023-11-12
5865,2023-11-12 02:15:00,True,02:15:00,2023-11-12
5866,2023-11-12 02:30:00,True,02:30:00,2023-11-12
5867,2023-11-12 02:45:00,True,02:45:00,2023-11-12
5868,2023-11-12 03:00:00,True,03:00:00,2023-11-12
5869,2023-11-12 03:15:00,True,03:15:00,2023-11-12
5870,2023-11-12 03:30:00,True,03:30:00,2023-11-12
5871,2023-11-12 03:45:00,True,03:45:00,2023-11-12
5872,2023-11-12 04:00:00,True,04:00:00,2023-11-12
5873,2023-11-12 04:15:00,True,04:15:00,2023-11-12
5874,2023-11-12 04:30:00,True,04:30:00,2023-11-12
5875,2023-11-12 04:45:00,True,04:45:00,2023-11-12
5876,2023-11-12 05:00:00,True,05:00:00,2023-11-12
5877,2023-11-12 05:15:00,True,05:15:00,2023-11-12
5878,2023-11-12 05:30:00,True,05:30:00,2023-11-12
5879,2023-11-12 05:45:00,True,05:45:00,2023-11-12
5880,2023-11-12 06:00:00,True,06:00:00,2023-11-12
5881,2023-11-12 06:15:00,True,06:15:00,2023-11-12
5882,2023-11-12 06:30:00,True,06:30:00,2023-11-12
5883,2023-11-12 06:45:00,True,06:45:00,2023-11-12
5884,2023-11-12 07:00:00,True,07:00:00,2023-11-12
5885,2023-11-12 07:15:00,True,07:15:00,2023-11-12
5886,2023-11-12 07:30:00,True,07:30:00,2023-11-12
5887,2023-11-12 07:45:00,True,07:45:00,2023-11-12
5888,2023-11-12 08:00:00,True,08:00:00,2023-11-12
5889,2023-11-12 08:15:00,True,08:15:00,2023-11-12
5890,2023-11-12 08:30:00,True,08:30:00,2023-11-12
5891,2023-11-12 08:45:00,True,08:45:00,2023-11-12
5892,2023-11-12 09:00:00,True,09:00:00,2023-11-12
5893,2023-11-12 09:15:00,True,09:15:00,2023-11-12
5894,2023-11-12 09:30:00,True,09:30:00,2023-11-12
5895,2023-11-12 09:45:00,True,09:45:00,2023-11-12
5896,2023-11-12 10:00:00,True,10:00:00,2023-11-12
5897,2023-11-12 10:15:00,True,10:15:00,2023-11-12
5898,2023-11-12 10:30:00,True,10:30:00,2023-11-12
5899,2023-11-12 10:45:00,True,10:45:00,2023-11-12
5900,2023-11-12 11:00:00,True,11:00:00,2023-11-12
5901,2023-11-12 11:15:00,True,11:15:00,2023-11-12
5902,2023-11-12 11:30:00,True,11:30:00,2023-11-12
5903,2023-11-12 11:45:00,True,11:45:00,2023-11-12
5904,2023-11-12 12:00:00,True,12:00:00,2023-11-12
5905,2023-11-12 12:15:00,True,12:15:00,2023-11-12
5906,2023-11-12 12:30:00,True,12:30:00,2023-11-12
5907,2023-11-12 12:45:00,True,12:45:00,2023-11-12
5908,2023-11-12 13:00:00,True,13:00:00,2023-11-12
5909,2023-11-12 13:15:00,True,13:15:00,2023-11-12
5910,2023-11-12 13:30:00,True,13:30:00,2023-11-12
5911,2023-11-12 13:45:00,True,13:45:00,2023-11-12
5912,2023-11-12 14:00:00,True,14:00:00,2023-11-12
5913,2023-11-12 14:15:00,True,14:15:00,2023-11-12
5914,2023-11-12 14:30:00,True,14:30:00,2023-11-12
5915,2023-11-12 14:45:00,True,14:45:00,2023-11-12
5916,2023-11-12 15:00:00,True,15:00:00,2023-11-12
5917,2023-11-12 15:15:00,True,15:15:00,2023-11-12
5918,2023-11-12 15:30:00,True,15:30:00,2023-11-12
5919,2023-11-12 15:45:00,True,15:45:00,2023-11-12
5920,2023-11-12 16:00:00,True,16:00:00,2023-11-12
5921,2023-11-12 16:15:00,True,16:15:00,2023-11-12
5922,2023-11-12 16:30:00,True,16:30:00,2023-11-12
5923,2023-11-12 16:45:00,True,16:45:00,2023-11-12
5924,2023-11-12 17:00:00,True,17:00:00,2023-11-12
5925,2023-11-12 17:15:00,True,17:15:00,2023-11-12
5926,2023-11-12 17:30:00,True,17:30:00,2023-11-12
5927,2023-11-12 17:45:00,True,17:45:00,2023-11-12
5928,2023-11-12 18:00:00,True,18:00:00,2023-11-12
5929,2023-11-12 18:15:00,True,18:15:00,2023-11-12
5930,2023-11-12 18:30:00,True,18:30:00,2023-11-12
5931,2023-11-12 18:45:00,True,18:45:00,2023-11-12
5932,2023-11-12 19:00:00,True,19:00:00,2023-11-12
5933,2023-11-12 19:15:00,True,19:15:00,2023-11-12
5934,2023-11-12 19:30:00,True,19:30:00,2023-11-12
5935,2023-11-12 19:45:00,True,19:45:00,2023-11-12
5936,2023-11-12 20:00:00,True,20:00:00,2023-11-12
5937,2023-11-12 20:15:00,True,20:15:00,2023-11-12
5938,2023-11-12 20:30:00,True,20:30:00,2023-11-12
5939,2023-11-12 20:45:00,True,20:45:00,2023-11-12
5940,2023-11-12 21:00:00,True,21:00:00,2023-11-12
5941,2023-11-12 21:15:00,True,21:15:00,2023-11-12
5942,2023-11-12 21:30:00,True,21:30:00,2023-11-12
5943,2023-11-12 21:45:00,True,21:45:00,2023-11-12
5944,2023-11-12 22:00:00,True,22:00:00,2023-11-12
5945,2023-11-12 22:15:00,True,22:15:00,2023-11-12
5946,2023-11-12 22:30:00,True,22:30:00,2023-11-12
5947,2023-11-12 22:45:00,True,22:45:00,2023-11-12
5948,2023-11-12 23:00:00,True,23:00:00,2023-11-12
5949,2023-11-12 23:15:00,True,23:15:00,2023-11-12
5950,2023-11-12 23:30:00,True,23:30:00,2023-11-12
5951,2023-11-12 23:45:00,True,23:45:00,2023-11-12
5952,2023-11-13 00:00:00,True,00:00:00,2023-11-13
5953,2023-11-13 00:15:00,True,00:15:00,2023-11-13
5954,2023-11-13 00:30:00,True,00:30:00,2023-11-13
5955,2023-11-13 00:45:00,True,00:45:00,2023-11-13
5956,2023-11-13 01:00:00,True,01:00:00,2023-11-13
5957,2023-11-13 01:15:00,True,01:15:00,2023-11-13
5958,2023-11-13 01:30:00,True,01:30:00,2023-11-13
5959,2023-11-13 01:45:00,True,01:45:00,2023-11-13
5960,2023-11-13 02:00:00,True,02:00:00,2023-11-13
5961,2023-11-13 02:15:00,True,02:15:00,2023-11-13
5962,2023-11-13 02:30:00,True,02:30:00,2023-11-13
5963,2023-11-13 02:45:00,True,02:45:00,2023-11-13
5964,2023-11-13 03:00:00,True,03:00:00,2023-11-13
5965,2023-11-13 03:15:00,True,03:15:00,2023-11-13
5966,2023-11-13 03:30:00,True,03:30:00,2023-11-13
5967,2023-11-13 03:45:00,True,03:45:00,2023-11-13
5968,2023-11-13 04:00:00,True,04:00:00,2023-11-13
5969,2023-11-13 04:15:00,True,04:15:00,2023-11-13
5970,2023-11-13 04:30:00,True,04:30:00,2023-11-13
5971,2023-11-13 04:45:00,True,04:45:00,2023-11-13
5972,2023-11-13 05:00:00,True,05:00:00,2023-11-13
5973,2023-11-13 05:15:00,True,05:15:00,2023-11-13
5974,2023-11-13 05:30:00,True,05:30:00,2023-11-13
5975,2023-11-13 05:45:00,True,05:45:00,2023-11-13
5976,2023-11-13 06:00:00,True,06:00:00,2023-11-13
5977,2023-11-13 06:15:00,True,06:15:00,2023-11-13
5978,2023-11-13 06:30:00,True,06:30:00,2023-11-13
5979,2023-11-13 06:45:00,True,06:45:00,2023-11-13
5980,2023-11-13 07:00:00,True,07:00:00,2023-11-13
5981,2023-11-13 07:15:00,True,07:15:00,2023-11-13
5982,2023-11-13 07:30:00,True,07:30:00,2023-11-13
5983,2023-11-13 07:45:00,True,07:45:00,2023-11-13
5984,2023-11-13 08:00:00,True,08:00:00,2023-11-13
5985,2023-11-13 08:15:00,True,08:15:00,2023-11-13
5986,2023-11-13 08:30:00,True,08:30:00,2023-11-13
5987,2023-11-13 08:45:00,True,08:45:00,2023-11-13
5988,2023-11-13 09:00:00,True,09:00:00,2023-11-13
5989,2023-11-13 09:15:00,True,09:15:00,2023-11-13
5990,2023-11-13 09:30:00,True,09:30:00,2023-11-13
5991,2023-11-13 09:45:00,True,09:45:00,2023-11-13
5992,2023-11-13 10:00:00,True,10:00:00,2023-11-13
5993,2023-11-13 10:15:00,True,10:15:00,2023-11-13
5994,2023-11-13 10:30:00,True,10:30:00,2023-11-13
5995,2023-11-13 10:45:00,True,10:45:00,2023-11-13
5996,2023-11-13 11:00:00,True,11:00:00,2023-11-13
5997,2023-11-13 11:15:00,True,11:15:00,2023-11-13
5998,2023-11-13 11:30:00,True,11:30:00,2023-11-13
5999,2023-11-13 11:45:00,True,11:45:00,2023-11-13
6000,2023-11-13 12:00:00,True,12:00:00,2023-11-13
6001,2023-11-13 12:15:00,True,12:15:00,2023-11-13
6002,2023-11-13 12:30:00,True,12:30:00,2023-11-13
6003,2023-11-13 12:45:00,True,12:45:00,2023-11-13
6004,2023-11-13 13:00:00,True,13:00:00,2023-11-13
6005,2023-11-13 13:15:00,True,13:15:00,2023-11-13
6006,2023-11-13 13:30:00,True,13:30:00,2023-11-13
6007,2023-11-13 13:45:00,True,13:45:00,2023-11-13
6008,2023-11-13 14:00:00,True,14:00:00,2023-11-13
6009,2023-11-13 14:15:00,True,14:15:00,2023-11-13
6010,2023-11-13 14:30:00,True,14:30:00,2023-11-13
6011,2023-11-13 14:45:00,True,14:45:00,2023-11-13
6012,2023-11-13 15:00:00,True,15:00:00,2023-11-13
6013,2023-11-13 15:15:00,True,15:15:00,2023-11-13
6014,2023-11-13 15:30:00,True,15:30:00,2023-11-13
6015,2023-11-13 15:45:00,True,15:45:00,2023-11-13
6016,2023-11-13 16:00:00,True,16:00:00,2023-11-13
6017,2023-11-13 16:15:00,True,16:15:00,2023-11-13
6018,2023-11-13 16:30:00,True,16:30:00,2023-11-13
6019,2023-11-13 16:45:00,True,16:45:00,2023-11-13
6020,2023-11-13 17:00:00,True,17:00:00,2023-11-13
6021,2023-11-13 17:15:00,True,17:15:00,2023-11-13
6022,2023-11-13 17:30:00,True,17:30:00,2023-11-13
6023,2023-11-13 17:45:00,True,17:45:00,2023-11-13
6024,2023-11-13 18:00:00,True,18:00:00,2023-11-13
6025,2023-11-13 18:15:00,True,18:15:00,2023-11-13
6026,2023-11-13 18:30:00,True,18:30:00,2023-11-13
6027,2023-11-13 18:45:00,True,18:45:00,2023-11-13
6028,2023-11-13 19:00:00,True,19:00:00,2023-11-13
6029,2023-11-13 19:15:00,True,19:15:00,2023-11-13
6030,2023-11-13 19:30:00,True,19:30:00,2023-11-13
6031,2023-11-13 19:45:00,True,19:45:00,2023-11-13
6032,2023-11-13 20:00:00,True,20:00:00,2023-11-13
6033,2023-11-13 20:15:00,True,20:15:00,2023-11-13
6034,2023-11-13 20:30:00,True,20:30:00,2023-11-13
6035,2023-11-13 20:45:00,True,20:45:00,2023-11-13
6036,2023-11-13 21:00:00,True,21:00:00,2023-11-13
6037,2023-11-13 21:15:00,True,21:15:00,2023-11-13
6038,2023-11-13 21:30:00,True,21:30:00,2023-11-13
6039,2023-11-13 21:45:00,True,21:45:00,2023-11-13
6040,2023-11-13 22:00:00,True,22:00:00,2023-11-13
6041,2023-11-13 22:15:00,True,22:15:00,2023-11-13
6042,2023-11-13 22:30:00,True,22:30:00,2023-11-13
6043,2023-11-13 22:45:00,True,22:45:00,2023-11-13
6044,2023-11-13 23:00:00,True,23:00:00,2023-11-13
6045,2023-11-13 23:15:00,True,23:15:00,2023-11-13
6046,2023-11-13 23:30:00,True,23:30:00,2023-11-13
6047,2023-11-13 23:45:00,True,23:45:00,2023-11-13
6048,2023-11-14 00:00:00,True,00:00:00,2023-11-14
6049,2023-11-14 00:15:00,True,00:15:00,2023-11-14
6050,2023-11-14 00:30:00,True,00:30:00,2023-11-14
6051,2023-11-14 00:45:00,True,00:45:00,2023-11-14
6052,2023-11-14 01:00:00,True,01:00:00,2023-11-14
6053,2023-11-14 01:15:00,True,01:15:00,2023-11-14
6054,2023-11-14 01:30:00,True,01:30:00,2023-11-14
6055,2023-11-14 01:45:00,True,01:45:00,2023-11-14
6056,2023-11-14 02:00:00,True,02:00:00,2023-11-14
6057,2023-11-14 02:15:00,True,02:15:00,2023-11-14
6058,2023-11-14 02:30:00,True,02:30:00,2023-11-14
6059,2023-11-14 02:45:00,True,02:45:00,2023-11-14
6060,2023-11-14 03:00:00,True,03:00:00,2023-11-14
6061,2023-11-14 03:15:00,True,03:15:00,2023-11-14
6062,2023-11-14 03:30:00,True,03:30:00,2023-11-14
6063,2023-11-14 03:45:00,True,03:45:00,2023-11-14
6064,2023-11-14 04:00:00,True,04:00:00,2023-11-14
6065,2023-11-14 04:15:00,True,04:15:00,2023-11-14
6066,2023-11-14 04:30:00,True,04:30:00,2023-11-14
6067,2023-11-14 04:45:00,True,04:45:00,2023-11-14
6068,2023-11-14 05:00:00,True,05:00:00,2023-11-14
6069,2023-11-14 05:15:00,True,05:15:00,2023-11-14
6070,2023-11-14 05:30:00,True,05:30:00,2023-11-14
6071,2023-11-14 05:45:00,True,05:45:00,2023-11-14
6072,2023-11-14 06:00:00,True,06:00:00,2023-11-14
6073,2023-11-14 06:15:00,True,06:15:00,2023-11-14
6074,2023-11-14 06:30:00,True,06:30:00,2023-11-14
6075,2023-11-14 06:45:00,True,06:45:00,2023-11-14
6076,2023-11-14 07:00:00,True,07:00:00,2023-11-14
6077,2023-11-14 07:15:00,True,07:15:00,2023-11-14
6078,2023-11-14 07:30:00,True,07:30:00,2023-11-14
6079,2023-11-14 07:45:00,True,07:45:00,2023-11-14
6080,2023-11-14 08:00:00,True,08:00:00,2023-11-14
6081,2023-11-14 08:15:00,True,08:15:00,2023-11-14
6082,2023-11-14 08:30:00,True,08:30:00,2023-11-14
6083,2023-11-14 08:45:00,True,08:45:00,2023-11-14
6084,2023-11-14 09:00:00,True,09:00:00,2023-11-14
6085,2023-11-14 09:15:00,True,09:15:00,2023-11-14
6086,2023-11-14 09:30:00,True,09:30:00,2023-11-14
6087,2023-11-14 09:45:00,True,09:45:00,2023-11-14
6088,2023-11-14 10:00:00,True,10:00:00,2023-11-14
6089,2023-11-14 10:15:00,True,10:15:00,2023-11-14
6090,2023-11-14 10:30:00,True,10:30:00,2023-11-14
6091,2023-11-14 10:45:00,True,10:45:00,2023-11-14
6092,2023-11-14 11:00:00,True,11:00:00,2023-11-14
6093,2023-11-14 11:15:00,True,11:15:00,2023-11-14
6094,2023-11-14 11:30:00,True,11:30:00,2023-11-14
6095,2023-11-14 11:45:00,True,11:45:00,2023-11-14
6096,2023-11-14 12:00:00,True,12:00:00,2023-11-14
6097,2023-11-14 12:15:00,True,12:15:00,2023-11-14
6098,2023-11-14 12:30:00,True,12:30:00,2023-11-14
6099,2023-11-14 12:45:00,True,12:45:00,2023-11-14
6100,2023-11-14 13:00:00,True,13:00:00,2023-11-14
6101,2023-11-14 13:15:00,True,13:15:00,2023-11-14
6102,2023-11-14 13:30:00,True,13:30:00,2023-11-14
6103,2023-11-14 13:45:00,True,13:45:00,2023-11-14
6104,2023-11-14 14:00:00,True,14:00:00,2023-11-14
6105,2023-11-14 14:15:00,True,14:15:00,2023-11-14
6106,2023-11-14 14:30:00,True,14:30:00,2023-11-14
6107,2023-11-14 14:45:00,True,14:45:00,2023-11-14
6108,2023-11-14 15:00:00,True,15:00:00,2023-11-14
6109,2023-11-14 15:15:00,True,15:15:00,2023-11-14
6110,2023-11-14 15:30:00,True,15:30:00,2023-11-14
6111,2023-11-14 15:45:00,True,15:45:00,2023-11-14
6112,2023-11-14 16:00:00,True,16:00:00,2023-11-14
6113,2023-11-14 16:15:00,True,16:15:00,2023-11-14
6114,2023-11-14 16:30:00,True,16:30:00,2023-11-14
6115,2023-11-14 16:45:00,True,16:45:00,2023-11-14
6116,2023-11-14 17:00:00,True,17:00:00,2023-11-14
6117,2023-11-14 17:15:00,True,17:15:00,2023-11-14
6118,2023-11-14 17:30:00,True,17:30:00,2023-11-14
6119,2023-11-14 17:45:00,True,17:45:00,2023-11-14
6120,2023-11-14 18:00:00,True,18:00:00,2023-11-14
6121,2023-11-14 18:15:00,True,18:15:00,2023-11-14
6122,2023-11-14 18:30:00,True,18:30:00,2023-11-14
6123,2023-11-14 18:45:00,True,18:45:00,2023-11-14
6124,2023-11-14 19:00:00,True,19:00:00,2023-11-14
6125,2023-11-14 19:15:00,True,19:15:00,2023-11-14
6126,2023-11-14 19:30:00,True,19:30:00,2023-11-14
6127,2023-11-14 19:45:00,True,19:45:00,2023-11-14
6128,2023-11-14 20:00:00,True,20:00:00,2023-11-14
6129,2023-11-14 20:15:00,True,20:15:00,2023-11-14
6130,2023-11-14 20:30:00,True,20:30:00,2023-11-14
6131,2023-11-14 20:45:00,True,20:45:00,2023-11-14
6132,2023-11-14 21:00:00,True,21:00:00,2023-11-14
6133,2023-11-14 21:15:00,True,21:15:00,2023-11-14
6134,2023-11-14 21:30:00,True,21:30:00,2023-11-14
6135,2023-11-14 21:45:00,True,21:45:00,2023-11-14
6136,2023-11-14 22:00:00,True,22:00:00,2023-11-14
6137,2023-11-14 22:15:00,True,22:15:00,2023-11-14
6138,2023-11-14 22:30:00,True,22:30:00,2023-11-14
6139,2023-11-14 22:45:00,True,22:45:00,2023-11-14
6140,2023-11-14 23:00:00,True,23:00:00,2023-11-14
6141,2023-11-14 23:15:00,True,23:15:00,2023-11-14
6142,2023-11-14 23:30:00,True,23:30:00,2023-11-14
6143,2023-11-14 23:45:00,True,23:45:00,2023-11-14
6144,2023-11-15 00:00:00,True,00:00:00,2023-11-15
6145,2023-11-15 00:15:00,True,00:15:00,2023-11-15
6146,2023-11-15 00:30:00,True,00:30:00,2023-11-15
6147,2023-11-15 00:45:00,True,00:45:00,2023-11-15
6148,2023-11-15 01:00:00,True,01:00:00,2023-11-15
6149,2023-11-15 01:15:00,True,01:15:00,2023-11-15
6150,2023-11-15 01:30:00,True,01:30:00,2023-11-15
6151,2023-11-15 01:45:00,True,01:45:00,2023-11-15
6152,2023-11-15 02:00:00,True,02:00:00,2023-11-15
6153,2023-11-15 02:15:00,True,02:15:00,2023-11-15
6154,2023-11-15 02:30:00,True,02:30:00,2023-11-15
6155,2023-11-15 02:45:00,True,02:45:00,2023-11-15
6156,2023-11-15 03:00:00,True,03:00:00,2023-11-15
6157,2023-11-15 03:15:00,True,03:15:00,2023-11-15
6158,2023-11-15 03:30:00,True,03:30:00,2023-11-15
6159,2023-11-15 03:45:00,True,03:45:00,2023-11-15
6160,2023-11-15 04:00:00,True,04:00:00,2023-11-15
6161,2023-11-15 04:15:00,True,04:15:00,2023-11-15
6162,2023-11-15 04:30:00,True,04:30:00,2023-11-15
6163,2023-11-15 04:45:00,True,04:45:00,2023-11-15
6164,2023-11-15 05:00:00,True,05:00:00,2023-11-15
6165,2023-11-15 05:15:00,True,05:15:00,2023-11-15
6166,2023-11-15 05:30:00,True,05:30:00,2023-11-15
6167,2023-11-15 05:45:00,True,05:45:00,2023-11-15
6168,2023-11-15 06:00:00,True,06:00:00,2023-11-15
6169,2023-11-15 06:15:00,True,06:15:00,2023-11-15
6170,2023-11-15 06:30:00,True,06:30:00,2023-11-15
6171,2023-11-15 06:45:00,True,06:45:00,2023-11-15
6172,2023-11-15 07:00:00,True,07:00:00,2023-11-15
6173,2023-11-15 07:15:00,True,07:15:00,2023-11-15
6174,2023-11-15 07:30:00,True,07:30:00,2023-11-15
6175,2023-11-15 07:45:00,True,07:45:00,2023-11-15
6176,2023-11-15 08:00:00,True,08:00:00,2023-11-15
6177,2023-11-15 08:15:00,True,08:15:00,2023-11-15
6178,2023-11-15 08:30:00,True,08:30:00,2023-11-15
6179,2023-11-15 08:45:00,True,08:45:00,2023-11-15
6180,2023-11-15 09:00:00,True,09:00:00,2023-11-15
6181,2023-11-15 09:15:00,True,09:15:00,2023-11-15
6182,2023-11-15 09:30:00,True,09:30:00,2023-11-15
6183,2023-11-15 09:45:00,True,09:45:00,2023-11-15
6184,2023-11-15 10:00:00,True,10:00:00,2023-11-15
6185,2023-11-15 10:15:00,True,10:15:00,2023-11-15
6186,2023-11-15 10:30:00,True,10:30:00,2023-11-15
6187,2023-11-15 10:45:00,True,10:45:00,2023-11-15
6188,2023-11-15 11:00:00,True,11:00:00,2023-11-15
6189,2023-11-15 11:15:00,True,11:15:00,2023-11-15
6190,2023-11-15 11:30:00,True,11:30:00,2023-11-15
6191,2023-11-15 11:45:00,True,11:45:00,2023-11-15
6192,2023-11-15 12:00:00,True,12:00:00,2023-11-15
6193,2023-11-15 12:15:00,True,12:15:00,2023-11-15
6194,2023-11-15 12:30:00,True,12:30:00,2023-11-15
6195,2023-11-15 12:45:00,True,12:45:00,2023-11-15
6196,2023-11-15 13:00:00,True,13:00:00,2023-11-15
6197,2023-11-15 13:15:00,True,13:15:00,2023-11-15
6198,2023-11-15 13:30:00,True,13:30:00,2023-11-15
6199,2023-11-15 13:45:00,True,13:45:00,2023-11-15
6200,2023-11-15 14:00:00,True,14:00:00,2023-11-15
6201,2023-11-15 14:15:00,True,14:15:00,2023-11-15
6202,2023-11-15 14:30:00,True,14:30:00,2023-11-15
6203,2023-11-15 14:45:00,True,14:45:00,2023-11-15
6204,2023-11-15 15:00:00,True,15:00:00,2023-11-15
6205,2023-11-15 15:15:00,True,15:15:00,2023-11-15
6206,2023-11-15 15:30:00,True,15:30:00,2023-11-15
6207,2023-11-15 15:45:00,True,15:45:00,2023-11-15
6208,2023-11-15 16:00:00,True,16:00:00,2023-11-15
6209,2023-11-15 16:15:00,True,16:15:00,2023-11-15
6210,2023-11-15 16:30:00,True,16:30:00,2023-11-15
6211,2023-11-15 16:45:00,True,16:45:00,2023-11-15
6212,2023-11-15 17:00:00,True,17:00:00,2023-11-15
6213,2023-11-15 17:15:00,True,17:15:00,2023-11-15
6214,2023-11-15 17:30:00,True,17:30:00,2023-11-15
6215,2023-11-15 17:45:00,True,17:45:00,2023-11-15
6216,2023-11-15 18:00:00,True,18:00:00,2023-11-15
6217,2023-11-15 18:15:00,True,18:15:00,2023-11-15
6218,2023-11-15 18:30:00,True,18:30:00,2023-11-15
6219,2023-11-15 18:45:00,True,18:45:00,2023-11-15
6220,2023-11-15 19:00:00,True,19:00:00,2023-11-15
6221,2023-11-15 19:15:00,True,19:15:00,2023-11-15
6222,2023-11-15 19:30:00,True,19:30:00,2023-11-15
6223,2023-11-15 19:45:00,True,19:45:00,2023-11-15
6224,2023-11-15 20:00:00,True,20:00:00,2023-11-15
6225,2023-11-15 20:15:00,True,20:15:00,2023-11-15
6226,2023-11-15 20:30:00,True,20:30:00,2023-11-15
6227,2023-11-15 20:45:00,True,20:45:00,2023-11-15
6228,2023-11-15 21:00:00,True,21:00:00,2023-11-15
6229,2023-11-15 21:15:00,True,21:15:00,2023-11-15
6230,2023-11-15 21:30:00,True,21:30:00,2023-11-15
6231,2023-11-15 21:45:00,True,21:45:00,2023-11-15
6232,2023-11-15 22:00:00,True,22:00:00,2023-11-15
6233,2023-11-15 22:15:00,True,22:15:00,2023-11-15
6234,2023-11-15 22:30:00,True,22:30:00,2023-11-15
6235,2023-11-15 22:45:00,True,22:45:00,2023-11-15
6236,2023-11-15 23:00:00,True,23:00:00,2023-11-15
6237,2023-11-15 23:15:00,True,23:15:00,2023-11-15
6238,2023-11-15 23:30:00,True,23:30:00,2023-11-15
6239,2023-11-15 23:45:00,True,23:45:00,2023-11-15
6240,2023-11-16 00:00:00,True,00:00:00,2023-11-16
6241,2023-11-16 00:15:00,True,00:15:00,2023-11-16
6242,2023-11-16 00:30:00,True,00:30:00,2023-11-16
6243,2023-11-16 00:45:00,True,00:45:00,2023-11-16
6244,2023-11-16 01:00:00,True,01:00:00,2023-11-16
6245,2023-11-16 01:15:00,True,01:15:00,2023-11-16
6246,2023-11-16 01:30:00,True,01:30:00,2023-11-16
6247,2023-11-16 01:45:00,True,01:45:00,2023-11-16
6248,2023-11-16 02:00:00,True,02:00:00,2023-11-16
6249,2023-11-16 02:15:00,True,02:15:00,2023-11-16
6250,2023-11-16 02:30:00,True,02:30:00,2023-11-16
6251,2023-11-16 02:45:00,True,02:45:00,2023-11-16
6252,2023-11-16 03:00:00,True,03:00:00,2023-11-16
6253,2023-11-16 03:15:00,True,03:15:00,2023-11-16
6254,2023-11-16 03:30:00,True,03:30:00,2023-11-16
6255,2023-11-16 03:45:00,True,03:45:00,2023-11-16
6256,2023-11-16 04:00:00,True,04:00:00,2023-11-16
6257,2023-11-16 04:15:00,True,04:15:00,2023-11-16
6258,2023-11-16 04:30:00,True,04:30:00,2023-11-16
6259,2023-11-16 04:45:00,True,04:45:00,2023-11-16
6260,2023-11-16 05:00:00,True,05:00:00,2023-11-16
6261,2023-11-16 05:15:00,True,05:15:00,2023-11-16
6262,2023-11-16 05:30:00,True,05:30:00,2023-11-16
6263,2023-11-16 05:45:00,True,05:45:00,2023-11-16
6264,2023-11-16 06:00:00,True,06:00:00,2023-11-16
6265,2023-11-16 06:15:00,True,06:15:00,2023-11-16
6266,2023-11-16 06:30:00,True,06:30:00,2023-11-16
6267,2023-11-16 06:45:00,True,06:45:00,2023-11-16
6268,2023-11-16 07:00:00,True,07:00:00,2023-11-16
6269,2023-11-16 07:15:00,True,07:15:00,2023-11-16
6270,2023-11-16 07:30:00,True,07:30:00,2023-11-16
6271,2023-11-16 07:45:00,True,07:45:00,2023-11-16
6272,2023-11-16 08:00:00,True,08:00:00,2023-11-16
6273,2023-11-16 08:15:00,True,08:15:00,2023-11-16
6274,2023-11-16 08:30:00,True,08:30:00,2023-11-16
6275,2023-11-16 08:45:00,True,08:45:00,2023-11-16
6276,2023-11-16 09:00:00,True,09:00:00,2023-11-16
6277,2023-11-16 09:15:00,True,09:15:00,2023-11-16
6278,2023-11-16 09:30:00,True,09:30:00,2023-11-16
6279,2023-11-16 09:45:00,True,09:45:00,2023-11-16
6280,2023-11-16 10:00:00,True,10:00:00,2023-11-16
6281,2023-11-16 10:15:00,True,10:15:00,2023-11-16
6282,2023-11-16 10:30:00,True,10:30:00,2023-11-16
6283,2023-11-16 10:45:00,True,10:45:00,2023-11-16
6284,2023-11-16 11:00:00,True,11:00:00,2023-11-16
6285,2023-11-16 11:15:00,True,11:15:00,2023-11-16
6286,2023-11-16 11:30:00,True,11:30:00,2023-11-16
6287,2023-11-16 11:45:00,True,11:45:00,2023-11-16
6288,2023-11-16 12:00:00,True,12:00:00,2023-11-16
6289,2023-11-16 12:15:00,True,12:15:00,2023-11-16
6290,2023-11-16 12:30:00,True,12:30:00,2023-11-16
6291,2023-11-16 12:45:00,True,12:45:00,2023-11-16
6292,2023-11-16 13:00:00,True,13:00:00,2023-11-16
6293,2023-11-16 13:15:00,True,13:15:00,2023-11-16
6294,2023-11-16 13:30:00,True,13:30:00,2023-11-16
6295,2023-11-16 13:45:00,True,13:45:00,2023-11-16
6296,2023-11-16 14:00:00,True,14:00:00,2023-11-16
6297,2023-11-16 14:15:00,True,14:15:00,2023-11-16
6298,2023-11-16 14:30:00,True,14:30:00,2023-11-16
6299,2023-11-16 14:45:00,True,14:45:00,2023-11-16
6300,2023-11-16 15:00:00,True,15:00:00,2023-11-16
6301,2023-11-16 15:15:00,True,15:15:00,2023-11-16
6302,2023-11-16 15:30:00,True,15:30:00,2023-11-16
6303,2023-11-16 15:45:00,True,15:45:00,2023-11-16
6304,2023-11-16 16:00:00,True,16:00:00,2023-11-16
6305,2023-11-16 16:15:00,True,16:15:00,2023-11-16
6306,2023-11-16 16:30:00,True,16:30:00,2023-11-16
6307,2023-11-16 16:45:00,True,16:45:00,2023-11-16
6308,2023-11-16 17:00:00,True,17:00:00,2023-11-16
6309,2023-11-16 17:15:00,True,17:15:00,2023-11-16
6310,2023-11-16 17:30:00,True,17:30:00,2023-11-16
6311,2023-11-16 17:45:00,True,17:45:00,2023-11-16
6312,2023-11-16 18:00:00,True,18:00:00,2023-11-16
6313,2023-11-16 18:15:00,True,18:15:00,2023-11-16
6314,2023-11-16 18:30:00,True,18:30:00,2023-11-16
6315,2023-11-16 18:45:00,True,18:45:00,2023-11-16
6316,2023-11-16 19:00:00,True,19:00:00,2023-11-16
6317,2023-11-16 19:15:00,True,19:15:00,2023-11-16
6318,2023-11-16 19:30:00,True,19:30:00,2023-11-16
6319,2023-11-16 19:45:00,True,19:45:00,2023-11-16
6320,2023-11-16 20:00:00,True,20:00:00,2023-11-16
6321,2023-11-16 20:15:00,True,20:15:00,2023-11-16
6322,2023-11-16 20:30:00,True,20:30:00,2023-11-16
6323,2023-11-16 20:45:00,True,20:45:00,2023-11-16
6324,2023-11-16 21:00:00,True,21:00:00,2023-11-16
6325,2023-11-16 21:15:00,True,21:15:00,2023-11-16
6326,2023-11-16 21:30:00,True,21:30:00,2023-11-16
6327,2023-11-16 21:45:00,True,21:45:00,2023-11-16
6328,2023-11-16 22:00:00,True,22:00:00,2023-11-16
6329,2023-11-16 22:15:00,True,22:15:00,2023-11-16
6330,2023-11-16 22:30:00,True,22:30:00,2023-11-16
6331,2023-11-16 22:45:00,True,22:45:00,2023-11-16
6332,2023-11-16 23:00:00,True,23:00:00,2023-11-16
6333,2023-11-16 23:15:00,True,23:15:00,2023-11-16
6334,2023-11-16 23:30:00,True,23:30:00,2023-11-16
6335,2023-11-16 23:45:00,True,23:45:00,2023-11-16
6336,2023-11-17 00:00:00,True,00:00:00,2023-11-17
6337,2023-11-17 00:15:00,True,00:15:00,2023-11-17
6338,2023-11-17 00:30:00,True,00:30:00,2023-11-17
6339,2023-11-17 00:45:00,True,00:45:00,2023-11-17
6340,2023-11-17 01:00:00,True,01:00:00,2023-11-17
6341,2023-11-17 01:15:00,True,01:15:00,2023-11-17
6342,2023-11-17 01:30:00,True,01:30:00,2023-11-17
6343,2023-11-17 01:45:00,True,01:45:00,2023-11-17
6344,2023-11-17 02:00:00,True,02:00:00,2023-11-17
6345,2023-11-17 02:15:00,True,02:15:00,2023-11-17
6346,2023-11-17 02:30:00,True,02:30:00,2023-11-17
6347,2023-11-17 02:45:00,True,02:45:00,2023-11-17
6348,2023-11-17 03:00:00,True,03:00:00,2023-11-17
6349,2023-11-17 03:15:00,True,03:15:00,2023-11-17
6350,2023-11-17 03:30:00,True,03:30:00,2023-11-17
6351,2023-11-17 03:45:00,True,03:45:00,2023-11-17
6352,2023-11-17 04:00:00,True,04:00:00,2023-11-17
6353,2023-11-17 04:15:00,True,04:15:00,2023-11-17
6354,2023-11-17 04:30:00,True,04:30:00,2023-11-17
6355,2023-11-17 04:45:00,True,04:45:00,2023-11-17
6356,2023-11-17 05:00:00,True,05:00:00,2023-11-17
6357,2023-11-17 05:15:00,True,05:15:00,2023-11-17
6358,2023-11-17 05:30:00,True,05:30:00,2023-11-17
6359,2023-11-17 05:45:00,True,05:45:00,2023-11-17
6360,2023-11-17 06:00:00,True,06:00:00,2023-11-17
6361,2023-11-17 06:15:00,True,06:15:00,2023-11-17
6362,2023-11-17 06:30:00,True,06:30:00,2023-11-17
6363,2023-11-17 06:45:00,True,06:45:00,2023-11-17
6364,2023-11-17 07:00:00,True,07:00:00,2023-11-17
6365,2023-11-17 07:15:00,True,07:15:00,2023-11-17
6366,2023-11-17 07:30:00,True,07:30:00,2023-11-17
6367,2023-11-17 07:45:00,True,07:45:00,2023-11-17
6368,2023-11-17 08:00:00,True,08:00:00,2023-11-17
6369,2023-11-17 08:15:00,True,08:15:00,2023-11-17
6370,2023-11-17 08:30:00,True,08:30:00,2023-11-17
6371,2023-11-17 08:45:00,True,08:45:00,2023-11-17
6372,2023-11-17 09:00:00,True,09:00:00,2023-11-17
6373,2023-11-17 09:15:00,True,09:15:00,2023-11-17
6374,2023-11-17 09:30:00,True,09:30:00,2023-11-17
6375,2023-11-17 09:45:00,True,09:45:00,2023-11-17
6376,2023-11-17 10:00:00,True,10:00:00,2023-11-17
6377,2023-11-17 10:15:00,True,10:15:00,2023-11-17
6378,2023-11-17 10:30:00,True,10:30:00,2023-11-17
6379,2023-11-17 10:45:00,True,10:45:00,2023-11-17
6380,2023-11-17 11:00:00,True,11:00:00,2023-11-17
6381,2023-11-17 11:15:00,True,11:15:00,2023-11-17
6382,2023-11-17 11:30:00,True,11:30:00,2023-11-17
6383,2023-11-17 11:45:00,True,11:45:00,2023-11-17
6384,2023-11-17 12:00:00,True,12:00:00,2023-11-17
6385,2023-11-17 12:15:00,True,12:15:00,2023-11-17
6386,2023-11-17 12:30:00,True,12:30:00,2023-11-17
6387,2023-11-17 12:45:00,True,12:45:00,2023-11-17
6388,2023-11-17 13:00:00,True,13:00:00,2023-11-17
6389,2023-11-17 13:15:00,True,13:15:00,2023-11-17
6390,2023-11-17 13:30:00,True,13:30:00,2023-11-17
6391,2023-11-17 13:45:00,True,13:45:00,2023-11-17
6392,2023-11-17 14:00:00,True,14:00:00,2023-11-17
6393,2023-11-17 14:15:00,True,14:15:00,2023-11-17
6394,2023-11-17 14:30:00,True,14:30:00,2023-11-17
6395,2023-11-17 14:45:00,True,14:45:00,2023-11-17
6396,2023-11-17 15:00:00,True,15:00:00,2023-11-17
6397,2023-11-17 15:15:00,True,15:15:00,2023-11-17
6398,2023-11-17 15:30:00,True,15:30:00,2023-11-17
6399,2023-11-17 15:45:00,True,15:45:00,2023-11-17
6400,2023-11-17 16:00:00,True,16:00:00,2023-11-17
6401,2023-11-17 16:15:00,True,16:15:00,2023-11-17
6402,2023-11-17 16:30:00,True,16:30:00,2023-11-17
6403,2023-11-17 16:45:00,True,16:45:00,2023-11-17
6404,2023-11-17 17:00:00,True,17:00:00,2023-11-17
6405,2023-11-17 17:15:00,True,17:15:00,2023-11-17
6406,2023-11-17 17:30:00,True,17:30:00,2023-11-17
6407,2023-11-17 17:45:00,True,17:45:00,2023-11-17
6408,2023-11-17 18:00:00,True,18:00:00,2023-11-17
6409,2023-11-17 18:15:00,True,18:15:00,2023-11-17
6410,2023-11-17 18:30:00,True,18:30:00,2023-11-17
6411,2023-11-17 18:45:00,True,18:45:00,2023-11-17
6412,2023-11-17 19:00:00,True,19:00:00,2023-11-17
6413,2023-11-17 19:15:00,True,19:15:00,2023-11-17
6414,2023-11-17 19:30:00,True,19:30:00,2023-11-17
6415,2023-11-17 19:45:00,True,19:45:00,2023-11-17
6416,2023-11-17 20:00:00,True,20:00:00,2023-11-17
6417,2023-11-17 20:15:00,True,20:15:00,2023-11-17
6418,2023-11-17 20:30:00,True,20:30:00,2023-11-17
6419,2023-11-17 20:45:00,True,20:45:00,2023-11-17
6420,2023-11-17 21:00:00,True,21:00:00,2023-11-17
6421,2023-11-17 21:15:00,True,21:15:00,2023-11-17
6422,2023-11-17 21:30:00,True,21:30:00,2023-11-17
6423,2023-11-17 21:45:00,True,21:45:00,2023-11-17
6424,2023-11-17 22:00:00,True,22:00:00,2023-11-17
6425,2023-11-17 22:15:00,True,22:15:00,2023-11-17
6426,2023-11-17 22:30:00,True,22:30:00,2023-11-17
6427,2023-11-17 22:45:00,True,22:45:00,2023-11-17
6428,2023-11-17 23:00:00,True,23:00:00,2023-11-17
6429,2023-11-17 23:15:00,True,23:15:00,2023-11-17
6430,2023-11-17 23:30:00,True,23:30:00,2023-11-17
6431,2023-11-17 23:45:00,True,23:45:00,2023-11-17
6432,2023-11-18 00:00:00,True,00:00:00,2023-11-18
6433,2023-11-18 00:15:00,True,00:15:00,2023-11-18
6434,2023-11-18 00:30:00,True,00:30:00,2023-11-18
6435,2023-11-18 00:45:00,True,00:45:00,2023-11-18
6436,2023-11-18 01:00:00,True,01:00:00,2023-11-18
6437,2023-11-18 01:15:00,True,01:15:00,2023-11-18
6438,2023-11-18 01:30:00,True,01:30:00,2023-11-18
6439,2023-11-18 01:45:00,True,01:45:00,2023-11-18
6440,2023-11-18 02:00:00,True,02:00:00,2023-11-18
6441,2023-11-18 02:15:00,True,02:15:00,2023-11-18
6442,2023-11-18 02:30:00,True,02:30:00,2023-11-18
6443,2023-11-18 02:45:00,True,02:45:00,2023-11-18
6444,2023-11-18 03:00:00,True,03:00:00,2023-11-18
6445,2023-11-18 03:15:00,True,03:15:00,2023-11-18
6446,2023-11-18 03:30:00,True,03:30:00,2023-11-18
6447,2023-11-18 03:45:00,True,03:45:00,2023-11-18
6448,2023-11-18 04:00:00,True,04:00:00,2023-11-18
6449,2023-11-18 04:15:00,True,04:15:00,2023-11-18
6450,2023-11-18 04:30:00,True,04:30:00,2023-11-18
6451,2023-11-18 04:45:00,True,04:45:00,2023-11-18
6452,2023-11-18 05:00:00,True,05:00:00,2023-11-18
6453,2023-11-18 05:15:00,True,05:15:00,2023-11-18
6454,2023-11-18 05:30:00,True,05:30:00,2023-11-18
6455,2023-11-18 05:45:00,True,05:45:00,2023-11-18
6456,2023-11-18 06:00:00,True,06:00:00,2023-11-18
6457,2023-11-18 06:15:00,True,06:15:00,2023-11-18
6458,2023-11-18 06:30:00,True,06:30:00,2023-11-18
6459,2023-11-18 06:45:00,True,06:45:00,2023-11-18
6460,2023-11-18 07:00:00,True,07:00:00,2023-11-18
6461,2023-11-18 07:15:00,True,07:15:00,2023-11-18
6462,2023-11-18 07:30:00,True,07:30:00,2023-11-18
6463,2023-11-18 07:45:00,True,07:45:00,2023-11-18
6464,2023-11-18 08:00:00,True,08:00:00,2023-11-18
6465,2023-11-18 08:15:00,True,08:15:00,2023-11-18
6466,2023-11-18 08:30:00,True,08:30:00,2023-11-18
6467,2023-11-18 08:45:00,True,08:45:00,2023-11-18
6468,2023-11-18 09:00:00,True,09:00:00,2023-11-18
6469,2023-11-18 09:15:00,True,09:15:00,2023-11-18
6470,2023-11-18 09:30:00,True,09:30:00,2023-11-18
6471,2023-11-18 09:45:00,True,09:45:00,2023-11-18
6472,2023-11-18 10:00:00,True,10:00:00,2023-11-18
6473,2023-11-18 10:15:00,True,10:15:00,2023-11-18
6474,2023-11-18 10:30:00,True,10:30:00,2023-11-18
6475,2023-11-18 10:45:00,True,10:45:00,2023-11-18
6476,2023-11-18 11:00:00,True,11:00:00,2023-11-18
6477,2023-11-18 11:15:00,True,11:15:00,2023-11-18
6478,2023-11-18 11:30:00,True,11:30:00,2023-11-18
6479,2023-11-18 11:45:00,True,11:45:00,2023-11-18
6480,2023-11-18 12:00:00,True,12:00:00,2023-11-18
6481,2023-11-18 12:15:00,True,12:15:00,2023-11-18
6482,2023-11-18 12:30:00,True,12:30:00,2023-11-18
6483,2023-11-18 12:45:00,True,12:45:00,2023-11-18
6484,2023-11-18 13:00:00,True,13:00:00,2023-11-18
6485,2023-11-18 13:15:00,True,13:15:00,2023-11-18
6486,2023-11-18 13:30:00,True,13:30:00,2023-11-18
6487,2023-11-18 13:45:00,True,13:45:00,2023-11-18
6488,2023-11-18 14:00:00,True,14:00:00,2023-11-18
6489,2023-11-18 14:15:00,True,14:15:00,2023-11-18
6490,2023-11-18 14:30:00,True,14:30:00,2023-11-18
6491,2023-11-18 14:45:00,True,14:45:00,2023-11-18
6492,2023-11-18 15:00:00,True,15:00:00,2023-11-18
6493,2023-11-18 15:15:00,True,15:15:00,2023-11-18
6494,2023-11-18 15:30:00,True,15:30:00,2023-11-18
6495,2023-11-18 15:45:00,True,15:45:00,2023-11-18
6496,2023-11-18 16:00:00,True,16:00:00,2023-11-18
6497,2023-11-18 16:15:00,True,16:15:00,2023-11-18
6498,2023-11-18 16:30:00,True,16:30:00,2023-11-18
6499,2023-11-18 16:45:00,True,16:45:00,2023-11-18
6500,2023-11-18 17:00:00,True,17:00:00,2023-11-18
6501,2023-11-18 17:15:00,True,17:15:00,2023-11-18
6502,2023-11-18 17:30:00,True,17:30:00,2023-11-18
6503,2023-11-18 17:45:00,True,17:45:00,2023-11-18
6504,2023-11-18 18:00:00,True,18:00:00,2023-11-18
6505,2023-11-18 18:15:00,True,18:15:00,2023-11-18
6506,2023-11-18 18:30:00,True,18:30:00,2023-11-18
6507,2023-11-18 18:45:00,True,18:45:00,2023-11-18
6508,2023-11-18 19:00:00,True,19:00:00,2023-11-18
6509,2023-11-18 19:15:00,True,19:15:00,2023-11-18
6510,2023-11-18 19:30:00,True,19:30:00,2023-11-18
6511,2023-11-18 19:45:00,True,19:45:00,2023-11-18
6512,2023-11-18 20:00:00,True,20:00:00,2023-11-18
6513,2023-11-18 20:15:00,True,20:15:00,2023-11-18
6514,2023-11-18 20:30:00,True,20:30:00,2023-11-18
6515,2023-11-18 20:45:00,True,20:45:00,2023-11-18
6516,2023-11-18 21:00:00,True,21:00:00,2023-11-18
6517,2023-11-18 21:15:00,True,21:15:00,2023-11-18
6518,2023-11-18 21:30:00,True,21:30:00,2023-11-18
6519,2023-11-18 21:45:00,True,21:45:00,2023-11-18
6520,2023-11-18 22:00:00,True,22:00:00,2023-11-18
6521,2023-11-18 22:15:00,True,22:15:00,2023-11-18
6522,2023-11-18 22:30:00,True,22:30:00,2023-11-18
6523,2023-11-18 22:45:00,True,22:45:00,2023-11-18
6524,2023-11-18 23:00:00,True,23:00:00,2023-11-18
6525,2023-11-18 23:15:00,True,23:15:00,2023-11-18
6526,2023-11-18 23:30:00,True,23:30:00,2023-11-18
6527,2023-11-18 23:45:00,True,23:45:00,2023-11-18
6528,2023-11-19 00:00:00,True,00:00:00,2023-11-19
6529,2023-11-19 00:15:00,True,00:15:00,2023-11-19
6530,2023-11-19 00:30:00,True,00:30:00,2023-11-19
6531,2023-11-19 00:45:00,True,00:45:00,2023-11-19
6532,2023-11-19 01:00:00,True,01:00:00,2023-11-19
6533,2023-11-19 01:15:00,True,01:15:00,2023-11-19
6534,2023-11-19 01:30:00,True,01:30:00,2023-11-19
6535,2023-11-19 01:45:00,True,01:45:00,2023-11-19
6536,2023-11-19 02:00:00,True,02:00:00,2023-11-19
6537,2023-11-19 02:15:00,True,02:15:00,2023-11-19
6538,2023-11-19 02:30:00,True,02:30:00,2023-11-19
6539,2023-11-19 02:45:00,True,02:45:00,2023-11-19
6540,2023-11-19 03:00:00,True,03:00:00,2023-11-19
6541,2023-11-19 03:15:00,True,03:15:00,2023-11-19
6542,2023-11-19 03:30:00,True,03:30:00,2023-11-19
6543,2023-11-19 03:45:00,True,03:45:00,2023-11-19
6544,2023-11-19 04:00:00,True,04:00:00,2023-11-19
6545,2023-11-19 04:15:00,True,04:15:00,2023-11-19
6546,2023-11-19 04:30:00,True,04:30:00,2023-11-19
6547,2023-11-19 04:45:00,True,04:45:00,2023-11-19
6548,2023-11-19 05:00:00,True,05:00:00,2023-11-19
6549,2023-11-19 05:15:00,True,05:15:00,2023-11-19
6550,2023-11-19 05:30:00,True,05:30:00,2023-11-19
6551,2023-11-19 05:45:00,True,05:45:00,2023-11-19
6552,2023-11-19 06:00:00,True,06:00:00,2023-11-19
6553,2023-11-19 06:15:00,True,06:15:00,2023-11-19
6554,2023-11-19 06:30:00,True,06:30:00,2023-11-19
6555,2023-11-19 06:45:00,True,06:45:00,2023-11-19
6556,2023-11-19 07:00:00,True,07:00:00,2023-11-19
6557,2023-11-19 07:15:00,True,07:15:00,2023-11-19
6558,2023-11-19 07:30:00,True,07:30:00,2023-11-19
6559,2023-11-19 07:45:00,True,07:45:00,2023-11-19
6560,2023-11-19 08:00:00,True,08:00:00,2023-11-19
6561,2023-11-19 08:15:00,True,08:15:00,2023-11-19
6562,2023-11-19 08:30:00,True,08:30:00,2023-11-19
6563,2023-11-19 08:45:00,True,08:45:00,2023-11-19
6564,2023-11-19 09:00:00,True,09:00:00,2023-11-19
6565,2023-11-19 09:15:00,True,09:15:00,2023-11-19
6566,2023-11-19 09:30:00,True,09:30:00,2023-11-19
6567,2023-11-19 09:45:00,True,09:45:00,2023-11-19
6568,2023-11-19 10:00:00,True,10:00:00,2023-11-19
6569,2023-11-19 10:15:00,True,10:15:00,2023-11-19
6570,2023-11-19 10:30:00,True,10:30:00,2023-11-19
6571,2023-11-19 10:45:00,True,10:45:00,2023-11-19
6572,2023-11-19 11:00:00,True,11:00:00,2023-11-19
6573,2023-11-19 11:15:00,True,11:15:00,2023-11-19
6574,2023-11-19 11:30:00,True,11:30:00,2023-11-19
6575,2023-11-19 11:45:00,True,11:45:00,2023-11-19
6576,2023-11-19 12:00:00,True,12:00:00,2023-11-19
6577,2023-11-19 12:15:00,True,12:15:00,2023-11-19
6578,2023-11-19 12:30:00,True,12:30:00,2023-11-19
6579,2023-11-19 12:45:00,True,12:45:00,2023-11-19
6580,2023-11-19 13:00:00,True,13:00:00,2023-11-19
6581,2023-11-19 13:15:00,True,13:15:00,2023-11-19
6582,2023-11-19 13:30:00,True,13:30:00,2023-11-19
6583,2023-11-19 13:45:00,True,13:45:00,2023-11-19
6584,2023-11-19 14:00:00,True,14:00:00,2023-11-19
6585,2023-11-19 14:15:00,True,14:15:00,2023-11-19
6586,2023-11-19 14:30:00,True,14:30:00,2023-11-19
6587,2023-11-19 14:45:00,True,14:45:00,2023-11-19
6588,2023-11-19 15:00:00,True,15:00:00,2023-11-19
6589,2023-11-19 15:15:00,True,15:15:00,2023-11-19
6590,2023-11-19 15:30:00,True,15:30:00,2023-11-19
6591,2023-11-19 15:45:00,True,15:45:00,2023-11-19
6592,2023-11-19 16:00:00,True,16:00:00,2023-11-19
6593,2023-11-19 16:15:00,True,16:15:00,2023-11-19
6594,2023-11-19 16:30:00,True,16:30:00,2023-11-19
6595,2023-11-19 16:45:00,True,16:45:00,2023-11-19
6596,2023-11-19 17:00:00,True,17:00:00,2023-11-19
6597,2023-11-19 17:15:00,True,17:15:00,2023-11-19
6598,2023-11-19 17:30:00,True,17:30:00,2023-11-19
6599,2023-11-19 17:45:00,True,17:45:00,2023-11-19
6600,2023-11-19 18:00:00,True,18:00:00,2023-11-19
6601,2023-11-19 18:15:00,True,18:15:00,2023-11-19
6602,2023-11-19 18:30:00,True,18:30:00,2023-11-19
6603,2023-11-19 18:45:00,True,18:45:00,2023-11-19
6604,2023-11-19 19:00:00,True,19:00:00,2023-11-19
6605,2023-11-19 19:15:00,True,19:15:00,2023-11-19
6606,2023-11-19 19:30:00,True,19:30:00,2023-11-19
6607,2023-11-19 19:45:00,True,19:45:00,2023-11-19
6608,2023-11-19 20:00:00,True,20:00:00,2023-11-19
6609,2023-11-19 20:15:00,True,20:15:00,2023-11-19
6610,2023-11-19 20:30:00,True,20:30:00,2023-11-19
6611,2023-11-19 20:45:00,True,20:45:00,2023-11-19
6612,2023-11-19 21:00:00,True,21:00:00,2023-11-19
6613,2023-11-19 21:15:00,True,21:15:00,2023-11-19
6614,2023-11-19 21:30:00,True,21:30:00,2023-11-19
6615,2023-11-19 21:45:00,True,21:45:00,2023-11-19
6616,2023-11-19 22:00:00,True,22:00:00,2023-11-19
6617,2023-11-19 22:15:00,True,22:15:00,2023-11-19
6618,2023-11-19 22:30:00,True,22:30:00,2023-11-19
6619,2023-11-19 22:45:00,True,22:45:00,2023-11-19
6620,2023-11-19 23:00:00,True,23:00:00,2023-11-19
6621,2023-11-19 23:15:00,True,23:15:00,2023-11-19
6622,2023-11-19 23:30:00,True,23:30:00,2023-11-19
6623,2023-11-19 23:45:00,True,23:45:00,2023-11-19
6624,2023-11-20 00:00:00,True,00:00:00,2023-11-20
6625,2023-11-20 00:15:00,True,00:15:00,2023-11-20
6626,2023-11-20 00:30:00,True,00:30:00,2023-11-20
6627,2023-11-20 00:45:00,True,00:45:00,2023-11-20
6628,2023-11-20 01:00:00,True,01:00:00,2023-11-20
6629,2023-11-20 01:15:00,True,01:15:00,2023-11-20
6630,2023-11-20 01:30:00,True,01:30:00,2023-11-20
6631,2023-11-20 01:45:00,True,01:45:00,2023-11-20
6632,2023-11-20 02:00:00,True,02:00:00,2023-11-20
6633,2023-11-20 02:15:00,True,02:15:00,2023-11-20
6634,2023-11-20 02:30:00,True,02:30:00,2023-11-20
6635,2023-11-20 02:45:00,True,02:45:00,2023-11-20
6636,2023-11-20 03:00:00,True,03:00:00,2023-11-20
6637,2023-11-20 03:15:00,True,03:15:00,2023-11-20
6638,2023-11-20 03:30:00,True,03:30:00,2023-11-20
6639,2023-11-20 03:45:00,True,03:45:00,2023-11-20
6640,2023-11-20 04:00:00,True,04:00:00,2023-11-20
6641,2023-11-20 04:15:00,True,04:15:00,2023-11-20
6642,2023-11-20 04:30:00,True,04:30:00,2023-11-20
6643,2023-11-20 04:45:00,True,04:45:00,2023-11-20
6644,2023-11-20 05:00:00,True,05:00:00,2023-11-20
6645,2023-11-20 05:15:00,True,05:15:00,2023-11-20
6646,2023-11-20 05:30:00,True,05:30:00,2023-11-20
6647,2023-11-20 05:45:00,True,05:45:00,2023-11-20
6648,2023-11-20 06:00:00,True,06:00:00,2023-11-20
6649,2023-11-20 06:15:00,True,06:15:00,2023-11-20
6650,2023-11-20 06:30:00,True,06:30:00,2023-11-20
6651,2023-11-20 06:45:00,True,06:45:00,2023-11-20
6652,2023-11-20 07:00:00,True,07:00:00,2023-11-20
6653,2023-11-20 07:15:00,True,07:15:00,2023-11-20
6654,2023-11-20 07:30:00,True,07:30:00,2023-11-20
6655,2023-11-20 07:45:00,True,07:45:00,2023-11-20
6656,2023-11-20 08:00:00,True,08:00:00,2023-11-20
6657,2023-11-20 08:15:00,True,08:15:00,2023-11-20
6658,2023-11-20 08:30:00,True,08:30:00,2023-11-20
6659,2023-11-20 08:45:00,True,08:45:00,2023-11-20
6660,2023-11-20 09:00:00,True,09:00:00,2023-11-20
6661,2023-11-20 09:15:00,True,09:15:00,2023-11-20
6662,2023-11-20 09:30:00,True,09:30:00,2023-11-20
6663,2023-11-20 09:45:00,True,09:45:00,2023-11-20
6664,2023-11-20 10:00:00,True,10:00:00,2023-11-20
6665,2023-11-20 10:15:00,True,10:15:00,2023-11-20
6666,2023-11-20 10:30:00,True,10:30:00,2023-11-20
6667,2023-11-20 10:45:00,True,10:45:00,2023-11-20
6668,2023-11-20 11:00:00,True,11:00:00,2023-11-20
6669,2023-11-20 11:15:00,True,11:15:00,2023-11-20
6670,2023-11-20 11:30:00,True,11:30:00,2023-11-20
6671,2023-11-20 11:45:00,True,11:45:00,2023-11-20
6672,2023-11-20 12:00:00,True,12:00:00,2023-11-20
6673,2023-11-20 12:15:00,True,12:15:00,2023-11-20
6674,2023-11-20 12:30:00,True,12:30:00,2023-11-20
6675,2023-11-20 12:45:00,True,12:45:00,2023-11-20
6676,2023-11-20 13:00:00,True,13:00:00,2023-11-20
6677,2023-11-20 13:15:00,True,13:15:00,2023-11-20
6678,2023-11-20 13:30:00,True,13:30:00,2023-11-20
6679,2023-11-20 13:45:00,True,13:45:00,2023-11-20
6680,2023-11-20 14:00:00,True,14:00:00,2023-11-20
6681,2023-11-20 14:15:00,True,14:15:00,2023-11-20
6682,2023-11-20 14:30:00,True,14:30:00,2023-11-20
6683,2023-11-20 14:45:00,True,14:45:00,2023-11-20
6684,2023-11-20 15:00:00,True,15:00:00,2023-11-20
6685,2023-11-20 15:15:00,False,15:15:00,2023-11-20
6686,2023-11-20 15:30:00,True,15:30:00,2023-11-20
6687,2023-11-20 15:45:00,False,15:45:00,2023-11-20
6688,2023-11-20 16:00:00,False,16:00:00,2023-11-20
6689,2023-11-20 16:15:00,False,16:15:00,2023-11-20
6690,2023-11-20 16:30:00,False,16:30:00,2023-11-20
6691,2023-11-20 16:45:00,False,16:45:00,2023-11-20
6692,2023-11-20 17:00:00,False,17:00:00,2023-11-20
6693,2023-11-20 17:15:00,False,17:15:00,2023-11-20
6694,2023-11-20 17:30:00,False,17:30:00,2023-11-20
6695,2023-11-20 17:45:00,False,17:45:00,2023-11-20
6696,2023-11-20 18:00:00,False,18:00:00,2023-11-20
6697,2023-11-20 18:15:00,False,18:15:00,2023-11-20
6698,2023-11-20 18:30:00,False,18:30:00,2023-11-20
6699,2023-11-20 18:45:00,False,18:45:00,2023-11-20
6700,2023-11-20 19:00:00,False,19:00:00,2023-11-20
6701,2023-11-20 19:15:00,False,19:15:00,2023-11-20
6702,2023-11-20 19:30:00,False,19:30:00,2023-11-20
6703,2023-11-20 19:45:00,False,19:45:00,2023-11-20
6704,2023-11-20 20:00:00,False,20:00:00,2023-11-20
6705,2023-11-20 20:15:00,False,20:15:00,2023-11-20
6706,2023-11-20 20:30:00,False,20:30:00,2023-11-20
6707,2023-11-20 20:45:00,False,20:45:00,2023-11-20
6708,2023-11-20 21:00:00,False,21:00:00,2023-11-20
6709,2023-11-20 21:15:00,False,21:15:00,2023-11-20
6710,2023-11-20 21:30:00,False,21:30:00,2023-11-20
6711,2023-11-20 21:45:00,False,21:45:00,2023-11-20
6712,2023-11-20 22:00:00,False,22:00:00,2023-11-20
6713,2023-11-20 22:15:00,False,22:15:00,2023-11-20
6714,2023-11-20 22:30:00,False,22:30:00,2023-11-20
6715,2023-11-20 22:45:00,False,22:45:00,2023-11-20
6716,2023-11-20 23:00:00,False,23:00:00,2023-11-20
6717,2023-11-20 23:15:00,False,23:15:00,2023-11-20
6718,2023-11-20 23:30:00,False,23:30:00,2023-11-20
6719,2023-11-20 23:45:00,False,23:45:00,2023-11-20
6720,2023-11-21 00:00:00,False,00:00:00,2023-11-21
6721,2023-11-21 00:15:00,False,00:15:00,2023-11-21
6722,2023-11-21 00:30:00,False,00:30:00,2023-11-21
6723,2023-11-21 00:45:00,False,00:45:00,2023-11-21
6724,2023-11-21 01:00:00,False,01:00:00,2023-11-21
6725,2023-11-21 01:15:00,False,01:15:00,2023-11-21
6726,2023-11-21 01:30:00,False,01:30:00,2023-11-21
6727,2023-11-21 01:45:00,False,01:45:00,2023-11-21
6728,2023-11-21 02:00:00,False,02:00:00,2023-11-21
6729,2023-11-21 02:15:00,False,02:15:00,2023-11-21
6730,2023-11-21 02:30:00,False,02:30:00,2023-11-21
6731,2023-11-21 02:45:00,False,02:45:00,2023-11-21
6732,2023-11-21 03:00:00,False,03:00:00,2023-11-21
6733,2023-11-21 03:15:00,False,03:15:00,2023-11-21
6734,2023-11-21 03:30:00,False,03:30:00,2023-11-21
6735,2023-11-21 03:45:00,False,03:45:00,2023-11-21
6736,2023-11-21 04:00:00,False,04:00:00,2023-11-21
6737,2023-11-21 04:15:00,False,04:15:00,2023-11-21
6738,2023-11-21 04:30:00,False,04:30:00,2023-11-21
6739,2023-11-21 04:45:00,False,04:45:00,2023-11-21
6740,2023-11-21 05:00:00,False,05:00:00,2023-11-21
6741,2023-11-21 05:15:00,False,05:15:00,2023-11-21
6742,2023-11-21 05:30:00,False,05:30:00,2023-11-21
6743,2023-11-21 05:45:00,False,05:45:00,2023-11-21
6744,2023-11-21 06:00:00,False,06:00:00,2023-11-21
6745,2023-11-21 06:15:00,False,06:15:00,2023-11-21
6746,2023-11-21 06:30:00,False,06:30:00,2023-11-21
6747,2023-11-21 06:45:00,False,06:45:00,2023-11-21
6748,2023-11-21 07:00:00,False,07:00:00,2023-11-21
6749,2023-11-21 07:15:00,False,07:15:00,2023-11-21
6750,2023-11-21 07:30:00,False,07:30:00,2023-11-21
6751,2023-11-21 07:45:00,False,07:45:00,2023-11-21
6752,2023-11-21 08:00:00,False,08:00:00,2023-11-21
6753,2023-11-21 08:15:00,False,08:15:00,2023-11-21
6754,2023-11-21 08:30:00,False,08:30:00,2023-11-21
6755,2023-11-21 08:45:00,False,08:45:00,2023-11-21
6756,2023-11-21 09:00:00,False,09:00:00,2023-11-21
6757,2023-11-21 09:15:00,False,09:15:00,2023-11-21
6758,2023-11-21 09:30:00,False,09:30:00,2023-11-21
6759,2023-11-21 09:45:00,False,09:45:00,2023-11-21
6760,2023-11-21 10:00:00,False,10:00:00,2023-11-21
6761,2023-11-21 10:15:00,False,10:15:00,2023-11-21
6762,2023-11-21 10:30:00,False,10:30:00,2023-11-21
6763,2023-11-21 10:45:00,False,10:45:00,2023-11-21
6764,2023-11-21 11:00:00,False,11:00:00,2023-11-21
6765,2023-11-21 11:15:00,False,11:15:00,2023-11-21
6766,2023-11-21 11:30:00,False,11:30:00,2023-11-21
6767,2023-11-21 11:45:00,False,11:45:00,2023-11-21
6768,2023-11-21 12:00:00,False,12:00:00,2023-11-21
6769,2023-11-21 12:15:00,False,12:15:00,2023-11-21
6770,2023-11-21 12:30:00,False,12:30:00,2023-11-21
6771,2023-11-21 12:45:00,False,12:45:00,2023-11-21
6772,2023-11-21 13:00:00,False,13:00:00,2023-11-21
6773,2023-11-21 13:15:00,False,13:15:00,2023-11-21
6774,2023-11-21 13:30:00,False,13:30:00,2023-11-21
6775,2023-11-21 13:45:00,False,13:45:00,2023-11-21
6776,2023-11-21 14:00:00,False,14:00:00,2023-11-21
6777,2023-11-21 14:15:00,False,14:15:00,2023-11-21
6778,2023-11-21 14:30:00,False,14:30:00,2023-11-21
6779,2023-11-21 14:45:00,False,14:45:00,2023-11-21
6780,2023-11-21 15:00:00,False,15:00:00,2023-11-21
6781,2023-11-21 15:15:00,False,15:15:00,2023-11-21
6782,2023-11-21 15:30:00,False,15:30:00,2023-11-21
6783,2023-11-21 15:45:00,False,15:45:00,2023-11-21
6784,2023-11-21 16:00:00,False,16:00:00,2023-11-21
6785,2023-11-21 16:15:00,False,16:15:00,2023-11-21
6786,2023-11-21 16:30:00,False,16:30:00,2023-11-21
6787,2023-11-21 16:45:00,False,16:45:00,2023-11-21
6788,2023-11-21 17:00:00,False,17:00:00,2023-11-21
6789,2023-11-21 17:15:00,False,17:15:00,2023-11-21
6790,2023-11-21 17:30:00,False,17:30:00,2023-11-21
6791,2023-11-21 17:45:00,False,17:45:00,2023-11-21
6792,2023-11-21 18:00:00,False,18:00:00,2023-11-21
6793,2023-11-21 18:15:00,False,18:15:00,2023-11-21
6794,2023-11-21 18:30:00,False,18:30:00,2023-11-21
6795,2023-11-21 18:45:00,False,18:45:00,2023-11-21
6796,2023-11-21 19:00:00,False,19:00:00,2023-11-21
6797,2023-11-21 19:15:00,False,19:15:00,2023-11-21
6798,2023-11-21 19:30:00,False,19:30:00,2023-11-21
6799,2023-11-21 19:45:00,False,19:45:00,2023-11-21
6800,2023-11-21 20:00:00,False,20:00:00,2023-11-21
6801,2023-11-21 20:15:00,False,20:15:00,2023-11-21
6802,2023-11-21 20:30:00,False,20:30:00,2023-11-21
6803,2023-11-21 20:45:00,False,20:45:00,2023-11-21
6804,2023-11-21 21:00:00,False,21:00:00,2023-11-21
6805,2023-11-21 21:15:00,False,21:15:00,2023-11-21
6806,2023-11-21 21:30:00,False,21:30:00,2023-11-21
6807,2023-11-21 21:45:00,False,21:45:00,2023-11-21
6808,2023-11-21 22:00:00,False,22:00:00,2023-11-21
6809,2023-11-21 22:15:00,False,22:15:00,2023-11-21
6810,2023-11-21 22:30:00,False,22:30:00,2023-11-21
6811,2023-11-21 22:45:00,False,22:45:00,2023-11-21
6812,2023-11-21 23:00:00,False,23:00:00,2023-11-21
6813,2023-11-21 23:15:00,False,23:15:00,2023-11-21
6814,2023-11-21 23:30:00,False,23:30:00,2023-11-21
6815,2023-11-21 23:45:00,False,23:45:00,2023-11-21
6816,2023-11-22 00:00:00,False,00:00:00,2023-11-22
6817,2023-11-22 00:15:00,False,00:15:00,2023-11-22
6818,2023-11-22 00:30:00,False,00:30:00,2023-11-22
6819,2023-11-22 00:45:00,False,00:45:00,2023-11-22
6820,2023-11-22 01:00:00,False,01:00:00,2023-11-22
6821,2023-11-22 01:15:00,False,01:15:00,2023-11-22
6822,2023-11-22 01:30:00,False,01:30:00,2023-11-22
6823,2023-11-22 01:45:00,False,01:45:00,2023-11-22
6824,2023-11-22 02:00:00,False,02:00:00,2023-11-22
6825,2023-11-22 02:15:00,False,02:15:00,2023-11-22
6826,2023-11-22 02:30:00,False,02:30:00,2023-11-22
6827,2023-11-22 02:45:00,False,02:45:00,2023-11-22
6828,2023-11-22 03:00:00,False,03:00:00,2023-11-22
6829,2023-11-22 03:15:00,False,03:15:00,2023-11-22
6830,2023-11-22 03:30:00,False,03:30:00,2023-11-22
6831,2023-11-22 03:45:00,False,03:45:00,2023-11-22
6832,2023-11-22 04:00:00,False,04:00:00,2023-11-22
6833,2023-11-22 04:15:00,False,04:15:00,2023-11-22
6834,2023-11-22 04:30:00,False,04:30:00,2023-11-22
6835,2023-11-22 04:45:00,False,04:45:00,2023-11-22
6836,2023-11-22 05:00:00,False,05:00:00,2023-11-22
6837,2023-11-22 05:15:00,False,05:15:00,2023-11-22
6838,2023-11-22 05:30:00,False,05:30:00,2023-11-22
6839,2023-11-22 05:45:00,False,05:45:00,2023-11-22
6840,2023-11-22 06:00:00,False,06:00:00,2023-11-22
6841,2023-11-22 06:15:00,False,06:15:00,2023-11-22
6842,2023-11-22 06:30:00,False,06:30:00,2023-11-22
6843,2023-11-22 06:45:00,False,06:45:00,2023-11-22
6844,2023-11-22 07:00:00,False,07:00:00,2023-11-22
6845,2023-11-22 07:15:00,False,07:15:00,2023-11-22
6846,2023-11-22 07:30:00,False,07:30:00,2023-11-22
6847,2023-11-22 07:45:00,False,07:45:00,2023-11-22
6848,2023-11-22 08:00:00,False,08:00:00,2023-11-22
6849,2023-11-22 08:15:00,True,08:15:00,2023-11-22
6850,2023-11-22 08:30:00,False,08:30:00,2023-11-22
6851,2023-11-22 08:45:00,False,08:45:00,2023-11-22
6852,2023-11-22 09:00:00,False,09:00:00,2023-11-22
6853,2023-11-22 09:15:00,False,09:15:00,2023-11-22
6854,2023-11-22 09:30:00,False,09:30:00,2023-11-22
6855,2023-11-22 09:45:00,False,09:45:00,2023-11-22
6856,2023-11-22 10:00:00,True,10:00:00,2023-11-22
6857,2023-11-22 10:15:00,True,10:15:00,2023-11-22
6858,2023-11-22 10:30:00,True,10:30:00,2023-11-22
6859,2023-11-22 10:45:00,True,10:45:00,2023-11-22
6860,2023-11-22 11:00:00,False,11:00:00,2023-11-22
6861,2023-11-22 11:15:00,False,11:15:00,2023-11-22
6862,2023-11-22 11:30:00,False,11:30:00,2023-11-22
6863,2023-11-22 11:45:00,False,11:45:00,2023-11-22
6864,2023-11-22 12:00:00,False,12:00:00,2023-11-22
6865,2023-11-22 12:15:00,False,12:15:00,2023-11-22
6866,2023-11-22 12:30:00,False,12:30:00,2023-11-22
6867,2023-11-22 12:45:00,False,12:45:00,2023-11-22
6868,2023-11-22 13:00:00,False,13:00:00,2023-11-22
6869,2023-11-22 13:15:00,False,13:15:00,2023-11-22
6870,2023-11-22 13:30:00,False,13:30:00,2023-11-22
6871,2023-11-22 13:45:00,False,13:45:00,2023-11-22
6872,2023-11-22 14:00:00,False,14:00:00,2023-11-22
6873,2023-11-22 14:15:00,False,14:15:00,2023-11-22
6874,2023-11-22 14:30:00,False,14:30:00,2023-11-22
6875,2023-11-22 14:45:00,False,14:45:00,2023-11-22
6876,2023-11-22 15:00:00,False,15:00:00,2023-11-22
6877,2023-11-22 15:15:00,False,15:15:00,2023-11-22
6878,2023-11-22 15:30:00,False,15:30:00,2023-11-22
6879,2023-11-22 15:45:00,False,15:45:00,2023-11-22
6880,2023-11-22 16:00:00,False,16:00:00,2023-11-22
6881,2023-11-22 16:15:00,False,16:15:00,2023-11-22
6882,2023-11-22 16:30:00,False,16:30:00,2023-11-22
6883,2023-11-22 16:45:00,False,16:45:00,2023-11-22
6884,2023-11-22 17:00:00,False,17:00:00,2023-11-22
6885,2023-11-22 17:15:00,False,17:15:00,2023-11-22
6886,2023-11-22 17:30:00,False,17:30:00,2023-11-22
6887,2023-11-22 17:45:00,False,17:45:00,2023-11-22
6888,2023-11-22 18:00:00,False,18:00:00,2023-11-22
6889,2023-11-22 18:15:00,False,18:15:00,2023-11-22
6890,2023-11-22 18:30:00,False,18:30:00,2023-11-22
6891,2023-11-22 18:45:00,False,18:45:00,2023-11-22
6892,2023-11-22 19:00:00,False,19:00:00,2023-11-22
6893,2023-11-22 19:15:00,False,19:15:00,2023-11-22
6894,2023-11-22 19:30:00,False,19:30:00,2023-11-22
6895,2023-11-22 19:45:00,False,19:45:00,2023-11-22
6896,2023-11-22 20:00:00,False,20:00:00,2023-11-22
6897,2023-11-22 20:15:00,False,20:15:00,2023-11-22
6898,2023-11-22 20:30:00,False,20:30:00,2023-11-22
6899,2023-11-22 20:45:00,False,20:45:00,2023-11-22
6900,2023-11-22 21:00:00,False,21:00:00,2023-11-22
6901,2023-11-22 21:15:00,False,21:15:00,2023-11-22
6902,2023-11-22 21:30:00,False,21:30:00,2023-11-22
6903,2023-11-22 21:45:00,False,21:45:00,2023-11-22
6904,2023-11-22 22:00:00,False,22:00:00,2023-11-22
6905,2023-11-22 22:15:00,False,22:15:00,2023-11-22
6906,2023-11-22 22:30:00,False,22:30:00,2023-11-22
6907,2023-11-22 22:45:00,False,22:45:00,2023-11-22
6908,2023-11-22 23:00:00,False,23:00:00,2023-11-22
6909,2023-11-22 23:15:00,False,23:15:00,2023-11-22
6910,2023-11-22 23:30:00,False,23:30:00,2023-11-22
6911,2023-11-22 23:45:00,False,23:45:00,2023-11-22
6912,2023-11-23 00:00:00,False,00:00:00,2023-11-23
6913,2023-11-23 00:15:00,False,00:15:00,2023-11-23
6914,2023-11-23 00:30:00,False,00:30:00,2023-11-23
6915,2023-11-23 00:45:00,False,00:45:00,2023-11-23
6916,2023-11-23 01:00:00,False,01:00:00,2023-11-23
6917,2023-11-23 01:15:00,False,01:15:00,2023-11-23
6918,2023-11-23 01:30:00,False,01:30:00,2023-11-23
6919,2023-11-23 01:45:00,False,01:45:00,2023-11-23
6920,2023-11-23 02:00:00,False,02:00:00,2023-11-23
6921,2023-11-23 02:15:00,False,02:15:00,2023-11-23
6922,2023-11-23 02:30:00,False,02:30:00,2023-11-23
6923,2023-11-23 02:45:00,False,02:45:00,2023-11-23
6924,2023-11-23 03:00:00,False,03:00:00,2023-11-23
6925,2023-11-23 03:15:00,False,03:15:00,2023-11-23
6926,2023-11-23 03:30:00,False,03:30:00,2023-11-23
6927,2023-11-23 03:45:00,False,03:45:00,2023-11-23
6928,2023-11-23 04:00:00,False,04:00:00,2023-11-23
6929,2023-11-23 04:15:00,False,04:15:00,2023-11-23
6930,2023-11-23 04:30:00,False,04:30:00,2023-11-23
6931,2023-11-23 04:45:00,False,04:45:00,2023-11-23
6932,2023-11-23 05:00:00,False,05:00:00,2023-11-23
6933,2023-11-23 05:15:00,False,05:15:00,2023-11-23
6934,2023-11-23 05:30:00,False,05:30:00,2023-11-23
6935,2023-11-23 05:45:00,False,05:45:00,2023-11-23
6936,2023-11-23 06:00:00,False,06:00:00,2023-11-23
6937,2023-11-23 06:15:00,False,06:15:00,2023-11-23
6938,2023-11-23 06:30:00,False,06:30:00,2023-11-23
6939,2023-11-23 06:45:00,False,06:45:00,2023-11-23
6940,2023-11-23 07:00:00,False,07:00:00,2023-11-23
6941,2023-11-23 07:15:00,False,07:15:00,2023-11-23
6942,2023-11-23 07:30:00,False,07:30:00,2023-11-23
6943,2023-11-23 07:45:00,False,07:45:00,2023-11-23
6944,2023-11-23 08:00:00,False,08:00:00,2023-11-23
6945,2023-11-23 08:15:00,False,08:15:00,2023-11-23
6946,2023-11-23 08:30:00,False,08:30:00,2023-11-23
6947,2023-11-23 08:45:00,False,08:45:00,2023-11-23
6948,2023-11-23 09:00:00,False,09:00:00,2023-11-23
6949,2023-11-23 09:15:00,False,09:15:00,2023-11-23
6950,2023-11-23 09:30:00,False,09:30:00,2023-11-23
6951,2023-11-23 09:45:00,False,09:45:00,2023-11-23
6952,2023-11-23 10:00:00,False,10:00:00,2023-11-23
6953,2023-11-23 10:15:00,False,10:15:00,2023-11-23
6954,2023-11-23 10:30:00,False,10:30:00,2023-11-23
6955,2023-11-23 10:45:00,False,10:45:00,2023-11-23
6956,2023-11-23 11:00:00,False,11:00:00,2023-11-23
6957,2023-11-23 11:15:00,False,11:15:00,2023-11-23
6958,2023-11-23 11:30:00,False,11:30:00,2023-11-23
6959,2023-11-23 11:45:00,False,11:45:00,2023-11-23
6960,2023-11-23 12:00:00,False,12:00:00,2023-11-23
6961,2023-11-23 12:15:00,False,12:15:00,2023-11-23
6962,2023-11-23 12:30:00,False,12:30:00,2023-11-23
6963,2023-11-23 12:45:00,False,12:45:00,2023-11-23
6964,2023-11-23 13:00:00,False,13:00:00,2023-11-23
6965,2023-11-23 13:15:00,False,13:15:00,2023-11-23
6966,2023-11-23 13:30:00,False,13:30:00,2023-11-23
6967,2023-11-23 13:45:00,False,13:45:00,2023-11-23
6968,2023-11-23 14:00:00,False,14:00:00,2023-11-23
6969,2023-11-23 14:15:00,False,14:15:00,2023-11-23
6970,2023-11-23 14:30:00,False,14:30:00,2023-11-23
6971,2023-11-23 14:45:00,False,14:45:00,2023-11-23
6972,2023-11-23 15:00:00,False,15:00:00,2023-11-23
6973,2023-11-23 15:15:00,False,15:15:00,2023-11-23
6974,2023-11-23 15:30:00,False,15:30:00,2023-11-23
6975,2023-11-23 15:45:00,False,15:45:00,2023-11-23
6976,2023-11-23 16:00:00,False,16:00:00,2023-11-23
6977,2023-11-23 16:15:00,False,16:15:00,2023-11-23
6978,2023-11-23 16:30:00,False,16:30:00,2023-11-23
6979,2023-11-23 16:45:00,False,16:45:00,2023-11-23
6980,2023-11-23 17:00:00,False,17:00:00,2023-11-23
6981,2023-11-23 17:15:00,False,17:15:00,2023-11-23
6982,2023-11-23 17:30:00,False,17:30:00,2023-11-23
6983,2023-11-23 17:45:00,False,17:45:00,2023-11-23
6984,2023-11-23 18:00:00,False,18:00:00,2023-11-23
6985,2023-11-23 18:15:00,False,18:15:00,2023-11-23
6986,2023-11-23 18:30:00,False,18:30:00,2023-11-23
6987,2023-11-23 18:45:00,False,18:45:00,2023-11-23
6988,2023-11-23 19:00:00,False,19:00:00,2023-11-23
6989,2023-11-23 19:15:00,False,19:15:00,2023-11-23
6990,2023-11-23 19:30:00,False,19:30:00,2023-11-23
6991,2023-11-23 19:45:00,False,19:45:00,2023-11-23
6992,2023-11-23 20:00:00,False,20:00:00,2023-11-23
6993,2023-11-23 20:15:00,False,20:15:00,2023-11-23
6994,2023-11-23 20:30:00,True,20:30:00,2023-11-23
6995,2023-11-23 20:45:00,True,20:45:00,2023-11-23
6996,2023-11-23 21:00:00,True,21:00:00,2023-11-23
6997,2023-11-23 21:15:00,True,21:15:00,2023-11-23
6998,2023-11-23 21:30:00,True,21:30:00,2023-11-23
6999,2023-11-23 21:45:00,True,21:45:00,2023-11-23
7000,2023-11-23 22:00:00,False,22:00:00,2023-11-23
7001,2023-11-23 22:15:00,False,22:15:00,2023-11-23
7002,2023-11-23 22:30:00,False,22:30:00,2023-11-23
7003,2023-11-23 22:45:00,False,22:45:00,2023-11-23
7004,2023-11-23 23:00:00,False,23:00:00,2023-11-23
7005,2023-11-23 23:15:00,False,23:15:00,2023-11-23
7006,2023-11-23 23:30:00,False,23:30:00,2023-11-23
7007,2023-11-23 23:45:00,False,23:45:00,2023-11-23
7008,2023-11-24 00:00:00,False,00:00:00,2023-11-24
7009,2023-11-24 00:15:00,False,00:15:00,2023-11-24
7010,2023-11-24 00:30:00,False,00:30:00,2023-11-24
7011,2023-11-24 00:45:00,False,00:45:00,2023-11-24
7012,2023-11-24 01:00:00,False,01:00:00,2023-11-24
7013,2023-11-24 01:15:00,False,01:15:00,2023-11-24
7014,2023-11-24 01:30:00,False,01:30:00,2023-11-24
7015,2023-11-24 01:45:00,False,01:45:00,2023-11-24
7016,2023-11-24 02:00:00,False,02:00:00,2023-11-24
7017,2023-11-24 02:15:00,False,02:15:00,2023-11-24
7018,2023-11-24 02:30:00,False,02:30:00,2023-11-24
7019,2023-11-24 02:45:00,False,02:45:00,2023-11-24
7020,2023-11-24 03:00:00,False,03:00:00,2023-11-24
7021,2023-11-24 03:15:00,False,03:15:00,2023-11-24
7022,2023-11-24 03:30:00,False,03:30:00,2023-11-24
7023,2023-11-24 03:45:00,False,03:45:00,2023-11-24
7024,2023-11-24 04:00:00,False,04:00:00,2023-11-24
7025,2023-11-24 04:15:00,False,04:15:00,2023-11-24
7026,2023-11-24 04:30:00,False,04:30:00,2023-11-24
7027,2023-11-24 04:45:00,False,04:45:00,2023-11-24
7028,2023-11-24 05:00:00,False,05:00:00,2023-11-24
7029,2023-11-24 05:15:00,False,05:15:00,2023-11-24
7030,2023-11-24 05:30:00,False,05:30:00,2023-11-24
7031,2023-11-24 05:45:00,False,05:45:00,2023-11-24
7032,2023-11-24 06:00:00,False,06:00:00,2023-11-24
7033,2023-11-24 06:15:00,False,06:15:00,2023-11-24
7034,2023-11-24 06:30:00,False,06:30:00,2023-11-24
7035,2023-11-24 06:45:00,False,06:45:00,2023-11-24
7036,2023-11-24 07:00:00,False,07:00:00,2023-11-24
7037,2023-11-24 07:15:00,False,07:15:00,2023-11-24
7038,2023-11-24 07:30:00,False,07:30:00,2023-11-24
7039,2023-11-24 07:45:00,False,07:45:00,2023-11-24
7040,2023-11-24 08:00:00,False,08:00:00,2023-11-24
7041,2023-11-24 08:15:00,False,08:15:00,2023-11-24
7042,2023-11-24 08:30:00,False,08:30:00,2023-11-24
7043,2023-11-24 08:45:00,False,08:45:00,2023-11-24
7044,2023-11-24 09:00:00,False,09:00:00,2023-11-24
7045,2023-11-24 09:15:00,False,09:15:00,2023-11-24
7046,2023-11-24 09:30:00,False,09:30:00,2023-11-24
7047,2023-11-24 09:45:00,False,09:45:00,2023-11-24
7048,2023-11-24 10:00:00,False,10:00:00,2023-11-24
7049,2023-11-24 10:15:00,False,10:15:00,2023-11-24
7050,2023-11-24 10:30:00,False,10:30:00,2023-11-24
7051,2023-11-24 10:45:00,False,10:45:00,2023-11-24
7052,2023-11-24 11:00:00,False,11:00:00,2023-11-24
7053,2023-11-24 11:15:00,False,11:15:00,2023-11-24
7054,2023-11-24 11:30:00,False,11:30:00,2023-11-24
7055,2023-11-24 11:45:00,False,11:45:00,2023-11-24
7056,2023-11-24 12:00:00,False,12:00:00,2023-11-24
7057,2023-11-24 12:15:00,False,12:15:00,2023-11-24
7058,2023-11-24 12:30:00,False,12:30:00,2023-11-24
7059,2023-11-24 12:45:00,False,12:45:00,2023-11-24
7060,2023-11-24 13:00:00,False,13:00:00,2023-11-24
7061,2023-11-24 13:15:00,False,13:15:00,2023-11-24
7062,2023-11-24 13:30:00,False,13:30:00,2023-11-24
7063,2023-11-24 13:45:00,False,13:45:00,2023-11-24
7064,2023-11-24 14:00:00,False,14:00:00,2023-11-24
7065,2023-11-24 14:15:00,False,14:15:00,2023-11-24
7066,2023-11-24 14:30:00,False,14:30:00,2023-11-24
7067,2023-11-24 14:45:00,False,14:45:00,2023-11-24
7068,2023-11-24 15:00:00,False,15:00:00,2023-11-24
7069,2023-11-24 15:15:00,False,15:15:00,2023-11-24
7070,2023-11-24 15:30:00,False,15:30:00,2023-11-24
7071,2023-11-24 15:45:00,False,15:45:00,2023-11-24
7072,2023-11-24 16:00:00,False,16:00:00,2023-11-24
7073,2023-11-24 16:15:00,False,16:15:00,2023-11-24
7074,2023-11-24 16:30:00,False,16:30:00,2023-11-24
7075,2023-11-24 16:45:00,False,16:45:00,2023-11-24
7076,2023-11-24 17:00:00,False,17:00:00,2023-11-24
7077,2023-11-24 17:15:00,False,17:15:00,2023-11-24
7078,2023-11-24 17:30:00,False,17:30:00,2023-11-24
7079,2023-11-24 17:45:00,False,17:45:00,2023-11-24
7080,2023-11-24 18:00:00,False,18:00:00,2023-11-24
7081,2023-11-24 18:15:00,False,18:15:00,2023-11-24
7082,2023-11-24 18:30:00,True,18:30:00,2023-11-24
7083,2023-11-24 18:45:00,True,18:45:00,2023-11-24
7084,2023-11-24 19:00:00,False,19:00:00,2023-11-24
7085,2023-11-24 19:15:00,False,19:15:00,2023-11-24
7086,2023-11-24 19:30:00,False,19:30:00,2023-11-24
7087,2023-11-24 19:45:00,False,19:45:00,2023-11-24
7088,2023-11-24 20:00:00,False,20:00:00,2023-11-24
7089,2023-11-24 20:15:00,False,20:15:00,2023-11-24
7090,2023-11-24 20:30:00,False,20:30:00,2023-11-24
7091,2023-11-24 20:45:00,False,20:45:00,2023-11-24
7092,2023-11-24 21:00:00,False,21:00:00,2023-11-24
7093,2023-11-24 21:15:00,False,21:15:00,2023-11-24
7094,2023-11-24 21:30:00,False,21:30:00,2023-11-24
7095,2023-11-24 21:45:00,False,21:45:00,2023-11-24
7096,2023-11-24 22:00:00,False,22:00:00,2023-11-24
7097,2023-11-24 22:15:00,False,22:15:00,2023-11-24
7098,2023-11-24 22:30:00,False,22:30:00,2023-11-24
7099,2023-11-24 22:45:00,False,22:45:00,2023-11-24
7100,2023-11-24 23:00:00,False,23:00:00,2023-11-24
7101,2023-11-24 23:15:00,False,23:15:00,2023-11-24
7102,2023-11-24 23:30:00,False,23:30:00,2023-11-24
7103,2023-11-24 23:45:00,False,23:45:00,2023-11-24
7104,2023-11-25 00:00:00,False,00:00:00,2023-11-25
7105,2023-11-25 00:15:00,False,00:15:00,2023-11-25
7106,2023-11-25 00:30:00,False,00:30:00,2023-11-25
7107,2023-11-25 00:45:00,False,00:45:00,2023-11-25
7108,2023-11-25 01:00:00,False,01:00:00,2023-11-25
7109,2023-11-25 01:15:00,False,01:15:00,2023-11-25
7110,2023-11-25 01:30:00,False,01:30:00,2023-11-25
7111,2023-11-25 01:45:00,False,01:45:00,2023-11-25
7112,2023-11-25 02:00:00,False,02:00:00,2023-11-25
7113,2023-11-25 02:15:00,False,02:15:00,2023-11-25
7114,2023-11-25 02:30:00,False,02:30:00,2023-11-25
7115,2023-11-25 02:45:00,False,02:45:00,2023-11-25
7116,2023-11-25 03:00:00,False,03:00:00,2023-11-25
7117,2023-11-25 03:15:00,False,03:15:00,2023-11-25
7118,2023-11-25 03:30:00,False,03:30:00,2023-11-25
7119,2023-11-25 03:45:00,False,03:45:00,2023-11-25
7120,2023-11-25 04:00:00,False,04:00:00,2023-11-25
7121,2023-11-25 04:15:00,False,04:15:00,2023-11-25
7122,2023-11-25 04:30:00,False,04:30:00,2023-11-25
7123,2023-11-25 04:45:00,False,04:45:00,2023-11-25
7124,2023-11-25 05:00:00,False,05:00:00,2023-11-25
7125,2023-11-25 05:15:00,False,05:15:00,2023-11-25
7126,2023-11-25 05:30:00,False,05:30:00,2023-11-25
7127,2023-11-25 05:45:00,False,05:45:00,2023-11-25
7128,2023-11-25 06:00:00,False,06:00:00,2023-11-25
7129,2023-11-25 06:15:00,False,06:15:00,2023-11-25
7130,2023-11-25 06:30:00,False,06:30:00,2023-11-25
7131,2023-11-25 06:45:00,False,06:45:00,2023-11-25
7132,2023-11-25 07:00:00,False,07:00:00,2023-11-25
7133,2023-11-25 07:15:00,False,07:15:00,2023-11-25
7134,2023-11-25 07:30:00,False,07:30:00,2023-11-25
7135,2023-11-25 07:45:00,False,07:45:00,2023-11-25
7136,2023-11-25 08:00:00,False,08:00:00,2023-11-25
7137,2023-11-25 08:15:00,False,08:15:00,2023-11-25
7138,2023-11-25 08:30:00,False,08:30:00,2023-11-25
7139,2023-11-25 08:45:00,False,08:45:00,2023-11-25
7140,2023-11-25 09:00:00,False,09:00:00,2023-11-25
7141,2023-11-25 09:15:00,False,09:15:00,2023-11-25
7142,2023-11-25 09:30:00,False,09:30:00,2023-11-25
7143,2023-11-25 09:45:00,False,09:45:00,2023-11-25
7144,2023-11-25 10:00:00,False,10:00:00,2023-11-25
7145,2023-11-25 10:15:00,False,10:15:00,2023-11-25
7146,2023-11-25 10:30:00,False,10:30:00,2023-11-25
7147,2023-11-25 10:45:00,False,10:45:00,2023-11-25
7148,2023-11-25 11:00:00,False,11:00:00,2023-11-25
7149,2023-11-25 11:15:00,False,11:15:00,2023-11-25
7150,2023-11-25 11:30:00,False,11:30:00,2023-11-25
7151,2023-11-25 11:45:00,False,11:45:00,2023-11-25
7152,2023-11-25 12:00:00,False,12:00:00,2023-11-25
7153,2023-11-25 12:15:00,False,12:15:00,2023-11-25
7154,2023-11-25 12:30:00,False,12:30:00,2023-11-25
7155,2023-11-25 12:45:00,False,12:45:00,2023-11-25
7156,2023-11-25 13:00:00,False,13:00:00,2023-11-25
7157,2023-11-25 13:15:00,False,13:15:00,2023-11-25
7158,2023-11-25 13:30:00,False,13:30:00,2023-11-25
7159,2023-11-25 13:45:00,False,13:45:00,2023-11-25
7160,2023-11-25 14:00:00,False,14:00:00,2023-11-25
7161,2023-11-25 14:15:00,False,14:15:00,2023-11-25
7162,2023-11-25 14:30:00,False,14:30:00,2023-11-25
7163,2023-11-25 14:45:00,False,14:45:00,2023-11-25
7164,2023-11-25 15:00:00,False,15:00:00,2023-11-25
7165,2023-11-25 15:15:00,False,15:15:00,2023-11-25
7166,2023-11-25 15:30:00,False,15:30:00,2023-11-25
7167,2023-11-25 15:45:00,False,15:45:00,2023-11-25
7168,2023-11-25 16:00:00,False,16:00:00,2023-11-25
7169,2023-11-25 16:15:00,False,16:15:00,2023-11-25
7170,2023-11-25 16:30:00,False,16:30:00,2023-11-25
7171,2023-11-25 16:45:00,False,16:45:00,2023-11-25
7172,2023-11-25 17:00:00,False,17:00:00,2023-11-25
7173,2023-11-25 17:15:00,False,17:15:00,2023-11-25
7174,2023-11-25 17:30:00,False,17:30:00,2023-11-25
7175,2023-11-25 17:45:00,False,17:45:00,2023-11-25
7176,2023-11-25 18:00:00,False,18:00:00,2023-11-25
7177,2023-11-25 18:15:00,False,18:15:00,2023-11-25
7178,2023-11-25 18:30:00,False,18:30:00,2023-11-25
7179,2023-11-25 18:45:00,False,18:45:00,2023-11-25
7180,2023-11-25 19:00:00,False,19:00:00,2023-11-25
7181,2023-11-25 19:15:00,False,19:15:00,2023-11-25
7182,2023-11-25 19:30:00,False,19:30:00,2023-11-25
7183,2023-11-25 19:45:00,False,19:45:00,2023-11-25
7184,2023-11-25 20:00:00,False,20:00:00,2023-11-25
7185,2023-11-25 20:15:00,False,20:15:00,2023-11-25
7186,2023-11-25 20:30:00,False,20:30:00,2023-11-25
7187,2023-11-25 20:45:00,False,20:45:00,2023-11-25
7188,2023-11-25 21:00:00,True,21:00:00,2023-11-25
7189,2023-11-25 21:15:00,True,21:15:00,2023-11-25
7190,2023-11-25 21:30:00,True,21:30:00,2023-11-25
7191,2023-11-25 21:45:00,True,21:45:00,2023-11-25
7192,2023-11-25 22:00:00,True,22:00:00,2023-11-25
7193,2023-11-25 22:15:00,True,22:15:00,2023-11-25
7194,2023-11-25 22:30:00,True,22:30:00,2023-11-25
7195,2023-11-25 22:45:00,True,22:45:00,2023-11-25
7196,2023-11-25 23:00:00,True,23:00:00,2023-11-25
7197,2023-11-25 23:15:00,True,23:15:00,2023-11-25
7198,2023-11-25 23:30:00,True,23:30:00,2023-11-25
7199,2023-11-25 23:45:00,True,23:45:00,2023-11-25
7200,2023-11-26 00:00:00,True,00:00:00,2023-11-26
7201,2023-11-26 00:15:00,True,00:15:00,2023-11-26
7202,2023-11-26 00:30:00,True,00:30:00,2023-11-26
7203,2023-11-26 00:45:00,True,00:45:00,2023-11-26
7204,2023-11-26 01:00:00,True,01:00:00,2023-11-26
7205,2023-11-26 01:15:00,True,01:15:00,2023-11-26
7206,2023-11-26 01:30:00,False,01:30:00,2023-11-26
7207,2023-11-26 01:45:00,False,01:45:00,2023-11-26
7208,2023-11-26 02:00:00,False,02:00:00,2023-11-26
7209,2023-11-26 02:15:00,False,02:15:00,2023-11-26
7210,2023-11-26 02:30:00,False,02:30:00,2023-11-26
7211,2023-11-26 02:45:00,False,02:45:00,2023-11-26
7212,2023-11-26 03:00:00,False,03:00:00,2023-11-26
7213,2023-11-26 03:15:00,False,03:15:00,2023-11-26
7214,2023-11-26 03:30:00,False,03:30:00,2023-11-26
7215,2023-11-26 03:45:00,False,03:45:00,2023-11-26
7216,2023-11-26 04:00:00,False,04:00:00,2023-11-26
7217,2023-11-26 04:15:00,False,04:15:00,2023-11-26
7218,2023-11-26 04:30:00,False,04:30:00,2023-11-26
7219,2023-11-26 04:45:00,False,04:45:00,2023-11-26
7220,2023-11-26 05:00:00,False,05:00:00,2023-11-26
7221,2023-11-26 05:15:00,False,05:15:00,2023-11-26
7222,2023-11-26 05:30:00,False,05:30:00,2023-11-26
7223,2023-11-26 05:45:00,False,05:45:00,2023-11-26
7224,2023-11-26 06:00:00,False,06:00:00,2023-11-26
7225,2023-11-26 06:15:00,False,06:15:00,2023-11-26
7226,2023-11-26 06:30:00,False,06:30:00,2023-11-26
7227,2023-11-26 06:45:00,False,06:45:00,2023-11-26
7228,2023-11-26 07:00:00,False,07:00:00,2023-11-26
7229,2023-11-26 07:15:00,False,07:15:00,2023-11-26
7230,2023-11-26 07:30:00,False,07:30:00,2023-11-26
7231,2023-11-26 07:45:00,False,07:45:00,2023-11-26
7232,2023-11-26 08:00:00,False,08:00:00,2023-11-26
7233,2023-11-26 08:15:00,False,08:15:00,2023-11-26
7234,2023-11-26 08:30:00,False,08:30:00,2023-11-26
7235,2023-11-26 08:45:00,False,08:45:00,2023-11-26
7236,2023-11-26 09:00:00,False,09:00:00,2023-11-26
7237,2023-11-26 09:15:00,False,09:15:00,2023-11-26
7238,2023-11-26 09:30:00,False,09:30:00,2023-11-26
7239,2023-11-26 09:45:00,False,09:45:00,2023-11-26
7240,2023-11-26 10:00:00,False,10:00:00,2023-11-26
7241,2023-11-26 10:15:00,False,10:15:00,2023-11-26
7242,2023-11-26 10:30:00,False,10:30:00,2023-11-26
7243,2023-11-26 10:45:00,False,10:45:00,2023-11-26
7244,2023-11-26 11:00:00,False,11:00:00,2023-11-26
7245,2023-11-26 11:15:00,False,11:15:00,2023-11-26
7246,2023-11-26 11:30:00,False,11:30:00,2023-11-26
7247,2023-11-26 11:45:00,False,11:45:00,2023-11-26
7248,2023-11-26 12:00:00,False,12:00:00,2023-11-26
7249,2023-11-26 12:15:00,False,12:15:00,2023-11-26
7250,2023-11-26 12:30:00,False,12:30:00,2023-11-26
7251,2023-11-26 12:45:00,False,12:45:00,2023-11-26
7252,2023-11-26 13:00:00,False,13:00:00,2023-11-26
7253,2023-11-26 13:15:00,False,13:15:00,2023-11-26
7254,2023-11-26 13:30:00,False,13:30:00,2023-11-26
7255,2023-11-26 13:45:00,False,13:45:00,2023-11-26
7256,2023-11-26 14:00:00,False,14:00:00,2023-11-26
7257,2023-11-26 14:15:00,False,14:15:00,2023-11-26
7258,2023-11-26 14:30:00,False,14:30:00,2023-11-26
7259,2023-11-26 14:45:00,False,14:45:00,2023-11-26
7260,2023-11-26 15:00:00,False,15:00:00,2023-11-26
7261,2023-11-26 15:15:00,False,15:15:00,2023-11-26
7262,2023-11-26 15:30:00,False,15:30:00,2023-11-26
7263,2023-11-26 15:45:00,False,15:45:00,2023-11-26
7264,2023-11-26 16:00:00,False,16:00:00,2023-11-26
7265,2023-11-26 16:15:00,False,16:15:00,2023-11-26
7266,2023-11-26 16:30:00,False,16:30:00,2023-11-26
7267,2023-11-26 16:45:00,False,16:45:00,2023-11-26
7268,2023-11-26 17:00:00,False,17:00:00,2023-11-26
7269,2023-11-26 17:15:00,False,17:15:00,2023-11-26
7270,2023-11-26 17:30:00,False,17:30:00,2023-11-26
7271,2023-11-26 17:45:00,False,17:45:00,2023-11-26
7272,2023-11-26 18:00:00,False,18:00:00,2023-11-26
7273,2023-11-26 18:15:00,False,18:15:00,2023-11-26
7274,2023-11-26 18:30:00,False,18:30:00,2023-11-26
7275,2023-11-26 18:45:00,False,18:45:00,2023-11-26
7276,2023-11-26 19:00:00,False,19:00:00,2023-11-26
7277,2023-11-26 19:15:00,False,19:15:00,2023-11-26
7278,2023-11-26 19:30:00,False,19:30:00,2023-11-26
7279,2023-11-26 19:45:00,False,19:45:00,2023-11-26
7280,2023-11-26 20:00:00,False,20:00:00,2023-11-26
7281,2023-11-26 20:15:00,False,20:15:00,2023-11-26
7282,2023-11-26 20:30:00,False,20:30:00,2023-11-26
7283,2023-11-26 20:45:00,False,20:45:00,2023-11-26
7284,2023-11-26 21:00:00,False,21:00:00,2023-11-26
7285,2023-11-26 21:15:00,False,21:15:00,2023-11-26
7286,2023-11-26 21:30:00,False,21:30:00,2023-11-26
7287,2023-11-26 21:45:00,False,21:45:00,2023-11-26
7288,2023-11-26 22:00:00,False,22:00:00,2023-11-26
7289,2023-11-26 22:15:00,False,22:15:00,2023-11-26
7290,2023-11-26 22:30:00,False,22:30:00,2023-11-26
7291,2023-11-26 22:45:00,False,22:45:00,2023-11-26
7292,2023-11-26 23:00:00,False,23:00:00,2023-11-26
7293,2023-11-26 23:15:00,False,23:15:00,2023-11-26
7294,2023-11-26 23:30:00,False,23:30:00,2023-11-26
7295,2023-11-26 23:45:00,False,23:45:00,2023-11-26
7296,2023-11-27 00:00:00,False,00:00:00,2023-11-27
7297,2023-11-27 00:15:00,False,00:15:00,2023-11-27
7298,2023-11-27 00:30:00,False,00:30:00,2023-11-27
7299,2023-11-27 00:45:00,False,00:45:00,2023-11-27
7300,2023-11-27 01:00:00,False,01:00:00,2023-11-27
7301,2023-11-27 01:15:00,False,01:15:00,2023-11-27
7302,2023-11-27 01:30:00,False,01:30:00,2023-11-27
7303,2023-11-27 01:45:00,False,01:45:00,2023-11-27
7304,2023-11-27 02:00:00,False,02:00:00,2023-11-27
7305,2023-11-27 02:15:00,False,02:15:00,2023-11-27
7306,2023-11-27 02:30:00,False,02:30:00,2023-11-27
7307,2023-11-27 02:45:00,False,02:45:00,2023-11-27
7308,2023-11-27 03:00:00,False,03:00:00,2023-11-27
7309,2023-11-27 03:15:00,False,03:15:00,2023-11-27
7310,2023-11-27 03:30:00,False,03:30:00,2023-11-27
7311,2023-11-27 03:45:00,False,03:45:00,2023-11-27
7312,2023-11-27 04:00:00,False,04:00:00,2023-11-27
7313,2023-11-27 04:15:00,False,04:15:00,2023-11-27
7314,2023-11-27 04:30:00,False,04:30:00,2023-11-27
7315,2023-11-27 04:45:00,False,04:45:00,2023-11-27
7316,2023-11-27 05:00:00,False,05:00:00,2023-11-27
7317,2023-11-27 05:15:00,False,05:15:00,2023-11-27
7318,2023-11-27 05:30:00,False,05:30:00,2023-11-27
7319,2023-11-27 05:45:00,False,05:45:00,2023-11-27
7320,2023-11-27 06:00:00,False,06:00:00,2023-11-27
7321,2023-11-27 06:15:00,False,06:15:00,2023-11-27
7322,2023-11-27 06:30:00,False,06:30:00,2023-11-27
7323,2023-11-27 06:45:00,False,06:45:00,2023-11-27
7324,2023-11-27 07:00:00,False,07:00:00,2023-11-27
7325,2023-11-27 07:15:00,False,07:15:00,2023-11-27
7326,2023-11-27 07:30:00,False,07:30:00,2023-11-27
7327,2023-11-27 07:45:00,False,07:45:00,2023-11-27
7328,2023-11-27 08:00:00,False,08:00:00,2023-11-27
7329,2023-11-27 08:15:00,False,08:15:00,2023-11-27
7330,2023-11-27 08:30:00,False,08:30:00,2023-11-27
7331,2023-11-27 08:45:00,False,08:45:00,2023-11-27
7332,2023-11-27 09:00:00,False,09:00:00,2023-11-27
7333,2023-11-27 09:15:00,False,09:15:00,2023-11-27
7334,2023-11-27 09:30:00,False,09:30:00,2023-11-27
7335,2023-11-27 09:45:00,False,09:45:00,2023-11-27
7336,2023-11-27 10:00:00,False,10:00:00,2023-11-27
7337,2023-11-27 10:15:00,False,10:15:00,2023-11-27
7338,2023-11-27 10:30:00,False,10:30:00,2023-11-27
7339,2023-11-27 10:45:00,False,10:45:00,2023-11-27
7340,2023-11-27 11:00:00,False,11:00:00,2023-11-27
7341,2023-11-27 11:15:00,False,11:15:00,2023-11-27
7342,2023-11-27 11:30:00,False,11:30:00,2023-11-27
7343,2023-11-27 11:45:00,False,11:45:00,2023-11-27
7344,2023-11-27 12:00:00,False,12:00:00,2023-11-27
7345,2023-11-27 12:15:00,False,12:15:00,2023-11-27
7346,2023-11-27 12:30:00,False,12:30:00,2023-11-27
7347,2023-11-27 12:45:00,False,12:45:00,2023-11-27
7348,2023-11-27 13:00:00,False,13:00:00,2023-11-27
7349,2023-11-27 13:15:00,False,13:15:00,2023-11-27
7350,2023-11-27 13:30:00,False,13:30:00,2023-11-27
7351,2023-11-27 13:45:00,False,13:45:00,2023-11-27
7352,2023-11-27 14:00:00,False,14:00:00,2023-11-27
7353,2023-11-27 14:15:00,False,14:15:00,2023-11-27
7354,2023-11-27 14:30:00,False,14:30:00,2023-11-27
7355,2023-11-27 14:45:00,False,14:45:00,2023-11-27
7356,2023-11-27 15:00:00,False,15:00:00,2023-11-27
7357,2023-11-27 15:15:00,False,15:15:00,2023-11-27
7358,2023-11-27 15:30:00,False,15:30:00,2023-11-27
7359,2023-11-27 15:45:00,False,15:45:00,2023-11-27
7360,2023-11-27 16:00:00,False,16:00:00,2023-11-27
7361,2023-11-27 16:15:00,False,16:15:00,2023-11-27
7362,2023-11-27 16:30:00,False,16:30:00,2023-11-27
7363,2023-11-27 16:45:00,False,16:45:00,2023-11-27
7364,2023-11-27 17:00:00,False,17:00:00,2023-11-27
7365,2023-11-27 17:15:00,False,17:15:00,2023-11-27
7366,2023-11-27 17:30:00,False,17:30:00,2023-11-27
7367,2023-11-27 17:45:00,False,17:45:00,2023-11-27
7368,2023-11-27 18:00:00,False,18:00:00,2023-11-27
7369,2023-11-27 18:15:00,False,18:15:00,2023-11-27
7370,2023-11-27 18:30:00,False,18:30:00,2023-11-27
7371,2023-11-27 18:45:00,False,18:45:00,2023-11-27
7372,2023-11-27 19:00:00,False,19:00:00,2023-11-27
7373,2023-11-27 19:15:00,False,19:15:00,2023-11-27
7374,2023-11-27 19:30:00,False,19:30:00,2023-11-27
7375,2023-11-27 19:45:00,False,19:45:00,2023-11-27
7376,2023-11-27 20:00:00,False,20:00:00,2023-11-27
7377,2023-11-27 20:15:00,False,20:15:00,2023-11-27
7378,2023-11-27 20:30:00,False,20:30:00,2023-11-27
7379,2023-11-27 20:45:00,False,20:45:00,2023-11-27
7380,2023-11-27 21:00:00,False,21:00:00,2023-11-27
7381,2023-11-27 21:15:00,False,21:15:00,2023-11-27
7382,2023-11-27 21:30:00,False,21:30:00,2023-11-27
7383,2023-11-27 21:45:00,False,21:45:00,2023-11-27
7384,2023-11-27 22:00:00,False,22:00:00,2023-11-27
7385,2023-11-27 22:15:00,False,22:15:00,2023-11-27
7386,2023-11-27 22:30:00,False,22:30:00,2023-11-27
7387,2023-11-27 22:45:00,False,22:45:00,2023-11-27
7388,2023-11-27 23:00:00,False,23:00:00,2023-11-27
7389,2023-11-27 23:15:00,False,23:15:00,2023-11-27
7390,2023-11-27 23:30:00,False,23:30:00,2023-11-27
7391,2023-11-27 23:45:00,False,23:45:00,2023-11-27
7392,2023-11-28 00:00:00,False,00:00:00,2023-11-28
7393,2023-11-28 00:15:00,False,00:15:00,2023-11-28
7394,2023-11-28 00:30:00,False,00:30:00,2023-11-28
7395,2023-11-28 00:45:00,False,00:45:00,2023-11-28
7396,2023-11-28 01:00:00,False,01:00:00,2023-11-28
7397,2023-11-28 01:15:00,False,01:15:00,2023-11-28
7398,2023-11-28 01:30:00,False,01:30:00,2023-11-28
7399,2023-11-28 01:45:00,False,01:45:00,2023-11-28
7400,2023-11-28 02:00:00,False,02:00:00,2023-11-28
7401,2023-11-28 02:15:00,False,02:15:00,2023-11-28
7402,2023-11-28 02:30:00,False,02:30:00,2023-11-28
7403,2023-11-28 02:45:00,False,02:45:00,2023-11-28
7404,2023-11-28 03:00:00,False,03:00:00,2023-11-28
7405,2023-11-28 03:15:00,False,03:15:00,2023-11-28
7406,2023-11-28 03:30:00,False,03:30:00,2023-11-28
7407,2023-11-28 03:45:00,False,03:45:00,2023-11-28
7408,2023-11-28 04:00:00,False,04:00:00,2023-11-28
7409,2023-11-28 04:15:00,False,04:15:00,2023-11-28
7410,2023-11-28 04:30:00,False,04:30:00,2023-11-28
7411,2023-11-28 04:45:00,False,04:45:00,2023-11-28
7412,2023-11-28 05:00:00,False,05:00:00,2023-11-28
7413,2023-11-28 05:15:00,False,05:15:00,2023-11-28
7414,2023-11-28 05:30:00,False,05:30:00,2023-11-28
7415,2023-11-28 05:45:00,False,05:45:00,2023-11-28
7416,2023-11-28 06:00:00,False,06:00:00,2023-11-28
7417,2023-11-28 06:15:00,False,06:15:00,2023-11-28
7418,2023-11-28 06:30:00,False,06:30:00,2023-11-28
7419,2023-11-28 06:45:00,False,06:45:00,2023-11-28
7420,2023-11-28 07:00:00,False,07:00:00,2023-11-28
7421,2023-11-28 07:15:00,False,07:15:00,2023-11-28
7422,2023-11-28 07:30:00,False,07:30:00,2023-11-28
7423,2023-11-28 07:45:00,False,07:45:00,2023-11-28
7424,2023-11-28 08:00:00,False,08:00:00,2023-11-28
7425,2023-11-28 08:15:00,False,08:15:00,2023-11-28
7426,2023-11-28 08:30:00,False,08:30:00,2023-11-28
7427,2023-11-28 08:45:00,False,08:45:00,2023-11-28
7428,2023-11-28 09:00:00,False,09:00:00,2023-11-28
7429,2023-11-28 09:15:00,False,09:15:00,2023-11-28
7430,2023-11-28 09:30:00,False,09:30:00,2023-11-28
7431,2023-11-28 09:45:00,False,09:45:00,2023-11-28
7432,2023-11-28 10:00:00,False,10:00:00,2023-11-28
7433,2023-11-28 10:15:00,False,10:15:00,2023-11-28
7434,2023-11-28 10:30:00,False,10:30:00,2023-11-28
7435,2023-11-28 10:45:00,False,10:45:00,2023-11-28
7436,2023-11-28 11:00:00,False,11:00:00,2023-11-28
7437,2023-11-28 11:15:00,False,11:15:00,2023-11-28
7438,2023-11-28 11:30:00,False,11:30:00,2023-11-28
7439,2023-11-28 11:45:00,False,11:45:00,2023-11-28
7440,2023-11-28 12:00:00,False,12:00:00,2023-11-28
7441,2023-11-28 12:15:00,False,12:15:00,2023-11-28
7442,2023-11-28 12:30:00,False,12:30:00,2023-11-28
7443,2023-11-28 12:45:00,False,12:45:00,2023-11-28
7444,2023-11-28 13:00:00,False,13:00:00,2023-11-28
7445,2023-11-28 13:15:00,False,13:15:00,2023-11-28
7446,2023-11-28 13:30:00,False,13:30:00,2023-11-28
7447,2023-11-28 13:45:00,False,13:45:00,2023-11-28
7448,2023-11-28 14:00:00,False,14:00:00,2023-11-28
7449,2023-11-28 14:15:00,False,14:15:00,2023-11-28
7450,2023-11-28 14:30:00,False,14:30:00,2023-11-28
7451,2023-11-28 14:45:00,False,14:45:00,2023-11-28
7452,2023-11-28 15:00:00,False,15:00:00,2023-11-28
7453,2023-11-28 15:15:00,False,15:15:00,2023-11-28
7454,2023-11-28 15:30:00,False,15:30:00,2023-11-28
7455,2023-11-28 15:45:00,False,15:45:00,2023-11-28
7456,2023-11-28 16:00:00,False,16:00:00,2023-11-28
7457,2023-11-28 16:15:00,False,16:15:00,2023-11-28
7458,2023-11-28 16:30:00,False,16:30:00,2023-11-28
7459,2023-11-28 16:45:00,False,16:45:00,2023-11-28
7460,2023-11-28 17:00:00,False,17:00:00,2023-11-28
7461,2023-11-28 17:15:00,False,17:15:00,2023-11-28
7462,2023-11-28 17:30:00,False,17:30:00,2023-11-28
7463,2023-11-28 17:45:00,False,17:45:00,2023-11-28
7464,2023-11-28 18:00:00,False,18:00:00,2023-11-28
7465,2023-11-28 18:15:00,False,18:15:00,2023-11-28
7466,2023-11-28 18:30:00,False,18:30:00,2023-11-28
7467,2023-11-28 18:45:00,False,18:45:00,2023-11-28
7468,2023-11-28 19:00:00,False,19:00:00,2023-11-28
7469,2023-11-28 19:15:00,False,19:15:00,2023-11-28
7470,2023-11-28 19:30:00,False,19:30:00,2023-11-28
7471,2023-11-28 19:45:00,False,19:45:00,2023-11-28
7472,2023-11-28 20:00:00,False,20:00:00,2023-11-28
7473,2023-11-28 20:15:00,False,20:15:00,2023-11-28
7474,2023-11-28 20:30:00,False,20:30:00,2023-11-28
7475,2023-11-28 20:45:00,False,20:45:00,2023-11-28
7476,2023-11-28 21:00:00,False,21:00:00,2023-11-28
7477,2023-11-28 21:15:00,True,21:15:00,2023-11-28
7478,2023-11-28 21:30:00,False,21:30:00,2023-11-28
7479,2023-11-28 21:45:00,False,21:45:00,2023-11-28
7480,2023-11-28 22:00:00,False,22:00:00,2023-11-28
7481,2023-11-28 22:15:00,False,22:15:00,2023-11-28
7482,2023-11-28 22:30:00,False,22:30:00,2023-11-28
7483,2023-11-28 22:45:00,False,22:45:00,2023-11-28
7484,2023-11-28 23:00:00,False,23:00:00,2023-11-28
7485,2023-11-28 23:15:00,False,23:15:00,2023-11-28
7486,2023-11-28 23:30:00,False,23:30:00,2023-11-28
7487,2023-11-28 23:45:00,False,23:45:00,2023-11-28
7488,2023-11-29 00:00:00,False,00:00:00,2023-11-29
7489,2023-11-29 00:15:00,False,00:15:00,2023-11-29
7490,2023-11-29 00:30:00,False,00:30:00,2023-11-29
7491,2023-11-29 00:45:00,False,00:45:00,2023-11-29
7492,2023-11-29 01:00:00,False,01:00:00,2023-11-29
7493,2023-11-29 01:15:00,False,01:15:00,2023-11-29
7494,2023-11-29 01:30:00,False,01:30:00,2023-11-29
7495,2023-11-29 01:45:00,False,01:45:00,2023-11-29
7496,2023-11-29 02:00:00,False,02:00:00,2023-11-29
7497,2023-11-29 02:15:00,False,02:15:00,2023-11-29
7498,2023-11-29 02:30:00,False,02:30:00,2023-11-29
7499,2023-11-29 02:45:00,False,02:45:00,2023-11-29
7500,2023-11-29 03:00:00,False,03:00:00,2023-11-29
7501,2023-11-29 03:15:00,False,03:15:00,2023-11-29
7502,2023-11-29 03:30:00,False,03:30:00,2023-11-29
7503,2023-11-29 03:45:00,False,03:45:00,2023-11-29
7504,2023-11-29 04:00:00,False,04:00:00,2023-11-29
7505,2023-11-29 04:15:00,False,04:15:00,2023-11-29
7506,2023-11-29 04:30:00,False,04:30:00,2023-11-29
7507,2023-11-29 04:45:00,False,04:45:00,2023-11-29
7508,2023-11-29 05:00:00,False,05:00:00,2023-11-29
7509,2023-11-29 05:15:00,False,05:15:00,2023-11-29
7510,2023-11-29 05:30:00,False,05:30:00,2023-11-29
7511,2023-11-29 05:45:00,False,05:45:00,2023-11-29
7512,2023-11-29 06:00:00,False,06:00:00,2023-11-29
7513,2023-11-29 06:15:00,False,06:15:00,2023-11-29
7514,2023-11-29 06:30:00,False,06:30:00,2023-11-29
7515,2023-11-29 06:45:00,False,06:45:00,2023-11-29
7516,2023-11-29 07:00:00,False,07:00:00,2023-11-29
7517,2023-11-29 07:15:00,False,07:15:00,2023-11-29
7518,2023-11-29 07:30:00,False,07:30:00,2023-11-29
7519,2023-11-29 07:45:00,False,07:45:00,2023-11-29
7520,2023-11-29 08:00:00,False,08:00:00,2023-11-29
7521,2023-11-29 08:15:00,False,08:15:00,2023-11-29
7522,2023-11-29 08:30:00,False,08:30:00,2023-11-29
7523,2023-11-29 08:45:00,False,08:45:00,2023-11-29
7524,2023-11-29 09:00:00,False,09:00:00,2023-11-29
7525,2023-11-29 09:15:00,False,09:15:00,2023-11-29
7526,2023-11-29 09:30:00,False,09:30:00,2023-11-29
7527,2023-11-29 09:45:00,False,09:45:00,2023-11-29
7528,2023-11-29 10:00:00,False,10:00:00,2023-11-29
7529,2023-11-29 10:15:00,False,10:15:00,2023-11-29
7530,2023-11-29 10:30:00,False,10:30:00,2023-11-29
7531,2023-11-29 10:45:00,False,10:45:00,2023-11-29
7532,2023-11-29 11:00:00,False,11:00:00,2023-11-29
7533,2023-11-29 11:15:00,False,11:15:00,2023-11-29
7534,2023-11-29 11:30:00,False,11:30:00,2023-11-29
7535,2023-11-29 11:45:00,False,11:45:00,2023-11-29
7536,2023-11-29 12:00:00,False,12:00:00,2023-11-29
7537,2023-11-29 12:15:00,False,12:15:00,2023-11-29
7538,2023-11-29 12:30:00,False,12:30:00,2023-11-29
7539,2023-11-29 12:45:00,False,12:45:00,2023-11-29
7540,2023-11-29 13:00:00,False,13:00:00,2023-11-29
7541,2023-11-29 13:15:00,False,13:15:00,2023-11-29
7542,2023-11-29 13:30:00,False,13:30:00,2023-11-29
7543,2023-11-29 13:45:00,False,13:45:00,2023-11-29
7544,2023-11-29 14:00:00,False,14:00:00,2023-11-29
7545,2023-11-29 14:15:00,False,14:15:00,2023-11-29
7546,2023-11-29 14:30:00,False,14:30:00,2023-11-29
7547,2023-11-29 14:45:00,False,14:45:00,2023-11-29
7548,2023-11-29 15:00:00,False,15:00:00,2023-11-29
7549,2023-11-29 15:15:00,False,15:15:00,2023-11-29
7550,2023-11-29 15:30:00,False,15:30:00,2023-11-29
7551,2023-11-29 15:45:00,False,15:45:00,2023-11-29
7552,2023-11-29 16:00:00,False,16:00:00,2023-11-29
7553,2023-11-29 16:15:00,False,16:15:00,2023-11-29
7554,2023-11-29 16:30:00,False,16:30:00,2023-11-29
7555,2023-11-29 16:45:00,False,16:45:00,2023-11-29
7556,2023-11-29 17:00:00,False,17:00:00,2023-11-29
7557,2023-11-29 17:15:00,False,17:15:00,2023-11-29
7558,2023-11-29 17:30:00,False,17:30:00,2023-11-29
7559,2023-11-29 17:45:00,False,17:45:00,2023-11-29
7560,2023-11-29 18:00:00,False,18:00:00,2023-11-29
7561,2023-11-29 18:15:00,False,18:15:00,2023-11-29
7562,2023-11-29 18:30:00,False,18:30:00,2023-11-29
7563,2023-11-29 18:45:00,False,18:45:00,2023-11-29
7564,2023-11-29 19:00:00,False,19:00:00,2023-11-29
7565,2023-11-29 19:15:00,False,19:15:00,2023-11-29
7566,2023-11-29 19:30:00,False,19:30:00,2023-11-29
7567,2023-11-29 19:45:00,False,19:45:00,2023-11-29
7568,2023-11-29 20:00:00,False,20:00:00,2023-11-29
7569,2023-11-29 20:15:00,False,20:15:00,2023-11-29
7570,2023-11-29 20:30:00,False,20:30:00,2023-11-29
7571,2023-11-29 20:45:00,False,20:45:00,2023-11-29
7572,2023-11-29 21:00:00,False,21:00:00,2023-11-29
7573,2023-11-29 21:15:00,False,21:15:00,2023-11-29
7574,2023-11-29 21:30:00,False,21:30:00,2023-11-29
7575,2023-11-29 21:45:00,False,21:45:00,2023-11-29
7576,2023-11-29 22:00:00,False,22:00:00,2023-11-29
7577,2023-11-29 22:15:00,False,22:15:00,2023-11-29
7578,2023-11-29 22:30:00,False,22:30:00,2023-11-29
7579,2023-11-29 22:45:00,False,22:45:00,2023-11-29
7580,2023-11-29 23:00:00,False,23:00:00,2023-11-29
7581,2023-11-29 23:15:00,False,23:15:00,2023-11-29
7582,2023-11-29 23:30:00,False,23:30:00,2023-11-29
7583,2023-11-29 23:45:00,False,23:45:00,2023-11-29
7584,2023-11-30 00:00:00,False,00:00:00,2023-11-30
7585,2023-11-30 00:15:00,False,00:15:00,2023-11-30
7586,2023-11-30 00:30:00,False,00:30:00,2023-11-30
7587,2023-11-30 00:45:00,False,00:45:00,2023-11-30
7588,2023-11-30 01:00:00,False,01:00:00,2023-11-30
7589,2023-11-30 01:15:00,False,01:15:00,2023-11-30
7590,2023-11-30 01:30:00,False,01:30:00,2023-11-30
7591,2023-11-30 01:45:00,False,01:45:00,2023-11-30
7592,2023-11-30 02:00:00,False,02:00:00,2023-11-30
7593,2023-11-30 02:15:00,False,02:15:00,2023-11-30
7594,2023-11-30 02:30:00,False,02:30:00,2023-11-30
7595,2023-11-30 02:45:00,False,02:45:00,2023-11-30
7596,2023-11-30 03:00:00,False,03:00:00,2023-11-30
7597,2023-11-30 03:15:00,False,03:15:00,2023-11-30
7598,2023-11-30 03:30:00,False,03:30:00,2023-11-30
7599,2023-11-30 03:45:00,False,03:45:00,2023-11-30
7600,2023-11-30 04:00:00,False,04:00:00,2023-11-30
7601,2023-11-30 04:15:00,False,04:15:00,2023-11-30
7602,2023-11-30 04:30:00,False,04:30:00,2023-11-30
7603,2023-11-30 04:45:00,False,04:45:00,2023-11-30
7604,2023-11-30 05:00:00,False,05:00:00,2023-11-30
7605,2023-11-30 05:15:00,False,05:15:00,2023-11-30
7606,2023-11-30 05:30:00,False,05:30:00,2023-11-30
7607,2023-11-30 05:45:00,False,05:45:00,2023-11-30
7608,2023-11-30 06:00:00,False,06:00:00,2023-11-30
7609,2023-11-30 06:15:00,False,06:15:00,2023-11-30
7610,2023-11-30 06:30:00,False,06:30:00,2023-11-30
7611,2023-11-30 06:45:00,False,06:45:00,2023-11-30
7612,2023-11-30 07:00:00,False,07:00:00,2023-11-30
7613,2023-11-30 07:15:00,False,07:15:00,2023-11-30
7614,2023-11-30 07:30:00,False,07:30:00,2023-11-30
7615,2023-11-30 07:45:00,False,07:45:00,2023-11-30
7616,2023-11-30 08:00:00,False,08:00:00,2023-11-30
7617,2023-11-30 08:15:00,False,08:15:00,2023-11-30
7618,2023-11-30 08:30:00,False,08:30:00,2023-11-30
7619,2023-11-30 08:45:00,False,08:45:00,2023-11-30
7620,2023-11-30 09:00:00,False,09:00:00,2023-11-30
7621,2023-11-30 09:15:00,False,09:15:00,2023-11-30
7622,2023-11-30 09:30:00,False,09:30:00,2023-11-30
7623,2023-11-30 09:45:00,False,09:45:00,2023-11-30
7624,2023-11-30 10:00:00,False,10:00:00,2023-11-30
7625,2023-11-30 10:15:00,False,10:15:00,2023-11-30
7626,2023-11-30 10:30:00,False,10:30:00,2023-11-30
7627,2023-11-30 10:45:00,False,10:45:00,2023-11-30
7628,2023-11-30 11:00:00,False,11:00:00,2023-11-30
7629,2023-11-30 11:15:00,False,11:15:00,2023-11-30
7630,2023-11-30 11:30:00,False,11:30:00,2023-11-30
7631,2023-11-30 11:45:00,False,11:45:00,2023-11-30
7632,2023-11-30 12:00:00,False,12:00:00,2023-11-30
7633,2023-11-30 12:15:00,False,12:15:00,2023-11-30
7634,2023-11-30 12:30:00,False,12:30:00,2023-11-30
7635,2023-11-30 12:45:00,False,12:45:00,2023-11-30
7636,2023-11-30 13:00:00,False,13:00:00,2023-11-30
7637,2023-11-30 13:15:00,False,13:15:00,2023-11-30
7638,2023-11-30 13:30:00,False,13:30:00,2023-11-30
7639,2023-11-30 13:45:00,False,13:45:00,2023-11-30
7640,2023-11-30 14:00:00,False,14:00:00,2023-11-30
7641,2023-11-30 14:15:00,False,14:15:00,2023-11-30
7642,2023-11-30 14:30:00,False,14:30:00,2023-11-30
7643,2023-11-30 14:45:00,False,14:45:00,2023-11-30
7644,2023-11-30 15:00:00,False,15:00:00,2023-11-30
7645,2023-11-30 15:15:00,False,15:15:00,2023-11-30
7646,2023-11-30 15:30:00,False,15:30:00,2023-11-30
7647,2023-11-30 15:45:00,False,15:45:00,2023-11-30
7648,2023-11-30 16:00:00,False,16:00:00,2023-11-30
7649,2023-11-30 16:15:00,False,16:15:00,2023-11-30
7650,2023-11-30 16:30:00,False,16:30:00,2023-11-30
7651,2023-11-30 16:45:00,False,16:45:00,2023-11-30
7652,2023-11-30 17:00:00,False,17:00:00,2023-11-30
7653,2023-11-30 17:15:00,False,17:15:00,2023-11-30
7654,2023-11-30 17:30:00,False,17:30:00,2023-11-30
7655,2023-11-30 17:45:00,False,17:45:00,2023-11-30
7656,2023-11-30 18:00:00,False,18:00:00,2023-11-30
7657,2023-11-30 18:15:00,False,18:15:00,2023-11-30
7658,2023-11-30 18:30:00,False,18:30:00,2023-11-30
7659,2023-11-30 18:45:00,False,18:45:00,2023-11-30
7660,2023-11-30 19:00:00,False,19:00:00,2023-11-30
7661,2023-11-30 19:15:00,False,19:15:00,2023-11-30
7662,2023-11-30 19:30:00,False,19:30:00,2023-11-30
7663,2023-11-30 19:45:00,False,19:45:00,2023-11-30
7664,2023-11-30 20:00:00,False,20:00:00,2023-11-30
7665,2023-11-30 20:15:00,False,20:15:00,2023-11-30
7666,2023-11-30 20:30:00,False,20:30:00,2023-11-30
7667,2023-11-30 20:45:00,False,20:45:00,2023-11-30
7668,2023-11-30 21:00:00,False,21:00:00,2023-11-30
7669,2023-11-30 21:15:00,False,21:15:00,2023-11-30
7670,2023-11-30 21:30:00,False,21:30:00,2023-11-30
7671,2023-11-30 21:45:00,False,21:45:00,2023-11-30
7672,2023-11-30 22:00:00,False,22:00:00,2023-11-30
7673,2023-11-30 22:15:00,False,22:15:00,2023-11-30
7674,2023-11-30 22:30:00,False,22:30:00,2023-11-30
7675,2023-11-30 22:45:00,False,22:45:00,2023-11-30
7676,2023-11-30 23:00:00,False,23:00:00,2023-11-30
7677,2023-11-30 23:15:00,False,23:15:00,2023-11-30
7678,2023-11-30 23:30:00,False,23:30:00,2023-11-30
7679,2023-11-30 23:45:00,False,23:45:00,2023-11-30
7680,2023-12-01 00:00:00,False,00:00:00,2023-12-01
7681,2023-12-01 00:15:00,False,00:15:00,2023-12-01
7682,2023-12-01 00:30:00,False,00:30:00,2023-12-01
7683,2023-12-01 00:45:00,False,00:45:00,2023-12-01
7684,2023-12-01 01:00:00,False,01:00:00,2023-12-01
7685,2023-12-01 01:15:00,False,01:15:00,2023-12-01
7686,2023-12-01 01:30:00,False,01:30:00,2023-12-01
7687,2023-12-01 01:45:00,False,01:45:00,2023-12-01
7688,2023-12-01 02:00:00,False,02:00:00,2023-12-01
7689,2023-12-01 02:15:00,False,02:15:00,2023-12-01
7690,2023-12-01 02:30:00,False,02:30:00,2023-12-01
7691,2023-12-01 02:45:00,False,02:45:00,2023-12-01
7692,2023-12-01 03:00:00,False,03:00:00,2023-12-01
7693,2023-12-01 03:15:00,False,03:15:00,2023-12-01
7694,2023-12-01 03:30:00,False,03:30:00,2023-12-01
7695,2023-12-01 03:45:00,False,03:45:00,2023-12-01
7696,2023-12-01 04:00:00,False,04:00:00,2023-12-01
7697,2023-12-01 04:15:00,False,04:15:00,2023-12-01
7698,2023-12-01 04:30:00,False,04:30:00,2023-12-01
7699,2023-12-01 04:45:00,False,04:45:00,2023-12-01
7700,2023-12-01 05:00:00,False,05:00:00,2023-12-01
7701,2023-12-01 05:15:00,False,05:15:00,2023-12-01
7702,2023-12-01 05:30:00,False,05:30:00,2023-12-01
7703,2023-12-01 05:45:00,False,05:45:00,2023-12-01
7704,2023-12-01 06:00:00,False,06:00:00,2023-12-01
7705,2023-12-01 06:15:00,False,06:15:00,2023-12-01
7706,2023-12-01 06:30:00,False,06:30:00,2023-12-01
7707,2023-12-01 06:45:00,False,06:45:00,2023-12-01
7708,2023-12-01 07:00:00,False,07:00:00,2023-12-01
7709,2023-12-01 07:15:00,False,07:15:00,2023-12-01
7710,2023-12-01 07:30:00,False,07:30:00,2023-12-01
7711,2023-12-01 07:45:00,False,07:45:00,2023-12-01
7712,2023-12-01 08:00:00,False,08:00:00,2023-12-01
7713,2023-12-01 08:15:00,False,08:15:00,2023-12-01
7714,2023-12-01 08:30:00,False,08:30:00,2023-12-01
7715,2023-12-01 08:45:00,False,08:45:00,2023-12-01
7716,2023-12-01 09:00:00,False,09:00:00,2023-12-01
7717,2023-12-01 09:15:00,False,09:15:00,2023-12-01
7718,2023-12-01 09:30:00,False,09:30:00,2023-12-01
7719,2023-12-01 09:45:00,False,09:45:00,2023-12-01
7720,2023-12-01 10:00:00,False,10:00:00,2023-12-01
7721,2023-12-01 10:15:00,False,10:15:00,2023-12-01
7722,2023-12-01 10:30:00,False,10:30:00,2023-12-01
7723,2023-12-01 10:45:00,False,10:45:00,2023-12-01
7724,2023-12-01 11:00:00,False,11:00:00,2023-12-01
7725,2023-12-01 11:15:00,False,11:15:00,2023-12-01
7726,2023-12-01 11:30:00,False,11:30:00,2023-12-01
7727,2023-12-01 11:45:00,False,11:45:00,2023-12-01
7728,2023-12-01 12:00:00,False,12:00:00,2023-12-01
7729,2023-12-01 12:15:00,False,12:15:00,2023-12-01
7730,2023-12-01 12:30:00,False,12:30:00,2023-12-01
7731,2023-12-01 12:45:00,False,12:45:00,2023-12-01
7732,2023-12-01 13:00:00,False,13:00:00,2023-12-01
7733,2023-12-01 13:15:00,False,13:15:00,2023-12-01
7734,2023-12-01 13:30:00,False,13:30:00,2023-12-01
7735,2023-12-01 13:45:00,False,13:45:00,2023-12-01
7736,2023-12-01 14:00:00,False,14:00:00,2023-12-01
7737,2023-12-01 14:15:00,False,14:15:00,2023-12-01
7738,2023-12-01 14:30:00,False,14:30:00,2023-12-01
7739,2023-12-01 14:45:00,False,14:45:00,2023-12-01
7740,2023-12-01 15:00:00,False,15:00:00,2023-12-01
7741,2023-12-01 15:15:00,False,15:15:00,2023-12-01
7742,2023-12-01 15:30:00,False,15:30:00,2023-12-01
7743,2023-12-01 15:45:00,False,15:45:00,2023-12-01
7744,2023-12-01 16:00:00,False,16:00:00,2023-12-01
7745,2023-12-01 16:15:00,False,16:15:00,2023-12-01
7746,2023-12-01 16:30:00,False,16:30:00,2023-12-01
7747,2023-12-01 16:45:00,False,16:45:00,2023-12-01
7748,2023-12-01 17:00:00,False,17:00:00,2023-12-01
7749,2023-12-01 17:15:00,False,17:15:00,2023-12-01
7750,2023-12-01 17:30:00,False,17:30:00,2023-12-01
7751,2023-12-01 17:45:00,False,17:45:00,2023-12-01
7752,2023-12-01 18:00:00,False,18:00:00,2023-12-01
7753,2023-12-01 18:15:00,False,18:15:00,2023-12-01
7754,2023-12-01 18:30:00,False,18:30:00,2023-12-01
7755,2023-12-01 18:45:00,False,18:45:00,2023-12-01
7756,2023-12-01 19:00:00,False,19:00:00,2023-12-01
7757,2023-12-01 19:15:00,False,19:15:00,2023-12-01
7758,2023-12-01 19:30:00,False,19:30:00,2023-12-01
7759,2023-12-01 19:45:00,False,19:45:00,2023-12-01
7760,2023-12-01 20:00:00,False,20:00:00,2023-12-01
7761,2023-12-01 20:15:00,False,20:15:00,2023-12-01
7762,2023-12-01 20:30:00,False,20:30:00,2023-12-01
7763,2023-12-01 20:45:00,False,20:45:00,2023-12-01
7764,2023-12-01 21:00:00,False,21:00:00,2023-12-01
7765,2023-12-01 21:15:00,False,21:15:00,2023-12-01
7766,2023-12-01 21:30:00,False,21:30:00,2023-12-01
7767,2023-12-01 21:45:00,False,21:45:00,2023-12-01
7768,2023-12-01 22:00:00,False,22:00:00,2023-12-01
7769,2023-12-01 22:15:00,False,22:15:00,2023-12-01
7770,2023-12-01 22:30:00,False,22:30:00,2023-12-01
7771,2023-12-01 22:45:00,False,22:45:00,2023-12-01
7772,2023-12-01 23:00:00,False,23:00:00,2023-12-01
7773,2023-12-01 23:15:00,False,23:15:00,2023-12-01
7774,2023-12-01 23:30:00,False,23:30:00,2023-12-01
7775,2023-12-01 23:45:00,False,23:45:00,2023-12-01
7776,2023-12-02 00:00:00,False,00:00:00,2023-12-02
7777,2023-12-02 00:15:00,False,00:15:00,2023-12-02
7778,2023-12-02 00:30:00,False,00:30:00,2023-12-02
7779,2023-12-02 00:45:00,False,00:45:00,2023-12-02
7780,2023-12-02 01:00:00,False,01:00:00,2023-12-02
7781,2023-12-02 01:15:00,False,01:15:00,2023-12-02
7782,2023-12-02 01:30:00,False,01:30:00,2023-12-02
7783,2023-12-02 01:45:00,True,01:45:00,2023-12-02
7784,2023-12-02 02:00:00,True,02:00:00,2023-12-02
7785,2023-12-02 02:15:00,True,02:15:00,2023-12-02
7786,2023-12-02 02:30:00,True,02:30:00,2023-12-02
7787,2023-12-02 02:45:00,True,02:45:00,2023-12-02
7788,2023-12-02 03:00:00,True,03:00:00,2023-12-02
7789,2023-12-02 03:15:00,True,03:15:00,2023-12-02
7790,2023-12-02 03:30:00,True,03:30:00,2023-12-02
7791,2023-12-02 03:45:00,True,03:45:00,2023-12-02
7792,2023-12-02 04:00:00,True,04:00:00,2023-12-02
7793,2023-12-02 04:15:00,True,04:15:00,2023-12-02
7794,2023-12-02 04:30:00,True,04:30:00,2023-12-02
7795,2023-12-02 04:45:00,True,04:45:00,2023-12-02
7796,2023-12-02 05:00:00,True,05:00:00,2023-12-02
7797,2023-12-02 05:15:00,True,05:15:00,2023-12-02
7798,2023-12-02 05:30:00,True,05:30:00,2023-12-02
7799,2023-12-02 05:45:00,True,05:45:00,2023-12-02
7800,2023-12-02 06:00:00,True,06:00:00,2023-12-02
7801,2023-12-02 06:15:00,True,06:15:00,2023-12-02
7802,2023-12-02 06:30:00,True,06:30:00,2023-12-02
7803,2023-12-02 06:45:00,True,06:45:00,2023-12-02
7804,2023-12-02 07:00:00,True,07:00:00,2023-12-02
7805,2023-12-02 07:15:00,True,07:15:00,2023-12-02
7806,2023-12-02 07:30:00,True,07:30:00,2023-12-02
7807,2023-12-02 07:45:00,True,07:45:00,2023-12-02
7808,2023-12-02 08:00:00,True,08:00:00,2023-12-02
7809,2023-12-02 08:15:00,True,08:15:00,2023-12-02
7810,2023-12-02 08:30:00,True,08:30:00,2023-12-02
7811,2023-12-02 08:45:00,True,08:45:00,2023-12-02
7812,2023-12-02 09:00:00,True,09:00:00,2023-12-02
7813,2023-12-02 09:15:00,True,09:15:00,2023-12-02
7814,2023-12-02 09:30:00,True,09:30:00,2023-12-02
7815,2023-12-02 09:45:00,True,09:45:00,2023-12-02
7816,2023-12-02 10:00:00,True,10:00:00,2023-12-02
7817,2023-12-02 10:15:00,True,10:15:00,2023-12-02
7818,2023-12-02 10:30:00,True,10:30:00,2023-12-02
7819,2023-12-02 10:45:00,True,10:45:00,2023-12-02
7820,2023-12-02 11:00:00,True,11:00:00,2023-12-02
7821,2023-12-02 11:15:00,True,11:15:00,2023-12-02
7822,2023-12-02 11:30:00,True,11:30:00,2023-12-02
7823,2023-12-02 11:45:00,True,11:45:00,2023-12-02
7824,2023-12-02 12:00:00,True,12:00:00,2023-12-02
7825,2023-12-02 12:15:00,True,12:15:00,2023-12-02
7826,2023-12-02 12:30:00,True,12:30:00,2023-12-02
7827,2023-12-02 12:45:00,True,12:45:00,2023-12-02
7828,2023-12-02 13:00:00,True,13:00:00,2023-12-02
7829,2023-12-02 13:15:00,True,13:15:00,2023-12-02
7830,2023-12-02 13:30:00,True,13:30:00,2023-12-02
7831,2023-12-02 13:45:00,True,13:45:00,2023-12-02
7832,2023-12-02 14:00:00,True,14:00:00,2023-12-02
7833,2023-12-02 14:15:00,True,14:15:00,2023-12-02
7834,2023-12-02 14:30:00,True,14:30:00,2023-12-02
7835,2023-12-02 14:45:00,True,14:45:00,2023-12-02
7836,2023-12-02 15:00:00,True,15:00:00,2023-12-02
7837,2023-12-02 15:15:00,True,15:15:00,2023-12-02
7838,2023-12-02 15:30:00,True,15:30:00,2023-12-02
7839,2023-12-02 15:45:00,True,15:45:00,2023-12-02
7840,2023-12-02 16:00:00,True,16:00:00,2023-12-02
7841,2023-12-02 16:15:00,True,16:15:00,2023-12-02
7842,2023-12-02 16:30:00,True,16:30:00,2023-12-02
7843,2023-12-02 16:45:00,True,16:45:00,2023-12-02
7844,2023-12-02 17:00:00,True,17:00:00,2023-12-02
7845,2023-12-02 17:15:00,True,17:15:00,2023-12-02
7846,2023-12-02 17:30:00,True,17:30:00,2023-12-02
7847,2023-12-02 17:45:00,True,17:45:00,2023-12-02
7848,2023-12-02 18:00:00,True,18:00:00,2023-12-02
7849,2023-12-02 18:15:00,True,18:15:00,2023-12-02
7850,2023-12-02 18:30:00,True,18:30:00,2023-12-02
7851,2023-12-02 18:45:00,True,18:45:00,2023-12-02
7852,2023-12-02 19:00:00,True,19:00:00,2023-12-02
7853,2023-12-02 19:15:00,True,19:15:00,2023-12-02
7854,2023-12-02 19:30:00,True,19:30:00,2023-12-02
7855,2023-12-02 19:45:00,True,19:45:00,2023-12-02
7856,2023-12-02 20:00:00,True,20:00:00,2023-12-02
7857,2023-12-02 20:15:00,True,20:15:00,2023-12-02
7858,2023-12-02 20:30:00,True,20:30:00,2023-12-02
7859,2023-12-02 20:45:00,True,20:45:00,2023-12-02
7860,2023-12-02 21:00:00,True,21:00:00,2023-12-02
7861,2023-12-02 21:15:00,True,21:15:00,2023-12-02
7862,2023-12-02 21:30:00,True,21:30:00,2023-12-02
7863,2023-12-02 21:45:00,True,21:45:00,2023-12-02
7864,2023-12-02 22:00:00,True,22:00:00,2023-12-02
7865,2023-12-02 22:15:00,True,22:15:00,2023-12-02
7866,2023-12-02 22:30:00,True,22:30:00,2023-12-02
7867,2023-12-02 22:45:00,True,22:45:00,2023-12-02
7868,2023-12-02 23:00:00,True,23:00:00,2023-12-02
7869,2023-12-02 23:15:00,True,23:15:00,2023-12-02
7870,2023-12-02 23:30:00,True,23:30:00,2023-12-02
7871,2023-12-02 23:45:00,True,23:45:00,2023-12-02
7872,2023-12-03 00:00:00,True,00:00:00,2023-12-03
7873,2023-12-03 00:15:00,True,00:15:00,2023-12-03
7874,2023-12-03 00:30:00,True,00:30:00,2023-12-03
7875,2023-12-03 00:45:00,True,00:45:00,2023-12-03
7876,2023-12-03 01:00:00,True,01:00:00,2023-12-03
7877,2023-12-03 01:15:00,True,01:15:00,2023-12-03
7878,2023-12-03 01:30:00,True,01:30:00,2023-12-03
7879,2023-12-03 01:45:00,True,01:45:00,2023-12-03
7880,2023-12-03 02:00:00,True,02:00:00,2023-12-03
7881,2023-12-03 02:15:00,True,02:15:00,2023-12-03
7882,2023-12-03 02:30:00,True,02:30:00,2023-12-03
7883,2023-12-03 02:45:00,True,02:45:00,2023-12-03
7884,2023-12-03 03:00:00,True,03:00:00,2023-12-03
7885,2023-12-03 03:15:00,True,03:15:00,2023-12-03
7886,2023-12-03 03:30:00,True,03:30:00,2023-12-03
7887,2023-12-03 03:45:00,True,03:45:00,2023-12-03
7888,2023-12-03 04:00:00,True,04:00:00,2023-12-03
7889,2023-12-03 04:15:00,True,04:15:00,2023-12-03
7890,2023-12-03 04:30:00,True,04:30:00,2023-12-03
7891,2023-12-03 04:45:00,True,04:45:00,2023-12-03
7892,2023-12-03 05:00:00,True,05:00:00,2023-12-03
7893,2023-12-03 05:15:00,True,05:15:00,2023-12-03
7894,2023-12-03 05:30:00,True,05:30:00,2023-12-03
7895,2023-12-03 05:45:00,True,05:45:00,2023-12-03
7896,2023-12-03 06:00:00,True,06:00:00,2023-12-03
7897,2023-12-03 06:15:00,True,06:15:00,2023-12-03
7898,2023-12-03 06:30:00,True,06:30:00,2023-12-03
7899,2023-12-03 06:45:00,True,06:45:00,2023-12-03
7900,2023-12-03 07:00:00,True,07:00:00,2023-12-03
7901,2023-12-03 07:15:00,True,07:15:00,2023-12-03
7902,2023-12-03 07:30:00,True,07:30:00,2023-12-03
7903,2023-12-03 07:45:00,True,07:45:00,2023-12-03
7904,2023-12-03 08:00:00,True,08:00:00,2023-12-03
7905,2023-12-03 08:15:00,True,08:15:00,2023-12-03
7906,2023-12-03 08:30:00,True,08:30:00,2023-12-03
7907,2023-12-03 08:45:00,True,08:45:00,2023-12-03
7908,2023-12-03 09:00:00,True,09:00:00,2023-12-03
7909,2023-12-03 09:15:00,True,09:15:00,2023-12-03
7910,2023-12-03 09:30:00,True,09:30:00,2023-12-03
7911,2023-12-03 09:45:00,True,09:45:00,2023-12-03
7912,2023-12-03 10:00:00,True,10:00:00,2023-12-03
7913,2023-12-03 10:15:00,True,10:15:00,2023-12-03
7914,2023-12-03 10:30:00,True,10:30:00,2023-12-03
7915,2023-12-03 10:45:00,True,10:45:00,2023-12-03
7916,2023-12-03 11:00:00,True,11:00:00,2023-12-03
7917,2023-12-03 11:15:00,True,11:15:00,2023-12-03
7918,2023-12-03 11:30:00,True,11:30:00,2023-12-03
7919,2023-12-03 11:45:00,True,11:45:00,2023-12-03
7920,2023-12-03 12:00:00,True,12:00:00,2023-12-03
7921,2023-12-03 12:15:00,True,12:15:00,2023-12-03
7922,2023-12-03 12:30:00,True,12:30:00,2023-12-03
7923,2023-12-03 12:45:00,True,12:45:00,2023-12-03
7924,2023-12-03 13:00:00,True,13:00:00,2023-12-03
7925,2023-12-03 13:15:00,True,13:15:00,2023-12-03
7926,2023-12-03 13:30:00,True,13:30:00,2023-12-03
7927,2023-12-03 13:45:00,True,13:45:00,2023-12-03
7928,2023-12-03 14:00:00,True,14:00:00,2023-12-03
7929,2023-12-03 14:15:00,True,14:15:00,2023-12-03
7930,2023-12-03 14:30:00,True,14:30:00,2023-12-03
7931,2023-12-03 14:45:00,True,14:45:00,2023-12-03
7932,2023-12-03 15:00:00,True,15:00:00,2023-12-03
7933,2023-12-03 15:15:00,True,15:15:00,2023-12-03
7934,2023-12-03 15:30:00,True,15:30:00,2023-12-03
7935,2023-12-03 15:45:00,True,15:45:00,2023-12-03
7936,2023-12-03 16:00:00,True,16:00:00,2023-12-03
7937,2023-12-03 16:15:00,True,16:15:00,2023-12-03
7938,2023-12-03 16:30:00,False,16:30:00,2023-12-03
7939,2023-12-03 16:45:00,False,16:45:00,2023-12-03
7940,2023-12-03 17:00:00,False,17:00:00,2023-12-03
7941,2023-12-03 17:15:00,False,17:15:00,2023-12-03
7942,2023-12-03 17:30:00,False,17:30:00,2023-12-03
7943,2023-12-03 17:45:00,False,17:45:00,2023-12-03
7944,2023-12-03 18:00:00,False,18:00:00,2023-12-03
7945,2023-12-03 18:15:00,False,18:15:00,2023-12-03
7946,2023-12-03 18:30:00,False,18:30:00,2023-12-03
7947,2023-12-03 18:45:00,False,18:45:00,2023-12-03
7948,2023-12-03 19:00:00,False,19:00:00,2023-12-03
7949,2023-12-03 19:15:00,False,19:15:00,2023-12-03
7950,2023-12-03 19:30:00,False,19:30:00,2023-12-03
7951,2023-12-03 19:45:00,False,19:45:00,2023-12-03
7952,2023-12-03 20:00:00,False,20:00:00,2023-12-03
7953,2023-12-03 20:15:00,False,20:15:00,2023-12-03
7954,2023-12-03 20:30:00,False,20:30:00,2023-12-03
7955,2023-12-03 20:45:00,False,20:45:00,2023-12-03
7956,2023-12-03 21:00:00,False,21:00:00,2023-12-03
7957,2023-12-03 21:15:00,False,21:15:00,2023-12-03
7958,2023-12-03 21:30:00,False,21:30:00,2023-12-03
7959,2023-12-03 21:45:00,False,21:45:00,2023-12-03
7960,2023-12-03 22:00:00,False,22:00:00,2023-12-03
7961,2023-12-03 22:15:00,False,22:15:00,2023-12-03
7962,2023-12-03 22:30:00,False,22:30:00,2023-12-03
7963,2023-12-03 22:45:00,False,22:45:00,2023-12-03
7964,2023-12-03 23:00:00,False,23:00:00,2023-12-03
7965,2023-12-03 23:15:00,False,23:15:00,2023-12-03
7966,2023-12-03 23:30:00,False,23:30:00,2023-12-03
7967,2023-12-03 23:45:00,False,23:45:00,2023-12-03
7968,2023-12-04 00:00:00,False,00:00:00,2023-12-04
7969,2023-12-04 00:15:00,False,00:15:00,2023-12-04
7970,2023-12-04 00:30:00,False,00:30:00,2023-12-04
7971,2023-12-04 00:45:00,False,00:45:00,2023-12-04
7972,2023-12-04 01:00:00,False,01:00:00,2023-12-04
7973,2023-12-04 01:15:00,False,01:15:00,2023-12-04
7974,2023-12-04 01:30:00,False,01:30:00,2023-12-04
7975,2023-12-04 01:45:00,False,01:45:00,2023-12-04
7976,2023-12-04 02:00:00,False,02:00:00,2023-12-04
7977,2023-12-04 02:15:00,False,02:15:00,2023-12-04
7978,2023-12-04 02:30:00,False,02:30:00,2023-12-04
7979,2023-12-04 02:45:00,False,02:45:00,2023-12-04
7980,2023-12-04 03:00:00,False,03:00:00,2023-12-04
7981,2023-12-04 03:15:00,False,03:15:00,2023-12-04
7982,2023-12-04 03:30:00,False,03:30:00,2023-12-04
7983,2023-12-04 03:45:00,False,03:45:00,2023-12-04
7984,2023-12-04 04:00:00,False,04:00:00,2023-12-04
7985,2023-12-04 04:15:00,False,04:15:00,2023-12-04
7986,2023-12-04 04:30:00,False,04:30:00,2023-12-04
7987,2023-12-04 04:45:00,False,04:45:00,2023-12-04
7988,2023-12-04 05:00:00,False,05:00:00,2023-12-04
7989,2023-12-04 05:15:00,False,05:15:00,2023-12-04
7990,2023-12-04 05:30:00,False,05:30:00,2023-12-04
7991,2023-12-04 05:45:00,False,05:45:00,2023-12-04
7992,2023-12-04 06:00:00,False,06:00:00,2023-12-04
7993,2023-12-04 06:15:00,False,06:15:00,2023-12-04
7994,2023-12-04 06:30:00,False,06:30:00,2023-12-04
7995,2023-12-04 06:45:00,False,06:45:00,2023-12-04
7996,2023-12-04 07:00:00,False,07:00:00,2023-12-04
7997,2023-12-04 07:15:00,False,07:15:00,2023-12-04
7998,2023-12-04 07:30:00,False,07:30:00,2023-12-04
7999,2023-12-04 07:45:00,False,07:45:00,2023-12-04
8000,2023-12-04 08:00:00,False,08:00:00,2023-12-04
8001,2023-12-04 08:15:00,False,08:15:00,2023-12-04
8002,2023-12-04 08:30:00,False,08:30:00,2023-12-04
8003,2023-12-04 08:45:00,False,08:45:00,2023-12-04
8004,2023-12-04 09:00:00,True,09:00:00,2023-12-04
8005,2023-12-04 09:15:00,True,09:15:00,2023-12-04
8006,2023-12-04 09:30:00,False,09:30:00,2023-12-04
8007,2023-12-04 09:45:00,False,09:45:00,2023-12-04
8008,2023-12-04 10:00:00,False,10:00:00,2023-12-04
8009,2023-12-04 10:15:00,False,10:15:00,2023-12-04
8010,2023-12-04 10:30:00,False,10:30:00,2023-12-04
8011,2023-12-04 10:45:00,False,10:45:00,2023-12-04
8012,2023-12-04 11:00:00,False,11:00:00,2023-12-04
8013,2023-12-04 11:15:00,False,11:15:00,2023-12-04
8014,2023-12-04 11:30:00,False,11:30:00,2023-12-04
8015,2023-12-04 11:45:00,False,11:45:00,2023-12-04
8016,2023-12-04 12:00:00,False,12:00:00,2023-12-04
8017,2023-12-04 12:15:00,False,12:15:00,2023-12-04
8018,2023-12-04 12:30:00,False,12:30:00,2023-12-04
8019,2023-12-04 12:45:00,False,12:45:00,2023-12-04
8020,2023-12-04 13:00:00,False,13:00:00,2023-12-04
8021,2023-12-04 13:15:00,False,13:15:00,2023-12-04
8022,2023-12-04 13:30:00,False,13:30:00,2023-12-04
8023,2023-12-04 13:45:00,False,13:45:00,2023-12-04
8024,2023-12-04 14:00:00,False,14:00:00,2023-12-04
8025,2023-12-04 14:15:00,False,14:15:00,2023-12-04
8026,2023-12-04 14:30:00,False,14:30:00,2023-12-04
8027,2023-12-04 14:45:00,False,14:45:00,2023-12-04
8028,2023-12-04 15:00:00,False,15:00:00,2023-12-04
8029,2023-12-04 15:15:00,False,15:15:00,2023-12-04
8030,2023-12-04 15:30:00,False,15:30:00,2023-12-04
8031,2023-12-04 15:45:00,False,15:45:00,2023-12-04
8032,2023-12-04 16:00:00,False,16:00:00,2023-12-04
8033,2023-12-04 16:15:00,False,16:15:00,2023-12-04
8034,2023-12-04 16:30:00,False,16:30:00,2023-12-04
8035,2023-12-04 16:45:00,False,16:45:00,2023-12-04
8036,2023-12-04 17:00:00,False,17:00:00,2023-12-04
8037,2023-12-04 17:15:00,False,17:15:00,2023-12-04
8038,2023-12-04 17:30:00,False,17:30:00,2023-12-04
8039,2023-12-04 17:45:00,False,17:45:00,2023-12-04
8040,2023-12-04 18:00:00,False,18:00:00,2023-12-04
8041,2023-12-04 18:15:00,False,18:15:00,2023-12-04
8042,2023-12-04 18:30:00,False,18:30:00,2023-12-04
8043,2023-12-04 18:45:00,False,18:45:00,2023-12-04
8044,2023-12-04 19:00:00,False,19:00:00,2023-12-04
8045,2023-12-04 19:15:00,False,19:15:00,2023-12-04
8046,2023-12-04 19:30:00,False,19:30:00,2023-12-04
8047,2023-12-04 19:45:00,False,19:45:00,2023-12-04
8048,2023-12-04 20:00:00,False,20:00:00,2023-12-04
8049,2023-12-04 20:15:00,False,20:15:00,2023-12-04
8050,2023-12-04 20:30:00,False,20:30:00,2023-12-04
8051,2023-12-04 20:45:00,False,20:45:00,2023-12-04
8052,2023-12-04 21:00:00,False,21:00:00,2023-12-04
8053,2023-12-04 21:15:00,False,21:15:00,2023-12-04
8054,2023-12-04 21:30:00,False,21:30:00,2023-12-04
8055,2023-12-04 21:45:00,False,21:45:00,2023-12-04
8056,2023-12-04 22:00:00,False,22:00:00,2023-12-04
8057,2023-12-04 22:15:00,True,22:15:00,2023-12-04
8058,2023-12-04 22:30:00,True,22:30:00,2023-12-04
8059,2023-12-04 22:45:00,True,22:45:00,2023-12-04
8060,2023-12-04 23:00:00,True,23:00:00,2023-12-04
8061,2023-12-04 23:15:00,True,23:15:00,2023-12-04
8062,2023-12-04 23:30:00,True,23:30:00,2023-12-04
8063,2023-12-04 23:45:00,True,23:45:00,2023-12-04
8064,2023-12-05 00:00:00,True,00:00:00,2023-12-05
8065,2023-12-05 00:15:00,True,00:15:00,2023-12-05
8066,2023-12-05 00:30:00,True,00:30:00,2023-12-05
8067,2023-12-05 00:45:00,True,00:45:00,2023-12-05
8068,2023-12-05 01:00:00,True,01:00:00,2023-12-05
8069,2023-12-05 01:15:00,True,01:15:00,2023-12-05
8070,2023-12-05 01:30:00,True,01:30:00,2023-12-05
8071,2023-12-05 01:45:00,True,01:45:00,2023-12-05
8072,2023-12-05 02:00:00,True,02:00:00,2023-12-05
8073,2023-12-05 02:15:00,True,02:15:00,2023-12-05
8074,2023-12-05 02:30:00,True,02:30:00,2023-12-05
8075,2023-12-05 02:45:00,True,02:45:00,2023-12-05
8076,2023-12-05 03:00:00,True,03:00:00,2023-12-05
8077,2023-12-05 03:15:00,True,03:15:00,2023-12-05
8078,2023-12-05 03:30:00,True,03:30:00,2023-12-05
8079,2023-12-05 03:45:00,True,03:45:00,2023-12-05
8080,2023-12-05 04:00:00,True,04:00:00,2023-12-05
8081,2023-12-05 04:15:00,True,04:15:00,2023-12-05
8082,2023-12-05 04:30:00,True,04:30:00,2023-12-05
8083,2023-12-05 04:45:00,True,04:45:00,2023-12-05
8084,2023-12-05 05:00:00,True,05:00:00,2023-12-05
8085,2023-12-05 05:15:00,True,05:15:00,2023-12-05
8086,2023-12-05 05:30:00,True,05:30:00,2023-12-05
8087,2023-12-05 05:45:00,True,05:45:00,2023-12-05
8088,2023-12-05 06:00:00,True,06:00:00,2023-12-05
8089,2023-12-05 06:15:00,True,06:15:00,2023-12-05
8090,2023-12-05 06:30:00,True,06:30:00,2023-12-05
8091,2023-12-05 06:45:00,True,06:45:00,2023-12-05
8092,2023-12-05 07:00:00,True,07:00:00,2023-12-05
8093,2023-12-05 07:15:00,True,07:15:00,2023-12-05
8094,2023-12-05 07:30:00,True,07:30:00,2023-12-05
8095,2023-12-05 07:45:00,True,07:45:00,2023-12-05
8096,2023-12-05 08:00:00,True,08:00:00,2023-12-05
8097,2023-12-05 08:15:00,True,08:15:00,2023-12-05
8098,2023-12-05 08:30:00,True,08:30:00,2023-12-05
8099,2023-12-05 08:45:00,True,08:45:00,2023-12-05
8100,2023-12-05 09:00:00,True,09:00:00,2023-12-05
8101,2023-12-05 09:15:00,True,09:15:00,2023-12-05
8102,2023-12-05 09:30:00,True,09:30:00,2023-12-05
8103,2023-12-05 09:45:00,True,09:45:00,2023-12-05
8104,2023-12-05 10:00:00,True,10:00:00,2023-12-05
8105,2023-12-05 10:15:00,True,10:15:00,2023-12-05
8106,2023-12-05 10:30:00,True,10:30:00,2023-12-05
8107,2023-12-05 10:45:00,True,10:45:00,2023-12-05
8108,2023-12-05 11:00:00,True,11:00:00,2023-12-05
8109,2023-12-05 11:15:00,True,11:15:00,2023-12-05
8110,2023-12-05 11:30:00,True,11:30:00,2023-12-05
8111,2023-12-05 11:45:00,True,11:45:00,2023-12-05
8112,2023-12-05 12:00:00,True,12:00:00,2023-12-05
8113,2023-12-05 12:15:00,True,12:15:00,2023-12-05
8114,2023-12-05 12:30:00,True,12:30:00,2023-12-05
8115,2023-12-05 12:45:00,True,12:45:00,2023-12-05
8116,2023-12-05 13:00:00,True,13:00:00,2023-12-05
8117,2023-12-05 13:15:00,True,13:15:00,2023-12-05
8118,2023-12-05 13:30:00,True,13:30:00,2023-12-05
8119,2023-12-05 13:45:00,True,13:45:00,2023-12-05
8120,2023-12-05 14:00:00,True,14:00:00,2023-12-05
8121,2023-12-05 14:15:00,True,14:15:00,2023-12-05
8122,2023-12-05 14:30:00,True,14:30:00,2023-12-05
8123,2023-12-05 14:45:00,True,14:45:00,2023-12-05
8124,2023-12-05 15:00:00,True,15:00:00,2023-12-05
8125,2023-12-05 15:15:00,True,15:15:00,2023-12-05
8126,2023-12-05 15:30:00,True,15:30:00,2023-12-05
8127,2023-12-05 15:45:00,True,15:45:00,2023-12-05
8128,2023-12-05 16:00:00,True,16:00:00,2023-12-05
8129,2023-12-05 16:15:00,True,16:15:00,2023-12-05
8130,2023-12-05 16:30:00,True,16:30:00,2023-12-05
8131,2023-12-05 16:45:00,True,16:45:00,2023-12-05
8132,2023-12-05 17:00:00,True,17:00:00,2023-12-05
8133,2023-12-05 17:15:00,True,17:15:00,2023-12-05
8134,2023-12-05 17:30:00,True,17:30:00,2023-12-05
8135,2023-12-05 17:45:00,True,17:45:00,2023-12-05
8136,2023-12-05 18:00:00,True,18:00:00,2023-12-05
8137,2023-12-05 18:15:00,True,18:15:00,2023-12-05
8138,2023-12-05 18:30:00,True,18:30:00,2023-12-05
8139,2023-12-05 18:45:00,True,18:45:00,2023-12-05
8140,2023-12-05 19:00:00,True,19:00:00,2023-12-05
8141,2023-12-05 19:15:00,True,19:15:00,2023-12-05
8142,2023-12-05 19:30:00,True,19:30:00,2023-12-05
8143,2023-12-05 19:45:00,True,19:45:00,2023-12-05
8144,2023-12-05 20:00:00,True,20:00:00,2023-12-05
8145,2023-12-05 20:15:00,True,20:15:00,2023-12-05
8146,2023-12-05 20:30:00,True,20:30:00,2023-12-05
8147,2023-12-05 20:45:00,True,20:45:00,2023-12-05
8148,2023-12-05 21:00:00,True,21:00:00,2023-12-05
8149,2023-12-05 21:15:00,True,21:15:00,2023-12-05
8150,2023-12-05 21:30:00,True,21:30:00,2023-12-05
8151,2023-12-05 21:45:00,True,21:45:00,2023-12-05
8152,2023-12-05 22:00:00,True,22:00:00,2023-12-05
8153,2023-12-05 22:15:00,True,22:15:00,2023-12-05
8154,2023-12-05 22:30:00,True,22:30:00,2023-12-05
8155,2023-12-05 22:45:00,True,22:45:00,2023-12-05
8156,2023-12-05 23:00:00,True,23:00:00,2023-12-05
8157,2023-12-05 23:15:00,True,23:15:00,2023-12-05
8158,2023-12-05 23:30:00,True,23:30:00,2023-12-05
8159,2023-12-05 23:45:00,True,23:45:00,2023-12-05
8160,2023-12-06 00:00:00,True,00:00:00,2023-12-06
8161,2023-12-06 00:15:00,True,00:15:00,2023-12-06
8162,2023-12-06 00:30:00,True,00:30:00,2023-12-06
8163,2023-12-06 00:45:00,True,00:45:00,2023-12-06
8164,2023-12-06 01:00:00,True,01:00:00,2023-12-06
8165,2023-12-06 01:15:00,True,01:15:00,2023-12-06
8166,2023-12-06 01:30:00,True,01:30:00,2023-12-06
8167,2023-12-06 01:45:00,True,01:45:00,2023-12-06
8168,2023-12-06 02:00:00,True,02:00:00,2023-12-06
8169,2023-12-06 02:15:00,True,02:15:00,2023-12-06
8170,2023-12-06 02:30:00,True,02:30:00,2023-12-06
8171,2023-12-06 02:45:00,True,02:45:00,2023-12-06
8172,2023-12-06 03:00:00,True,03:00:00,2023-12-06
8173,2023-12-06 03:15:00,True,03:15:00,2023-12-06
8174,2023-12-06 03:30:00,True,03:30:00,2023-12-06
8175,2023-12-06 03:45:00,True,03:45:00,2023-12-06
8176,2023-12-06 04:00:00,True,04:00:00,2023-12-06
8177,2023-12-06 04:15:00,True,04:15:00,2023-12-06
8178,2023-12-06 04:30:00,True,04:30:00,2023-12-06
8179,2023-12-06 04:45:00,True,04:45:00,2023-12-06
8180,2023-12-06 05:00:00,True,05:00:00,2023-12-06
8181,2023-12-06 05:15:00,True,05:15:00,2023-12-06
8182,2023-12-06 05:30:00,True,05:30:00,2023-12-06
8183,2023-12-06 05:45:00,True,05:45:00,2023-12-06
8184,2023-12-06 06:00:00,True,06:00:00,2023-12-06
8185,2023-12-06 06:15:00,True,06:15:00,2023-12-06
8186,2023-12-06 06:30:00,True,06:30:00,2023-12-06
8187,2023-12-06 06:45:00,True,06:45:00,2023-12-06
8188,2023-12-06 07:00:00,True,07:00:00,2023-12-06
8189,2023-12-06 07:15:00,True,07:15:00,2023-12-06
8190,2023-12-06 07:30:00,True,07:30:00,2023-12-06
8191,2023-12-06 07:45:00,True,07:45:00,2023-12-06
8192,2023-12-06 08:00:00,True,08:00:00,2023-12-06
8193,2023-12-06 08:15:00,True,08:15:00,2023-12-06
8194,2023-12-06 08:30:00,True,08:30:00,2023-12-06
8195,2023-12-06 08:45:00,True,08:45:00,2023-12-06
8196,2023-12-06 09:00:00,True,09:00:00,2023-12-06
8197,2023-12-06 09:15:00,True,09:15:00,2023-12-06
8198,2023-12-06 09:30:00,True,09:30:00,2023-12-06
8199,2023-12-06 09:45:00,True,09:45:00,2023-12-06
8200,2023-12-06 10:00:00,True,10:00:00,2023-12-06
8201,2023-12-06 10:15:00,True,10:15:00,2023-12-06
8202,2023-12-06 10:30:00,True,10:30:00,2023-12-06
8203,2023-12-06 10:45:00,True,10:45:00,2023-12-06
8204,2023-12-06 11:00:00,True,11:00:00,2023-12-06
8205,2023-12-06 11:15:00,True,11:15:00,2023-12-06
8206,2023-12-06 11:30:00,True,11:30:00,2023-12-06
8207,2023-12-06 11:45:00,True,11:45:00,2023-12-06
8208,2023-12-06 12:00:00,True,12:00:00,2023-12-06
8209,2023-12-06 12:15:00,True,12:15:00,2023-12-06
8210,2023-12-06 12:30:00,True,12:30:00,2023-12-06
8211,2023-12-06 12:45:00,True,12:45:00,2023-12-06
8212,2023-12-06 13:00:00,True,13:00:00,2023-12-06
8213,2023-12-06 13:15:00,True,13:15:00,2023-12-06
8214,2023-12-06 13:30:00,True,13:30:00,2023-12-06
8215,2023-12-06 13:45:00,True,13:45:00,2023-12-06
8216,2023-12-06 14:00:00,True,14:00:00,2023-12-06
8217,2023-12-06 14:15:00,True,14:15:00,2023-12-06
8218,2023-12-06 14:30:00,True,14:30:00,2023-12-06
8219,2023-12-06 14:45:00,True,14:45:00,2023-12-06
8220,2023-12-06 15:00:00,True,15:00:00,2023-12-06
8221,2023-12-06 15:15:00,True,15:15:00,2023-12-06
8222,2023-12-06 15:30:00,True,15:30:00,2023-12-06
8223,2023-12-06 15:45:00,True,15:45:00,2023-12-06
8224,2023-12-06 16:00:00,True,16:00:00,2023-12-06
8225,2023-12-06 16:15:00,True,16:15:00,2023-12-06
8226,2023-12-06 16:30:00,True,16:30:00,2023-12-06
8227,2023-12-06 16:45:00,True,16:45:00,2023-12-06
8228,2023-12-06 17:00:00,True,17:00:00,2023-12-06
8229,2023-12-06 17:15:00,True,17:15:00,2023-12-06
8230,2023-12-06 17:30:00,True,17:30:00,2023-12-06
8231,2023-12-06 17:45:00,True,17:45:00,2023-12-06
8232,2023-12-06 18:00:00,True,18:00:00,2023-12-06
8233,2023-12-06 18:15:00,True,18:15:00,2023-12-06
8234,2023-12-06 18:30:00,True,18:30:00,2023-12-06
8235,2023-12-06 18:45:00,True,18:45:00,2023-12-06
8236,2023-12-06 19:00:00,True,19:00:00,2023-12-06
8237,2023-12-06 19:15:00,True,19:15:00,2023-12-06
8238,2023-12-06 19:30:00,True,19:30:00,2023-12-06
8239,2023-12-06 19:45:00,True,19:45:00,2023-12-06
8240,2023-12-06 20:00:00,True,20:00:00,2023-12-06
8241,2023-12-06 20:15:00,True,20:15:00,2023-12-06
8242,2023-12-06 20:30:00,True,20:30:00,2023-12-06
8243,2023-12-06 20:45:00,True,20:45:00,2023-12-06
8244,2023-12-06 21:00:00,True,21:00:00,2023-12-06
8245,2023-12-06 21:15:00,True,21:15:00,2023-12-06
8246,2023-12-06 21:30:00,True,21:30:00,2023-12-06
8247,2023-12-06 21:45:00,True,21:45:00,2023-12-06
8248,2023-12-06 22:00:00,True,22:00:00,2023-12-06
8249,2023-12-06 22:15:00,True,22:15:00,2023-12-06
8250,2023-12-06 22:30:00,True,22:30:00,2023-12-06
8251,2023-12-06 22:45:00,True,22:45:00,2023-12-06
8252,2023-12-06 23:00:00,True,23:00:00,2023-12-06
8253,2023-12-06 23:15:00,True,23:15:00,2023-12-06
8254,2023-12-06 23:30:00,True,23:30:00,2023-12-06
8255,2023-12-06 23:45:00,True,23:45:00,2023-12-06
8256,2023-12-07 00:00:00,True,00:00:00,2023-12-07
8257,2023-12-07 00:15:00,True,00:15:00,2023-12-07
8258,2023-12-07 00:30:00,True,00:30:00,2023-12-07
8259,2023-12-07 00:45:00,True,00:45:00,2023-12-07
8260,2023-12-07 01:00:00,True,01:00:00,2023-12-07
8261,2023-12-07 01:15:00,True,01:15:00,2023-12-07
8262,2023-12-07 01:30:00,True,01:30:00,2023-12-07
8263,2023-12-07 01:45:00,True,01:45:00,2023-12-07
8264,2023-12-07 02:00:00,True,02:00:00,2023-12-07
8265,2023-12-07 02:15:00,True,02:15:00,2023-12-07
8266,2023-12-07 02:30:00,True,02:30:00,2023-12-07
8267,2023-12-07 02:45:00,True,02:45:00,2023-12-07
8268,2023-12-07 03:00:00,True,03:00:00,2023-12-07
8269,2023-12-07 03:15:00,True,03:15:00,2023-12-07
8270,2023-12-07 03:30:00,True,03:30:00,2023-12-07
8271,2023-12-07 03:45:00,True,03:45:00,2023-12-07
8272,2023-12-07 04:00:00,True,04:00:00,2023-12-07
8273,2023-12-07 04:15:00,True,04:15:00,2023-12-07
8274,2023-12-07 04:30:00,True,04:30:00,2023-12-07
8275,2023-12-07 04:45:00,True,04:45:00,2023-12-07
8276,2023-12-07 05:00:00,True,05:00:00,2023-12-07
8277,2023-12-07 05:15:00,True,05:15:00,2023-12-07
8278,2023-12-07 05:30:00,True,05:30:00,2023-12-07
8279,2023-12-07 05:45:00,True,05:45:00,2023-12-07
8280,2023-12-07 06:00:00,True,06:00:00,2023-12-07
8281,2023-12-07 06:15:00,True,06:15:00,2023-12-07
8282,2023-12-07 06:30:00,True,06:30:00,2023-12-07
8283,2023-12-07 06:45:00,True,06:45:00,2023-12-07
8284,2023-12-07 07:00:00,True,07:00:00,2023-12-07
8285,2023-12-07 07:15:00,True,07:15:00,2023-12-07
8286,2023-12-07 07:30:00,True,07:30:00,2023-12-07
8287,2023-12-07 07:45:00,True,07:45:00,2023-12-07
8288,2023-12-07 08:00:00,True,08:00:00,2023-12-07
8289,2023-12-07 08:15:00,True,08:15:00,2023-12-07
8290,2023-12-07 08:30:00,True,08:30:00,2023-12-07
8291,2023-12-07 08:45:00,True,08:45:00,2023-12-07
8292,2023-12-07 09:00:00,True,09:00:00,2023-12-07
8293,2023-12-07 09:15:00,True,09:15:00,2023-12-07
8294,2023-12-07 09:30:00,True,09:30:00,2023-12-07
8295,2023-12-07 09:45:00,True,09:45:00,2023-12-07
8296,2023-12-07 10:00:00,True,10:00:00,2023-12-07
8297,2023-12-07 10:15:00,True,10:15:00,2023-12-07
8298,2023-12-07 10:30:00,True,10:30:00,2023-12-07
8299,2023-12-07 10:45:00,True,10:45:00,2023-12-07
8300,2023-12-07 11:00:00,True,11:00:00,2023-12-07
8301,2023-12-07 11:15:00,True,11:15:00,2023-12-07
8302,2023-12-07 11:30:00,True,11:30:00,2023-12-07
8303,2023-12-07 11:45:00,True,11:45:00,2023-12-07
8304,2023-12-07 12:00:00,True,12:00:00,2023-12-07
8305,2023-12-07 12:15:00,True,12:15:00,2023-12-07
8306,2023-12-07 12:30:00,True,12:30:00,2023-12-07
8307,2023-12-07 12:45:00,True,12:45:00,2023-12-07
8308,2023-12-07 13:00:00,True,13:00:00,2023-12-07
8309,2023-12-07 13:15:00,True,13:15:00,2023-12-07
8310,2023-12-07 13:30:00,True,13:30:00,2023-12-07
8311,2023-12-07 13:45:00,True,13:45:00,2023-12-07
8312,2023-12-07 14:00:00,True,14:00:00,2023-12-07
8313,2023-12-07 14:15:00,True,14:15:00,2023-12-07
8314,2023-12-07 14:30:00,True,14:30:00,2023-12-07
8315,2023-12-07 14:45:00,True,14:45:00,2023-12-07
8316,2023-12-07 15:00:00,True,15:00:00,2023-12-07
8317,2023-12-07 15:15:00,True,15:15:00,2023-12-07
8318,2023-12-07 15:30:00,True,15:30:00,2023-12-07
8319,2023-12-07 15:45:00,True,15:45:00,2023-12-07
8320,2023-12-07 16:00:00,True,16:00:00,2023-12-07
8321,2023-12-07 16:15:00,True,16:15:00,2023-12-07
8322,2023-12-07 16:30:00,True,16:30:00,2023-12-07
8323,2023-12-07 16:45:00,True,16:45:00,2023-12-07
8324,2023-12-07 17:00:00,True,17:00:00,2023-12-07
8325,2023-12-07 17:15:00,True,17:15:00,2023-12-07
8326,2023-12-07 17:30:00,True,17:30:00,2023-12-07
8327,2023-12-07 17:45:00,True,17:45:00,2023-12-07
8328,2023-12-07 18:00:00,True,18:00:00,2023-12-07
8329,2023-12-07 18:15:00,True,18:15:00,2023-12-07
8330,2023-12-07 18:30:00,True,18:30:00,2023-12-07
8331,2023-12-07 18:45:00,True,18:45:00,2023-12-07
8332,2023-12-07 19:00:00,True,19:00:00,2023-12-07
8333,2023-12-07 19:15:00,True,19:15:00,2023-12-07
8334,2023-12-07 19:30:00,True,19:30:00,2023-12-07
8335,2023-12-07 19:45:00,True,19:45:00,2023-12-07
8336,2023-12-07 20:00:00,True,20:00:00,2023-12-07
8337,2023-12-07 20:15:00,True,20:15:00,2023-12-07
8338,2023-12-07 20:30:00,True,20:30:00,2023-12-07
8339,2023-12-07 20:45:00,True,20:45:00,2023-12-07
8340,2023-12-07 21:00:00,True,21:00:00,2023-12-07
8341,2023-12-07 21:15:00,True,21:15:00,2023-12-07
8342,2023-12-07 21:30:00,True,21:30:00,2023-12-07
8343,2023-12-07 21:45:00,True,21:45:00,2023-12-07
8344,2023-12-07 22:00:00,True,22:00:00,2023-12-07
8345,2023-12-07 22:15:00,True,22:15:00,2023-12-07
8346,2023-12-07 22:30:00,True,22:30:00,2023-12-07
8347,2023-12-07 22:45:00,True,22:45:00,2023-12-07
8348,2023-12-07 23:00:00,True,23:00:00,2023-12-07
8349,2023-12-07 23:15:00,True,23:15:00,2023-12-07
8350,2023-12-07 23:30:00,True,23:30:00,2023-12-07
8351,2023-12-07 23:45:00,True,23:45:00,2023-12-07
8352,2023-12-08 00:00:00,True,00:00:00,2023-12-08
8353,2023-12-08 00:15:00,True,00:15:00,2023-12-08
8354,2023-12-08 00:30:00,True,00:30:00,2023-12-08
8355,2023-12-08 00:45:00,True,00:45:00,2023-12-08
8356,2023-12-08 01:00:00,True,01:00:00,2023-12-08
8357,2023-12-08 01:15:00,True,01:15:00,2023-12-08
8358,2023-12-08 01:30:00,True,01:30:00,2023-12-08
8359,2023-12-08 01:45:00,True,01:45:00,2023-12-08
8360,2023-12-08 02:00:00,True,02:00:00,2023-12-08
8361,2023-12-08 02:15:00,True,02:15:00,2023-12-08
8362,2023-12-08 02:30:00,True,02:30:00,2023-12-08
8363,2023-12-08 02:45:00,True,02:45:00,2023-12-08
8364,2023-12-08 03:00:00,True,03:00:00,2023-12-08
8365,2023-12-08 03:15:00,True,03:15:00,2023-12-08
8366,2023-12-08 03:30:00,True,03:30:00,2023-12-08
8367,2023-12-08 03:45:00,True,03:45:00,2023-12-08
8368,2023-12-08 04:00:00,True,04:00:00,2023-12-08
8369,2023-12-08 04:15:00,True,04:15:00,2023-12-08
8370,2023-12-08 04:30:00,True,04:30:00,2023-12-08
8371,2023-12-08 04:45:00,True,04:45:00,2023-12-08
8372,2023-12-08 05:00:00,True,05:00:00,2023-12-08
8373,2023-12-08 05:15:00,True,05:15:00,2023-12-08
8374,2023-12-08 05:30:00,True,05:30:00,2023-12-08
8375,2023-12-08 05:45:00,True,05:45:00,2023-12-08
8376,2023-12-08 06:00:00,True,06:00:00,2023-12-08
8377,2023-12-08 06:15:00,True,06:15:00,2023-12-08
8378,2023-12-08 06:30:00,True,06:30:00,2023-12-08
8379,2023-12-08 06:45:00,True,06:45:00,2023-12-08
8380,2023-12-08 07:00:00,True,07:00:00,2023-12-08
8381,2023-12-08 07:15:00,True,07:15:00,2023-12-08
8382,2023-12-08 07:30:00,True,07:30:00,2023-12-08
8383,2023-12-08 07:45:00,True,07:45:00,2023-12-08
8384,2023-12-08 08:00:00,True,08:00:00,2023-12-08
8385,2023-12-08 08:15:00,True,08:15:00,2023-12-08
8386,2023-12-08 08:30:00,True,08:30:00,2023-12-08
8387,2023-12-08 08:45:00,True,08:45:00,2023-12-08
8388,2023-12-08 09:00:00,True,09:00:00,2023-12-08
8389,2023-12-08 09:15:00,True,09:15:00,2023-12-08
8390,2023-12-08 09:30:00,True,09:30:00,2023-12-08
8391,2023-12-08 09:45:00,True,09:45:00,2023-12-08
8392,2023-12-08 10:00:00,True,10:00:00,2023-12-08
8393,2023-12-08 10:15:00,True,10:15:00,2023-12-08
8394,2023-12-08 10:30:00,True,10:30:00,2023-12-08
8395,2023-12-08 10:45:00,True,10:45:00,2023-12-08
8396,2023-12-08 11:00:00,True,11:00:00,2023-12-08
8397,2023-12-08 11:15:00,True,11:15:00,2023-12-08
8398,2023-12-08 11:30:00,True,11:30:00,2023-12-08
8399,2023-12-08 11:45:00,True,11:45:00,2023-12-08
8400,2023-12-08 12:00:00,True,12:00:00,2023-12-08
8401,2023-12-08 12:15:00,True,12:15:00,2023-12-08
8402,2023-12-08 12:30:00,True,12:30:00,2023-12-08
8403,2023-12-08 12:45:00,True,12:45:00,2023-12-08
8404,2023-12-08 13:00:00,True,13:00:00,2023-12-08
8405,2023-12-08 13:15:00,True,13:15:00,2023-12-08
8406,2023-12-08 13:30:00,True,13:30:00,2023-12-08
8407,2023-12-08 13:45:00,True,13:45:00,2023-12-08
8408,2023-12-08 14:00:00,True,14:00:00,2023-12-08
8409,2023-12-08 14:15:00,True,14:15:00,2023-12-08
8410,2023-12-08 14:30:00,True,14:30:00,2023-12-08
8411,2023-12-08 14:45:00,True,14:45:00,2023-12-08
8412,2023-12-08 15:00:00,True,15:00:00,2023-12-08
8413,2023-12-08 15:15:00,True,15:15:00,2023-12-08
8414,2023-12-08 15:30:00,True,15:30:00,2023-12-08
8415,2023-12-08 15:45:00,True,15:45:00,2023-12-08
8416,2023-12-08 16:00:00,True,16:00:00,2023-12-08
8417,2023-12-08 16:15:00,True,16:15:00,2023-12-08
8418,2023-12-08 16:30:00,True,16:30:00,2023-12-08
8419,2023-12-08 16:45:00,True,16:45:00,2023-12-08
8420,2023-12-08 17:00:00,True,17:00:00,2023-12-08
8421,2023-12-08 17:15:00,True,17:15:00,2023-12-08
8422,2023-12-08 17:30:00,True,17:30:00,2023-12-08
8423,2023-12-08 17:45:00,True,17:45:00,2023-12-08
8424,2023-12-08 18:00:00,True,18:00:00,2023-12-08
8425,2023-12-08 18:15:00,True,18:15:00,2023-12-08
8426,2023-12-08 18:30:00,True,18:30:00,2023-12-08
8427,2023-12-08 18:45:00,True,18:45:00,2023-12-08
8428,2023-12-08 19:00:00,True,19:00:00,2023-12-08
8429,2023-12-08 19:15:00,True,19:15:00,2023-12-08
8430,2023-12-08 19:30:00,True,19:30:00,2023-12-08
8431,2023-12-08 19:45:00,True,19:45:00,2023-12-08
8432,2023-12-08 20:00:00,True,20:00:00,2023-12-08
8433,2023-12-08 20:15:00,True,20:15:00,2023-12-08
8434,2023-12-08 20:30:00,True,20:30:00,2023-12-08
8435,2023-12-08 20:45:00,True,20:45:00,2023-12-08
8436,2023-12-08 21:00:00,True,21:00:00,2023-12-08
8437,2023-12-08 21:15:00,True,21:15:00,2023-12-08
8438,2023-12-08 21:30:00,True,21:30:00,2023-12-08
8439,2023-12-08 21:45:00,True,21:45:00,2023-12-08
8440,2023-12-08 22:00:00,True,22:00:00,2023-12-08
8441,2023-12-08 22:15:00,True,22:15:00,2023-12-08
8442,2023-12-08 22:30:00,True,22:30:00,2023-12-08
8443,2023-12-08 22:45:00,True,22:45:00,2023-12-08
8444,2023-12-08 23:00:00,True,23:00:00,2023-12-08
8445,2023-12-08 23:15:00,True,23:15:00,2023-12-08
8446,2023-12-08 23:30:00,True,23:30:00,2023-12-08
8447,2023-12-08 23:45:00,True,23:45:00,2023-12-08
8448,2023-12-09 00:00:00,True,00:00:00,2023-12-09
8449,2023-12-09 00:15:00,True,00:15:00,2023-12-09
8450,2023-12-09 00:30:00,True,00:30:00,2023-12-09
8451,2023-12-09 00:45:00,True,00:45:00,2023-12-09
8452,2023-12-09 01:00:00,True,01:00:00,2023-12-09
8453,2023-12-09 01:15:00,True,01:15:00,2023-12-09
8454,2023-12-09 01:30:00,True,01:30:00,2023-12-09
8455,2023-12-09 01:45:00,True,01:45:00,2023-12-09
8456,2023-12-09 02:00:00,True,02:00:00,2023-12-09
8457,2023-12-09 02:15:00,True,02:15:00,2023-12-09
8458,2023-12-09 02:30:00,True,02:30:00,2023-12-09
8459,2023-12-09 02:45:00,True,02:45:00,2023-12-09
8460,2023-12-09 03:00:00,True,03:00:00,2023-12-09
8461,2023-12-09 03:15:00,True,03:15:00,2023-12-09
8462,2023-12-09 03:30:00,True,03:30:00,2023-12-09
8463,2023-12-09 03:45:00,True,03:45:00,2023-12-09
8464,2023-12-09 04:00:00,True,04:00:00,2023-12-09
8465,2023-12-09 04:15:00,True,04:15:00,2023-12-09
8466,2023-12-09 04:30:00,True,04:30:00,2023-12-09
8467,2023-12-09 04:45:00,True,04:45:00,2023-12-09
8468,2023-12-09 05:00:00,True,05:00:00,2023-12-09
8469,2023-12-09 05:15:00,True,05:15:00,2023-12-09
8470,2023-12-09 05:30:00,True,05:30:00,2023-12-09
8471,2023-12-09 05:45:00,True,05:45:00,2023-12-09
8472,2023-12-09 06:00:00,True,06:00:00,2023-12-09
8473,2023-12-09 06:15:00,True,06:15:00,2023-12-09
8474,2023-12-09 06:30:00,True,06:30:00,2023-12-09
8475,2023-12-09 06:45:00,True,06:45:00,2023-12-09
8476,2023-12-09 07:00:00,True,07:00:00,2023-12-09
8477,2023-12-09 07:15:00,True,07:15:00,2023-12-09
8478,2023-12-09 07:30:00,True,07:30:00,2023-12-09
8479,2023-12-09 07:45:00,True,07:45:00,2023-12-09
8480,2023-12-09 08:00:00,True,08:00:00,2023-12-09
8481,2023-12-09 08:15:00,True,08:15:00,2023-12-09
8482,2023-12-09 08:30:00,True,08:30:00,2023-12-09
8483,2023-12-09 08:45:00,True,08:45:00,2023-12-09
8484,2023-12-09 09:00:00,True,09:00:00,2023-12-09
8485,2023-12-09 09:15:00,True,09:15:00,2023-12-09
8486,2023-12-09 09:30:00,True,09:30:00,2023-12-09
8487,2023-12-09 09:45:00,True,09:45:00,2023-12-09
8488,2023-12-09 10:00:00,True,10:00:00,2023-12-09
8489,2023-12-09 10:15:00,True,10:15:00,2023-12-09
8490,2023-12-09 10:30:00,True,10:30:00,2023-12-09
8491,2023-12-09 10:45:00,True,10:45:00,2023-12-09
8492,2023-12-09 11:00:00,True,11:00:00,2023-12-09
8493,2023-12-09 11:15:00,True,11:15:00,2023-12-09
8494,2023-12-09 11:30:00,True,11:30:00,2023-12-09
8495,2023-12-09 11:45:00,True,11:45:00,2023-12-09
8496,2023-12-09 12:00:00,True,12:00:00,2023-12-09
8497,2023-12-09 12:15:00,True,12:15:00,2023-12-09
8498,2023-12-09 12:30:00,True,12:30:00,2023-12-09
8499,2023-12-09 12:45:00,True,12:45:00,2023-12-09
8500,2023-12-09 13:00:00,True,13:00:00,2023-12-09
8501,2023-12-09 13:15:00,True,13:15:00,2023-12-09
8502,2023-12-09 13:30:00,True,13:30:00,2023-12-09
8503,2023-12-09 13:45:00,True,13:45:00,2023-12-09
8504,2023-12-09 14:00:00,True,14:00:00,2023-12-09
8505,2023-12-09 14:15:00,True,14:15:00,2023-12-09
8506,2023-12-09 14:30:00,True,14:30:00,2023-12-09
8507,2023-12-09 14:45:00,True,14:45:00,2023-12-09
8508,2023-12-09 15:00:00,True,15:00:00,2023-12-09
8509,2023-12-09 15:15:00,True,15:15:00,2023-12-09
8510,2023-12-09 15:30:00,True,15:30:00,2023-12-09
8511,2023-12-09 15:45:00,True,15:45:00,2023-12-09
8512,2023-12-09 16:00:00,True,16:00:00,2023-12-09
8513,2023-12-09 16:15:00,True,16:15:00,2023-12-09
8514,2023-12-09 16:30:00,True,16:30:00,2023-12-09
8515,2023-12-09 16:45:00,True,16:45:00,2023-12-09
8516,2023-12-09 17:00:00,True,17:00:00,2023-12-09
8517,2023-12-09 17:15:00,True,17:15:00,2023-12-09
8518,2023-12-09 17:30:00,True,17:30:00,2023-12-09
8519,2023-12-09 17:45:00,True,17:45:00,2023-12-09
8520,2023-12-09 18:00:00,True,18:00:00,2023-12-09
8521,2023-12-09 18:15:00,True,18:15:00,2023-12-09
8522,2023-12-09 18:30:00,True,18:30:00,2023-12-09
8523,2023-12-09 18:45:00,True,18:45:00,2023-12-09
8524,2023-12-09 19:00:00,True,19:00:00,2023-12-09
8525,2023-12-09 19:15:00,True,19:15:00,2023-12-09
8526,2023-12-09 19:30:00,True,19:30:00,2023-12-09
8527,2023-12-09 19:45:00,True,19:45:00,2023-12-09
8528,2023-12-09 20:00:00,True,20:00:00,2023-12-09
8529,2023-12-09 20:15:00,True,20:15:00,2023-12-09
8530,2023-12-09 20:30:00,True,20:30:00,2023-12-09
8531,2023-12-09 20:45:00,True,20:45:00,2023-12-09
8532,2023-12-09 21:00:00,True,21:00:00,2023-12-09
8533,2023-12-09 21:15:00,True,21:15:00,2023-12-09
8534,2023-12-09 21:30:00,True,21:30:00,2023-12-09
8535,2023-12-09 21:45:00,True,21:45:00,2023-12-09
8536,2023-12-09 22:00:00,True,22:00:00,2023-12-09
8537,2023-12-09 22:15:00,True,22:15:00,2023-12-09
8538,2023-12-09 22:30:00,True,22:30:00,2023-12-09
8539,2023-12-09 22:45:00,True,22:45:00,2023-12-09
8540,2023-12-09 23:00:00,True,23:00:00,2023-12-09
8541,2023-12-09 23:15:00,True,23:15:00,2023-12-09
8542,2023-12-09 23:30:00,True,23:30:00,2023-12-09
8543,2023-12-09 23:45:00,True,23:45:00,2023-12-09
8544,2023-12-10 00:00:00,True,00:00:00,2023-12-10
8545,2023-12-10 00:15:00,True,00:15:00,2023-12-10
8546,2023-12-10 00:30:00,True,00:30:00,2023-12-10
8547,2023-12-10 00:45:00,True,00:45:00,2023-12-10
8548,2023-12-10 01:00:00,True,01:00:00,2023-12-10
8549,2023-12-10 01:15:00,True,01:15:00,2023-12-10
8550,2023-12-10 01:30:00,True,01:30:00,2023-12-10
8551,2023-12-10 01:45:00,True,01:45:00,2023-12-10
8552,2023-12-10 02:00:00,True,02:00:00,2023-12-10
8553,2023-12-10 02:15:00,True,02:15:00,2023-12-10
8554,2023-12-10 02:30:00,True,02:30:00,2023-12-10
8555,2023-12-10 02:45:00,True,02:45:00,2023-12-10
8556,2023-12-10 03:00:00,True,03:00:00,2023-12-10
8557,2023-12-10 03:15:00,True,03:15:00,2023-12-10
8558,2023-12-10 03:30:00,True,03:30:00,2023-12-10
8559,2023-12-10 03:45:00,True,03:45:00,2023-12-10
8560,2023-12-10 04:00:00,True,04:00:00,2023-12-10
8561,2023-12-10 04:15:00,True,04:15:00,2023-12-10
8562,2023-12-10 04:30:00,True,04:30:00,2023-12-10
8563,2023-12-10 04:45:00,True,04:45:00,2023-12-10
8564,2023-12-10 05:00:00,True,05:00:00,2023-12-10
8565,2023-12-10 05:15:00,True,05:15:00,2023-12-10
8566,2023-12-10 05:30:00,True,05:30:00,2023-12-10
8567,2023-12-10 05:45:00,True,05:45:00,2023-12-10
8568,2023-12-10 06:00:00,True,06:00:00,2023-12-10
8569,2023-12-10 06:15:00,True,06:15:00,2023-12-10
8570,2023-12-10 06:30:00,True,06:30:00,2023-12-10
8571,2023-12-10 06:45:00,True,06:45:00,2023-12-10
8572,2023-12-10 07:00:00,True,07:00:00,2023-12-10
8573,2023-12-10 07:15:00,True,07:15:00,2023-12-10
8574,2023-12-10 07:30:00,True,07:30:00,2023-12-10
8575,2023-12-10 07:45:00,True,07:45:00,2023-12-10
8576,2023-12-10 08:00:00,True,08:00:00,2023-12-10
8577,2023-12-10 08:15:00,True,08:15:00,2023-12-10
8578,2023-12-10 08:30:00,True,08:30:00,2023-12-10
8579,2023-12-10 08:45:00,True,08:45:00,2023-12-10
8580,2023-12-10 09:00:00,True,09:00:00,2023-12-10
8581,2023-12-10 09:15:00,True,09:15:00,2023-12-10
8582,2023-12-10 09:30:00,True,09:30:00,2023-12-10
8583,2023-12-10 09:45:00,True,09:45:00,2023-12-10
8584,2023-12-10 10:00:00,True,10:00:00,2023-12-10
8585,2023-12-10 10:15:00,True,10:15:00,2023-12-10
8586,2023-12-10 10:30:00,True,10:30:00,2023-12-10
8587,2023-12-10 10:45:00,True,10:45:00,2023-12-10
8588,2023-12-10 11:00:00,True,11:00:00,2023-12-10
8589,2023-12-10 11:15:00,True,11:15:00,2023-12-10
8590,2023-12-10 11:30:00,True,11:30:00,2023-12-10
8591,2023-12-10 11:45:00,True,11:45:00,2023-12-10
8592,2023-12-10 12:00:00,True,12:00:00,2023-12-10
8593,2023-12-10 12:15:00,True,12:15:00,2023-12-10
8594,2023-12-10 12:30:00,True,12:30:00,2023-12-10
8595,2023-12-10 12:45:00,True,12:45:00,2023-12-10
8596,2023-12-10 13:00:00,True,13:00:00,2023-12-10
8597,2023-12-10 13:15:00,True,13:15:00,2023-12-10
8598,2023-12-10 13:30:00,True,13:30:00,2023-12-10
8599,2023-12-10 13:45:00,True,13:45:00,2023-12-10
8600,2023-12-10 14:00:00,True,14:00:00,2023-12-10
8601,2023-12-10 14:15:00,True,14:15:00,2023-12-10
8602,2023-12-10 14:30:00,True,14:30:00,2023-12-10
8603,2023-12-10 14:45:00,True,14:45:00,2023-12-10
8604,2023-12-10 15:00:00,True,15:00:00,2023-12-10
8605,2023-12-10 15:15:00,True,15:15:00,2023-12-10
8606,2023-12-10 15:30:00,True,15:30:00,2023-12-10
8607,2023-12-10 15:45:00,True,15:45:00,2023-12-10
8608,2023-12-10 16:00:00,True,16:00:00,2023-12-10
8609,2023-12-10 16:15:00,True,16:15:00,2023-12-10
8610,2023-12-10 16:30:00,True,16:30:00,2023-12-10
8611,2023-12-10 16:45:00,True,16:45:00,2023-12-10
8612,2023-12-10 17:00:00,True,17:00:00,2023-12-10
8613,2023-12-10 17:15:00,True,17:15:00,2023-12-10
8614,2023-12-10 17:30:00,True,17:30:00,2023-12-10
8615,2023-12-10 17:45:00,True,17:45:00,2023-12-10
8616,2023-12-10 18:00:00,True,18:00:00,2023-12-10
8617,2023-12-10 18:15:00,True,18:15:00,2023-12-10
8618,2023-12-10 18:30:00,True,18:30:00,2023-12-10
8619,2023-12-10 18:45:00,True,18:45:00,2023-12-10
8620,2023-12-10 19:00:00,True,19:00:00,2023-12-10
8621,2023-12-10 19:15:00,True,19:15:00,2023-12-10
8622,2023-12-10 19:30:00,True,19:30:00,2023-12-10
8623,2023-12-10 19:45:00,True,19:45:00,2023-12-10
8624,2023-12-10 20:00:00,True,20:00:00,2023-12-10
8625,2023-12-10 20:15:00,True,20:15:00,2023-12-10
8626,2023-12-10 20:30:00,True,20:30:00,2023-12-10
8627,2023-12-10 20:45:00,True,20:45:00,2023-12-10
8628,2023-12-10 21:00:00,True,21:00:00,2023-12-10
8629,2023-12-10 21:15:00,True,21:15:00,2023-12-10
8630,2023-12-10 21:30:00,True,21:30:00,2023-12-10
8631,2023-12-10 21:45:00,True,21:45:00,2023-12-10
8632,2023-12-10 22:00:00,True,22:00:00,2023-12-10
8633,2023-12-10 22:15:00,True,22:15:00,2023-12-10
8634,2023-12-10 22:30:00,True,22:30:00,2023-12-10
8635,2023-12-10 22:45:00,True,22:45:00,2023-12-10
8636,2023-12-10 23:00:00,True,23:00:00,2023-12-10
8637,2023-12-10 23:15:00,True,23:15:00,2023-12-10
8638,2023-12-10 23:30:00,True,23:30:00,2023-12-10
8639,2023-12-10 23:45:00,True,23:45:00,2023-12-10
8640,2023-12-11 00:00:00,True,00:00:00,2023-12-11
8641,2023-12-11 00:15:00,True,00:15:00,2023-12-11
8642,2023-12-11 00:30:00,True,00:30:00,2023-12-11
8643,2023-12-11 00:45:00,True,00:45:00,2023-12-11
8644,2023-12-11 01:00:00,True,01:00:00,2023-12-11
8645,2023-12-11 01:15:00,True,01:15:00,2023-12-11
8646,2023-12-11 01:30:00,True,01:30:00,2023-12-11
8647,2023-12-11 01:45:00,True,01:45:00,2023-12-11
8648,2023-12-11 02:00:00,True,02:00:00,2023-12-11
8649,2023-12-11 02:15:00,True,02:15:00,2023-12-11
8650,2023-12-11 02:30:00,True,02:30:00,2023-12-11
8651,2023-12-11 02:45:00,True,02:45:00,2023-12-11
8652,2023-12-11 03:00:00,True,03:00:00,2023-12-11
8653,2023-12-11 03:15:00,True,03:15:00,2023-12-11
8654,2023-12-11 03:30:00,True,03:30:00,2023-12-11
8655,2023-12-11 03:45:00,True,03:45:00,2023-12-11
8656,2023-12-11 04:00:00,True,04:00:00,2023-12-11
8657,2023-12-11 04:15:00,True,04:15:00,2023-12-11
8658,2023-12-11 04:30:00,True,04:30:00,2023-12-11
8659,2023-12-11 04:45:00,True,04:45:00,2023-12-11
8660,2023-12-11 05:00:00,True,05:00:00,2023-12-11
8661,2023-12-11 05:15:00,True,05:15:00,2023-12-11
8662,2023-12-11 05:30:00,True,05:30:00,2023-12-11
8663,2023-12-11 05:45:00,True,05:45:00,2023-12-11
8664,2023-12-11 06:00:00,True,06:00:00,2023-12-11
8665,2023-12-11 06:15:00,True,06:15:00,2023-12-11
8666,2023-12-11 06:30:00,True,06:30:00,2023-12-11
8667,2023-12-11 06:45:00,True,06:45:00,2023-12-11
8668,2023-12-11 07:00:00,True,07:00:00,2023-12-11
8669,2023-12-11 07:15:00,True,07:15:00,2023-12-11
8670,2023-12-11 07:30:00,True,07:30:00,2023-12-11
8671,2023-12-11 07:45:00,True,07:45:00,2023-12-11
8672,2023-12-11 08:00:00,True,08:00:00,2023-12-11
8673,2023-12-11 08:15:00,True,08:15:00,2023-12-11
8674,2023-12-11 08:30:00,True,08:30:00,2023-12-11
8675,2023-12-11 08:45:00,True,08:45:00,2023-12-11
8676,2023-12-11 09:00:00,True,09:00:00,2023-12-11
8677,2023-12-11 09:15:00,True,09:15:00,2023-12-11
8678,2023-12-11 09:30:00,True,09:30:00,2023-12-11
8679,2023-12-11 09:45:00,True,09:45:00,2023-12-11
8680,2023-12-11 10:00:00,True,10:00:00,2023-12-11
8681,2023-12-11 10:15:00,True,10:15:00,2023-12-11
8682,2023-12-11 10:30:00,True,10:30:00,2023-12-11
8683,2023-12-11 10:45:00,True,10:45:00,2023-12-11
8684,2023-12-11 11:00:00,True,11:00:00,2023-12-11
8685,2023-12-11 11:15:00,True,11:15:00,2023-12-11
8686,2023-12-11 11:30:00,True,11:30:00,2023-12-11
8687,2023-12-11 11:45:00,True,11:45:00,2023-12-11
8688,2023-12-11 12:00:00,True,12:00:00,2023-12-11
8689,2023-12-11 12:15:00,True,12:15:00,2023-12-11
8690,2023-12-11 12:30:00,True,12:30:00,2023-12-11
8691,2023-12-11 12:45:00,True,12:45:00,2023-12-11
8692,2023-12-11 13:00:00,True,13:00:00,2023-12-11
8693,2023-12-11 13:15:00,True,13:15:00,2023-12-11
8694,2023-12-11 13:30:00,True,13:30:00,2023-12-11
8695,2023-12-11 13:45:00,True,13:45:00,2023-12-11
8696,2023-12-11 14:00:00,True,14:00:00,2023-12-11
8697,2023-12-11 14:15:00,True,14:15:00,2023-12-11
8698,2023-12-11 14:30:00,True,14:30:00,2023-12-11
8699,2023-12-11 14:45:00,True,14:45:00,2023-12-11
8700,2023-12-11 15:00:00,True,15:00:00,2023-12-11
8701,2023-12-11 15:15:00,True,15:15:00,2023-12-11
8702,2023-12-11 15:30:00,True,15:30:00,2023-12-11
8703,2023-12-11 15:45:00,True,15:45:00,2023-12-11
8704,2023-12-11 16:00:00,True,16:00:00,2023-12-11
8705,2023-12-11 16:15:00,True,16:15:00,2023-12-11
8706,2023-12-11 16:30:00,True,16:30:00,2023-12-11
8707,2023-12-11 16:45:00,True,16:45:00,2023-12-11
8708,2023-12-11 17:00:00,True,17:00:00,2023-12-11
8709,2023-12-11 17:15:00,True,17:15:00,2023-12-11
8710,2023-12-11 17:30:00,True,17:30:00,2023-12-11
8711,2023-12-11 17:45:00,True,17:45:00,2023-12-11
8712,2023-12-11 18:00:00,True,18:00:00,2023-12-11
8713,2023-12-11 18:15:00,True,18:15:00,2023-12-11
8714,2023-12-11 18:30:00,True,18:30:00,2023-12-11
8715,2023-12-11 18:45:00,True,18:45:00,2023-12-11
8716,2023-12-11 19:00:00,True,19:00:00,2023-12-11
8717,2023-12-11 19:15:00,True,19:15:00,2023-12-11
8718,2023-12-11 19:30:00,True,19:30:00,2023-12-11
8719,2023-12-11 19:45:00,True,19:45:00,2023-12-11
8720,2023-12-11 20:00:00,True,20:00:00,2023-12-11
8721,2023-12-11 20:15:00,True,20:15:00,2023-12-11
8722,2023-12-11 20:30:00,True,20:30:00,2023-12-11
8723,2023-12-11 20:45:00,True,20:45:00,2023-12-11
8724,2023-12-11 21:00:00,True,21:00:00,2023-12-11
8725,2023-12-11 21:15:00,True,21:15:00,2023-12-11
8726,2023-12-11 21:30:00,True,21:30:00,2023-12-11
8727,2023-12-11 21:45:00,True,21:45:00,2023-12-11
8728,2023-12-11 22:00:00,True,22:00:00,2023-12-11
8729,2023-12-11 22:15:00,True,22:15:00,2023-12-11
8730,2023-12-11 22:30:00,True,22:30:00,2023-12-11
8731,2023-12-11 22:45:00,True,22:45:00,2023-12-11
8732,2023-12-11 23:00:00,True,23:00:00,2023-12-11
8733,2023-12-11 23:15:00,True,23:15:00,2023-12-11
8734,2023-12-11 23:30:00,True,23:30:00,2023-12-11
8735,2023-12-11 23:45:00,True,23:45:00,2023-12-11
8736,2023-12-12 00:00:00,True,00:00:00,2023-12-12
8737,2023-12-12 00:15:00,True,00:15:00,2023-12-12
8738,2023-12-12 00:30:00,True,00:30:00,2023-12-12
8739,2023-12-12 00:45:00,True,00:45:00,2023-12-12
8740,2023-12-12 01:00:00,True,01:00:00,2023-12-12
8741,2023-12-12 01:15:00,True,01:15:00,2023-12-12
8742,2023-12-12 01:30:00,True,01:30:00,2023-12-12
8743,2023-12-12 01:45:00,True,01:45:00,2023-12-12
8744,2023-12-12 02:00:00,True,02:00:00,2023-12-12
8745,2023-12-12 02:15:00,True,02:15:00,2023-12-12
8746,2023-12-12 02:30:00,True,02:30:00,2023-12-12
8747,2023-12-12 02:45:00,True,02:45:00,2023-12-12
8748,2023-12-12 03:00:00,True,03:00:00,2023-12-12
8749,2023-12-12 03:15:00,True,03:15:00,2023-12-12
8750,2023-12-12 03:30:00,True,03:30:00,2023-12-12
8751,2023-12-12 03:45:00,True,03:45:00,2023-12-12
8752,2023-12-12 04:00:00,True,04:00:00,2023-12-12
8753,2023-12-12 04:15:00,True,04:15:00,2023-12-12
8754,2023-12-12 04:30:00,True,04:30:00,2023-12-12
8755,2023-12-12 04:45:00,True,04:45:00,2023-12-12
8756,2023-12-12 05:00:00,True,05:00:00,2023-12-12
8757,2023-12-12 05:15:00,True,05:15:00,2023-12-12
8758,2023-12-12 05:30:00,True,05:30:00,2023-12-12
8759,2023-12-12 05:45:00,True,05:45:00,2023-12-12
8760,2023-12-12 06:00:00,True,06:00:00,2023-12-12
8761,2023-12-12 06:15:00,True,06:15:00,2023-12-12
8762,2023-12-12 06:30:00,True,06:30:00,2023-12-12
8763,2023-12-12 06:45:00,True,06:45:00,2023-12-12
8764,2023-12-12 07:00:00,True,07:00:00,2023-12-12
8765,2023-12-12 07:15:00,True,07:15:00,2023-12-12
8766,2023-12-12 07:30:00,True,07:30:00,2023-12-12
8767,2023-12-12 07:45:00,True,07:45:00,2023-12-12
8768,2023-12-12 08:00:00,True,08:00:00,2023-12-12
8769,2023-12-12 08:15:00,True,08:15:00,2023-12-12
8770,2023-12-12 08:30:00,True,08:30:00,2023-12-12
8771,2023-12-12 08:45:00,True,08:45:00,2023-12-12
8772,2023-12-12 09:00:00,True,09:00:00,2023-12-12
8773,2023-12-12 09:15:00,True,09:15:00,2023-12-12
8774,2023-12-12 09:30:00,True,09:30:00,2023-12-12
8775,2023-12-12 09:45:00,True,09:45:00,2023-12-12
8776,2023-12-12 10:00:00,True,10:00:00,2023-12-12
8777,2023-12-12 10:15:00,True,10:15:00,2023-12-12
8778,2023-12-12 10:30:00,True,10:30:00,2023-12-12
8779,2023-12-12 10:45:00,True,10:45:00,2023-12-12
8780,2023-12-12 11:00:00,True,11:00:00,2023-12-12
8781,2023-12-12 11:15:00,True,11:15:00,2023-12-12
8782,2023-12-12 11:30:00,True,11:30:00,2023-12-12
8783,2023-12-12 11:45:00,True,11:45:00,2023-12-12
8784,2023-12-12 12:00:00,True,12:00:00,2023-12-12
8785,2023-12-12 12:15:00,True,12:15:00,2023-12-12
8786,2023-12-12 12:30:00,True,12:30:00,2023-12-12
8787,2023-12-12 12:45:00,True,12:45:00,2023-12-12
8788,2023-12-12 13:00:00,True,13:00:00,2023-12-12
8789,2023-12-12 13:15:00,True,13:15:00,2023-12-12
8790,2023-12-12 13:30:00,True,13:30:00,2023-12-12
8791,2023-12-12 13:45:00,True,13:45:00,2023-12-12
8792,2023-12-12 14:00:00,True,14:00:00,2023-12-12
8793,2023-12-12 14:15:00,True,14:15:00,2023-12-12
8794,2023-12-12 14:30:00,True,14:30:00,2023-12-12
8795,2023-12-12 14:45:00,True,14:45:00,2023-12-12
8796,2023-12-12 15:00:00,True,15:00:00,2023-12-12
8797,2023-12-12 15:15:00,True,15:15:00,2023-12-12
8798,2023-12-12 15:30:00,True,15:30:00,2023-12-12
8799,2023-12-12 15:45:00,True,15:45:00,2023-12-12
8800,2023-12-12 16:00:00,True,16:00:00,2023-12-12
8801,2023-12-12 16:15:00,True,16:15:00,2023-12-12
8802,2023-12-12 16:30:00,True,16:30:00,2023-12-12
8803,2023-12-12 16:45:00,True,16:45:00,2023-12-12
8804,2023-12-12 17:00:00,True,17:00:00,2023-12-12
8805,2023-12-12 17:15:00,True,17:15:00,2023-12-12
8806,2023-12-12 17:30:00,True,17:30:00,2023-12-12
8807,2023-12-12 17:45:00,True,17:45:00,2023-12-12
8808,2023-12-12 18:00:00,True,18:00:00,2023-12-12
8809,2023-12-12 18:15:00,True,18:15:00,2023-12-12
8810,2023-12-12 18:30:00,True,18:30:00,2023-12-12
8811,2023-12-12 18:45:00,True,18:45:00,2023-12-12
8812,2023-12-12 19:00:00,True,19:00:00,2023-12-12
8813,2023-12-12 19:15:00,True,19:15:00,2023-12-12
8814,2023-12-12 19:30:00,True,19:30:00,2023-12-12
8815,2023-12-12 19:45:00,True,19:45:00,2023-12-12
8816,2023-12-12 20:00:00,True,20:00:00,2023-12-12
8817,2023-12-12 20:15:00,True,20:15:00,2023-12-12
8818,2023-12-12 20:30:00,True,20:30:00,2023-12-12
8819,2023-12-12 20:45:00,True,20:45:00,2023-12-12
8820,2023-12-12 21:00:00,True,21:00:00,2023-12-12
8821,2023-12-12 21:15:00,True,21:15:00,2023-12-12
8822,2023-12-12 21:30:00,True,21:30:00,2023-12-12
8823,2023-12-12 21:45:00,True,21:45:00,2023-12-12
8824,2023-12-12 22:00:00,True,22:00:00,2023-12-12
8825,2023-12-12 22:15:00,True,22:15:00,2023-12-12
8826,2023-12-12 22:30:00,True,22:30:00,2023-12-12
8827,2023-12-12 22:45:00,True,22:45:00,2023-12-12
8828,2023-12-12 23:00:00,True,23:00:00,2023-12-12
8829,2023-12-12 23:15:00,True,23:15:00,2023-12-12
8830,2023-12-12 23:30:00,True,23:30:00,2023-12-12
8831,2023-12-12 23:45:00,True,23:45:00,2023-12-12
8832,2023-12-13 00:00:00,True,00:00:00,2023-12-13
8833,2023-12-13 00:15:00,True,00:15:00,2023-12-13
8834,2023-12-13 00:30:00,True,00:30:00,2023-12-13
8835,2023-12-13 00:45:00,True,00:45:00,2023-12-13
8836,2023-12-13 01:00:00,True,01:00:00,2023-12-13
8837,2023-12-13 01:15:00,True,01:15:00,2023-12-13
8838,2023-12-13 01:30:00,True,01:30:00,2023-12-13
8839,2023-12-13 01:45:00,True,01:45:00,2023-12-13
8840,2023-12-13 02:00:00,True,02:00:00,2023-12-13
8841,2023-12-13 02:15:00,True,02:15:00,2023-12-13
8842,2023-12-13 02:30:00,True,02:30:00,2023-12-13
8843,2023-12-13 02:45:00,True,02:45:00,2023-12-13
8844,2023-12-13 03:00:00,True,03:00:00,2023-12-13
8845,2023-12-13 03:15:00,True,03:15:00,2023-12-13
8846,2023-12-13 03:30:00,True,03:30:00,2023-12-13
8847,2023-12-13 03:45:00,True,03:45:00,2023-12-13
8848,2023-12-13 04:00:00,True,04:00:00,2023-12-13
8849,2023-12-13 04:15:00,True,04:15:00,2023-12-13
8850,2023-12-13 04:30:00,True,04:30:00,2023-12-13
8851,2023-12-13 04:45:00,True,04:45:00,2023-12-13
8852,2023-12-13 05:00:00,True,05:00:00,2023-12-13
8853,2023-12-13 05:15:00,True,05:15:00,2023-12-13
8854,2023-12-13 05:30:00,True,05:30:00,2023-12-13
8855,2023-12-13 05:45:00,True,05:45:00,2023-12-13
8856,2023-12-13 06:00:00,True,06:00:00,2023-12-13
8857,2023-12-13 06:15:00,True,06:15:00,2023-12-13
8858,2023-12-13 06:30:00,True,06:30:00,2023-12-13
8859,2023-12-13 06:45:00,True,06:45:00,2023-12-13
8860,2023-12-13 07:00:00,True,07:00:00,2023-12-13
8861,2023-12-13 07:15:00,True,07:15:00,2023-12-13
8862,2023-12-13 07:30:00,True,07:30:00,2023-12-13
8863,2023-12-13 07:45:00,True,07:45:00,2023-12-13
8864,2023-12-13 08:00:00,True,08:00:00,2023-12-13
8865,2023-12-13 08:15:00,True,08:15:00,2023-12-13
8866,2023-12-13 08:30:00,True,08:30:00,2023-12-13
8867,2023-12-13 08:45:00,True,08:45:00,2023-12-13
8868,2023-12-13 09:00:00,True,09:00:00,2023-12-13
8869,2023-12-13 09:15:00,True,09:15:00,2023-12-13
8870,2023-12-13 09:30:00,True,09:30:00,2023-12-13
8871,2023-12-13 09:45:00,True,09:45:00,2023-12-13
8872,2023-12-13 10:00:00,True,10:00:00,2023-12-13
8873,2023-12-13 10:15:00,True,10:15:00,2023-12-13
8874,2023-12-13 10:30:00,True,10:30:00,2023-12-13
8875,2023-12-13 10:45:00,True,10:45:00,2023-12-13
8876,2023-12-13 11:00:00,True,11:00:00,2023-12-13
8877,2023-12-13 11:15:00,True,11:15:00,2023-12-13
8878,2023-12-13 11:30:00,True,11:30:00,2023-12-13
8879,2023-12-13 11:45:00,True,11:45:00,2023-12-13
8880,2023-12-13 12:00:00,True,12:00:00,2023-12-13
8881,2023-12-13 12:15:00,True,12:15:00,2023-12-13
8882,2023-12-13 12:30:00,True,12:30:00,2023-12-13
8883,2023-12-13 12:45:00,True,12:45:00,2023-12-13
8884,2023-12-13 13:00:00,True,13:00:00,2023-12-13
8885,2023-12-13 13:15:00,True,13:15:00,2023-12-13
8886,2023-12-13 13:30:00,True,13:30:00,2023-12-13
8887,2023-12-13 13:45:00,True,13:45:00,2023-12-13
8888,2023-12-13 14:00:00,True,14:00:00,2023-12-13
8889,2023-12-13 14:15:00,True,14:15:00,2023-12-13
8890,2023-12-13 14:30:00,True,14:30:00,2023-12-13
8891,2023-12-13 14:45:00,True,14:45:00,2023-12-13
8892,2023-12-13 15:00:00,True,15:00:00,2023-12-13
8893,2023-12-13 15:15:00,True,15:15:00,2023-12-13
8894,2023-12-13 15:30:00,True,15:30:00,2023-12-13
8895,2023-12-13 15:45:00,True,15:45:00,2023-12-13
8896,2023-12-13 16:00:00,True,16:00:00,2023-12-13
8897,2023-12-13 16:15:00,True,16:15:00,2023-12-13
8898,2023-12-13 16:30:00,True,16:30:00,2023-12-13
8899,2023-12-13 16:45:00,True,16:45:00,2023-12-13
8900,2023-12-13 17:00:00,True,17:00:00,2023-12-13
8901,2023-12-13 17:15:00,True,17:15:00,2023-12-13
8902,2023-12-13 17:30:00,True,17:30:00,2023-12-13
8903,2023-12-13 17:45:00,True,17:45:00,2023-12-13
8904,2023-12-13 18:00:00,True,18:00:00,2023-12-13
8905,2023-12-13 18:15:00,True,18:15:00,2023-12-13
8906,2023-12-13 18:30:00,True,18:30:00,2023-12-13
8907,2023-12-13 18:45:00,True,18:45:00,2023-12-13
8908,2023-12-13 19:00:00,True,19:00:00,2023-12-13
8909,2023-12-13 19:15:00,True,19:15:00,2023-12-13
8910,2023-12-13 19:30:00,True,19:30:00,2023-12-13
8911,2023-12-13 19:45:00,True,19:45:00,2023-12-13
8912,2023-12-13 20:00:00,True,20:00:00,2023-12-13
8913,2023-12-13 20:15:00,True,20:15:00,2023-12-13
8914,2023-12-13 20:30:00,True,20:30:00,2023-12-13
8915,2023-12-13 20:45:00,True,20:45:00,2023-12-13
8916,2023-12-13 21:00:00,True,21:00:00,2023-12-13
8917,2023-12-13 21:15:00,True,21:15:00,2023-12-13
8918,2023-12-13 21:30:00,True,21:30:00,2023-12-13
8919,2023-12-13 21:45:00,True,21:45:00,2023-12-13
8920,2023-12-13 22:00:00,True,22:00:00,2023-12-13
8921,2023-12-13 22:15:00,True,22:15:00,2023-12-13
8922,2023-12-13 22:30:00,True,22:30:00,2023-12-13
8923,2023-12-13 22:45:00,True,22:45:00,2023-12-13
8924,2023-12-13 23:00:00,True,23:00:00,2023-12-13
8925,2023-12-13 23:15:00,True,23:15:00,2023-12-13
8926,2023-12-13 23:30:00,True,23:30:00,2023-12-13
8927,2023-12-13 23:45:00,True,23:45:00,2023-12-13
8928,2023-12-14 00:00:00,True,00:00:00,2023-12-14
8929,2023-12-14 00:15:00,True,00:15:00,2023-12-14
8930,2023-12-14 00:30:00,True,00:30:00,2023-12-14
8931,2023-12-14 00:45:00,True,00:45:00,2023-12-14
8932,2023-12-14 01:00:00,True,01:00:00,2023-12-14
8933,2023-12-14 01:15:00,True,01:15:00,2023-12-14
8934,2023-12-14 01:30:00,True,01:30:00,2023-12-14
8935,2023-12-14 01:45:00,True,01:45:00,2023-12-14
8936,2023-12-14 02:00:00,True,02:00:00,2023-12-14
8937,2023-12-14 02:15:00,True,02:15:00,2023-12-14
8938,2023-12-14 02:30:00,True,02:30:00,2023-12-14
8939,2023-12-14 02:45:00,True,02:45:00,2023-12-14
8940,2023-12-14 03:00:00,True,03:00:00,2023-12-14
8941,2023-12-14 03:15:00,True,03:15:00,2023-12-14
8942,2023-12-14 03:30:00,True,03:30:00,2023-12-14
8943,2023-12-14 03:45:00,True,03:45:00,2023-12-14
8944,2023-12-14 04:00:00,True,04:00:00,2023-12-14
8945,2023-12-14 04:15:00,True,04:15:00,2023-12-14
8946,2023-12-14 04:30:00,True,04:30:00,2023-12-14
8947,2023-12-14 04:45:00,True,04:45:00,2023-12-14
8948,2023-12-14 05:00:00,True,05:00:00,2023-12-14
8949,2023-12-14 05:15:00,True,05:15:00,2023-12-14
8950,2023-12-14 05:30:00,True,05:30:00,2023-12-14
8951,2023-12-14 05:45:00,True,05:45:00,2023-12-14
8952,2023-12-14 06:00:00,True,06:00:00,2023-12-14
8953,2023-12-14 06:15:00,True,06:15:00,2023-12-14
8954,2023-12-14 06:30:00,True,06:30:00,2023-12-14
8955,2023-12-14 06:45:00,True,06:45:00,2023-12-14
8956,2023-12-14 07:00:00,True,07:00:00,2023-12-14
8957,2023-12-14 07:15:00,True,07:15:00,2023-12-14
8958,2023-12-14 07:30:00,True,07:30:00,2023-12-14
8959,2023-12-14 07:45:00,True,07:45:00,2023-12-14
8960,2023-12-14 08:00:00,True,08:00:00,2023-12-14
8961,2023-12-14 08:15:00,True,08:15:00,2023-12-14
8962,2023-12-14 08:30:00,True,08:30:00,2023-12-14
8963,2023-12-14 08:45:00,True,08:45:00,2023-12-14
8964,2023-12-14 09:00:00,True,09:00:00,2023-12-14
8965,2023-12-14 09:15:00,True,09:15:00,2023-12-14
8966,2023-12-14 09:30:00,True,09:30:00,2023-12-14
8967,2023-12-14 09:45:00,True,09:45:00,2023-12-14
8968,2023-12-14 10:00:00,True,10:00:00,2023-12-14
8969,2023-12-14 10:15:00,True,10:15:00,2023-12-14
8970,2023-12-14 10:30:00,True,10:30:00,2023-12-14
8971,2023-12-14 10:45:00,True,10:45:00,2023-12-14
8972,2023-12-14 11:00:00,True,11:00:00,2023-12-14
8973,2023-12-14 11:15:00,True,11:15:00,2023-12-14
8974,2023-12-14 11:30:00,True,11:30:00,2023-12-14
8975,2023-12-14 11:45:00,True,11:45:00,2023-12-14
8976,2023-12-14 12:00:00,True,12:00:00,2023-12-14
8977,2023-12-14 12:15:00,True,12:15:00,2023-12-14
8978,2023-12-14 12:30:00,True,12:30:00,2023-12-14
8979,2023-12-14 12:45:00,True,12:45:00,2023-12-14
8980,2023-12-14 13:00:00,True,13:00:00,2023-12-14
8981,2023-12-14 13:15:00,True,13:15:00,2023-12-14
8982,2023-12-14 13:30:00,True,13:30:00,2023-12-14
8983,2023-12-14 13:45:00,True,13:45:00,2023-12-14
8984,2023-12-14 14:00:00,True,14:00:00,2023-12-14
8985,2023-12-14 14:15:00,True,14:15:00,2023-12-14
8986,2023-12-14 14:30:00,True,14:30:00,2023-12-14
8987,2023-12-14 14:45:00,True,14:45:00,2023-12-14
8988,2023-12-14 15:00:00,True,15:00:00,2023-12-14
8989,2023-12-14 15:15:00,True,15:15:00,2023-12-14
8990,2023-12-14 15:30:00,True,15:30:00,2023-12-14
8991,2023-12-14 15:45:00,True,15:45:00,2023-12-14
8992,2023-12-14 16:00:00,True,16:00:00,2023-12-14
8993,2023-12-14 16:15:00,True,16:15:00,2023-12-14
8994,2023-12-14 16:30:00,True,16:30:00,2023-12-14
8995,2023-12-14 16:45:00,True,16:45:00,2023-12-14
8996,2023-12-14 17:00:00,True,17:00:00,2023-12-14
8997,2023-12-14 17:15:00,True,17:15:00,2023-12-14
8998,2023-12-14 17:30:00,True,17:30:00,2023-12-14
8999,2023-12-14 17:45:00,True,17:45:00,2023-12-14
9000,2023-12-14 18:00:00,True,18:00:00,2023-12-14
9001,2023-12-14 18:15:00,True,18:15:00,2023-12-14
9002,2023-12-14 18:30:00,True,18:30:00,2023-12-14
9003,2023-12-14 18:45:00,True,18:45:00,2023-12-14
9004,2023-12-14 19:00:00,True,19:00:00,2023-12-14
9005,2023-12-14 19:15:00,True,19:15:00,2023-12-14
9006,2023-12-14 19:30:00,True,19:30:00,2023-12-14
9007,2023-12-14 19:45:00,True,19:45:00,2023-12-14
9008,2023-12-14 20:00:00,True,20:00:00,2023-12-14
9009,2023-12-14 20:15:00,True,20:15:00,2023-12-14
9010,2023-12-14 20:30:00,True,20:30:00,2023-12-14
9011,2023-12-14 20:45:00,True,20:45:00,2023-12-14
9012,2023-12-14 21:00:00,True,21:00:00,2023-12-14
9013,2023-12-14 21:15:00,True,21:15:00,2023-12-14
9014,2023-12-14 21:30:00,True,21:30:00,2023-12-14
9015,2023-12-14 21:45:00,True,21:45:00,2023-12-14
9016,2023-12-14 22:00:00,True,22:00:00,2023-12-14
9017,2023-12-14 22:15:00,True,22:15:00,2023-12-14
9018,2023-12-14 22:30:00,True,22:30:00,2023-12-14
9019,2023-12-14 22:45:00,True,22:45:00,2023-12-14
9020,2023-12-14 23:00:00,True,23:00:00,2023-12-14
9021,2023-12-14 23:15:00,True,23:15:00,2023-12-14
9022,2023-12-14 23:30:00,True,23:30:00,2023-12-14
9023,2023-12-14 23:45:00,True,23:45:00,2023-12-14
9024,2023-12-15 00:00:00,True,00:00:00,2023-12-15
9025,2023-12-15 00:15:00,True,00:15:00,2023-12-15
9026,2023-12-15 00:30:00,True,00:30:00,2023-12-15
9027,2023-12-15 00:45:00,True,00:45:00,2023-12-15
9028,2023-12-15 01:00:00,True,01:00:00,2023-12-15
9029,2023-12-15 01:15:00,True,01:15:00,2023-12-15
9030,2023-12-15 01:30:00,True,01:30:00,2023-12-15
9031,2023-12-15 01:45:00,True,01:45:00,2023-12-15
9032,2023-12-15 02:00:00,True,02:00:00,2023-12-15
9033,2023-12-15 02:15:00,True,02:15:00,2023-12-15
9034,2023-12-15 02:30:00,True,02:30:00,2023-12-15
9035,2023-12-15 02:45:00,True,02:45:00,2023-12-15
9036,2023-12-15 03:00:00,True,03:00:00,2023-12-15
9037,2023-12-15 03:15:00,True,03:15:00,2023-12-15
9038,2023-12-15 03:30:00,True,03:30:00,2023-12-15
9039,2023-12-15 03:45:00,True,03:45:00,2023-12-15
9040,2023-12-15 04:00:00,True,04:00:00,2023-12-15
9041,2023-12-15 04:15:00,True,04:15:00,2023-12-15
9042,2023-12-15 04:30:00,True,04:30:00,2023-12-15
9043,2023-12-15 04:45:00,True,04:45:00,2023-12-15
9044,2023-12-15 05:00:00,True,05:00:00,2023-12-15
9045,2023-12-15 05:15:00,True,05:15:00,2023-12-15
9046,2023-12-15 05:30:00,True,05:30:00,2023-12-15
9047,2023-12-15 05:45:00,True,05:45:00,2023-12-15
9048,2023-12-15 06:00:00,True,06:00:00,2023-12-15
9049,2023-12-15 06:15:00,True,06:15:00,2023-12-15
9050,2023-12-15 06:30:00,True,06:30:00,2023-12-15
9051,2023-12-15 06:45:00,True,06:45:00,2023-12-15
9052,2023-12-15 07:00:00,True,07:00:00,2023-12-15
9053,2023-12-15 07:15:00,True,07:15:00,2023-12-15
9054,2023-12-15 07:30:00,True,07:30:00,2023-12-15
9055,2023-12-15 07:45:00,True,07:45:00,2023-12-15
9056,2023-12-15 08:00:00,True,08:00:00,2023-12-15
9057,2023-12-15 08:15:00,True,08:15:00,2023-12-15
9058,2023-12-15 08:30:00,True,08:30:00,2023-12-15
9059,2023-12-15 08:45:00,True,08:45:00,2023-12-15
9060,2023-12-15 09:00:00,True,09:00:00,2023-12-15
9061,2023-12-15 09:15:00,True,09:15:00,2023-12-15
9062,2023-12-15 09:30:00,True,09:30:00,2023-12-15
9063,2023-12-15 09:45:00,True,09:45:00,2023-12-15
9064,2023-12-15 10:00:00,True,10:00:00,2023-12-15
9065,2023-12-15 10:15:00,True,10:15:00,2023-12-15
9066,2023-12-15 10:30:00,True,10:30:00,2023-12-15
9067,2023-12-15 10:45:00,True,10:45:00,2023-12-15
9068,2023-12-15 11:00:00,True,11:00:00,2023-12-15
9069,2023-12-15 11:15:00,True,11:15:00,2023-12-15
9070,2023-12-15 11:30:00,True,11:30:00,2023-12-15
9071,2023-12-15 11:45:00,True,11:45:00,2023-12-15
9072,2023-12-15 12:00:00,True,12:00:00,2023-12-15
9073,2023-12-15 12:15:00,True,12:15:00,2023-12-15
9074,2023-12-15 12:30:00,True,12:30:00,2023-12-15
9075,2023-12-15 12:45:00,True,12:45:00,2023-12-15
9076,2023-12-15 13:00:00,True,13:00:00,2023-12-15
9077,2023-12-15 13:15:00,True,13:15:00,2023-12-15
9078,2023-12-15 13:30:00,True,13:30:00,2023-12-15
9079,2023-12-15 13:45:00,True,13:45:00,2023-12-15
9080,2023-12-15 14:00:00,True,14:00:00,2023-12-15
9081,2023-12-15 14:15:00,True,14:15:00,2023-12-15
9082,2023-12-15 14:30:00,True,14:30:00,2023-12-15
9083,2023-12-15 14:45:00,True,14:45:00,2023-12-15
9084,2023-12-15 15:00:00,True,15:00:00,2023-12-15
9085,2023-12-15 15:15:00,True,15:15:00,2023-12-15
9086,2023-12-15 15:30:00,True,15:30:00,2023-12-15
9087,2023-12-15 15:45:00,True,15:45:00,2023-12-15
9088,2023-12-15 16:00:00,True,16:00:00,2023-12-15
9089,2023-12-15 16:15:00,True,16:15:00,2023-12-15
9090,2023-12-15 16:30:00,True,16:30:00,2023-12-15
9091,2023-12-15 16:45:00,True,16:45:00,2023-12-15
9092,2023-12-15 17:00:00,True,17:00:00,2023-12-15
9093,2023-12-15 17:15:00,True,17:15:00,2023-12-15
9094,2023-12-15 17:30:00,True,17:30:00,2023-12-15
9095,2023-12-15 17:45:00,True,17:45:00,2023-12-15
9096,2023-12-15 18:00:00,True,18:00:00,2023-12-15
9097,2023-12-15 18:15:00,True,18:15:00,2023-12-15
9098,2023-12-15 18:30:00,True,18:30:00,2023-12-15
9099,2023-12-15 18:45:00,True,18:45:00,2023-12-15
9100,2023-12-15 19:00:00,True,19:00:00,2023-12-15
9101,2023-12-15 19:15:00,True,19:15:00,2023-12-15
9102,2023-12-15 19:30:00,True,19:30:00,2023-12-15
9103,2023-12-15 19:45:00,True,19:45:00,2023-12-15
9104,2023-12-15 20:00:00,True,20:00:00,2023-12-15
9105,2023-12-15 20:15:00,True,20:15:00,2023-12-15
9106,2023-12-15 20:30:00,True,20:30:00,2023-12-15
9107,2023-12-15 20:45:00,True,20:45:00,2023-12-15
9108,2023-12-15 21:00:00,True,21:00:00,2023-12-15
9109,2023-12-15 21:15:00,True,21:15:00,2023-12-15
9110,2023-12-15 21:30:00,True,21:30:00,2023-12-15
9111,2023-12-15 21:45:00,True,21:45:00,2023-12-15
9112,2023-12-15 22:00:00,True,22:00:00,2023-12-15
9113,2023-12-15 22:15:00,True,22:15:00,2023-12-15
9114,2023-12-15 22:30:00,True,22:30:00,2023-12-15
9115,2023-12-15 22:45:00,True,22:45:00,2023-12-15
9116,2023-12-15 23:00:00,True,23:00:00,2023-12-15
9117,2023-12-15 23:15:00,True,23:15:00,2023-12-15
9118,2023-12-15 23:30:00,True,23:30:00,2023-12-15
9119,2023-12-15 23:45:00,True,23:45:00,2023-12-15
9120,2023-12-16 00:00:00,True,00:00:00,2023-12-16
9121,2023-12-16 00:15:00,True,00:15:00,2023-12-16
9122,2023-12-16 00:30:00,True,00:30:00,2023-12-16
9123,2023-12-16 00:45:00,True,00:45:00,2023-12-16
9124,2023-12-16 01:00:00,True,01:00:00,2023-12-16
9125,2023-12-16 01:15:00,True,01:15:00,2023-12-16
9126,2023-12-16 01:30:00,True,01:30:00,2023-12-16
9127,2023-12-16 01:45:00,True,01:45:00,2023-12-16
9128,2023-12-16 02:00:00,True,02:00:00,2023-12-16
9129,2023-12-16 02:15:00,True,02:15:00,2023-12-16
9130,2023-12-16 02:30:00,True,02:30:00,2023-12-16
9131,2023-12-16 02:45:00,True,02:45:00,2023-12-16
9132,2023-12-16 03:00:00,True,03:00:00,2023-12-16
9133,2023-12-16 03:15:00,True,03:15:00,2023-12-16
9134,2023-12-16 03:30:00,True,03:30:00,2023-12-16
9135,2023-12-16 03:45:00,True,03:45:00,2023-12-16
9136,2023-12-16 04:00:00,True,04:00:00,2023-12-16
9137,2023-12-16 04:15:00,True,04:15:00,2023-12-16
9138,2023-12-16 04:30:00,True,04:30:00,2023-12-16
9139,2023-12-16 04:45:00,True,04:45:00,2023-12-16
9140,2023-12-16 05:00:00,True,05:00:00,2023-12-16
9141,2023-12-16 05:15:00,True,05:15:00,2023-12-16
9142,2023-12-16 05:30:00,True,05:30:00,2023-12-16
9143,2023-12-16 05:45:00,True,05:45:00,2023-12-16
9144,2023-12-16 06:00:00,True,06:00:00,2023-12-16
9145,2023-12-16 06:15:00,True,06:15:00,2023-12-16
9146,2023-12-16 06:30:00,True,06:30:00,2023-12-16
9147,2023-12-16 06:45:00,True,06:45:00,2023-12-16
9148,2023-12-16 07:00:00,True,07:00:00,2023-12-16
9149,2023-12-16 07:15:00,True,07:15:00,2023-12-16
9150,2023-12-16 07:30:00,True,07:30:00,2023-12-16
9151,2023-12-16 07:45:00,True,07:45:00,2023-12-16
9152,2023-12-16 08:00:00,True,08:00:00,2023-12-16
9153,2023-12-16 08:15:00,True,08:15:00,2023-12-16
9154,2023-12-16 08:30:00,True,08:30:00,2023-12-16
9155,2023-12-16 08:45:00,True,08:45:00,2023-12-16
9156,2023-12-16 09:00:00,True,09:00:00,2023-12-16
9157,2023-12-16 09:15:00,True,09:15:00,2023-12-16
9158,2023-12-16 09:30:00,True,09:30:00,2023-12-16
9159,2023-12-16 09:45:00,True,09:45:00,2023-12-16
9160,2023-12-16 10:00:00,True,10:00:00,2023-12-16
9161,2023-12-16 10:15:00,True,10:15:00,2023-12-16
9162,2023-12-16 10:30:00,True,10:30:00,2023-12-16
9163,2023-12-16 10:45:00,True,10:45:00,2023-12-16
9164,2023-12-16 11:00:00,True,11:00:00,2023-12-16
9165,2023-12-16 11:15:00,True,11:15:00,2023-12-16
9166,2023-12-16 11:30:00,True,11:30:00,2023-12-16
9167,2023-12-16 11:45:00,True,11:45:00,2023-12-16
9168,2023-12-16 12:00:00,True,12:00:00,2023-12-16
9169,2023-12-16 12:15:00,True,12:15:00,2023-12-16
9170,2023-12-16 12:30:00,True,12:30:00,2023-12-16
9171,2023-12-16 12:45:00,True,12:45:00,2023-12-16
9172,2023-12-16 13:00:00,True,13:00:00,2023-12-16
9173,2023-12-16 13:15:00,True,13:15:00,2023-12-16
9174,2023-12-16 13:30:00,True,13:30:00,2023-12-16
9175,2023-12-16 13:45:00,True,13:45:00,2023-12-16
9176,2023-12-16 14:00:00,True,14:00:00,2023-12-16
9177,2023-12-16 14:15:00,True,14:15:00,2023-12-16
9178,2023-12-16 14:30:00,True,14:30:00,2023-12-16
9179,2023-12-16 14:45:00,True,14:45:00,2023-12-16
9180,2023-12-16 15:00:00,True,15:00:00,2023-12-16
9181,2023-12-16 15:15:00,True,15:15:00,2023-12-16
9182,2023-12-16 15:30:00,True,15:30:00,2023-12-16
9183,2023-12-16 15:45:00,True,15:45:00,2023-12-16
9184,2023-12-16 16:00:00,True,16:00:00,2023-12-16
9185,2023-12-16 16:15:00,True,16:15:00,2023-12-16
9186,2023-12-16 16:30:00,True,16:30:00,2023-12-16
9187,2023-12-16 16:45:00,True,16:45:00,2023-12-16
9188,2023-12-16 17:00:00,True,17:00:00,2023-12-16
9189,2023-12-16 17:15:00,True,17:15:00,2023-12-16
9190,2023-12-16 17:30:00,True,17:30:00,2023-12-16
9191,2023-12-16 17:45:00,True,17:45:00,2023-12-16
9192,2023-12-16 18:00:00,True,18:00:00,2023-12-16
9193,2023-12-16 18:15:00,True,18:15:00,2023-12-16
9194,2023-12-16 18:30:00,True,18:30:00,2023-12-16
9195,2023-12-16 18:45:00,True,18:45:00,2023-12-16
9196,2023-12-16 19:00:00,True,19:00:00,2023-12-16
9197,2023-12-16 19:15:00,True,19:15:00,2023-12-16
9198,2023-12-16 19:30:00,True,19:30:00,2023-12-16
9199,2023-12-16 19:45:00,True,19:45:00,2023-12-16
9200,2023-12-16 20:00:00,True,20:00:00,2023-12-16
9201,2023-12-16 20:15:00,True,20:15:00,2023-12-16
9202,2023-12-16 20:30:00,True,20:30:00,2023-12-16
9203,2023-12-16 20:45:00,True,20:45:00,2023-12-16
9204,2023-12-16 21:00:00,True,21:00:00,2023-12-16
9205,2023-12-16 21:15:00,True,21:15:00,2023-12-16
9206,2023-12-16 21:30:00,True,21:30:00,2023-12-16
9207,2023-12-16 21:45:00,True,21:45:00,2023-12-16
9208,2023-12-16 22:00:00,True,22:00:00,2023-12-16
9209,2023-12-16 22:15:00,True,22:15:00,2023-12-16
9210,2023-12-16 22:30:00,True,22:30:00,2023-12-16
9211,2023-12-16 22:45:00,True,22:45:00,2023-12-16
9212,2023-12-16 23:00:00,True,23:00:00,2023-12-16
9213,2023-12-16 23:15:00,True,23:15:00,2023-12-16
9214,2023-12-16 23:30:00,True,23:30:00,2023-12-16
9215,2023-12-16 23:45:00,True,23:45:00,2023-12-16
9216,2023-12-17 00:00:00,True,00:00:00,2023-12-17
9217,2023-12-17 00:15:00,True,00:15:00,2023-12-17
9218,2023-12-17 00:30:00,True,00:30:00,2023-12-17
9219,2023-12-17 00:45:00,True,00:45:00,2023-12-17
9220,2023-12-17 01:00:00,True,01:00:00,2023-12-17
9221,2023-12-17 01:15:00,True,01:15:00,2023-12-17
9222,2023-12-17 01:30:00,True,01:30:00,2023-12-17
9223,2023-12-17 01:45:00,True,01:45:00,2023-12-17
9224,2023-12-17 02:00:00,True,02:00:00,2023-12-17
9225,2023-12-17 02:15:00,True,02:15:00,2023-12-17
9226,2023-12-17 02:30:00,True,02:30:00,2023-12-17
9227,2023-12-17 02:45:00,True,02:45:00,2023-12-17
9228,2023-12-17 03:00:00,True,03:00:00,2023-12-17
9229,2023-12-17 03:15:00,True,03:15:00,2023-12-17
9230,2023-12-17 03:30:00,True,03:30:00,2023-12-17
9231,2023-12-17 03:45:00,True,03:45:00,2023-12-17
9232,2023-12-17 04:00:00,True,04:00:00,2023-12-17
9233,2023-12-17 04:15:00,True,04:15:00,2023-12-17
9234,2023-12-17 04:30:00,True,04:30:00,2023-12-17
9235,2023-12-17 04:45:00,True,04:45:00,2023-12-17
9236,2023-12-17 05:00:00,True,05:00:00,2023-12-17
9237,2023-12-17 05:15:00,True,05:15:00,2023-12-17
9238,2023-12-17 05:30:00,True,05:30:00,2023-12-17
9239,2023-12-17 05:45:00,True,05:45:00,2023-12-17
9240,2023-12-17 06:00:00,True,06:00:00,2023-12-17
9241,2023-12-17 06:15:00,True,06:15:00,2023-12-17
9242,2023-12-17 06:30:00,True,06:30:00,2023-12-17
9243,2023-12-17 06:45:00,True,06:45:00,2023-12-17
9244,2023-12-17 07:00:00,True,07:00:00,2023-12-17
9245,2023-12-17 07:15:00,True,07:15:00,2023-12-17
9246,2023-12-17 07:30:00,True,07:30:00,2023-12-17
9247,2023-12-17 07:45:00,True,07:45:00,2023-12-17
9248,2023-12-17 08:00:00,True,08:00:00,2023-12-17
9249,2023-12-17 08:15:00,True,08:15:00,2023-12-17
9250,2023-12-17 08:30:00,True,08:30:00,2023-12-17
9251,2023-12-17 08:45:00,True,08:45:00,2023-12-17
9252,2023-12-17 09:00:00,True,09:00:00,2023-12-17
9253,2023-12-17 09:15:00,True,09:15:00,2023-12-17
9254,2023-12-17 09:30:00,True,09:30:00,2023-12-17
9255,2023-12-17 09:45:00,True,09:45:00,2023-12-17
9256,2023-12-17 10:00:00,True,10:00:00,2023-12-17
9257,2023-12-17 10:15:00,True,10:15:00,2023-12-17
9258,2023-12-17 10:30:00,True,10:30:00,2023-12-17
9259,2023-12-17 10:45:00,True,10:45:00,2023-12-17
9260,2023-12-17 11:00:00,True,11:00:00,2023-12-17
9261,2023-12-17 11:15:00,True,11:15:00,2023-12-17
9262,2023-12-17 11:30:00,True,11:30:00,2023-12-17
9263,2023-12-17 11:45:00,True,11:45:00,2023-12-17
9264,2023-12-17 12:00:00,True,12:00:00,2023-12-17
9265,2023-12-17 12:15:00,True,12:15:00,2023-12-17
9266,2023-12-17 12:30:00,True,12:30:00,2023-12-17
9267,2023-12-17 12:45:00,True,12:45:00,2023-12-17
9268,2023-12-17 13:00:00,True,13:00:00,2023-12-17
9269,2023-12-17 13:15:00,True,13:15:00,2023-12-17
9270,2023-12-17 13:30:00,True,13:30:00,2023-12-17
9271,2023-12-17 13:45:00,True,13:45:00,2023-12-17
9272,2023-12-17 14:00:00,True,14:00:00,2023-12-17
9273,2023-12-17 14:15:00,True,14:15:00,2023-12-17
9274,2023-12-17 14:30:00,True,14:30:00,2023-12-17
9275,2023-12-17 14:45:00,True,14:45:00,2023-12-17
9276,2023-12-17 15:00:00,True,15:00:00,2023-12-17
9277,2023-12-17 15:15:00,True,15:15:00,2023-12-17
9278,2023-12-17 15:30:00,True,15:30:00,2023-12-17
9279,2023-12-17 15:45:00,True,15:45:00,2023-12-17
9280,2023-12-17 16:00:00,True,16:00:00,2023-12-17
9281,2023-12-17 16:15:00,True,16:15:00,2023-12-17
9282,2023-12-17 16:30:00,True,16:30:00,2023-12-17
9283,2023-12-17 16:45:00,True,16:45:00,2023-12-17
9284,2023-12-17 17:00:00,True,17:00:00,2023-12-17
9285,2023-12-17 17:15:00,True,17:15:00,2023-12-17
9286,2023-12-17 17:30:00,True,17:30:00,2023-12-17
9287,2023-12-17 17:45:00,True,17:45:00,2023-12-17
9288,2023-12-17 18:00:00,True,18:00:00,2023-12-17
9289,2023-12-17 18:15:00,True,18:15:00,2023-12-17
9290,2023-12-17 18:30:00,True,18:30:00,2023-12-17
9291,2023-12-17 18:45:00,True,18:45:00,2023-12-17
9292,2023-12-17 19:00:00,True,19:00:00,2023-12-17
9293,2023-12-17 19:15:00,True,19:15:00,2023-12-17
9294,2023-12-17 19:30:00,True,19:30:00,2023-12-17
9295,2023-12-17 19:45:00,True,19:45:00,2023-12-17
9296,2023-12-17 20:00:00,True,20:00:00,2023-12-17
9297,2023-12-17 20:15:00,True,20:15:00,2023-12-17
9298,2023-12-17 20:30:00,True,20:30:00,2023-12-17
9299,2023-12-17 20:45:00,True,20:45:00,2023-12-17
9300,2023-12-17 21:00:00,True,21:00:00,2023-12-17
9301,2023-12-17 21:15:00,True,21:15:00,2023-12-17
9302,2023-12-17 21:30:00,True,21:30:00,2023-12-17
9303,2023-12-17 21:45:00,True,21:45:00,2023-12-17
9304,2023-12-17 22:00:00,True,22:00:00,2023-12-17
9305,2023-12-17 22:15:00,True,22:15:00,2023-12-17
9306,2023-12-17 22:30:00,True,22:30:00,2023-12-17
9307,2023-12-17 22:45:00,True,22:45:00,2023-12-17
9308,2023-12-17 23:00:00,True,23:00:00,2023-12-17
9309,2023-12-17 23:15:00,True,23:15:00,2023-12-17
9310,2023-12-17 23:30:00,True,23:30:00,2023-12-17
9311,2023-12-17 23:45:00,True,23:45:00,2023-12-17
9312,2023-12-18 00:00:00,True,00:00:00,2023-12-18
9313,2023-12-18 00:15:00,True,00:15:00,2023-12-18
9314,2023-12-18 00:30:00,True,00:30:00,2023-12-18
9315,2023-12-18 00:45:00,True,00:45:00,2023-12-18
9316,2023-12-18 01:00:00,True,01:00:00,2023-12-18
9317,2023-12-18 01:15:00,True,01:15:00,2023-12-18
9318,2023-12-18 01:30:00,True,01:30:00,2023-12-18
9319,2023-12-18 01:45:00,True,01:45:00,2023-12-18
9320,2023-12-18 02:00:00,True,02:00:00,2023-12-18
9321,2023-12-18 02:15:00,True,02:15:00,2023-12-18
9322,2023-12-18 02:30:00,True,02:30:00,2023-12-18
9323,2023-12-18 02:45:00,True,02:45:00,2023-12-18
9324,2023-12-18 03:00:00,True,03:00:00,2023-12-18
9325,2023-12-18 03:15:00,True,03:15:00,2023-12-18
9326,2023-12-18 03:30:00,True,03:30:00,2023-12-18
9327,2023-12-18 03:45:00,True,03:45:00,2023-12-18
9328,2023-12-18 04:00:00,True,04:00:00,2023-12-18
9329,2023-12-18 04:15:00,True,04:15:00,2023-12-18
9330,2023-12-18 04:30:00,True,04:30:00,2023-12-18
9331,2023-12-18 04:45:00,True,04:45:00,2023-12-18
9332,2023-12-18 05:00:00,True,05:00:00,2023-12-18
9333,2023-12-18 05:15:00,True,05:15:00,2023-12-18
9334,2023-12-18 05:30:00,True,05:30:00,2023-12-18
9335,2023-12-18 05:45:00,True,05:45:00,2023-12-18
9336,2023-12-18 06:00:00,True,06:00:00,2023-12-18
9337,2023-12-18 06:15:00,True,06:15:00,2023-12-18
9338,2023-12-18 06:30:00,True,06:30:00,2023-12-18
9339,2023-12-18 06:45:00,True,06:45:00,2023-12-18
9340,2023-12-18 07:00:00,True,07:00:00,2023-12-18
9341,2023-12-18 07:15:00,True,07:15:00,2023-12-18
9342,2023-12-18 07:30:00,True,07:30:00,2023-12-18
9343,2023-12-18 07:45:00,True,07:45:00,2023-12-18
9344,2023-12-18 08:00:00,True,08:00:00,2023-12-18
9345,2023-12-18 08:15:00,True,08:15:00,2023-12-18
9346,2023-12-18 08:30:00,True,08:30:00,2023-12-18
9347,2023-12-18 08:45:00,True,08:45:00,2023-12-18
9348,2023-12-18 09:00:00,True,09:00:00,2023-12-18
9349,2023-12-18 09:15:00,True,09:15:00,2023-12-18
9350,2023-12-18 09:30:00,True,09:30:00,2023-12-18
9351,2023-12-18 09:45:00,True,09:45:00,2023-12-18
9352,2023-12-18 10:00:00,True,10:00:00,2023-12-18
9353,2023-12-18 10:15:00,True,10:15:00,2023-12-18
9354,2023-12-18 10:30:00,True,10:30:00,2023-12-18
9355,2023-12-18 10:45:00,True,10:45:00,2023-12-18
9356,2023-12-18 11:00:00,True,11:00:00,2023-12-18
9357,2023-12-18 11:15:00,True,11:15:00,2023-12-18
9358,2023-12-18 11:30:00,True,11:30:00,2023-12-18
9359,2023-12-18 11:45:00,True,11:45:00,2023-12-18
9360,2023-12-18 12:00:00,True,12:00:00,2023-12-18
9361,2023-12-18 12:15:00,True,12:15:00,2023-12-18
9362,2023-12-18 12:30:00,True,12:30:00,2023-12-18
9363,2023-12-18 12:45:00,True,12:45:00,2023-12-18
9364,2023-12-18 13:00:00,True,13:00:00,2023-12-18
9365,2023-12-18 13:15:00,True,13:15:00,2023-12-18
9366,2023-12-18 13:30:00,True,13:30:00,2023-12-18
9367,2023-12-18 13:45:00,True,13:45:00,2023-12-18
9368,2023-12-18 14:00:00,True,14:00:00,2023-12-18
9369,2023-12-18 14:15:00,True,14:15:00,2023-12-18
9370,2023-12-18 14:30:00,True,14:30:00,2023-12-18
9371,2023-12-18 14:45:00,True,14:45:00,2023-12-18
9372,2023-12-18 15:00:00,True,15:00:00,2023-12-18
9373,2023-12-18 15:15:00,True,15:15:00,2023-12-18
9374,2023-12-18 15:30:00,True,15:30:00,2023-12-18
9375,2023-12-18 15:45:00,True,15:45:00,2023-12-18
9376,2023-12-18 16:00:00,True,16:00:00,2023-12-18
9377,2023-12-18 16:15:00,True,16:15:00,2023-12-18
9378,2023-12-18 16:30:00,True,16:30:00,2023-12-18
9379,2023-12-18 16:45:00,True,16:45:00,2023-12-18
9380,2023-12-18 17:00:00,True,17:00:00,2023-12-18
9381,2023-12-18 17:15:00,True,17:15:00,2023-12-18
9382,2023-12-18 17:30:00,True,17:30:00,2023-12-18
9383,2023-12-18 17:45:00,True,17:45:00,2023-12-18
9384,2023-12-18 18:00:00,True,18:00:00,2023-12-18
9385,2023-12-18 18:15:00,True,18:15:00,2023-12-18
9386,2023-12-18 18:30:00,True,18:30:00,2023-12-18
9387,2023-12-18 18:45:00,True,18:45:00,2023-12-18
9388,2023-12-18 19:00:00,True,19:00:00,2023-12-18
9389,2023-12-18 19:15:00,True,19:15:00,2023-12-18
9390,2023-12-18 19:30:00,True,19:30:00,2023-12-18
9391,2023-12-18 19:45:00,True,19:45:00,2023-12-18
9392,2023-12-18 20:00:00,True,20:00:00,2023-12-18
9393,2023-12-18 20:15:00,True,20:15:00,2023-12-18
9394,2023-12-18 20:30:00,True,20:30:00,2023-12-18
9395,2023-12-18 20:45:00,True,20:45:00,2023-12-18
9396,2023-12-18 21:00:00,True,21:00:00,2023-12-18
9397,2023-12-18 21:15:00,True,21:15:00,2023-12-18
9398,2023-12-18 21:30:00,True,21:30:00,2023-12-18
9399,2023-12-18 21:45:00,True,21:45:00,2023-12-18
9400,2023-12-18 22:00:00,True,22:00:00,2023-12-18
9401,2023-12-18 22:15:00,True,22:15:00,2023-12-18
9402,2023-12-18 22:30:00,True,22:30:00,2023-12-18
9403,2023-12-18 22:45:00,True,22:45:00,2023-12-18
9404,2023-12-18 23:00:00,True,23:00:00,2023-12-18
9405,2023-12-18 23:15:00,True,23:15:00,2023-12-18
9406,2023-12-18 23:30:00,True,23:30:00,2023-12-18
9407,2023-12-18 23:45:00,True,23:45:00,2023-12-18
9408,2023-12-19 00:00:00,True,00:00:00,2023-12-19
9409,2023-12-19 00:15:00,True,00:15:00,2023-12-19
9410,2023-12-19 00:30:00,True,00:30:00,2023-12-19
9411,2023-12-19 00:45:00,True,00:45:00,2023-12-19
9412,2023-12-19 01:00:00,True,01:00:00,2023-12-19
9413,2023-12-19 01:15:00,True,01:15:00,2023-12-19
9414,2023-12-19 01:30:00,True,01:30:00,2023-12-19
9415,2023-12-19 01:45:00,True,01:45:00,2023-12-19
9416,2023-12-19 02:00:00,True,02:00:00,2023-12-19
9417,2023-12-19 02:15:00,True,02:15:00,2023-12-19
9418,2023-12-19 02:30:00,True,02:30:00,2023-12-19
9419,2023-12-19 02:45:00,True,02:45:00,2023-12-19
9420,2023-12-19 03:00:00,True,03:00:00,2023-12-19
9421,2023-12-19 03:15:00,True,03:15:00,2023-12-19
9422,2023-12-19 03:30:00,True,03:30:00,2023-12-19
9423,2023-12-19 03:45:00,True,03:45:00,2023-12-19
9424,2023-12-19 04:00:00,True,04:00:00,2023-12-19
9425,2023-12-19 04:15:00,True,04:15:00,2023-12-19
9426,2023-12-19 04:30:00,True,04:30:00,2023-12-19
9427,2023-12-19 04:45:00,True,04:45:00,2023-12-19
9428,2023-12-19 05:00:00,True,05:00:00,2023-12-19
9429,2023-12-19 05:15:00,True,05:15:00,2023-12-19
9430,2023-12-19 05:30:00,True,05:30:00,2023-12-19
9431,2023-12-19 05:45:00,True,05:45:00,2023-12-19
9432,2023-12-19 06:00:00,True,06:00:00,2023-12-19
9433,2023-12-19 06:15:00,True,06:15:00,2023-12-19
9434,2023-12-19 06:30:00,True,06:30:00,2023-12-19
9435,2023-12-19 06:45:00,True,06:45:00,2023-12-19
9436,2023-12-19 07:00:00,True,07:00:00,2023-12-19
9437,2023-12-19 07:15:00,True,07:15:00,2023-12-19
9438,2023-12-19 07:30:00,True,07:30:00,2023-12-19
9439,2023-12-19 07:45:00,True,07:45:00,2023-12-19
9440,2023-12-19 08:00:00,True,08:00:00,2023-12-19
9441,2023-12-19 08:15:00,True,08:15:00,2023-12-19
9442,2023-12-19 08:30:00,True,08:30:00,2023-12-19
9443,2023-12-19 08:45:00,True,08:45:00,2023-12-19
9444,2023-12-19 09:00:00,True,09:00:00,2023-12-19
9445,2023-12-19 09:15:00,True,09:15:00,2023-12-19
9446,2023-12-19 09:30:00,True,09:30:00,2023-12-19
9447,2023-12-19 09:45:00,True,09:45:00,2023-12-19
9448,2023-12-19 10:00:00,True,10:00:00,2023-12-19
9449,2023-12-19 10:15:00,True,10:15:00,2023-12-19
9450,2023-12-19 10:30:00,True,10:30:00,2023-12-19
9451,2023-12-19 10:45:00,True,10:45:00,2023-12-19
9452,2023-12-19 11:00:00,True,11:00:00,2023-12-19
9453,2023-12-19 11:15:00,True,11:15:00,2023-12-19
9454,2023-12-19 11:30:00,True,11:30:00,2023-12-19
9455,2023-12-19 11:45:00,True,11:45:00,2023-12-19
9456,2023-12-19 12:00:00,True,12:00:00,2023-12-19
9457,2023-12-19 12:15:00,True,12:15:00,2023-12-19
9458,2023-12-19 12:30:00,True,12:30:00,2023-12-19
9459,2023-12-19 12:45:00,True,12:45:00,2023-12-19
9460,2023-12-19 13:00:00,True,13:00:00,2023-12-19
9461,2023-12-19 13:15:00,True,13:15:00,2023-12-19
9462,2023-12-19 13:30:00,True,13:30:00,2023-12-19
9463,2023-12-19 13:45:00,True,13:45:00,2023-12-19
9464,2023-12-19 14:00:00,True,14:00:00,2023-12-19
9465,2023-12-19 14:15:00,True,14:15:00,2023-12-19
9466,2023-12-19 14:30:00,True,14:30:00,2023-12-19
9467,2023-12-19 14:45:00,True,14:45:00,2023-12-19
9468,2023-12-19 15:00:00,True,15:00:00,2023-12-19
9469,2023-12-19 15:15:00,True,15:15:00,2023-12-19
9470,2023-12-19 15:30:00,True,15:30:00,2023-12-19
9471,2023-12-19 15:45:00,True,15:45:00,2023-12-19
9472,2023-12-19 16:00:00,True,16:00:00,2023-12-19
9473,2023-12-19 16:15:00,True,16:15:00,2023-12-19
9474,2023-12-19 16:30:00,True,16:30:00,2023-12-19
9475,2023-12-19 16:45:00,True,16:45:00,2023-12-19
9476,2023-12-19 17:00:00,True,17:00:00,2023-12-19
9477,2023-12-19 17:15:00,True,17:15:00,2023-12-19
9478,2023-12-19 17:30:00,True,17:30:00,2023-12-19
9479,2023-12-19 17:45:00,True,17:45:00,2023-12-19
9480,2023-12-19 18:00:00,True,18:00:00,2023-12-19
9481,2023-12-19 18:15:00,True,18:15:00,2023-12-19
9482,2023-12-19 18:30:00,True,18:30:00,2023-12-19
9483,2023-12-19 18:45:00,True,18:45:00,2023-12-19
9484,2023-12-19 19:00:00,True,19:00:00,2023-12-19
9485,2023-12-19 19:15:00,True,19:15:00,2023-12-19
9486,2023-12-19 19:30:00,True,19:30:00,2023-12-19
9487,2023-12-19 19:45:00,True,19:45:00,2023-12-19
9488,2023-12-19 20:00:00,True,20:00:00,2023-12-19
9489,2023-12-19 20:15:00,True,20:15:00,2023-12-19
9490,2023-12-19 20:30:00,True,20:30:00,2023-12-19
9491,2023-12-19 20:45:00,True,20:45:00,2023-12-19
9492,2023-12-19 21:00:00,True,21:00:00,2023-12-19
9493,2023-12-19 21:15:00,True,21:15:00,2023-12-19
9494,2023-12-19 21:30:00,True,21:30:00,2023-12-19
9495,2023-12-19 21:45:00,True,21:45:00,2023-12-19
9496,2023-12-19 22:00:00,True,22:00:00,2023-12-19
9497,2023-12-19 22:15:00,True,22:15:00,2023-12-19
9498,2023-12-19 22:30:00,True,22:30:00,2023-12-19
9499,2023-12-19 22:45:00,True,22:45:00,2023-12-19
9500,2023-12-19 23:00:00,True,23:00:00,2023-12-19
9501,2023-12-19 23:15:00,True,23:15:00,2023-12-19
9502,2023-12-19 23:30:00,True,23:30:00,2023-12-19
9503,2023-12-19 23:45:00,True,23:45:00,2023-12-19
9504,2023-12-20 00:00:00,True,00:00:00,2023-12-20
9505,2023-12-20 00:15:00,True,00:15:00,2023-12-20
9506,2023-12-20 00:30:00,True,00:30:00,2023-12-20
9507,2023-12-20 00:45:00,True,00:45:00,2023-12-20
9508,2023-12-20 01:00:00,True,01:00:00,2023-12-20
9509,2023-12-20 01:15:00,True,01:15:00,2023-12-20
9510,2023-12-20 01:30:00,True,01:30:00,2023-12-20
9511,2023-12-20 01:45:00,True,01:45:00,2023-12-20
9512,2023-12-20 02:00:00,True,02:00:00,2023-12-20
9513,2023-12-20 02:15:00,True,02:15:00,2023-12-20
9514,2023-12-20 02:30:00,True,02:30:00,2023-12-20
9515,2023-12-20 02:45:00,True,02:45:00,2023-12-20
9516,2023-12-20 03:00:00,True,03:00:00,2023-12-20
9517,2023-12-20 03:15:00,True,03:15:00,2023-12-20
9518,2023-12-20 03:30:00,True,03:30:00,2023-12-20
9519,2023-12-20 03:45:00,True,03:45:00,2023-12-20
9520,2023-12-20 04:00:00,True,04:00:00,2023-12-20
9521,2023-12-20 04:15:00,True,04:15:00,2023-12-20
9522,2023-12-20 04:30:00,True,04:30:00,2023-12-20
9523,2023-12-20 04:45:00,True,04:45:00,2023-12-20
9524,2023-12-20 05:00:00,True,05:00:00,2023-12-20
9525,2023-12-20 05:15:00,True,05:15:00,2023-12-20
9526,2023-12-20 05:30:00,True,05:30:00,2023-12-20
9527,2023-12-20 05:45:00,True,05:45:00,2023-12-20
9528,2023-12-20 06:00:00,True,06:00:00,2023-12-20
9529,2023-12-20 06:15:00,True,06:15:00,2023-12-20
9530,2023-12-20 06:30:00,True,06:30:00,2023-12-20
9531,2023-12-20 06:45:00,True,06:45:00,2023-12-20
9532,2023-12-20 07:00:00,True,07:00:00,2023-12-20
9533,2023-12-20 07:15:00,True,07:15:00,2023-12-20
9534,2023-12-20 07:30:00,True,07:30:00,2023-12-20
9535,2023-12-20 07:45:00,True,07:45:00,2023-12-20
9536,2023-12-20 08:00:00,True,08:00:00,2023-12-20
9537,2023-12-20 08:15:00,True,08:15:00,2023-12-20
9538,2023-12-20 08:30:00,True,08:30:00,2023-12-20
9539,2023-12-20 08:45:00,True,08:45:00,2023-12-20
9540,2023-12-20 09:00:00,True,09:00:00,2023-12-20
9541,2023-12-20 09:15:00,True,09:15:00,2023-12-20
9542,2023-12-20 09:30:00,True,09:30:00,2023-12-20
9543,2023-12-20 09:45:00,True,09:45:00,2023-12-20
9544,2023-12-20 10:00:00,True,10:00:00,2023-12-20
9545,2023-12-20 10:15:00,True,10:15:00,2023-12-20
9546,2023-12-20 10:30:00,True,10:30:00,2023-12-20
9547,2023-12-20 10:45:00,True,10:45:00,2023-12-20
9548,2023-12-20 11:00:00,True,11:00:00,2023-12-20
9549,2023-12-20 11:15:00,True,11:15:00,2023-12-20
9550,2023-12-20 11:30:00,True,11:30:00,2023-12-20
9551,2023-12-20 11:45:00,True,11:45:00,2023-12-20
9552,2023-12-20 12:00:00,True,12:00:00,2023-12-20
9553,2023-12-20 12:15:00,True,12:15:00,2023-12-20
9554,2023-12-20 12:30:00,True,12:30:00,2023-12-20
9555,2023-12-20 12:45:00,True,12:45:00,2023-12-20
9556,2023-12-20 13:00:00,True,13:00:00,2023-12-20
9557,2023-12-20 13:15:00,True,13:15:00,2023-12-20
9558,2023-12-20 13:30:00,True,13:30:00,2023-12-20
9559,2023-12-20 13:45:00,True,13:45:00,2023-12-20
9560,2023-12-20 14:00:00,True,14:00:00,2023-12-20
9561,2023-12-20 14:15:00,True,14:15:00,2023-12-20
9562,2023-12-20 14:30:00,True,14:30:00,2023-12-20
9563,2023-12-20 14:45:00,True,14:45:00,2023-12-20
9564,2023-12-20 15:00:00,True,15:00:00,2023-12-20
9565,2023-12-20 15:15:00,True,15:15:00,2023-12-20
9566,2023-12-20 15:30:00,True,15:30:00,2023-12-20
9567,2023-12-20 15:45:00,True,15:45:00,2023-12-20
9568,2023-12-20 16:00:00,True,16:00:00,2023-12-20
9569,2023-12-20 16:15:00,True,16:15:00,2023-12-20
9570,2023-12-20 16:30:00,True,16:30:00,2023-12-20
9571,2023-12-20 16:45:00,True,16:45:00,2023-12-20
9572,2023-12-20 17:00:00,True,17:00:00,2023-12-20
9573,2023-12-20 17:15:00,True,17:15:00,2023-12-20
9574,2023-12-20 17:30:00,True,17:30:00,2023-12-20
9575,2023-12-20 17:45:00,True,17:45:00,2023-12-20
9576,2023-12-20 18:00:00,True,18:00:00,2023-12-20
9577,2023-12-20 18:15:00,True,18:15:00,2023-12-20
9578,2023-12-20 18:30:00,True,18:30:00,2023-12-20
9579,2023-12-20 18:45:00,True,18:45:00,2023-12-20
9580,2023-12-20 19:00:00,True,19:00:00,2023-12-20
9581,2023-12-20 19:15:00,True,19:15:00,2023-12-20
9582,2023-12-20 19:30:00,True,19:30:00,2023-12-20
9583,2023-12-20 19:45:00,True,19:45:00,2023-12-20
9584,2023-12-20 20:00:00,True,20:00:00,2023-12-20
9585,2023-12-20 20:15:00,True,20:15:00,2023-12-20
9586,2023-12-20 20:30:00,True,20:30:00,2023-12-20
9587,2023-12-20 20:45:00,True,20:45:00,2023-12-20
9588,2023-12-20 21:00:00,True,21:00:00,2023-12-20
9589,2023-12-20 21:15:00,True,21:15:00,2023-12-20
9590,2023-12-20 21:30:00,True,21:30:00,2023-12-20
9591,2023-12-20 21:45:00,True,21:45:00,2023-12-20
9592,2023-12-20 22:00:00,True,22:00:00,2023-12-20
9593,2023-12-20 22:15:00,True,22:15:00,2023-12-20
9594,2023-12-20 22:30:00,True,22:30:00,2023-12-20
9595,2023-12-20 22:45:00,True,22:45:00,2023-12-20
9596,2023-12-20 23:00:00,True,23:00:00,2023-12-20
9597,2023-12-20 23:15:00,True,23:15:00,2023-12-20
9598,2023-12-20 23:30:00,True,23:30:00,2023-12-20
9599,2023-12-20 23:45:00,True,23:45:00,2023-12-20
9600,2023-12-21 00:00:00,True,00:00:00,2023-12-21
9601,2023-12-21 00:15:00,True,00:15:00,2023-12-21
9602,2023-12-21 00:30:00,True,00:30:00,2023-12-21
9603,2023-12-21 00:45:00,True,00:45:00,2023-12-21
9604,2023-12-21 01:00:00,True,01:00:00,2023-12-21
9605,2023-12-21 01:15:00,True,01:15:00,2023-12-21
9606,2023-12-21 01:30:00,True,01:30:00,2023-12-21
9607,2023-12-21 01:45:00,True,01:45:00,2023-12-21
9608,2023-12-21 02:00:00,True,02:00:00,2023-12-21
9609,2023-12-21 02:15:00,True,02:15:00,2023-12-21
9610,2023-12-21 02:30:00,True,02:30:00,2023-12-21
9611,2023-12-21 02:45:00,True,02:45:00,2023-12-21
9612,2023-12-21 03:00:00,True,03:00:00,2023-12-21
9613,2023-12-21 03:15:00,True,03:15:00,2023-12-21
9614,2023-12-21 03:30:00,True,03:30:00,2023-12-21
9615,2023-12-21 03:45:00,True,03:45:00,2023-12-21
9616,2023-12-21 04:00:00,True,04:00:00,2023-12-21
9617,2023-12-21 04:15:00,True,04:15:00,2023-12-21
9618,2023-12-21 04:30:00,True,04:30:00,2023-12-21
9619,2023-12-21 04:45:00,True,04:45:00,2023-12-21
9620,2023-12-21 05:00:00,True,05:00:00,2023-12-21
9621,2023-12-21 05:15:00,True,05:15:00,2023-12-21
9622,2023-12-21 05:30:00,True,05:30:00,2023-12-21
9623,2023-12-21 05:45:00,True,05:45:00,2023-12-21
9624,2023-12-21 06:00:00,True,06:00:00,2023-12-21
9625,2023-12-21 06:15:00,True,06:15:00,2023-12-21
9626,2023-12-21 06:30:00,True,06:30:00,2023-12-21
9627,2023-12-21 06:45:00,True,06:45:00,2023-12-21
9628,2023-12-21 07:00:00,True,07:00:00,2023-12-21
9629,2023-12-21 07:15:00,True,07:15:00,2023-12-21
9630,2023-12-21 07:30:00,True,07:30:00,2023-12-21
9631,2023-12-21 07:45:00,True,07:45:00,2023-12-21
9632,2023-12-21 08:00:00,True,08:00:00,2023-12-21
9633,2023-12-21 08:15:00,True,08:15:00,2023-12-21
9634,2023-12-21 08:30:00,True,08:30:00,2023-12-21
9635,2023-12-21 08:45:00,True,08:45:00,2023-12-21
9636,2023-12-21 09:00:00,True,09:00:00,2023-12-21
9637,2023-12-21 09:15:00,True,09:15:00,2023-12-21
9638,2023-12-21 09:30:00,True,09:30:00,2023-12-21
9639,2023-12-21 09:45:00,True,09:45:00,2023-12-21
9640,2023-12-21 10:00:00,True,10:00:00,2023-12-21
9641,2023-12-21 10:15:00,True,10:15:00,2023-12-21
9642,2023-12-21 10:30:00,True,10:30:00,2023-12-21
9643,2023-12-21 10:45:00,True,10:45:00,2023-12-21
9644,2023-12-21 11:00:00,True,11:00:00,2023-12-21
9645,2023-12-21 11:15:00,True,11:15:00,2023-12-21
9646,2023-12-21 11:30:00,True,11:30:00,2023-12-21
9647,2023-12-21 11:45:00,True,11:45:00,2023-12-21
9648,2023-12-21 12:00:00,True,12:00:00,2023-12-21
9649,2023-12-21 12:15:00,True,12:15:00,2023-12-21
9650,2023-12-21 12:30:00,True,12:30:00,2023-12-21
9651,2023-12-21 12:45:00,True,12:45:00,2023-12-21
9652,2023-12-21 13:00:00,True,13:00:00,2023-12-21
9653,2023-12-21 13:15:00,True,13:15:00,2023-12-21
9654,2023-12-21 13:30:00,True,13:30:00,2023-12-21
9655,2023-12-21 13:45:00,True,13:45:00,2023-12-21
9656,2023-12-21 14:00:00,True,14:00:00,2023-12-21
9657,2023-12-21 14:15:00,True,14:15:00,2023-12-21
9658,2023-12-21 14:30:00,True,14:30:00,2023-12-21
9659,2023-12-21 14:45:00,True,14:45:00,2023-12-21
9660,2023-12-21 15:00:00,True,15:00:00,2023-12-21
9661,2023-12-21 15:15:00,True,15:15:00,2023-12-21
9662,2023-12-21 15:30:00,True,15:30:00,2023-12-21
9663,2023-12-21 15:45:00,True,15:45:00,2023-12-21
9664,2023-12-21 16:00:00,True,16:00:00,2023-12-21
9665,2023-12-21 16:15:00,True,16:15:00,2023-12-21
9666,2023-12-21 16:30:00,True,16:30:00,2023-12-21
9667,2023-12-21 16:45:00,True,16:45:00,2023-12-21
9668,2023-12-21 17:00:00,True,17:00:00,2023-12-21
9669,2023-12-21 17:15:00,True,17:15:00,2023-12-21
9670,2023-12-21 17:30:00,True,17:30:00,2023-12-21
9671,2023-12-21 17:45:00,True,17:45:00,2023-12-21
9672,2023-12-21 18:00:00,True,18:00:00,2023-12-21
9673,2023-12-21 18:15:00,True,18:15:00,2023-12-21
9674,2023-12-21 18:30:00,True,18:30:00,2023-12-21
9675,2023-12-21 18:45:00,True,18:45:00,2023-12-21
9676,2023-12-21 19:00:00,True,19:00:00,2023-12-21
9677,2023-12-21 19:15:00,True,19:15:00,2023-12-21
9678,2023-12-21 19:30:00,True,19:30:00,2023-12-21
9679,2023-12-21 19:45:00,True,19:45:00,2023-12-21
9680,2023-12-21 20:00:00,True,20:00:00,2023-12-21
9681,2023-12-21 20:15:00,True,20:15:00,2023-12-21
9682,2023-12-21 20:30:00,True,20:30:00,2023-12-21
9683,2023-12-21 20:45:00,True,20:45:00,2023-12-21
9684,2023-12-21 21:00:00,True,21:00:00,2023-12-21
9685,2023-12-21 21:15:00,True,21:15:00,2023-12-21
9686,2023-12-21 21:30:00,True,21:30:00,2023-12-21
9687,2023-12-21 21:45:00,True,21:45:00,2023-12-21
9688,2023-12-21 22:00:00,True,22:00:00,2023-12-21
9689,2023-12-21 22:15:00,True,22:15:00,2023-12-21
9690,2023-12-21 22:30:00,True,22:30:00,2023-12-21
9691,2023-12-21 22:45:00,True,22:45:00,2023-12-21
9692,2023-12-21 23:00:00,True,23:00:00,2023-12-21
9693,2023-12-21 23:15:00,True,23:15:00,2023-12-21
9694,2023-12-21 23:30:00,True,23:30:00,2023-12-21
9695,2023-12-21 23:45:00,True,23:45:00,2023-12-21
9696,2023-12-22 00:00:00,True,00:00:00,2023-12-22
9697,2023-12-22 00:15:00,True,00:15:00,2023-12-22
9698,2023-12-22 00:30:00,True,00:30:00,2023-12-22
9699,2023-12-22 00:45:00,True,00:45:00,2023-12-22
9700,2023-12-22 01:00:00,True,01:00:00,2023-12-22
9701,2023-12-22 01:15:00,True,01:15:00,2023-12-22
9702,2023-12-22 01:30:00,True,01:30:00,2023-12-22
9703,2023-12-22 01:45:00,True,01:45:00,2023-12-22
9704,2023-12-22 02:00:00,True,02:00:00,2023-12-22
9705,2023-12-22 02:15:00,True,02:15:00,2023-12-22
9706,2023-12-22 02:30:00,True,02:30:00,2023-12-22
9707,2023-12-22 02:45:00,True,02:45:00,2023-12-22
9708,2023-12-22 03:00:00,True,03:00:00,2023-12-22
9709,2023-12-22 03:15:00,True,03:15:00,2023-12-22
9710,2023-12-22 03:30:00,True,03:30:00,2023-12-22
9711,2023-12-22 03:45:00,True,03:45:00,2023-12-22
9712,2023-12-22 04:00:00,True,04:00:00,2023-12-22
9713,2023-12-22 04:15:00,True,04:15:00,2023-12-22
9714,2023-12-22 04:30:00,True,04:30:00,2023-12-22
9715,2023-12-22 04:45:00,True,04:45:00,2023-12-22
9716,2023-12-22 05:00:00,True,05:00:00,2023-12-22
9717,2023-12-22 05:15:00,True,05:15:00,2023-12-22
9718,2023-12-22 05:30:00,True,05:30:00,2023-12-22
9719,2023-12-22 05:45:00,True,05:45:00,2023-12-22
9720,2023-12-22 06:00:00,True,06:00:00,2023-12-22
9721,2023-12-22 06:15:00,True,06:15:00,2023-12-22
9722,2023-12-22 06:30:00,True,06:30:00,2023-12-22
9723,2023-12-22 06:45:00,True,06:45:00,2023-12-22
9724,2023-12-22 07:00:00,True,07:00:00,2023-12-22
9725,2023-12-22 07:15:00,True,07:15:00,2023-12-22
9726,2023-12-22 07:30:00,True,07:30:00,2023-12-22
9727,2023-12-22 07:45:00,True,07:45:00,2023-12-22
9728,2023-12-22 08:00:00,True,08:00:00,2023-12-22
9729,2023-12-22 08:15:00,True,08:15:00,2023-12-22
9730,2023-12-22 08:30:00,True,08:30:00,2023-12-22
9731,2023-12-22 08:45:00,True,08:45:00,2023-12-22
9732,2023-12-22 09:00:00,True,09:00:00,2023-12-22
9733,2023-12-22 09:15:00,True,09:15:00,2023-12-22
9734,2023-12-22 09:30:00,True,09:30:00,2023-12-22
9735,2023-12-22 09:45:00,True,09:45:00,2023-12-22
9736,2023-12-22 10:00:00,True,10:00:00,2023-12-22
9737,2023-12-22 10:15:00,True,10:15:00,2023-12-22
9738,2023-12-22 10:30:00,True,10:30:00,2023-12-22
9739,2023-12-22 10:45:00,True,10:45:00,2023-12-22
9740,2023-12-22 11:00:00,True,11:00:00,2023-12-22
9741,2023-12-22 11:15:00,True,11:15:00,2023-12-22
9742,2023-12-22 11:30:00,True,11:30:00,2023-12-22
9743,2023-12-22 11:45:00,True,11:45:00,2023-12-22
9744,2023-12-22 12:00:00,True,12:00:00,2023-12-22
9745,2023-12-22 12:15:00,True,12:15:00,2023-12-22
9746,2023-12-22 12:30:00,True,12:30:00,2023-12-22
9747,2023-12-22 12:45:00,True,12:45:00,2023-12-22
9748,2023-12-22 13:00:00,True,13:00:00,2023-12-22
9749,2023-12-22 13:15:00,True,13:15:00,2023-12-22
9750,2023-12-22 13:30:00,True,13:30:00,2023-12-22
9751,2023-12-22 13:45:00,True,13:45:00,2023-12-22
9752,2023-12-22 14:00:00,True,14:00:00,2023-12-22
9753,2023-12-22 14:15:00,True,14:15:00,2023-12-22
9754,2023-12-22 14:30:00,True,14:30:00,2023-12-22
9755,2023-12-22 14:45:00,True,14:45:00,2023-12-22
9756,2023-12-22 15:00:00,True,15:00:00,2023-12-22
9757,2023-12-22 15:15:00,True,15:15:00,2023-12-22
9758,2023-12-22 15:30:00,True,15:30:00,2023-12-22
9759,2023-12-22 15:45:00,True,15:45:00,2023-12-22
9760,2023-12-22 16:00:00,True,16:00:00,2023-12-22
9761,2023-12-22 16:15:00,True,16:15:00,2023-12-22
9762,2023-12-22 16:30:00,True,16:30:00,2023-12-22
9763,2023-12-22 16:45:00,True,16:45:00,2023-12-22
9764,2023-12-22 17:00:00,True,17:00:00,2023-12-22
9765,2023-12-22 17:15:00,True,17:15:00,2023-12-22
9766,2023-12-22 17:30:00,True,17:30:00,2023-12-22
9767,2023-12-22 17:45:00,True,17:45:00,2023-12-22
9768,2023-12-22 18:00:00,True,18:00:00,2023-12-22
9769,2023-12-22 18:15:00,True,18:15:00,2023-12-22
9770,2023-12-22 18:30:00,True,18:30:00,2023-12-22
9771,2023-12-22 18:45:00,True,18:45:00,2023-12-22
9772,2023-12-22 19:00:00,True,19:00:00,2023-12-22
9773,2023-12-22 19:15:00,True,19:15:00,2023-12-22
9774,2023-12-22 19:30:00,True,19:30:00,2023-12-22
9775,2023-12-22 19:45:00,True,19:45:00,2023-12-22
9776,2023-12-22 20:00:00,True,20:00:00,2023-12-22
9777,2023-12-22 20:15:00,True,20:15:00,2023-12-22
9778,2023-12-22 20:30:00,True,20:30:00,2023-12-22
9779,2023-12-22 20:45:00,True,20:45:00,2023-12-22
9780,2023-12-22 21:00:00,True,21:00:00,2023-12-22
9781,2023-12-22 21:15:00,True,21:15:00,2023-12-22
9782,2023-12-22 21:30:00,True,21:30:00,2023-12-22
9783,2023-12-22 21:45:00,True,21:45:00,2023-12-22
9784,2023-12-22 22:00:00,True,22:00:00,2023-12-22
9785,2023-12-22 22:15:00,True,22:15:00,2023-12-22
9786,2023-12-22 22:30:00,True,22:30:00,2023-12-22
9787,2023-12-22 22:45:00,True,22:45:00,2023-12-22
9788,2023-12-22 23:00:00,True,23:00:00,2023-12-22
9789,2023-12-22 23:15:00,True,23:15:00,2023-12-22
9790,2023-12-22 23:30:00,True,23:30:00,2023-12-22
9791,2023-12-22 23:45:00,True,23:45:00,2023-12-22
9792,2023-12-23 00:00:00,True,00:00:00,2023-12-23
9793,2023-12-23 00:15:00,True,00:15:00,2023-12-23
9794,2023-12-23 00:30:00,True,00:30:00,2023-12-23
9795,2023-12-23 00:45:00,True,00:45:00,2023-12-23
9796,2023-12-23 01:00:00,True,01:00:00,2023-12-23
9797,2023-12-23 01:15:00,True,01:15:00,2023-12-23
9798,2023-12-23 01:30:00,True,01:30:00,2023-12-23
9799,2023-12-23 01:45:00,True,01:45:00,2023-12-23
9800,2023-12-23 02:00:00,True,02:00:00,2023-12-23
9801,2023-12-23 02:15:00,True,02:15:00,2023-12-23
9802,2023-12-23 02:30:00,True,02:30:00,2023-12-23
9803,2023-12-23 02:45:00,True,02:45:00,2023-12-23
9804,2023-12-23 03:00:00,True,03:00:00,2023-12-23
9805,2023-12-23 03:15:00,True,03:15:00,2023-12-23
9806,2023-12-23 03:30:00,True,03:30:00,2023-12-23
9807,2023-12-23 03:45:00,True,03:45:00,2023-12-23
9808,2023-12-23 04:00:00,True,04:00:00,2023-12-23
9809,2023-12-23 04:15:00,True,04:15:00,2023-12-23
9810,2023-12-23 04:30:00,True,04:30:00,2023-12-23
9811,2023-12-23 04:45:00,True,04:45:00,2023-12-23
9812,2023-12-23 05:00:00,True,05:00:00,2023-12-23
9813,2023-12-23 05:15:00,True,05:15:00,2023-12-23
9814,2023-12-23 05:30:00,True,05:30:00,2023-12-23
9815,2023-12-23 05:45:00,True,05:45:00,2023-12-23
9816,2023-12-23 06:00:00,True,06:00:00,2023-12-23
9817,2023-12-23 06:15:00,True,06:15:00,2023-12-23
9818,2023-12-23 06:30:00,True,06:30:00,2023-12-23
9819,2023-12-23 06:45:00,True,06:45:00,2023-12-23
9820,2023-12-23 07:00:00,True,07:00:00,2023-12-23
9821,2023-12-23 07:15:00,True,07:15:00,2023-12-23
9822,2023-12-23 07:30:00,True,07:30:00,2023-12-23
9823,2023-12-23 07:45:00,True,07:45:00,2023-12-23
9824,2023-12-23 08:00:00,True,08:00:00,2023-12-23
9825,2023-12-23 08:15:00,True,08:15:00,2023-12-23
9826,2023-12-23 08:30:00,True,08:30:00,2023-12-23
9827,2023-12-23 08:45:00,True,08:45:00,2023-12-23
9828,2023-12-23 09:00:00,True,09:00:00,2023-12-23
9829,2023-12-23 09:15:00,True,09:15:00,2023-12-23
9830,2023-12-23 09:30:00,True,09:30:00,2023-12-23
9831,2023-12-23 09:45:00,True,09:45:00,2023-12-23
9832,2023-12-23 10:00:00,True,10:00:00,2023-12-23
9833,2023-12-23 10:15:00,True,10:15:00,2023-12-23
9834,2023-12-23 10:30:00,True,10:30:00,2023-12-23
9835,2023-12-23 10:45:00,True,10:45:00,2023-12-23
9836,2023-12-23 11:00:00,True,11:00:00,2023-12-23
9837,2023-12-23 11:15:00,True,11:15:00,2023-12-23
9838,2023-12-23 11:30:00,True,11:30:00,2023-12-23
9839,2023-12-23 11:45:00,True,11:45:00,2023-12-23
9840,2023-12-23 12:00:00,True,12:00:00,2023-12-23
9841,2023-12-23 12:15:00,True,12:15:00,2023-12-23
9842,2023-12-23 12:30:00,True,12:30:00,2023-12-23
9843,2023-12-23 12:45:00,True,12:45:00,2023-12-23
9844,2023-12-23 13:00:00,True,13:00:00,2023-12-23
9845,2023-12-23 13:15:00,True,13:15:00,2023-12-23
9846,2023-12-23 13:30:00,True,13:30:00,2023-12-23
9847,2023-12-23 13:45:00,True,13:45:00,2023-12-23
9848,2023-12-23 14:00:00,True,14:00:00,2023-12-23
9849,2023-12-23 14:15:00,True,14:15:00,2023-12-23
9850,2023-12-23 14:30:00,True,14:30:00,2023-12-23
9851,2023-12-23 14:45:00,True,14:45:00,2023-12-23
9852,2023-12-23 15:00:00,True,15:00:00,2023-12-23
9853,2023-12-23 15:15:00,True,15:15:00,2023-12-23
9854,2023-12-23 15:30:00,True,15:30:00,2023-12-23
9855,2023-12-23 15:45:00,True,15:45:00,2023-12-23
9856,2023-12-23 16:00:00,True,16:00:00,2023-12-23
9857,2023-12-23 16:15:00,True,16:15:00,2023-12-23
9858,2023-12-23 16:30:00,True,16:30:00,2023-12-23
9859,2023-12-23 16:45:00,True,16:45:00,2023-12-23
9860,2023-12-23 17:00:00,True,17:00:00,2023-12-23
9861,2023-12-23 17:15:00,True,17:15:00,2023-12-23
9862,2023-12-23 17:30:00,True,17:30:00,2023-12-23
9863,2023-12-23 17:45:00,True,17:45:00,2023-12-23
9864,2023-12-23 18:00:00,True,18:00:00,2023-12-23
9865,2023-12-23 18:15:00,True,18:15:00,2023-12-23
9866,2023-12-23 18:30:00,True,18:30:00,2023-12-23
9867,2023-12-23 18:45:00,True,18:45:00,2023-12-23
9868,2023-12-23 19:00:00,True,19:00:00,2023-12-23
9869,2023-12-23 19:15:00,True,19:15:00,2023-12-23
9870,2023-12-23 19:30:00,True,19:30:00,2023-12-23
9871,2023-12-23 19:45:00,True,19:45:00,2023-12-23
9872,2023-12-23 20:00:00,True,20:00:00,2023-12-23
9873,2023-12-23 20:15:00,True,20:15:00,2023-12-23
9874,2023-12-23 20:30:00,True,20:30:00,2023-12-23
9875,2023-12-23 20:45:00,True,20:45:00,2023-12-23
9876,2023-12-23 21:00:00,True,21:00:00,2023-12-23
9877,2023-12-23 21:15:00,True,21:15:00,2023-12-23
9878,2023-12-23 21:30:00,True,21:30:00,2023-12-23
9879,2023-12-23 21:45:00,True,21:45:00,2023-12-23
9880,2023-12-23 22:00:00,True,22:00:00,2023-12-23
9881,2023-12-23 22:15:00,True,22:15:00,2023-12-23
9882,2023-12-23 22:30:00,True,22:30:00,2023-12-23
9883,2023-12-23 22:45:00,True,22:45:00,2023-12-23
9884,2023-12-23 23:00:00,True,23:00:00,2023-12-23
9885,2023-12-23 23:15:00,True,23:15:00,2023-12-23
9886,2023-12-23 23:30:00,True,23:30:00,2023-12-23
9887,2023-12-23 23:45:00,True,23:45:00,2023-12-23
9888,2023-12-24 00:00:00,True,00:00:00,2023-12-24
9889,2023-12-24 00:15:00,True,00:15:00,2023-12-24
9890,2023-12-24 00:30:00,True,00:30:00,2023-12-24
9891,2023-12-24 00:45:00,True,00:45:00,2023-12-24
9892,2023-12-24 01:00:00,True,01:00:00,2023-12-24
9893,2023-12-24 01:15:00,True,01:15:00,2023-12-24
9894,2023-12-24 01:30:00,True,01:30:00,2023-12-24
9895,2023-12-24 01:45:00,True,01:45:00,2023-12-24
9896,2023-12-24 02:00:00,True,02:00:00,2023-12-24
9897,2023-12-24 02:15:00,True,02:15:00,2023-12-24
9898,2023-12-24 02:30:00,True,02:30:00,2023-12-24
9899,2023-12-24 02:45:00,True,02:45:00,2023-12-24
9900,2023-12-24 03:00:00,True,03:00:00,2023-12-24
9901,2023-12-24 03:15:00,True,03:15:00,2023-12-24
9902,2023-12-24 03:30:00,True,03:30:00,2023-12-24
9903,2023-12-24 03:45:00,True,03:45:00,2023-12-24
9904,2023-12-24 04:00:00,True,04:00:00,2023-12-24
9905,2023-12-24 04:15:00,True,04:15:00,2023-12-24
9906,2023-12-24 04:30:00,True,04:30:00,2023-12-24
9907,2023-12-24 04:45:00,True,04:45:00,2023-12-24
9908,2023-12-24 05:00:00,True,05:00:00,2023-12-24
9909,2023-12-24 05:15:00,True,05:15:00,2023-12-24
9910,2023-12-24 05:30:00,True,05:30:00,2023-12-24
9911,2023-12-24 05:45:00,True,05:45:00,2023-12-24
9912,2023-12-24 06:00:00,True,06:00:00,2023-12-24
9913,2023-12-24 06:15:00,True,06:15:00,2023-12-24
9914,2023-12-24 06:30:00,True,06:30:00,2023-12-24
9915,2023-12-24 06:45:00,True,06:45:00,2023-12-24
9916,2023-12-24 07:00:00,True,07:00:00,2023-12-24
9917,2023-12-24 07:15:00,True,07:15:00,2023-12-24
9918,2023-12-24 07:30:00,True,07:30:00,2023-12-24
9919,2023-12-24 07:45:00,True,07:45:00,2023-12-24
9920,2023-12-24 08:00:00,True,08:00:00,2023-12-24
9921,2023-12-24 08:15:00,True,08:15:00,2023-12-24
9922,2023-12-24 08:30:00,True,08:30:00,2023-12-24
9923,2023-12-24 08:45:00,True,08:45:00,2023-12-24
9924,2023-12-24 09:00:00,True,09:00:00,2023-12-24
9925,2023-12-24 09:15:00,True,09:15:00,2023-12-24
9926,2023-12-24 09:30:00,True,09:30:00,2023-12-24
9927,2023-12-24 09:45:00,True,09:45:00,2023-12-24
9928,2023-12-24 10:00:00,True,10:00:00,2023-12-24
9929,2023-12-24 10:15:00,True,10:15:00,2023-12-24
9930,2023-12-24 10:30:00,True,10:30:00,2023-12-24
9931,2023-12-24 10:45:00,True,10:45:00,2023-12-24
9932,2023-12-24 11:00:00,True,11:00:00,2023-12-24
9933,2023-12-24 11:15:00,True,11:15:00,2023-12-24
9934,2023-12-24 11:30:00,True,11:30:00,2023-12-24
9935,2023-12-24 11:45:00,True,11:45:00,2023-12-24
9936,2023-12-24 12:00:00,True,12:00:00,2023-12-24
9937,2023-12-24 12:15:00,True,12:15:00,2023-12-24
9938,2023-12-24 12:30:00,True,12:30:00,2023-12-24
9939,2023-12-24 12:45:00,True,12:45:00,2023-12-24
9940,2023-12-24 13:00:00,True,13:00:00,2023-12-24
9941,2023-12-24 13:15:00,True,13:15:00,2023-12-24
9942,2023-12-24 13:30:00,True,13:30:00,2023-12-24
9943,2023-12-24 13:45:00,True,13:45:00,2023-12-24
9944,2023-12-24 14:00:00,True,14:00:00,2023-12-24
9945,2023-12-24 14:15:00,True,14:15:00,2023-12-24
9946,2023-12-24 14:30:00,True,14:30:00,2023-12-24
9947,2023-12-24 14:45:00,True,14:45:00,2023-12-24
9948,2023-12-24 15:00:00,True,15:00:00,2023-12-24
9949,2023-12-24 15:15:00,True,15:15:00,2023-12-24
9950,2023-12-24 15:30:00,True,15:30:00,2023-12-24
9951,2023-12-24 15:45:00,True,15:45:00,2023-12-24
9952,2023-12-24 16:00:00,True,16:00:00,2023-12-24
9953,2023-12-24 16:15:00,True,16:15:00,2023-12-24
9954,2023-12-24 16:30:00,True,16:30:00,2023-12-24
9955,2023-12-24 16:45:00,True,16:45:00,2023-12-24
9956,2023-12-24 17:00:00,True,17:00:00,2023-12-24
9957,2023-12-24 17:15:00,True,17:15:00,2023-12-24
9958,2023-12-24 17:30:00,True,17:30:00,2023-12-24
9959,2023-12-24 17:45:00,True,17:45:00,2023-12-24
9960,2023-12-24 18:00:00,True,18:00:00,2023-12-24
9961,2023-12-24 18:15:00,True,18:15:00,2023-12-24
9962,2023-12-24 18:30:00,True,18:30:00,2023-12-24
9963,2023-12-24 18:45:00,True,18:45:00,2023-12-24
9964,2023-12-24 19:00:00,True,19:00:00,2023-12-24
9965,2023-12-24 19:15:00,True,19:15:00,2023-12-24
9966,2023-12-24 19:30:00,True,19:30:00,2023-12-24
9967,2023-12-24 19:45:00,True,19:45:00,2023-12-24
9968,2023-12-24 20:00:00,True,20:00:00,2023-12-24
9969,2023-12-24 20:15:00,True,20:15:00,2023-12-24
9970,2023-12-24 20:30:00,True,20:30:00,2023-12-24
9971,2023-12-24 20:45:00,True,20:45:00,2023-12-24
9972,2023-12-24 21:00:00,True,21:00:00,2023-12-24
9973,2023-12-24 21:15:00,True,21:15:00,2023-12-24
9974,2023-12-24 21:30:00,True,21:30:00,2023-12-24
9975,2023-12-24 21:45:00,True,21:45:00,2023-12-24
9976,2023-12-24 22:00:00,True,22:00:00,2023-12-24
9977,2023-12-24 22:15:00,True,22:15:00,2023-12-24
9978,2023-12-24 22:30:00,True,22:30:00,2023-12-24
9979,2023-12-24 22:45:00,True,22:45:00,2023-12-24
9980,2023-12-24 23:00:00,True,23:00:00,2023-12-24
9981,2023-12-24 23:15:00,True,23:15:00,2023-12-24
9982,2023-12-24 23:30:00,True,23:30:00,2023-12-24
9983,2023-12-24 23:45:00,True,23:45:00,2023-12-24
9984,2023-12-25 00:00:00,True,00:00:00,2023-12-25
9985,2023-12-25 00:15:00,True,00:15:00,2023-12-25
9986,2023-12-25 00:30:00,True,00:30:00,2023-12-25
9987,2023-12-25 00:45:00,True,00:45:00,2023-12-25
9988,2023-12-25 01:00:00,True,01:00:00,2023-12-25
9989,2023-12-25 01:15:00,True,01:15:00,2023-12-25
9990,2023-12-25 01:30:00,True,01:30:00,2023-12-25
9991,2023-12-25 01:45:00,True,01:45:00,2023-12-25
9992,2023-12-25 02:00:00,True,02:00:00,2023-12-25
9993,2023-12-25 02:15:00,True,02:15:00,2023-12-25
9994,2023-12-25 02:30:00,True,02:30:00,2023-12-25
9995,2023-12-25 02:45:00,True,02:45:00,2023-12-25
9996,2023-12-25 03:00:00,True,03:00:00,2023-12-25
9997,2023-12-25 03:15:00,True,03:15:00,2023-12-25
9998,2023-12-25 03:30:00,True,03:30:00,2023-12-25
9999,2023-12-25 03:45:00,True,03:45:00,2023-12-25
10000,2023-12-25 04:00:00,True,04:00:00,2023-12-25
10001,2023-12-25 04:15:00,True,04:15:00,2023-12-25
10002,2023-12-25 04:30:00,True,04:30:00,2023-12-25
10003,2023-12-25 04:45:00,True,04:45:00,2023-12-25
10004,2023-12-25 05:00:00,True,05:00:00,2023-12-25
10005,2023-12-25 05:15:00,True,05:15:00,2023-12-25
10006,2023-12-25 05:30:00,True,05:30:00,2023-12-25
10007,2023-12-25 05:45:00,True,05:45:00,2023-12-25
10008,2023-12-25 06:00:00,True,06:00:00,2023-12-25
10009,2023-12-25 06:15:00,True,06:15:00,2023-12-25
10010,2023-12-25 06:30:00,True,06:30:00,2023-12-25
10011,2023-12-25 06:45:00,True,06:45:00,2023-12-25
10012,2023-12-25 07:00:00,True,07:00:00,2023-12-25
10013,2023-12-25 07:15:00,True,07:15:00,2023-12-25
10014,2023-12-25 07:30:00,True,07:30:00,2023-12-25
10015,2023-12-25 07:45:00,True,07:45:00,2023-12-25
10016,2023-12-25 08:00:00,True,08:00:00,2023-12-25
10017,2023-12-25 08:15:00,True,08:15:00,2023-12-25
10018,2023-12-25 08:30:00,True,08:30:00,2023-12-25
10019,2023-12-25 08:45:00,True,08:45:00,2023-12-25
10020,2023-12-25 09:00:00,True,09:00:00,2023-12-25
10021,2023-12-25 09:15:00,True,09:15:00,2023-12-25
10022,2023-12-25 09:30:00,True,09:30:00,2023-12-25
10023,2023-12-25 09:45:00,True,09:45:00,2023-12-25
10024,2023-12-25 10:00:00,True,10:00:00,2023-12-25
10025,2023-12-25 10:15:00,True,10:15:00,2023-12-25
10026,2023-12-25 10:30:00,True,10:30:00,2023-12-25
10027,2023-12-25 10:45:00,True,10:45:00,2023-12-25
10028,2023-12-25 11:00:00,True,11:00:00,2023-12-25
10029,2023-12-25 11:15:00,True,11:15:00,2023-12-25
10030,2023-12-25 11:30:00,True,11:30:00,2023-12-25
10031,2023-12-25 11:45:00,True,11:45:00,2023-12-25
10032,2023-12-25 12:00:00,True,12:00:00,2023-12-25
10033,2023-12-25 12:15:00,True,12:15:00,2023-12-25
10034,2023-12-25 12:30:00,True,12:30:00,2023-12-25
10035,2023-12-25 12:45:00,True,12:45:00,2023-12-25
10036,2023-12-25 13:00:00,True,13:00:00,2023-12-25
10037,2023-12-25 13:15:00,True,13:15:00,2023-12-25
10038,2023-12-25 13:30:00,True,13:30:00,2023-12-25
10039,2023-12-25 13:45:00,True,13:45:00,2023-12-25
10040,2023-12-25 14:00:00,True,14:00:00,2023-12-25
10041,2023-12-25 14:15:00,True,14:15:00,2023-12-25
10042,2023-12-25 14:30:00,True,14:30:00,2023-12-25
10043,2023-12-25 14:45:00,True,14:45:00,2023-12-25
10044,2023-12-25 15:00:00,True,15:00:00,2023-12-25
10045,2023-12-25 15:15:00,True,15:15:00,2023-12-25
10046,2023-12-25 15:30:00,True,15:30:00,2023-12-25
10047,2023-12-25 15:45:00,True,15:45:00,2023-12-25
10048,2023-12-25 16:00:00,True,16:00:00,2023-12-25
10049,2023-12-25 16:15:00,True,16:15:00,2023-12-25
10050,2023-12-25 16:30:00,True,16:30:00,2023-12-25
10051,2023-12-25 16:45:00,True,16:45:00,2023-12-25
10052,2023-12-25 17:00:00,True,17:00:00,2023-12-25
10053,2023-12-25 17:15:00,True,17:15:00,2023-12-25
10054,2023-12-25 17:30:00,True,17:30:00,2023-12-25
10055,2023-12-25 17:45:00,True,17:45:00,2023-12-25
10056,2023-12-25 18:00:00,True,18:00:00,2023-12-25
10057,2023-12-25 18:15:00,True,18:15:00,2023-12-25
10058,2023-12-25 18:30:00,True,18:30:00,2023-12-25
10059,2023-12-25 18:45:00,True,18:45:00,2023-12-25
10060,2023-12-25 19:00:00,True,19:00:00,2023-12-25
10061,2023-12-25 19:15:00,True,19:15:00,2023-12-25
10062,2023-12-25 19:30:00,True,19:30:00,2023-12-25
10063,2023-12-25 19:45:00,True,19:45:00,2023-12-25
10064,2023-12-25 20:00:00,True,20:00:00,2023-12-25
10065,2023-12-25 20:15:00,True,20:15:00,2023-12-25
10066,2023-12-25 20:30:00,True,20:30:00,2023-12-25
10067,2023-12-25 20:45:00,True,20:45:00,2023-12-25
10068,2023-12-25 21:00:00,True,21:00:00,2023-12-25
10069,2023-12-25 21:15:00,True,21:15:00,2023-12-25
10070,2023-12-25 21:30:00,True,21:30:00,2023-12-25
10071,2023-12-25 21:45:00,True,21:45:00,2023-12-25
10072,2023-12-25 22:00:00,True,22:00:00,2023-12-25
10073,2023-12-25 22:15:00,True,22:15:00,2023-12-25
10074,2023-12-25 22:30:00,True,22:30:00,2023-12-25
10075,2023-12-25 22:45:00,True,22:45:00,2023-12-25
10076,2023-12-25 23:00:00,True,23:00:00,2023-12-25
10077,2023-12-25 23:15:00,True,23:15:00,2023-12-25
10078,2023-12-25 23:30:00,True,23:30:00,2023-12-25
10079,2023-12-25 23:45:00,True,23:45:00,2023-12-25
10080,2023-12-26 00:00:00,True,00:00:00,2023-12-26
10081,2023-12-26 00:15:00,True,00:15:00,2023-12-26
10082,2023-12-26 00:30:00,True,00:30:00,2023-12-26
10083,2023-12-26 00:45:00,True,00:45:00,2023-12-26
10084,2023-12-26 01:00:00,True,01:00:00,2023-12-26
10085,2023-12-26 01:15:00,True,01:15:00,2023-12-26
10086,2023-12-26 01:30:00,True,01:30:00,2023-12-26
10087,2023-12-26 01:45:00,True,01:45:00,2023-12-26
10088,2023-12-26 02:00:00,True,02:00:00,2023-12-26
10089,2023-12-26 02:15:00,True,02:15:00,2023-12-26
10090,2023-12-26 02:30:00,True,02:30:00,2023-12-26
10091,2023-12-26 02:45:00,True,02:45:00,2023-12-26
10092,2023-12-26 03:00:00,True,03:00:00,2023-12-26
10093,2023-12-26 03:15:00,True,03:15:00,2023-12-26
10094,2023-12-26 03:30:00,True,03:30:00,2023-12-26
10095,2023-12-26 03:45:00,True,03:45:00,2023-12-26
10096,2023-12-26 04:00:00,True,04:00:00,2023-12-26
10097,2023-12-26 04:15:00,True,04:15:00,2023-12-26
10098,2023-12-26 04:30:00,True,04:30:00,2023-12-26
10099,2023-12-26 04:45:00,True,04:45:00,2023-12-26
10100,2023-12-26 05:00:00,True,05:00:00,2023-12-26
10101,2023-12-26 05:15:00,True,05:15:00,2023-12-26
10102,2023-12-26 05:30:00,True,05:30:00,2023-12-26
10103,2023-12-26 05:45:00,True,05:45:00,2023-12-26
10104,2023-12-26 06:00:00,True,06:00:00,2023-12-26
10105,2023-12-26 06:15:00,True,06:15:00,2023-12-26
10106,2023-12-26 06:30:00,True,06:30:00,2023-12-26
10107,2023-12-26 06:45:00,True,06:45:00,2023-12-26
10108,2023-12-26 07:00:00,True,07:00:00,2023-12-26
10109,2023-12-26 07:15:00,True,07:15:00,2023-12-26
10110,2023-12-26 07:30:00,True,07:30:00,2023-12-26
10111,2023-12-26 07:45:00,True,07:45:00,2023-12-26
10112,2023-12-26 08:00:00,True,08:00:00,2023-12-26
10113,2023-12-26 08:15:00,True,08:15:00,2023-12-26
10114,2023-12-26 08:30:00,True,08:30:00,2023-12-26
10115,2023-12-26 08:45:00,True,08:45:00,2023-12-26
10116,2023-12-26 09:00:00,True,09:00:00,2023-12-26
10117,2023-12-26 09:15:00,True,09:15:00,2023-12-26
10118,2023-12-26 09:30:00,True,09:30:00,2023-12-26
10119,2023-12-26 09:45:00,True,09:45:00,2023-12-26
10120,2023-12-26 10:00:00,True,10:00:00,2023-12-26
10121,2023-12-26 10:15:00,True,10:15:00,2023-12-26
10122,2023-12-26 10:30:00,True,10:30:00,2023-12-26
10123,2023-12-26 10:45:00,True,10:45:00,2023-12-26
10124,2023-12-26 11:00:00,True,11:00:00,2023-12-26
10125,2023-12-26 11:15:00,True,11:15:00,2023-12-26
10126,2023-12-26 11:30:00,True,11:30:00,2023-12-26
10127,2023-12-26 11:45:00,True,11:45:00,2023-12-26
10128,2023-12-26 12:00:00,True,12:00:00,2023-12-26
10129,2023-12-26 12:15:00,True,12:15:00,2023-12-26
10130,2023-12-26 12:30:00,True,12:30:00,2023-12-26
10131,2023-12-26 12:45:00,True,12:45:00,2023-12-26
10132,2023-12-26 13:00:00,True,13:00:00,2023-12-26
10133,2023-12-26 13:15:00,True,13:15:00,2023-12-26
10134,2023-12-26 13:30:00,True,13:30:00,2023-12-26
10135,2023-12-26 13:45:00,True,13:45:00,2023-12-26
10136,2023-12-26 14:00:00,True,14:00:00,2023-12-26
10137,2023-12-26 14:15:00,True,14:15:00,2023-12-26
10138,2023-12-26 14:30:00,True,14:30:00,2023-12-26
10139,2023-12-26 14:45:00,True,14:45:00,2023-12-26
10140,2023-12-26 15:00:00,True,15:00:00,2023-12-26
10141,2023-12-26 15:15:00,True,15:15:00,2023-12-26
10142,2023-12-26 15:30:00,True,15:30:00,2023-12-26
10143,2023-12-26 15:45:00,True,15:45:00,2023-12-26
10144,2023-12-26 16:00:00,True,16:00:00,2023-12-26
10145,2023-12-26 16:15:00,True,16:15:00,2023-12-26
10146,2023-12-26 16:30:00,True,16:30:00,2023-12-26
10147,2023-12-26 16:45:00,True,16:45:00,2023-12-26
10148,2023-12-26 17:00:00,True,17:00:00,2023-12-26
10149,2023-12-26 17:15:00,True,17:15:00,2023-12-26
10150,2023-12-26 17:30:00,True,17:30:00,2023-12-26
10151,2023-12-26 17:45:00,True,17:45:00,2023-12-26
10152,2023-12-26 18:00:00,True,18:00:00,2023-12-26
10153,2023-12-26 18:15:00,True,18:15:00,2023-12-26
10154,2023-12-26 18:30:00,True,18:30:00,2023-12-26
10155,2023-12-26 18:45:00,True,18:45:00,2023-12-26
10156,2023-12-26 19:00:00,True,19:00:00,2023-12-26
10157,2023-12-26 19:15:00,True,19:15:00,2023-12-26
10158,2023-12-26 19:30:00,True,19:30:00,2023-12-26
10159,2023-12-26 19:45:00,True,19:45:00,2023-12-26
10160,2023-12-26 20:00:00,True,20:00:00,2023-12-26
10161,2023-12-26 20:15:00,True,20:15:00,2023-12-26
10162,2023-12-26 20:30:00,True,20:30:00,2023-12-26
10163,2023-12-26 20:45:00,True,20:45:00,2023-12-26
10164,2023-12-26 21:00:00,True,21:00:00,2023-12-26
10165,2023-12-26 21:15:00,True,21:15:00,2023-12-26
10166,2023-12-26 21:30:00,True,21:30:00,2023-12-26
10167,2023-12-26 21:45:00,True,21:45:00,2023-12-26
10168,2023-12-26 22:00:00,True,22:00:00,2023-12-26
10169,2023-12-26 22:15:00,True,22:15:00,2023-12-26
10170,2023-12-26 22:30:00,True,22:30:00,2023-12-26
10171,2023-12-26 22:45:00,True,22:45:00,2023-12-26
10172,2023-12-26 23:00:00,True,23:00:00,2023-12-26
10173,2023-12-26 23:15:00,True,23:15:00,2023-12-26
10174,2023-12-26 23:30:00,True,23:30:00,2023-12-26
10175,2023-12-26 23:45:00,True,23:45:00,2023-12-26
10176,2023-12-27 00:00:00,True,00:00:00,2023-12-27
10177,2023-12-27 00:15:00,True,00:15:00,2023-12-27
10178,2023-12-27 00:30:00,True,00:30:00,2023-12-27
10179,2023-12-27 00:45:00,True,00:45:00,2023-12-27
10180,2023-12-27 01:00:00,True,01:00:00,2023-12-27
10181,2023-12-27 01:15:00,True,01:15:00,2023-12-27
10182,2023-12-27 01:30:00,True,01:30:00,2023-12-27
10183,2023-12-27 01:45:00,True,01:45:00,2023-12-27
10184,2023-12-27 02:00:00,True,02:00:00,2023-12-27
10185,2023-12-27 02:15:00,True,02:15:00,2023-12-27
10186,2023-12-27 02:30:00,True,02:30:00,2023-12-27
10187,2023-12-27 02:45:00,True,02:45:00,2023-12-27
10188,2023-12-27 03:00:00,True,03:00:00,2023-12-27
10189,2023-12-27 03:15:00,True,03:15:00,2023-12-27
10190,2023-12-27 03:30:00,True,03:30:00,2023-12-27
10191,2023-12-27 03:45:00,True,03:45:00,2023-12-27
10192,2023-12-27 04:00:00,True,04:00:00,2023-12-27
10193,2023-12-27 04:15:00,True,04:15:00,2023-12-27
10194,2023-12-27 04:30:00,True,04:30:00,2023-12-27
10195,2023-12-27 04:45:00,True,04:45:00,2023-12-27
10196,2023-12-27 05:00:00,True,05:00:00,2023-12-27
10197,2023-12-27 05:15:00,True,05:15:00,2023-12-27
10198,2023-12-27 05:30:00,True,05:30:00,2023-12-27
10199,2023-12-27 05:45:00,True,05:45:00,2023-12-27
10200,2023-12-27 06:00:00,True,06:00:00,2023-12-27
10201,2023-12-27 06:15:00,True,06:15:00,2023-12-27
10202,2023-12-27 06:30:00,True,06:30:00,2023-12-27
10203,2023-12-27 06:45:00,True,06:45:00,2023-12-27
10204,2023-12-27 07:00:00,True,07:00:00,2023-12-27
10205,2023-12-27 07:15:00,True,07:15:00,2023-12-27
10206,2023-12-27 07:30:00,True,07:30:00,2023-12-27
10207,2023-12-27 07:45:00,True,07:45:00,2023-12-27
10208,2023-12-27 08:00:00,True,08:00:00,2023-12-27
10209,2023-12-27 08:15:00,True,08:15:00,2023-12-27
10210,2023-12-27 08:30:00,True,08:30:00,2023-12-27
10211,2023-12-27 08:45:00,True,08:45:00,2023-12-27
10212,2023-12-27 09:00:00,True,09:00:00,2023-12-27
10213,2023-12-27 09:15:00,True,09:15:00,2023-12-27
10214,2023-12-27 09:30:00,True,09:30:00,2023-12-27
10215,2023-12-27 09:45:00,True,09:45:00,2023-12-27
10216,2023-12-27 10:00:00,True,10:00:00,2023-12-27
10217,2023-12-27 10:15:00,True,10:15:00,2023-12-27
10218,2023-12-27 10:30:00,True,10:30:00,2023-12-27
10219,2023-12-27 10:45:00,True,10:45:00,2023-12-27
10220,2023-12-27 11:00:00,True,11:00:00,2023-12-27
10221,2023-12-27 11:15:00,True,11:15:00,2023-12-27
10222,2023-12-27 11:30:00,True,11:30:00,2023-12-27
10223,2023-12-27 11:45:00,True,11:45:00,2023-12-27
10224,2023-12-27 12:00:00,True,12:00:00,2023-12-27
10225,2023-12-27 12:15:00,True,12:15:00,2023-12-27
10226,2023-12-27 12:30:00,True,12:30:00,2023-12-27
10227,2023-12-27 12:45:00,True,12:45:00,2023-12-27
10228,2023-12-27 13:00:00,True,13:00:00,2023-12-27
10229,2023-12-27 13:15:00,True,13:15:00,2023-12-27
10230,2023-12-27 13:30:00,True,13:30:00,2023-12-27
10231,2023-12-27 13:45:00,True,13:45:00,2023-12-27
10232,2023-12-27 14:00:00,True,14:00:00,2023-12-27
10233,2023-12-27 14:15:00,True,14:15:00,2023-12-27
10234,2023-12-27 14:30:00,True,14:30:00,2023-12-27
10235,2023-12-27 14:45:00,True,14:45:00,2023-12-27
10236,2023-12-27 15:00:00,True,15:00:00,2023-12-27
10237,2023-12-27 15:15:00,True,15:15:00,2023-12-27
10238,2023-12-27 15:30:00,True,15:30:00,2023-12-27
10239,2023-12-27 15:45:00,True,15:45:00,2023-12-27
10240,2023-12-27 16:00:00,True,16:00:00,2023-12-27
10241,2023-12-27 16:15:00,True,16:15:00,2023-12-27
10242,2023-12-27 16:30:00,True,16:30:00,2023-12-27
10243,2023-12-27 16:45:00,True,16:45:00,2023-12-27
10244,2023-12-27 17:00:00,True,17:00:00,2023-12-27
10245,2023-12-27 17:15:00,True,17:15:00,2023-12-27
10246,2023-12-27 17:30:00,True,17:30:00,2023-12-27
10247,2023-12-27 17:45:00,True,17:45:00,2023-12-27
10248,2023-12-27 18:00:00,True,18:00:00,2023-12-27
10249,2023-12-27 18:15:00,True,18:15:00,2023-12-27
10250,2023-12-27 18:30:00,True,18:30:00,2023-12-27
10251,2023-12-27 18:45:00,True,18:45:00,2023-12-27
10252,2023-12-27 19:00:00,True,19:00:00,2023-12-27
10253,2023-12-27 19:15:00,True,19:15:00,2023-12-27
10254,2023-12-27 19:30:00,True,19:30:00,2023-12-27
10255,2023-12-27 19:45:00,True,19:45:00,2023-12-27
10256,2023-12-27 20:00:00,True,20:00:00,2023-12-27
10257,2023-12-27 20:15:00,True,20:15:00,2023-12-27
10258,2023-12-27 20:30:00,True,20:30:00,2023-12-27
10259,2023-12-27 20:45:00,True,20:45:00,2023-12-27
10260,2023-12-27 21:00:00,True,21:00:00,2023-12-27
10261,2023-12-27 21:15:00,True,21:15:00,2023-12-27
10262,2023-12-27 21:30:00,True,21:30:00,2023-12-27
10263,2023-12-27 21:45:00,True,21:45:00,2023-12-27
10264,2023-12-27 22:00:00,True,22:00:00,2023-12-27
10265,2023-12-27 22:15:00,True,22:15:00,2023-12-27
10266,2023-12-27 22:30:00,True,22:30:00,2023-12-27
10267,2023-12-27 22:45:00,True,22:45:00,2023-12-27
10268,2023-12-27 23:00:00,True,23:00:00,2023-12-27
10269,2023-12-27 23:15:00,True,23:15:00,2023-12-27
10270,2023-12-27 23:30:00,True,23:30:00,2023-12-27
10271,2023-12-27 23:45:00,True,23:45:00,2023-12-27
10272,2023-12-28 00:00:00,True,00:00:00,2023-12-28
10273,2023-12-28 00:15:00,True,00:15:00,2023-12-28
10274,2023-12-28 00:30:00,True,00:30:00,2023-12-28
10275,2023-12-28 00:45:00,True,00:45:00,2023-12-28
10276,2023-12-28 01:00:00,True,01:00:00,2023-12-28
10277,2023-12-28 01:15:00,True,01:15:00,2023-12-28
10278,2023-12-28 01:30:00,True,01:30:00,2023-12-28
10279,2023-12-28 01:45:00,True,01:45:00,2023-12-28
10280,2023-12-28 02:00:00,True,02:00:00,2023-12-28
10281,2023-12-28 02:15:00,True,02:15:00,2023-12-28
10282,2023-12-28 02:30:00,True,02:30:00,2023-12-28
10283,2023-12-28 02:45:00,True,02:45:00,2023-12-28
10284,2023-12-28 03:00:00,True,03:00:00,2023-12-28
10285,2023-12-28 03:15:00,True,03:15:00,2023-12-28
10286,2023-12-28 03:30:00,True,03:30:00,2023-12-28
10287,2023-12-28 03:45:00,True,03:45:00,2023-12-28
10288,2023-12-28 04:00:00,True,04:00:00,2023-12-28
10289,2023-12-28 04:15:00,True,04:15:00,2023-12-28
10290,2023-12-28 04:30:00,True,04:30:00,2023-12-28
10291,2023-12-28 04:45:00,True,04:45:00,2023-12-28
10292,2023-12-28 05:00:00,True,05:00:00,2023-12-28
10293,2023-12-28 05:15:00,True,05:15:00,2023-12-28
10294,2023-12-28 05:30:00,True,05:30:00,2023-12-28
10295,2023-12-28 05:45:00,True,05:45:00,2023-12-28
10296,2023-12-28 06:00:00,True,06:00:00,2023-12-28
10297,2023-12-28 06:15:00,True,06:15:00,2023-12-28
10298,2023-12-28 06:30:00,True,06:30:00,2023-12-28
10299,2023-12-28 06:45:00,True,06:45:00,2023-12-28
10300,2023-12-28 07:00:00,True,07:00:00,2023-12-28
10301,2023-12-28 07:15:00,True,07:15:00,2023-12-28
10302,2023-12-28 07:30:00,True,07:30:00,2023-12-28
10303,2023-12-28 07:45:00,True,07:45:00,2023-12-28
10304,2023-12-28 08:00:00,True,08:00:00,2023-12-28
10305,2023-12-28 08:15:00,True,08:15:00,2023-12-28
10306,2023-12-28 08:30:00,True,08:30:00,2023-12-28
10307,2023-12-28 08:45:00,True,08:45:00,2023-12-28
10308,2023-12-28 09:00:00,True,09:00:00,2023-12-28
10309,2023-12-28 09:15:00,True,09:15:00,2023-12-28
10310,2023-12-28 09:30:00,True,09:30:00,2023-12-28
10311,2023-12-28 09:45:00,True,09:45:00,2023-12-28
10312,2023-12-28 10:00:00,True,10:00:00,2023-12-28
10313,2023-12-28 10:15:00,True,10:15:00,2023-12-28
10314,2023-12-28 10:30:00,True,10:30:00,2023-12-28
10315,2023-12-28 10:45:00,True,10:45:00,2023-12-28
10316,2023-12-28 11:00:00,True,11:00:00,2023-12-28
10317,2023-12-28 11:15:00,True,11:15:00,2023-12-28
10318,2023-12-28 11:30:00,True,11:30:00,2023-12-28
10319,2023-12-28 11:45:00,True,11:45:00,2023-12-28
10320,2023-12-28 12:00:00,True,12:00:00,2023-12-28
10321,2023-12-28 12:15:00,True,12:15:00,2023-12-28
10322,2023-12-28 12:30:00,True,12:30:00,2023-12-28
10323,2023-12-28 12:45:00,True,12:45:00,2023-12-28
10324,2023-12-28 13:00:00,True,13:00:00,2023-12-28
10325,2023-12-28 13:15:00,True,13:15:00,2023-12-28
10326,2023-12-28 13:30:00,True,13:30:00,2023-12-28
10327,2023-12-28 13:45:00,True,13:45:00,2023-12-28
10328,2023-12-28 14:00:00,True,14:00:00,2023-12-28
10329,2023-12-28 14:15:00,True,14:15:00,2023-12-28
10330,2023-12-28 14:30:00,True,14:30:00,2023-12-28
10331,2023-12-28 14:45:00,True,14:45:00,2023-12-28
10332,2023-12-28 15:00:00,True,15:00:00,2023-12-28
10333,2023-12-28 15:15:00,True,15:15:00,2023-12-28
10334,2023-12-28 15:30:00,True,15:30:00,2023-12-28
10335,2023-12-28 15:45:00,True,15:45:00,2023-12-28
10336,2023-12-28 16:00:00,True,16:00:00,2023-12-28
10337,2023-12-28 16:15:00,True,16:15:00,2023-12-28
10338,2023-12-28 16:30:00,True,16:30:00,2023-12-28
10339,2023-12-28 16:45:00,True,16:45:00,2023-12-28
10340,2023-12-28 17:00:00,True,17:00:00,2023-12-28
10341,2023-12-28 17:15:00,True,17:15:00,2023-12-28
10342,2023-12-28 17:30:00,True,17:30:00,2023-12-28
10343,2023-12-28 17:45:00,True,17:45:00,2023-12-28
10344,2023-12-28 18:00:00,True,18:00:00,2023-12-28
10345,2023-12-28 18:15:00,True,18:15:00,2023-12-28
10346,2023-12-28 18:30:00,True,18:30:00,2023-12-28
10347,2023-12-28 18:45:00,True,18:45:00,2023-12-28
10348,2023-12-28 19:00:00,True,19:00:00,2023-12-28
10349,2023-12-28 19:15:00,True,19:15:00,2023-12-28
10350,2023-12-28 19:30:00,True,19:30:00,2023-12-28
10351,2023-12-28 19:45:00,True,19:45:00,2023-12-28
10352,2023-12-28 20:00:00,True,20:00:00,2023-12-28
10353,2023-12-28 20:15:00,True,20:15:00,2023-12-28
10354,2023-12-28 20:30:00,True,20:30:00,2023-12-28
10355,2023-12-28 20:45:00,True,20:45:00,2023-12-28
10356,2023-12-28 21:00:00,True,21:00:00,2023-12-28
10357,2023-12-28 21:15:00,True,21:15:00,2023-12-28
10358,2023-12-28 21:30:00,True,21:30:00,2023-12-28
10359,2023-12-28 21:45:00,True,21:45:00,2023-12-28
10360,2023-12-28 22:00:00,True,22:00:00,2023-12-28
10361,2023-12-28 22:15:00,True,22:15:00,2023-12-28
10362,2023-12-28 22:30:00,True,22:30:00,2023-12-28
10363,2023-12-28 22:45:00,True,22:45:00,2023-12-28
10364,2023-12-28 23:00:00,True,23:00:00,2023-12-28
10365,2023-12-28 23:15:00,True,23:15:00,2023-12-28
10366,2023-12-28 23:30:00,True,23:30:00,2023-12-28
10367,2023-12-28 23:45:00,True,23:45:00,2023-12-28
10368,2023-12-29 00:00:00,True,00:00:00,2023-12-29
10369,2023-12-29 00:15:00,True,00:15:00,2023-12-29
10370,2023-12-29 00:30:00,True,00:30:00,2023-12-29
10371,2023-12-29 00:45:00,True,00:45:00,2023-12-29
10372,2023-12-29 01:00:00,True,01:00:00,2023-12-29
10373,2023-12-29 01:15:00,True,01:15:00,2023-12-29
10374,2023-12-29 01:30:00,True,01:30:00,2023-12-29
10375,2023-12-29 01:45:00,True,01:45:00,2023-12-29
10376,2023-12-29 02:00:00,True,02:00:00,2023-12-29
10377,2023-12-29 02:15:00,True,02:15:00,2023-12-29
10378,2023-12-29 02:30:00,True,02:30:00,2023-12-29
10379,2023-12-29 02:45:00,True,02:45:00,2023-12-29
10380,2023-12-29 03:00:00,True,03:00:00,2023-12-29
10381,2023-12-29 03:15:00,True,03:15:00,2023-12-29
10382,2023-12-29 03:30:00,True,03:30:00,2023-12-29
10383,2023-12-29 03:45:00,True,03:45:00,2023-12-29
10384,2023-12-29 04:00:00,True,04:00:00,2023-12-29
10385,2023-12-29 04:15:00,True,04:15:00,2023-12-29
10386,2023-12-29 04:30:00,True,04:30:00,2023-12-29
10387,2023-12-29 04:45:00,True,04:45:00,2023-12-29
10388,2023-12-29 05:00:00,True,05:00:00,2023-12-29
10389,2023-12-29 05:15:00,True,05:15:00,2023-12-29
10390,2023-12-29 05:30:00,True,05:30:00,2023-12-29
10391,2023-12-29 05:45:00,True,05:45:00,2023-12-29
10392,2023-12-29 06:00:00,True,06:00:00,2023-12-29
10393,2023-12-29 06:15:00,True,06:15:00,2023-12-29
10394,2023-12-29 06:30:00,True,06:30:00,2023-12-29
10395,2023-12-29 06:45:00,True,06:45:00,2023-12-29
10396,2023-12-29 07:00:00,True,07:00:00,2023-12-29
10397,2023-12-29 07:15:00,True,07:15:00,2023-12-29
10398,2023-12-29 07:30:00,True,07:30:00,2023-12-29
10399,2023-12-29 07:45:00,True,07:45:00,2023-12-29
10400,2023-12-29 08:00:00,True,08:00:00,2023-12-29
10401,2023-12-29 08:15:00,True,08:15:00,2023-12-29
10402,2023-12-29 08:30:00,True,08:30:00,2023-12-29
10403,2023-12-29 08:45:00,True,08:45:00,2023-12-29
10404,2023-12-29 09:00:00,True,09:00:00,2023-12-29
10405,2023-12-29 09:15:00,True,09:15:00,2023-12-29
10406,2023-12-29 09:30:00,True,09:30:00,2023-12-29
10407,2023-12-29 09:45:00,True,09:45:00,2023-12-29
10408,2023-12-29 10:00:00,True,10:00:00,2023-12-29
10409,2023-12-29 10:15:00,True,10:15:00,2023-12-29
10410,2023-12-29 10:30:00,True,10:30:00,2023-12-29
10411,2023-12-29 10:45:00,True,10:45:00,2023-12-29
10412,2023-12-29 11:00:00,True,11:00:00,2023-12-29
10413,2023-12-29 11:15:00,True,11:15:00,2023-12-29
10414,2023-12-29 11:30:00,True,11:30:00,2023-12-29
10415,2023-12-29 11:45:00,True,11:45:00,2023-12-29
10416,2023-12-29 12:00:00,True,12:00:00,2023-12-29
10417,2023-12-29 12:15:00,True,12:15:00,2023-12-29
10418,2023-12-29 12:30:00,True,12:30:00,2023-12-29
10419,2023-12-29 12:45:00,True,12:45:00,2023-12-29
10420,2023-12-29 13:00:00,True,13:00:00,2023-12-29
10421,2023-12-29 13:15:00,True,13:15:00,2023-12-29
10422,2023-12-29 13:30:00,True,13:30:00,2023-12-29
10423,2023-12-29 13:45:00,True,13:45:00,2023-12-29
10424,2023-12-29 14:00:00,True,14:00:00,2023-12-29
10425,2023-12-29 14:15:00,True,14:15:00,2023-12-29
10426,2023-12-29 14:30:00,True,14:30:00,2023-12-29
10427,2023-12-29 14:45:00,True,14:45:00,2023-12-29
10428,2023-12-29 15:00:00,True,15:00:00,2023-12-29
10429,2023-12-29 15:15:00,True,15:15:00,2023-12-29
10430,2023-12-29 15:30:00,True,15:30:00,2023-12-29
10431,2023-12-29 15:45:00,True,15:45:00,2023-12-29
10432,2023-12-29 16:00:00,True,16:00:00,2023-12-29
10433,2023-12-29 16:15:00,True,16:15:00,2023-12-29
10434,2023-12-29 16:30:00,True,16:30:00,2023-12-29
10435,2023-12-29 16:45:00,True,16:45:00,2023-12-29
10436,2023-12-29 17:00:00,True,17:00:00,2023-12-29
10437,2023-12-29 17:15:00,True,17:15:00,2023-12-29
10438,2023-12-29 17:30:00,True,17:30:00,2023-12-29
10439,2023-12-29 17:45:00,True,17:45:00,2023-12-29
10440,2023-12-29 18:00:00,True,18:00:00,2023-12-29
10441,2023-12-29 18:15:00,True,18:15:00,2023-12-29
10442,2023-12-29 18:30:00,True,18:30:00,2023-12-29
10443,2023-12-29 18:45:00,True,18:45:00,2023-12-29
10444,2023-12-29 19:00:00,True,19:00:00,2023-12-29
10445,2023-12-29 19:15:00,True,19:15:00,2023-12-29
10446,2023-12-29 19:30:00,True,19:30:00,2023-12-29
10447,2023-12-29 19:45:00,True,19:45:00,2023-12-29
10448,2023-12-29 20:00:00,True,20:00:00,2023-12-29
10449,2023-12-29 20:15:00,True,20:15:00,2023-12-29
10450,2023-12-29 20:30:00,True,20:30:00,2023-12-29
10451,2023-12-29 20:45:00,True,20:45:00,2023-12-29
10452,2023-12-29 21:00:00,True,21:00:00,2023-12-29
10453,2023-12-29 21:15:00,True,21:15:00,2023-12-29
10454,2023-12-29 21:30:00,True,21:30:00,2023-12-29
10455,2023-12-29 21:45:00,True,21:45:00,2023-12-29
10456,2023-12-29 22:00:00,True,22:00:00,2023-12-29
10457,2023-12-29 22:15:00,True,22:15:00,2023-12-29
10458,2023-12-29 22:30:00,True,22:30:00,2023-12-29
10459,2023-12-29 22:45:00,True,22:45:00,2023-12-29
10460,2023-12-29 23:00:00,True,23:00:00,2023-12-29
10461,2023-12-29 23:15:00,True,23:15:00,2023-12-29
10462,2023-12-29 23:30:00,True,23:30:00,2023-12-29
10463,2023-12-29 23:45:00,True,23:45:00,2023-12-29
10464,2023-12-30 00:00:00,True,00:00:00,2023-12-30
10465,2023-12-30 00:15:00,True,00:15:00,2023-12-30
10466,2023-12-30 00:30:00,True,00:30:00,2023-12-30
10467,2023-12-30 00:45:00,True,00:45:00,2023-12-30
10468,2023-12-30 01:00:00,True,01:00:00,2023-12-30
10469,2023-12-30 01:15:00,True,01:15:00,2023-12-30
10470,2023-12-30 01:30:00,True,01:30:00,2023-12-30
10471,2023-12-30 01:45:00,True,01:45:00,2023-12-30
10472,2023-12-30 02:00:00,True,02:00:00,2023-12-30
10473,2023-12-30 02:15:00,True,02:15:00,2023-12-30
10474,2023-12-30 02:30:00,True,02:30:00,2023-12-30
10475,2023-12-30 02:45:00,True,02:45:00,2023-12-30
10476,2023-12-30 03:00:00,True,03:00:00,2023-12-30
10477,2023-12-30 03:15:00,True,03:15:00,2023-12-30
10478,2023-12-30 03:30:00,True,03:30:00,2023-12-30
10479,2023-12-30 03:45:00,True,03:45:00,2023-12-30
10480,2023-12-30 04:00:00,True,04:00:00,2023-12-30
10481,2023-12-30 04:15:00,True,04:15:00,2023-12-30
10482,2023-12-30 04:30:00,True,04:30:00,2023-12-30
10483,2023-12-30 04:45:00,True,04:45:00,2023-12-30
10484,2023-12-30 05:00:00,True,05:00:00,2023-12-30
10485,2023-12-30 05:15:00,True,05:15:00,2023-12-30
10486,2023-12-30 05:30:00,True,05:30:00,2023-12-30
10487,2023-12-30 05:45:00,True,05:45:00,2023-12-30
10488,2023-12-30 06:00:00,True,06:00:00,2023-12-30
10489,2023-12-30 06:15:00,True,06:15:00,2023-12-30
10490,2023-12-30 06:30:00,True,06:30:00,2023-12-30
10491,2023-12-30 06:45:00,True,06:45:00,2023-12-30
10492,2023-12-30 07:00:00,True,07:00:00,2023-12-30
10493,2023-12-30 07:15:00,True,07:15:00,2023-12-30
10494,2023-12-30 07:30:00,True,07:30:00,2023-12-30
10495,2023-12-30 07:45:00,True,07:45:00,2023-12-30
10496,2023-12-30 08:00:00,True,08:00:00,2023-12-30
10497,2023-12-30 08:15:00,True,08:15:00,2023-12-30
10498,2023-12-30 08:30:00,True,08:30:00,2023-12-30
10499,2023-12-30 08:45:00,True,08:45:00,2023-12-30
10500,2023-12-30 09:00:00,True,09:00:00,2023-12-30
10501,2023-12-30 09:15:00,True,09:15:00,2023-12-30
10502,2023-12-30 09:30:00,True,09:30:00,2023-12-30
10503,2023-12-30 09:45:00,True,09:45:00,2023-12-30
10504,2023-12-30 10:00:00,True,10:00:00,2023-12-30
10505,2023-12-30 10:15:00,True,10:15:00,2023-12-30
10506,2023-12-30 10:30:00,True,10:30:00,2023-12-30
10507,2023-12-30 10:45:00,True,10:45:00,2023-12-30
10508,2023-12-30 11:00:00,True,11:00:00,2023-12-30
10509,2023-12-30 11:15:00,True,11:15:00,2023-12-30
10510,2023-12-30 11:30:00,True,11:30:00,2023-12-30
10511,2023-12-30 11:45:00,True,11:45:00,2023-12-30
10512,2023-12-30 12:00:00,True,12:00:00,2023-12-30
10513,2023-12-30 12:15:00,True,12:15:00,2023-12-30
10514,2023-12-30 12:30:00,True,12:30:00,2023-12-30
10515,2023-12-30 12:45:00,True,12:45:00,2023-12-30
10516,2023-12-30 13:00:00,True,13:00:00,2023-12-30
10517,2023-12-30 13:15:00,True,13:15:00,2023-12-30
10518,2023-12-30 13:30:00,True,13:30:00,2023-12-30
10519,2023-12-30 13:45:00,True,13:45:00,2023-12-30
10520,2023-12-30 14:00:00,True,14:00:00,2023-12-30
10521,2023-12-30 14:15:00,True,14:15:00,2023-12-30
10522,2023-12-30 14:30:00,True,14:30:00,2023-12-30
10523,2023-12-30 14:45:00,True,14:45:00,2023-12-30
10524,2023-12-30 15:00:00,True,15:00:00,2023-12-30
10525,2023-12-30 15:15:00,True,15:15:00,2023-12-30
10526,2023-12-30 15:30:00,True,15:30:00,2023-12-30
10527,2023-12-30 15:45:00,True,15:45:00,2023-12-30
10528,2023-12-30 16:00:00,True,16:00:00,2023-12-30
10529,2023-12-30 16:15:00,True,16:15:00,2023-12-30
10530,2023-12-30 16:30:00,True,16:30:00,2023-12-30
10531,2023-12-30 16:45:00,True,16:45:00,2023-12-30
10532,2023-12-30 17:00:00,True,17:00:00,2023-12-30
10533,2023-12-30 17:15:00,True,17:15:00,2023-12-30
10534,2023-12-30 17:30:00,True,17:30:00,2023-12-30
10535,2023-12-30 17:45:00,True,17:45:00,2023-12-30
10536,2023-12-30 18:00:00,True,18:00:00,2023-12-30
10537,2023-12-30 18:15:00,True,18:15:00,2023-12-30
10538,2023-12-30 18:30:00,True,18:30:00,2023-12-30
10539,2023-12-30 18:45:00,True,18:45:00,2023-12-30
10540,2023-12-30 19:00:00,True,19:00:00,2023-12-30
10541,2023-12-30 19:15:00,True,19:15:00,2023-12-30
10542,2023-12-30 19:30:00,True,19:30:00,2023-12-30
10543,2023-12-30 19:45:00,True,19:45:00,2023-12-30
10544,2023-12-30 20:00:00,True,20:00:00,2023-12-30
10545,2023-12-30 20:15:00,True,20:15:00,2023-12-30
10546,2023-12-30 20:30:00,True,20:30:00,2023-12-30
10547,2023-12-30 20:45:00,True,20:45:00,2023-12-30
10548,2023-12-30 21:00:00,True,21:00:00,2023-12-30
10549,2023-12-30 21:15:00,True,21:15:00,2023-12-30
10550,2023-12-30 21:30:00,True,21:30:00,2023-12-30
10551,2023-12-30 21:45:00,True,21:45:00,2023-12-30
10552,2023-12-30 22:00:00,True,22:00:00,2023-12-30
10553,2023-12-30 22:15:00,True,22:15:00,2023-12-30
10554,2023-12-30 22:30:00,True,22:30:00,2023-12-30
10555,2023-12-30 22:45:00,True,22:45:00,2023-12-30
10556,2023-12-30 23:00:00,True,23:00:00,2023-12-30
10557,2023-12-30 23:15:00,True,23:15:00,2023-12-30
10558,2023-12-30 23:30:00,True,23:30:00,2023-12-30
10559,2023-12-30 23:45:00,True,23:45:00,2023-12-30
10560,2023-12-31 00:00:00,True,00:00:00,2023-12-31
10561,2023-12-31 00:15:00,True,00:15:00,2023-12-31
10562,2023-12-31 00:30:00,True,00:30:00,2023-12-31
10563,2023-12-31 00:45:00,True,00:45:00,2023-12-31
10564,2023-12-31 01:00:00,True,01:00:00,2023-12-31
10565,2023-12-31 01:15:00,True,01:15:00,2023-12-31
10566,2023-12-31 01:30:00,True,01:30:00,2023-12-31
10567,2023-12-31 01:45:00,True,01:45:00,2023-12-31
10568,2023-12-31 02:00:00,True,02:00:00,2023-12-31
10569,2023-12-31 02:15:00,True,02:15:00,2023-12-31
10570,2023-12-31 02:30:00,True,02:30:00,2023-12-31
10571,2023-12-31 02:45:00,True,02:45:00,2023-12-31
10572,2023-12-31 03:00:00,True,03:00:00,2023-12-31
10573,2023-12-31 03:15:00,True,03:15:00,2023-12-31
10574,2023-12-31 03:30:00,True,03:30:00,2023-12-31
10575,2023-12-31 03:45:00,True,03:45:00,2023-12-31
10576,2023-12-31 04:00:00,True,04:00:00,2023-12-31
10577,2023-12-31 04:15:00,True,04:15:00,2023-12-31
10578,2023-12-31 04:30:00,True,04:30:00,2023-12-31
10579,2023-12-31 04:45:00,True,04:45:00,2023-12-31
10580,2023-12-31 05:00:00,True,05:00:00,2023-12-31
10581,2023-12-31 05:15:00,True,05:15:00,2023-12-31
10582,2023-12-31 05:30:00,True,05:30:00,2023-12-31
10583,2023-12-31 05:45:00,True,05:45:00,2023-12-31
10584,2023-12-31 06:00:00,True,06:00:00,2023-12-31
10585,2023-12-31 06:15:00,True,06:15:00,2023-12-31
10586,2023-12-31 06:30:00,True,06:30:00,2023-12-31
10587,2023-12-31 06:45:00,True,06:45:00,2023-12-31
10588,2023-12-31 07:00:00,True,07:00:00,2023-12-31
10589,2023-12-31 07:15:00,True,07:15:00,2023-12-31
10590,2023-12-31 07:30:00,True,07:30:00,2023-12-31
10591,2023-12-31 07:45:00,True,07:45:00,2023-12-31
10592,2023-12-31 08:00:00,True,08:00:00,2023-12-31
10593,2023-12-31 08:15:00,True,08:15:00,2023-12-31
10594,2023-12-31 08:30:00,True,08:30:00,2023-12-31
10595,2023-12-31 08:45:00,True,08:45:00,2023-12-31
10596,2023-12-31 09:00:00,True,09:00:00,2023-12-31
10597,2023-12-31 09:15:00,True,09:15:00,2023-12-31
10598,2023-12-31 09:30:00,True,09:30:00,2023-12-31
10599,2023-12-31 09:45:00,True,09:45:00,2023-12-31
10600,2023-12-31 10:00:00,True,10:00:00,2023-12-31
10601,2023-12-31 10:15:00,True,10:15:00,2023-12-31
10602,2023-12-31 10:30:00,True,10:30:00,2023-12-31
10603,2023-12-31 10:45:00,True,10:45:00,2023-12-31
10604,2023-12-31 11:00:00,True,11:00:00,2023-12-31
10605,2023-12-31 11:15:00,True,11:15:00,2023-12-31
10606,2023-12-31 11:30:00,True,11:30:00,2023-12-31
10607,2023-12-31 11:45:00,True,11:45:00,2023-12-31
10608,2023-12-31 12:00:00,True,12:00:00,2023-12-31
10609,2023-12-31 12:15:00,True,12:15:00,2023-12-31
10610,2023-12-31 12:30:00,True,12:30:00,2023-12-31
10611,2023-12-31 12:45:00,True,12:45:00,2023-12-31
10612,2023-12-31 13:00:00,True,13:00:00,2023-12-31
10613,2023-12-31 13:15:00,True,13:15:00,2023-12-31
10614,2023-12-31 13:30:00,True,13:30:00,2023-12-31
10615,2023-12-31 13:45:00,True,13:45:00,2023-12-31
10616,2023-12-31 14:00:00,True,14:00:00,2023-12-31
10617,2023-12-31 14:15:00,True,14:15:00,2023-12-31
10618,2023-12-31 14:30:00,True,14:30:00,2023-12-31
10619,2023-12-31 14:45:00,True,14:45:00,2023-12-31
10620,2023-12-31 15:00:00,True,15:00:00,2023-12-31
10621,2023-12-31 15:15:00,True,15:15:00,2023-12-31
10622,2023-12-31 15:30:00,True,15:30:00,2023-12-31
10623,2023-12-31 15:45:00,True,15:45:00,2023-12-31
10624,2023-12-31 16:00:00,True,16:00:00,2023-12-31
10625,2023-12-31 16:15:00,True,16:15:00,2023-12-31
10626,2023-12-31 16:30:00,True,16:30:00,2023-12-31
10627,2023-12-31 16:45:00,True,16:45:00,2023-12-31
10628,2023-12-31 17:00:00,True,17:00:00,2023-12-31
10629,2023-12-31 17:15:00,True,17:15:00,2023-12-31
10630,2023-12-31 17:30:00,True,17:30:00,2023-12-31
10631,2023-12-31 17:45:00,True,17:45:00,2023-12-31
10632,2023-12-31 18:00:00,True,18:00:00,2023-12-31
10633,2023-12-31 18:15:00,True,18:15:00,2023-12-31
10634,2023-12-31 18:30:00,True,18:30:00,2023-12-31
10635,2023-12-31 18:45:00,True,18:45:00,2023-12-31
10636,2023-12-31 19:00:00,True,19:00:00,2023-12-31
10637,2023-12-31 19:15:00,True,19:15:00,2023-12-31
10638,2023-12-31 19:30:00,True,19:30:00,2023-12-31
10639,2023-12-31 19:45:00,True,19:45:00,2023-12-31
10640,2023-12-31 20:00:00,True,20:00:00,2023-12-31
10641,2023-12-31 20:15:00,True,20:15:00,2023-12-31
10642,2023-12-31 20:30:00,True,20:30:00,2023-12-31
10643,2023-12-31 20:45:00,True,20:45:00,2023-12-31
10644,2023-12-31 21:00:00,True,21:00:00,2023-12-31
10645,2023-12-31 21:15:00,True,21:15:00,2023-12-31
10646,2023-12-31 21:30:00,True,21:30:00,2023-12-31
10647,2023-12-31 21:45:00,True,21:45:00,2023-12-31
10648,2023-12-31 22:00:00,True,22:00:00,2023-12-31
10649,2023-12-31 22:15:00,True,22:15:00,2023-12-31
10650,2023-12-31 22:30:00,True,22:30:00,2023-12-31
10651,2023-12-31 22:45:00,True,22:45:00,2023-12-31
10652,2023-12-31 23:00:00,True,23:00:00,2023-12-31
10653,2023-12-31 23:15:00,True,23:15:00,2023-12-31
10654,2023-12-31 23:30:00,True,23:30:00,2023-12-31
10655,2023-12-31 23:45:00,True,23:45:00,2023-12-31
10656,2024-01-01 00:00:00,True,00:00:00,2024-01-01
10657,2024-01-01 00:15:00,True,00:15:00,2024-01-01
10658,2024-01-01 00:30:00,True,00:30:00,2024-01-01
10659,2024-01-01 00:45:00,True,00:45:00,2024-01-01
10660,2024-01-01 01:00:00,True,01:00:00,2024-01-01
10661,2024-01-01 01:15:00,True,01:15:00,2024-01-01
10662,2024-01-01 01:30:00,True,01:30:00,2024-01-01
10663,2024-01-01 01:45:00,True,01:45:00,2024-01-01
10664,2024-01-01 02:00:00,True,02:00:00,2024-01-01
10665,2024-01-01 02:15:00,True,02:15:00,2024-01-01
10666,2024-01-01 02:30:00,True,02:30:00,2024-01-01
10667,2024-01-01 02:45:00,True,02:45:00,2024-01-01
10668,2024-01-01 03:00:00,True,03:00:00,2024-01-01
10669,2024-01-01 03:15:00,True,03:15:00,2024-01-01
10670,2024-01-01 03:30:00,True,03:30:00,2024-01-01
10671,2024-01-01 03:45:00,True,03:45:00,2024-01-01
10672,2024-01-01 04:00:00,True,04:00:00,2024-01-01
10673,2024-01-01 04:15:00,True,04:15:00,2024-01-01
10674,2024-01-01 04:30:00,True,04:30:00,2024-01-01
10675,2024-01-01 04:45:00,True,04:45:00,2024-01-01
10676,2024-01-01 05:00:00,True,05:00:00,2024-01-01
10677,2024-01-01 05:15:00,True,05:15:00,2024-01-01
10678,2024-01-01 05:30:00,True,05:30:00,2024-01-01
10679,2024-01-01 05:45:00,True,05:45:00,2024-01-01
10680,2024-01-01 06:00:00,True,06:00:00,2024-01-01
10681,2024-01-01 06:15:00,True,06:15:00,2024-01-01
10682,2024-01-01 06:30:00,True,06:30:00,2024-01-01
10683,2024-01-01 06:45:00,True,06:45:00,2024-01-01
10684,2024-01-01 07:00:00,True,07:00:00,2024-01-01
10685,2024-01-01 07:15:00,True,07:15:00,2024-01-01
10686,2024-01-01 07:30:00,True,07:30:00,2024-01-01
10687,2024-01-01 07:45:00,True,07:45:00,2024-01-01
10688,2024-01-01 08:00:00,True,08:00:00,2024-01-01
10689,2024-01-01 08:15:00,True,08:15:00,2024-01-01
10690,2024-01-01 08:30:00,True,08:30:00,2024-01-01
10691,2024-01-01 08:45:00,True,08:45:00,2024-01-01
10692,2024-01-01 09:00:00,True,09:00:00,2024-01-01
10693,2024-01-01 09:15:00,True,09:15:00,2024-01-01
10694,2024-01-01 09:30:00,True,09:30:00,2024-01-01
10695,2024-01-01 09:45:00,True,09:45:00,2024-01-01
10696,2024-01-01 10:00:00,True,10:00:00,2024-01-01
10697,2024-01-01 10:15:00,True,10:15:00,2024-01-01
10698,2024-01-01 10:30:00,True,10:30:00,2024-01-01
10699,2024-01-01 10:45:00,True,10:45:00,2024-01-01
10700,2024-01-01 11:00:00,True,11:00:00,2024-01-01
10701,2024-01-01 11:15:00,True,11:15:00,2024-01-01
10702,2024-01-01 11:30:00,True,11:30:00,2024-01-01
10703,2024-01-01 11:45:00,True,11:45:00,2024-01-01
10704,2024-01-01 12:00:00,True,12:00:00,2024-01-01
10705,2024-01-01 12:15:00,True,12:15:00,2024-01-01
10706,2024-01-01 12:30:00,True,12:30:00,2024-01-01
10707,2024-01-01 12:45:00,True,12:45:00,2024-01-01
10708,2024-01-01 13:00:00,True,13:00:00,2024-01-01
10709,2024-01-01 13:15:00,True,13:15:00,2024-01-01
10710,2024-01-01 13:30:00,True,13:30:00,2024-01-01
10711,2024-01-01 13:45:00,True,13:45:00,2024-01-01
10712,2024-01-01 14:00:00,True,14:00:00,2024-01-01
10713,2024-01-01 14:15:00,True,14:15:00,2024-01-01
10714,2024-01-01 14:30:00,True,14:30:00,2024-01-01
10715,2024-01-01 14:45:00,True,14:45:00,2024-01-01
10716,2024-01-01 15:00:00,True,15:00:00,2024-01-01
10717,2024-01-01 15:15:00,True,15:15:00,2024-01-01
10718,2024-01-01 15:30:00,True,15:30:00,2024-01-01
10719,2024-01-01 15:45:00,True,15:45:00,2024-01-01
10720,2024-01-01 16:00:00,True,16:00:00,2024-01-01
10721,2024-01-01 16:15:00,True,16:15:00,2024-01-01
10722,2024-01-01 16:30:00,True,16:30:00,2024-01-01
10723,2024-01-01 16:45:00,True,16:45:00,2024-01-01
10724,2024-01-01 17:00:00,True,17:00:00,2024-01-01
10725,2024-01-01 17:15:00,True,17:15:00,2024-01-01
10726,2024-01-01 17:30:00,True,17:30:00,2024-01-01
10727,2024-01-01 17:45:00,True,17:45:00,2024-01-01
10728,2024-01-01 18:00:00,True,18:00:00,2024-01-01
10729,2024-01-01 18:15:00,True,18:15:00,2024-01-01
10730,2024-01-01 18:30:00,True,18:30:00,2024-01-01
10731,2024-01-01 18:45:00,True,18:45:00,2024-01-01
10732,2024-01-01 19:00:00,True,19:00:00,2024-01-01
10733,2024-01-01 19:15:00,True,19:15:00,2024-01-01
10734,2024-01-01 19:30:00,True,19:30:00,2024-01-01
10735,2024-01-01 19:45:00,True,19:45:00,2024-01-01
10736,2024-01-01 20:00:00,True,20:00:00,2024-01-01
10737,2024-01-01 20:15:00,True,20:15:00,2024-01-01
10738,2024-01-01 20:30:00,True,20:30:00,2024-01-01
10739,2024-01-01 20:45:00,True,20:45:00,2024-01-01
10740,2024-01-01 21:00:00,True,21:00:00,2024-01-01
10741,2024-01-01 21:15:00,True,21:15:00,2024-01-01
10742,2024-01-01 21:30:00,True,21:30:00,2024-01-01
10743,2024-01-01 21:45:00,True,21:45:00,2024-01-01
10744,2024-01-01 22:00:00,True,22:00:00,2024-01-01
10745,2024-01-01 22:15:00,True,22:15:00,2024-01-01
10746,2024-01-01 22:30:00,True,22:30:00,2024-01-01
10747,2024-01-01 22:45:00,True,22:45:00,2024-01-01
10748,2024-01-01 23:00:00,True,23:00:00,2024-01-01
10749,2024-01-01 23:15:00,True,23:15:00,2024-01-01
10750,2024-01-01 23:30:00,True,23:30:00,2024-01-01
10751,2024-01-01 23:45:00,True,23:45:00,2024-01-01
10752,2024-01-02 00:00:00,True,00:00:00,2024-01-02
10753,2024-01-02 00:15:00,True,00:15:00,2024-01-02
10754,2024-01-02 00:30:00,True,00:30:00,2024-01-02
10755,2024-01-02 00:45:00,True,00:45:00,2024-01-02
10756,2024-01-02 01:00:00,True,01:00:00,2024-01-02
10757,2024-01-02 01:15:00,True,01:15:00,2024-01-02
10758,2024-01-02 01:30:00,True,01:30:00,2024-01-02
10759,2024-01-02 01:45:00,True,01:45:00,2024-01-02
10760,2024-01-02 02:00:00,True,02:00:00,2024-01-02
10761,2024-01-02 02:15:00,True,02:15:00,2024-01-02
10762,2024-01-02 02:30:00,True,02:30:00,2024-01-02
10763,2024-01-02 02:45:00,True,02:45:00,2024-01-02
10764,2024-01-02 03:00:00,True,03:00:00,2024-01-02
10765,2024-01-02 03:15:00,True,03:15:00,2024-01-02
10766,2024-01-02 03:30:00,True,03:30:00,2024-01-02
10767,2024-01-02 03:45:00,True,03:45:00,2024-01-02
10768,2024-01-02 04:00:00,True,04:00:00,2024-01-02
10769,2024-01-02 04:15:00,True,04:15:00,2024-01-02
10770,2024-01-02 04:30:00,True,04:30:00,2024-01-02
10771,2024-01-02 04:45:00,True,04:45:00,2024-01-02
10772,2024-01-02 05:00:00,True,05:00:00,2024-01-02
10773,2024-01-02 05:15:00,True,05:15:00,2024-01-02
10774,2024-01-02 05:30:00,True,05:30:00,2024-01-02
10775,2024-01-02 05:45:00,True,05:45:00,2024-01-02
10776,2024-01-02 06:00:00,True,06:00:00,2024-01-02
10777,2024-01-02 06:15:00,True,06:15:00,2024-01-02
10778,2024-01-02 06:30:00,True,06:30:00,2024-01-02
10779,2024-01-02 06:45:00,True,06:45:00,2024-01-02
10780,2024-01-02 07:00:00,True,07:00:00,2024-01-02
10781,2024-01-02 07:15:00,True,07:15:00,2024-01-02
10782,2024-01-02 07:30:00,True,07:30:00,2024-01-02
10783,2024-01-02 07:45:00,True,07:45:00,2024-01-02
10784,2024-01-02 08:00:00,True,08:00:00,2024-01-02
10785,2024-01-02 08:15:00,True,08:15:00,2024-01-02
10786,2024-01-02 08:30:00,True,08:30:00,2024-01-02
10787,2024-01-02 08:45:00,True,08:45:00,2024-01-02
10788,2024-01-02 09:00:00,True,09:00:00,2024-01-02
10789,2024-01-02 09:15:00,True,09:15:00,2024-01-02
10790,2024-01-02 09:30:00,True,09:30:00,2024-01-02
10791,2024-01-02 09:45:00,True,09:45:00,2024-01-02
10792,2024-01-02 10:00:00,True,10:00:00,2024-01-02
10793,2024-01-02 10:15:00,True,10:15:00,2024-01-02
10794,2024-01-02 10:30:00,True,10:30:00,2024-01-02
10795,2024-01-02 10:45:00,True,10:45:00,2024-01-02
10796,2024-01-02 11:00:00,True,11:00:00,2024-01-02
10797,2024-01-02 11:15:00,True,11:15:00,2024-01-02
10798,2024-01-02 11:30:00,True,11:30:00,2024-01-02
10799,2024-01-02 11:45:00,True,11:45:00,2024-01-02
10800,2024-01-02 12:00:00,True,12:00:00,2024-01-02
10801,2024-01-02 12:15:00,True,12:15:00,2024-01-02
10802,2024-01-02 12:30:00,True,12:30:00,2024-01-02
10803,2024-01-02 12:45:00,True,12:45:00,2024-01-02
10804,2024-01-02 13:00:00,True,13:00:00,2024-01-02
10805,2024-01-02 13:15:00,True,13:15:00,2024-01-02
10806,2024-01-02 13:30:00,True,13:30:00,2024-01-02
10807,2024-01-02 13:45:00,True,13:45:00,2024-01-02
10808,2024-01-02 14:00:00,True,14:00:00,2024-01-02
10809,2024-01-02 14:15:00,True,14:15:00,2024-01-02
10810,2024-01-02 14:30:00,True,14:30:00,2024-01-02
10811,2024-01-02 14:45:00,True,14:45:00,2024-01-02
10812,2024-01-02 15:00:00,True,15:00:00,2024-01-02
10813,2024-01-02 15:15:00,True,15:15:00,2024-01-02
10814,2024-01-02 15:30:00,True,15:30:00,2024-01-02
10815,2024-01-02 15:45:00,True,15:45:00,2024-01-02
10816,2024-01-02 16:00:00,True,16:00:00,2024-01-02
10817,2024-01-02 16:15:00,True,16:15:00,2024-01-02
10818,2024-01-02 16:30:00,True,16:30:00,2024-01-02
10819,2024-01-02 16:45:00,True,16:45:00,2024-01-02
10820,2024-01-02 17:00:00,True,17:00:00,2024-01-02
10821,2024-01-02 17:15:00,True,17:15:00,2024-01-02
10822,2024-01-02 17:30:00,True,17:30:00,2024-01-02
10823,2024-01-02 17:45:00,True,17:45:00,2024-01-02
10824,2024-01-02 18:00:00,True,18:00:00,2024-01-02
10825,2024-01-02 18:15:00,True,18:15:00,2024-01-02
10826,2024-01-02 18:30:00,True,18:30:00,2024-01-02
10827,2024-01-02 18:45:00,True,18:45:00,2024-01-02
10828,2024-01-02 19:00:00,True,19:00:00,2024-01-02
10829,2024-01-02 19:15:00,True,19:15:00,2024-01-02
10830,2024-01-02 19:30:00,True,19:30:00,2024-01-02
10831,2024-01-02 19:45:00,True,19:45:00,2024-01-02
10832,2024-01-02 20:00:00,True,20:00:00,2024-01-02
10833,2024-01-02 20:15:00,True,20:15:00,2024-01-02
10834,2024-01-02 20:30:00,True,20:30:00,2024-01-02
10835,2024-01-02 20:45:00,True,20:45:00,2024-01-02
10836,2024-01-02 21:00:00,True,21:00:00,2024-01-02
10837,2024-01-02 21:15:00,True,21:15:00,2024-01-02
10838,2024-01-02 21:30:00,True,21:30:00,2024-01-02
10839,2024-01-02 21:45:00,True,21:45:00,2024-01-02
10840,2024-01-02 22:00:00,True,22:00:00,2024-01-02
10841,2024-01-02 22:15:00,True,22:15:00,2024-01-02
10842,2024-01-02 22:30:00,True,22:30:00,2024-01-02
10843,2024-01-02 22:45:00,True,22:45:00,2024-01-02
10844,2024-01-02 23:00:00,True,23:00:00,2024-01-02
10845,2024-01-02 23:15:00,True,23:15:00,2024-01-02
10846,2024-01-02 23:30:00,True,23:30:00,2024-01-02
10847,2024-01-02 23:45:00,True,23:45:00,2024-01-02
10848,2024-01-03 00:00:00,True,00:00:00,2024-01-03
10849,2024-01-03 00:15:00,True,00:15:00,2024-01-03
10850,2024-01-03 00:30:00,True,00:30:00,2024-01-03
10851,2024-01-03 00:45:00,True,00:45:00,2024-01-03
10852,2024-01-03 01:00:00,True,01:00:00,2024-01-03
10853,2024-01-03 01:15:00,True,01:15:00,2024-01-03
10854,2024-01-03 01:30:00,True,01:30:00,2024-01-03
10855,2024-01-03 01:45:00,True,01:45:00,2024-01-03
10856,2024-01-03 02:00:00,True,02:00:00,2024-01-03
10857,2024-01-03 02:15:00,True,02:15:00,2024-01-03
10858,2024-01-03 02:30:00,True,02:30:00,2024-01-03
10859,2024-01-03 02:45:00,True,02:45:00,2024-01-03
10860,2024-01-03 03:00:00,True,03:00:00,2024-01-03
10861,2024-01-03 03:15:00,True,03:15:00,2024-01-03
10862,2024-01-03 03:30:00,True,03:30:00,2024-01-03
10863,2024-01-03 03:45:00,True,03:45:00,2024-01-03
10864,2024-01-03 04:00:00,True,04:00:00,2024-01-03
10865,2024-01-03 04:15:00,True,04:15:00,2024-01-03
10866,2024-01-03 04:30:00,True,04:30:00,2024-01-03
10867,2024-01-03 04:45:00,True,04:45:00,2024-01-03
10868,2024-01-03 05:00:00,True,05:00:00,2024-01-03
10869,2024-01-03 05:15:00,True,05:15:00,2024-01-03
10870,2024-01-03 05:30:00,True,05:30:00,2024-01-03
10871,2024-01-03 05:45:00,True,05:45:00,2024-01-03
10872,2024-01-03 06:00:00,True,06:00:00,2024-01-03
10873,2024-01-03 06:15:00,True,06:15:00,2024-01-03
10874,2024-01-03 06:30:00,True,06:30:00,2024-01-03
10875,2024-01-03 06:45:00,True,06:45:00,2024-01-03
10876,2024-01-03 07:00:00,True,07:00:00,2024-01-03
10877,2024-01-03 07:15:00,True,07:15:00,2024-01-03
10878,2024-01-03 07:30:00,True,07:30:00,2024-01-03
10879,2024-01-03 07:45:00,True,07:45:00,2024-01-03
10880,2024-01-03 08:00:00,True,08:00:00,2024-01-03
10881,2024-01-03 08:15:00,True,08:15:00,2024-01-03
10882,2024-01-03 08:30:00,True,08:30:00,2024-01-03
10883,2024-01-03 08:45:00,True,08:45:00,2024-01-03
10884,2024-01-03 09:00:00,True,09:00:00,2024-01-03
10885,2024-01-03 09:15:00,True,09:15:00,2024-01-03
10886,2024-01-03 09:30:00,True,09:30:00,2024-01-03
10887,2024-01-03 09:45:00,True,09:45:00,2024-01-03
10888,2024-01-03 10:00:00,True,10:00:00,2024-01-03
10889,2024-01-03 10:15:00,True,10:15:00,2024-01-03
10890,2024-01-03 10:30:00,True,10:30:00,2024-01-03
10891,2024-01-03 10:45:00,True,10:45:00,2024-01-03
10892,2024-01-03 11:00:00,True,11:00:00,2024-01-03
10893,2024-01-03 11:15:00,True,11:15:00,2024-01-03
10894,2024-01-03 11:30:00,True,11:30:00,2024-01-03
10895,2024-01-03 11:45:00,True,11:45:00,2024-01-03
10896,2024-01-03 12:00:00,True,12:00:00,2024-01-03
10897,2024-01-03 12:15:00,True,12:15:00,2024-01-03
10898,2024-01-03 12:30:00,True,12:30:00,2024-01-03
10899,2024-01-03 12:45:00,True,12:45:00,2024-01-03
10900,2024-01-03 13:00:00,True,13:00:00,2024-01-03
10901,2024-01-03 13:15:00,True,13:15:00,2024-01-03
10902,2024-01-03 13:30:00,True,13:30:00,2024-01-03
10903,2024-01-03 13:45:00,True,13:45:00,2024-01-03
10904,2024-01-03 14:00:00,True,14:00:00,2024-01-03
10905,2024-01-03 14:15:00,True,14:15:00,2024-01-03
10906,2024-01-03 14:30:00,True,14:30:00,2024-01-03
10907,2024-01-03 14:45:00,True,14:45:00,2024-01-03
10908,2024-01-03 15:00:00,True,15:00:00,2024-01-03
10909,2024-01-03 15:15:00,True,15:15:00,2024-01-03
10910,2024-01-03 15:30:00,True,15:30:00,2024-01-03
10911,2024-01-03 15:45:00,True,15:45:00,2024-01-03
10912,2024-01-03 16:00:00,True,16:00:00,2024-01-03
10913,2024-01-03 16:15:00,True,16:15:00,2024-01-03
10914,2024-01-03 16:30:00,True,16:30:00,2024-01-03
10915,2024-01-03 16:45:00,True,16:45:00,2024-01-03
10916,2024-01-03 17:00:00,True,17:00:00,2024-01-03
10917,2024-01-03 17:15:00,True,17:15:00,2024-01-03
10918,2024-01-03 17:30:00,True,17:30:00,2024-01-03
10919,2024-01-03 17:45:00,True,17:45:00,2024-01-03
10920,2024-01-03 18:00:00,True,18:00:00,2024-01-03
10921,2024-01-03 18:15:00,True,18:15:00,2024-01-03
10922,2024-01-03 18:30:00,True,18:30:00,2024-01-03
10923,2024-01-03 18:45:00,True,18:45:00,2024-01-03
10924,2024-01-03 19:00:00,True,19:00:00,2024-01-03
10925,2024-01-03 19:15:00,True,19:15:00,2024-01-03
10926,2024-01-03 19:30:00,True,19:30:00,2024-01-03
10927,2024-01-03 19:45:00,True,19:45:00,2024-01-03
10928,2024-01-03 20:00:00,True,20:00:00,2024-01-03
10929,2024-01-03 20:15:00,True,20:15:00,2024-01-03
10930,2024-01-03 20:30:00,True,20:30:00,2024-01-03
10931,2024-01-03 20:45:00,True,20:45:00,2024-01-03
10932,2024-01-03 21:00:00,True,21:00:00,2024-01-03
10933,2024-01-03 21:15:00,True,21:15:00,2024-01-03
10934,2024-01-03 21:30:00,True,21:30:00,2024-01-03
10935,2024-01-03 21:45:00,True,21:45:00,2024-01-03
10936,2024-01-03 22:00:00,True,22:00:00,2024-01-03
10937,2024-01-03 22:15:00,True,22:15:00,2024-01-03
10938,2024-01-03 22:30:00,True,22:30:00,2024-01-03
10939,2024-01-03 22:45:00,True,22:45:00,2024-01-03
10940,2024-01-03 23:00:00,True,23:00:00,2024-01-03
10941,2024-01-03 23:15:00,True,23:15:00,2024-01-03
10942,2024-01-03 23:30:00,True,23:30:00,2024-01-03
10943,2024-01-03 23:45:00,True,23:45:00,2024-01-03
10944,2024-01-04 00:00:00,True,00:00:00,2024-01-04
10945,2024-01-04 00:15:00,True,00:15:00,2024-01-04
10946,2024-01-04 00:30:00,True,00:30:00,2024-01-04
10947,2024-01-04 00:45:00,True,00:45:00,2024-01-04
10948,2024-01-04 01:00:00,True,01:00:00,2024-01-04
10949,2024-01-04 01:15:00,True,01:15:00,2024-01-04
10950,2024-01-04 01:30:00,True,01:30:00,2024-01-04
10951,2024-01-04 01:45:00,True,01:45:00,2024-01-04
10952,2024-01-04 02:00:00,True,02:00:00,2024-01-04
10953,2024-01-04 02:15:00,True,02:15:00,2024-01-04
10954,2024-01-04 02:30:00,True,02:30:00,2024-01-04
10955,2024-01-04 02:45:00,True,02:45:00,2024-01-04
10956,2024-01-04 03:00:00,True,03:00:00,2024-01-04
10957,2024-01-04 03:15:00,True,03:15:00,2024-01-04
10958,2024-01-04 03:30:00,True,03:30:00,2024-01-04
10959,2024-01-04 03:45:00,True,03:45:00,2024-01-04
10960,2024-01-04 04:00:00,True,04:00:00,2024-01-04
10961,2024-01-04 04:15:00,True,04:15:00,2024-01-04
10962,2024-01-04 04:30:00,True,04:30:00,2024-01-04
10963,2024-01-04 04:45:00,True,04:45:00,2024-01-04
10964,2024-01-04 05:00:00,True,05:00:00,2024-01-04
10965,2024-01-04 05:15:00,True,05:15:00,2024-01-04
10966,2024-01-04 05:30:00,True,05:30:00,2024-01-04
10967,2024-01-04 05:45:00,True,05:45:00,2024-01-04
10968,2024-01-04 06:00:00,True,06:00:00,2024-01-04
10969,2024-01-04 06:15:00,True,06:15:00,2024-01-04
10970,2024-01-04 06:30:00,True,06:30:00,2024-01-04
10971,2024-01-04 06:45:00,True,06:45:00,2024-01-04
10972,2024-01-04 07:00:00,True,07:00:00,2024-01-04
10973,2024-01-04 07:15:00,True,07:15:00,2024-01-04
10974,2024-01-04 07:30:00,True,07:30:00,2024-01-04
10975,2024-01-04 07:45:00,True,07:45:00,2024-01-04
10976,2024-01-04 08:00:00,True,08:00:00,2024-01-04
10977,2024-01-04 08:15:00,True,08:15:00,2024-01-04
10978,2024-01-04 08:30:00,True,08:30:00,2024-01-04
10979,2024-01-04 08:45:00,True,08:45:00,2024-01-04
10980,2024-01-04 09:00:00,True,09:00:00,2024-01-04
10981,2024-01-04 09:15:00,True,09:15:00,2024-01-04
10982,2024-01-04 09:30:00,True,09:30:00,2024-01-04
10983,2024-01-04 09:45:00,True,09:45:00,2024-01-04
10984,2024-01-04 10:00:00,True,10:00:00,2024-01-04
10985,2024-01-04 10:15:00,True,10:15:00,2024-01-04
10986,2024-01-04 10:30:00,True,10:30:00,2024-01-04
10987,2024-01-04 10:45:00,True,10:45:00,2024-01-04
10988,2024-01-04 11:00:00,True,11:00:00,2024-01-04
10989,2024-01-04 11:15:00,True,11:15:00,2024-01-04
10990,2024-01-04 11:30:00,True,11:30:00,2024-01-04
10991,2024-01-04 11:45:00,True,11:45:00,2024-01-04
10992,2024-01-04 12:00:00,True,12:00:00,2024-01-04
10993,2024-01-04 12:15:00,True,12:15:00,2024-01-04
10994,2024-01-04 12:30:00,True,12:30:00,2024-01-04
10995,2024-01-04 12:45:00,True,12:45:00,2024-01-04
10996,2024-01-04 13:00:00,True,13:00:00,2024-01-04
10997,2024-01-04 13:15:00,True,13:15:00,2024-01-04
10998,2024-01-04 13:30:00,True,13:30:00,2024-01-04
10999,2024-01-04 13:45:00,True,13:45:00,2024-01-04
11000,2024-01-04 14:00:00,True,14:00:00,2024-01-04
11001,2024-01-04 14:15:00,True,14:15:00,2024-01-04
11002,2024-01-04 14:30:00,True,14:30:00,2024-01-04
11003,2024-01-04 14:45:00,True,14:45:00,2024-01-04
11004,2024-01-04 15:00:00,True,15:00:00,2024-01-04
11005,2024-01-04 15:15:00,True,15:15:00,2024-01-04
11006,2024-01-04 15:30:00,True,15:30:00,2024-01-04
11007,2024-01-04 15:45:00,True,15:45:00,2024-01-04
11008,2024-01-04 16:00:00,True,16:00:00,2024-01-04
11009,2024-01-04 16:15:00,True,16:15:00,2024-01-04
11010,2024-01-04 16:30:00,True,16:30:00,2024-01-04
11011,2024-01-04 16:45:00,True,16:45:00,2024-01-04
11012,2024-01-04 17:00:00,True,17:00:00,2024-01-04
11013,2024-01-04 17:15:00,True,17:15:00,2024-01-04
11014,2024-01-04 17:30:00,True,17:30:00,2024-01-04
11015,2024-01-04 17:45:00,True,17:45:00,2024-01-04
11016,2024-01-04 18:00:00,True,18:00:00,2024-01-04
11017,2024-01-04 18:15:00,True,18:15:00,2024-01-04
11018,2024-01-04 18:30:00,True,18:30:00,2024-01-04
11019,2024-01-04 18:45:00,True,18:45:00,2024-01-04
11020,2024-01-04 19:00:00,True,19:00:00,2024-01-04
11021,2024-01-04 19:15:00,True,19:15:00,2024-01-04
11022,2024-01-04 19:30:00,True,19:30:00,2024-01-04
11023,2024-01-04 19:45:00,True,19:45:00,2024-01-04
11024,2024-01-04 20:00:00,True,20:00:00,2024-01-04
11025,2024-01-04 20:15:00,True,20:15:00,2024-01-04
11026,2024-01-04 20:30:00,True,20:30:00,2024-01-04
11027,2024-01-04 20:45:00,True,20:45:00,2024-01-04
11028,2024-01-04 21:00:00,True,21:00:00,2024-01-04
11029,2024-01-04 21:15:00,True,21:15:00,2024-01-04
11030,2024-01-04 21:30:00,True,21:30:00,2024-01-04
11031,2024-01-04 21:45:00,True,21:45:00,2024-01-04
11032,2024-01-04 22:00:00,True,22:00:00,2024-01-04
11033,2024-01-04 22:15:00,True,22:15:00,2024-01-04
11034,2024-01-04 22:30:00,True,22:30:00,2024-01-04
11035,2024-01-04 22:45:00,True,22:45:00,2024-01-04
11036,2024-01-04 23:00:00,True,23:00:00,2024-01-04
11037,2024-01-04 23:15:00,True,23:15:00,2024-01-04
11038,2024-01-04 23:30:00,True,23:30:00,2024-01-04
11039,2024-01-04 23:45:00,True,23:45:00,2024-01-04
11040,2024-01-05 00:00:00,True,00:00:00,2024-01-05
11041,2024-01-05 00:15:00,True,00:15:00,2024-01-05
11042,2024-01-05 00:30:00,True,00:30:00,2024-01-05
11043,2024-01-05 00:45:00,True,00:45:00,2024-01-05
11044,2024-01-05 01:00:00,True,01:00:00,2024-01-05
11045,2024-01-05 01:15:00,True,01:15:00,2024-01-05
11046,2024-01-05 01:30:00,True,01:30:00,2024-01-05
11047,2024-01-05 01:45:00,True,01:45:00,2024-01-05
11048,2024-01-05 02:00:00,True,02:00:00,2024-01-05
11049,2024-01-05 02:15:00,True,02:15:00,2024-01-05
11050,2024-01-05 02:30:00,True,02:30:00,2024-01-05
11051,2024-01-05 02:45:00,True,02:45:00,2024-01-05
11052,2024-01-05 03:00:00,True,03:00:00,2024-01-05
11053,2024-01-05 03:15:00,True,03:15:00,2024-01-05
11054,2024-01-05 03:30:00,True,03:30:00,2024-01-05
11055,2024-01-05 03:45:00,True,03:45:00,2024-01-05
11056,2024-01-05 04:00:00,True,04:00:00,2024-01-05
11057,2024-01-05 04:15:00,True,04:15:00,2024-01-05
11058,2024-01-05 04:30:00,True,04:30:00,2024-01-05
11059,2024-01-05 04:45:00,True,04:45:00,2024-01-05
11060,2024-01-05 05:00:00,True,05:00:00,2024-01-05
11061,2024-01-05 05:15:00,True,05:15:00,2024-01-05
11062,2024-01-05 05:30:00,True,05:30:00,2024-01-05
11063,2024-01-05 05:45:00,True,05:45:00,2024-01-05
11064,2024-01-05 06:00:00,True,06:00:00,2024-01-05
11065,2024-01-05 06:15:00,True,06:15:00,2024-01-05
11066,2024-01-05 06:30:00,True,06:30:00,2024-01-05
11067,2024-01-05 06:45:00,True,06:45:00,2024-01-05
11068,2024-01-05 07:00:00,True,07:00:00,2024-01-05
11069,2024-01-05 07:15:00,True,07:15:00,2024-01-05
11070,2024-01-05 07:30:00,True,07:30:00,2024-01-05
11071,2024-01-05 07:45:00,True,07:45:00,2024-01-05
11072,2024-01-05 08:00:00,True,08:00:00,2024-01-05
11073,2024-01-05 08:15:00,True,08:15:00,2024-01-05
11074,2024-01-05 08:30:00,True,08:30:00,2024-01-05
11075,2024-01-05 08:45:00,True,08:45:00,2024-01-05
11076,2024-01-05 09:00:00,True,09:00:00,2024-01-05
11077,2024-01-05 09:15:00,True,09:15:00,2024-01-05
11078,2024-01-05 09:30:00,True,09:30:00,2024-01-05
11079,2024-01-05 09:45:00,True,09:45:00,2024-01-05
11080,2024-01-05 10:00:00,True,10:00:00,2024-01-05
11081,2024-01-05 10:15:00,True,10:15:00,2024-01-05
11082,2024-01-05 10:30:00,True,10:30:00,2024-01-05
11083,2024-01-05 10:45:00,True,10:45:00,2024-01-05
11084,2024-01-05 11:00:00,True,11:00:00,2024-01-05
11085,2024-01-05 11:15:00,True,11:15:00,2024-01-05
11086,2024-01-05 11:30:00,True,11:30:00,2024-01-05
11087,2024-01-05 11:45:00,True,11:45:00,2024-01-05
11088,2024-01-05 12:00:00,True,12:00:00,2024-01-05
11089,2024-01-05 12:15:00,True,12:15:00,2024-01-05
11090,2024-01-05 12:30:00,True,12:30:00,2024-01-05
11091,2024-01-05 12:45:00,True,12:45:00,2024-01-05
11092,2024-01-05 13:00:00,True,13:00:00,2024-01-05
11093,2024-01-05 13:15:00,True,13:15:00,2024-01-05
11094,2024-01-05 13:30:00,True,13:30:00,2024-01-05
11095,2024-01-05 13:45:00,True,13:45:00,2024-01-05
11096,2024-01-05 14:00:00,True,14:00:00,2024-01-05
11097,2024-01-05 14:15:00,True,14:15:00,2024-01-05
11098,2024-01-05 14:30:00,True,14:30:00,2024-01-05
11099,2024-01-05 14:45:00,True,14:45:00,2024-01-05
11100,2024-01-05 15:00:00,True,15:00:00,2024-01-05
11101,2024-01-05 15:15:00,True,15:15:00,2024-01-05
11102,2024-01-05 15:30:00,True,15:30:00,2024-01-05
11103,2024-01-05 15:45:00,True,15:45:00,2024-01-05
11104,2024-01-05 16:00:00,True,16:00:00,2024-01-05
11105,2024-01-05 16:15:00,True,16:15:00,2024-01-05
11106,2024-01-05 16:30:00,True,16:30:00,2024-01-05
11107,2024-01-05 16:45:00,True,16:45:00,2024-01-05
11108,2024-01-05 17:00:00,True,17:00:00,2024-01-05
11109,2024-01-05 17:15:00,True,17:15:00,2024-01-05
11110,2024-01-05 17:30:00,True,17:30:00,2024-01-05
11111,2024-01-05 17:45:00,True,17:45:00,2024-01-05
11112,2024-01-05 18:00:00,True,18:00:00,2024-01-05
11113,2024-01-05 18:15:00,True,18:15:00,2024-01-05
11114,2024-01-05 18:30:00,True,18:30:00,2024-01-05
11115,2024-01-05 18:45:00,True,18:45:00,2024-01-05
11116,2024-01-05 19:00:00,True,19:00:00,2024-01-05
11117,2024-01-05 19:15:00,True,19:15:00,2024-01-05
11118,2024-01-05 19:30:00,True,19:30:00,2024-01-05
11119,2024-01-05 19:45:00,True,19:45:00,2024-01-05
11120,2024-01-05 20:00:00,True,20:00:00,2024-01-05
11121,2024-01-05 20:15:00,True,20:15:00,2024-01-05
11122,2024-01-05 20:30:00,True,20:30:00,2024-01-05
11123,2024-01-05 20:45:00,True,20:45:00,2024-01-05
11124,2024-01-05 21:00:00,True,21:00:00,2024-01-05
11125,2024-01-05 21:15:00,True,21:15:00,2024-01-05
11126,2024-01-05 21:30:00,True,21:30:00,2024-01-05
11127,2024-01-05 21:45:00,True,21:45:00,2024-01-05
11128,2024-01-05 22:00:00,True,22:00:00,2024-01-05
11129,2024-01-05 22:15:00,True,22:15:00,2024-01-05
11130,2024-01-05 22:30:00,True,22:30:00,2024-01-05
11131,2024-01-05 22:45:00,True,22:45:00,2024-01-05
11132,2024-01-05 23:00:00,True,23:00:00,2024-01-05
11133,2024-01-05 23:15:00,True,23:15:00,2024-01-05
11134,2024-01-05 23:30:00,True,23:30:00,2024-01-05
11135,2024-01-05 23:45:00,True,23:45:00,2024-01-05
11136,2024-01-06 00:00:00,True,00:00:00,2024-01-06
11137,2024-01-06 00:15:00,True,00:15:00,2024-01-06
11138,2024-01-06 00:30:00,True,00:30:00,2024-01-06
11139,2024-01-06 00:45:00,True,00:45:00,2024-01-06
11140,2024-01-06 01:00:00,True,01:00:00,2024-01-06
11141,2024-01-06 01:15:00,True,01:15:00,2024-01-06
11142,2024-01-06 01:30:00,True,01:30:00,2024-01-06
11143,2024-01-06 01:45:00,True,01:45:00,2024-01-06
11144,2024-01-06 02:00:00,True,02:00:00,2024-01-06
11145,2024-01-06 02:15:00,True,02:15:00,2024-01-06
11146,2024-01-06 02:30:00,True,02:30:00,2024-01-06
11147,2024-01-06 02:45:00,True,02:45:00,2024-01-06
11148,2024-01-06 03:00:00,True,03:00:00,2024-01-06
11149,2024-01-06 03:15:00,True,03:15:00,2024-01-06
11150,2024-01-06 03:30:00,True,03:30:00,2024-01-06
11151,2024-01-06 03:45:00,True,03:45:00,2024-01-06
11152,2024-01-06 04:00:00,True,04:00:00,2024-01-06
11153,2024-01-06 04:15:00,True,04:15:00,2024-01-06
11154,2024-01-06 04:30:00,True,04:30:00,2024-01-06
11155,2024-01-06 04:45:00,True,04:45:00,2024-01-06
11156,2024-01-06 05:00:00,True,05:00:00,2024-01-06
11157,2024-01-06 05:15:00,True,05:15:00,2024-01-06
11158,2024-01-06 05:30:00,True,05:30:00,2024-01-06
11159,2024-01-06 05:45:00,True,05:45:00,2024-01-06
11160,2024-01-06 06:00:00,True,06:00:00,2024-01-06
11161,2024-01-06 06:15:00,True,06:15:00,2024-01-06
11162,2024-01-06 06:30:00,True,06:30:00,2024-01-06
11163,2024-01-06 06:45:00,True,06:45:00,2024-01-06
11164,2024-01-06 07:00:00,True,07:00:00,2024-01-06
11165,2024-01-06 07:15:00,True,07:15:00,2024-01-06
11166,2024-01-06 07:30:00,True,07:30:00,2024-01-06
11167,2024-01-06 07:45:00,True,07:45:00,2024-01-06
11168,2024-01-06 08:00:00,True,08:00:00,2024-01-06
11169,2024-01-06 08:15:00,True,08:15:00,2024-01-06
11170,2024-01-06 08:30:00,True,08:30:00,2024-01-06
11171,2024-01-06 08:45:00,True,08:45:00,2024-01-06
11172,2024-01-06 09:00:00,True,09:00:00,2024-01-06
11173,2024-01-06 09:15:00,True,09:15:00,2024-01-06
11174,2024-01-06 09:30:00,True,09:30:00,2024-01-06
11175,2024-01-06 09:45:00,True,09:45:00,2024-01-06
11176,2024-01-06 10:00:00,True,10:00:00,2024-01-06
11177,2024-01-06 10:15:00,True,10:15:00,2024-01-06
11178,2024-01-06 10:30:00,True,10:30:00,2024-01-06
11179,2024-01-06 10:45:00,True,10:45:00,2024-01-06
11180,2024-01-06 11:00:00,True,11:00:00,2024-01-06
11181,2024-01-06 11:15:00,True,11:15:00,2024-01-06
11182,2024-01-06 11:30:00,True,11:30:00,2024-01-06
11183,2024-01-06 11:45:00,True,11:45:00,2024-01-06
11184,2024-01-06 12:00:00,True,12:00:00,2024-01-06
11185,2024-01-06 12:15:00,True,12:15:00,2024-01-06
11186,2024-01-06 12:30:00,True,12:30:00,2024-01-06
11187,2024-01-06 12:45:00,True,12:45:00,2024-01-06
11188,2024-01-06 13:00:00,True,13:00:00,2024-01-06
11189,2024-01-06 13:15:00,True,13:15:00,2024-01-06
11190,2024-01-06 13:30:00,True,13:30:00,2024-01-06
11191,2024-01-06 13:45:00,True,13:45:00,2024-01-06
11192,2024-01-06 14:00:00,True,14:00:00,2024-01-06
11193,2024-01-06 14:15:00,True,14:15:00,2024-01-06
11194,2024-01-06 14:30:00,True,14:30:00,2024-01-06
11195,2024-01-06 14:45:00,True,14:45:00,2024-01-06
11196,2024-01-06 15:00:00,True,15:00:00,2024-01-06
11197,2024-01-06 15:15:00,True,15:15:00,2024-01-06
11198,2024-01-06 15:30:00,True,15:30:00,2024-01-06
11199,2024-01-06 15:45:00,True,15:45:00,2024-01-06
11200,2024-01-06 16:00:00,True,16:00:00,2024-01-06
11201,2024-01-06 16:15:00,True,16:15:00,2024-01-06
11202,2024-01-06 16:30:00,True,16:30:00,2024-01-06
11203,2024-01-06 16:45:00,True,16:45:00,2024-01-06
11204,2024-01-06 17:00:00,True,17:00:00,2024-01-06
11205,2024-01-06 17:15:00,True,17:15:00,2024-01-06
11206,2024-01-06 17:30:00,True,17:30:00,2024-01-06
11207,2024-01-06 17:45:00,True,17:45:00,2024-01-06
11208,2024-01-06 18:00:00,True,18:00:00,2024-01-06
11209,2024-01-06 18:15:00,True,18:15:00,2024-01-06
11210,2024-01-06 18:30:00,True,18:30:00,2024-01-06
11211,2024-01-06 18:45:00,True,18:45:00,2024-01-06
11212,2024-01-06 19:00:00,True,19:00:00,2024-01-06
11213,2024-01-06 19:15:00,True,19:15:00,2024-01-06
11214,2024-01-06 19:30:00,True,19:30:00,2024-01-06
11215,2024-01-06 19:45:00,True,19:45:00,2024-01-06
11216,2024-01-06 20:00:00,True,20:00:00,2024-01-06
11217,2024-01-06 20:15:00,True,20:15:00,2024-01-06
11218,2024-01-06 20:30:00,True,20:30:00,2024-01-06
11219,2024-01-06 20:45:00,True,20:45:00,2024-01-06
11220,2024-01-06 21:00:00,True,21:00:00,2024-01-06
11221,2024-01-06 21:15:00,True,21:15:00,2024-01-06
11222,2024-01-06 21:30:00,True,21:30:00,2024-01-06
11223,2024-01-06 21:45:00,True,21:45:00,2024-01-06
11224,2024-01-06 22:00:00,True,22:00:00,2024-01-06
11225,2024-01-06 22:15:00,True,22:15:00,2024-01-06
11226,2024-01-06 22:30:00,True,22:30:00,2024-01-06
11227,2024-01-06 22:45:00,True,22:45:00,2024-01-06
11228,2024-01-06 23:00:00,True,23:00:00,2024-01-06
11229,2024-01-06 23:15:00,True,23:15:00,2024-01-06
11230,2024-01-06 23:30:00,True,23:30:00,2024-01-06
11231,2024-01-06 23:45:00,True,23:45:00,2024-01-06
11232,2024-01-07 00:00:00,True,00:00:00,2024-01-07
11233,2024-01-07 00:15:00,True,00:15:00,2024-01-07
11234,2024-01-07 00:30:00,True,00:30:00,2024-01-07
11235,2024-01-07 00:45:00,True,00:45:00,2024-01-07
11236,2024-01-07 01:00:00,True,01:00:00,2024-01-07
11237,2024-01-07 01:15:00,True,01:15:00,2024-01-07
11238,2024-01-07 01:30:00,True,01:30:00,2024-01-07
11239,2024-01-07 01:45:00,True,01:45:00,2024-01-07
11240,2024-01-07 02:00:00,True,02:00:00,2024-01-07
11241,2024-01-07 02:15:00,True,02:15:00,2024-01-07
11242,2024-01-07 02:30:00,True,02:30:00,2024-01-07
11243,2024-01-07 02:45:00,True,02:45:00,2024-01-07
11244,2024-01-07 03:00:00,True,03:00:00,2024-01-07
11245,2024-01-07 03:15:00,True,03:15:00,2024-01-07
11246,2024-01-07 03:30:00,True,03:30:00,2024-01-07
11247,2024-01-07 03:45:00,True,03:45:00,2024-01-07
11248,2024-01-07 04:00:00,True,04:00:00,2024-01-07
11249,2024-01-07 04:15:00,True,04:15:00,2024-01-07
11250,2024-01-07 04:30:00,True,04:30:00,2024-01-07
11251,2024-01-07 04:45:00,True,04:45:00,2024-01-07
11252,2024-01-07 05:00:00,True,05:00:00,2024-01-07
11253,2024-01-07 05:15:00,True,05:15:00,2024-01-07
11254,2024-01-07 05:30:00,True,05:30:00,2024-01-07
11255,2024-01-07 05:45:00,True,05:45:00,2024-01-07
11256,2024-01-07 06:00:00,True,06:00:00,2024-01-07
11257,2024-01-07 06:15:00,True,06:15:00,2024-01-07
11258,2024-01-07 06:30:00,True,06:30:00,2024-01-07
11259,2024-01-07 06:45:00,True,06:45:00,2024-01-07
11260,2024-01-07 07:00:00,True,07:00:00,2024-01-07
11261,2024-01-07 07:15:00,True,07:15:00,2024-01-07
11262,2024-01-07 07:30:00,True,07:30:00,2024-01-07
11263,2024-01-07 07:45:00,True,07:45:00,2024-01-07
11264,2024-01-07 08:00:00,True,08:00:00,2024-01-07
11265,2024-01-07 08:15:00,True,08:15:00,2024-01-07
11266,2024-01-07 08:30:00,True,08:30:00,2024-01-07
11267,2024-01-07 08:45:00,True,08:45:00,2024-01-07
11268,2024-01-07 09:00:00,True,09:00:00,2024-01-07
11269,2024-01-07 09:15:00,True,09:15:00,2024-01-07
11270,2024-01-07 09:30:00,True,09:30:00,2024-01-07
11271,2024-01-07 09:45:00,True,09:45:00,2024-01-07
11272,2024-01-07 10:00:00,True,10:00:00,2024-01-07
11273,2024-01-07 10:15:00,True,10:15:00,2024-01-07
11274,2024-01-07 10:30:00,True,10:30:00,2024-01-07
11275,2024-01-07 10:45:00,True,10:45:00,2024-01-07
11276,2024-01-07 11:00:00,True,11:00:00,2024-01-07
11277,2024-01-07 11:15:00,True,11:15:00,2024-01-07
11278,2024-01-07 11:30:00,True,11:30:00,2024-01-07
11279,2024-01-07 11:45:00,True,11:45:00,2024-01-07
11280,2024-01-07 12:00:00,True,12:00:00,2024-01-07
11281,2024-01-07 12:15:00,True,12:15:00,2024-01-07
11282,2024-01-07 12:30:00,True,12:30:00,2024-01-07
11283,2024-01-07 12:45:00,True,12:45:00,2024-01-07
11284,2024-01-07 13:00:00,True,13:00:00,2024-01-07
11285,2024-01-07 13:15:00,True,13:15:00,2024-01-07
11286,2024-01-07 13:30:00,True,13:30:00,2024-01-07
11287,2024-01-07 13:45:00,True,13:45:00,2024-01-07
11288,2024-01-07 14:00:00,True,14:00:00,2024-01-07
11289,2024-01-07 14:15:00,True,14:15:00,2024-01-07
11290,2024-01-07 14:30:00,True,14:30:00,2024-01-07
11291,2024-01-07 14:45:00,True,14:45:00,2024-01-07
11292,2024-01-07 15:00:00,True,15:00:00,2024-01-07
11293,2024-01-07 15:15:00,True,15:15:00,2024-01-07
11294,2024-01-07 15:30:00,True,15:30:00,2024-01-07
11295,2024-01-07 15:45:00,True,15:45:00,2024-01-07
11296,2024-01-07 16:00:00,True,16:00:00,2024-01-07
11297,2024-01-07 16:15:00,True,16:15:00,2024-01-07
11298,2024-01-07 16:30:00,True,16:30:00,2024-01-07
11299,2024-01-07 16:45:00,True,16:45:00,2024-01-07
11300,2024-01-07 17:00:00,True,17:00:00,2024-01-07
11301,2024-01-07 17:15:00,True,17:15:00,2024-01-07
11302,2024-01-07 17:30:00,True,17:30:00,2024-01-07
11303,2024-01-07 17:45:00,True,17:45:00,2024-01-07
11304,2024-01-07 18:00:00,True,18:00:00,2024-01-07
11305,2024-01-07 18:15:00,True,18:15:00,2024-01-07
11306,2024-01-07 18:30:00,True,18:30:00,2024-01-07
11307,2024-01-07 18:45:00,True,18:45:00,2024-01-07
11308,2024-01-07 19:00:00,True,19:00:00,2024-01-07
11309,2024-01-07 19:15:00,True,19:15:00,2024-01-07
11310,2024-01-07 19:30:00,True,19:30:00,2024-01-07
11311,2024-01-07 19:45:00,True,19:45:00,2024-01-07
11312,2024-01-07 20:00:00,True,20:00:00,2024-01-07
11313,2024-01-07 20:15:00,True,20:15:00,2024-01-07
11314,2024-01-07 20:30:00,True,20:30:00,2024-01-07
11315,2024-01-07 20:45:00,True,20:45:00,2024-01-07
11316,2024-01-07 21:00:00,True,21:00:00,2024-01-07
11317,2024-01-07 21:15:00,True,21:15:00,2024-01-07
11318,2024-01-07 21:30:00,True,21:30:00,2024-01-07
11319,2024-01-07 21:45:00,True,21:45:00,2024-01-07
11320,2024-01-07 22:00:00,True,22:00:00,2024-01-07
11321,2024-01-07 22:15:00,True,22:15:00,2024-01-07
11322,2024-01-07 22:30:00,True,22:30:00,2024-01-07
11323,2024-01-07 22:45:00,True,22:45:00,2024-01-07
11324,2024-01-07 23:00:00,True,23:00:00,2024-01-07
11325,2024-01-07 23:15:00,True,23:15:00,2024-01-07
11326,2024-01-07 23:30:00,True,23:30:00,2024-01-07
11327,2024-01-07 23:45:00,True,23:45:00,2024-01-07
11328,2024-01-08 00:00:00,True,00:00:00,2024-01-08
11329,2024-01-08 00:15:00,True,00:15:00,2024-01-08
11330,2024-01-08 00:30:00,True,00:30:00,2024-01-08
11331,2024-01-08 00:45:00,True,00:45:00,2024-01-08
11332,2024-01-08 01:00:00,True,01:00:00,2024-01-08
11333,2024-01-08 01:15:00,True,01:15:00,2024-01-08
11334,2024-01-08 01:30:00,True,01:30:00,2024-01-08
11335,2024-01-08 01:45:00,True,01:45:00,2024-01-08
11336,2024-01-08 02:00:00,True,02:00:00,2024-01-08
11337,2024-01-08 02:15:00,True,02:15:00,2024-01-08
11338,2024-01-08 02:30:00,True,02:30:00,2024-01-08
11339,2024-01-08 02:45:00,True,02:45:00,2024-01-08
11340,2024-01-08 03:00:00,True,03:00:00,2024-01-08
11341,2024-01-08 03:15:00,True,03:15:00,2024-01-08
11342,2024-01-08 03:30:00,True,03:30:00,2024-01-08
11343,2024-01-08 03:45:00,True,03:45:00,2024-01-08
11344,2024-01-08 04:00:00,True,04:00:00,2024-01-08
11345,2024-01-08 04:15:00,True,04:15:00,2024-01-08
11346,2024-01-08 04:30:00,True,04:30:00,2024-01-08
11347,2024-01-08 04:45:00,True,04:45:00,2024-01-08
11348,2024-01-08 05:00:00,True,05:00:00,2024-01-08
11349,2024-01-08 05:15:00,True,05:15:00,2024-01-08
11350,2024-01-08 05:30:00,True,05:30:00,2024-01-08
11351,2024-01-08 05:45:00,True,05:45:00,2024-01-08
11352,2024-01-08 06:00:00,True,06:00:00,2024-01-08
11353,2024-01-08 06:15:00,True,06:15:00,2024-01-08
11354,2024-01-08 06:30:00,True,06:30:00,2024-01-08
11355,2024-01-08 06:45:00,True,06:45:00,2024-01-08
11356,2024-01-08 07:00:00,True,07:00:00,2024-01-08
11357,2024-01-08 07:15:00,True,07:15:00,2024-01-08
11358,2024-01-08 07:30:00,True,07:30:00,2024-01-08
11359,2024-01-08 07:45:00,True,07:45:00,2024-01-08
11360,2024-01-08 08:00:00,True,08:00:00,2024-01-08
11361,2024-01-08 08:15:00,True,08:15:00,2024-01-08
11362,2024-01-08 08:30:00,True,08:30:00,2024-01-08
11363,2024-01-08 08:45:00,True,08:45:00,2024-01-08
11364,2024-01-08 09:00:00,True,09:00:00,2024-01-08
11365,2024-01-08 09:15:00,True,09:15:00,2024-01-08
11366,2024-01-08 09:30:00,True,09:30:00,2024-01-08
11367,2024-01-08 09:45:00,True,09:45:00,2024-01-08
11368,2024-01-08 10:00:00,True,10:00:00,2024-01-08
11369,2024-01-08 10:15:00,True,10:15:00,2024-01-08
11370,2024-01-08 10:30:00,True,10:30:00,2024-01-08
11371,2024-01-08 10:45:00,True,10:45:00,2024-01-08
11372,2024-01-08 11:00:00,True,11:00:00,2024-01-08
11373,2024-01-08 11:15:00,True,11:15:00,2024-01-08
11374,2024-01-08 11:30:00,True,11:30:00,2024-01-08
11375,2024-01-08 11:45:00,True,11:45:00,2024-01-08
11376,2024-01-08 12:00:00,True,12:00:00,2024-01-08
11377,2024-01-08 12:15:00,True,12:15:00,2024-01-08
11378,2024-01-08 12:30:00,True,12:30:00,2024-01-08
11379,2024-01-08 12:45:00,True,12:45:00,2024-01-08
11380,2024-01-08 13:00:00,True,13:00:00,2024-01-08
11381,2024-01-08 13:15:00,True,13:15:00,2024-01-08
11382,2024-01-08 13:30:00,True,13:30:00,2024-01-08
11383,2024-01-08 13:45:00,True,13:45:00,2024-01-08
11384,2024-01-08 14:00:00,True,14:00:00,2024-01-08
11385,2024-01-08 14:15:00,True,14:15:00,2024-01-08
11386,2024-01-08 14:30:00,True,14:30:00,2024-01-08
11387,2024-01-08 14:45:00,True,14:45:00,2024-01-08
11388,2024-01-08 15:00:00,True,15:00:00,2024-01-08
11389,2024-01-08 15:15:00,True,15:15:00,2024-01-08
11390,2024-01-08 15:30:00,True,15:30:00,2024-01-08
11391,2024-01-08 15:45:00,True,15:45:00,2024-01-08
11392,2024-01-08 16:00:00,True,16:00:00,2024-01-08
11393,2024-01-08 16:15:00,True,16:15:00,2024-01-08
11394,2024-01-08 16:30:00,True,16:30:00,2024-01-08
11395,2024-01-08 16:45:00,True,16:45:00,2024-01-08
11396,2024-01-08 17:00:00,True,17:00:00,2024-01-08
11397,2024-01-08 17:15:00,True,17:15:00,2024-01-08
11398,2024-01-08 17:30:00,True,17:30:00,2024-01-08
11399,2024-01-08 17:45:00,True,17:45:00,2024-01-08
11400,2024-01-08 18:00:00,True,18:00:00,2024-01-08
11401,2024-01-08 18:15:00,True,18:15:00,2024-01-08
11402,2024-01-08 18:30:00,True,18:30:00,2024-01-08
11403,2024-01-08 18:45:00,True,18:45:00,2024-01-08
11404,2024-01-08 19:00:00,True,19:00:00,2024-01-08
11405,2024-01-08 19:15:00,True,19:15:00,2024-01-08
11406,2024-01-08 19:30:00,True,19:30:00,2024-01-08
11407,2024-01-08 19:45:00,True,19:45:00,2024-01-08
11408,2024-01-08 20:00:00,True,20:00:00,2024-01-08
11409,2024-01-08 20:15:00,True,20:15:00,2024-01-08
11410,2024-01-08 20:30:00,True,20:30:00,2024-01-08
11411,2024-01-08 20:45:00,True,20:45:00,2024-01-08
11412,2024-01-08 21:00:00,True,21:00:00,2024-01-08
11413,2024-01-08 21:15:00,True,21:15:00,2024-01-08
11414,2024-01-08 21:30:00,True,21:30:00,2024-01-08
11415,2024-01-08 21:45:00,True,21:45:00,2024-01-08
11416,2024-01-08 22:00:00,True,22:00:00,2024-01-08
11417,2024-01-08 22:15:00,True,22:15:00,2024-01-08
11418,2024-01-08 22:30:00,True,22:30:00,2024-01-08
11419,2024-01-08 22:45:00,True,22:45:00,2024-01-08
11420,2024-01-08 23:00:00,True,23:00:00,2024-01-08
11421,2024-01-08 23:15:00,True,23:15:00,2024-01-08
11422,2024-01-08 23:30:00,True,23:30:00,2024-01-08
11423,2024-01-08 23:45:00,True,23:45:00,2024-01-08
11424,2024-01-09 00:00:00,True,00:00:00,2024-01-09
11425,2024-01-09 00:15:00,True,00:15:00,2024-01-09
11426,2024-01-09 00:30:00,True,00:30:00,2024-01-09
11427,2024-01-09 00:45:00,True,00:45:00,2024-01-09
11428,2024-01-09 01:00:00,True,01:00:00,2024-01-09
11429,2024-01-09 01:15:00,True,01:15:00,2024-01-09
11430,2024-01-09 01:30:00,True,01:30:00,2024-01-09
11431,2024-01-09 01:45:00,True,01:45:00,2024-01-09
11432,2024-01-09 02:00:00,True,02:00:00,2024-01-09
11433,2024-01-09 02:15:00,True,02:15:00,2024-01-09
11434,2024-01-09 02:30:00,True,02:30:00,2024-01-09
11435,2024-01-09 02:45:00,True,02:45:00,2024-01-09
11436,2024-01-09 03:00:00,True,03:00:00,2024-01-09
11437,2024-01-09 03:15:00,True,03:15:00,2024-01-09
11438,2024-01-09 03:30:00,True,03:30:00,2024-01-09
11439,2024-01-09 03:45:00,True,03:45:00,2024-01-09
11440,2024-01-09 04:00:00,True,04:00:00,2024-01-09
11441,2024-01-09 04:15:00,True,04:15:00,2024-01-09
11442,2024-01-09 04:30:00,True,04:30:00,2024-01-09
11443,2024-01-09 04:45:00,True,04:45:00,2024-01-09
11444,2024-01-09 05:00:00,True,05:00:00,2024-01-09
11445,2024-01-09 05:15:00,True,05:15:00,2024-01-09
11446,2024-01-09 05:30:00,True,05:30:00,2024-01-09
11447,2024-01-09 05:45:00,True,05:45:00,2024-01-09
11448,2024-01-09 06:00:00,True,06:00:00,2024-01-09
11449,2024-01-09 06:15:00,True,06:15:00,2024-01-09
11450,2024-01-09 06:30:00,True,06:30:00,2024-01-09
11451,2024-01-09 06:45:00,True,06:45:00,2024-01-09
11452,2024-01-09 07:00:00,True,07:00:00,2024-01-09
11453,2024-01-09 07:15:00,True,07:15:00,2024-01-09
11454,2024-01-09 07:30:00,True,07:30:00,2024-01-09
11455,2024-01-09 07:45:00,True,07:45:00,2024-01-09
11456,2024-01-09 08:00:00,True,08:00:00,2024-01-09
11457,2024-01-09 08:15:00,True,08:15:00,2024-01-09
11458,2024-01-09 08:30:00,True,08:30:00,2024-01-09
11459,2024-01-09 08:45:00,True,08:45:00,2024-01-09
11460,2024-01-09 09:00:00,True,09:00:00,2024-01-09
11461,2024-01-09 09:15:00,True,09:15:00,2024-01-09
11462,2024-01-09 09:30:00,True,09:30:00,2024-01-09
11463,2024-01-09 09:45:00,True,09:45:00,2024-01-09
11464,2024-01-09 10:00:00,True,10:00:00,2024-01-09
11465,2024-01-09 10:15:00,True,10:15:00,2024-01-09
11466,2024-01-09 10:30:00,True,10:30:00,2024-01-09
11467,2024-01-09 10:45:00,True,10:45:00,2024-01-09
11468,2024-01-09 11:00:00,True,11:00:00,2024-01-09
11469,2024-01-09 11:15:00,True,11:15:00,2024-01-09
11470,2024-01-09 11:30:00,True,11:30:00,2024-01-09
11471,2024-01-09 11:45:00,True,11:45:00,2024-01-09
11472,2024-01-09 12:00:00,True,12:00:00,2024-01-09
11473,2024-01-09 12:15:00,True,12:15:00,2024-01-09
11474,2024-01-09 12:30:00,True,12:30:00,2024-01-09
11475,2024-01-09 12:45:00,True,12:45:00,2024-01-09
11476,2024-01-09 13:00:00,True,13:00:00,2024-01-09
11477,2024-01-09 13:15:00,True,13:15:00,2024-01-09
11478,2024-01-09 13:30:00,True,13:30:00,2024-01-09
11479,2024-01-09 13:45:00,True,13:45:00,2024-01-09
11480,2024-01-09 14:00:00,True,14:00:00,2024-01-09
11481,2024-01-09 14:15:00,True,14:15:00,2024-01-09
11482,2024-01-09 14:30:00,True,14:30:00,2024-01-09
11483,2024-01-09 14:45:00,True,14:45:00,2024-01-09
11484,2024-01-09 15:00:00,True,15:00:00,2024-01-09
11485,2024-01-09 15:15:00,True,15:15:00,2024-01-09
11486,2024-01-09 15:30:00,True,15:30:00,2024-01-09
11487,2024-01-09 15:45:00,True,15:45:00,2024-01-09
11488,2024-01-09 16:00:00,True,16:00:00,2024-01-09
11489,2024-01-09 16:15:00,True,16:15:00,2024-01-09
11490,2024-01-09 16:30:00,True,16:30:00,2024-01-09
11491,2024-01-09 16:45:00,True,16:45:00,2024-01-09
11492,2024-01-09 17:00:00,True,17:00:00,2024-01-09
11493,2024-01-09 17:15:00,True,17:15:00,2024-01-09
11494,2024-01-09 17:30:00,True,17:30:00,2024-01-09
11495,2024-01-09 17:45:00,True,17:45:00,2024-01-09
11496,2024-01-09 18:00:00,True,18:00:00,2024-01-09
11497,2024-01-09 18:15:00,True,18:15:00,2024-01-09
11498,2024-01-09 18:30:00,True,18:30:00,2024-01-09
11499,2024-01-09 18:45:00,True,18:45:00,2024-01-09
11500,2024-01-09 19:00:00,True,19:00:00,2024-01-09
11501,2024-01-09 19:15:00,True,19:15:00,2024-01-09
11502,2024-01-09 19:30:00,True,19:30:00,2024-01-09
11503,2024-01-09 19:45:00,True,19:45:00,2024-01-09
11504,2024-01-09 20:00:00,True,20:00:00,2024-01-09
11505,2024-01-09 20:15:00,True,20:15:00,2024-01-09
11506,2024-01-09 20:30:00,True,20:30:00,2024-01-09
11507,2024-01-09 20:45:00,True,20:45:00,2024-01-09
11508,2024-01-09 21:00:00,True,21:00:00,2024-01-09
11509,2024-01-09 21:15:00,True,21:15:00,2024-01-09
11510,2024-01-09 21:30:00,True,21:30:00,2024-01-09
11511,2024-01-09 21:45:00,True,21:45:00,2024-01-09
11512,2024-01-09 22:00:00,True,22:00:00,2024-01-09
11513,2024-01-09 22:15:00,True,22:15:00,2024-01-09
11514,2024-01-09 22:30:00,True,22:30:00,2024-01-09
11515,2024-01-09 22:45:00,True,22:45:00,2024-01-09
11516,2024-01-09 23:00:00,True,23:00:00,2024-01-09
11517,2024-01-09 23:15:00,True,23:15:00,2024-01-09
11518,2024-01-09 23:30:00,True,23:30:00,2024-01-09
11519,2024-01-09 23:45:00,True,23:45:00,2024-01-09
11520,2024-01-10 00:00:00,True,00:00:00,2024-01-10
11521,2024-01-10 00:15:00,True,00:15:00,2024-01-10
11522,2024-01-10 00:30:00,True,00:30:00,2024-01-10
11523,2024-01-10 00:45:00,True,00:45:00,2024-01-10
11524,2024-01-10 01:00:00,True,01:00:00,2024-01-10
11525,2024-01-10 01:15:00,True,01:15:00,2024-01-10
11526,2024-01-10 01:30:00,True,01:30:00,2024-01-10
11527,2024-01-10 01:45:00,True,01:45:00,2024-01-10
11528,2024-01-10 02:00:00,True,02:00:00,2024-01-10
11529,2024-01-10 02:15:00,True,02:15:00,2024-01-10
11530,2024-01-10 02:30:00,True,02:30:00,2024-01-10
11531,2024-01-10 02:45:00,True,02:45:00,2024-01-10
11532,2024-01-10 03:00:00,True,03:00:00,2024-01-10
11533,2024-01-10 03:15:00,True,03:15:00,2024-01-10
11534,2024-01-10 03:30:00,True,03:30:00,2024-01-10
11535,2024-01-10 03:45:00,True,03:45:00,2024-01-10
11536,2024-01-10 04:00:00,True,04:00:00,2024-01-10
11537,2024-01-10 04:15:00,True,04:15:00,2024-01-10
11538,2024-01-10 04:30:00,True,04:30:00,2024-01-10
11539,2024-01-10 04:45:00,True,04:45:00,2024-01-10
11540,2024-01-10 05:00:00,True,05:00:00,2024-01-10
11541,2024-01-10 05:15:00,True,05:15:00,2024-01-10
11542,2024-01-10 05:30:00,True,05:30:00,2024-01-10
11543,2024-01-10 05:45:00,True,05:45:00,2024-01-10
11544,2024-01-10 06:00:00,True,06:00:00,2024-01-10
11545,2024-01-10 06:15:00,True,06:15:00,2024-01-10
11546,2024-01-10 06:30:00,True,06:30:00,2024-01-10
11547,2024-01-10 06:45:00,True,06:45:00,2024-01-10
11548,2024-01-10 07:00:00,True,07:00:00,2024-01-10
11549,2024-01-10 07:15:00,True,07:15:00,2024-01-10
11550,2024-01-10 07:30:00,True,07:30:00,2024-01-10
11551,2024-01-10 07:45:00,True,07:45:00,2024-01-10
11552,2024-01-10 08:00:00,True,08:00:00,2024-01-10
11553,2024-01-10 08:15:00,True,08:15:00,2024-01-10
11554,2024-01-10 08:30:00,True,08:30:00,2024-01-10
11555,2024-01-10 08:45:00,True,08:45:00,2024-01-10
11556,2024-01-10 09:00:00,True,09:00:00,2024-01-10
11557,2024-01-10 09:15:00,True,09:15:00,2024-01-10
11558,2024-01-10 09:30:00,True,09:30:00,2024-01-10
11559,2024-01-10 09:45:00,True,09:45:00,2024-01-10
11560,2024-01-10 10:00:00,True,10:00:00,2024-01-10
11561,2024-01-10 10:15:00,True,10:15:00,2024-01-10
11562,2024-01-10 10:30:00,True,10:30:00,2024-01-10
11563,2024-01-10 10:45:00,True,10:45:00,2024-01-10
11564,2024-01-10 11:00:00,True,11:00:00,2024-01-10
11565,2024-01-10 11:15:00,True,11:15:00,2024-01-10
11566,2024-01-10 11:30:00,True,11:30:00,2024-01-10
11567,2024-01-10 11:45:00,True,11:45:00,2024-01-10
11568,2024-01-10 12:00:00,True,12:00:00,2024-01-10
11569,2024-01-10 12:15:00,True,12:15:00,2024-01-10
11570,2024-01-10 12:30:00,True,12:30:00,2024-01-10
11571,2024-01-10 12:45:00,True,12:45:00,2024-01-10
11572,2024-01-10 13:00:00,True,13:00:00,2024-01-10
11573,2024-01-10 13:15:00,True,13:15:00,2024-01-10
11574,2024-01-10 13:30:00,True,13:30:00,2024-01-10
11575,2024-01-10 13:45:00,True,13:45:00,2024-01-10
11576,2024-01-10 14:00:00,True,14:00:00,2024-01-10
11577,2024-01-10 14:15:00,True,14:15:00,2024-01-10
11578,2024-01-10 14:30:00,True,14:30:00,2024-01-10
11579,2024-01-10 14:45:00,True,14:45:00,2024-01-10
11580,2024-01-10 15:00:00,True,15:00:00,2024-01-10
11581,2024-01-10 15:15:00,True,15:15:00,2024-01-10
11582,2024-01-10 15:30:00,True,15:30:00,2024-01-10
11583,2024-01-10 15:45:00,True,15:45:00,2024-01-10
11584,2024-01-10 16:00:00,True,16:00:00,2024-01-10
11585,2024-01-10 16:15:00,True,16:15:00,2024-01-10
11586,2024-01-10 16:30:00,True,16:30:00,2024-01-10
11587,2024-01-10 16:45:00,True,16:45:00,2024-01-10
11588,2024-01-10 17:00:00,True,17:00:00,2024-01-10
11589,2024-01-10 17:15:00,True,17:15:00,2024-01-10
11590,2024-01-10 17:30:00,True,17:30:00,2024-01-10
11591,2024-01-10 17:45:00,True,17:45:00,2024-01-10
11592,2024-01-10 18:00:00,True,18:00:00,2024-01-10
11593,2024-01-10 18:15:00,True,18:15:00,2024-01-10
11594,2024-01-10 18:30:00,True,18:30:00,2024-01-10
11595,2024-01-10 18:45:00,True,18:45:00,2024-01-10
11596,2024-01-10 19:00:00,True,19:00:00,2024-01-10
11597,2024-01-10 19:15:00,True,19:15:00,2024-01-10
11598,2024-01-10 19:30:00,True,19:30:00,2024-01-10
11599,2024-01-10 19:45:00,True,19:45:00,2024-01-10
11600,2024-01-10 20:00:00,True,20:00:00,2024-01-10
11601,2024-01-10 20:15:00,True,20:15:00,2024-01-10
11602,2024-01-10 20:30:00,True,20:30:00,2024-01-10
11603,2024-01-10 20:45:00,True,20:45:00,2024-01-10
11604,2024-01-10 21:00:00,True,21:00:00,2024-01-10
11605,2024-01-10 21:15:00,True,21:15:00,2024-01-10
11606,2024-01-10 21:30:00,True,21:30:00,2024-01-10
11607,2024-01-10 21:45:00,True,21:45:00,2024-01-10
11608,2024-01-10 22:00:00,True,22:00:00,2024-01-10
11609,2024-01-10 22:15:00,True,22:15:00,2024-01-10
11610,2024-01-10 22:30:00,True,22:30:00,2024-01-10
11611,2024-01-10 22:45:00,True,22:45:00,2024-01-10
11612,2024-01-10 23:00:00,True,23:00:00,2024-01-10
11613,2024-01-10 23:15:00,True,23:15:00,2024-01-10
11614,2024-01-10 23:30:00,True,23:30:00,2024-01-10
11615,2024-01-10 23:45:00,True,23:45:00,2024-01-10
11616,2024-01-11 00:00:00,True,00:00:00,2024-01-11
11617,2024-01-11 00:15:00,True,00:15:00,2024-01-11
11618,2024-01-11 00:30:00,True,00:30:00,2024-01-11
11619,2024-01-11 00:45:00,True,00:45:00,2024-01-11
11620,2024-01-11 01:00:00,True,01:00:00,2024-01-11
11621,2024-01-11 01:15:00,True,01:15:00,2024-01-11
11622,2024-01-11 01:30:00,True,01:30:00,2024-01-11
11623,2024-01-11 01:45:00,True,01:45:00,2024-01-11
11624,2024-01-11 02:00:00,True,02:00:00,2024-01-11
11625,2024-01-11 02:15:00,True,02:15:00,2024-01-11
11626,2024-01-11 02:30:00,True,02:30:00,2024-01-11
11627,2024-01-11 02:45:00,True,02:45:00,2024-01-11
11628,2024-01-11 03:00:00,True,03:00:00,2024-01-11
11629,2024-01-11 03:15:00,True,03:15:00,2024-01-11
11630,2024-01-11 03:30:00,True,03:30:00,2024-01-11
11631,2024-01-11 03:45:00,True,03:45:00,2024-01-11
11632,2024-01-11 04:00:00,True,04:00:00,2024-01-11
11633,2024-01-11 04:15:00,True,04:15:00,2024-01-11
11634,2024-01-11 04:30:00,True,04:30:00,2024-01-11
11635,2024-01-11 04:45:00,True,04:45:00,2024-01-11
11636,2024-01-11 05:00:00,True,05:00:00,2024-01-11
11637,2024-01-11 05:15:00,True,05:15:00,2024-01-11
11638,2024-01-11 05:30:00,True,05:30:00,2024-01-11
11639,2024-01-11 05:45:00,True,05:45:00,2024-01-11
11640,2024-01-11 06:00:00,True,06:00:00,2024-01-11
11641,2024-01-11 06:15:00,True,06:15:00,2024-01-11
11642,2024-01-11 06:30:00,True,06:30:00,2024-01-11
11643,2024-01-11 06:45:00,True,06:45:00,2024-01-11
11644,2024-01-11 07:00:00,True,07:00:00,2024-01-11
11645,2024-01-11 07:15:00,True,07:15:00,2024-01-11
11646,2024-01-11 07:30:00,True,07:30:00,2024-01-11
11647,2024-01-11 07:45:00,True,07:45:00,2024-01-11
11648,2024-01-11 08:00:00,True,08:00:00,2024-01-11
11649,2024-01-11 08:15:00,True,08:15:00,2024-01-11
11650,2024-01-11 08:30:00,True,08:30:00,2024-01-11
11651,2024-01-11 08:45:00,True,08:45:00,2024-01-11
11652,2024-01-11 09:00:00,True,09:00:00,2024-01-11
11653,2024-01-11 09:15:00,True,09:15:00,2024-01-11
11654,2024-01-11 09:30:00,True,09:30:00,2024-01-11
11655,2024-01-11 09:45:00,True,09:45:00,2024-01-11
11656,2024-01-11 10:00:00,True,10:00:00,2024-01-11
11657,2024-01-11 10:15:00,True,10:15:00,2024-01-11
11658,2024-01-11 10:30:00,True,10:30:00,2024-01-11
11659,2024-01-11 10:45:00,True,10:45:00,2024-01-11
11660,2024-01-11 11:00:00,True,11:00:00,2024-01-11
11661,2024-01-11 11:15:00,True,11:15:00,2024-01-11
11662,2024-01-11 11:30:00,True,11:30:00,2024-01-11
11663,2024-01-11 11:45:00,True,11:45:00,2024-01-11
11664,2024-01-11 12:00:00,True,12:00:00,2024-01-11
11665,2024-01-11 12:15:00,True,12:15:00,2024-01-11
11666,2024-01-11 12:30:00,True,12:30:00,2024-01-11
11667,2024-01-11 12:45:00,True,12:45:00,2024-01-11
11668,2024-01-11 13:00:00,True,13:00:00,2024-01-11
11669,2024-01-11 13:15:00,True,13:15:00,2024-01-11
11670,2024-01-11 13:30:00,True,13:30:00,2024-01-11
11671,2024-01-11 13:45:00,True,13:45:00,2024-01-11
11672,2024-01-11 14:00:00,True,14:00:00,2024-01-11
11673,2024-01-11 14:15:00,True,14:15:00,2024-01-11
11674,2024-01-11 14:30:00,True,14:30:00,2024-01-11
11675,2024-01-11 14:45:00,True,14:45:00,2024-01-11
11676,2024-01-11 15:00:00,True,15:00:00,2024-01-11
11677,2024-01-11 15:15:00,True,15:15:00,2024-01-11
11678,2024-01-11 15:30:00,True,15:30:00,2024-01-11
11679,2024-01-11 15:45:00,True,15:45:00,2024-01-11
11680,2024-01-11 16:00:00,True,16:00:00,2024-01-11
11681,2024-01-11 16:15:00,True,16:15:00,2024-01-11
11682,2024-01-11 16:30:00,True,16:30:00,2024-01-11
11683,2024-01-11 16:45:00,True,16:45:00,2024-01-11
11684,2024-01-11 17:00:00,True,17:00:00,2024-01-11
11685,2024-01-11 17:15:00,True,17:15:00,2024-01-11
11686,2024-01-11 17:30:00,True,17:30:00,2024-01-11
11687,2024-01-11 17:45:00,True,17:45:00,2024-01-11
11688,2024-01-11 18:00:00,True,18:00:00,2024-01-11
11689,2024-01-11 18:15:00,True,18:15:00,2024-01-11
11690,2024-01-11 18:30:00,True,18:30:00,2024-01-11
11691,2024-01-11 18:45:00,True,18:45:00,2024-01-11
11692,2024-01-11 19:00:00,True,19:00:00,2024-01-11
11693,2024-01-11 19:15:00,True,19:15:00,2024-01-11
11694,2024-01-11 19:30:00,True,19:30:00,2024-01-11
11695,2024-01-11 19:45:00,True,19:45:00,2024-01-11
11696,2024-01-11 20:00:00,True,20:00:00,2024-01-11
11697,2024-01-11 20:15:00,True,20:15:00,2024-01-11
11698,2024-01-11 20:30:00,True,20:30:00,2024-01-11
11699,2024-01-11 20:45:00,True,20:45:00,2024-01-11
11700,2024-01-11 21:00:00,True,21:00:00,2024-01-11
11701,2024-01-11 21:15:00,True,21:15:00,2024-01-11
11702,2024-01-11 21:30:00,True,21:30:00,2024-01-11
11703,2024-01-11 21:45:00,True,21:45:00,2024-01-11
11704,2024-01-11 22:00:00,True,22:00:00,2024-01-11
11705,2024-01-11 22:15:00,True,22:15:00,2024-01-11
11706,2024-01-11 22:30:00,True,22:30:00,2024-01-11
11707,2024-01-11 22:45:00,True,22:45:00,2024-01-11
11708,2024-01-11 23:00:00,True,23:00:00,2024-01-11
11709,2024-01-11 23:15:00,True,23:15:00,2024-01-11
11710,2024-01-11 23:30:00,True,23:30:00,2024-01-11
11711,2024-01-11 23:45:00,True,23:45:00,2024-01-11
11712,2024-01-12 00:00:00,True,00:00:00,2024-01-12
11713,2024-01-12 00:15:00,True,00:15:00,2024-01-12
11714,2024-01-12 00:30:00,True,00:30:00,2024-01-12
11715,2024-01-12 00:45:00,True,00:45:00,2024-01-12
11716,2024-01-12 01:00:00,True,01:00:00,2024-01-12
11717,2024-01-12 01:15:00,True,01:15:00,2024-01-12
11718,2024-01-12 01:30:00,True,01:30:00,2024-01-12
11719,2024-01-12 01:45:00,True,01:45:00,2024-01-12
11720,2024-01-12 02:00:00,True,02:00:00,2024-01-12
11721,2024-01-12 02:15:00,True,02:15:00,2024-01-12
11722,2024-01-12 02:30:00,True,02:30:00,2024-01-12
11723,2024-01-12 02:45:00,True,02:45:00,2024-01-12
11724,2024-01-12 03:00:00,True,03:00:00,2024-01-12
11725,2024-01-12 03:15:00,True,03:15:00,2024-01-12
11726,2024-01-12 03:30:00,True,03:30:00,2024-01-12
11727,2024-01-12 03:45:00,True,03:45:00,2024-01-12
11728,2024-01-12 04:00:00,True,04:00:00,2024-01-12
11729,2024-01-12 04:15:00,True,04:15:00,2024-01-12
11730,2024-01-12 04:30:00,True,04:30:00,2024-01-12
11731,2024-01-12 04:45:00,True,04:45:00,2024-01-12
11732,2024-01-12 05:00:00,True,05:00:00,2024-01-12
11733,2024-01-12 05:15:00,True,05:15:00,2024-01-12
11734,2024-01-12 05:30:00,True,05:30:00,2024-01-12
11735,2024-01-12 05:45:00,True,05:45:00,2024-01-12
11736,2024-01-12 06:00:00,True,06:00:00,2024-01-12
11737,2024-01-12 06:15:00,True,06:15:00,2024-01-12
11738,2024-01-12 06:30:00,True,06:30:00,2024-01-12
11739,2024-01-12 06:45:00,True,06:45:00,2024-01-12
11740,2024-01-12 07:00:00,True,07:00:00,2024-01-12
11741,2024-01-12 07:15:00,True,07:15:00,2024-01-12
11742,2024-01-12 07:30:00,True,07:30:00,2024-01-12
11743,2024-01-12 07:45:00,True,07:45:00,2024-01-12
11744,2024-01-12 08:00:00,True,08:00:00,2024-01-12
11745,2024-01-12 08:15:00,True,08:15:00,2024-01-12
11746,2024-01-12 08:30:00,True,08:30:00,2024-01-12
11747,2024-01-12 08:45:00,True,08:45:00,2024-01-12
11748,2024-01-12 09:00:00,True,09:00:00,2024-01-12
11749,2024-01-12 09:15:00,True,09:15:00,2024-01-12
11750,2024-01-12 09:30:00,True,09:30:00,2024-01-12
11751,2024-01-12 09:45:00,True,09:45:00,2024-01-12
11752,2024-01-12 10:00:00,True,10:00:00,2024-01-12
11753,2024-01-12 10:15:00,True,10:15:00,2024-01-12
11754,2024-01-12 10:30:00,True,10:30:00,2024-01-12
11755,2024-01-12 10:45:00,True,10:45:00,2024-01-12
11756,2024-01-12 11:00:00,True,11:00:00,2024-01-12
11757,2024-01-12 11:15:00,True,11:15:00,2024-01-12
11758,2024-01-12 11:30:00,True,11:30:00,2024-01-12
11759,2024-01-12 11:45:00,True,11:45:00,2024-01-12
11760,2024-01-12 12:00:00,True,12:00:00,2024-01-12
11761,2024-01-12 12:15:00,True,12:15:00,2024-01-12
11762,2024-01-12 12:30:00,True,12:30:00,2024-01-12
11763,2024-01-12 12:45:00,True,12:45:00,2024-01-12
11764,2024-01-12 13:00:00,True,13:00:00,2024-01-12
11765,2024-01-12 13:15:00,True,13:15:00,2024-01-12
11766,2024-01-12 13:30:00,True,13:30:00,2024-01-12
11767,2024-01-12 13:45:00,True,13:45:00,2024-01-12
11768,2024-01-12 14:00:00,True,14:00:00,2024-01-12
11769,2024-01-12 14:15:00,True,14:15:00,2024-01-12
11770,2024-01-12 14:30:00,True,14:30:00,2024-01-12
11771,2024-01-12 14:45:00,True,14:45:00,2024-01-12
11772,2024-01-12 15:00:00,True,15:00:00,2024-01-12
11773,2024-01-12 15:15:00,True,15:15:00,2024-01-12
11774,2024-01-12 15:30:00,True,15:30:00,2024-01-12
11775,2024-01-12 15:45:00,True,15:45:00,2024-01-12
11776,2024-01-12 16:00:00,True,16:00:00,2024-01-12
11777,2024-01-12 16:15:00,True,16:15:00,2024-01-12
11778,2024-01-12 16:30:00,True,16:30:00,2024-01-12
11779,2024-01-12 16:45:00,True,16:45:00,2024-01-12
11780,2024-01-12 17:00:00,True,17:00:00,2024-01-12
11781,2024-01-12 17:15:00,True,17:15:00,2024-01-12
11782,2024-01-12 17:30:00,True,17:30:00,2024-01-12
11783,2024-01-12 17:45:00,True,17:45:00,2024-01-12
11784,2024-01-12 18:00:00,True,18:00:00,2024-01-12
11785,2024-01-12 18:15:00,True,18:15:00,2024-01-12
11786,2024-01-12 18:30:00,True,18:30:00,2024-01-12
11787,2024-01-12 18:45:00,True,18:45:00,2024-01-12
11788,2024-01-12 19:00:00,True,19:00:00,2024-01-12
11789,2024-01-12 19:15:00,True,19:15:00,2024-01-12
11790,2024-01-12 19:30:00,True,19:30:00,2024-01-12
11791,2024-01-12 19:45:00,True,19:45:00,2024-01-12
11792,2024-01-12 20:00:00,True,20:00:00,2024-01-12
11793,2024-01-12 20:15:00,True,20:15:00,2024-01-12
11794,2024-01-12 20:30:00,True,20:30:00,2024-01-12
11795,2024-01-12 20:45:00,True,20:45:00,2024-01-12
11796,2024-01-12 21:00:00,True,21:00:00,2024-01-12
11797,2024-01-12 21:15:00,True,21:15:00,2024-01-12
11798,2024-01-12 21:30:00,True,21:30:00,2024-01-12
11799,2024-01-12 21:45:00,True,21:45:00,2024-01-12
11800,2024-01-12 22:00:00,True,22:00:00,2024-01-12
11801,2024-01-12 22:15:00,True,22:15:00,2024-01-12
11802,2024-01-12 22:30:00,True,22:30:00,2024-01-12
11803,2024-01-12 22:45:00,True,22:45:00,2024-01-12
11804,2024-01-12 23:00:00,True,23:00:00,2024-01-12
11805,2024-01-12 23:15:00,True,23:15:00,2024-01-12
11806,2024-01-12 23:30:00,True,23:30:00,2024-01-12
11807,2024-01-12 23:45:00,True,23:45:00,2024-01-12
11808,2024-01-13 00:00:00,True,00:00:00,2024-01-13
11809,2024-01-13 00:15:00,True,00:15:00,2024-01-13
11810,2024-01-13 00:30:00,True,00:30:00,2024-01-13
11811,2024-01-13 00:45:00,True,00:45:00,2024-01-13
11812,2024-01-13 01:00:00,True,01:00:00,2024-01-13
11813,2024-01-13 01:15:00,True,01:15:00,2024-01-13
11814,2024-01-13 01:30:00,True,01:30:00,2024-01-13
11815,2024-01-13 01:45:00,True,01:45:00,2024-01-13
11816,2024-01-13 02:00:00,True,02:00:00,2024-01-13
11817,2024-01-13 02:15:00,True,02:15:00,2024-01-13
11818,2024-01-13 02:30:00,True,02:30:00,2024-01-13
11819,2024-01-13 02:45:00,True,02:45:00,2024-01-13
11820,2024-01-13 03:00:00,True,03:00:00,2024-01-13
11821,2024-01-13 03:15:00,True,03:15:00,2024-01-13
11822,2024-01-13 03:30:00,True,03:30:00,2024-01-13
11823,2024-01-13 03:45:00,True,03:45:00,2024-01-13
11824,2024-01-13 04:00:00,True,04:00:00,2024-01-13
11825,2024-01-13 04:15:00,True,04:15:00,2024-01-13
11826,2024-01-13 04:30:00,True,04:30:00,2024-01-13
11827,2024-01-13 04:45:00,True,04:45:00,2024-01-13
11828,2024-01-13 05:00:00,True,05:00:00,2024-01-13
11829,2024-01-13 05:15:00,True,05:15:00,2024-01-13
11830,2024-01-13 05:30:00,True,05:30:00,2024-01-13
11831,2024-01-13 05:45:00,True,05:45:00,2024-01-13
11832,2024-01-13 06:00:00,True,06:00:00,2024-01-13
11833,2024-01-13 06:15:00,True,06:15:00,2024-01-13
11834,2024-01-13 06:30:00,True,06:30:00,2024-01-13
11835,2024-01-13 06:45:00,True,06:45:00,2024-01-13
11836,2024-01-13 07:00:00,True,07:00:00,2024-01-13
11837,2024-01-13 07:15:00,True,07:15:00,2024-01-13
11838,2024-01-13 07:30:00,True,07:30:00,2024-01-13
11839,2024-01-13 07:45:00,True,07:45:00,2024-01-13
11840,2024-01-13 08:00:00,True,08:00:00,2024-01-13
11841,2024-01-13 08:15:00,True,08:15:00,2024-01-13
11842,2024-01-13 08:30:00,True,08:30:00,2024-01-13
11843,2024-01-13 08:45:00,True,08:45:00,2024-01-13
11844,2024-01-13 09:00:00,True,09:00:00,2024-01-13
11845,2024-01-13 09:15:00,True,09:15:00,2024-01-13
11846,2024-01-13 09:30:00,True,09:30:00,2024-01-13
11847,2024-01-13 09:45:00,True,09:45:00,2024-01-13
11848,2024-01-13 10:00:00,True,10:00:00,2024-01-13
11849,2024-01-13 10:15:00,True,10:15:00,2024-01-13
11850,2024-01-13 10:30:00,True,10:30:00,2024-01-13
11851,2024-01-13 10:45:00,True,10:45:00,2024-01-13
11852,2024-01-13 11:00:00,True,11:00:00,2024-01-13
11853,2024-01-13 11:15:00,True,11:15:00,2024-01-13
11854,2024-01-13 11:30:00,True,11:30:00,2024-01-13
11855,2024-01-13 11:45:00,True,11:45:00,2024-01-13
11856,2024-01-13 12:00:00,True,12:00:00,2024-01-13
11857,2024-01-13 12:15:00,True,12:15:00,2024-01-13
11858,2024-01-13 12:30:00,True,12:30:00,2024-01-13
11859,2024-01-13 12:45:00,True,12:45:00,2024-01-13
11860,2024-01-13 13:00:00,True,13:00:00,2024-01-13
11861,2024-01-13 13:15:00,True,13:15:00,2024-01-13
11862,2024-01-13 13:30:00,True,13:30:00,2024-01-13
11863,2024-01-13 13:45:00,True,13:45:00,2024-01-13
11864,2024-01-13 14:00:00,True,14:00:00,2024-01-13
11865,2024-01-13 14:15:00,True,14:15:00,2024-01-13
11866,2024-01-13 14:30:00,True,14:30:00,2024-01-13
11867,2024-01-13 14:45:00,True,14:45:00,2024-01-13
11868,2024-01-13 15:00:00,True,15:00:00,2024-01-13
11869,2024-01-13 15:15:00,True,15:15:00,2024-01-13
11870,2024-01-13 15:30:00,True,15:30:00,2024-01-13
11871,2024-01-13 15:45:00,True,15:45:00,2024-01-13
11872,2024-01-13 16:00:00,True,16:00:00,2024-01-13
11873,2024-01-13 16:15:00,True,16:15:00,2024-01-13
11874,2024-01-13 16:30:00,True,16:30:00,2024-01-13
11875,2024-01-13 16:45:00,True,16:45:00,2024-01-13
11876,2024-01-13 17:00:00,True,17:00:00,2024-01-13
11877,2024-01-13 17:15:00,True,17:15:00,2024-01-13
11878,2024-01-13 17:30:00,True,17:30:00,2024-01-13
11879,2024-01-13 17:45:00,True,17:45:00,2024-01-13
11880,2024-01-13 18:00:00,True,18:00:00,2024-01-13
11881,2024-01-13 18:15:00,True,18:15:00,2024-01-13
11882,2024-01-13 18:30:00,True,18:30:00,2024-01-13
11883,2024-01-13 18:45:00,True,18:45:00,2024-01-13
11884,2024-01-13 19:00:00,True,19:00:00,2024-01-13
11885,2024-01-13 19:15:00,True,19:15:00,2024-01-13
11886,2024-01-13 19:30:00,True,19:30:00,2024-01-13
11887,2024-01-13 19:45:00,True,19:45:00,2024-01-13
11888,2024-01-13 20:00:00,True,20:00:00,2024-01-13
11889,2024-01-13 20:15:00,True,20:15:00,2024-01-13
11890,2024-01-13 20:30:00,True,20:30:00,2024-01-13
11891,2024-01-13 20:45:00,True,20:45:00,2024-01-13
11892,2024-01-13 21:00:00,True,21:00:00,2024-01-13
11893,2024-01-13 21:15:00,True,21:15:00,2024-01-13
11894,2024-01-13 21:30:00,True,21:30:00,2024-01-13
11895,2024-01-13 21:45:00,True,21:45:00,2024-01-13
11896,2024-01-13 22:00:00,True,22:00:00,2024-01-13
11897,2024-01-13 22:15:00,True,22:15:00,2024-01-13
11898,2024-01-13 22:30:00,True,22:30:00,2024-01-13
11899,2024-01-13 22:45:00,True,22:45:00,2024-01-13
11900,2024-01-13 23:00:00,True,23:00:00,2024-01-13
11901,2024-01-13 23:15:00,True,23:15:00,2024-01-13
11902,2024-01-13 23:30:00,True,23:30:00,2024-01-13
11903,2024-01-13 23:45:00,True,23:45:00,2024-01-13
11904,2024-01-14 00:00:00,True,00:00:00,2024-01-14
11905,2024-01-14 00:15:00,True,00:15:00,2024-01-14
11906,2024-01-14 00:30:00,True,00:30:00,2024-01-14
11907,2024-01-14 00:45:00,True,00:45:00,2024-01-14
11908,2024-01-14 01:00:00,True,01:00:00,2024-01-14
11909,2024-01-14 01:15:00,True,01:15:00,2024-01-14
11910,2024-01-14 01:30:00,True,01:30:00,2024-01-14
11911,2024-01-14 01:45:00,True,01:45:00,2024-01-14
11912,2024-01-14 02:00:00,True,02:00:00,2024-01-14
11913,2024-01-14 02:15:00,True,02:15:00,2024-01-14
11914,2024-01-14 02:30:00,True,02:30:00,2024-01-14
11915,2024-01-14 02:45:00,True,02:45:00,2024-01-14
11916,2024-01-14 03:00:00,True,03:00:00,2024-01-14
11917,2024-01-14 03:15:00,True,03:15:00,2024-01-14
11918,2024-01-14 03:30:00,True,03:30:00,2024-01-14
11919,2024-01-14 03:45:00,True,03:45:00,2024-01-14
11920,2024-01-14 04:00:00,True,04:00:00,2024-01-14
11921,2024-01-14 04:15:00,True,04:15:00,2024-01-14
11922,2024-01-14 04:30:00,True,04:30:00,2024-01-14
11923,2024-01-14 04:45:00,True,04:45:00,2024-01-14
11924,2024-01-14 05:00:00,True,05:00:00,2024-01-14
11925,2024-01-14 05:15:00,True,05:15:00,2024-01-14
11926,2024-01-14 05:30:00,True,05:30:00,2024-01-14
11927,2024-01-14 05:45:00,True,05:45:00,2024-01-14
11928,2024-01-14 06:00:00,True,06:00:00,2024-01-14
11929,2024-01-14 06:15:00,True,06:15:00,2024-01-14
11930,2024-01-14 06:30:00,True,06:30:00,2024-01-14
11931,2024-01-14 06:45:00,True,06:45:00,2024-01-14
11932,2024-01-14 07:00:00,True,07:00:00,2024-01-14
11933,2024-01-14 07:15:00,True,07:15:00,2024-01-14
11934,2024-01-14 07:30:00,True,07:30:00,2024-01-14
11935,2024-01-14 07:45:00,True,07:45:00,2024-01-14
11936,2024-01-14 08:00:00,True,08:00:00,2024-01-14
11937,2024-01-14 08:15:00,True,08:15:00,2024-01-14
11938,2024-01-14 08:30:00,True,08:30:00,2024-01-14
11939,2024-01-14 08:45:00,True,08:45:00,2024-01-14
11940,2024-01-14 09:00:00,True,09:00:00,2024-01-14
11941,2024-01-14 09:15:00,True,09:15:00,2024-01-14
11942,2024-01-14 09:30:00,True,09:30:00,2024-01-14
11943,2024-01-14 09:45:00,True,09:45:00,2024-01-14
11944,2024-01-14 10:00:00,True,10:00:00,2024-01-14
11945,2024-01-14 10:15:00,True,10:15:00,2024-01-14
11946,2024-01-14 10:30:00,True,10:30:00,2024-01-14
11947,2024-01-14 10:45:00,True,10:45:00,2024-01-14
11948,2024-01-14 11:00:00,True,11:00:00,2024-01-14
11949,2024-01-14 11:15:00,True,11:15:00,2024-01-14
11950,2024-01-14 11:30:00,True,11:30:00,2024-01-14
11951,2024-01-14 11:45:00,True,11:45:00,2024-01-14
11952,2024-01-14 12:00:00,True,12:00:00,2024-01-14
11953,2024-01-14 12:15:00,True,12:15:00,2024-01-14
11954,2024-01-14 12:30:00,True,12:30:00,2024-01-14
11955,2024-01-14 12:45:00,True,12:45:00,2024-01-14
11956,2024-01-14 13:00:00,True,13:00:00,2024-01-14
11957,2024-01-14 13:15:00,True,13:15:00,2024-01-14
11958,2024-01-14 13:30:00,True,13:30:00,2024-01-14
11959,2024-01-14 13:45:00,True,13:45:00,2024-01-14
11960,2024-01-14 14:00:00,True,14:00:00,2024-01-14
11961,2024-01-14 14:15:00,True,14:15:00,2024-01-14
11962,2024-01-14 14:30:00,True,14:30:00,2024-01-14
11963,2024-01-14 14:45:00,True,14:45:00,2024-01-14
11964,2024-01-14 15:00:00,True,15:00:00,2024-01-14
11965,2024-01-14 15:15:00,True,15:15:00,2024-01-14
11966,2024-01-14 15:30:00,True,15:30:00,2024-01-14
11967,2024-01-14 15:45:00,True,15:45:00,2024-01-14
11968,2024-01-14 16:00:00,True,16:00:00,2024-01-14
11969,2024-01-14 16:15:00,True,16:15:00,2024-01-14
11970,2024-01-14 16:30:00,True,16:30:00,2024-01-14
11971,2024-01-14 16:45:00,True,16:45:00,2024-01-14
11972,2024-01-14 17:00:00,True,17:00:00,2024-01-14
11973,2024-01-14 17:15:00,True,17:15:00,2024-01-14
11974,2024-01-14 17:30:00,True,17:30:00,2024-01-14
11975,2024-01-14 17:45:00,True,17:45:00,2024-01-14
11976,2024-01-14 18:00:00,True,18:00:00,2024-01-14
11977,2024-01-14 18:15:00,True,18:15:00,2024-01-14
11978,2024-01-14 18:30:00,True,18:30:00,2024-01-14
11979,2024-01-14 18:45:00,True,18:45:00,2024-01-14
11980,2024-01-14 19:00:00,True,19:00:00,2024-01-14
11981,2024-01-14 19:15:00,True,19:15:00,2024-01-14
11982,2024-01-14 19:30:00,True,19:30:00,2024-01-14
11983,2024-01-14 19:45:00,True,19:45:00,2024-01-14
11984,2024-01-14 20:00:00,True,20:00:00,2024-01-14
11985,2024-01-14 20:15:00,True,20:15:00,2024-01-14
11986,2024-01-14 20:30:00,True,20:30:00,2024-01-14
11987,2024-01-14 20:45:00,True,20:45:00,2024-01-14
11988,2024-01-14 21:00:00,True,21:00:00,2024-01-14
11989,2024-01-14 21:15:00,True,21:15:00,2024-01-14
11990,2024-01-14 21:30:00,True,21:30:00,2024-01-14
11991,2024-01-14 21:45:00,True,21:45:00,2024-01-14
11992,2024-01-14 22:00:00,True,22:00:00,2024-01-14
11993,2024-01-14 22:15:00,True,22:15:00,2024-01-14
11994,2024-01-14 22:30:00,True,22:30:00,2024-01-14
11995,2024-01-14 22:45:00,True,22:45:00,2024-01-14
11996,2024-01-14 23:00:00,True,23:00:00,2024-01-14
11997,2024-01-14 23:15:00,True,23:15:00,2024-01-14
11998,2024-01-14 23:30:00,True,23:30:00,2024-01-14
11999,2024-01-14 23:45:00,True,23:45:00,2024-01-14
12000,2024-01-15 00:00:00,True,00:00:00,2024-01-15
12001,2024-01-15 00:15:00,True,00:15:00,2024-01-15
12002,2024-01-15 00:30:00,True,00:30:00,2024-01-15
12003,2024-01-15 00:45:00,True,00:45:00,2024-01-15
12004,2024-01-15 01:00:00,True,01:00:00,2024-01-15
12005,2024-01-15 01:15:00,True,01:15:00,2024-01-15
12006,2024-01-15 01:30:00,True,01:30:00,2024-01-15
12007,2024-01-15 01:45:00,True,01:45:00,2024-01-15
12008,2024-01-15 02:00:00,True,02:00:00,2024-01-15
12009,2024-01-15 02:15:00,True,02:15:00,2024-01-15
12010,2024-01-15 02:30:00,True,02:30:00,2024-01-15
12011,2024-01-15 02:45:00,True,02:45:00,2024-01-15
12012,2024-01-15 03:00:00,True,03:00:00,2024-01-15
12013,2024-01-15 03:15:00,True,03:15:00,2024-01-15
12014,2024-01-15 03:30:00,True,03:30:00,2024-01-15
12015,2024-01-15 03:45:00,True,03:45:00,2024-01-15
12016,2024-01-15 04:00:00,True,04:00:00,2024-01-15
12017,2024-01-15 04:15:00,True,04:15:00,2024-01-15
12018,2024-01-15 04:30:00,True,04:30:00,2024-01-15
12019,2024-01-15 04:45:00,True,04:45:00,2024-01-15
12020,2024-01-15 05:00:00,True,05:00:00,2024-01-15
12021,2024-01-15 05:15:00,True,05:15:00,2024-01-15
12022,2024-01-15 05:30:00,True,05:30:00,2024-01-15
12023,2024-01-15 05:45:00,True,05:45:00,2024-01-15
12024,2024-01-15 06:00:00,True,06:00:00,2024-01-15
12025,2024-01-15 06:15:00,True,06:15:00,2024-01-15
12026,2024-01-15 06:30:00,True,06:30:00,2024-01-15
12027,2024-01-15 06:45:00,True,06:45:00,2024-01-15
12028,2024-01-15 07:00:00,True,07:00:00,2024-01-15
12029,2024-01-15 07:15:00,True,07:15:00,2024-01-15
12030,2024-01-15 07:30:00,True,07:30:00,2024-01-15
12031,2024-01-15 07:45:00,True,07:45:00,2024-01-15
12032,2024-01-15 08:00:00,True,08:00:00,2024-01-15
12033,2024-01-15 08:15:00,True,08:15:00,2024-01-15
12034,2024-01-15 08:30:00,True,08:30:00,2024-01-15
12035,2024-01-15 08:45:00,True,08:45:00,2024-01-15
12036,2024-01-15 09:00:00,True,09:00:00,2024-01-15
12037,2024-01-15 09:15:00,True,09:15:00,2024-01-15
12038,2024-01-15 09:30:00,True,09:30:00,2024-01-15
12039,2024-01-15 09:45:00,True,09:45:00,2024-01-15
12040,2024-01-15 10:00:00,True,10:00:00,2024-01-15
12041,2024-01-15 10:15:00,True,10:15:00,2024-01-15
12042,2024-01-15 10:30:00,True,10:30:00,2024-01-15
12043,2024-01-15 10:45:00,True,10:45:00,2024-01-15
12044,2024-01-15 11:00:00,True,11:00:00,2024-01-15
12045,2024-01-15 11:15:00,True,11:15:00,2024-01-15
12046,2024-01-15 11:30:00,True,11:30:00,2024-01-15
12047,2024-01-15 11:45:00,True,11:45:00,2024-01-15
12048,2024-01-15 12:00:00,True,12:00:00,2024-01-15
12049,2024-01-15 12:15:00,True,12:15:00,2024-01-15
12050,2024-01-15 12:30:00,True,12:30:00,2024-01-15
12051,2024-01-15 12:45:00,True,12:45:00,2024-01-15
12052,2024-01-15 13:00:00,True,13:00:00,2024-01-15
12053,2024-01-15 13:15:00,True,13:15:00,2024-01-15
12054,2024-01-15 13:30:00,True,13:30:00,2024-01-15
12055,2024-01-15 13:45:00,True,13:45:00,2024-01-15
12056,2024-01-15 14:00:00,True,14:00:00,2024-01-15
12057,2024-01-15 14:15:00,True,14:15:00,2024-01-15
12058,2024-01-15 14:30:00,True,14:30:00,2024-01-15
12059,2024-01-15 14:45:00,True,14:45:00,2024-01-15
12060,2024-01-15 15:00:00,True,15:00:00,2024-01-15
12061,2024-01-15 15:15:00,True,15:15:00,2024-01-15
12062,2024-01-15 15:30:00,True,15:30:00,2024-01-15
12063,2024-01-15 15:45:00,True,15:45:00,2024-01-15
12064,2024-01-15 16:00:00,True,16:00:00,2024-01-15
12065,2024-01-15 16:15:00,True,16:15:00,2024-01-15
12066,2024-01-15 16:30:00,True,16:30:00,2024-01-15
12067,2024-01-15 16:45:00,True,16:45:00,2024-01-15
12068,2024-01-15 17:00:00,True,17:00:00,2024-01-15
12069,2024-01-15 17:15:00,True,17:15:00,2024-01-15
12070,2024-01-15 17:30:00,True,17:30:00,2024-01-15
12071,2024-01-15 17:45:00,True,17:45:00,2024-01-15
12072,2024-01-15 18:00:00,True,18:00:00,2024-01-15
12073,2024-01-15 18:15:00,True,18:15:00,2024-01-15
12074,2024-01-15 18:30:00,True,18:30:00,2024-01-15
12075,2024-01-15 18:45:00,True,18:45:00,2024-01-15
12076,2024-01-15 19:00:00,True,19:00:00,2024-01-15
12077,2024-01-15 19:15:00,True,19:15:00,2024-01-15
12078,2024-01-15 19:30:00,True,19:30:00,2024-01-15
12079,2024-01-15 19:45:00,True,19:45:00,2024-01-15
12080,2024-01-15 20:00:00,True,20:00:00,2024-01-15
12081,2024-01-15 20:15:00,True,20:15:00,2024-01-15
12082,2024-01-15 20:30:00,True,20:30:00,2024-01-15
12083,2024-01-15 20:45:00,True,20:45:00,2024-01-15
12084,2024-01-15 21:00:00,True,21:00:00,2024-01-15
12085,2024-01-15 21:15:00,True,21:15:00,2024-01-15
12086,2024-01-15 21:30:00,True,21:30:00,2024-01-15
12087,2024-01-15 21:45:00,True,21:45:00,2024-01-15
12088,2024-01-15 22:00:00,True,22:00:00,2024-01-15
12089,2024-01-15 22:15:00,True,22:15:00,2024-01-15
12090,2024-01-15 22:30:00,True,22:30:00,2024-01-15
12091,2024-01-15 22:45:00,True,22:45:00,2024-01-15
12092,2024-01-15 23:00:00,True,23:00:00,2024-01-15
12093,2024-01-15 23:15:00,True,23:15:00,2024-01-15
12094,2024-01-15 23:30:00,True,23:30:00,2024-01-15
12095,2024-01-15 23:45:00,True,23:45:00,2024-01-15
12096,2024-01-16 00:00:00,True,00:00:00,2024-01-16
12097,2024-01-16 00:15:00,True,00:15:00,2024-01-16
12098,2024-01-16 00:30:00,True,00:30:00,2024-01-16
12099,2024-01-16 00:45:00,True,00:45:00,2024-01-16
12100,2024-01-16 01:00:00,True,01:00:00,2024-01-16
12101,2024-01-16 01:15:00,True,01:15:00,2024-01-16
12102,2024-01-16 01:30:00,True,01:30:00,2024-01-16
12103,2024-01-16 01:45:00,True,01:45:00,2024-01-16
12104,2024-01-16 02:00:00,True,02:00:00,2024-01-16
12105,2024-01-16 02:15:00,True,02:15:00,2024-01-16
12106,2024-01-16 02:30:00,True,02:30:00,2024-01-16
12107,2024-01-16 02:45:00,True,02:45:00,2024-01-16
12108,2024-01-16 03:00:00,True,03:00:00,2024-01-16
12109,2024-01-16 03:15:00,True,03:15:00,2024-01-16
12110,2024-01-16 03:30:00,True,03:30:00,2024-01-16
12111,2024-01-16 03:45:00,True,03:45:00,2024-01-16
12112,2024-01-16 04:00:00,True,04:00:00,2024-01-16
12113,2024-01-16 04:15:00,True,04:15:00,2024-01-16
12114,2024-01-16 04:30:00,True,04:30:00,2024-01-16
12115,2024-01-16 04:45:00,True,04:45:00,2024-01-16
12116,2024-01-16 05:00:00,True,05:00:00,2024-01-16
12117,2024-01-16 05:15:00,True,05:15:00,2024-01-16
12118,2024-01-16 05:30:00,True,05:30:00,2024-01-16
12119,2024-01-16 05:45:00,True,05:45:00,2024-01-16
12120,2024-01-16 06:00:00,True,06:00:00,2024-01-16
12121,2024-01-16 06:15:00,True,06:15:00,2024-01-16
12122,2024-01-16 06:30:00,True,06:30:00,2024-01-16
12123,2024-01-16 06:45:00,True,06:45:00,2024-01-16
12124,2024-01-16 07:00:00,True,07:00:00,2024-01-16
12125,2024-01-16 07:15:00,True,07:15:00,2024-01-16
12126,2024-01-16 07:30:00,True,07:30:00,2024-01-16
12127,2024-01-16 07:45:00,True,07:45:00,2024-01-16
12128,2024-01-16 08:00:00,True,08:00:00,2024-01-16
12129,2024-01-16 08:15:00,True,08:15:00,2024-01-16
12130,2024-01-16 08:30:00,True,08:30:00,2024-01-16
12131,2024-01-16 08:45:00,True,08:45:00,2024-01-16
12132,2024-01-16 09:00:00,True,09:00:00,2024-01-16
12133,2024-01-16 09:15:00,True,09:15:00,2024-01-16
12134,2024-01-16 09:30:00,True,09:30:00,2024-01-16
12135,2024-01-16 09:45:00,True,09:45:00,2024-01-16
12136,2024-01-16 10:00:00,True,10:00:00,2024-01-16
12137,2024-01-16 10:15:00,True,10:15:00,2024-01-16
12138,2024-01-16 10:30:00,True,10:30:00,2024-01-16
12139,2024-01-16 10:45:00,True,10:45:00,2024-01-16
12140,2024-01-16 11:00:00,True,11:00:00,2024-01-16
12141,2024-01-16 11:15:00,True,11:15:00,2024-01-16
12142,2024-01-16 11:30:00,True,11:30:00,2024-01-16
12143,2024-01-16 11:45:00,True,11:45:00,2024-01-16
12144,2024-01-16 12:00:00,True,12:00:00,2024-01-16
12145,2024-01-16 12:15:00,True,12:15:00,2024-01-16
12146,2024-01-16 12:30:00,True,12:30:00,2024-01-16
12147,2024-01-16 12:45:00,True,12:45:00,2024-01-16
12148,2024-01-16 13:00:00,True,13:00:00,2024-01-16
12149,2024-01-16 13:15:00,True,13:15:00,2024-01-16
12150,2024-01-16 13:30:00,True,13:30:00,2024-01-16
12151,2024-01-16 13:45:00,True,13:45:00,2024-01-16
12152,2024-01-16 14:00:00,True,14:00:00,2024-01-16
12153,2024-01-16 14:15:00,True,14:15:00,2024-01-16
12154,2024-01-16 14:30:00,True,14:30:00,2024-01-16
12155,2024-01-16 14:45:00,True,14:45:00,2024-01-16
12156,2024-01-16 15:00:00,True,15:00:00,2024-01-16
12157,2024-01-16 15:15:00,True,15:15:00,2024-01-16
12158,2024-01-16 15:30:00,True,15:30:00,2024-01-16
12159,2024-01-16 15:45:00,True,15:45:00,2024-01-16
12160,2024-01-16 16:00:00,True,16:00:00,2024-01-16
12161,2024-01-16 16:15:00,True,16:15:00,2024-01-16
12162,2024-01-16 16:30:00,True,16:30:00,2024-01-16
12163,2024-01-16 16:45:00,True,16:45:00,2024-01-16
12164,2024-01-16 17:00:00,True,17:00:00,2024-01-16
12165,2024-01-16 17:15:00,True,17:15:00,2024-01-16
12166,2024-01-16 17:30:00,True,17:30:00,2024-01-16
12167,2024-01-16 17:45:00,True,17:45:00,2024-01-16
12168,2024-01-16 18:00:00,True,18:00:00,2024-01-16
12169,2024-01-16 18:15:00,True,18:15:00,2024-01-16
12170,2024-01-16 18:30:00,True,18:30:00,2024-01-16
12171,2024-01-16 18:45:00,True,18:45:00,2024-01-16
12172,2024-01-16 19:00:00,True,19:00:00,2024-01-16
12173,2024-01-16 19:15:00,True,19:15:00,2024-01-16
12174,2024-01-16 19:30:00,True,19:30:00,2024-01-16
12175,2024-01-16 19:45:00,True,19:45:00,2024-01-16
12176,2024-01-16 20:00:00,True,20:00:00,2024-01-16
12177,2024-01-16 20:15:00,True,20:15:00,2024-01-16
12178,2024-01-16 20:30:00,True,20:30:00,2024-01-16
12179,2024-01-16 20:45:00,True,20:45:00,2024-01-16
12180,2024-01-16 21:00:00,True,21:00:00,2024-01-16
12181,2024-01-16 21:15:00,True,21:15:00,2024-01-16
12182,2024-01-16 21:30:00,True,21:30:00,2024-01-16
12183,2024-01-16 21:45:00,True,21:45:00,2024-01-16
12184,2024-01-16 22:00:00,True,22:00:00,2024-01-16
12185,2024-01-16 22:15:00,True,22:15:00,2024-01-16
12186,2024-01-16 22:30:00,True,22:30:00,2024-01-16
12187,2024-01-16 22:45:00,True,22:45:00,2024-01-16
12188,2024-01-16 23:00:00,True,23:00:00,2024-01-16
12189,2024-01-16 23:15:00,True,23:15:00,2024-01-16
12190,2024-01-16 23:30:00,True,23:30:00,2024-01-16
12191,2024-01-16 23:45:00,True,23:45:00,2024-01-16
12192,2024-01-17 00:00:00,True,00:00:00,2024-01-17
12193,2024-01-17 00:15:00,True,00:15:00,2024-01-17
12194,2024-01-17 00:30:00,True,00:30:00,2024-01-17
12195,2024-01-17 00:45:00,True,00:45:00,2024-01-17
12196,2024-01-17 01:00:00,True,01:00:00,2024-01-17
12197,2024-01-17 01:15:00,True,01:15:00,2024-01-17
12198,2024-01-17 01:30:00,True,01:30:00,2024-01-17
12199,2024-01-17 01:45:00,True,01:45:00,2024-01-17
12200,2024-01-17 02:00:00,True,02:00:00,2024-01-17
12201,2024-01-17 02:15:00,True,02:15:00,2024-01-17
12202,2024-01-17 02:30:00,True,02:30:00,2024-01-17
12203,2024-01-17 02:45:00,True,02:45:00,2024-01-17
12204,2024-01-17 03:00:00,True,03:00:00,2024-01-17
12205,2024-01-17 03:15:00,True,03:15:00,2024-01-17
12206,2024-01-17 03:30:00,True,03:30:00,2024-01-17
12207,2024-01-17 03:45:00,True,03:45:00,2024-01-17
12208,2024-01-17 04:00:00,True,04:00:00,2024-01-17
12209,2024-01-17 04:15:00,True,04:15:00,2024-01-17
12210,2024-01-17 04:30:00,True,04:30:00,2024-01-17
12211,2024-01-17 04:45:00,True,04:45:00,2024-01-17
12212,2024-01-17 05:00:00,True,05:00:00,2024-01-17
12213,2024-01-17 05:15:00,True,05:15:00,2024-01-17
12214,2024-01-17 05:30:00,True,05:30:00,2024-01-17
12215,2024-01-17 05:45:00,True,05:45:00,2024-01-17
12216,2024-01-17 06:00:00,True,06:00:00,2024-01-17
12217,2024-01-17 06:15:00,True,06:15:00,2024-01-17
12218,2024-01-17 06:30:00,True,06:30:00,2024-01-17
12219,2024-01-17 06:45:00,True,06:45:00,2024-01-17
12220,2024-01-17 07:00:00,True,07:00:00,2024-01-17
12221,2024-01-17 07:15:00,True,07:15:00,2024-01-17
12222,2024-01-17 07:30:00,True,07:30:00,2024-01-17
12223,2024-01-17 07:45:00,True,07:45:00,2024-01-17
12224,2024-01-17 08:00:00,True,08:00:00,2024-01-17
12225,2024-01-17 08:15:00,True,08:15:00,2024-01-17
12226,2024-01-17 08:30:00,True,08:30:00,2024-01-17
12227,2024-01-17 08:45:00,True,08:45:00,2024-01-17
12228,2024-01-17 09:00:00,True,09:00:00,2024-01-17
12229,2024-01-17 09:15:00,True,09:15:00,2024-01-17
12230,2024-01-17 09:30:00,True,09:30:00,2024-01-17
12231,2024-01-17 09:45:00,True,09:45:00,2024-01-17
12232,2024-01-17 10:00:00,True,10:00:00,2024-01-17
12233,2024-01-17 10:15:00,True,10:15:00,2024-01-17
12234,2024-01-17 10:30:00,True,10:30:00,2024-01-17
12235,2024-01-17 10:45:00,True,10:45:00,2024-01-17
12236,2024-01-17 11:00:00,True,11:00:00,2024-01-17
12237,2024-01-17 11:15:00,True,11:15:00,2024-01-17
12238,2024-01-17 11:30:00,True,11:30:00,2024-01-17
12239,2024-01-17 11:45:00,True,11:45:00,2024-01-17
12240,2024-01-17 12:00:00,True,12:00:00,2024-01-17
12241,2024-01-17 12:15:00,True,12:15:00,2024-01-17
12242,2024-01-17 12:30:00,True,12:30:00,2024-01-17
12243,2024-01-17 12:45:00,True,12:45:00,2024-01-17
12244,2024-01-17 13:00:00,True,13:00:00,2024-01-17
12245,2024-01-17 13:15:00,True,13:15:00,2024-01-17
12246,2024-01-17 13:30:00,True,13:30:00,2024-01-17
12247,2024-01-17 13:45:00,True,13:45:00,2024-01-17
12248,2024-01-17 14:00:00,True,14:00:00,2024-01-17
12249,2024-01-17 14:15:00,True,14:15:00,2024-01-17
12250,2024-01-17 14:30:00,True,14:30:00,2024-01-17
12251,2024-01-17 14:45:00,True,14:45:00,2024-01-17
12252,2024-01-17 15:00:00,True,15:00:00,2024-01-17
12253,2024-01-17 15:15:00,True,15:15:00,2024-01-17
12254,2024-01-17 15:30:00,True,15:30:00,2024-01-17
12255,2024-01-17 15:45:00,True,15:45:00,2024-01-17
12256,2024-01-17 16:00:00,True,16:00:00,2024-01-17
12257,2024-01-17 16:15:00,True,16:15:00,2024-01-17
12258,2024-01-17 16:30:00,True,16:30:00,2024-01-17
12259,2024-01-17 16:45:00,True,16:45:00,2024-01-17
12260,2024-01-17 17:00:00,True,17:00:00,2024-01-17
12261,2024-01-17 17:15:00,True,17:15:00,2024-01-17
12262,2024-01-17 17:30:00,True,17:30:00,2024-01-17
12263,2024-01-17 17:45:00,True,17:45:00,2024-01-17
12264,2024-01-17 18:00:00,True,18:00:00,2024-01-17
12265,2024-01-17 18:15:00,True,18:15:00,2024-01-17
12266,2024-01-17 18:30:00,True,18:30:00,2024-01-17
12267,2024-01-17 18:45:00,True,18:45:00,2024-01-17
12268,2024-01-17 19:00:00,True,19:00:00,2024-01-17
12269,2024-01-17 19:15:00,True,19:15:00,2024-01-17
12270,2024-01-17 19:30:00,True,19:30:00,2024-01-17
12271,2024-01-17 19:45:00,True,19:45:00,2024-01-17
12272,2024-01-17 20:00:00,True,20:00:00,2024-01-17
12273,2024-01-17 20:15:00,True,20:15:00,2024-01-17
12274,2024-01-17 20:30:00,True,20:30:00,2024-01-17
12275,2024-01-17 20:45:00,True,20:45:00,2024-01-17
12276,2024-01-17 21:00:00,True,21:00:00,2024-01-17
12277,2024-01-17 21:15:00,True,21:15:00,2024-01-17
12278,2024-01-17 21:30:00,True,21:30:00,2024-01-17
12279,2024-01-17 21:45:00,True,21:45:00,2024-01-17
12280,2024-01-17 22:00:00,True,22:00:00,2024-01-17
12281,2024-01-17 22:15:00,True,22:15:00,2024-01-17
12282,2024-01-17 22:30:00,True,22:30:00,2024-01-17
12283,2024-01-17 22:45:00,True,22:45:00,2024-01-17
12284,2024-01-17 23:00:00,True,23:00:00,2024-01-17
12285,2024-01-17 23:15:00,True,23:15:00,2024-01-17
12286,2024-01-17 23:30:00,True,23:30:00,2024-01-17
12287,2024-01-17 23:45:00,True,23:45:00,2024-01-17
12288,2024-01-18 00:00:00,True,00:00:00,2024-01-18
12289,2024-01-18 00:15:00,True,00:15:00,2024-01-18
12290,2024-01-18 00:30:00,True,00:30:00,2024-01-18
12291,2024-01-18 00:45:00,True,00:45:00,2024-01-18
12292,2024-01-18 01:00:00,True,01:00:00,2024-01-18
12293,2024-01-18 01:15:00,True,01:15:00,2024-01-18
12294,2024-01-18 01:30:00,True,01:30:00,2024-01-18
12295,2024-01-18 01:45:00,True,01:45:00,2024-01-18
12296,2024-01-18 02:00:00,True,02:00:00,2024-01-18
12297,2024-01-18 02:15:00,True,02:15:00,2024-01-18
12298,2024-01-18 02:30:00,True,02:30:00,2024-01-18
12299,2024-01-18 02:45:00,True,02:45:00,2024-01-18
12300,2024-01-18 03:00:00,True,03:00:00,2024-01-18
12301,2024-01-18 03:15:00,True,03:15:00,2024-01-18
12302,2024-01-18 03:30:00,True,03:30:00,2024-01-18
12303,2024-01-18 03:45:00,True,03:45:00,2024-01-18
12304,2024-01-18 04:00:00,True,04:00:00,2024-01-18
12305,2024-01-18 04:15:00,True,04:15:00,2024-01-18
12306,2024-01-18 04:30:00,True,04:30:00,2024-01-18
12307,2024-01-18 04:45:00,True,04:45:00,2024-01-18
12308,2024-01-18 05:00:00,True,05:00:00,2024-01-18
12309,2024-01-18 05:15:00,True,05:15:00,2024-01-18
12310,2024-01-18 05:30:00,True,05:30:00,2024-01-18
12311,2024-01-18 05:45:00,True,05:45:00,2024-01-18
12312,2024-01-18 06:00:00,True,06:00:00,2024-01-18
12313,2024-01-18 06:15:00,True,06:15:00,2024-01-18
12314,2024-01-18 06:30:00,True,06:30:00,2024-01-18
12315,2024-01-18 06:45:00,True,06:45:00,2024-01-18
12316,2024-01-18 07:00:00,True,07:00:00,2024-01-18
12317,2024-01-18 07:15:00,True,07:15:00,2024-01-18
12318,2024-01-18 07:30:00,True,07:30:00,2024-01-18
12319,2024-01-18 07:45:00,True,07:45:00,2024-01-18
12320,2024-01-18 08:00:00,True,08:00:00,2024-01-18
12321,2024-01-18 08:15:00,True,08:15:00,2024-01-18
12322,2024-01-18 08:30:00,True,08:30:00,2024-01-18
12323,2024-01-18 08:45:00,True,08:45:00,2024-01-18
12324,2024-01-18 09:00:00,True,09:00:00,2024-01-18
12325,2024-01-18 09:15:00,True,09:15:00,2024-01-18
12326,2024-01-18 09:30:00,True,09:30:00,2024-01-18
12327,2024-01-18 09:45:00,True,09:45:00,2024-01-18
12328,2024-01-18 10:00:00,True,10:00:00,2024-01-18
12329,2024-01-18 10:15:00,True,10:15:00,2024-01-18
12330,2024-01-18 10:30:00,True,10:30:00,2024-01-18
12331,2024-01-18 10:45:00,True,10:45:00,2024-01-18
12332,2024-01-18 11:00:00,True,11:00:00,2024-01-18
12333,2024-01-18 11:15:00,True,11:15:00,2024-01-18
12334,2024-01-18 11:30:00,True,11:30:00,2024-01-18
12335,2024-01-18 11:45:00,True,11:45:00,2024-01-18
12336,2024-01-18 12:00:00,True,12:00:00,2024-01-18
12337,2024-01-18 12:15:00,True,12:15:00,2024-01-18
12338,2024-01-18 12:30:00,True,12:30:00,2024-01-18
12339,2024-01-18 12:45:00,True,12:45:00,2024-01-18
12340,2024-01-18 13:00:00,True,13:00:00,2024-01-18
12341,2024-01-18 13:15:00,True,13:15:00,2024-01-18
12342,2024-01-18 13:30:00,True,13:30:00,2024-01-18
12343,2024-01-18 13:45:00,True,13:45:00,2024-01-18
12344,2024-01-18 14:00:00,True,14:00:00,2024-01-18
12345,2024-01-18 14:15:00,True,14:15:00,2024-01-18
12346,2024-01-18 14:30:00,True,14:30:00,2024-01-18
12347,2024-01-18 14:45:00,True,14:45:00,2024-01-18
12348,2024-01-18 15:00:00,True,15:00:00,2024-01-18
12349,2024-01-18 15:15:00,True,15:15:00,2024-01-18
12350,2024-01-18 15:30:00,True,15:30:00,2024-01-18
12351,2024-01-18 15:45:00,True,15:45:00,2024-01-18
12352,2024-01-18 16:00:00,True,16:00:00,2024-01-18
12353,2024-01-18 16:15:00,True,16:15:00,2024-01-18
12354,2024-01-18 16:30:00,True,16:30:00,2024-01-18
12355,2024-01-18 16:45:00,True,16:45:00,2024-01-18
12356,2024-01-18 17:00:00,True,17:00:00,2024-01-18
12357,2024-01-18 17:15:00,True,17:15:00,2024-01-18
12358,2024-01-18 17:30:00,True,17:30:00,2024-01-18
12359,2024-01-18 17:45:00,True,17:45:00,2024-01-18
12360,2024-01-18 18:00:00,True,18:00:00,2024-01-18
12361,2024-01-18 18:15:00,True,18:15:00,2024-01-18
12362,2024-01-18 18:30:00,True,18:30:00,2024-01-18
12363,2024-01-18 18:45:00,True,18:45:00,2024-01-18
12364,2024-01-18 19:00:00,True,19:00:00,2024-01-18
12365,2024-01-18 19:15:00,True,19:15:00,2024-01-18
12366,2024-01-18 19:30:00,True,19:30:00,2024-01-18
12367,2024-01-18 19:45:00,True,19:45:00,2024-01-18
12368,2024-01-18 20:00:00,True,20:00:00,2024-01-18
12369,2024-01-18 20:15:00,True,20:15:00,2024-01-18
12370,2024-01-18 20:30:00,True,20:30:00,2024-01-18
12371,2024-01-18 20:45:00,True,20:45:00,2024-01-18
12372,2024-01-18 21:00:00,True,21:00:00,2024-01-18
12373,2024-01-18 21:15:00,True,21:15:00,2024-01-18
12374,2024-01-18 21:30:00,True,21:30:00,2024-01-18
12375,2024-01-18 21:45:00,True,21:45:00,2024-01-18
12376,2024-01-18 22:00:00,True,22:00:00,2024-01-18
12377,2024-01-18 22:15:00,True,22:15:00,2024-01-18
12378,2024-01-18 22:30:00,True,22:30:00,2024-01-18
12379,2024-01-18 22:45:00,True,22:45:00,2024-01-18
12380,2024-01-18 23:00:00,True,23:00:00,2024-01-18
12381,2024-01-18 23:15:00,True,23:15:00,2024-01-18
12382,2024-01-18 23:30:00,True,23:30:00,2024-01-18
12383,2024-01-18 23:45:00,True,23:45:00,2024-01-18
12384,2024-01-19 00:00:00,True,00:00:00,2024-01-19
12385,2024-01-19 00:15:00,True,00:15:00,2024-01-19
12386,2024-01-19 00:30:00,True,00:30:00,2024-01-19
12387,2024-01-19 00:45:00,True,00:45:00,2024-01-19
12388,2024-01-19 01:00:00,True,01:00:00,2024-01-19
12389,2024-01-19 01:15:00,True,01:15:00,2024-01-19
12390,2024-01-19 01:30:00,True,01:30:00,2024-01-19
12391,2024-01-19 01:45:00,True,01:45:00,2024-01-19
12392,2024-01-19 02:00:00,True,02:00:00,2024-01-19
12393,2024-01-19 02:15:00,True,02:15:00,2024-01-19
12394,2024-01-19 02:30:00,True,02:30:00,2024-01-19
12395,2024-01-19 02:45:00,True,02:45:00,2024-01-19
12396,2024-01-19 03:00:00,True,03:00:00,2024-01-19
12397,2024-01-19 03:15:00,True,03:15:00,2024-01-19
12398,2024-01-19 03:30:00,True,03:30:00,2024-01-19
12399,2024-01-19 03:45:00,True,03:45:00,2024-01-19
12400,2024-01-19 04:00:00,True,04:00:00,2024-01-19
12401,2024-01-19 04:15:00,True,04:15:00,2024-01-19
12402,2024-01-19 04:30:00,True,04:30:00,2024-01-19
12403,2024-01-19 04:45:00,True,04:45:00,2024-01-19
12404,2024-01-19 05:00:00,True,05:00:00,2024-01-19
12405,2024-01-19 05:15:00,True,05:15:00,2024-01-19
12406,2024-01-19 05:30:00,True,05:30:00,2024-01-19
12407,2024-01-19 05:45:00,True,05:45:00,2024-01-19
12408,2024-01-19 06:00:00,True,06:00:00,2024-01-19
12409,2024-01-19 06:15:00,True,06:15:00,2024-01-19
12410,2024-01-19 06:30:00,True,06:30:00,2024-01-19
12411,2024-01-19 06:45:00,True,06:45:00,2024-01-19
12412,2024-01-19 07:00:00,True,07:00:00,2024-01-19
12413,2024-01-19 07:15:00,True,07:15:00,2024-01-19
12414,2024-01-19 07:30:00,True,07:30:00,2024-01-19
12415,2024-01-19 07:45:00,True,07:45:00,2024-01-19
12416,2024-01-19 08:00:00,True,08:00:00,2024-01-19
12417,2024-01-19 08:15:00,True,08:15:00,2024-01-19
12418,2024-01-19 08:30:00,True,08:30:00,2024-01-19
12419,2024-01-19 08:45:00,True,08:45:00,2024-01-19
12420,2024-01-19 09:00:00,True,09:00:00,2024-01-19
12421,2024-01-19 09:15:00,True,09:15:00,2024-01-19
12422,2024-01-19 09:30:00,True,09:30:00,2024-01-19
12423,2024-01-19 09:45:00,True,09:45:00,2024-01-19
12424,2024-01-19 10:00:00,True,10:00:00,2024-01-19
12425,2024-01-19 10:15:00,True,10:15:00,2024-01-19
12426,2024-01-19 10:30:00,True,10:30:00,2024-01-19
12427,2024-01-19 10:45:00,True,10:45:00,2024-01-19
12428,2024-01-19 11:00:00,True,11:00:00,2024-01-19
12429,2024-01-19 11:15:00,True,11:15:00,2024-01-19
12430,2024-01-19 11:30:00,True,11:30:00,2024-01-19
12431,2024-01-19 11:45:00,True,11:45:00,2024-01-19
12432,2024-01-19 12:00:00,True,12:00:00,2024-01-19
12433,2024-01-19 12:15:00,True,12:15:00,2024-01-19
12434,2024-01-19 12:30:00,True,12:30:00,2024-01-19
12435,2024-01-19 12:45:00,True,12:45:00,2024-01-19
12436,2024-01-19 13:00:00,True,13:00:00,2024-01-19
12437,2024-01-19 13:15:00,True,13:15:00,2024-01-19
12438,2024-01-19 13:30:00,True,13:30:00,2024-01-19
12439,2024-01-19 13:45:00,True,13:45:00,2024-01-19
12440,2024-01-19 14:00:00,True,14:00:00,2024-01-19
12441,2024-01-19 14:15:00,True,14:15:00,2024-01-19
12442,2024-01-19 14:30:00,True,14:30:00,2024-01-19
12443,2024-01-19 14:45:00,True,14:45:00,2024-01-19
12444,2024-01-19 15:00:00,True,15:00:00,2024-01-19
12445,2024-01-19 15:15:00,True,15:15:00,2024-01-19
12446,2024-01-19 15:30:00,True,15:30:00,2024-01-19
12447,2024-01-19 15:45:00,True,15:45:00,2024-01-19
12448,2024-01-19 16:00:00,True,16:00:00,2024-01-19
12449,2024-01-19 16:15:00,True,16:15:00,2024-01-19
12450,2024-01-19 16:30:00,True,16:30:00,2024-01-19
12451,2024-01-19 16:45:00,True,16:45:00,2024-01-19
12452,2024-01-19 17:00:00,True,17:00:00,2024-01-19
12453,2024-01-19 17:15:00,True,17:15:00,2024-01-19
12454,2024-01-19 17:30:00,True,17:30:00,2024-01-19
12455,2024-01-19 17:45:00,True,17:45:00,2024-01-19
12456,2024-01-19 18:00:00,True,18:00:00,2024-01-19
12457,2024-01-19 18:15:00,True,18:15:00,2024-01-19
12458,2024-01-19 18:30:00,True,18:30:00,2024-01-19
12459,2024-01-19 18:45:00,True,18:45:00,2024-01-19
12460,2024-01-19 19:00:00,True,19:00:00,2024-01-19
12461,2024-01-19 19:15:00,True,19:15:00,2024-01-19
12462,2024-01-19 19:30:00,True,19:30:00,2024-01-19
12463,2024-01-19 19:45:00,True,19:45:00,2024-01-19
12464,2024-01-19 20:00:00,True,20:00:00,2024-01-19
12465,2024-01-19 20:15:00,True,20:15:00,2024-01-19
12466,2024-01-19 20:30:00,True,20:30:00,2024-01-19
12467,2024-01-19 20:45:00,True,20:45:00,2024-01-19
12468,2024-01-19 21:00:00,True,21:00:00,2024-01-19
12469,2024-01-19 21:15:00,True,21:15:00,2024-01-19
12470,2024-01-19 21:30:00,True,21:30:00,2024-01-19
12471,2024-01-19 21:45:00,True,21:45:00,2024-01-19
12472,2024-01-19 22:00:00,True,22:00:00,2024-01-19
12473,2024-01-19 22:15:00,True,22:15:00,2024-01-19
12474,2024-01-19 22:30:00,True,22:30:00,2024-01-19
12475,2024-01-19 22:45:00,True,22:45:00,2024-01-19
12476,2024-01-19 23:00:00,True,23:00:00,2024-01-19
12477,2024-01-19 23:15:00,True,23:15:00,2024-01-19
12478,2024-01-19 23:30:00,True,23:30:00,2024-01-19
12479,2024-01-19 23:45:00,True,23:45:00,2024-01-19
12480,2024-01-20 00:00:00,True,00:00:00,2024-01-20
12481,2024-01-20 00:15:00,True,00:15:00,2024-01-20
12482,2024-01-20 00:30:00,True,00:30:00,2024-01-20
12483,2024-01-20 00:45:00,True,00:45:00,2024-01-20
12484,2024-01-20 01:00:00,True,01:00:00,2024-01-20
12485,2024-01-20 01:15:00,True,01:15:00,2024-01-20
12486,2024-01-20 01:30:00,True,01:30:00,2024-01-20
12487,2024-01-20 01:45:00,True,01:45:00,2024-01-20
12488,2024-01-20 02:00:00,True,02:00:00,2024-01-20
12489,2024-01-20 02:15:00,True,02:15:00,2024-01-20
12490,2024-01-20 02:30:00,True,02:30:00,2024-01-20
12491,2024-01-20 02:45:00,True,02:45:00,2024-01-20
12492,2024-01-20 03:00:00,True,03:00:00,2024-01-20
12493,2024-01-20 03:15:00,True,03:15:00,2024-01-20
12494,2024-01-20 03:30:00,True,03:30:00,2024-01-20
12495,2024-01-20 03:45:00,True,03:45:00,2024-01-20
12496,2024-01-20 04:00:00,True,04:00:00,2024-01-20
12497,2024-01-20 04:15:00,True,04:15:00,2024-01-20
12498,2024-01-20 04:30:00,True,04:30:00,2024-01-20
12499,2024-01-20 04:45:00,True,04:45:00,2024-01-20
12500,2024-01-20 05:00:00,True,05:00:00,2024-01-20
12501,2024-01-20 05:15:00,True,05:15:00,2024-01-20
12502,2024-01-20 05:30:00,True,05:30:00,2024-01-20
12503,2024-01-20 05:45:00,True,05:45:00,2024-01-20
12504,2024-01-20 06:00:00,True,06:00:00,2024-01-20
12505,2024-01-20 06:15:00,True,06:15:00,2024-01-20
12506,2024-01-20 06:30:00,True,06:30:00,2024-01-20
12507,2024-01-20 06:45:00,True,06:45:00,2024-01-20
12508,2024-01-20 07:00:00,True,07:00:00,2024-01-20
12509,2024-01-20 07:15:00,True,07:15:00,2024-01-20
12510,2024-01-20 07:30:00,True,07:30:00,2024-01-20
12511,2024-01-20 07:45:00,True,07:45:00,2024-01-20
12512,2024-01-20 08:00:00,True,08:00:00,2024-01-20
12513,2024-01-20 08:15:00,True,08:15:00,2024-01-20
12514,2024-01-20 08:30:00,True,08:30:00,2024-01-20
12515,2024-01-20 08:45:00,True,08:45:00,2024-01-20
12516,2024-01-20 09:00:00,True,09:00:00,2024-01-20
12517,2024-01-20 09:15:00,True,09:15:00,2024-01-20
12518,2024-01-20 09:30:00,True,09:30:00,2024-01-20
12519,2024-01-20 09:45:00,True,09:45:00,2024-01-20
12520,2024-01-20 10:00:00,True,10:00:00,2024-01-20
12521,2024-01-20 10:15:00,True,10:15:00,2024-01-20
12522,2024-01-20 10:30:00,True,10:30:00,2024-01-20
12523,2024-01-20 10:45:00,True,10:45:00,2024-01-20
12524,2024-01-20 11:00:00,True,11:00:00,2024-01-20
12525,2024-01-20 11:15:00,True,11:15:00,2024-01-20
12526,2024-01-20 11:30:00,True,11:30:00,2024-01-20
12527,2024-01-20 11:45:00,True,11:45:00,2024-01-20
12528,2024-01-20 12:00:00,True,12:00:00,2024-01-20
12529,2024-01-20 12:15:00,True,12:15:00,2024-01-20
12530,2024-01-20 12:30:00,True,12:30:00,2024-01-20
12531,2024-01-20 12:45:00,True,12:45:00,2024-01-20
12532,2024-01-20 13:00:00,True,13:00:00,2024-01-20
12533,2024-01-20 13:15:00,True,13:15:00,2024-01-20
12534,2024-01-20 13:30:00,True,13:30:00,2024-01-20
12535,2024-01-20 13:45:00,True,13:45:00,2024-01-20
12536,2024-01-20 14:00:00,True,14:00:00,2024-01-20
12537,2024-01-20 14:15:00,True,14:15:00,2024-01-20
12538,2024-01-20 14:30:00,True,14:30:00,2024-01-20
12539,2024-01-20 14:45:00,True,14:45:00,2024-01-20
12540,2024-01-20 15:00:00,True,15:00:00,2024-01-20
12541,2024-01-20 15:15:00,True,15:15:00,2024-01-20
12542,2024-01-20 15:30:00,True,15:30:00,2024-01-20
12543,2024-01-20 15:45:00,True,15:45:00,2024-01-20
12544,2024-01-20 16:00:00,True,16:00:00,2024-01-20
12545,2024-01-20 16:15:00,True,16:15:00,2024-01-20
12546,2024-01-20 16:30:00,True,16:30:00,2024-01-20
12547,2024-01-20 16:45:00,True,16:45:00,2024-01-20
12548,2024-01-20 17:00:00,True,17:00:00,2024-01-20
12549,2024-01-20 17:15:00,True,17:15:00,2024-01-20
12550,2024-01-20 17:30:00,True,17:30:00,2024-01-20
12551,2024-01-20 17:45:00,True,17:45:00,2024-01-20
12552,2024-01-20 18:00:00,True,18:00:00,2024-01-20
12553,2024-01-20 18:15:00,True,18:15:00,2024-01-20
12554,2024-01-20 18:30:00,True,18:30:00,2024-01-20
12555,2024-01-20 18:45:00,True,18:45:00,2024-01-20
12556,2024-01-20 19:00:00,True,19:00:00,2024-01-20
12557,2024-01-20 19:15:00,True,19:15:00,2024-01-20
12558,2024-01-20 19:30:00,True,19:30:00,2024-01-20
12559,2024-01-20 19:45:00,True,19:45:00,2024-01-20
12560,2024-01-20 20:00:00,True,20:00:00,2024-01-20
12561,2024-01-20 20:15:00,True,20:15:00,2024-01-20
12562,2024-01-20 20:30:00,True,20:30:00,2024-01-20
12563,2024-01-20 20:45:00,True,20:45:00,2024-01-20
12564,2024-01-20 21:00:00,True,21:00:00,2024-01-20
12565,2024-01-20 21:15:00,True,21:15:00,2024-01-20
12566,2024-01-20 21:30:00,True,21:30:00,2024-01-20
12567,2024-01-20 21:45:00,True,21:45:00,2024-01-20
12568,2024-01-20 22:00:00,True,22:00:00,2024-01-20
12569,2024-01-20 22:15:00,True,22:15:00,2024-01-20
12570,2024-01-20 22:30:00,True,22:30:00,2024-01-20
12571,2024-01-20 22:45:00,True,22:45:00,2024-01-20
12572,2024-01-20 23:00:00,True,23:00:00,2024-01-20
12573,2024-01-20 23:15:00,True,23:15:00,2024-01-20
12574,2024-01-20 23:30:00,True,23:30:00,2024-01-20
12575,2024-01-20 23:45:00,True,23:45:00,2024-01-20
12576,2024-01-21 00:00:00,True,00:00:00,2024-01-21
12577,2024-01-21 00:15:00,True,00:15:00,2024-01-21
12578,2024-01-21 00:30:00,True,00:30:00,2024-01-21
12579,2024-01-21 00:45:00,True,00:45:00,2024-01-21
12580,2024-01-21 01:00:00,True,01:00:00,2024-01-21
12581,2024-01-21 01:15:00,True,01:15:00,2024-01-21
12582,2024-01-21 01:30:00,True,01:30:00,2024-01-21
12583,2024-01-21 01:45:00,True,01:45:00,2024-01-21
12584,2024-01-21 02:00:00,True,02:00:00,2024-01-21
12585,2024-01-21 02:15:00,True,02:15:00,2024-01-21
12586,2024-01-21 02:30:00,True,02:30:00,2024-01-21
12587,2024-01-21 02:45:00,True,02:45:00,2024-01-21
12588,2024-01-21 03:00:00,True,03:00:00,2024-01-21
12589,2024-01-21 03:15:00,True,03:15:00,2024-01-21
12590,2024-01-21 03:30:00,True,03:30:00,2024-01-21
12591,2024-01-21 03:45:00,True,03:45:00,2024-01-21
12592,2024-01-21 04:00:00,True,04:00:00,2024-01-21
12593,2024-01-21 04:15:00,True,04:15:00,2024-01-21
12594,2024-01-21 04:30:00,True,04:30:00,2024-01-21
12595,2024-01-21 04:45:00,True,04:45:00,2024-01-21
12596,2024-01-21 05:00:00,True,05:00:00,2024-01-21
12597,2024-01-21 05:15:00,True,05:15:00,2024-01-21
12598,2024-01-21 05:30:00,True,05:30:00,2024-01-21
12599,2024-01-21 05:45:00,True,05:45:00,2024-01-21
12600,2024-01-21 06:00:00,True,06:00:00,2024-01-21
12601,2024-01-21 06:15:00,True,06:15:00,2024-01-21
12602,2024-01-21 06:30:00,True,06:30:00,2024-01-21
12603,2024-01-21 06:45:00,True,06:45:00,2024-01-21
12604,2024-01-21 07:00:00,True,07:00:00,2024-01-21
12605,2024-01-21 07:15:00,True,07:15:00,2024-01-21
12606,2024-01-21 07:30:00,True,07:30:00,2024-01-21
12607,2024-01-21 07:45:00,True,07:45:00,2024-01-21
12608,2024-01-21 08:00:00,True,08:00:00,2024-01-21
12609,2024-01-21 08:15:00,True,08:15:00,2024-01-21
12610,2024-01-21 08:30:00,True,08:30:00,2024-01-21
12611,2024-01-21 08:45:00,True,08:45:00,2024-01-21
12612,2024-01-21 09:00:00,True,09:00:00,2024-01-21
12613,2024-01-21 09:15:00,True,09:15:00,2024-01-21
12614,2024-01-21 09:30:00,True,09:30:00,2024-01-21
12615,2024-01-21 09:45:00,True,09:45:00,2024-01-21
12616,2024-01-21 10:00:00,True,10:00:00,2024-01-21
12617,2024-01-21 10:15:00,True,10:15:00,2024-01-21
12618,2024-01-21 10:30:00,True,10:30:00,2024-01-21
12619,2024-01-21 10:45:00,True,10:45:00,2024-01-21
12620,2024-01-21 11:00:00,True,11:00:00,2024-01-21
12621,2024-01-21 11:15:00,True,11:15:00,2024-01-21
12622,2024-01-21 11:30:00,True,11:30:00,2024-01-21
12623,2024-01-21 11:45:00,True,11:45:00,2024-01-21
12624,2024-01-21 12:00:00,True,12:00:00,2024-01-21
12625,2024-01-21 12:15:00,True,12:15:00,2024-01-21
12626,2024-01-21 12:30:00,True,12:30:00,2024-01-21
12627,2024-01-21 12:45:00,True,12:45:00,2024-01-21
12628,2024-01-21 13:00:00,True,13:00:00,2024-01-21
12629,2024-01-21 13:15:00,True,13:15:00,2024-01-21
12630,2024-01-21 13:30:00,True,13:30:00,2024-01-21
12631,2024-01-21 13:45:00,True,13:45:00,2024-01-21
12632,2024-01-21 14:00:00,True,14:00:00,2024-01-21
12633,2024-01-21 14:15:00,True,14:15:00,2024-01-21
12634,2024-01-21 14:30:00,True,14:30:00,2024-01-21
12635,2024-01-21 14:45:00,True,14:45:00,2024-01-21
12636,2024-01-21 15:00:00,True,15:00:00,2024-01-21
12637,2024-01-21 15:15:00,True,15:15:00,2024-01-21
12638,2024-01-21 15:30:00,True,15:30:00,2024-01-21
12639,2024-01-21 15:45:00,True,15:45:00,2024-01-21
12640,2024-01-21 16:00:00,True,16:00:00,2024-01-21
12641,2024-01-21 16:15:00,True,16:15:00,2024-01-21
12642,2024-01-21 16:30:00,True,16:30:00,2024-01-21
12643,2024-01-21 16:45:00,True,16:45:00,2024-01-21
12644,2024-01-21 17:00:00,True,17:00:00,2024-01-21
12645,2024-01-21 17:15:00,True,17:15:00,2024-01-21
12646,2024-01-21 17:30:00,True,17:30:00,2024-01-21
12647,2024-01-21 17:45:00,True,17:45:00,2024-01-21
12648,2024-01-21 18:00:00,True,18:00:00,2024-01-21
12649,2024-01-21 18:15:00,True,18:15:00,2024-01-21
12650,2024-01-21 18:30:00,True,18:30:00,2024-01-21
12651,2024-01-21 18:45:00,True,18:45:00,2024-01-21
12652,2024-01-21 19:00:00,True,19:00:00,2024-01-21
12653,2024-01-21 19:15:00,True,19:15:00,2024-01-21
12654,2024-01-21 19:30:00,True,19:30:00,2024-01-21
12655,2024-01-21 19:45:00,True,19:45:00,2024-01-21
12656,2024-01-21 20:00:00,True,20:00:00,2024-01-21
12657,2024-01-21 20:15:00,True,20:15:00,2024-01-21
12658,2024-01-21 20:30:00,True,20:30:00,2024-01-21
12659,2024-01-21 20:45:00,True,20:45:00,2024-01-21
12660,2024-01-21 21:00:00,True,21:00:00,2024-01-21
12661,2024-01-21 21:15:00,True,21:15:00,2024-01-21
12662,2024-01-21 21:30:00,True,21:30:00,2024-01-21
12663,2024-01-21 21:45:00,True,21:45:00,2024-01-21
12664,2024-01-21 22:00:00,True,22:00:00,2024-01-21
12665,2024-01-21 22:15:00,True,22:15:00,2024-01-21
12666,2024-01-21 22:30:00,True,22:30:00,2024-01-21
12667,2024-01-21 22:45:00,True,22:45:00,2024-01-21
12668,2024-01-21 23:00:00,True,23:00:00,2024-01-21
12669,2024-01-21 23:15:00,True,23:15:00,2024-01-21
12670,2024-01-21 23:30:00,True,23:30:00,2024-01-21
12671,2024-01-21 23:45:00,True,23:45:00,2024-01-21
12672,2024-01-22 00:00:00,True,00:00:00,2024-01-22
12673,2024-01-22 00:15:00,True,00:15:00,2024-01-22
12674,2024-01-22 00:30:00,True,00:30:00,2024-01-22
12675,2024-01-22 00:45:00,True,00:45:00,2024-01-22
12676,2024-01-22 01:00:00,True,01:00:00,2024-01-22
12677,2024-01-22 01:15:00,True,01:15:00,2024-01-22
12678,2024-01-22 01:30:00,True,01:30:00,2024-01-22
12679,2024-01-22 01:45:00,True,01:45:00,2024-01-22
12680,2024-01-22 02:00:00,True,02:00:00,2024-01-22
12681,2024-01-22 02:15:00,True,02:15:00,2024-01-22
12682,2024-01-22 02:30:00,True,02:30:00,2024-01-22
12683,2024-01-22 02:45:00,True,02:45:00,2024-01-22
12684,2024-01-22 03:00:00,True,03:00:00,2024-01-22
12685,2024-01-22 03:15:00,True,03:15:00,2024-01-22
12686,2024-01-22 03:30:00,True,03:30:00,2024-01-22
12687,2024-01-22 03:45:00,True,03:45:00,2024-01-22
12688,2024-01-22 04:00:00,True,04:00:00,2024-01-22
12689,2024-01-22 04:15:00,True,04:15:00,2024-01-22
12690,2024-01-22 04:30:00,True,04:30:00,2024-01-22
12691,2024-01-22 04:45:00,True,04:45:00,2024-01-22
12692,2024-01-22 05:00:00,True,05:00:00,2024-01-22
12693,2024-01-22 05:15:00,True,05:15:00,2024-01-22
12694,2024-01-22 05:30:00,True,05:30:00,2024-01-22
12695,2024-01-22 05:45:00,True,05:45:00,2024-01-22
12696,2024-01-22 06:00:00,True,06:00:00,2024-01-22
12697,2024-01-22 06:15:00,True,06:15:00,2024-01-22
12698,2024-01-22 06:30:00,True,06:30:00,2024-01-22
12699,2024-01-22 06:45:00,True,06:45:00,2024-01-22
12700,2024-01-22 07:00:00,True,07:00:00,2024-01-22
12701,2024-01-22 07:15:00,True,07:15:00,2024-01-22
12702,2024-01-22 07:30:00,True,07:30:00,2024-01-22
12703,2024-01-22 07:45:00,True,07:45:00,2024-01-22
12704,2024-01-22 08:00:00,True,08:00:00,2024-01-22
12705,2024-01-22 08:15:00,True,08:15:00,2024-01-22
12706,2024-01-22 08:30:00,True,08:30:00,2024-01-22
12707,2024-01-22 08:45:00,True,08:45:00,2024-01-22
12708,2024-01-22 09:00:00,True,09:00:00,2024-01-22
12709,2024-01-22 09:15:00,True,09:15:00,2024-01-22
12710,2024-01-22 09:30:00,True,09:30:00,2024-01-22
12711,2024-01-22 09:45:00,True,09:45:00,2024-01-22
12712,2024-01-22 10:00:00,True,10:00:00,2024-01-22
12713,2024-01-22 10:15:00,True,10:15:00,2024-01-22
12714,2024-01-22 10:30:00,True,10:30:00,2024-01-22
12715,2024-01-22 10:45:00,True,10:45:00,2024-01-22
12716,2024-01-22 11:00:00,True,11:00:00,2024-01-22
12717,2024-01-22 11:15:00,True,11:15:00,2024-01-22
12718,2024-01-22 11:30:00,True,11:30:00,2024-01-22
12719,2024-01-22 11:45:00,True,11:45:00,2024-01-22
12720,2024-01-22 12:00:00,True,12:00:00,2024-01-22
12721,2024-01-22 12:15:00,True,12:15:00,2024-01-22
12722,2024-01-22 12:30:00,True,12:30:00,2024-01-22
12723,2024-01-22 12:45:00,True,12:45:00,2024-01-22
12724,2024-01-22 13:00:00,True,13:00:00,2024-01-22
12725,2024-01-22 13:15:00,True,13:15:00,2024-01-22
12726,2024-01-22 13:30:00,True,13:30:00,2024-01-22
12727,2024-01-22 13:45:00,True,13:45:00,2024-01-22
12728,2024-01-22 14:00:00,True,14:00:00,2024-01-22
12729,2024-01-22 14:15:00,True,14:15:00,2024-01-22
12730,2024-01-22 14:30:00,True,14:30:00,2024-01-22
12731,2024-01-22 14:45:00,True,14:45:00,2024-01-22
12732,2024-01-22 15:00:00,True,15:00:00,2024-01-22
12733,2024-01-22 15:15:00,True,15:15:00,2024-01-22
12734,2024-01-22 15:30:00,True,15:30:00,2024-01-22
12735,2024-01-22 15:45:00,True,15:45:00,2024-01-22
12736,2024-01-22 16:00:00,True,16:00:00,2024-01-22
12737,2024-01-22 16:15:00,True,16:15:00,2024-01-22
12738,2024-01-22 16:30:00,True,16:30:00,2024-01-22
12739,2024-01-22 16:45:00,True,16:45:00,2024-01-22
12740,2024-01-22 17:00:00,True,17:00:00,2024-01-22
12741,2024-01-22 17:15:00,True,17:15:00,2024-01-22
12742,2024-01-22 17:30:00,True,17:30:00,2024-01-22
12743,2024-01-22 17:45:00,True,17:45:00,2024-01-22
12744,2024-01-22 18:00:00,True,18:00:00,2024-01-22
12745,2024-01-22 18:15:00,True,18:15:00,2024-01-22
12746,2024-01-22 18:30:00,True,18:30:00,2024-01-22
12747,2024-01-22 18:45:00,True,18:45:00,2024-01-22
12748,2024-01-22 19:00:00,True,19:00:00,2024-01-22
12749,2024-01-22 19:15:00,True,19:15:00,2024-01-22
12750,2024-01-22 19:30:00,True,19:30:00,2024-01-22
12751,2024-01-22 19:45:00,True,19:45:00,2024-01-22
12752,2024-01-22 20:00:00,True,20:00:00,2024-01-22
12753,2024-01-22 20:15:00,True,20:15:00,2024-01-22
12754,2024-01-22 20:30:00,True,20:30:00,2024-01-22
12755,2024-01-22 20:45:00,True,20:45:00,2024-01-22
12756,2024-01-22 21:00:00,True,21:00:00,2024-01-22
12757,2024-01-22 21:15:00,True,21:15:00,2024-01-22
12758,2024-01-22 21:30:00,True,21:30:00,2024-01-22
12759,2024-01-22 21:45:00,True,21:45:00,2024-01-22
12760,2024-01-22 22:00:00,True,22:00:00,2024-01-22
12761,2024-01-22 22:15:00,True,22:15:00,2024-01-22
12762,2024-01-22 22:30:00,True,22:30:00,2024-01-22
12763,2024-01-22 22:45:00,True,22:45:00,2024-01-22
12764,2024-01-22 23:00:00,True,23:00:00,2024-01-22
12765,2024-01-22 23:15:00,True,23:15:00,2024-01-22
12766,2024-01-22 23:30:00,True,23:30:00,2024-01-22
12767,2024-01-22 23:45:00,True,23:45:00,2024-01-22
12768,2024-01-23 00:00:00,True,00:00:00,2024-01-23
12769,2024-01-23 00:15:00,True,00:15:00,2024-01-23
12770,2024-01-23 00:30:00,True,00:30:00,2024-01-23
12771,2024-01-23 00:45:00,True,00:45:00,2024-01-23
12772,2024-01-23 01:00:00,True,01:00:00,2024-01-23
12773,2024-01-23 01:15:00,True,01:15:00,2024-01-23
12774,2024-01-23 01:30:00,True,01:30:00,2024-01-23
12775,2024-01-23 01:45:00,True,01:45:00,2024-01-23
12776,2024-01-23 02:00:00,True,02:00:00,2024-01-23
12777,2024-01-23 02:15:00,True,02:15:00,2024-01-23
12778,2024-01-23 02:30:00,True,02:30:00,2024-01-23
12779,2024-01-23 02:45:00,True,02:45:00,2024-01-23
12780,2024-01-23 03:00:00,True,03:00:00,2024-01-23
12781,2024-01-23 03:15:00,True,03:15:00,2024-01-23
12782,2024-01-23 03:30:00,True,03:30:00,2024-01-23
12783,2024-01-23 03:45:00,True,03:45:00,2024-01-23
12784,2024-01-23 04:00:00,True,04:00:00,2024-01-23
12785,2024-01-23 04:15:00,True,04:15:00,2024-01-23
12786,2024-01-23 04:30:00,True,04:30:00,2024-01-23
12787,2024-01-23 04:45:00,True,04:45:00,2024-01-23
12788,2024-01-23 05:00:00,True,05:00:00,2024-01-23
12789,2024-01-23 05:15:00,True,05:15:00,2024-01-23
12790,2024-01-23 05:30:00,True,05:30:00,2024-01-23
12791,2024-01-23 05:45:00,True,05:45:00,2024-01-23
12792,2024-01-23 06:00:00,True,06:00:00,2024-01-23
12793,2024-01-23 06:15:00,True,06:15:00,2024-01-23
12794,2024-01-23 06:30:00,True,06:30:00,2024-01-23
12795,2024-01-23 06:45:00,True,06:45:00,2024-01-23
12796,2024-01-23 07:00:00,True,07:00:00,2024-01-23
12797,2024-01-23 07:15:00,True,07:15:00,2024-01-23
12798,2024-01-23 07:30:00,True,07:30:00,2024-01-23
12799,2024-01-23 07:45:00,True,07:45:00,2024-01-23
12800,2024-01-23 08:00:00,True,08:00:00,2024-01-23
12801,2024-01-23 08:15:00,True,08:15:00,2024-01-23
12802,2024-01-23 08:30:00,True,08:30:00,2024-01-23
12803,2024-01-23 08:45:00,True,08:45:00,2024-01-23
12804,2024-01-23 09:00:00,True,09:00:00,2024-01-23
12805,2024-01-23 09:15:00,True,09:15:00,2024-01-23
12806,2024-01-23 09:30:00,True,09:30:00,2024-01-23
12807,2024-01-23 09:45:00,True,09:45:00,2024-01-23
12808,2024-01-23 10:00:00,True,10:00:00,2024-01-23
12809,2024-01-23 10:15:00,True,10:15:00,2024-01-23
12810,2024-01-23 10:30:00,True,10:30:00,2024-01-23
12811,2024-01-23 10:45:00,True,10:45:00,2024-01-23
12812,2024-01-23 11:00:00,True,11:00:00,2024-01-23
12813,2024-01-23 11:15:00,True,11:15:00,2024-01-23
12814,2024-01-23 11:30:00,True,11:30:00,2024-01-23
12815,2024-01-23 11:45:00,True,11:45:00,2024-01-23
12816,2024-01-23 12:00:00,True,12:00:00,2024-01-23
12817,2024-01-23 12:15:00,True,12:15:00,2024-01-23
12818,2024-01-23 12:30:00,True,12:30:00,2024-01-23
12819,2024-01-23 12:45:00,True,12:45:00,2024-01-23
12820,2024-01-23 13:00:00,True,13:00:00,2024-01-23
12821,2024-01-23 13:15:00,True,13:15:00,2024-01-23
12822,2024-01-23 13:30:00,True,13:30:00,2024-01-23
12823,2024-01-23 13:45:00,True,13:45:00,2024-01-23
12824,2024-01-23 14:00:00,True,14:00:00,2024-01-23
12825,2024-01-23 14:15:00,True,14:15:00,2024-01-23
12826,2024-01-23 14:30:00,True,14:30:00,2024-01-23
12827,2024-01-23 14:45:00,True,14:45:00,2024-01-23
12828,2024-01-23 15:00:00,True,15:00:00,2024-01-23
12829,2024-01-23 15:15:00,True,15:15:00,2024-01-23
12830,2024-01-23 15:30:00,True,15:30:00,2024-01-23
12831,2024-01-23 15:45:00,True,15:45:00,2024-01-23
12832,2024-01-23 16:00:00,True,16:00:00,2024-01-23
12833,2024-01-23 16:15:00,True,16:15:00,2024-01-23
12834,2024-01-23 16:30:00,True,16:30:00,2024-01-23
12835,2024-01-23 16:45:00,True,16:45:00,2024-01-23
12836,2024-01-23 17:00:00,True,17:00:00,2024-01-23
12837,2024-01-23 17:15:00,True,17:15:00,2024-01-23
12838,2024-01-23 17:30:00,True,17:30:00,2024-01-23
12839,2024-01-23 17:45:00,True,17:45:00,2024-01-23
12840,2024-01-23 18:00:00,True,18:00:00,2024-01-23
12841,2024-01-23 18:15:00,True,18:15:00,2024-01-23
12842,2024-01-23 18:30:00,True,18:30:00,2024-01-23
12843,2024-01-23 18:45:00,True,18:45:00,2024-01-23
12844,2024-01-23 19:00:00,True,19:00:00,2024-01-23
12845,2024-01-23 19:15:00,True,19:15:00,2024-01-23
12846,2024-01-23 19:30:00,True,19:30:00,2024-01-23
12847,2024-01-23 19:45:00,True,19:45:00,2024-01-23
12848,2024-01-23 20:00:00,True,20:00:00,2024-01-23
12849,2024-01-23 20:15:00,True,20:15:00,2024-01-23
12850,2024-01-23 20:30:00,True,20:30:00,2024-01-23
12851,2024-01-23 20:45:00,True,20:45:00,2024-01-23
12852,2024-01-23 21:00:00,True,21:00:00,2024-01-23
12853,2024-01-23 21:15:00,True,21:15:00,2024-01-23
12854,2024-01-23 21:30:00,True,21:30:00,2024-01-23
12855,2024-01-23 21:45:00,True,21:45:00,2024-01-23
12856,2024-01-23 22:00:00,True,22:00:00,2024-01-23
12857,2024-01-23 22:15:00,True,22:15:00,2024-01-23
12858,2024-01-23 22:30:00,True,22:30:00,2024-01-23
12859,2024-01-23 22:45:00,True,22:45:00,2024-01-23
12860,2024-01-23 23:00:00,True,23:00:00,2024-01-23
12861,2024-01-23 23:15:00,True,23:15:00,2024-01-23
12862,2024-01-23 23:30:00,True,23:30:00,2024-01-23
12863,2024-01-23 23:45:00,True,23:45:00,2024-01-23
12864,2024-01-24 00:00:00,True,00:00:00,2024-01-24
12865,2024-01-24 00:15:00,True,00:15:00,2024-01-24
12866,2024-01-24 00:30:00,True,00:30:00,2024-01-24
12867,2024-01-24 00:45:00,True,00:45:00,2024-01-24
12868,2024-01-24 01:00:00,True,01:00:00,2024-01-24
12869,2024-01-24 01:15:00,True,01:15:00,2024-01-24
12870,2024-01-24 01:30:00,True,01:30:00,2024-01-24
12871,2024-01-24 01:45:00,True,01:45:00,2024-01-24
12872,2024-01-24 02:00:00,True,02:00:00,2024-01-24
12873,2024-01-24 02:15:00,True,02:15:00,2024-01-24
12874,2024-01-24 02:30:00,True,02:30:00,2024-01-24
12875,2024-01-24 02:45:00,True,02:45:00,2024-01-24
12876,2024-01-24 03:00:00,True,03:00:00,2024-01-24
12877,2024-01-24 03:15:00,True,03:15:00,2024-01-24
12878,2024-01-24 03:30:00,True,03:30:00,2024-01-24
12879,2024-01-24 03:45:00,True,03:45:00,2024-01-24
12880,2024-01-24 04:00:00,True,04:00:00,2024-01-24
12881,2024-01-24 04:15:00,True,04:15:00,2024-01-24
12882,2024-01-24 04:30:00,True,04:30:00,2024-01-24
12883,2024-01-24 04:45:00,True,04:45:00,2024-01-24
12884,2024-01-24 05:00:00,True,05:00:00,2024-01-24
12885,2024-01-24 05:15:00,True,05:15:00,2024-01-24
12886,2024-01-24 05:30:00,True,05:30:00,2024-01-24
12887,2024-01-24 05:45:00,True,05:45:00,2024-01-24
12888,2024-01-24 06:00:00,True,06:00:00,2024-01-24
12889,2024-01-24 06:15:00,True,06:15:00,2024-01-24
12890,2024-01-24 06:30:00,True,06:30:00,2024-01-24
12891,2024-01-24 06:45:00,True,06:45:00,2024-01-24
12892,2024-01-24 07:00:00,True,07:00:00,2024-01-24
12893,2024-01-24 07:15:00,True,07:15:00,2024-01-24
12894,2024-01-24 07:30:00,True,07:30:00,2024-01-24
12895,2024-01-24 07:45:00,True,07:45:00,2024-01-24
12896,2024-01-24 08:00:00,True,08:00:00,2024-01-24
12897,2024-01-24 08:15:00,True,08:15:00,2024-01-24
12898,2024-01-24 08:30:00,True,08:30:00,2024-01-24
12899,2024-01-24 08:45:00,True,08:45:00,2024-01-24
12900,2024-01-24 09:00:00,True,09:00:00,2024-01-24
12901,2024-01-24 09:15:00,True,09:15:00,2024-01-24
12902,2024-01-24 09:30:00,True,09:30:00,2024-01-24
12903,2024-01-24 09:45:00,True,09:45:00,2024-01-24
12904,2024-01-24 10:00:00,True,10:00:00,2024-01-24
12905,2024-01-24 10:15:00,True,10:15:00,2024-01-24
12906,2024-01-24 10:30:00,True,10:30:00,2024-01-24
12907,2024-01-24 10:45:00,True,10:45:00,2024-01-24
12908,2024-01-24 11:00:00,True,11:00:00,2024-01-24
12909,2024-01-24 11:15:00,True,11:15:00,2024-01-24
12910,2024-01-24 11:30:00,True,11:30:00,2024-01-24
12911,2024-01-24 11:45:00,True,11:45:00,2024-01-24
12912,2024-01-24 12:00:00,True,12:00:00,2024-01-24
12913,2024-01-24 12:15:00,True,12:15:00,2024-01-24
12914,2024-01-24 12:30:00,True,12:30:00,2024-01-24
12915,2024-01-24 12:45:00,True,12:45:00,2024-01-24
12916,2024-01-24 13:00:00,True,13:00:00,2024-01-24
12917,2024-01-24 13:15:00,True,13:15:00,2024-01-24
12918,2024-01-24 13:30:00,True,13:30:00,2024-01-24
12919,2024-01-24 13:45:00,True,13:45:00,2024-01-24
12920,2024-01-24 14:00:00,True,14:00:00,2024-01-24
12921,2024-01-24 14:15:00,True,14:15:00,2024-01-24
12922,2024-01-24 14:30:00,True,14:30:00,2024-01-24
12923,2024-01-24 14:45:00,True,14:45:00,2024-01-24
12924,2024-01-24 15:00:00,True,15:00:00,2024-01-24
12925,2024-01-24 15:15:00,True,15:15:00,2024-01-24
12926,2024-01-24 15:30:00,True,15:30:00,2024-01-24
12927,2024-01-24 15:45:00,True,15:45:00,2024-01-24
12928,2024-01-24 16:00:00,True,16:00:00,2024-01-24
12929,2024-01-24 16:15:00,True,16:15:00,2024-01-24
12930,2024-01-24 16:30:00,True,16:30:00,2024-01-24
12931,2024-01-24 16:45:00,True,16:45:00,2024-01-24
12932,2024-01-24 17:00:00,True,17:00:00,2024-01-24
12933,2024-01-24 17:15:00,True,17:15:00,2024-01-24
12934,2024-01-24 17:30:00,True,17:30:00,2024-01-24
12935,2024-01-24 17:45:00,True,17:45:00,2024-01-24
12936,2024-01-24 18:00:00,True,18:00:00,2024-01-24
12937,2024-01-24 18:15:00,True,18:15:00,2024-01-24
12938,2024-01-24 18:30:00,True,18:30:00,2024-01-24
12939,2024-01-24 18:45:00,True,18:45:00,2024-01-24
12940,2024-01-24 19:00:00,True,19:00:00,2024-01-24
12941,2024-01-24 19:15:00,True,19:15:00,2024-01-24
12942,2024-01-24 19:30:00,True,19:30:00,2024-01-24
12943,2024-01-24 19:45:00,True,19:45:00,2024-01-24
12944,2024-01-24 20:00:00,True,20:00:00,2024-01-24
12945,2024-01-24 20:15:00,True,20:15:00,2024-01-24
12946,2024-01-24 20:30:00,True,20:30:00,2024-01-24
12947,2024-01-24 20:45:00,True,20:45:00,2024-01-24
12948,2024-01-24 21:00:00,True,21:00:00,2024-01-24
12949,2024-01-24 21:15:00,True,21:15:00,2024-01-24
12950,2024-01-24 21:30:00,True,21:30:00,2024-01-24
12951,2024-01-24 21:45:00,True,21:45:00,2024-01-24
12952,2024-01-24 22:00:00,True,22:00:00,2024-01-24
12953,2024-01-24 22:15:00,True,22:15:00,2024-01-24
12954,2024-01-24 22:30:00,True,22:30:00,2024-01-24
12955,2024-01-24 22:45:00,True,22:45:00,2024-01-24
12956,2024-01-24 23:00:00,True,23:00:00,2024-01-24
12957,2024-01-24 23:15:00,True,23:15:00,2024-01-24
12958,2024-01-24 23:30:00,True,23:30:00,2024-01-24
12959,2024-01-24 23:45:00,True,23:45:00,2024-01-24
12960,2024-01-25 00:00:00,True,00:00:00,2024-01-25
12961,2024-01-25 00:15:00,True,00:15:00,2024-01-25
12962,2024-01-25 00:30:00,True,00:30:00,2024-01-25
12963,2024-01-25 00:45:00,True,00:45:00,2024-01-25
12964,2024-01-25 01:00:00,True,01:00:00,2024-01-25
12965,2024-01-25 01:15:00,True,01:15:00,2024-01-25
12966,2024-01-25 01:30:00,True,01:30:00,2024-01-25
12967,2024-01-25 01:45:00,True,01:45:00,2024-01-25
12968,2024-01-25 02:00:00,True,02:00:00,2024-01-25
12969,2024-01-25 02:15:00,True,02:15:00,2024-01-25
12970,2024-01-25 02:30:00,True,02:30:00,2024-01-25
12971,2024-01-25 02:45:00,True,02:45:00,2024-01-25
12972,2024-01-25 03:00:00,True,03:00:00,2024-01-25
12973,2024-01-25 03:15:00,True,03:15:00,2024-01-25
12974,2024-01-25 03:30:00,True,03:30:00,2024-01-25
12975,2024-01-25 03:45:00,True,03:45:00,2024-01-25
12976,2024-01-25 04:00:00,True,04:00:00,2024-01-25
12977,2024-01-25 04:15:00,True,04:15:00,2024-01-25
12978,2024-01-25 04:30:00,True,04:30:00,2024-01-25
12979,2024-01-25 04:45:00,True,04:45:00,2024-01-25
12980,2024-01-25 05:00:00,True,05:00:00,2024-01-25
12981,2024-01-25 05:15:00,True,05:15:00,2024-01-25
12982,2024-01-25 05:30:00,True,05:30:00,2024-01-25
12983,2024-01-25 05:45:00,True,05:45:00,2024-01-25
12984,2024-01-25 06:00:00,True,06:00:00,2024-01-25
12985,2024-01-25 06:15:00,True,06:15:00,2024-01-25
12986,2024-01-25 06:30:00,True,06:30:00,2024-01-25
12987,2024-01-25 06:45:00,True,06:45:00,2024-01-25
12988,2024-01-25 07:00:00,True,07:00:00,2024-01-25
12989,2024-01-25 07:15:00,True,07:15:00,2024-01-25
12990,2024-01-25 07:30:00,True,07:30:00,2024-01-25
12991,2024-01-25 07:45:00,True,07:45:00,2024-01-25
12992,2024-01-25 08:00:00,True,08:00:00,2024-01-25
12993,2024-01-25 08:15:00,True,08:15:00,2024-01-25
12994,2024-01-25 08:30:00,True,08:30:00,2024-01-25
12995,2024-01-25 08:45:00,True,08:45:00,2024-01-25
12996,2024-01-25 09:00:00,True,09:00:00,2024-01-25
12997,2024-01-25 09:15:00,True,09:15:00,2024-01-25
12998,2024-01-25 09:30:00,True,09:30:00,2024-01-25
12999,2024-01-25 09:45:00,True,09:45:00,2024-01-25
13000,2024-01-25 10:00:00,True,10:00:00,2024-01-25
13001,2024-01-25 10:15:00,True,10:15:00,2024-01-25
13002,2024-01-25 10:30:00,True,10:30:00,2024-01-25
13003,2024-01-25 10:45:00,True,10:45:00,2024-01-25
13004,2024-01-25 11:00:00,True,11:00:00,2024-01-25
13005,2024-01-25 11:15:00,True,11:15:00,2024-01-25
13006,2024-01-25 11:30:00,True,11:30:00,2024-01-25
13007,2024-01-25 11:45:00,True,11:45:00,2024-01-25
13008,2024-01-25 12:00:00,True,12:00:00,2024-01-25
13009,2024-01-25 12:15:00,True,12:15:00,2024-01-25
13010,2024-01-25 12:30:00,True,12:30:00,2024-01-25
13011,2024-01-25 12:45:00,True,12:45:00,2024-01-25
13012,2024-01-25 13:00:00,True,13:00:00,2024-01-25
13013,2024-01-25 13:15:00,True,13:15:00,2024-01-25
13014,2024-01-25 13:30:00,True,13:30:00,2024-01-25
13015,2024-01-25 13:45:00,True,13:45:00,2024-01-25
13016,2024-01-25 14:00:00,True,14:00:00,2024-01-25
13017,2024-01-25 14:15:00,True,14:15:00,2024-01-25
13018,2024-01-25 14:30:00,True,14:30:00,2024-01-25
13019,2024-01-25 14:45:00,True,14:45:00,2024-01-25
13020,2024-01-25 15:00:00,True,15:00:00,2024-01-25
13021,2024-01-25 15:15:00,True,15:15:00,2024-01-25
13022,2024-01-25 15:30:00,True,15:30:00,2024-01-25
13023,2024-01-25 15:45:00,True,15:45:00,2024-01-25
13024,2024-01-25 16:00:00,True,16:00:00,2024-01-25
13025,2024-01-25 16:15:00,True,16:15:00,2024-01-25
13026,2024-01-25 16:30:00,True,16:30:00,2024-01-25
13027,2024-01-25 16:45:00,True,16:45:00,2024-01-25
13028,2024-01-25 17:00:00,True,17:00:00,2024-01-25
13029,2024-01-25 17:15:00,True,17:15:00,2024-01-25
13030,2024-01-25 17:30:00,True,17:30:00,2024-01-25
13031,2024-01-25 17:45:00,True,17:45:00,2024-01-25
13032,2024-01-25 18:00:00,True,18:00:00,2024-01-25
13033,2024-01-25 18:15:00,True,18:15:00,2024-01-25
13034,2024-01-25 18:30:00,True,18:30:00,2024-01-25
13035,2024-01-25 18:45:00,True,18:45:00,2024-01-25
13036,2024-01-25 19:00:00,True,19:00:00,2024-01-25
13037,2024-01-25 19:15:00,True,19:15:00,2024-01-25
13038,2024-01-25 19:30:00,True,19:30:00,2024-01-25
13039,2024-01-25 19:45:00,True,19:45:00,2024-01-25
13040,2024-01-25 20:00:00,True,20:00:00,2024-01-25
13041,2024-01-25 20:15:00,True,20:15:00,2024-01-25
13042,2024-01-25 20:30:00,True,20:30:00,2024-01-25
13043,2024-01-25 20:45:00,True,20:45:00,2024-01-25
13044,2024-01-25 21:00:00,True,21:00:00,2024-01-25
13045,2024-01-25 21:15:00,True,21:15:00,2024-01-25
13046,2024-01-25 21:30:00,True,21:30:00,2024-01-25
13047,2024-01-25 21:45:00,True,21:45:00,2024-01-25
13048,2024-01-25 22:00:00,True,22:00:00,2024-01-25
13049,2024-01-25 22:15:00,True,22:15:00,2024-01-25
13050,2024-01-25 22:30:00,True,22:30:00,2024-01-25
13051,2024-01-25 22:45:00,True,22:45:00,2024-01-25
13052,2024-01-25 23:00:00,True,23:00:00,2024-01-25
13053,2024-01-25 23:15:00,True,23:15:00,2024-01-25
13054,2024-01-25 23:30:00,True,23:30:00,2024-01-25
13055,2024-01-25 23:45:00,True,23:45:00,2024-01-25
13056,2024-01-26 00:00:00,True,00:00:00,2024-01-26
13057,2024-01-26 00:15:00,True,00:15:00,2024-01-26
13058,2024-01-26 00:30:00,True,00:30:00,2024-01-26
13059,2024-01-26 00:45:00,True,00:45:00,2024-01-26
13060,2024-01-26 01:00:00,True,01:00:00,2024-01-26
13061,2024-01-26 01:15:00,True,01:15:00,2024-01-26
13062,2024-01-26 01:30:00,True,01:30:00,2024-01-26
13063,2024-01-26 01:45:00,True,01:45:00,2024-01-26
13064,2024-01-26 02:00:00,True,02:00:00,2024-01-26
13065,2024-01-26 02:15:00,True,02:15:00,2024-01-26
13066,2024-01-26 02:30:00,True,02:30:00,2024-01-26
13067,2024-01-26 02:45:00,True,02:45:00,2024-01-26
13068,2024-01-26 03:00:00,True,03:00:00,2024-01-26
13069,2024-01-26 03:15:00,True,03:15:00,2024-01-26
13070,2024-01-26 03:30:00,True,03:30:00,2024-01-26
13071,2024-01-26 03:45:00,True,03:45:00,2024-01-26
13072,2024-01-26 04:00:00,True,04:00:00,2024-01-26
13073,2024-01-26 04:15:00,True,04:15:00,2024-01-26
13074,2024-01-26 04:30:00,True,04:30:00,2024-01-26
13075,2024-01-26 04:45:00,True,04:45:00,2024-01-26
13076,2024-01-26 05:00:00,True,05:00:00,2024-01-26
13077,2024-01-26 05:15:00,True,05:15:00,2024-01-26
13078,2024-01-26 05:30:00,True,05:30:00,2024-01-26
13079,2024-01-26 05:45:00,True,05:45:00,2024-01-26
13080,2024-01-26 06:00:00,True,06:00:00,2024-01-26
13081,2024-01-26 06:15:00,True,06:15:00,2024-01-26
13082,2024-01-26 06:30:00,True,06:30:00,2024-01-26
13083,2024-01-26 06:45:00,True,06:45:00,2024-01-26
13084,2024-01-26 07:00:00,True,07:00:00,2024-01-26
13085,2024-01-26 07:15:00,True,07:15:00,2024-01-26
13086,2024-01-26 07:30:00,True,07:30:00,2024-01-26
13087,2024-01-26 07:45:00,True,07:45:00,2024-01-26
13088,2024-01-26 08:00:00,True,08:00:00,2024-01-26
13089,2024-01-26 08:15:00,True,08:15:00,2024-01-26
13090,2024-01-26 08:30:00,True,08:30:00,2024-01-26
13091,2024-01-26 08:45:00,True,08:45:00,2024-01-26
13092,2024-01-26 09:00:00,True,09:00:00,2024-01-26
13093,2024-01-26 09:15:00,True,09:15:00,2024-01-26
13094,2024-01-26 09:30:00,True,09:30:00,2024-01-26
13095,2024-01-26 09:45:00,True,09:45:00,2024-01-26
13096,2024-01-26 10:00:00,True,10:00:00,2024-01-26
13097,2024-01-26 10:15:00,True,10:15:00,2024-01-26
13098,2024-01-26 10:30:00,True,10:30:00,2024-01-26
13099,2024-01-26 10:45:00,True,10:45:00,2024-01-26
13100,2024-01-26 11:00:00,True,11:00:00,2024-01-26
13101,2024-01-26 11:15:00,True,11:15:00,2024-01-26
13102,2024-01-26 11:30:00,True,11:30:00,2024-01-26
13103,2024-01-26 11:45:00,True,11:45:00,2024-01-26
13104,2024-01-26 12:00:00,True,12:00:00,2024-01-26
13105,2024-01-26 12:15:00,True,12:15:00,2024-01-26
13106,2024-01-26 12:30:00,True,12:30:00,2024-01-26
13107,2024-01-26 12:45:00,True,12:45:00,2024-01-26
13108,2024-01-26 13:00:00,True,13:00:00,2024-01-26
13109,2024-01-26 13:15:00,True,13:15:00,2024-01-26
13110,2024-01-26 13:30:00,True,13:30:00,2024-01-26
13111,2024-01-26 13:45:00,True,13:45:00,2024-01-26
13112,2024-01-26 14:00:00,True,14:00:00,2024-01-26
13113,2024-01-26 14:15:00,True,14:15:00,2024-01-26
13114,2024-01-26 14:30:00,True,14:30:00,2024-01-26
13115,2024-01-26 14:45:00,True,14:45:00,2024-01-26
13116,2024-01-26 15:00:00,True,15:00:00,2024-01-26
13117,2024-01-26 15:15:00,True,15:15:00,2024-01-26
13118,2024-01-26 15:30:00,True,15:30:00,2024-01-26
13119,2024-01-26 15:45:00,True,15:45:00,2024-01-26
13120,2024-01-26 16:00:00,True,16:00:00,2024-01-26
13121,2024-01-26 16:15:00,True,16:15:00,2024-01-26
13122,2024-01-26 16:30:00,True,16:30:00,2024-01-26
13123,2024-01-26 16:45:00,True,16:45:00,2024-01-26
13124,2024-01-26 17:00:00,True,17:00:00,2024-01-26
13125,2024-01-26 17:15:00,True,17:15:00,2024-01-26
13126,2024-01-26 17:30:00,True,17:30:00,2024-01-26
13127,2024-01-26 17:45:00,True,17:45:00,2024-01-26
13128,2024-01-26 18:00:00,True,18:00:00,2024-01-26
13129,2024-01-26 18:15:00,True,18:15:00,2024-01-26
13130,2024-01-26 18:30:00,True,18:30:00,2024-01-26
13131,2024-01-26 18:45:00,True,18:45:00,2024-01-26
13132,2024-01-26 19:00:00,True,19:00:00,2024-01-26
13133,2024-01-26 19:15:00,True,19:15:00,2024-01-26
13134,2024-01-26 19:30:00,True,19:30:00,2024-01-26
13135,2024-01-26 19:45:00,True,19:45:00,2024-01-26
13136,2024-01-26 20:00:00,True,20:00:00,2024-01-26
13137,2024-01-26 20:15:00,True,20:15:00,2024-01-26
13138,2024-01-26 20:30:00,True,20:30:00,2024-01-26
13139,2024-01-26 20:45:00,True,20:45:00,2024-01-26
13140,2024-01-26 21:00:00,True,21:00:00,2024-01-26
13141,2024-01-26 21:15:00,True,21:15:00,2024-01-26
13142,2024-01-26 21:30:00,True,21:30:00,2024-01-26
13143,2024-01-26 21:45:00,True,21:45:00,2024-01-26
13144,2024-01-26 22:00:00,True,22:00:00,2024-01-26
13145,2024-01-26 22:15:00,True,22:15:00,2024-01-26
13146,2024-01-26 22:30:00,True,22:30:00,2024-01-26
13147,2024-01-26 22:45:00,True,22:45:00,2024-01-26
13148,2024-01-26 23:00:00,True,23:00:00,2024-01-26
13149,2024-01-26 23:15:00,True,23:15:00,2024-01-26
13150,2024-01-26 23:30:00,True,23:30:00,2024-01-26
13151,2024-01-26 23:45:00,True,23:45:00,2024-01-26
13152,2024-01-27 00:00:00,True,00:00:00,2024-01-27
13153,2024-01-27 00:15:00,True,00:15:00,2024-01-27
13154,2024-01-27 00:30:00,True,00:30:00,2024-01-27
13155,2024-01-27 00:45:00,True,00:45:00,2024-01-27
13156,2024-01-27 01:00:00,True,01:00:00,2024-01-27
13157,2024-01-27 01:15:00,True,01:15:00,2024-01-27
13158,2024-01-27 01:30:00,True,01:30:00,2024-01-27
13159,2024-01-27 01:45:00,True,01:45:00,2024-01-27
13160,2024-01-27 02:00:00,True,02:00:00,2024-01-27
13161,2024-01-27 02:15:00,True,02:15:00,2024-01-27
13162,2024-01-27 02:30:00,True,02:30:00,2024-01-27
13163,2024-01-27 02:45:00,True,02:45:00,2024-01-27
13164,2024-01-27 03:00:00,True,03:00:00,2024-01-27
13165,2024-01-27 03:15:00,True,03:15:00,2024-01-27
13166,2024-01-27 03:30:00,True,03:30:00,2024-01-27
13167,2024-01-27 03:45:00,True,03:45:00,2024-01-27
13168,2024-01-27 04:00:00,True,04:00:00,2024-01-27
13169,2024-01-27 04:15:00,True,04:15:00,2024-01-27
13170,2024-01-27 04:30:00,True,04:30:00,2024-01-27
13171,2024-01-27 04:45:00,True,04:45:00,2024-01-27
13172,2024-01-27 05:00:00,True,05:00:00,2024-01-27
13173,2024-01-27 05:15:00,True,05:15:00,2024-01-27
13174,2024-01-27 05:30:00,True,05:30:00,2024-01-27
13175,2024-01-27 05:45:00,True,05:45:00,2024-01-27
13176,2024-01-27 06:00:00,True,06:00:00,2024-01-27
13177,2024-01-27 06:15:00,True,06:15:00,2024-01-27
13178,2024-01-27 06:30:00,True,06:30:00,2024-01-27
13179,2024-01-27 06:45:00,True,06:45:00,2024-01-27
13180,2024-01-27 07:00:00,True,07:00:00,2024-01-27
13181,2024-01-27 07:15:00,True,07:15:00,2024-01-27
13182,2024-01-27 07:30:00,True,07:30:00,2024-01-27
13183,2024-01-27 07:45:00,True,07:45:00,2024-01-27
13184,2024-01-27 08:00:00,True,08:00:00,2024-01-27
13185,2024-01-27 08:15:00,True,08:15:00,2024-01-27
13186,2024-01-27 08:30:00,True,08:30:00,2024-01-27
13187,2024-01-27 08:45:00,True,08:45:00,2024-01-27
13188,2024-01-27 09:00:00,True,09:00:00,2024-01-27
13189,2024-01-27 09:15:00,True,09:15:00,2024-01-27
13190,2024-01-27 09:30:00,True,09:30:00,2024-01-27
13191,2024-01-27 09:45:00,True,09:45:00,2024-01-27
13192,2024-01-27 10:00:00,True,10:00:00,2024-01-27
13193,2024-01-27 10:15:00,True,10:15:00,2024-01-27
13194,2024-01-27 10:30:00,True,10:30:00,2024-01-27
13195,2024-01-27 10:45:00,True,10:45:00,2024-01-27
13196,2024-01-27 11:00:00,True,11:00:00,2024-01-27
13197,2024-01-27 11:15:00,True,11:15:00,2024-01-27
13198,2024-01-27 11:30:00,True,11:30:00,2024-01-27
13199,2024-01-27 11:45:00,True,11:45:00,2024-01-27
13200,2024-01-27 12:00:00,True,12:00:00,2024-01-27
13201,2024-01-27 12:15:00,True,12:15:00,2024-01-27
13202,2024-01-27 12:30:00,True,12:30:00,2024-01-27
13203,2024-01-27 12:45:00,True,12:45:00,2024-01-27
13204,2024-01-27 13:00:00,True,13:00:00,2024-01-27
13205,2024-01-27 13:15:00,True,13:15:00,2024-01-27
13206,2024-01-27 13:30:00,True,13:30:00,2024-01-27
13207,2024-01-27 13:45:00,True,13:45:00,2024-01-27
13208,2024-01-27 14:00:00,True,14:00:00,2024-01-27
13209,2024-01-27 14:15:00,True,14:15:00,2024-01-27
13210,2024-01-27 14:30:00,True,14:30:00,2024-01-27
13211,2024-01-27 14:45:00,True,14:45:00,2024-01-27
13212,2024-01-27 15:00:00,True,15:00:00,2024-01-27
13213,2024-01-27 15:15:00,True,15:15:00,2024-01-27
13214,2024-01-27 15:30:00,True,15:30:00,2024-01-27
13215,2024-01-27 15:45:00,True,15:45:00,2024-01-27
13216,2024-01-27 16:00:00,True,16:00:00,2024-01-27
13217,2024-01-27 16:15:00,True,16:15:00,2024-01-27
13218,2024-01-27 16:30:00,True,16:30:00,2024-01-27
13219,2024-01-27 16:45:00,True,16:45:00,2024-01-27
13220,2024-01-27 17:00:00,True,17:00:00,2024-01-27
13221,2024-01-27 17:15:00,True,17:15:00,2024-01-27
13222,2024-01-27 17:30:00,True,17:30:00,2024-01-27
13223,2024-01-27 17:45:00,True,17:45:00,2024-01-27
13224,2024-01-27 18:00:00,True,18:00:00,2024-01-27
13225,2024-01-27 18:15:00,True,18:15:00,2024-01-27
13226,2024-01-27 18:30:00,True,18:30:00,2024-01-27
13227,2024-01-27 18:45:00,True,18:45:00,2024-01-27
13228,2024-01-27 19:00:00,True,19:00:00,2024-01-27
13229,2024-01-27 19:15:00,True,19:15:00,2024-01-27
13230,2024-01-27 19:30:00,True,19:30:00,2024-01-27
13231,2024-01-27 19:45:00,True,19:45:00,2024-01-27
13232,2024-01-27 20:00:00,True,20:00:00,2024-01-27
13233,2024-01-27 20:15:00,True,20:15:00,2024-01-27
13234,2024-01-27 20:30:00,True,20:30:00,2024-01-27
13235,2024-01-27 20:45:00,True,20:45:00,2024-01-27
13236,2024-01-27 21:00:00,True,21:00:00,2024-01-27
13237,2024-01-27 21:15:00,True,21:15:00,2024-01-27
13238,2024-01-27 21:30:00,True,21:30:00,2024-01-27
13239,2024-01-27 21:45:00,True,21:45:00,2024-01-27
13240,2024-01-27 22:00:00,True,22:00:00,2024-01-27
13241,2024-01-27 22:15:00,True,22:15:00,2024-01-27
13242,2024-01-27 22:30:00,True,22:30:00,2024-01-27
13243,2024-01-27 22:45:00,True,22:45:00,2024-01-27
13244,2024-01-27 23:00:00,True,23:00:00,2024-01-27
13245,2024-01-27 23:15:00,True,23:15:00,2024-01-27
13246,2024-01-27 23:30:00,True,23:30:00,2024-01-27
13247,2024-01-27 23:45:00,True,23:45:00,2024-01-27
13248,2024-01-28 00:00:00,True,00:00:00,2024-01-28
13249,2024-01-28 00:15:00,True,00:15:00,2024-01-28
13250,2024-01-28 00:30:00,True,00:30:00,2024-01-28
13251,2024-01-28 00:45:00,True,00:45:00,2024-01-28
13252,2024-01-28 01:00:00,True,01:00:00,2024-01-28
13253,2024-01-28 01:15:00,True,01:15:00,2024-01-28
13254,2024-01-28 01:30:00,True,01:30:00,2024-01-28
13255,2024-01-28 01:45:00,True,01:45:00,2024-01-28
13256,2024-01-28 02:00:00,True,02:00:00,2024-01-28
13257,2024-01-28 02:15:00,True,02:15:00,2024-01-28
13258,2024-01-28 02:30:00,True,02:30:00,2024-01-28
13259,2024-01-28 02:45:00,True,02:45:00,2024-01-28
13260,2024-01-28 03:00:00,True,03:00:00,2024-01-28
13261,2024-01-28 03:15:00,True,03:15:00,2024-01-28
13262,2024-01-28 03:30:00,True,03:30:00,2024-01-28
13263,2024-01-28 03:45:00,True,03:45:00,2024-01-28
13264,2024-01-28 04:00:00,True,04:00:00,2024-01-28
13265,2024-01-28 04:15:00,True,04:15:00,2024-01-28
13266,2024-01-28 04:30:00,True,04:30:00,2024-01-28
13267,2024-01-28 04:45:00,True,04:45:00,2024-01-28
13268,2024-01-28 05:00:00,True,05:00:00,2024-01-28
13269,2024-01-28 05:15:00,True,05:15:00,2024-01-28
13270,2024-01-28 05:30:00,True,05:30:00,2024-01-28
13271,2024-01-28 05:45:00,True,05:45:00,2024-01-28
13272,2024-01-28 06:00:00,True,06:00:00,2024-01-28
13273,2024-01-28 06:15:00,True,06:15:00,2024-01-28
13274,2024-01-28 06:30:00,True,06:30:00,2024-01-28
13275,2024-01-28 06:45:00,True,06:45:00,2024-01-28
13276,2024-01-28 07:00:00,True,07:00:00,2024-01-28
13277,2024-01-28 07:15:00,True,07:15:00,2024-01-28
13278,2024-01-28 07:30:00,True,07:30:00,2024-01-28
13279,2024-01-28 07:45:00,True,07:45:00,2024-01-28
13280,2024-01-28 08:00:00,True,08:00:00,2024-01-28
13281,2024-01-28 08:15:00,True,08:15:00,2024-01-28
13282,2024-01-28 08:30:00,True,08:30:00,2024-01-28
13283,2024-01-28 08:45:00,True,08:45:00,2024-01-28
13284,2024-01-28 09:00:00,True,09:00:00,2024-01-28
13285,2024-01-28 09:15:00,True,09:15:00,2024-01-28
13286,2024-01-28 09:30:00,True,09:30:00,2024-01-28
13287,2024-01-28 09:45:00,True,09:45:00,2024-01-28
13288,2024-01-28 10:00:00,True,10:00:00,2024-01-28
13289,2024-01-28 10:15:00,True,10:15:00,2024-01-28
13290,2024-01-28 10:30:00,True,10:30:00,2024-01-28
13291,2024-01-28 10:45:00,True,10:45:00,2024-01-28
13292,2024-01-28 11:00:00,True,11:00:00,2024-01-28
13293,2024-01-28 11:15:00,True,11:15:00,2024-01-28
13294,2024-01-28 11:30:00,True,11:30:00,2024-01-28
13295,2024-01-28 11:45:00,True,11:45:00,2024-01-28
13296,2024-01-28 12:00:00,True,12:00:00,2024-01-28
13297,2024-01-28 12:15:00,True,12:15:00,2024-01-28
13298,2024-01-28 12:30:00,True,12:30:00,2024-01-28
13299,2024-01-28 12:45:00,True,12:45:00,2024-01-28
13300,2024-01-28 13:00:00,True,13:00:00,2024-01-28
13301,2024-01-28 13:15:00,True,13:15:00,2024-01-28
13302,2024-01-28 13:30:00,True,13:30:00,2024-01-28
13303,2024-01-28 13:45:00,True,13:45:00,2024-01-28
13304,2024-01-28 14:00:00,True,14:00:00,2024-01-28
13305,2024-01-28 14:15:00,True,14:15:00,2024-01-28
13306,2024-01-28 14:30:00,True,14:30:00,2024-01-28
13307,2024-01-28 14:45:00,True,14:45:00,2024-01-28
13308,2024-01-28 15:00:00,True,15:00:00,2024-01-28
13309,2024-01-28 15:15:00,True,15:15:00,2024-01-28
13310,2024-01-28 15:30:00,True,15:30:00,2024-01-28
13311,2024-01-28 15:45:00,True,15:45:00,2024-01-28
13312,2024-01-28 16:00:00,True,16:00:00,2024-01-28
13313,2024-01-28 16:15:00,True,16:15:00,2024-01-28
13314,2024-01-28 16:30:00,True,16:30:00,2024-01-28
13315,2024-01-28 16:45:00,True,16:45:00,2024-01-28
13316,2024-01-28 17:00:00,True,17:00:00,2024-01-28
13317,2024-01-28 17:15:00,True,17:15:00,2024-01-28
13318,2024-01-28 17:30:00,True,17:30:00,2024-01-28
13319,2024-01-28 17:45:00,True,17:45:00,2024-01-28
13320,2024-01-28 18:00:00,True,18:00:00,2024-01-28
13321,2024-01-28 18:15:00,True,18:15:00,2024-01-28
13322,2024-01-28 18:30:00,True,18:30:00,2024-01-28
13323,2024-01-28 18:45:00,True,18:45:00,2024-01-28
13324,2024-01-28 19:00:00,True,19:00:00,2024-01-28
13325,2024-01-28 19:15:00,True,19:15:00,2024-01-28
13326,2024-01-28 19:30:00,True,19:30:00,2024-01-28
13327,2024-01-28 19:45:00,True,19:45:00,2024-01-28
13328,2024-01-28 20:00:00,True,20:00:00,2024-01-28
13329,2024-01-28 20:15:00,True,20:15:00,2024-01-28
13330,2024-01-28 20:30:00,True,20:30:00,2024-01-28
13331,2024-01-28 20:45:00,True,20:45:00,2024-01-28
13332,2024-01-28 21:00:00,True,21:00:00,2024-01-28
13333,2024-01-28 21:15:00,True,21:15:00,2024-01-28
13334,2024-01-28 21:30:00,True,21:30:00,2024-01-28
13335,2024-01-28 21:45:00,True,21:45:00,2024-01-28
13336,2024-01-28 22:00:00,True,22:00:00,2024-01-28
13337,2024-01-28 22:15:00,True,22:15:00,2024-01-28
13338,2024-01-28 22:30:00,True,22:30:00,2024-01-28
13339,2024-01-28 22:45:00,True,22:45:00,2024-01-28
13340,2024-01-28 23:00:00,True,23:00:00,2024-01-28
13341,2024-01-28 23:15:00,True,23:15:00,2024-01-28
13342,2024-01-28 23:30:00,True,23:30:00,2024-01-28
13343,2024-01-28 23:45:00,True,23:45:00,2024-01-28
13344,2024-01-29 00:00:00,True,00:00:00,2024-01-29
13345,2024-01-29 00:15:00,True,00:15:00,2024-01-29
13346,2024-01-29 00:30:00,True,00:30:00,2024-01-29
13347,2024-01-29 00:45:00,True,00:45:00,2024-01-29
13348,2024-01-29 01:00:00,True,01:00:00,2024-01-29
13349,2024-01-29 01:15:00,True,01:15:00,2024-01-29
13350,2024-01-29 01:30:00,True,01:30:00,2024-01-29
13351,2024-01-29 01:45:00,True,01:45:00,2024-01-29
13352,2024-01-29 02:00:00,True,02:00:00,2024-01-29
13353,2024-01-29 02:15:00,True,02:15:00,2024-01-29
13354,2024-01-29 02:30:00,True,02:30:00,2024-01-29
13355,2024-01-29 02:45:00,True,02:45:00,2024-01-29
13356,2024-01-29 03:00:00,True,03:00:00,2024-01-29
13357,2024-01-29 03:15:00,True,03:15:00,2024-01-29
13358,2024-01-29 03:30:00,True,03:30:00,2024-01-29
13359,2024-01-29 03:45:00,True,03:45:00,2024-01-29
13360,2024-01-29 04:00:00,True,04:00:00,2024-01-29
13361,2024-01-29 04:15:00,True,04:15:00,2024-01-29
13362,2024-01-29 04:30:00,True,04:30:00,2024-01-29
13363,2024-01-29 04:45:00,True,04:45:00,2024-01-29
13364,2024-01-29 05:00:00,True,05:00:00,2024-01-29
13365,2024-01-29 05:15:00,True,05:15:00,2024-01-29
13366,2024-01-29 05:30:00,True,05:30:00,2024-01-29
13367,2024-01-29 05:45:00,True,05:45:00,2024-01-29
13368,2024-01-29 06:00:00,True,06:00:00,2024-01-29
13369,2024-01-29 06:15:00,True,06:15:00,2024-01-29
13370,2024-01-29 06:30:00,True,06:30:00,2024-01-29
13371,2024-01-29 06:45:00,True,06:45:00,2024-01-29
13372,2024-01-29 07:00:00,True,07:00:00,2024-01-29
13373,2024-01-29 07:15:00,True,07:15:00,2024-01-29
13374,2024-01-29 07:30:00,True,07:30:00,2024-01-29
13375,2024-01-29 07:45:00,True,07:45:00,2024-01-29
13376,2024-01-29 08:00:00,True,08:00:00,2024-01-29
13377,2024-01-29 08:15:00,True,08:15:00,2024-01-29
13378,2024-01-29 08:30:00,True,08:30:00,2024-01-29
13379,2024-01-29 08:45:00,True,08:45:00,2024-01-29
13380,2024-01-29 09:00:00,True,09:00:00,2024-01-29
13381,2024-01-29 09:15:00,True,09:15:00,2024-01-29
13382,2024-01-29 09:30:00,True,09:30:00,2024-01-29
13383,2024-01-29 09:45:00,True,09:45:00,2024-01-29
13384,2024-01-29 10:00:00,True,10:00:00,2024-01-29
13385,2024-01-29 10:15:00,True,10:15:00,2024-01-29
13386,2024-01-29 10:30:00,True,10:30:00,2024-01-29
13387,2024-01-29 10:45:00,True,10:45:00,2024-01-29
13388,2024-01-29 11:00:00,True,11:00:00,2024-01-29
13389,2024-01-29 11:15:00,True,11:15:00,2024-01-29
13390,2024-01-29 11:30:00,True,11:30:00,2024-01-29
13391,2024-01-29 11:45:00,True,11:45:00,2024-01-29
13392,2024-01-29 12:00:00,True,12:00:00,2024-01-29
13393,2024-01-29 12:15:00,True,12:15:00,2024-01-29
13394,2024-01-29 12:30:00,True,12:30:00,2024-01-29
13395,2024-01-29 12:45:00,True,12:45:00,2024-01-29
13396,2024-01-29 13:00:00,True,13:00:00,2024-01-29
13397,2024-01-29 13:15:00,True,13:15:00,2024-01-29
13398,2024-01-29 13:30:00,True,13:30:00,2024-01-29
13399,2024-01-29 13:45:00,True,13:45:00,2024-01-29
13400,2024-01-29 14:00:00,True,14:00:00,2024-01-29
13401,2024-01-29 14:15:00,True,14:15:00,2024-01-29
13402,2024-01-29 14:30:00,True,14:30:00,2024-01-29
13403,2024-01-29 14:45:00,True,14:45:00,2024-01-29
13404,2024-01-29 15:00:00,True,15:00:00,2024-01-29
13405,2024-01-29 15:15:00,True,15:15:00,2024-01-29
13406,2024-01-29 15:30:00,True,15:30:00,2024-01-29
13407,2024-01-29 15:45:00,True,15:45:00,2024-01-29
13408,2024-01-29 16:00:00,True,16:00:00,2024-01-29
13409,2024-01-29 16:15:00,True,16:15:00,2024-01-29
13410,2024-01-29 16:30:00,True,16:30:00,2024-01-29
13411,2024-01-29 16:45:00,True,16:45:00,2024-01-29
13412,2024-01-29 17:00:00,True,17:00:00,2024-01-29
13413,2024-01-29 17:15:00,True,17:15:00,2024-01-29
13414,2024-01-29 17:30:00,True,17:30:00,2024-01-29
13415,2024-01-29 17:45:00,True,17:45:00,2024-01-29
13416,2024-01-29 18:00:00,True,18:00:00,2024-01-29
13417,2024-01-29 18:15:00,True,18:15:00,2024-01-29
13418,2024-01-29 18:30:00,True,18:30:00,2024-01-29
13419,2024-01-29 18:45:00,True,18:45:00,2024-01-29
13420,2024-01-29 19:00:00,True,19:00:00,2024-01-29
13421,2024-01-29 19:15:00,True,19:15:00,2024-01-29
13422,2024-01-29 19:30:00,True,19:30:00,2024-01-29
13423,2024-01-29 19:45:00,True,19:45:00,2024-01-29
13424,2024-01-29 20:00:00,True,20:00:00,2024-01-29
13425,2024-01-29 20:15:00,True,20:15:00,2024-01-29
13426,2024-01-29 20:30:00,True,20:30:00,2024-01-29
13427,2024-01-29 20:45:00,True,20:45:00,2024-01-29
13428,2024-01-29 21:00:00,True,21:00:00,2024-01-29
13429,2024-01-29 21:15:00,True,21:15:00,2024-01-29
13430,2024-01-29 21:30:00,True,21:30:00,2024-01-29
13431,2024-01-29 21:45:00,True,21:45:00,2024-01-29
13432,2024-01-29 22:00:00,True,22:00:00,2024-01-29
13433,2024-01-29 22:15:00,True,22:15:00,2024-01-29
13434,2024-01-29 22:30:00,True,22:30:00,2024-01-29
13435,2024-01-29 22:45:00,True,22:45:00,2024-01-29
13436,2024-01-29 23:00:00,True,23:00:00,2024-01-29
13437,2024-01-29 23:15:00,True,23:15:00,2024-01-29
13438,2024-01-29 23:30:00,True,23:30:00,2024-01-29
13439,2024-01-29 23:45:00,True,23:45:00,2024-01-29
13440,2024-01-30 00:00:00,True,00:00:00,2024-01-30
13441,2024-01-30 00:15:00,True,00:15:00,2024-01-30
13442,2024-01-30 00:30:00,True,00:30:00,2024-01-30
13443,2024-01-30 00:45:00,True,00:45:00,2024-01-30
13444,2024-01-30 01:00:00,True,01:00:00,2024-01-30
13445,2024-01-30 01:15:00,True,01:15:00,2024-01-30
13446,2024-01-30 01:30:00,True,01:30:00,2024-01-30
13447,2024-01-30 01:45:00,True,01:45:00,2024-01-30
13448,2024-01-30 02:00:00,True,02:00:00,2024-01-30
13449,2024-01-30 02:15:00,True,02:15:00,2024-01-30
13450,2024-01-30 02:30:00,True,02:30:00,2024-01-30
13451,2024-01-30 02:45:00,True,02:45:00,2024-01-30
13452,2024-01-30 03:00:00,True,03:00:00,2024-01-30
13453,2024-01-30 03:15:00,True,03:15:00,2024-01-30
13454,2024-01-30 03:30:00,True,03:30:00,2024-01-30
13455,2024-01-30 03:45:00,True,03:45:00,2024-01-30
13456,2024-01-30 04:00:00,True,04:00:00,2024-01-30
13457,2024-01-30 04:15:00,True,04:15:00,2024-01-30
13458,2024-01-30 04:30:00,True,04:30:00,2024-01-30
13459,2024-01-30 04:45:00,True,04:45:00,2024-01-30
13460,2024-01-30 05:00:00,True,05:00:00,2024-01-30
13461,2024-01-30 05:15:00,True,05:15:00,2024-01-30
13462,2024-01-30 05:30:00,True,05:30:00,2024-01-30
13463,2024-01-30 05:45:00,True,05:45:00,2024-01-30
13464,2024-01-30 06:00:00,True,06:00:00,2024-01-30
13465,2024-01-30 06:15:00,True,06:15:00,2024-01-30
13466,2024-01-30 06:30:00,True,06:30:00,2024-01-30
13467,2024-01-30 06:45:00,True,06:45:00,2024-01-30
13468,2024-01-30 07:00:00,True,07:00:00,2024-01-30
13469,2024-01-30 07:15:00,True,07:15:00,2024-01-30
13470,2024-01-30 07:30:00,True,07:30:00,2024-01-30
13471,2024-01-30 07:45:00,True,07:45:00,2024-01-30
13472,2024-01-30 08:00:00,True,08:00:00,2024-01-30
13473,2024-01-30 08:15:00,True,08:15:00,2024-01-30
13474,2024-01-30 08:30:00,True,08:30:00,2024-01-30
13475,2024-01-30 08:45:00,True,08:45:00,2024-01-30
13476,2024-01-30 09:00:00,True,09:00:00,2024-01-30
13477,2024-01-30 09:15:00,True,09:15:00,2024-01-30
13478,2024-01-30 09:30:00,True,09:30:00,2024-01-30
13479,2024-01-30 09:45:00,True,09:45:00,2024-01-30
13480,2024-01-30 10:00:00,True,10:00:00,2024-01-30
13481,2024-01-30 10:15:00,True,10:15:00,2024-01-30
13482,2024-01-30 10:30:00,True,10:30:00,2024-01-30
13483,2024-01-30 10:45:00,True,10:45:00,2024-01-30
13484,2024-01-30 11:00:00,True,11:00:00,2024-01-30
13485,2024-01-30 11:15:00,True,11:15:00,2024-01-30
13486,2024-01-30 11:30:00,True,11:30:00,2024-01-30
13487,2024-01-30 11:45:00,True,11:45:00,2024-01-30
13488,2024-01-30 12:00:00,True,12:00:00,2024-01-30
13489,2024-01-30 12:15:00,True,12:15:00,2024-01-30
13490,2024-01-30 12:30:00,True,12:30:00,2024-01-30
13491,2024-01-30 12:45:00,True,12:45:00,2024-01-30
13492,2024-01-30 13:00:00,True,13:00:00,2024-01-30
13493,2024-01-30 13:15:00,True,13:15:00,2024-01-30
13494,2024-01-30 13:30:00,True,13:30:00,2024-01-30
13495,2024-01-30 13:45:00,True,13:45:00,2024-01-30
13496,2024-01-30 14:00:00,True,14:00:00,2024-01-30
13497,2024-01-30 14:15:00,True,14:15:00,2024-01-30
13498,2024-01-30 14:30:00,True,14:30:00,2024-01-30
13499,2024-01-30 14:45:00,True,14:45:00,2024-01-30
13500,2024-01-30 15:00:00,True,15:00:00,2024-01-30
13501,2024-01-30 15:15:00,True,15:15:00,2024-01-30
13502,2024-01-30 15:30:00,True,15:30:00,2024-01-30
13503,2024-01-30 15:45:00,True,15:45:00,2024-01-30
13504,2024-01-30 16:00:00,True,16:00:00,2024-01-30
13505,2024-01-30 16:15:00,True,16:15:00,2024-01-30
13506,2024-01-30 16:30:00,True,16:30:00,2024-01-30
13507,2024-01-30 16:45:00,True,16:45:00,2024-01-30
13508,2024-01-30 17:00:00,True,17:00:00,2024-01-30
13509,2024-01-30 17:15:00,True,17:15:00,2024-01-30
13510,2024-01-30 17:30:00,True,17:30:00,2024-01-30
13511,2024-01-30 17:45:00,True,17:45:00,2024-01-30
13512,2024-01-30 18:00:00,True,18:00:00,2024-01-30
13513,2024-01-30 18:15:00,True,18:15:00,2024-01-30
13514,2024-01-30 18:30:00,True,18:30:00,2024-01-30
13515,2024-01-30 18:45:00,True,18:45:00,2024-01-30
13516,2024-01-30 19:00:00,True,19:00:00,2024-01-30
13517,2024-01-30 19:15:00,True,19:15:00,2024-01-30
13518,2024-01-30 19:30:00,True,19:30:00,2024-01-30
13519,2024-01-30 19:45:00,True,19:45:00,2024-01-30
13520,2024-01-30 20:00:00,True,20:00:00,2024-01-30
13521,2024-01-30 20:15:00,True,20:15:00,2024-01-30
13522,2024-01-30 20:30:00,True,20:30:00,2024-01-30
13523,2024-01-30 20:45:00,True,20:45:00,2024-01-30
13524,2024-01-30 21:00:00,True,21:00:00,2024-01-30
13525,2024-01-30 21:15:00,True,21:15:00,2024-01-30
13526,2024-01-30 21:30:00,True,21:30:00,2024-01-30
13527,2024-01-30 21:45:00,True,21:45:00,2024-01-30
13528,2024-01-30 22:00:00,True,22:00:00,2024-01-30
13529,2024-01-30 22:15:00,True,22:15:00,2024-01-30
13530,2024-01-30 22:30:00,True,22:30:00,2024-01-30
13531,2024-01-30 22:45:00,True,22:45:00,2024-01-30
13532,2024-01-30 23:00:00,True,23:00:00,2024-01-30
13533,2024-01-30 23:15:00,True,23:15:00,2024-01-30
13534,2024-01-30 23:30:00,True,23:30:00,2024-01-30
13535,2024-01-30 23:45:00,True,23:45:00,2024-01-30
13536,2024-01-31 00:00:00,True,00:00:00,2024-01-31
13537,2024-01-31 00:15:00,True,00:15:00,2024-01-31
13538,2024-01-31 00:30:00,True,00:30:00,2024-01-31
13539,2024-01-31 00:45:00,True,00:45:00,2024-01-31
13540,2024-01-31 01:00:00,True,01:00:00,2024-01-31
13541,2024-01-31 01:15:00,True,01:15:00,2024-01-31
13542,2024-01-31 01:30:00,True,01:30:00,2024-01-31
13543,2024-01-31 01:45:00,True,01:45:00,2024-01-31
13544,2024-01-31 02:00:00,True,02:00:00,2024-01-31
13545,2024-01-31 02:15:00,True,02:15:00,2024-01-31
13546,2024-01-31 02:30:00,True,02:30:00,2024-01-31
13547,2024-01-31 02:45:00,True,02:45:00,2024-01-31
13548,2024-01-31 03:00:00,True,03:00:00,2024-01-31
13549,2024-01-31 03:15:00,True,03:15:00,2024-01-31
13550,2024-01-31 03:30:00,True,03:30:00,2024-01-31
13551,2024-01-31 03:45:00,True,03:45:00,2024-01-31
13552,2024-01-31 04:00:00,True,04:00:00,2024-01-31
13553,2024-01-31 04:15:00,True,04:15:00,2024-01-31
13554,2024-01-31 04:30:00,True,04:30:00,2024-01-31
13555,2024-01-31 04:45:00,True,04:45:00,2024-01-31
13556,2024-01-31 05:00:00,True,05:00:00,2024-01-31
13557,2024-01-31 05:15:00,True,05:15:00,2024-01-31
13558,2024-01-31 05:30:00,True,05:30:00,2024-01-31
13559,2024-01-31 05:45:00,True,05:45:00,2024-01-31
13560,2024-01-31 06:00:00,True,06:00:00,2024-01-31
13561,2024-01-31 06:15:00,True,06:15:00,2024-01-31
13562,2024-01-31 06:30:00,True,06:30:00,2024-01-31
13563,2024-01-31 06:45:00,True,06:45:00,2024-01-31
13564,2024-01-31 07:00:00,True,07:00:00,2024-01-31
13565,2024-01-31 07:15:00,True,07:15:00,2024-01-31
13566,2024-01-31 07:30:00,True,07:30:00,2024-01-31
13567,2024-01-31 07:45:00,True,07:45:00,2024-01-31
13568,2024-01-31 08:00:00,True,08:00:00,2024-01-31
13569,2024-01-31 08:15:00,True,08:15:00,2024-01-31
13570,2024-01-31 08:30:00,True,08:30:00,2024-01-31
13571,2024-01-31 08:45:00,True,08:45:00,2024-01-31
13572,2024-01-31 09:00:00,True,09:00:00,2024-01-31
13573,2024-01-31 09:15:00,True,09:15:00,2024-01-31
13574,2024-01-31 09:30:00,True,09:30:00,2024-01-31
13575,2024-01-31 09:45:00,True,09:45:00,2024-01-31
13576,2024-01-31 10:00:00,True,10:00:00,2024-01-31
13577,2024-01-31 10:15:00,True,10:15:00,2024-01-31
13578,2024-01-31 10:30:00,True,10:30:00,2024-01-31
13579,2024-01-31 10:45:00,True,10:45:00,2024-01-31
13580,2024-01-31 11:00:00,True,11:00:00,2024-01-31
13581,2024-01-31 11:15:00,True,11:15:00,2024-01-31
13582,2024-01-31 11:30:00,True,11:30:00,2024-01-31
13583,2024-01-31 11:45:00,True,11:45:00,2024-01-31
13584,2024-01-31 12:00:00,True,12:00:00,2024-01-31
13585,2024-01-31 12:15:00,True,12:15:00,2024-01-31
13586,2024-01-31 12:30:00,True,12:30:00,2024-01-31
13587,2024-01-31 12:45:00,True,12:45:00,2024-01-31
13588,2024-01-31 13:00:00,True,13:00:00,2024-01-31
13589,2024-01-31 13:15:00,True,13:15:00,2024-01-31
13590,2024-01-31 13:30:00,True,13:30:00,2024-01-31
13591,2024-01-31 13:45:00,True,13:45:00,2024-01-31
13592,2024-01-31 14:00:00,True,14:00:00,2024-01-31
13593,2024-01-31 14:15:00,True,14:15:00,2024-01-31
13594,2024-01-31 14:30:00,True,14:30:00,2024-01-31
13595,2024-01-31 14:45:00,True,14:45:00,2024-01-31
13596,2024-01-31 15:00:00,True,15:00:00,2024-01-31
13597,2024-01-31 15:15:00,True,15:15:00,2024-01-31
13598,2024-01-31 15:30:00,True,15:30:00,2024-01-31
13599,2024-01-31 15:45:00,True,15:45:00,2024-01-31
13600,2024-01-31 16:00:00,True,16:00:00,2024-01-31
13601,2024-01-31 16:15:00,True,16:15:00,2024-01-31
13602,2024-01-31 16:30:00,True,16:30:00,2024-01-31
13603,2024-01-31 16:45:00,True,16:45:00,2024-01-31
13604,2024-01-31 17:00:00,True,17:00:00,2024-01-31
13605,2024-01-31 17:15:00,True,17:15:00,2024-01-31
13606,2024-01-31 17:30:00,True,17:30:00,2024-01-31
13607,2024-01-31 17:45:00,True,17:45:00,2024-01-31
13608,2024-01-31 18:00:00,True,18:00:00,2024-01-31
13609,2024-01-31 18:15:00,True,18:15:00,2024-01-31
13610,2024-01-31 18:30:00,True,18:30:00,2024-01-31
13611,2024-01-31 18:45:00,True,18:45:00,2024-01-31
13612,2024-01-31 19:00:00,True,19:00:00,2024-01-31
13613,2024-01-31 19:15:00,True,19:15:00,2024-01-31
13614,2024-01-31 19:30:00,True,19:30:00,2024-01-31
13615,2024-01-31 19:45:00,True,19:45:00,2024-01-31
13616,2024-01-31 20:00:00,True,20:00:00,2024-01-31
13617,2024-01-31 20:15:00,True,20:15:00,2024-01-31
13618,2024-01-31 20:30:00,True,20:30:00,2024-01-31
13619,2024-01-31 20:45:00,True,20:45:00,2024-01-31
13620,2024-01-31 21:00:00,True,21:00:00,2024-01-31
13621,2024-01-31 21:15:00,True,21:15:00,2024-01-31
13622,2024-01-31 21:30:00,True,21:30:00,2024-01-31
13623,2024-01-31 21:45:00,True,21:45:00,2024-01-31
13624,2024-01-31 22:00:00,True,22:00:00,2024-01-31
13625,2024-01-31 22:15:00,True,22:15:00,2024-01-31
13626,2024-01-31 22:30:00,True,22:30:00,2024-01-31
13627,2024-01-31 22:45:00,True,22:45:00,2024-01-31
13628,2024-01-31 23:00:00,True,23:00:00,2024-01-31
13629,2024-01-31 23:15:00,True,23:15:00,2024-01-31
13630,2024-01-31 23:30:00,True,23:30:00,2024-01-31
13631,2024-01-31 23:45:00,True,23:45:00,2024-01-31
13632,2024-02-01 00:00:00,True,00:00:00,2024-02-01
13633,2024-02-01 00:15:00,True,00:15:00,2024-02-01
13634,2024-02-01 00:30:00,True,00:30:00,2024-02-01
13635,2024-02-01 00:45:00,True,00:45:00,2024-02-01
13636,2024-02-01 01:00:00,True,01:00:00,2024-02-01
13637,2024-02-01 01:15:00,True,01:15:00,2024-02-01
13638,2024-02-01 01:30:00,True,01:30:00,2024-02-01
13639,2024-02-01 01:45:00,True,01:45:00,2024-02-01
13640,2024-02-01 02:00:00,True,02:00:00,2024-02-01
13641,2024-02-01 02:15:00,True,02:15:00,2024-02-01
13642,2024-02-01 02:30:00,True,02:30:00,2024-02-01
13643,2024-02-01 02:45:00,True,02:45:00,2024-02-01
13644,2024-02-01 03:00:00,True,03:00:00,2024-02-01
13645,2024-02-01 03:15:00,True,03:15:00,2024-02-01
13646,2024-02-01 03:30:00,True,03:30:00,2024-02-01
13647,2024-02-01 03:45:00,True,03:45:00,2024-02-01
13648,2024-02-01 04:00:00,True,04:00:00,2024-02-01
13649,2024-02-01 04:15:00,True,04:15:00,2024-02-01
13650,2024-02-01 04:30:00,True,04:30:00,2024-02-01
13651,2024-02-01 04:45:00,True,04:45:00,2024-02-01
13652,2024-02-01 05:00:00,True,05:00:00,2024-02-01
13653,2024-02-01 05:15:00,True,05:15:00,2024-02-01
13654,2024-02-01 05:30:00,True,05:30:00,2024-02-01
13655,2024-02-01 05:45:00,True,05:45:00,2024-02-01
13656,2024-02-01 06:00:00,True,06:00:00,2024-02-01
13657,2024-02-01 06:15:00,True,06:15:00,2024-02-01
13658,2024-02-01 06:30:00,True,06:30:00,2024-02-01
13659,2024-02-01 06:45:00,True,06:45:00,2024-02-01
13660,2024-02-01 07:00:00,True,07:00:00,2024-02-01
13661,2024-02-01 07:15:00,True,07:15:00,2024-02-01
13662,2024-02-01 07:30:00,True,07:30:00,2024-02-01
13663,2024-02-01 07:45:00,True,07:45:00,2024-02-01
13664,2024-02-01 08:00:00,True,08:00:00,2024-02-01
13665,2024-02-01 08:15:00,True,08:15:00,2024-02-01
13666,2024-02-01 08:30:00,True,08:30:00,2024-02-01
13667,2024-02-01 08:45:00,True,08:45:00,2024-02-01
13668,2024-02-01 09:00:00,True,09:00:00,2024-02-01
13669,2024-02-01 09:15:00,True,09:15:00,2024-02-01
13670,2024-02-01 09:30:00,True,09:30:00,2024-02-01
13671,2024-02-01 09:45:00,True,09:45:00,2024-02-01
13672,2024-02-01 10:00:00,True,10:00:00,2024-02-01
13673,2024-02-01 10:15:00,True,10:15:00,2024-02-01
13674,2024-02-01 10:30:00,True,10:30:00,2024-02-01
13675,2024-02-01 10:45:00,True,10:45:00,2024-02-01
13676,2024-02-01 11:00:00,True,11:00:00,2024-02-01
13677,2024-02-01 11:15:00,True,11:15:00,2024-02-01
13678,2024-02-01 11:30:00,True,11:30:00,2024-02-01
13679,2024-02-01 11:45:00,True,11:45:00,2024-02-01
13680,2024-02-01 12:00:00,True,12:00:00,2024-02-01
13681,2024-02-01 12:15:00,True,12:15:00,2024-02-01
13682,2024-02-01 12:30:00,True,12:30:00,2024-02-01
13683,2024-02-01 12:45:00,True,12:45:00,2024-02-01
13684,2024-02-01 13:00:00,True,13:00:00,2024-02-01
13685,2024-02-01 13:15:00,True,13:15:00,2024-02-01
13686,2024-02-01 13:30:00,True,13:30:00,2024-02-01
13687,2024-02-01 13:45:00,True,13:45:00,2024-02-01
13688,2024-02-01 14:00:00,True,14:00:00,2024-02-01
13689,2024-02-01 14:15:00,True,14:15:00,2024-02-01
13690,2024-02-01 14:30:00,True,14:30:00,2024-02-01
13691,2024-02-01 14:45:00,True,14:45:00,2024-02-01
13692,2024-02-01 15:00:00,True,15:00:00,2024-02-01
13693,2024-02-01 15:15:00,True,15:15:00,2024-02-01
13694,2024-02-01 15:30:00,True,15:30:00,2024-02-01
13695,2024-02-01 15:45:00,True,15:45:00,2024-02-01
13696,2024-02-01 16:00:00,True,16:00:00,2024-02-01
13697,2024-02-01 16:15:00,True,16:15:00,2024-02-01
13698,2024-02-01 16:30:00,True,16:30:00,2024-02-01
13699,2024-02-01 16:45:00,True,16:45:00,2024-02-01
13700,2024-02-01 17:00:00,True,17:00:00,2024-02-01
13701,2024-02-01 17:15:00,True,17:15:00,2024-02-01
13702,2024-02-01 17:30:00,True,17:30:00,2024-02-01
13703,2024-02-01 17:45:00,True,17:45:00,2024-02-01
13704,2024-02-01 18:00:00,True,18:00:00,2024-02-01
13705,2024-02-01 18:15:00,True,18:15:00,2024-02-01
13706,2024-02-01 18:30:00,True,18:30:00,2024-02-01
13707,2024-02-01 18:45:00,True,18:45:00,2024-02-01
13708,2024-02-01 19:00:00,True,19:00:00,2024-02-01
13709,2024-02-01 19:15:00,True,19:15:00,2024-02-01
13710,2024-02-01 19:30:00,True,19:30:00,2024-02-01
13711,2024-02-01 19:45:00,True,19:45:00,2024-02-01
13712,2024-02-01 20:00:00,True,20:00:00,2024-02-01
13713,2024-02-01 20:15:00,True,20:15:00,2024-02-01
13714,2024-02-01 20:30:00,True,20:30:00,2024-02-01
13715,2024-02-01 20:45:00,True,20:45:00,2024-02-01
13716,2024-02-01 21:00:00,True,21:00:00,2024-02-01
13717,2024-02-01 21:15:00,True,21:15:00,2024-02-01
13718,2024-02-01 21:30:00,True,21:30:00,2024-02-01
13719,2024-02-01 21:45:00,True,21:45:00,2024-02-01
13720,2024-02-01 22:00:00,True,22:00:00,2024-02-01
13721,2024-02-01 22:15:00,True,22:15:00,2024-02-01
13722,2024-02-01 22:30:00,True,22:30:00,2024-02-01
13723,2024-02-01 22:45:00,True,22:45:00,2024-02-01
13724,2024-02-01 23:00:00,True,23:00:00,2024-02-01
13725,2024-02-01 23:15:00,True,23:15:00,2024-02-01
13726,2024-02-01 23:30:00,True,23:30:00,2024-02-01
13727,2024-02-01 23:45:00,True,23:45:00,2024-02-01
13728,2024-02-02 00:00:00,True,00:00:00,2024-02-02
13729,2024-02-02 00:15:00,True,00:15:00,2024-02-02
13730,2024-02-02 00:30:00,True,00:30:00,2024-02-02
13731,2024-02-02 00:45:00,True,00:45:00,2024-02-02
13732,2024-02-02 01:00:00,True,01:00:00,2024-02-02
13733,2024-02-02 01:15:00,True,01:15:00,2024-02-02
13734,2024-02-02 01:30:00,True,01:30:00,2024-02-02
13735,2024-02-02 01:45:00,True,01:45:00,2024-02-02
13736,2024-02-02 02:00:00,True,02:00:00,2024-02-02
13737,2024-02-02 02:15:00,True,02:15:00,2024-02-02
13738,2024-02-02 02:30:00,True,02:30:00,2024-02-02
13739,2024-02-02 02:45:00,True,02:45:00,2024-02-02
13740,2024-02-02 03:00:00,True,03:00:00,2024-02-02
13741,2024-02-02 03:15:00,True,03:15:00,2024-02-02
13742,2024-02-02 03:30:00,True,03:30:00,2024-02-02
13743,2024-02-02 03:45:00,True,03:45:00,2024-02-02
13744,2024-02-02 04:00:00,True,04:00:00,2024-02-02
13745,2024-02-02 04:15:00,True,04:15:00,2024-02-02
13746,2024-02-02 04:30:00,True,04:30:00,2024-02-02
13747,2024-02-02 04:45:00,True,04:45:00,2024-02-02
13748,2024-02-02 05:00:00,True,05:00:00,2024-02-02
13749,2024-02-02 05:15:00,True,05:15:00,2024-02-02
13750,2024-02-02 05:30:00,True,05:30:00,2024-02-02
13751,2024-02-02 05:45:00,True,05:45:00,2024-02-02
13752,2024-02-02 06:00:00,True,06:00:00,2024-02-02
13753,2024-02-02 06:15:00,True,06:15:00,2024-02-02
13754,2024-02-02 06:30:00,True,06:30:00,2024-02-02
13755,2024-02-02 06:45:00,True,06:45:00,2024-02-02
13756,2024-02-02 07:00:00,True,07:00:00,2024-02-02
13757,2024-02-02 07:15:00,True,07:15:00,2024-02-02
13758,2024-02-02 07:30:00,True,07:30:00,2024-02-02
13759,2024-02-02 07:45:00,True,07:45:00,2024-02-02
13760,2024-02-02 08:00:00,True,08:00:00,2024-02-02
13761,2024-02-02 08:15:00,True,08:15:00,2024-02-02
13762,2024-02-02 08:30:00,True,08:30:00,2024-02-02
13763,2024-02-02 08:45:00,True,08:45:00,2024-02-02
13764,2024-02-02 09:00:00,True,09:00:00,2024-02-02
13765,2024-02-02 09:15:00,True,09:15:00,2024-02-02
13766,2024-02-02 09:30:00,True,09:30:00,2024-02-02
13767,2024-02-02 09:45:00,True,09:45:00,2024-02-02
13768,2024-02-02 10:00:00,True,10:00:00,2024-02-02
13769,2024-02-02 10:15:00,True,10:15:00,2024-02-02
13770,2024-02-02 10:30:00,True,10:30:00,2024-02-02
13771,2024-02-02 10:45:00,True,10:45:00,2024-02-02
13772,2024-02-02 11:00:00,True,11:00:00,2024-02-02
13773,2024-02-02 11:15:00,True,11:15:00,2024-02-02
13774,2024-02-02 11:30:00,True,11:30:00,2024-02-02
13775,2024-02-02 11:45:00,True,11:45:00,2024-02-02
13776,2024-02-02 12:00:00,True,12:00:00,2024-02-02
13777,2024-02-02 12:15:00,True,12:15:00,2024-02-02
13778,2024-02-02 12:30:00,True,12:30:00,2024-02-02
13779,2024-02-02 12:45:00,True,12:45:00,2024-02-02
13780,2024-02-02 13:00:00,True,13:00:00,2024-02-02
13781,2024-02-02 13:15:00,True,13:15:00,2024-02-02
13782,2024-02-02 13:30:00,True,13:30:00,2024-02-02
13783,2024-02-02 13:45:00,True,13:45:00,2024-02-02
13784,2024-02-02 14:00:00,True,14:00:00,2024-02-02
13785,2024-02-02 14:15:00,True,14:15:00,2024-02-02
13786,2024-02-02 14:30:00,True,14:30:00,2024-02-02
13787,2024-02-02 14:45:00,True,14:45:00,2024-02-02
13788,2024-02-02 15:00:00,True,15:00:00,2024-02-02
13789,2024-02-02 15:15:00,True,15:15:00,2024-02-02
13790,2024-02-02 15:30:00,True,15:30:00,2024-02-02
13791,2024-02-02 15:45:00,True,15:45:00,2024-02-02
13792,2024-02-02 16:00:00,True,16:00:00,2024-02-02
13793,2024-02-02 16:15:00,True,16:15:00,2024-02-02
13794,2024-02-02 16:30:00,True,16:30:00,2024-02-02
13795,2024-02-02 16:45:00,True,16:45:00,2024-02-02
13796,2024-02-02 17:00:00,True,17:00:00,2024-02-02
13797,2024-02-02 17:15:00,True,17:15:00,2024-02-02
13798,2024-02-02 17:30:00,True,17:30:00,2024-02-02
13799,2024-02-02 17:45:00,True,17:45:00,2024-02-02
13800,2024-02-02 18:00:00,True,18:00:00,2024-02-02
13801,2024-02-02 18:15:00,True,18:15:00,2024-02-02
13802,2024-02-02 18:30:00,True,18:30:00,2024-02-02
13803,2024-02-02 18:45:00,True,18:45:00,2024-02-02
13804,2024-02-02 19:00:00,True,19:00:00,2024-02-02
13805,2024-02-02 19:15:00,True,19:15:00,2024-02-02
13806,2024-02-02 19:30:00,True,19:30:00,2024-02-02
13807,2024-02-02 19:45:00,True,19:45:00,2024-02-02
13808,2024-02-02 20:00:00,True,20:00:00,2024-02-02
13809,2024-02-02 20:15:00,True,20:15:00,2024-02-02
13810,2024-02-02 20:30:00,True,20:30:00,2024-02-02
13811,2024-02-02 20:45:00,True,20:45:00,2024-02-02
13812,2024-02-02 21:00:00,True,21:00:00,2024-02-02
13813,2024-02-02 21:15:00,True,21:15:00,2024-02-02
13814,2024-02-02 21:30:00,True,21:30:00,2024-02-02
13815,2024-02-02 21:45:00,True,21:45:00,2024-02-02
13816,2024-02-02 22:00:00,True,22:00:00,2024-02-02
13817,2024-02-02 22:15:00,True,22:15:00,2024-02-02
13818,2024-02-02 22:30:00,True,22:30:00,2024-02-02
13819,2024-02-02 22:45:00,True,22:45:00,2024-02-02
13820,2024-02-02 23:00:00,True,23:00:00,2024-02-02
13821,2024-02-02 23:15:00,True,23:15:00,2024-02-02
13822,2024-02-02 23:30:00,True,23:30:00,2024-02-02
13823,2024-02-02 23:45:00,True,23:45:00,2024-02-02
13824,2024-02-03 00:00:00,True,00:00:00,2024-02-03
13825,2024-02-03 00:15:00,True,00:15:00,2024-02-03
13826,2024-02-03 00:30:00,True,00:30:00,2024-02-03
13827,2024-02-03 00:45:00,True,00:45:00,2024-02-03
13828,2024-02-03 01:00:00,True,01:00:00,2024-02-03
13829,2024-02-03 01:15:00,True,01:15:00,2024-02-03
13830,2024-02-03 01:30:00,True,01:30:00,2024-02-03
13831,2024-02-03 01:45:00,True,01:45:00,2024-02-03
13832,2024-02-03 02:00:00,True,02:00:00,2024-02-03
13833,2024-02-03 02:15:00,True,02:15:00,2024-02-03
13834,2024-02-03 02:30:00,True,02:30:00,2024-02-03
13835,2024-02-03 02:45:00,True,02:45:00,2024-02-03
13836,2024-02-03 03:00:00,True,03:00:00,2024-02-03
13837,2024-02-03 03:15:00,True,03:15:00,2024-02-03
13838,2024-02-03 03:30:00,True,03:30:00,2024-02-03
13839,2024-02-03 03:45:00,True,03:45:00,2024-02-03
13840,2024-02-03 04:00:00,True,04:00:00,2024-02-03
13841,2024-02-03 04:15:00,True,04:15:00,2024-02-03
13842,2024-02-03 04:30:00,True,04:30:00,2024-02-03
13843,2024-02-03 04:45:00,True,04:45:00,2024-02-03
13844,2024-02-03 05:00:00,True,05:00:00,2024-02-03
13845,2024-02-03 05:15:00,True,05:15:00,2024-02-03
13846,2024-02-03 05:30:00,True,05:30:00,2024-02-03
13847,2024-02-03 05:45:00,True,05:45:00,2024-02-03
13848,2024-02-03 06:00:00,True,06:00:00,2024-02-03
13849,2024-02-03 06:15:00,True,06:15:00,2024-02-03
13850,2024-02-03 06:30:00,True,06:30:00,2024-02-03
13851,2024-02-03 06:45:00,True,06:45:00,2024-02-03
13852,2024-02-03 07:00:00,True,07:00:00,2024-02-03
13853,2024-02-03 07:15:00,True,07:15:00,2024-02-03
13854,2024-02-03 07:30:00,True,07:30:00,2024-02-03
13855,2024-02-03 07:45:00,True,07:45:00,2024-02-03
13856,2024-02-03 08:00:00,True,08:00:00,2024-02-03
13857,2024-02-03 08:15:00,True,08:15:00,2024-02-03
13858,2024-02-03 08:30:00,True,08:30:00,2024-02-03
13859,2024-02-03 08:45:00,True,08:45:00,2024-02-03
13860,2024-02-03 09:00:00,True,09:00:00,2024-02-03
13861,2024-02-03 09:15:00,True,09:15:00,2024-02-03
13862,2024-02-03 09:30:00,True,09:30:00,2024-02-03
13863,2024-02-03 09:45:00,True,09:45:00,2024-02-03
13864,2024-02-03 10:00:00,True,10:00:00,2024-02-03
13865,2024-02-03 10:15:00,True,10:15:00,2024-02-03
13866,2024-02-03 10:30:00,True,10:30:00,2024-02-03
13867,2024-02-03 10:45:00,True,10:45:00,2024-02-03
13868,2024-02-03 11:00:00,True,11:00:00,2024-02-03
13869,2024-02-03 11:15:00,True,11:15:00,2024-02-03
13870,2024-02-03 11:30:00,True,11:30:00,2024-02-03
13871,2024-02-03 11:45:00,True,11:45:00,2024-02-03
13872,2024-02-03 12:00:00,True,12:00:00,2024-02-03
13873,2024-02-03 12:15:00,True,12:15:00,2024-02-03
13874,2024-02-03 12:30:00,True,12:30:00,2024-02-03
13875,2024-02-03 12:45:00,True,12:45:00,2024-02-03
13876,2024-02-03 13:00:00,True,13:00:00,2024-02-03
13877,2024-02-03 13:15:00,True,13:15:00,2024-02-03
13878,2024-02-03 13:30:00,True,13:30:00,2024-02-03
13879,2024-02-03 13:45:00,True,13:45:00,2024-02-03
13880,2024-02-03 14:00:00,True,14:00:00,2024-02-03
13881,2024-02-03 14:15:00,True,14:15:00,2024-02-03
13882,2024-02-03 14:30:00,True,14:30:00,2024-02-03
13883,2024-02-03 14:45:00,True,14:45:00,2024-02-03
13884,2024-02-03 15:00:00,True,15:00:00,2024-02-03
13885,2024-02-03 15:15:00,True,15:15:00,2024-02-03
13886,2024-02-03 15:30:00,True,15:30:00,2024-02-03
13887,2024-02-03 15:45:00,True,15:45:00,2024-02-03
13888,2024-02-03 16:00:00,True,16:00:00,2024-02-03
13889,2024-02-03 16:15:00,True,16:15:00,2024-02-03
13890,2024-02-03 16:30:00,True,16:30:00,2024-02-03
13891,2024-02-03 16:45:00,True,16:45:00,2024-02-03
13892,2024-02-03 17:00:00,True,17:00:00,2024-02-03
13893,2024-02-03 17:15:00,True,17:15:00,2024-02-03
13894,2024-02-03 17:30:00,True,17:30:00,2024-02-03
13895,2024-02-03 17:45:00,True,17:45:00,2024-02-03
13896,2024-02-03 18:00:00,True,18:00:00,2024-02-03
13897,2024-02-03 18:15:00,True,18:15:00,2024-02-03
13898,2024-02-03 18:30:00,True,18:30:00,2024-02-03
13899,2024-02-03 18:45:00,True,18:45:00,2024-02-03
13900,2024-02-03 19:00:00,True,19:00:00,2024-02-03
13901,2024-02-03 19:15:00,True,19:15:00,2024-02-03
13902,2024-02-03 19:30:00,True,19:30:00,2024-02-03
13903,2024-02-03 19:45:00,True,19:45:00,2024-02-03
13904,2024-02-03 20:00:00,True,20:00:00,2024-02-03
13905,2024-02-03 20:15:00,True,20:15:00,2024-02-03
13906,2024-02-03 20:30:00,True,20:30:00,2024-02-03
13907,2024-02-03 20:45:00,True,20:45:00,2024-02-03
13908,2024-02-03 21:00:00,True,21:00:00,2024-02-03
13909,2024-02-03 21:15:00,True,21:15:00,2024-02-03
13910,2024-02-03 21:30:00,True,21:30:00,2024-02-03
13911,2024-02-03 21:45:00,True,21:45:00,2024-02-03
13912,2024-02-03 22:00:00,True,22:00:00,2024-02-03
13913,2024-02-03 22:15:00,True,22:15:00,2024-02-03
13914,2024-02-03 22:30:00,True,22:30:00,2024-02-03
13915,2024-02-03 22:45:00,True,22:45:00,2024-02-03
13916,2024-02-03 23:00:00,True,23:00:00,2024-02-03
13917,2024-02-03 23:15:00,True,23:15:00,2024-02-03
13918,2024-02-03 23:30:00,True,23:30:00,2024-02-03
13919,2024-02-03 23:45:00,True,23:45:00,2024-02-03
13920,2024-02-04 00:00:00,True,00:00:00,2024-02-04
13921,2024-02-04 00:15:00,True,00:15:00,2024-02-04
13922,2024-02-04 00:30:00,True,00:30:00,2024-02-04
13923,2024-02-04 00:45:00,True,00:45:00,2024-02-04
13924,2024-02-04 01:00:00,True,01:00:00,2024-02-04
13925,2024-02-04 01:15:00,True,01:15:00,2024-02-04
13926,2024-02-04 01:30:00,True,01:30:00,2024-02-04
13927,2024-02-04 01:45:00,True,01:45:00,2024-02-04
13928,2024-02-04 02:00:00,True,02:00:00,2024-02-04
13929,2024-02-04 02:15:00,True,02:15:00,2024-02-04
13930,2024-02-04 02:30:00,True,02:30:00,2024-02-04
13931,2024-02-04 02:45:00,True,02:45:00,2024-02-04
13932,2024-02-04 03:00:00,True,03:00:00,2024-02-04
13933,2024-02-04 03:15:00,True,03:15:00,2024-02-04
13934,2024-02-04 03:30:00,True,03:30:00,2024-02-04
13935,2024-02-04 03:45:00,True,03:45:00,2024-02-04
13936,2024-02-04 04:00:00,True,04:00:00,2024-02-04
13937,2024-02-04 04:15:00,True,04:15:00,2024-02-04
13938,2024-02-04 04:30:00,True,04:30:00,2024-02-04
13939,2024-02-04 04:45:00,True,04:45:00,2024-02-04
13940,2024-02-04 05:00:00,True,05:00:00,2024-02-04
13941,2024-02-04 05:15:00,True,05:15:00,2024-02-04
13942,2024-02-04 05:30:00,True,05:30:00,2024-02-04
13943,2024-02-04 05:45:00,True,05:45:00,2024-02-04
13944,2024-02-04 06:00:00,True,06:00:00,2024-02-04
13945,2024-02-04 06:15:00,True,06:15:00,2024-02-04
13946,2024-02-04 06:30:00,True,06:30:00,2024-02-04
13947,2024-02-04 06:45:00,True,06:45:00,2024-02-04
13948,2024-02-04 07:00:00,True,07:00:00,2024-02-04
13949,2024-02-04 07:15:00,True,07:15:00,2024-02-04
13950,2024-02-04 07:30:00,True,07:30:00,2024-02-04
13951,2024-02-04 07:45:00,True,07:45:00,2024-02-04
13952,2024-02-04 08:00:00,True,08:00:00,2024-02-04
13953,2024-02-04 08:15:00,True,08:15:00,2024-02-04
13954,2024-02-04 08:30:00,True,08:30:00,2024-02-04
13955,2024-02-04 08:45:00,True,08:45:00,2024-02-04
13956,2024-02-04 09:00:00,True,09:00:00,2024-02-04
13957,2024-02-04 09:15:00,True,09:15:00,2024-02-04
13958,2024-02-04 09:30:00,True,09:30:00,2024-02-04
13959,2024-02-04 09:45:00,True,09:45:00,2024-02-04
13960,2024-02-04 10:00:00,True,10:00:00,2024-02-04
13961,2024-02-04 10:15:00,True,10:15:00,2024-02-04
13962,2024-02-04 10:30:00,True,10:30:00,2024-02-04
13963,2024-02-04 10:45:00,True,10:45:00,2024-02-04
13964,2024-02-04 11:00:00,True,11:00:00,2024-02-04
13965,2024-02-04 11:15:00,True,11:15:00,2024-02-04
13966,2024-02-04 11:30:00,True,11:30:00,2024-02-04
13967,2024-02-04 11:45:00,True,11:45:00,2024-02-04
13968,2024-02-04 12:00:00,True,12:00:00,2024-02-04
13969,2024-02-04 12:15:00,True,12:15:00,2024-02-04
13970,2024-02-04 12:30:00,True,12:30:00,2024-02-04
13971,2024-02-04 12:45:00,True,12:45:00,2024-02-04
13972,2024-02-04 13:00:00,True,13:00:00,2024-02-04
13973,2024-02-04 13:15:00,True,13:15:00,2024-02-04
13974,2024-02-04 13:30:00,True,13:30:00,2024-02-04
13975,2024-02-04 13:45:00,True,13:45:00,2024-02-04
13976,2024-02-04 14:00:00,True,14:00:00,2024-02-04
13977,2024-02-04 14:15:00,True,14:15:00,2024-02-04
13978,2024-02-04 14:30:00,True,14:30:00,2024-02-04
13979,2024-02-04 14:45:00,True,14:45:00,2024-02-04
13980,2024-02-04 15:00:00,True,15:00:00,2024-02-04
13981,2024-02-04 15:15:00,True,15:15:00,2024-02-04
13982,2024-02-04 15:30:00,True,15:30:00,2024-02-04
13983,2024-02-04 15:45:00,True,15:45:00,2024-02-04
13984,2024-02-04 16:00:00,True,16:00:00,2024-02-04
13985,2024-02-04 16:15:00,True,16:15:00,2024-02-04
13986,2024-02-04 16:30:00,True,16:30:00,2024-02-04
13987,2024-02-04 16:45:00,True,16:45:00,2024-02-04
13988,2024-02-04 17:00:00,True,17:00:00,2024-02-04
13989,2024-02-04 17:15:00,True,17:15:00,2024-02-04
13990,2024-02-04 17:30:00,True,17:30:00,2024-02-04
13991,2024-02-04 17:45:00,True,17:45:00,2024-02-04
13992,2024-02-04 18:00:00,True,18:00:00,2024-02-04
13993,2024-02-04 18:15:00,True,18:15:00,2024-02-04
13994,2024-02-04 18:30:00,True,18:30:00,2024-02-04
13995,2024-02-04 18:45:00,True,18:45:00,2024-02-04
13996,2024-02-04 19:00:00,True,19:00:00,2024-02-04
13997,2024-02-04 19:15:00,True,19:15:00,2024-02-04
13998,2024-02-04 19:30:00,True,19:30:00,2024-02-04
13999,2024-02-04 19:45:00,True,19:45:00,2024-02-04
14000,2024-02-04 20:00:00,True,20:00:00,2024-02-04
14001,2024-02-04 20:15:00,True,20:15:00,2024-02-04
14002,2024-02-04 20:30:00,True,20:30:00,2024-02-04
14003,2024-02-04 20:45:00,True,20:45:00,2024-02-04
14004,2024-02-04 21:00:00,True,21:00:00,2024-02-04
14005,2024-02-04 21:15:00,True,21:15:00,2024-02-04
14006,2024-02-04 21:30:00,True,21:30:00,2024-02-04
14007,2024-02-04 21:45:00,True,21:45:00,2024-02-04
14008,2024-02-04 22:00:00,True,22:00:00,2024-02-04
14009,2024-02-04 22:15:00,True,22:15:00,2024-02-04
14010,2024-02-04 22:30:00,True,22:30:00,2024-02-04
14011,2024-02-04 22:45:00,True,22:45:00,2024-02-04
14012,2024-02-04 23:00:00,True,23:00:00,2024-02-04
14013,2024-02-04 23:15:00,True,23:15:00,2024-02-04
14014,2024-02-04 23:30:00,True,23:30:00,2024-02-04
14015,2024-02-04 23:45:00,True,23:45:00,2024-02-04
14016,2024-02-05 00:00:00,True,00:00:00,2024-02-05
14017,2024-02-05 00:15:00,True,00:15:00,2024-02-05
14018,2024-02-05 00:30:00,True,00:30:00,2024-02-05
14019,2024-02-05 00:45:00,True,00:45:00,2024-02-05
14020,2024-02-05 01:00:00,True,01:00:00,2024-02-05
14021,2024-02-05 01:15:00,True,01:15:00,2024-02-05
14022,2024-02-05 01:30:00,True,01:30:00,2024-02-05
14023,2024-02-05 01:45:00,True,01:45:00,2024-02-05
14024,2024-02-05 02:00:00,True,02:00:00,2024-02-05
14025,2024-02-05 02:15:00,True,02:15:00,2024-02-05
14026,2024-02-05 02:30:00,True,02:30:00,2024-02-05
14027,2024-02-05 02:45:00,True,02:45:00,2024-02-05
14028,2024-02-05 03:00:00,True,03:00:00,2024-02-05
14029,2024-02-05 03:15:00,True,03:15:00,2024-02-05
14030,2024-02-05 03:30:00,True,03:30:00,2024-02-05
14031,2024-02-05 03:45:00,True,03:45:00,2024-02-05
14032,2024-02-05 04:00:00,True,04:00:00,2024-02-05
14033,2024-02-05 04:15:00,True,04:15:00,2024-02-05
14034,2024-02-05 04:30:00,True,04:30:00,2024-02-05
14035,2024-02-05 04:45:00,True,04:45:00,2024-02-05
14036,2024-02-05 05:00:00,True,05:00:00,2024-02-05
14037,2024-02-05 05:15:00,True,05:15:00,2024-02-05
14038,2024-02-05 05:30:00,True,05:30:00,2024-02-05
14039,2024-02-05 05:45:00,True,05:45:00,2024-02-05
14040,2024-02-05 06:00:00,True,06:00:00,2024-02-05
14041,2024-02-05 06:15:00,True,06:15:00,2024-02-05
14042,2024-02-05 06:30:00,True,06:30:00,2024-02-05
14043,2024-02-05 06:45:00,True,06:45:00,2024-02-05
14044,2024-02-05 07:00:00,True,07:00:00,2024-02-05
14045,2024-02-05 07:15:00,True,07:15:00,2024-02-05
14046,2024-02-05 07:30:00,True,07:30:00,2024-02-05
14047,2024-02-05 07:45:00,True,07:45:00,2024-02-05
14048,2024-02-05 08:00:00,True,08:00:00,2024-02-05
14049,2024-02-05 08:15:00,True,08:15:00,2024-02-05
14050,2024-02-05 08:30:00,True,08:30:00,2024-02-05
14051,2024-02-05 08:45:00,True,08:45:00,2024-02-05
14052,2024-02-05 09:00:00,True,09:00:00,2024-02-05
14053,2024-02-05 09:15:00,True,09:15:00,2024-02-05
14054,2024-02-05 09:30:00,True,09:30:00,2024-02-05
14055,2024-02-05 09:45:00,True,09:45:00,2024-02-05
14056,2024-02-05 10:00:00,True,10:00:00,2024-02-05
14057,2024-02-05 10:15:00,True,10:15:00,2024-02-05
14058,2024-02-05 10:30:00,True,10:30:00,2024-02-05
14059,2024-02-05 10:45:00,True,10:45:00,2024-02-05
14060,2024-02-05 11:00:00,True,11:00:00,2024-02-05
14061,2024-02-05 11:15:00,True,11:15:00,2024-02-05
14062,2024-02-05 11:30:00,True,11:30:00,2024-02-05
14063,2024-02-05 11:45:00,True,11:45:00,2024-02-05
14064,2024-02-05 12:00:00,True,12:00:00,2024-02-05
14065,2024-02-05 12:15:00,True,12:15:00,2024-02-05
14066,2024-02-05 12:30:00,True,12:30:00,2024-02-05
14067,2024-02-05 12:45:00,True,12:45:00,2024-02-05
14068,2024-02-05 13:00:00,True,13:00:00,2024-02-05
14069,2024-02-05 13:15:00,True,13:15:00,2024-02-05
14070,2024-02-05 13:30:00,True,13:30:00,2024-02-05
14071,2024-02-05 13:45:00,True,13:45:00,2024-02-05
14072,2024-02-05 14:00:00,True,14:00:00,2024-02-05
14073,2024-02-05 14:15:00,True,14:15:00,2024-02-05
14074,2024-02-05 14:30:00,True,14:30:00,2024-02-05
14075,2024-02-05 14:45:00,True,14:45:00,2024-02-05
14076,2024-02-05 15:00:00,True,15:00:00,2024-02-05
14077,2024-02-05 15:15:00,True,15:15:00,2024-02-05
14078,2024-02-05 15:30:00,True,15:30:00,2024-02-05
14079,2024-02-05 15:45:00,True,15:45:00,2024-02-05
14080,2024-02-05 16:00:00,True,16:00:00,2024-02-05
14081,2024-02-05 16:15:00,True,16:15:00,2024-02-05
14082,2024-02-05 16:30:00,True,16:30:00,2024-02-05
14083,2024-02-05 16:45:00,True,16:45:00,2024-02-05
14084,2024-02-05 17:00:00,True,17:00:00,2024-02-05
14085,2024-02-05 17:15:00,True,17:15:00,2024-02-05
14086,2024-02-05 17:30:00,True,17:30:00,2024-02-05
14087,2024-02-05 17:45:00,True,17:45:00,2024-02-05
14088,2024-02-05 18:00:00,True,18:00:00,2024-02-05
14089,2024-02-05 18:15:00,True,18:15:00,2024-02-05
14090,2024-02-05 18:30:00,True,18:30:00,2024-02-05
14091,2024-02-05 18:45:00,True,18:45:00,2024-02-05
14092,2024-02-05 19:00:00,True,19:00:00,2024-02-05
14093,2024-02-05 19:15:00,True,19:15:00,2024-02-05
14094,2024-02-05 19:30:00,True,19:30:00,2024-02-05
14095,2024-02-05 19:45:00,True,19:45:00,2024-02-05
14096,2024-02-05 20:00:00,True,20:00:00,2024-02-05
14097,2024-02-05 20:15:00,True,20:15:00,2024-02-05
14098,2024-02-05 20:30:00,True,20:30:00,2024-02-05
14099,2024-02-05 20:45:00,True,20:45:00,2024-02-05
14100,2024-02-05 21:00:00,True,21:00:00,2024-02-05
14101,2024-02-05 21:15:00,True,21:15:00,2024-02-05
14102,2024-02-05 21:30:00,True,21:30:00,2024-02-05
14103,2024-02-05 21:45:00,True,21:45:00,2024-02-05
14104,2024-02-05 22:00:00,True,22:00:00,2024-02-05
14105,2024-02-05 22:15:00,True,22:15:00,2024-02-05
14106,2024-02-05 22:30:00,True,22:30:00,2024-02-05
14107,2024-02-05 22:45:00,True,22:45:00,2024-02-05
14108,2024-02-05 23:00:00,True,23:00:00,2024-02-05
14109,2024-02-05 23:15:00,True,23:15:00,2024-02-05
14110,2024-02-05 23:30:00,True,23:30:00,2024-02-05
14111,2024-02-05 23:45:00,True,23:45:00,2024-02-05
14112,2024-02-06 00:00:00,True,00:00:00,2024-02-06
14113,2024-02-06 00:15:00,True,00:15:00,2024-02-06
14114,2024-02-06 00:30:00,True,00:30:00,2024-02-06
14115,2024-02-06 00:45:00,True,00:45:00,2024-02-06
14116,2024-02-06 01:00:00,True,01:00:00,2024-02-06
14117,2024-02-06 01:15:00,True,01:15:00,2024-02-06
14118,2024-02-06 01:30:00,True,01:30:00,2024-02-06
14119,2024-02-06 01:45:00,True,01:45:00,2024-02-06
14120,2024-02-06 02:00:00,True,02:00:00,2024-02-06
14121,2024-02-06 02:15:00,True,02:15:00,2024-02-06
14122,2024-02-06 02:30:00,True,02:30:00,2024-02-06
14123,2024-02-06 02:45:00,True,02:45:00,2024-02-06
14124,2024-02-06 03:00:00,True,03:00:00,2024-02-06
14125,2024-02-06 03:15:00,True,03:15:00,2024-02-06
14126,2024-02-06 03:30:00,True,03:30:00,2024-02-06
14127,2024-02-06 03:45:00,True,03:45:00,2024-02-06
14128,2024-02-06 04:00:00,True,04:00:00,2024-02-06
14129,2024-02-06 04:15:00,True,04:15:00,2024-02-06
14130,2024-02-06 04:30:00,True,04:30:00,2024-02-06
14131,2024-02-06 04:45:00,True,04:45:00,2024-02-06
14132,2024-02-06 05:00:00,True,05:00:00,2024-02-06
14133,2024-02-06 05:15:00,True,05:15:00,2024-02-06
14134,2024-02-06 05:30:00,True,05:30:00,2024-02-06
14135,2024-02-06 05:45:00,True,05:45:00,2024-02-06
14136,2024-02-06 06:00:00,True,06:00:00,2024-02-06
14137,2024-02-06 06:15:00,True,06:15:00,2024-02-06
14138,2024-02-06 06:30:00,True,06:30:00,2024-02-06
14139,2024-02-06 06:45:00,True,06:45:00,2024-02-06
14140,2024-02-06 07:00:00,True,07:00:00,2024-02-06
14141,2024-02-06 07:15:00,True,07:15:00,2024-02-06
14142,2024-02-06 07:30:00,True,07:30:00,2024-02-06
14143,2024-02-06 07:45:00,True,07:45:00,2024-02-06
14144,2024-02-06 08:00:00,True,08:00:00,2024-02-06
14145,2024-02-06 08:15:00,True,08:15:00,2024-02-06
14146,2024-02-06 08:30:00,True,08:30:00,2024-02-06
14147,2024-02-06 08:45:00,True,08:45:00,2024-02-06
14148,2024-02-06 09:00:00,True,09:00:00,2024-02-06
14149,2024-02-06 09:15:00,True,09:15:00,2024-02-06
14150,2024-02-06 09:30:00,True,09:30:00,2024-02-06
14151,2024-02-06 09:45:00,True,09:45:00,2024-02-06
14152,2024-02-06 10:00:00,True,10:00:00,2024-02-06
14153,2024-02-06 10:15:00,True,10:15:00,2024-02-06
14154,2024-02-06 10:30:00,True,10:30:00,2024-02-06
14155,2024-02-06 10:45:00,True,10:45:00,2024-02-06
14156,2024-02-06 11:00:00,True,11:00:00,2024-02-06
14157,2024-02-06 11:15:00,True,11:15:00,2024-02-06
14158,2024-02-06 11:30:00,True,11:30:00,2024-02-06
14159,2024-02-06 11:45:00,True,11:45:00,2024-02-06
14160,2024-02-06 12:00:00,True,12:00:00,2024-02-06
14161,2024-02-06 12:15:00,True,12:15:00,2024-02-06
14162,2024-02-06 12:30:00,True,12:30:00,2024-02-06
14163,2024-02-06 12:45:00,True,12:45:00,2024-02-06
14164,2024-02-06 13:00:00,True,13:00:00,2024-02-06
14165,2024-02-06 13:15:00,True,13:15:00,2024-02-06
14166,2024-02-06 13:30:00,True,13:30:00,2024-02-06
14167,2024-02-06 13:45:00,True,13:45:00,2024-02-06
14168,2024-02-06 14:00:00,True,14:00:00,2024-02-06
14169,2024-02-06 14:15:00,True,14:15:00,2024-02-06
14170,2024-02-06 14:30:00,True,14:30:00,2024-02-06
14171,2024-02-06 14:45:00,True,14:45:00,2024-02-06
14172,2024-02-06 15:00:00,True,15:00:00,2024-02-06
14173,2024-02-06 15:15:00,True,15:15:00,2024-02-06
14174,2024-02-06 15:30:00,True,15:30:00,2024-02-06
14175,2024-02-06 15:45:00,True,15:45:00,2024-02-06
14176,2024-02-06 16:00:00,True,16:00:00,2024-02-06
14177,2024-02-06 16:15:00,True,16:15:00,2024-02-06
14178,2024-02-06 16:30:00,True,16:30:00,2024-02-06
14179,2024-02-06 16:45:00,True,16:45:00,2024-02-06
14180,2024-02-06 17:00:00,True,17:00:00,2024-02-06
14181,2024-02-06 17:15:00,True,17:15:00,2024-02-06
14182,2024-02-06 17:30:00,True,17:30:00,2024-02-06
14183,2024-02-06 17:45:00,True,17:45:00,2024-02-06
14184,2024-02-06 18:00:00,True,18:00:00,2024-02-06
14185,2024-02-06 18:15:00,True,18:15:00,2024-02-06
14186,2024-02-06 18:30:00,True,18:30:00,2024-02-06
14187,2024-02-06 18:45:00,True,18:45:00,2024-02-06
14188,2024-02-06 19:00:00,True,19:00:00,2024-02-06
14189,2024-02-06 19:15:00,True,19:15:00,2024-02-06
14190,2024-02-06 19:30:00,True,19:30:00,2024-02-06
14191,2024-02-06 19:45:00,True,19:45:00,2024-02-06
14192,2024-02-06 20:00:00,True,20:00:00,2024-02-06
14193,2024-02-06 20:15:00,True,20:15:00,2024-02-06
14194,2024-02-06 20:30:00,True,20:30:00,2024-02-06
14195,2024-02-06 20:45:00,True,20:45:00,2024-02-06
14196,2024-02-06 21:00:00,True,21:00:00,2024-02-06
14197,2024-02-06 21:15:00,True,21:15:00,2024-02-06
14198,2024-02-06 21:30:00,True,21:30:00,2024-02-06
14199,2024-02-06 21:45:00,True,21:45:00,2024-02-06
14200,2024-02-06 22:00:00,True,22:00:00,2024-02-06
14201,2024-02-06 22:15:00,True,22:15:00,2024-02-06
14202,2024-02-06 22:30:00,True,22:30:00,2024-02-06
14203,2024-02-06 22:45:00,True,22:45:00,2024-02-06
14204,2024-02-06 23:00:00,True,23:00:00,2024-02-06
14205,2024-02-06 23:15:00,True,23:15:00,2024-02-06
14206,2024-02-06 23:30:00,True,23:30:00,2024-02-06
14207,2024-02-06 23:45:00,True,23:45:00,2024-02-06
14208,2024-02-07 00:00:00,True,00:00:00,2024-02-07
14209,2024-02-07 00:15:00,True,00:15:00,2024-02-07
14210,2024-02-07 00:30:00,True,00:30:00,2024-02-07
14211,2024-02-07 00:45:00,True,00:45:00,2024-02-07
14212,2024-02-07 01:00:00,True,01:00:00,2024-02-07
14213,2024-02-07 01:15:00,True,01:15:00,2024-02-07
14214,2024-02-07 01:30:00,True,01:30:00,2024-02-07
14215,2024-02-07 01:45:00,True,01:45:00,2024-02-07
14216,2024-02-07 02:00:00,True,02:00:00,2024-02-07
14217,2024-02-07 02:15:00,True,02:15:00,2024-02-07
14218,2024-02-07 02:30:00,True,02:30:00,2024-02-07
14219,2024-02-07 02:45:00,True,02:45:00,2024-02-07
14220,2024-02-07 03:00:00,True,03:00:00,2024-02-07
14221,2024-02-07 03:15:00,True,03:15:00,2024-02-07
14222,2024-02-07 03:30:00,True,03:30:00,2024-02-07
14223,2024-02-07 03:45:00,True,03:45:00,2024-02-07
14224,2024-02-07 04:00:00,True,04:00:00,2024-02-07
14225,2024-02-07 04:15:00,True,04:15:00,2024-02-07
14226,2024-02-07 04:30:00,True,04:30:00,2024-02-07
14227,2024-02-07 04:45:00,True,04:45:00,2024-02-07
14228,2024-02-07 05:00:00,True,05:00:00,2024-02-07
14229,2024-02-07 05:15:00,True,05:15:00,2024-02-07
14230,2024-02-07 05:30:00,True,05:30:00,2024-02-07
14231,2024-02-07 05:45:00,True,05:45:00,2024-02-07
14232,2024-02-07 06:00:00,True,06:00:00,2024-02-07
14233,2024-02-07 06:15:00,True,06:15:00,2024-02-07
14234,2024-02-07 06:30:00,True,06:30:00,2024-02-07
14235,2024-02-07 06:45:00,True,06:45:00,2024-02-07
14236,2024-02-07 07:00:00,True,07:00:00,2024-02-07
14237,2024-02-07 07:15:00,True,07:15:00,2024-02-07
14238,2024-02-07 07:30:00,True,07:30:00,2024-02-07
14239,2024-02-07 07:45:00,True,07:45:00,2024-02-07
14240,2024-02-07 08:00:00,True,08:00:00,2024-02-07
14241,2024-02-07 08:15:00,True,08:15:00,2024-02-07
14242,2024-02-07 08:30:00,True,08:30:00,2024-02-07
14243,2024-02-07 08:45:00,True,08:45:00,2024-02-07
14244,2024-02-07 09:00:00,True,09:00:00,2024-02-07
14245,2024-02-07 09:15:00,True,09:15:00,2024-02-07
14246,2024-02-07 09:30:00,True,09:30:00,2024-02-07
14247,2024-02-07 09:45:00,True,09:45:00,2024-02-07
14248,2024-02-07 10:00:00,True,10:00:00,2024-02-07
14249,2024-02-07 10:15:00,True,10:15:00,2024-02-07
14250,2024-02-07 10:30:00,True,10:30:00,2024-02-07
14251,2024-02-07 10:45:00,True,10:45:00,2024-02-07
14252,2024-02-07 11:00:00,True,11:00:00,2024-02-07
14253,2024-02-07 11:15:00,True,11:15:00,2024-02-07
14254,2024-02-07 11:30:00,True,11:30:00,2024-02-07
14255,2024-02-07 11:45:00,True,11:45:00,2024-02-07
14256,2024-02-07 12:00:00,True,12:00:00,2024-02-07
14257,2024-02-07 12:15:00,True,12:15:00,2024-02-07
14258,2024-02-07 12:30:00,True,12:30:00,2024-02-07
14259,2024-02-07 12:45:00,True,12:45:00,2024-02-07
14260,2024-02-07 13:00:00,True,13:00:00,2024-02-07
14261,2024-02-07 13:15:00,True,13:15:00,2024-02-07
14262,2024-02-07 13:30:00,True,13:30:00,2024-02-07
14263,2024-02-07 13:45:00,True,13:45:00,2024-02-07
14264,2024-02-07 14:00:00,True,14:00:00,2024-02-07
14265,2024-02-07 14:15:00,True,14:15:00,2024-02-07
14266,2024-02-07 14:30:00,True,14:30:00,2024-02-07
14267,2024-02-07 14:45:00,True,14:45:00,2024-02-07
14268,2024-02-07 15:00:00,True,15:00:00,2024-02-07
14269,2024-02-07 15:15:00,True,15:15:00,2024-02-07
14270,2024-02-07 15:30:00,True,15:30:00,2024-02-07
14271,2024-02-07 15:45:00,True,15:45:00,2024-02-07
14272,2024-02-07 16:00:00,True,16:00:00,2024-02-07
14273,2024-02-07 16:15:00,True,16:15:00,2024-02-07
14274,2024-02-07 16:30:00,True,16:30:00,2024-02-07
14275,2024-02-07 16:45:00,True,16:45:00,2024-02-07
14276,2024-02-07 17:00:00,True,17:00:00,2024-02-07
14277,2024-02-07 17:15:00,True,17:15:00,2024-02-07
14278,2024-02-07 17:30:00,True,17:30:00,2024-02-07
14279,2024-02-07 17:45:00,True,17:45:00,2024-02-07
14280,2024-02-07 18:00:00,True,18:00:00,2024-02-07
14281,2024-02-07 18:15:00,True,18:15:00,2024-02-07
14282,2024-02-07 18:30:00,True,18:30:00,2024-02-07
14283,2024-02-07 18:45:00,True,18:45:00,2024-02-07
14284,2024-02-07 19:00:00,True,19:00:00,2024-02-07
14285,2024-02-07 19:15:00,True,19:15:00,2024-02-07
14286,2024-02-07 19:30:00,True,19:30:00,2024-02-07
14287,2024-02-07 19:45:00,True,19:45:00,2024-02-07
14288,2024-02-07 20:00:00,True,20:00:00,2024-02-07
14289,2024-02-07 20:15:00,True,20:15:00,2024-02-07
14290,2024-02-07 20:30:00,True,20:30:00,2024-02-07
14291,2024-02-07 20:45:00,True,20:45:00,2024-02-07
14292,2024-02-07 21:00:00,True,21:00:00,2024-02-07
14293,2024-02-07 21:15:00,True,21:15:00,2024-02-07
14294,2024-02-07 21:30:00,True,21:30:00,2024-02-07
14295,2024-02-07 21:45:00,True,21:45:00,2024-02-07
14296,2024-02-07 22:00:00,True,22:00:00,2024-02-07
14297,2024-02-07 22:15:00,True,22:15:00,2024-02-07
14298,2024-02-07 22:30:00,True,22:30:00,2024-02-07
14299,2024-02-07 22:45:00,True,22:45:00,2024-02-07
14300,2024-02-07 23:00:00,True,23:00:00,2024-02-07
14301,2024-02-07 23:15:00,True,23:15:00,2024-02-07
14302,2024-02-07 23:30:00,True,23:30:00,2024-02-07
14303,2024-02-07 23:45:00,True,23:45:00,2024-02-07
14304,2024-02-08 00:00:00,True,00:00:00,2024-02-08
14305,2024-02-08 00:15:00,True,00:15:00,2024-02-08
14306,2024-02-08 00:30:00,True,00:30:00,2024-02-08
14307,2024-02-08 00:45:00,True,00:45:00,2024-02-08
14308,2024-02-08 01:00:00,True,01:00:00,2024-02-08
14309,2024-02-08 01:15:00,True,01:15:00,2024-02-08
14310,2024-02-08 01:30:00,True,01:30:00,2024-02-08
14311,2024-02-08 01:45:00,True,01:45:00,2024-02-08
14312,2024-02-08 02:00:00,True,02:00:00,2024-02-08
14313,2024-02-08 02:15:00,True,02:15:00,2024-02-08
14314,2024-02-08 02:30:00,True,02:30:00,2024-02-08
14315,2024-02-08 02:45:00,True,02:45:00,2024-02-08
14316,2024-02-08 03:00:00,True,03:00:00,2024-02-08
14317,2024-02-08 03:15:00,True,03:15:00,2024-02-08
14318,2024-02-08 03:30:00,True,03:30:00,2024-02-08
14319,2024-02-08 03:45:00,True,03:45:00,2024-02-08
14320,2024-02-08 04:00:00,True,04:00:00,2024-02-08
14321,2024-02-08 04:15:00,True,04:15:00,2024-02-08
14322,2024-02-08 04:30:00,True,04:30:00,2024-02-08
14323,2024-02-08 04:45:00,True,04:45:00,2024-02-08
14324,2024-02-08 05:00:00,True,05:00:00,2024-02-08
14325,2024-02-08 05:15:00,True,05:15:00,2024-02-08
14326,2024-02-08 05:30:00,True,05:30:00,2024-02-08
14327,2024-02-08 05:45:00,True,05:45:00,2024-02-08
14328,2024-02-08 06:00:00,True,06:00:00,2024-02-08
14329,2024-02-08 06:15:00,True,06:15:00,2024-02-08
14330,2024-02-08 06:30:00,True,06:30:00,2024-02-08
14331,2024-02-08 06:45:00,True,06:45:00,2024-02-08
14332,2024-02-08 07:00:00,True,07:00:00,2024-02-08
14333,2024-02-08 07:15:00,True,07:15:00,2024-02-08
14334,2024-02-08 07:30:00,True,07:30:00,2024-02-08
14335,2024-02-08 07:45:00,True,07:45:00,2024-02-08
14336,2024-02-08 08:00:00,True,08:00:00,2024-02-08
14337,2024-02-08 08:15:00,True,08:15:00,2024-02-08
14338,2024-02-08 08:30:00,True,08:30:00,2024-02-08
14339,2024-02-08 08:45:00,True,08:45:00,2024-02-08
14340,2024-02-08 09:00:00,True,09:00:00,2024-02-08
14341,2024-02-08 09:15:00,True,09:15:00,2024-02-08
14342,2024-02-08 09:30:00,True,09:30:00,2024-02-08
14343,2024-02-08 09:45:00,True,09:45:00,2024-02-08
14344,2024-02-08 10:00:00,True,10:00:00,2024-02-08
14345,2024-02-08 10:15:00,True,10:15:00,2024-02-08
14346,2024-02-08 10:30:00,True,10:30:00,2024-02-08
14347,2024-02-08 10:45:00,True,10:45:00,2024-02-08
14348,2024-02-08 11:00:00,True,11:00:00,2024-02-08
14349,2024-02-08 11:15:00,True,11:15:00,2024-02-08
14350,2024-02-08 11:30:00,True,11:30:00,2024-02-08
14351,2024-02-08 11:45:00,True,11:45:00,2024-02-08
14352,2024-02-08 12:00:00,True,12:00:00,2024-02-08
14353,2024-02-08 12:15:00,True,12:15:00,2024-02-08
14354,2024-02-08 12:30:00,True,12:30:00,2024-02-08
14355,2024-02-08 12:45:00,True,12:45:00,2024-02-08
14356,2024-02-08 13:00:00,True,13:00:00,2024-02-08
14357,2024-02-08 13:15:00,True,13:15:00,2024-02-08
14358,2024-02-08 13:30:00,True,13:30:00,2024-02-08
14359,2024-02-08 13:45:00,True,13:45:00,2024-02-08
14360,2024-02-08 14:00:00,True,14:00:00,2024-02-08
14361,2024-02-08 14:15:00,True,14:15:00,2024-02-08
14362,2024-02-08 14:30:00,True,14:30:00,2024-02-08
14363,2024-02-08 14:45:00,True,14:45:00,2024-02-08
14364,2024-02-08 15:00:00,True,15:00:00,2024-02-08
14365,2024-02-08 15:15:00,True,15:15:00,2024-02-08
14366,2024-02-08 15:30:00,True,15:30:00,2024-02-08
14367,2024-02-08 15:45:00,True,15:45:00,2024-02-08
14368,2024-02-08 16:00:00,True,16:00:00,2024-02-08
14369,2024-02-08 16:15:00,True,16:15:00,2024-02-08
14370,2024-02-08 16:30:00,True,16:30:00,2024-02-08
14371,2024-02-08 16:45:00,True,16:45:00,2024-02-08
14372,2024-02-08 17:00:00,True,17:00:00,2024-02-08
14373,2024-02-08 17:15:00,True,17:15:00,2024-02-08
14374,2024-02-08 17:30:00,True,17:30:00,2024-02-08
14375,2024-02-08 17:45:00,True,17:45:00,2024-02-08
14376,2024-02-08 18:00:00,True,18:00:00,2024-02-08
14377,2024-02-08 18:15:00,True,18:15:00,2024-02-08
14378,2024-02-08 18:30:00,True,18:30:00,2024-02-08
14379,2024-02-08 18:45:00,True,18:45:00,2024-02-08
14380,2024-02-08 19:00:00,True,19:00:00,2024-02-08
14381,2024-02-08 19:15:00,True,19:15:00,2024-02-08
14382,2024-02-08 19:30:00,True,19:30:00,2024-02-08
14383,2024-02-08 19:45:00,True,19:45:00,2024-02-08
14384,2024-02-08 20:00:00,True,20:00:00,2024-02-08
14385,2024-02-08 20:15:00,True,20:15:00,2024-02-08
14386,2024-02-08 20:30:00,True,20:30:00,2024-02-08
14387,2024-02-08 20:45:00,True,20:45:00,2024-02-08
14388,2024-02-08 21:00:00,True,21:00:00,2024-02-08
14389,2024-02-08 21:15:00,True,21:15:00,2024-02-08
14390,2024-02-08 21:30:00,True,21:30:00,2024-02-08
14391,2024-02-08 21:45:00,True,21:45:00,2024-02-08
14392,2024-02-08 22:00:00,True,22:00:00,2024-02-08
14393,2024-02-08 22:15:00,True,22:15:00,2024-02-08
14394,2024-02-08 22:30:00,True,22:30:00,2024-02-08
14395,2024-02-08 22:45:00,True,22:45:00,2024-02-08
14396,2024-02-08 23:00:00,True,23:00:00,2024-02-08
14397,2024-02-08 23:15:00,True,23:15:00,2024-02-08
14398,2024-02-08 23:30:00,True,23:30:00,2024-02-08
14399,2024-02-08 23:45:00,True,23:45:00,2024-02-08
14400,2024-02-09 00:00:00,True,00:00:00,2024-02-09
14401,2024-02-09 00:15:00,True,00:15:00,2024-02-09
14402,2024-02-09 00:30:00,True,00:30:00,2024-02-09
14403,2024-02-09 00:45:00,True,00:45:00,2024-02-09
14404,2024-02-09 01:00:00,True,01:00:00,2024-02-09
14405,2024-02-09 01:15:00,True,01:15:00,2024-02-09
14406,2024-02-09 01:30:00,True,01:30:00,2024-02-09
14407,2024-02-09 01:45:00,True,01:45:00,2024-02-09
14408,2024-02-09 02:00:00,True,02:00:00,2024-02-09
14409,2024-02-09 02:15:00,True,02:15:00,2024-02-09
14410,2024-02-09 02:30:00,True,02:30:00,2024-02-09
14411,2024-02-09 02:45:00,True,02:45:00,2024-02-09
14412,2024-02-09 03:00:00,True,03:00:00,2024-02-09
14413,2024-02-09 03:15:00,True,03:15:00,2024-02-09
14414,2024-02-09 03:30:00,True,03:30:00,2024-02-09
14415,2024-02-09 03:45:00,True,03:45:00,2024-02-09
14416,2024-02-09 04:00:00,True,04:00:00,2024-02-09
14417,2024-02-09 04:15:00,True,04:15:00,2024-02-09
14418,2024-02-09 04:30:00,True,04:30:00,2024-02-09
14419,2024-02-09 04:45:00,True,04:45:00,2024-02-09
14420,2024-02-09 05:00:00,True,05:00:00,2024-02-09
14421,2024-02-09 05:15:00,True,05:15:00,2024-02-09
14422,2024-02-09 05:30:00,True,05:30:00,2024-02-09
14423,2024-02-09 05:45:00,True,05:45:00,2024-02-09
14424,2024-02-09 06:00:00,True,06:00:00,2024-02-09
14425,2024-02-09 06:15:00,True,06:15:00,2024-02-09
14426,2024-02-09 06:30:00,True,06:30:00,2024-02-09
14427,2024-02-09 06:45:00,True,06:45:00,2024-02-09
14428,2024-02-09 07:00:00,True,07:00:00,2024-02-09
14429,2024-02-09 07:15:00,True,07:15:00,2024-02-09
14430,2024-02-09 07:30:00,True,07:30:00,2024-02-09
14431,2024-02-09 07:45:00,True,07:45:00,2024-02-09
14432,2024-02-09 08:00:00,True,08:00:00,2024-02-09
14433,2024-02-09 08:15:00,True,08:15:00,2024-02-09
14434,2024-02-09 08:30:00,True,08:30:00,2024-02-09
14435,2024-02-09 08:45:00,True,08:45:00,2024-02-09
14436,2024-02-09 09:00:00,True,09:00:00,2024-02-09
14437,2024-02-09 09:15:00,True,09:15:00,2024-02-09
14438,2024-02-09 09:30:00,True,09:30:00,2024-02-09
14439,2024-02-09 09:45:00,True,09:45:00,2024-02-09
14440,2024-02-09 10:00:00,True,10:00:00,2024-02-09
14441,2024-02-09 10:15:00,True,10:15:00,2024-02-09
14442,2024-02-09 10:30:00,True,10:30:00,2024-02-09
14443,2024-02-09 10:45:00,True,10:45:00,2024-02-09
14444,2024-02-09 11:00:00,True,11:00:00,2024-02-09
14445,2024-02-09 11:15:00,True,11:15:00,2024-02-09
14446,2024-02-09 11:30:00,True,11:30:00,2024-02-09
14447,2024-02-09 11:45:00,True,11:45:00,2024-02-09
14448,2024-02-09 12:00:00,True,12:00:00,2024-02-09
14449,2024-02-09 12:15:00,True,12:15:00,2024-02-09
14450,2024-02-09 12:30:00,True,12:30:00,2024-02-09
14451,2024-02-09 12:45:00,True,12:45:00,2024-02-09
14452,2024-02-09 13:00:00,True,13:00:00,2024-02-09
14453,2024-02-09 13:15:00,True,13:15:00,2024-02-09
14454,2024-02-09 13:30:00,True,13:30:00,2024-02-09
14455,2024-02-09 13:45:00,True,13:45:00,2024-02-09
14456,2024-02-09 14:00:00,True,14:00:00,2024-02-09
14457,2024-02-09 14:15:00,True,14:15:00,2024-02-09
14458,2024-02-09 14:30:00,True,14:30:00,2024-02-09
14459,2024-02-09 14:45:00,True,14:45:00,2024-02-09
14460,2024-02-09 15:00:00,True,15:00:00,2024-02-09
14461,2024-02-09 15:15:00,True,15:15:00,2024-02-09
14462,2024-02-09 15:30:00,True,15:30:00,2024-02-09
14463,2024-02-09 15:45:00,True,15:45:00,2024-02-09
14464,2024-02-09 16:00:00,True,16:00:00,2024-02-09
14465,2024-02-09 16:15:00,True,16:15:00,2024-02-09
14466,2024-02-09 16:30:00,True,16:30:00,2024-02-09
14467,2024-02-09 16:45:00,True,16:45:00,2024-02-09
14468,2024-02-09 17:00:00,True,17:00:00,2024-02-09
14469,2024-02-09 17:15:00,True,17:15:00,2024-02-09
14470,2024-02-09 17:30:00,True,17:30:00,2024-02-09
14471,2024-02-09 17:45:00,True,17:45:00,2024-02-09
14472,2024-02-09 18:00:00,True,18:00:00,2024-02-09
14473,2024-02-09 18:15:00,True,18:15:00,2024-02-09
14474,2024-02-09 18:30:00,True,18:30:00,2024-02-09
14475,2024-02-09 18:45:00,True,18:45:00,2024-02-09
14476,2024-02-09 19:00:00,True,19:00:00,2024-02-09
14477,2024-02-09 19:15:00,True,19:15:00,2024-02-09
14478,2024-02-09 19:30:00,True,19:30:00,2024-02-09
14479,2024-02-09 19:45:00,True,19:45:00,2024-02-09
14480,2024-02-09 20:00:00,True,20:00:00,2024-02-09
14481,2024-02-09 20:15:00,True,20:15:00,2024-02-09
14482,2024-02-09 20:30:00,True,20:30:00,2024-02-09
14483,2024-02-09 20:45:00,True,20:45:00,2024-02-09
14484,2024-02-09 21:00:00,True,21:00:00,2024-02-09
14485,2024-02-09 21:15:00,True,21:15:00,2024-02-09
14486,2024-02-09 21:30:00,True,21:30:00,2024-02-09
14487,2024-02-09 21:45:00,True,21:45:00,2024-02-09
14488,2024-02-09 22:00:00,True,22:00:00,2024-02-09
14489,2024-02-09 22:15:00,True,22:15:00,2024-02-09
14490,2024-02-09 22:30:00,True,22:30:00,2024-02-09
14491,2024-02-09 22:45:00,True,22:45:00,2024-02-09
14492,2024-02-09 23:00:00,True,23:00:00,2024-02-09
14493,2024-02-09 23:15:00,True,23:15:00,2024-02-09
14494,2024-02-09 23:30:00,True,23:30:00,2024-02-09
14495,2024-02-09 23:45:00,True,23:45:00,2024-02-09
14496,2024-02-10 00:00:00,True,00:00:00,2024-02-10
14497,2024-02-10 00:15:00,True,00:15:00,2024-02-10
14498,2024-02-10 00:30:00,True,00:30:00,2024-02-10
14499,2024-02-10 00:45:00,True,00:45:00,2024-02-10
14500,2024-02-10 01:00:00,True,01:00:00,2024-02-10
14501,2024-02-10 01:15:00,True,01:15:00,2024-02-10
14502,2024-02-10 01:30:00,True,01:30:00,2024-02-10
14503,2024-02-10 01:45:00,True,01:45:00,2024-02-10
14504,2024-02-10 02:00:00,True,02:00:00,2024-02-10
14505,2024-02-10 02:15:00,True,02:15:00,2024-02-10
14506,2024-02-10 02:30:00,True,02:30:00,2024-02-10
14507,2024-02-10 02:45:00,True,02:45:00,2024-02-10
14508,2024-02-10 03:00:00,True,03:00:00,2024-02-10
14509,2024-02-10 03:15:00,True,03:15:00,2024-02-10
14510,2024-02-10 03:30:00,True,03:30:00,2024-02-10
14511,2024-02-10 03:45:00,True,03:45:00,2024-02-10
14512,2024-02-10 04:00:00,True,04:00:00,2024-02-10
14513,2024-02-10 04:15:00,True,04:15:00,2024-02-10
14514,2024-02-10 04:30:00,True,04:30:00,2024-02-10
14515,2024-02-10 04:45:00,True,04:45:00,2024-02-10
14516,2024-02-10 05:00:00,True,05:00:00,2024-02-10
14517,2024-02-10 05:15:00,True,05:15:00,2024-02-10
14518,2024-02-10 05:30:00,True,05:30:00,2024-02-10
14519,2024-02-10 05:45:00,True,05:45:00,2024-02-10
14520,2024-02-10 06:00:00,True,06:00:00,2024-02-10
14521,2024-02-10 06:15:00,True,06:15:00,2024-02-10
14522,2024-02-10 06:30:00,True,06:30:00,2024-02-10
14523,2024-02-10 06:45:00,True,06:45:00,2024-02-10
14524,2024-02-10 07:00:00,True,07:00:00,2024-02-10
14525,2024-02-10 07:15:00,True,07:15:00,2024-02-10
14526,2024-02-10 07:30:00,True,07:30:00,2024-02-10
14527,2024-02-10 07:45:00,True,07:45:00,2024-02-10
14528,2024-02-10 08:00:00,True,08:00:00,2024-02-10
14529,2024-02-10 08:15:00,True,08:15:00,2024-02-10
14530,2024-02-10 08:30:00,True,08:30:00,2024-02-10
14531,2024-02-10 08:45:00,True,08:45:00,2024-02-10
14532,2024-02-10 09:00:00,True,09:00:00,2024-02-10
14533,2024-02-10 09:15:00,True,09:15:00,2024-02-10
14534,2024-02-10 09:30:00,True,09:30:00,2024-02-10
14535,2024-02-10 09:45:00,True,09:45:00,2024-02-10
14536,2024-02-10 10:00:00,True,10:00:00,2024-02-10
14537,2024-02-10 10:15:00,True,10:15:00,2024-02-10
14538,2024-02-10 10:30:00,True,10:30:00,2024-02-10
14539,2024-02-10 10:45:00,True,10:45:00,2024-02-10
14540,2024-02-10 11:00:00,True,11:00:00,2024-02-10
14541,2024-02-10 11:15:00,True,11:15:00,2024-02-10
14542,2024-02-10 11:30:00,True,11:30:00,2024-02-10
14543,2024-02-10 11:45:00,True,11:45:00,2024-02-10
14544,2024-02-10 12:00:00,True,12:00:00,2024-02-10
14545,2024-02-10 12:15:00,True,12:15:00,2024-02-10
14546,2024-02-10 12:30:00,True,12:30:00,2024-02-10
14547,2024-02-10 12:45:00,True,12:45:00,2024-02-10
14548,2024-02-10 13:00:00,True,13:00:00,2024-02-10
14549,2024-02-10 13:15:00,True,13:15:00,2024-02-10
14550,2024-02-10 13:30:00,True,13:30:00,2024-02-10
14551,2024-02-10 13:45:00,True,13:45:00,2024-02-10
14552,2024-02-10 14:00:00,True,14:00:00,2024-02-10
14553,2024-02-10 14:15:00,True,14:15:00,2024-02-10
14554,2024-02-10 14:30:00,True,14:30:00,2024-02-10
14555,2024-02-10 14:45:00,True,14:45:00,2024-02-10
14556,2024-02-10 15:00:00,True,15:00:00,2024-02-10
14557,2024-02-10 15:15:00,True,15:15:00,2024-02-10
14558,2024-02-10 15:30:00,True,15:30:00,2024-02-10
14559,2024-02-10 15:45:00,True,15:45:00,2024-02-10
14560,2024-02-10 16:00:00,True,16:00:00,2024-02-10
14561,2024-02-10 16:15:00,True,16:15:00,2024-02-10
14562,2024-02-10 16:30:00,True,16:30:00,2024-02-10
14563,2024-02-10 16:45:00,True,16:45:00,2024-02-10
14564,2024-02-10 17:00:00,True,17:00:00,2024-02-10
14565,2024-02-10 17:15:00,True,17:15:00,2024-02-10
14566,2024-02-10 17:30:00,True,17:30:00,2024-02-10
14567,2024-02-10 17:45:00,True,17:45:00,2024-02-10
14568,2024-02-10 18:00:00,True,18:00:00,2024-02-10
14569,2024-02-10 18:15:00,True,18:15:00,2024-02-10
14570,2024-02-10 18:30:00,True,18:30:00,2024-02-10
14571,2024-02-10 18:45:00,True,18:45:00,2024-02-10
14572,2024-02-10 19:00:00,True,19:00:00,2024-02-10
14573,2024-02-10 19:15:00,True,19:15:00,2024-02-10
14574,2024-02-10 19:30:00,True,19:30:00,2024-02-10
14575,2024-02-10 19:45:00,True,19:45:00,2024-02-10
14576,2024-02-10 20:00:00,True,20:00:00,2024-02-10
14577,2024-02-10 20:15:00,True,20:15:00,2024-02-10
14578,2024-02-10 20:30:00,True,20:30:00,2024-02-10
14579,2024-02-10 20:45:00,True,20:45:00,2024-02-10
14580,2024-02-10 21:00:00,True,21:00:00,2024-02-10
14581,2024-02-10 21:15:00,True,21:15:00,2024-02-10
14582,2024-02-10 21:30:00,True,21:30:00,2024-02-10
14583,2024-02-10 21:45:00,True,21:45:00,2024-02-10
14584,2024-02-10 22:00:00,True,22:00:00,2024-02-10
14585,2024-02-10 22:15:00,True,22:15:00,2024-02-10
14586,2024-02-10 22:30:00,True,22:30:00,2024-02-10
14587,2024-02-10 22:45:00,True,22:45:00,2024-02-10
14588,2024-02-10 23:00:00,True,23:00:00,2024-02-10
14589,2024-02-10 23:15:00,True,23:15:00,2024-02-10
14590,2024-02-10 23:30:00,True,23:30:00,2024-02-10
14591,2024-02-10 23:45:00,True,23:45:00,2024-02-10
14592,2024-02-11 00:00:00,True,00:00:00,2024-02-11
14593,2024-02-11 00:15:00,True,00:15:00,2024-02-11
14594,2024-02-11 00:30:00,True,00:30:00,2024-02-11
14595,2024-02-11 00:45:00,True,00:45:00,2024-02-11
14596,2024-02-11 01:00:00,True,01:00:00,2024-02-11
14597,2024-02-11 01:15:00,True,01:15:00,2024-02-11
14598,2024-02-11 01:30:00,True,01:30:00,2024-02-11
14599,2024-02-11 01:45:00,True,01:45:00,2024-02-11
14600,2024-02-11 02:00:00,True,02:00:00,2024-02-11
14601,2024-02-11 02:15:00,True,02:15:00,2024-02-11
14602,2024-02-11 02:30:00,True,02:30:00,2024-02-11
14603,2024-02-11 02:45:00,True,02:45:00,2024-02-11
14604,2024-02-11 03:00:00,True,03:00:00,2024-02-11
14605,2024-02-11 03:15:00,True,03:15:00,2024-02-11
14606,2024-02-11 03:30:00,True,03:30:00,2024-02-11
14607,2024-02-11 03:45:00,True,03:45:00,2024-02-11
14608,2024-02-11 04:00:00,True,04:00:00,2024-02-11
14609,2024-02-11 04:15:00,True,04:15:00,2024-02-11
14610,2024-02-11 04:30:00,True,04:30:00,2024-02-11
14611,2024-02-11 04:45:00,True,04:45:00,2024-02-11
14612,2024-02-11 05:00:00,True,05:00:00,2024-02-11
14613,2024-02-11 05:15:00,True,05:15:00,2024-02-11
14614,2024-02-11 05:30:00,True,05:30:00,2024-02-11
14615,2024-02-11 05:45:00,True,05:45:00,2024-02-11
14616,2024-02-11 06:00:00,True,06:00:00,2024-02-11
14617,2024-02-11 06:15:00,True,06:15:00,2024-02-11
14618,2024-02-11 06:30:00,True,06:30:00,2024-02-11
14619,2024-02-11 06:45:00,True,06:45:00,2024-02-11
14620,2024-02-11 07:00:00,True,07:00:00,2024-02-11
14621,2024-02-11 07:15:00,True,07:15:00,2024-02-11
14622,2024-02-11 07:30:00,True,07:30:00,2024-02-11
14623,2024-02-11 07:45:00,True,07:45:00,2024-02-11
14624,2024-02-11 08:00:00,True,08:00:00,2024-02-11
14625,2024-02-11 08:15:00,True,08:15:00,2024-02-11
14626,2024-02-11 08:30:00,True,08:30:00,2024-02-11
14627,2024-02-11 08:45:00,True,08:45:00,2024-02-11
14628,2024-02-11 09:00:00,True,09:00:00,2024-02-11
14629,2024-02-11 09:15:00,True,09:15:00,2024-02-11
14630,2024-02-11 09:30:00,True,09:30:00,2024-02-11
14631,2024-02-11 09:45:00,True,09:45:00,2024-02-11
14632,2024-02-11 10:00:00,True,10:00:00,2024-02-11
14633,2024-02-11 10:15:00,True,10:15:00,2024-02-11
14634,2024-02-11 10:30:00,True,10:30:00,2024-02-11
14635,2024-02-11 10:45:00,True,10:45:00,2024-02-11
14636,2024-02-11 11:00:00,True,11:00:00,2024-02-11
14637,2024-02-11 11:15:00,True,11:15:00,2024-02-11
14638,2024-02-11 11:30:00,True,11:30:00,2024-02-11
14639,2024-02-11 11:45:00,True,11:45:00,2024-02-11
14640,2024-02-11 12:00:00,True,12:00:00,2024-02-11
14641,2024-02-11 12:15:00,True,12:15:00,2024-02-11
14642,2024-02-11 12:30:00,True,12:30:00,2024-02-11
14643,2024-02-11 12:45:00,True,12:45:00,2024-02-11
14644,2024-02-11 13:00:00,True,13:00:00,2024-02-11
14645,2024-02-11 13:15:00,True,13:15:00,2024-02-11
14646,2024-02-11 13:30:00,True,13:30:00,2024-02-11
14647,2024-02-11 13:45:00,True,13:45:00,2024-02-11
14648,2024-02-11 14:00:00,True,14:00:00,2024-02-11
14649,2024-02-11 14:15:00,True,14:15:00,2024-02-11
14650,2024-02-11 14:30:00,True,14:30:00,2024-02-11
14651,2024-02-11 14:45:00,True,14:45:00,2024-02-11
14652,2024-02-11 15:00:00,True,15:00:00,2024-02-11
14653,2024-02-11 15:15:00,True,15:15:00,2024-02-11
14654,2024-02-11 15:30:00,True,15:30:00,2024-02-11
14655,2024-02-11 15:45:00,True,15:45:00,2024-02-11
14656,2024-02-11 16:00:00,True,16:00:00,2024-02-11
14657,2024-02-11 16:15:00,True,16:15:00,2024-02-11
14658,2024-02-11 16:30:00,True,16:30:00,2024-02-11
14659,2024-02-11 16:45:00,True,16:45:00,2024-02-11
14660,2024-02-11 17:00:00,True,17:00:00,2024-02-11
14661,2024-02-11 17:15:00,True,17:15:00,2024-02-11
14662,2024-02-11 17:30:00,True,17:30:00,2024-02-11
14663,2024-02-11 17:45:00,True,17:45:00,2024-02-11
14664,2024-02-11 18:00:00,True,18:00:00,2024-02-11
14665,2024-02-11 18:15:00,True,18:15:00,2024-02-11
14666,2024-02-11 18:30:00,True,18:30:00,2024-02-11
14667,2024-02-11 18:45:00,True,18:45:00,2024-02-11
14668,2024-02-11 19:00:00,True,19:00:00,2024-02-11
14669,2024-02-11 19:15:00,True,19:15:00,2024-02-11
14670,2024-02-11 19:30:00,True,19:30:00,2024-02-11
14671,2024-02-11 19:45:00,True,19:45:00,2024-02-11
14672,2024-02-11 20:00:00,True,20:00:00,2024-02-11
14673,2024-02-11 20:15:00,True,20:15:00,2024-02-11
14674,2024-02-11 20:30:00,True,20:30:00,2024-02-11
14675,2024-02-11 20:45:00,True,20:45:00,2024-02-11
14676,2024-02-11 21:00:00,True,21:00:00,2024-02-11
14677,2024-02-11 21:15:00,True,21:15:00,2024-02-11
14678,2024-02-11 21:30:00,True,21:30:00,2024-02-11
14679,2024-02-11 21:45:00,True,21:45:00,2024-02-11
14680,2024-02-11 22:00:00,True,22:00:00,2024-02-11
14681,2024-02-11 22:15:00,True,22:15:00,2024-02-11
14682,2024-02-11 22:30:00,True,22:30:00,2024-02-11
14683,2024-02-11 22:45:00,True,22:45:00,2024-02-11
14684,2024-02-11 23:00:00,True,23:00:00,2024-02-11
14685,2024-02-11 23:15:00,True,23:15:00,2024-02-11
14686,2024-02-11 23:30:00,True,23:30:00,2024-02-11
14687,2024-02-11 23:45:00,True,23:45:00,2024-02-11
14688,2024-02-12 00:00:00,True,00:00:00,2024-02-12
14689,2024-02-12 00:15:00,True,00:15:00,2024-02-12
14690,2024-02-12 00:30:00,True,00:30:00,2024-02-12
14691,2024-02-12 00:45:00,True,00:45:00,2024-02-12
14692,2024-02-12 01:00:00,True,01:00:00,2024-02-12
14693,2024-02-12 01:15:00,True,01:15:00,2024-02-12
14694,2024-02-12 01:30:00,True,01:30:00,2024-02-12
14695,2024-02-12 01:45:00,True,01:45:00,2024-02-12
14696,2024-02-12 02:00:00,True,02:00:00,2024-02-12
14697,2024-02-12 02:15:00,True,02:15:00,2024-02-12
14698,2024-02-12 02:30:00,True,02:30:00,2024-02-12
14699,2024-02-12 02:45:00,True,02:45:00,2024-02-12
14700,2024-02-12 03:00:00,True,03:00:00,2024-02-12
14701,2024-02-12 03:15:00,True,03:15:00,2024-02-12
14702,2024-02-12 03:30:00,True,03:30:00,2024-02-12
14703,2024-02-12 03:45:00,True,03:45:00,2024-02-12
14704,2024-02-12 04:00:00,True,04:00:00,2024-02-12
14705,2024-02-12 04:15:00,True,04:15:00,2024-02-12
14706,2024-02-12 04:30:00,True,04:30:00,2024-02-12
14707,2024-02-12 04:45:00,True,04:45:00,2024-02-12
14708,2024-02-12 05:00:00,True,05:00:00,2024-02-12
14709,2024-02-12 05:15:00,True,05:15:00,2024-02-12
14710,2024-02-12 05:30:00,True,05:30:00,2024-02-12
14711,2024-02-12 05:45:00,True,05:45:00,2024-02-12
14712,2024-02-12 06:00:00,True,06:00:00,2024-02-12
14713,2024-02-12 06:15:00,True,06:15:00,2024-02-12
14714,2024-02-12 06:30:00,True,06:30:00,2024-02-12
14715,2024-02-12 06:45:00,True,06:45:00,2024-02-12
14716,2024-02-12 07:00:00,True,07:00:00,2024-02-12
14717,2024-02-12 07:15:00,True,07:15:00,2024-02-12
14718,2024-02-12 07:30:00,True,07:30:00,2024-02-12
14719,2024-02-12 07:45:00,True,07:45:00,2024-02-12
14720,2024-02-12 08:00:00,True,08:00:00,2024-02-12
14721,2024-02-12 08:15:00,True,08:15:00,2024-02-12
14722,2024-02-12 08:30:00,True,08:30:00,2024-02-12
14723,2024-02-12 08:45:00,True,08:45:00,2024-02-12
14724,2024-02-12 09:00:00,True,09:00:00,2024-02-12
14725,2024-02-12 09:15:00,True,09:15:00,2024-02-12
14726,2024-02-12 09:30:00,True,09:30:00,2024-02-12
14727,2024-02-12 09:45:00,True,09:45:00,2024-02-12
14728,2024-02-12 10:00:00,True,10:00:00,2024-02-12
14729,2024-02-12 10:15:00,True,10:15:00,2024-02-12
14730,2024-02-12 10:30:00,True,10:30:00,2024-02-12
14731,2024-02-12 10:45:00,True,10:45:00,2024-02-12
14732,2024-02-12 11:00:00,True,11:00:00,2024-02-12
14733,2024-02-12 11:15:00,True,11:15:00,2024-02-12
14734,2024-02-12 11:30:00,True,11:30:00,2024-02-12
14735,2024-02-12 11:45:00,True,11:45:00,2024-02-12
14736,2024-02-12 12:00:00,True,12:00:00,2024-02-12
14737,2024-02-12 12:15:00,True,12:15:00,2024-02-12
14738,2024-02-12 12:30:00,True,12:30:00,2024-02-12
14739,2024-02-12 12:45:00,True,12:45:00,2024-02-12
14740,2024-02-12 13:00:00,True,13:00:00,2024-02-12
14741,2024-02-12 13:15:00,True,13:15:00,2024-02-12
14742,2024-02-12 13:30:00,True,13:30:00,2024-02-12
14743,2024-02-12 13:45:00,True,13:45:00,2024-02-12
14744,2024-02-12 14:00:00,True,14:00:00,2024-02-12
14745,2024-02-12 14:15:00,True,14:15:00,2024-02-12
14746,2024-02-12 14:30:00,True,14:30:00,2024-02-12
14747,2024-02-12 14:45:00,True,14:45:00,2024-02-12
14748,2024-02-12 15:00:00,True,15:00:00,2024-02-12
14749,2024-02-12 15:15:00,True,15:15:00,2024-02-12
14750,2024-02-12 15:30:00,True,15:30:00,2024-02-12
14751,2024-02-12 15:45:00,True,15:45:00,2024-02-12
14752,2024-02-12 16:00:00,True,16:00:00,2024-02-12
14753,2024-02-12 16:15:00,True,16:15:00,2024-02-12
14754,2024-02-12 16:30:00,True,16:30:00,2024-02-12
14755,2024-02-12 16:45:00,True,16:45:00,2024-02-12
14756,2024-02-12 17:00:00,True,17:00:00,2024-02-12
14757,2024-02-12 17:15:00,True,17:15:00,2024-02-12
14758,2024-02-12 17:30:00,True,17:30:00,2024-02-12
14759,2024-02-12 17:45:00,True,17:45:00,2024-02-12
14760,2024-02-12 18:00:00,True,18:00:00,2024-02-12
14761,2024-02-12 18:15:00,True,18:15:00,2024-02-12
14762,2024-02-12 18:30:00,True,18:30:00,2024-02-12
14763,2024-02-12 18:45:00,True,18:45:00,2024-02-12
14764,2024-02-12 19:00:00,True,19:00:00,2024-02-12
14765,2024-02-12 19:15:00,True,19:15:00,2024-02-12
14766,2024-02-12 19:30:00,True,19:30:00,2024-02-12
14767,2024-02-12 19:45:00,True,19:45:00,2024-02-12
14768,2024-02-12 20:00:00,True,20:00:00,2024-02-12
14769,2024-02-12 20:15:00,True,20:15:00,2024-02-12
14770,2024-02-12 20:30:00,True,20:30:00,2024-02-12
14771,2024-02-12 20:45:00,True,20:45:00,2024-02-12
14772,2024-02-12 21:00:00,True,21:00:00,2024-02-12
14773,2024-02-12 21:15:00,True,21:15:00,2024-02-12
14774,2024-02-12 21:30:00,True,21:30:00,2024-02-12
14775,2024-02-12 21:45:00,True,21:45:00,2024-02-12
14776,2024-02-12 22:00:00,True,22:00:00,2024-02-12
14777,2024-02-12 22:15:00,True,22:15:00,2024-02-12
14778,2024-02-12 22:30:00,True,22:30:00,2024-02-12
14779,2024-02-12 22:45:00,True,22:45:00,2024-02-12
14780,2024-02-12 23:00:00,True,23:00:00,2024-02-12
14781,2024-02-12 23:15:00,True,23:15:00,2024-02-12
14782,2024-02-12 23:30:00,True,23:30:00,2024-02-12
14783,2024-02-12 23:45:00,True,23:45:00,2024-02-12
14784,2024-02-13 00:00:00,True,00:00:00,2024-02-13
14785,2024-02-13 00:15:00,True,00:15:00,2024-02-13
14786,2024-02-13 00:30:00,True,00:30:00,2024-02-13
14787,2024-02-13 00:45:00,True,00:45:00,2024-02-13
14788,2024-02-13 01:00:00,True,01:00:00,2024-02-13
14789,2024-02-13 01:15:00,True,01:15:00,2024-02-13
14790,2024-02-13 01:30:00,True,01:30:00,2024-02-13
14791,2024-02-13 01:45:00,True,01:45:00,2024-02-13
14792,2024-02-13 02:00:00,True,02:00:00,2024-02-13
14793,2024-02-13 02:15:00,True,02:15:00,2024-02-13
14794,2024-02-13 02:30:00,True,02:30:00,2024-02-13
14795,2024-02-13 02:45:00,True,02:45:00,2024-02-13
14796,2024-02-13 03:00:00,True,03:00:00,2024-02-13
14797,2024-02-13 03:15:00,True,03:15:00,2024-02-13
14798,2024-02-13 03:30:00,True,03:30:00,2024-02-13
14799,2024-02-13 03:45:00,True,03:45:00,2024-02-13
14800,2024-02-13 04:00:00,True,04:00:00,2024-02-13
14801,2024-02-13 04:15:00,True,04:15:00,2024-02-13
14802,2024-02-13 04:30:00,True,04:30:00,2024-02-13
14803,2024-02-13 04:45:00,True,04:45:00,2024-02-13
14804,2024-02-13 05:00:00,True,05:00:00,2024-02-13
14805,2024-02-13 05:15:00,True,05:15:00,2024-02-13
14806,2024-02-13 05:30:00,True,05:30:00,2024-02-13
14807,2024-02-13 05:45:00,True,05:45:00,2024-02-13
14808,2024-02-13 06:00:00,True,06:00:00,2024-02-13
14809,2024-02-13 06:15:00,True,06:15:00,2024-02-13
14810,2024-02-13 06:30:00,True,06:30:00,2024-02-13
14811,2024-02-13 06:45:00,True,06:45:00,2024-02-13
14812,2024-02-13 07:00:00,True,07:00:00,2024-02-13
14813,2024-02-13 07:15:00,True,07:15:00,2024-02-13
14814,2024-02-13 07:30:00,True,07:30:00,2024-02-13
14815,2024-02-13 07:45:00,True,07:45:00,2024-02-13
14816,2024-02-13 08:00:00,True,08:00:00,2024-02-13
14817,2024-02-13 08:15:00,True,08:15:00,2024-02-13
14818,2024-02-13 08:30:00,True,08:30:00,2024-02-13
14819,2024-02-13 08:45:00,True,08:45:00,2024-02-13
14820,2024-02-13 09:00:00,True,09:00:00,2024-02-13
14821,2024-02-13 09:15:00,True,09:15:00,2024-02-13
14822,2024-02-13 09:30:00,True,09:30:00,2024-02-13
14823,2024-02-13 09:45:00,True,09:45:00,2024-02-13
14824,2024-02-13 10:00:00,True,10:00:00,2024-02-13
14825,2024-02-13 10:15:00,True,10:15:00,2024-02-13
14826,2024-02-13 10:30:00,True,10:30:00,2024-02-13
14827,2024-02-13 10:45:00,True,10:45:00,2024-02-13
14828,2024-02-13 11:00:00,True,11:00:00,2024-02-13
14829,2024-02-13 11:15:00,True,11:15:00,2024-02-13
14830,2024-02-13 11:30:00,True,11:30:00,2024-02-13
14831,2024-02-13 11:45:00,True,11:45:00,2024-02-13
14832,2024-02-13 12:00:00,True,12:00:00,2024-02-13
14833,2024-02-13 12:15:00,True,12:15:00,2024-02-13
14834,2024-02-13 12:30:00,True,12:30:00,2024-02-13
14835,2024-02-13 12:45:00,True,12:45:00,2024-02-13
14836,2024-02-13 13:00:00,True,13:00:00,2024-02-13
14837,2024-02-13 13:15:00,True,13:15:00,2024-02-13
14838,2024-02-13 13:30:00,True,13:30:00,2024-02-13
14839,2024-02-13 13:45:00,True,13:45:00,2024-02-13
14840,2024-02-13 14:00:00,True,14:00:00,2024-02-13
14841,2024-02-13 14:15:00,True,14:15:00,2024-02-13
14842,2024-02-13 14:30:00,True,14:30:00,2024-02-13
14843,2024-02-13 14:45:00,True,14:45:00,2024-02-13
14844,2024-02-13 15:00:00,True,15:00:00,2024-02-13
14845,2024-02-13 15:15:00,True,15:15:00,2024-02-13
14846,2024-02-13 15:30:00,True,15:30:00,2024-02-13
14847,2024-02-13 15:45:00,True,15:45:00,2024-02-13
14848,2024-02-13 16:00:00,True,16:00:00,2024-02-13
14849,2024-02-13 16:15:00,True,16:15:00,2024-02-13
14850,2024-02-13 16:30:00,True,16:30:00,2024-02-13
14851,2024-02-13 16:45:00,True,16:45:00,2024-02-13
14852,2024-02-13 17:00:00,True,17:00:00,2024-02-13
14853,2024-02-13 17:15:00,True,17:15:00,2024-02-13
14854,2024-02-13 17:30:00,True,17:30:00,2024-02-13
14855,2024-02-13 17:45:00,True,17:45:00,2024-02-13
14856,2024-02-13 18:00:00,True,18:00:00,2024-02-13
14857,2024-02-13 18:15:00,True,18:15:00,2024-02-13
14858,2024-02-13 18:30:00,True,18:30:00,2024-02-13
14859,2024-02-13 18:45:00,True,18:45:00,2024-02-13
14860,2024-02-13 19:00:00,True,19:00:00,2024-02-13
14861,2024-02-13 19:15:00,True,19:15:00,2024-02-13
14862,2024-02-13 19:30:00,True,19:30:00,2024-02-13
14863,2024-02-13 19:45:00,True,19:45:00,2024-02-13
14864,2024-02-13 20:00:00,True,20:00:00,2024-02-13
14865,2024-02-13 20:15:00,True,20:15:00,2024-02-13
14866,2024-02-13 20:30:00,True,20:30:00,2024-02-13
14867,2024-02-13 20:45:00,True,20:45:00,2024-02-13
14868,2024-02-13 21:00:00,True,21:00:00,2024-02-13
14869,2024-02-13 21:15:00,True,21:15:00,2024-02-13
14870,2024-02-13 21:30:00,True,21:30:00,2024-02-13
14871,2024-02-13 21:45:00,True,21:45:00,2024-02-13
14872,2024-02-13 22:00:00,True,22:00:00,2024-02-13
14873,2024-02-13 22:15:00,True,22:15:00,2024-02-13
14874,2024-02-13 22:30:00,True,22:30:00,2024-02-13
14875,2024-02-13 22:45:00,True,22:45:00,2024-02-13
14876,2024-02-13 23:00:00,True,23:00:00,2024-02-13
14877,2024-02-13 23:15:00,True,23:15:00,2024-02-13
14878,2024-02-13 23:30:00,True,23:30:00,2024-02-13
14879,2024-02-13 23:45:00,True,23:45:00,2024-02-13
14880,2024-02-14 00:00:00,True,00:00:00,2024-02-14
14881,2024-02-14 00:15:00,True,00:15:00,2024-02-14
14882,2024-02-14 00:30:00,True,00:30:00,2024-02-14
14883,2024-02-14 00:45:00,True,00:45:00,2024-02-14
14884,2024-02-14 01:00:00,True,01:00:00,2024-02-14
14885,2024-02-14 01:15:00,True,01:15:00,2024-02-14
14886,2024-02-14 01:30:00,True,01:30:00,2024-02-14
14887,2024-02-14 01:45:00,True,01:45:00,2024-02-14
14888,2024-02-14 02:00:00,True,02:00:00,2024-02-14
14889,2024-02-14 02:15:00,True,02:15:00,2024-02-14
14890,2024-02-14 02:30:00,True,02:30:00,2024-02-14
14891,2024-02-14 02:45:00,True,02:45:00,2024-02-14
14892,2024-02-14 03:00:00,True,03:00:00,2024-02-14
14893,2024-02-14 03:15:00,True,03:15:00,2024-02-14
14894,2024-02-14 03:30:00,True,03:30:00,2024-02-14
14895,2024-02-14 03:45:00,True,03:45:00,2024-02-14
14896,2024-02-14 04:00:00,True,04:00:00,2024-02-14
14897,2024-02-14 04:15:00,True,04:15:00,2024-02-14
14898,2024-02-14 04:30:00,True,04:30:00,2024-02-14
14899,2024-02-14 04:45:00,True,04:45:00,2024-02-14
14900,2024-02-14 05:00:00,True,05:00:00,2024-02-14
14901,2024-02-14 05:15:00,True,05:15:00,2024-02-14
14902,2024-02-14 05:30:00,True,05:30:00,2024-02-14
14903,2024-02-14 05:45:00,True,05:45:00,2024-02-14
14904,2024-02-14 06:00:00,True,06:00:00,2024-02-14
14905,2024-02-14 06:15:00,True,06:15:00,2024-02-14
14906,2024-02-14 06:30:00,True,06:30:00,2024-02-14
14907,2024-02-14 06:45:00,True,06:45:00,2024-02-14
14908,2024-02-14 07:00:00,True,07:00:00,2024-02-14
14909,2024-02-14 07:15:00,True,07:15:00,2024-02-14
14910,2024-02-14 07:30:00,True,07:30:00,2024-02-14
14911,2024-02-14 07:45:00,True,07:45:00,2024-02-14
14912,2024-02-14 08:00:00,True,08:00:00,2024-02-14
14913,2024-02-14 08:15:00,True,08:15:00,2024-02-14
14914,2024-02-14 08:30:00,True,08:30:00,2024-02-14
14915,2024-02-14 08:45:00,True,08:45:00,2024-02-14
14916,2024-02-14 09:00:00,True,09:00:00,2024-02-14
14917,2024-02-14 09:15:00,True,09:15:00,2024-02-14
14918,2024-02-14 09:30:00,True,09:30:00,2024-02-14
14919,2024-02-14 09:45:00,True,09:45:00,2024-02-14
14920,2024-02-14 10:00:00,True,10:00:00,2024-02-14
14921,2024-02-14 10:15:00,True,10:15:00,2024-02-14
14922,2024-02-14 10:30:00,True,10:30:00,2024-02-14
14923,2024-02-14 10:45:00,True,10:45:00,2024-02-14
14924,2024-02-14 11:00:00,True,11:00:00,2024-02-14
14925,2024-02-14 11:15:00,True,11:15:00,2024-02-14
14926,2024-02-14 11:30:00,True,11:30:00,2024-02-14
14927,2024-02-14 11:45:00,True,11:45:00,2024-02-14
14928,2024-02-14 12:00:00,True,12:00:00,2024-02-14
14929,2024-02-14 12:15:00,True,12:15:00,2024-02-14
14930,2024-02-14 12:30:00,True,12:30:00,2024-02-14
14931,2024-02-14 12:45:00,True,12:45:00,2024-02-14
14932,2024-02-14 13:00:00,True,13:00:00,2024-02-14
14933,2024-02-14 13:15:00,True,13:15:00,2024-02-14
14934,2024-02-14 13:30:00,True,13:30:00,2024-02-14
14935,2024-02-14 13:45:00,True,13:45:00,2024-02-14
14936,2024-02-14 14:00:00,True,14:00:00,2024-02-14
14937,2024-02-14 14:15:00,True,14:15:00,2024-02-14
14938,2024-02-14 14:30:00,True,14:30:00,2024-02-14
14939,2024-02-14 14:45:00,True,14:45:00,2024-02-14
14940,2024-02-14 15:00:00,True,15:00:00,2024-02-14
14941,2024-02-14 15:15:00,True,15:15:00,2024-02-14
14942,2024-02-14 15:30:00,True,15:30:00,2024-02-14
14943,2024-02-14 15:45:00,True,15:45:00,2024-02-14
14944,2024-02-14 16:00:00,True,16:00:00,2024-02-14
14945,2024-02-14 16:15:00,True,16:15:00,2024-02-14
14946,2024-02-14 16:30:00,True,16:30:00,2024-02-14
14947,2024-02-14 16:45:00,True,16:45:00,2024-02-14
14948,2024-02-14 17:00:00,True,17:00:00,2024-02-14
14949,2024-02-14 17:15:00,True,17:15:00,2024-02-14
14950,2024-02-14 17:30:00,True,17:30:00,2024-02-14
14951,2024-02-14 17:45:00,True,17:45:00,2024-02-14
14952,2024-02-14 18:00:00,True,18:00:00,2024-02-14
14953,2024-02-14 18:15:00,True,18:15:00,2024-02-14
14954,2024-02-14 18:30:00,True,18:30:00,2024-02-14
14955,2024-02-14 18:45:00,True,18:45:00,2024-02-14
14956,2024-02-14 19:00:00,True,19:00:00,2024-02-14
14957,2024-02-14 19:15:00,True,19:15:00,2024-02-14
14958,2024-02-14 19:30:00,True,19:30:00,2024-02-14
14959,2024-02-14 19:45:00,True,19:45:00,2024-02-14
14960,2024-02-14 20:00:00,True,20:00:00,2024-02-14
14961,2024-02-14 20:15:00,True,20:15:00,2024-02-14
14962,2024-02-14 20:30:00,True,20:30:00,2024-02-14
14963,2024-02-14 20:45:00,True,20:45:00,2024-02-14
14964,2024-02-14 21:00:00,True,21:00:00,2024-02-14
14965,2024-02-14 21:15:00,True,21:15:00,2024-02-14
14966,2024-02-14 21:30:00,True,21:30:00,2024-02-14
14967,2024-02-14 21:45:00,True,21:45:00,2024-02-14
14968,2024-02-14 22:00:00,True,22:00:00,2024-02-14
14969,2024-02-14 22:15:00,True,22:15:00,2024-02-14
14970,2024-02-14 22:30:00,True,22:30:00,2024-02-14
14971,2024-02-14 22:45:00,True,22:45:00,2024-02-14
14972,2024-02-14 23:00:00,True,23:00:00,2024-02-14
14973,2024-02-14 23:15:00,True,23:15:00,2024-02-14
14974,2024-02-14 23:30:00,True,23:30:00,2024-02-14
14975,2024-02-14 23:45:00,True,23:45:00,2024-02-14
14976,2024-02-15 00:00:00,True,00:00:00,2024-02-15
14977,2024-02-15 00:15:00,True,00:15:00,2024-02-15
14978,2024-02-15 00:30:00,True,00:30:00,2024-02-15
14979,2024-02-15 00:45:00,True,00:45:00,2024-02-15
14980,2024-02-15 01:00:00,True,01:00:00,2024-02-15
14981,2024-02-15 01:15:00,True,01:15:00,2024-02-15
14982,2024-02-15 01:30:00,True,01:30:00,2024-02-15
14983,2024-02-15 01:45:00,True,01:45:00,2024-02-15
14984,2024-02-15 02:00:00,True,02:00:00,2024-02-15
14985,2024-02-15 02:15:00,True,02:15:00,2024-02-15
14986,2024-02-15 02:30:00,True,02:30:00,2024-02-15
14987,2024-02-15 02:45:00,True,02:45:00,2024-02-15
14988,2024-02-15 03:00:00,True,03:00:00,2024-02-15
14989,2024-02-15 03:15:00,True,03:15:00,2024-02-15
14990,2024-02-15 03:30:00,True,03:30:00,2024-02-15
14991,2024-02-15 03:45:00,True,03:45:00,2024-02-15
14992,2024-02-15 04:00:00,True,04:00:00,2024-02-15
14993,2024-02-15 04:15:00,True,04:15:00,2024-02-15
14994,2024-02-15 04:30:00,True,04:30:00,2024-02-15
14995,2024-02-15 04:45:00,True,04:45:00,2024-02-15
14996,2024-02-15 05:00:00,True,05:00:00,2024-02-15
14997,2024-02-15 05:15:00,True,05:15:00,2024-02-15
14998,2024-02-15 05:30:00,True,05:30:00,2024-02-15
14999,2024-02-15 05:45:00,True,05:45:00,2024-02-15
15000,2024-02-15 06:00:00,True,06:00:00,2024-02-15
15001,2024-02-15 06:15:00,True,06:15:00,2024-02-15
15002,2024-02-15 06:30:00,True,06:30:00,2024-02-15
15003,2024-02-15 06:45:00,True,06:45:00,2024-02-15
15004,2024-02-15 07:00:00,True,07:00:00,2024-02-15
15005,2024-02-15 07:15:00,True,07:15:00,2024-02-15
15006,2024-02-15 07:30:00,True,07:30:00,2024-02-15
15007,2024-02-15 07:45:00,True,07:45:00,2024-02-15
15008,2024-02-15 08:00:00,True,08:00:00,2024-02-15
15009,2024-02-15 08:15:00,True,08:15:00,2024-02-15
15010,2024-02-15 08:30:00,True,08:30:00,2024-02-15
15011,2024-02-15 08:45:00,True,08:45:00,2024-02-15
15012,2024-02-15 09:00:00,True,09:00:00,2024-02-15
15013,2024-02-15 09:15:00,True,09:15:00,2024-02-15
15014,2024-02-15 09:30:00,True,09:30:00,2024-02-15
15015,2024-02-15 09:45:00,True,09:45:00,2024-02-15
15016,2024-02-15 10:00:00,True,10:00:00,2024-02-15
15017,2024-02-15 10:15:00,True,10:15:00,2024-02-15
15018,2024-02-15 10:30:00,True,10:30:00,2024-02-15
15019,2024-02-15 10:45:00,True,10:45:00,2024-02-15
15020,2024-02-15 11:00:00,True,11:00:00,2024-02-15
15021,2024-02-15 11:15:00,True,11:15:00,2024-02-15
15022,2024-02-15 11:30:00,True,11:30:00,2024-02-15
15023,2024-02-15 11:45:00,True,11:45:00,2024-02-15
15024,2024-02-15 12:00:00,True,12:00:00,2024-02-15
15025,2024-02-15 12:15:00,True,12:15:00,2024-02-15
15026,2024-02-15 12:30:00,True,12:30:00,2024-02-15
15027,2024-02-15 12:45:00,True,12:45:00,2024-02-15
15028,2024-02-15 13:00:00,True,13:00:00,2024-02-15
15029,2024-02-15 13:15:00,True,13:15:00,2024-02-15
15030,2024-02-15 13:30:00,True,13:30:00,2024-02-15
15031,2024-02-15 13:45:00,True,13:45:00,2024-02-15
15032,2024-02-15 14:00:00,True,14:00:00,2024-02-15
15033,2024-02-15 14:15:00,True,14:15:00,2024-02-15
15034,2024-02-15 14:30:00,True,14:30:00,2024-02-15
15035,2024-02-15 14:45:00,True,14:45:00,2024-02-15
15036,2024-02-15 15:00:00,True,15:00:00,2024-02-15
15037,2024-02-15 15:15:00,True,15:15:00,2024-02-15
15038,2024-02-15 15:30:00,True,15:30:00,2024-02-15
15039,2024-02-15 15:45:00,True,15:45:00,2024-02-15
15040,2024-02-15 16:00:00,True,16:00:00,2024-02-15
15041,2024-02-15 16:15:00,True,16:15:00,2024-02-15
15042,2024-02-15 16:30:00,True,16:30:00,2024-02-15
15043,2024-02-15 16:45:00,True,16:45:00,2024-02-15
15044,2024-02-15 17:00:00,True,17:00:00,2024-02-15
15045,2024-02-15 17:15:00,True,17:15:00,2024-02-15
15046,2024-02-15 17:30:00,True,17:30:00,2024-02-15
15047,2024-02-15 17:45:00,True,17:45:00,2024-02-15
15048,2024-02-15 18:00:00,True,18:00:00,2024-02-15
15049,2024-02-15 18:15:00,True,18:15:00,2024-02-15
15050,2024-02-15 18:30:00,True,18:30:00,2024-02-15
15051,2024-02-15 18:45:00,True,18:45:00,2024-02-15
15052,2024-02-15 19:00:00,True,19:00:00,2024-02-15
15053,2024-02-15 19:15:00,True,19:15:00,2024-02-15
15054,2024-02-15 19:30:00,True,19:30:00,2024-02-15
15055,2024-02-15 19:45:00,True,19:45:00,2024-02-15
15056,2024-02-15 20:00:00,True,20:00:00,2024-02-15
15057,2024-02-15 20:15:00,True,20:15:00,2024-02-15
15058,2024-02-15 20:30:00,True,20:30:00,2024-02-15
15059,2024-02-15 20:45:00,True,20:45:00,2024-02-15
15060,2024-02-15 21:00:00,True,21:00:00,2024-02-15
15061,2024-02-15 21:15:00,True,21:15:00,2024-02-15
15062,2024-02-15 21:30:00,True,21:30:00,2024-02-15
15063,2024-02-15 21:45:00,True,21:45:00,2024-02-15
15064,2024-02-15 22:00:00,True,22:00:00,2024-02-15
15065,2024-02-15 22:15:00,True,22:15:00,2024-02-15
15066,2024-02-15 22:30:00,True,22:30:00,2024-02-15
15067,2024-02-15 22:45:00,True,22:45:00,2024-02-15
15068,2024-02-15 23:00:00,True,23:00:00,2024-02-15
15069,2024-02-15 23:15:00,True,23:15:00,2024-02-15
15070,2024-02-15 23:30:00,True,23:30:00,2024-02-15
15071,2024-02-15 23:45:00,True,23:45:00,2024-02-15
15072,2024-02-16 00:00:00,True,00:00:00,2024-02-16
15073,2024-02-16 00:15:00,True,00:15:00,2024-02-16
15074,2024-02-16 00:30:00,True,00:30:00,2024-02-16
15075,2024-02-16 00:45:00,True,00:45:00,2024-02-16
15076,2024-02-16 01:00:00,True,01:00:00,2024-02-16
15077,2024-02-16 01:15:00,True,01:15:00,2024-02-16
15078,2024-02-16 01:30:00,True,01:30:00,2024-02-16
15079,2024-02-16 01:45:00,True,01:45:00,2024-02-16
15080,2024-02-16 02:00:00,True,02:00:00,2024-02-16
15081,2024-02-16 02:15:00,True,02:15:00,2024-02-16
15082,2024-02-16 02:30:00,True,02:30:00,2024-02-16
15083,2024-02-16 02:45:00,True,02:45:00,2024-02-16
15084,2024-02-16 03:00:00,True,03:00:00,2024-02-16
15085,2024-02-16 03:15:00,True,03:15:00,2024-02-16
15086,2024-02-16 03:30:00,True,03:30:00,2024-02-16
15087,2024-02-16 03:45:00,True,03:45:00,2024-02-16
15088,2024-02-16 04:00:00,True,04:00:00,2024-02-16
15089,2024-02-16 04:15:00,True,04:15:00,2024-02-16
15090,2024-02-16 04:30:00,True,04:30:00,2024-02-16
15091,2024-02-16 04:45:00,True,04:45:00,2024-02-16
15092,2024-02-16 05:00:00,True,05:00:00,2024-02-16
15093,2024-02-16 05:15:00,True,05:15:00,2024-02-16
15094,2024-02-16 05:30:00,True,05:30:00,2024-02-16
15095,2024-02-16 05:45:00,True,05:45:00,2024-02-16
15096,2024-02-16 06:00:00,True,06:00:00,2024-02-16
15097,2024-02-16 06:15:00,True,06:15:00,2024-02-16
15098,2024-02-16 06:30:00,True,06:30:00,2024-02-16
15099,2024-02-16 06:45:00,True,06:45:00,2024-02-16
15100,2024-02-16 07:00:00,True,07:00:00,2024-02-16
15101,2024-02-16 07:15:00,True,07:15:00,2024-02-16
15102,2024-02-16 07:30:00,True,07:30:00,2024-02-16
15103,2024-02-16 07:45:00,True,07:45:00,2024-02-16
15104,2024-02-16 08:00:00,True,08:00:00,2024-02-16
15105,2024-02-16 08:15:00,True,08:15:00,2024-02-16
15106,2024-02-16 08:30:00,True,08:30:00,2024-02-16
15107,2024-02-16 08:45:00,True,08:45:00,2024-02-16
15108,2024-02-16 09:00:00,True,09:00:00,2024-02-16
15109,2024-02-16 09:15:00,True,09:15:00,2024-02-16
15110,2024-02-16 09:30:00,True,09:30:00,2024-02-16
15111,2024-02-16 09:45:00,True,09:45:00,2024-02-16
15112,2024-02-16 10:00:00,True,10:00:00,2024-02-16
15113,2024-02-16 10:15:00,True,10:15:00,2024-02-16
15114,2024-02-16 10:30:00,True,10:30:00,2024-02-16
15115,2024-02-16 10:45:00,True,10:45:00,2024-02-16
15116,2024-02-16 11:00:00,True,11:00:00,2024-02-16
15117,2024-02-16 11:15:00,True,11:15:00,2024-02-16
15118,2024-02-16 11:30:00,True,11:30:00,2024-02-16
15119,2024-02-16 11:45:00,True,11:45:00,2024-02-16
15120,2024-02-16 12:00:00,True,12:00:00,2024-02-16
15121,2024-02-16 12:15:00,True,12:15:00,2024-02-16
15122,2024-02-16 12:30:00,True,12:30:00,2024-02-16
15123,2024-02-16 12:45:00,True,12:45:00,2024-02-16
15124,2024-02-16 13:00:00,True,13:00:00,2024-02-16
15125,2024-02-16 13:15:00,True,13:15:00,2024-02-16
15126,2024-02-16 13:30:00,True,13:30:00,2024-02-16
15127,2024-02-16 13:45:00,True,13:45:00,2024-02-16
15128,2024-02-16 14:00:00,True,14:00:00,2024-02-16
15129,2024-02-16 14:15:00,True,14:15:00,2024-02-16
15130,2024-02-16 14:30:00,True,14:30:00,2024-02-16
15131,2024-02-16 14:45:00,True,14:45:00,2024-02-16
15132,2024-02-16 15:00:00,True,15:00:00,2024-02-16
15133,2024-02-16 15:15:00,True,15:15:00,2024-02-16
15134,2024-02-16 15:30:00,True,15:30:00,2024-02-16
15135,2024-02-16 15:45:00,True,15:45:00,2024-02-16
15136,2024-02-16 16:00:00,True,16:00:00,2024-02-16
15137,2024-02-16 16:15:00,True,16:15:00,2024-02-16
15138,2024-02-16 16:30:00,True,16:30:00,2024-02-16
15139,2024-02-16 16:45:00,True,16:45:00,2024-02-16
15140,2024-02-16 17:00:00,True,17:00:00,2024-02-16
15141,2024-02-16 17:15:00,True,17:15:00,2024-02-16
15142,2024-02-16 17:30:00,True,17:30:00,2024-02-16
15143,2024-02-16 17:45:00,True,17:45:00,2024-02-16
15144,2024-02-16 18:00:00,True,18:00:00,2024-02-16
15145,2024-02-16 18:15:00,True,18:15:00,2024-02-16
15146,2024-02-16 18:30:00,True,18:30:00,2024-02-16
15147,2024-02-16 18:45:00,True,18:45:00,2024-02-16
15148,2024-02-16 19:00:00,True,19:00:00,2024-02-16
15149,2024-02-16 19:15:00,True,19:15:00,2024-02-16
15150,2024-02-16 19:30:00,True,19:30:00,2024-02-16
15151,2024-02-16 19:45:00,True,19:45:00,2024-02-16
15152,2024-02-16 20:00:00,True,20:00:00,2024-02-16
15153,2024-02-16 20:15:00,True,20:15:00,2024-02-16
15154,2024-02-16 20:30:00,True,20:30:00,2024-02-16
15155,2024-02-16 20:45:00,True,20:45:00,2024-02-16
15156,2024-02-16 21:00:00,True,21:00:00,2024-02-16
15157,2024-02-16 21:15:00,True,21:15:00,2024-02-16
15158,2024-02-16 21:30:00,True,21:30:00,2024-02-16
15159,2024-02-16 21:45:00,True,21:45:00,2024-02-16
15160,2024-02-16 22:00:00,True,22:00:00,2024-02-16
15161,2024-02-16 22:15:00,True,22:15:00,2024-02-16
15162,2024-02-16 22:30:00,True,22:30:00,2024-02-16
15163,2024-02-16 22:45:00,True,22:45:00,2024-02-16
15164,2024-02-16 23:00:00,True,23:00:00,2024-02-16
15165,2024-02-16 23:15:00,True,23:15:00,2024-02-16
15166,2024-02-16 23:30:00,True,23:30:00,2024-02-16
15167,2024-02-16 23:45:00,True,23:45:00,2024-02-16
15168,2024-02-17 00:00:00,True,00:00:00,2024-02-17
15169,2024-02-17 00:15:00,True,00:15:00,2024-02-17
15170,2024-02-17 00:30:00,True,00:30:00,2024-02-17
15171,2024-02-17 00:45:00,True,00:45:00,2024-02-17
15172,2024-02-17 01:00:00,True,01:00:00,2024-02-17
15173,2024-02-17 01:15:00,True,01:15:00,2024-02-17
15174,2024-02-17 01:30:00,True,01:30:00,2024-02-17
15175,2024-02-17 01:45:00,True,01:45:00,2024-02-17
15176,2024-02-17 02:00:00,True,02:00:00,2024-02-17
15177,2024-02-17 02:15:00,True,02:15:00,2024-02-17
15178,2024-02-17 02:30:00,True,02:30:00,2024-02-17
15179,2024-02-17 02:45:00,True,02:45:00,2024-02-17
15180,2024-02-17 03:00:00,True,03:00:00,2024-02-17
15181,2024-02-17 03:15:00,True,03:15:00,2024-02-17
15182,2024-02-17 03:30:00,True,03:30:00,2024-02-17
15183,2024-02-17 03:45:00,True,03:45:00,2024-02-17
15184,2024-02-17 04:00:00,True,04:00:00,2024-02-17
15185,2024-02-17 04:15:00,True,04:15:00,2024-02-17
15186,2024-02-17 04:30:00,True,04:30:00,2024-02-17
15187,2024-02-17 04:45:00,True,04:45:00,2024-02-17
15188,2024-02-17 05:00:00,True,05:00:00,2024-02-17
15189,2024-02-17 05:15:00,True,05:15:00,2024-02-17
15190,2024-02-17 05:30:00,True,05:30:00,2024-02-17
15191,2024-02-17 05:45:00,True,05:45:00,2024-02-17
15192,2024-02-17 06:00:00,True,06:00:00,2024-02-17
15193,2024-02-17 06:15:00,True,06:15:00,2024-02-17
15194,2024-02-17 06:30:00,True,06:30:00,2024-02-17
15195,2024-02-17 06:45:00,True,06:45:00,2024-02-17
15196,2024-02-17 07:00:00,True,07:00:00,2024-02-17
15197,2024-02-17 07:15:00,True,07:15:00,2024-02-17
15198,2024-02-17 07:30:00,True,07:30:00,2024-02-17
15199,2024-02-17 07:45:00,True,07:45:00,2024-02-17
15200,2024-02-17 08:00:00,True,08:00:00,2024-02-17
15201,2024-02-17 08:15:00,True,08:15:00,2024-02-17
15202,2024-02-17 08:30:00,True,08:30:00,2024-02-17
15203,2024-02-17 08:45:00,True,08:45:00,2024-02-17
15204,2024-02-17 09:00:00,True,09:00:00,2024-02-17
15205,2024-02-17 09:15:00,True,09:15:00,2024-02-17
15206,2024-02-17 09:30:00,True,09:30:00,2024-02-17
15207,2024-02-17 09:45:00,True,09:45:00,2024-02-17
15208,2024-02-17 10:00:00,True,10:00:00,2024-02-17
15209,2024-02-17 10:15:00,True,10:15:00,2024-02-17
15210,2024-02-17 10:30:00,True,10:30:00,2024-02-17
15211,2024-02-17 10:45:00,True,10:45:00,2024-02-17
15212,2024-02-17 11:00:00,True,11:00:00,2024-02-17
15213,2024-02-17 11:15:00,True,11:15:00,2024-02-17
15214,2024-02-17 11:30:00,True,11:30:00,2024-02-17
15215,2024-02-17 11:45:00,True,11:45:00,2024-02-17
15216,2024-02-17 12:00:00,True,12:00:00,2024-02-17
15217,2024-02-17 12:15:00,True,12:15:00,2024-02-17
15218,2024-02-17 12:30:00,True,12:30:00,2024-02-17
15219,2024-02-17 12:45:00,True,12:45:00,2024-02-17
15220,2024-02-17 13:00:00,True,13:00:00,2024-02-17
15221,2024-02-17 13:15:00,True,13:15:00,2024-02-17
15222,2024-02-17 13:30:00,True,13:30:00,2024-02-17
15223,2024-02-17 13:45:00,True,13:45:00,2024-02-17
15224,2024-02-17 14:00:00,True,14:00:00,2024-02-17
15225,2024-02-17 14:15:00,True,14:15:00,2024-02-17
15226,2024-02-17 14:30:00,True,14:30:00,2024-02-17
15227,2024-02-17 14:45:00,True,14:45:00,2024-02-17
15228,2024-02-17 15:00:00,True,15:00:00,2024-02-17
15229,2024-02-17 15:15:00,True,15:15:00,2024-02-17
15230,2024-02-17 15:30:00,True,15:30:00,2024-02-17
15231,2024-02-17 15:45:00,True,15:45:00,2024-02-17
15232,2024-02-17 16:00:00,True,16:00:00,2024-02-17
15233,2024-02-17 16:15:00,True,16:15:00,2024-02-17
15234,2024-02-17 16:30:00,True,16:30:00,2024-02-17
15235,2024-02-17 16:45:00,True,16:45:00,2024-02-17
15236,2024-02-17 17:00:00,True,17:00:00,2024-02-17
15237,2024-02-17 17:15:00,True,17:15:00,2024-02-17
15238,2024-02-17 17:30:00,True,17:30:00,2024-02-17
15239,2024-02-17 17:45:00,True,17:45:00,2024-02-17
15240,2024-02-17 18:00:00,True,18:00:00,2024-02-17
15241,2024-02-17 18:15:00,True,18:15:00,2024-02-17
15242,2024-02-17 18:30:00,True,18:30:00,2024-02-17
15243,2024-02-17 18:45:00,True,18:45:00,2024-02-17
15244,2024-02-17 19:00:00,True,19:00:00,2024-02-17
15245,2024-02-17 19:15:00,True,19:15:00,2024-02-17
15246,2024-02-17 19:30:00,True,19:30:00,2024-02-17
15247,2024-02-17 19:45:00,True,19:45:00,2024-02-17
15248,2024-02-17 20:00:00,True,20:00:00,2024-02-17
15249,2024-02-17 20:15:00,True,20:15:00,2024-02-17
15250,2024-02-17 20:30:00,True,20:30:00,2024-02-17
15251,2024-02-17 20:45:00,True,20:45:00,2024-02-17
15252,2024-02-17 21:00:00,True,21:00:00,2024-02-17
15253,2024-02-17 21:15:00,True,21:15:00,2024-02-17
15254,2024-02-17 21:30:00,True,21:30:00,2024-02-17
15255,2024-02-17 21:45:00,True,21:45:00,2024-02-17
15256,2024-02-17 22:00:00,True,22:00:00,2024-02-17
15257,2024-02-17 22:15:00,True,22:15:00,2024-02-17
15258,2024-02-17 22:30:00,True,22:30:00,2024-02-17
15259,2024-02-17 22:45:00,True,22:45:00,2024-02-17
15260,2024-02-17 23:00:00,True,23:00:00,2024-02-17
15261,2024-02-17 23:15:00,True,23:15:00,2024-02-17
15262,2024-02-17 23:30:00,True,23:30:00,2024-02-17
15263,2024-02-17 23:45:00,True,23:45:00,2024-02-17
15264,2024-02-18 00:00:00,True,00:00:00,2024-02-18
15265,2024-02-18 00:15:00,True,00:15:00,2024-02-18
15266,2024-02-18 00:30:00,True,00:30:00,2024-02-18
15267,2024-02-18 00:45:00,True,00:45:00,2024-02-18
15268,2024-02-18 01:00:00,True,01:00:00,2024-02-18
15269,2024-02-18 01:15:00,True,01:15:00,2024-02-18
15270,2024-02-18 01:30:00,True,01:30:00,2024-02-18
15271,2024-02-18 01:45:00,True,01:45:00,2024-02-18
15272,2024-02-18 02:00:00,True,02:00:00,2024-02-18
15273,2024-02-18 02:15:00,True,02:15:00,2024-02-18
15274,2024-02-18 02:30:00,True,02:30:00,2024-02-18
15275,2024-02-18 02:45:00,True,02:45:00,2024-02-18
15276,2024-02-18 03:00:00,True,03:00:00,2024-02-18
15277,2024-02-18 03:15:00,True,03:15:00,2024-02-18
15278,2024-02-18 03:30:00,True,03:30:00,2024-02-18
15279,2024-02-18 03:45:00,True,03:45:00,2024-02-18
15280,2024-02-18 04:00:00,True,04:00:00,2024-02-18
15281,2024-02-18 04:15:00,True,04:15:00,2024-02-18
15282,2024-02-18 04:30:00,True,04:30:00,2024-02-18
15283,2024-02-18 04:45:00,True,04:45:00,2024-02-18
15284,2024-02-18 05:00:00,True,05:00:00,2024-02-18
15285,2024-02-18 05:15:00,True,05:15:00,2024-02-18
15286,2024-02-18 05:30:00,True,05:30:00,2024-02-18
15287,2024-02-18 05:45:00,True,05:45:00,2024-02-18
15288,2024-02-18 06:00:00,True,06:00:00,2024-02-18
15289,2024-02-18 06:15:00,True,06:15:00,2024-02-18
15290,2024-02-18 06:30:00,True,06:30:00,2024-02-18
15291,2024-02-18 06:45:00,True,06:45:00,2024-02-18
15292,2024-02-18 07:00:00,True,07:00:00,2024-02-18
15293,2024-02-18 07:15:00,True,07:15:00,2024-02-18
15294,2024-02-18 07:30:00,True,07:30:00,2024-02-18
15295,2024-02-18 07:45:00,True,07:45:00,2024-02-18
15296,2024-02-18 08:00:00,True,08:00:00,2024-02-18
15297,2024-02-18 08:15:00,True,08:15:00,2024-02-18
15298,2024-02-18 08:30:00,True,08:30:00,2024-02-18
15299,2024-02-18 08:45:00,True,08:45:00,2024-02-18
15300,2024-02-18 09:00:00,True,09:00:00,2024-02-18
15301,2024-02-18 09:15:00,True,09:15:00,2024-02-18
15302,2024-02-18 09:30:00,True,09:30:00,2024-02-18
15303,2024-02-18 09:45:00,True,09:45:00,2024-02-18
15304,2024-02-18 10:00:00,True,10:00:00,2024-02-18
15305,2024-02-18 10:15:00,True,10:15:00,2024-02-18
15306,2024-02-18 10:30:00,True,10:30:00,2024-02-18
15307,2024-02-18 10:45:00,True,10:45:00,2024-02-18
15308,2024-02-18 11:00:00,True,11:00:00,2024-02-18
15309,2024-02-18 11:15:00,True,11:15:00,2024-02-18
15310,2024-02-18 11:30:00,True,11:30:00,2024-02-18
15311,2024-02-18 11:45:00,True,11:45:00,2024-02-18
15312,2024-02-18 12:00:00,True,12:00:00,2024-02-18
15313,2024-02-18 12:15:00,True,12:15:00,2024-02-18
15314,2024-02-18 12:30:00,True,12:30:00,2024-02-18
15315,2024-02-18 12:45:00,True,12:45:00,2024-02-18
15316,2024-02-18 13:00:00,True,13:00:00,2024-02-18
15317,2024-02-18 13:15:00,True,13:15:00,2024-02-18
15318,2024-02-18 13:30:00,True,13:30:00,2024-02-18
15319,2024-02-18 13:45:00,True,13:45:00,2024-02-18
15320,2024-02-18 14:00:00,True,14:00:00,2024-02-18
15321,2024-02-18 14:15:00,True,14:15:00,2024-02-18
15322,2024-02-18 14:30:00,True,14:30:00,2024-02-18
15323,2024-02-18 14:45:00,True,14:45:00,2024-02-18
15324,2024-02-18 15:00:00,True,15:00:00,2024-02-18
15325,2024-02-18 15:15:00,True,15:15:00,2024-02-18
15326,2024-02-18 15:30:00,True,15:30:00,2024-02-18
15327,2024-02-18 15:45:00,True,15:45:00,2024-02-18
15328,2024-02-18 16:00:00,True,16:00:00,2024-02-18
15329,2024-02-18 16:15:00,True,16:15:00,2024-02-18
15330,2024-02-18 16:30:00,True,16:30:00,2024-02-18
15331,2024-02-18 16:45:00,True,16:45:00,2024-02-18
15332,2024-02-18 17:00:00,True,17:00:00,2024-02-18
15333,2024-02-18 17:15:00,True,17:15:00,2024-02-18
15334,2024-02-18 17:30:00,True,17:30:00,2024-02-18
15335,2024-02-18 17:45:00,True,17:45:00,2024-02-18
15336,2024-02-18 18:00:00,True,18:00:00,2024-02-18
15337,2024-02-18 18:15:00,True,18:15:00,2024-02-18
15338,2024-02-18 18:30:00,True,18:30:00,2024-02-18
15339,2024-02-18 18:45:00,True,18:45:00,2024-02-18
15340,2024-02-18 19:00:00,True,19:00:00,2024-02-18
15341,2024-02-18 19:15:00,True,19:15:00,2024-02-18
15342,2024-02-18 19:30:00,True,19:30:00,2024-02-18
15343,2024-02-18 19:45:00,True,19:45:00,2024-02-18
15344,2024-02-18 20:00:00,True,20:00:00,2024-02-18
15345,2024-02-18 20:15:00,True,20:15:00,2024-02-18
15346,2024-02-18 20:30:00,True,20:30:00,2024-02-18
15347,2024-02-18 20:45:00,True,20:45:00,2024-02-18
15348,2024-02-18 21:00:00,True,21:00:00,2024-02-18
15349,2024-02-18 21:15:00,True,21:15:00,2024-02-18
15350,2024-02-18 21:30:00,True,21:30:00,2024-02-18
15351,2024-02-18 21:45:00,True,21:45:00,2024-02-18
15352,2024-02-18 22:00:00,True,22:00:00,2024-02-18
15353,2024-02-18 22:15:00,True,22:15:00,2024-02-18
15354,2024-02-18 22:30:00,True,22:30:00,2024-02-18
15355,2024-02-18 22:45:00,True,22:45:00,2024-02-18
15356,2024-02-18 23:00:00,True,23:00:00,2024-02-18
15357,2024-02-18 23:15:00,True,23:15:00,2024-02-18
15358,2024-02-18 23:30:00,True,23:30:00,2024-02-18
15359,2024-02-18 23:45:00,True,23:45:00,2024-02-18
15360,2024-02-19 00:00:00,True,00:00:00,2024-02-19
15361,2024-02-19 00:15:00,True,00:15:00,2024-02-19
15362,2024-02-19 00:30:00,True,00:30:00,2024-02-19
15363,2024-02-19 00:45:00,True,00:45:00,2024-02-19
15364,2024-02-19 01:00:00,True,01:00:00,2024-02-19
15365,2024-02-19 01:15:00,True,01:15:00,2024-02-19
15366,2024-02-19 01:30:00,True,01:30:00,2024-02-19
15367,2024-02-19 01:45:00,True,01:45:00,2024-02-19
15368,2024-02-19 02:00:00,True,02:00:00,2024-02-19
15369,2024-02-19 02:15:00,True,02:15:00,2024-02-19
15370,2024-02-19 02:30:00,True,02:30:00,2024-02-19
15371,2024-02-19 02:45:00,True,02:45:00,2024-02-19
15372,2024-02-19 03:00:00,True,03:00:00,2024-02-19
15373,2024-02-19 03:15:00,True,03:15:00,2024-02-19
15374,2024-02-19 03:30:00,True,03:30:00,2024-02-19
15375,2024-02-19 03:45:00,True,03:45:00,2024-02-19
15376,2024-02-19 04:00:00,True,04:00:00,2024-02-19
15377,2024-02-19 04:15:00,True,04:15:00,2024-02-19
15378,2024-02-19 04:30:00,True,04:30:00,2024-02-19
15379,2024-02-19 04:45:00,True,04:45:00,2024-02-19
15380,2024-02-19 05:00:00,True,05:00:00,2024-02-19
15381,2024-02-19 05:15:00,True,05:15:00,2024-02-19
15382,2024-02-19 05:30:00,True,05:30:00,2024-02-19
15383,2024-02-19 05:45:00,True,05:45:00,2024-02-19
15384,2024-02-19 06:00:00,True,06:00:00,2024-02-19
15385,2024-02-19 06:15:00,True,06:15:00,2024-02-19
15386,2024-02-19 06:30:00,True,06:30:00,2024-02-19
15387,2024-02-19 06:45:00,True,06:45:00,2024-02-19
15388,2024-02-19 07:00:00,True,07:00:00,2024-02-19
15389,2024-02-19 07:15:00,True,07:15:00,2024-02-19
15390,2024-02-19 07:30:00,True,07:30:00,2024-02-19
15391,2024-02-19 07:45:00,True,07:45:00,2024-02-19
15392,2024-02-19 08:00:00,True,08:00:00,2024-02-19
15393,2024-02-19 08:15:00,True,08:15:00,2024-02-19
15394,2024-02-19 08:30:00,True,08:30:00,2024-02-19
15395,2024-02-19 08:45:00,True,08:45:00,2024-02-19
15396,2024-02-19 09:00:00,True,09:00:00,2024-02-19
15397,2024-02-19 09:15:00,True,09:15:00,2024-02-19
15398,2024-02-19 09:30:00,True,09:30:00,2024-02-19
15399,2024-02-19 09:45:00,True,09:45:00,2024-02-19
15400,2024-02-19 10:00:00,True,10:00:00,2024-02-19
15401,2024-02-19 10:15:00,True,10:15:00,2024-02-19
15402,2024-02-19 10:30:00,True,10:30:00,2024-02-19
15403,2024-02-19 10:45:00,True,10:45:00,2024-02-19
15404,2024-02-19 11:00:00,True,11:00:00,2024-02-19
15405,2024-02-19 11:15:00,True,11:15:00,2024-02-19
15406,2024-02-19 11:30:00,True,11:30:00,2024-02-19
15407,2024-02-19 11:45:00,True,11:45:00,2024-02-19
15408,2024-02-19 12:00:00,True,12:00:00,2024-02-19
15409,2024-02-19 12:15:00,True,12:15:00,2024-02-19
15410,2024-02-19 12:30:00,True,12:30:00,2024-02-19
15411,2024-02-19 12:45:00,True,12:45:00,2024-02-19
15412,2024-02-19 13:00:00,True,13:00:00,2024-02-19
15413,2024-02-19 13:15:00,True,13:15:00,2024-02-19
15414,2024-02-19 13:30:00,True,13:30:00,2024-02-19
15415,2024-02-19 13:45:00,True,13:45:00,2024-02-19
15416,2024-02-19 14:00:00,True,14:00:00,2024-02-19
15417,2024-02-19 14:15:00,True,14:15:00,2024-02-19
15418,2024-02-19 14:30:00,True,14:30:00,2024-02-19
15419,2024-02-19 14:45:00,True,14:45:00,2024-02-19
15420,2024-02-19 15:00:00,True,15:00:00,2024-02-19
15421,2024-02-19 15:15:00,True,15:15:00,2024-02-19
15422,2024-02-19 15:30:00,True,15:30:00,2024-02-19
15423,2024-02-19 15:45:00,True,15:45:00,2024-02-19
15424,2024-02-19 16:00:00,True,16:00:00,2024-02-19
15425,2024-02-19 16:15:00,True,16:15:00,2024-02-19
15426,2024-02-19 16:30:00,True,16:30:00,2024-02-19
15427,2024-02-19 16:45:00,True,16:45:00,2024-02-19
15428,2024-02-19 17:00:00,True,17:00:00,2024-02-19
15429,2024-02-19 17:15:00,True,17:15:00,2024-02-19
15430,2024-02-19 17:30:00,True,17:30:00,2024-02-19
15431,2024-02-19 17:45:00,True,17:45:00,2024-02-19
15432,2024-02-19 18:00:00,True,18:00:00,2024-02-19
15433,2024-02-19 18:15:00,True,18:15:00,2024-02-19
15434,2024-02-19 18:30:00,True,18:30:00,2024-02-19
15435,2024-02-19 18:45:00,True,18:45:00,2024-02-19
15436,2024-02-19 19:00:00,True,19:00:00,2024-02-19
15437,2024-02-19 19:15:00,True,19:15:00,2024-02-19
15438,2024-02-19 19:30:00,True,19:30:00,2024-02-19
15439,2024-02-19 19:45:00,True,19:45:00,2024-02-19
15440,2024-02-19 20:00:00,True,20:00:00,2024-02-19
15441,2024-02-19 20:15:00,True,20:15:00,2024-02-19
15442,2024-02-19 20:30:00,True,20:30:00,2024-02-19
15443,2024-02-19 20:45:00,True,20:45:00,2024-02-19
15444,2024-02-19 21:00:00,True,21:00:00,2024-02-19
15445,2024-02-19 21:15:00,True,21:15:00,2024-02-19
15446,2024-02-19 21:30:00,True,21:30:00,2024-02-19
15447,2024-02-19 21:45:00,True,21:45:00,2024-02-19
15448,2024-02-19 22:00:00,True,22:00:00,2024-02-19
15449,2024-02-19 22:15:00,True,22:15:00,2024-02-19
15450,2024-02-19 22:30:00,True,22:30:00,2024-02-19
15451,2024-02-19 22:45:00,True,22:45:00,2024-02-19
15452,2024-02-19 23:00:00,True,23:00:00,2024-02-19
15453,2024-02-19 23:15:00,True,23:15:00,2024-02-19
15454,2024-02-19 23:30:00,True,23:30:00,2024-02-19
15455,2024-02-19 23:45:00,True,23:45:00,2024-02-19
15456,2024-02-20 00:00:00,True,00:00:00,2024-02-20
15457,2024-02-20 00:15:00,True,00:15:00,2024-02-20
15458,2024-02-20 00:30:00,True,00:30:00,2024-02-20
15459,2024-02-20 00:45:00,True,00:45:00,2024-02-20
15460,2024-02-20 01:00:00,True,01:00:00,2024-02-20
15461,2024-02-20 01:15:00,True,01:15:00,2024-02-20
15462,2024-02-20 01:30:00,True,01:30:00,2024-02-20
15463,2024-02-20 01:45:00,True,01:45:00,2024-02-20
15464,2024-02-20 02:00:00,True,02:00:00,2024-02-20
15465,2024-02-20 02:15:00,True,02:15:00,2024-02-20
15466,2024-02-20 02:30:00,True,02:30:00,2024-02-20
15467,2024-02-20 02:45:00,True,02:45:00,2024-02-20
15468,2024-02-20 03:00:00,True,03:00:00,2024-02-20
15469,2024-02-20 03:15:00,True,03:15:00,2024-02-20
15470,2024-02-20 03:30:00,True,03:30:00,2024-02-20
15471,2024-02-20 03:45:00,True,03:45:00,2024-02-20
15472,2024-02-20 04:00:00,True,04:00:00,2024-02-20
15473,2024-02-20 04:15:00,True,04:15:00,2024-02-20
15474,2024-02-20 04:30:00,True,04:30:00,2024-02-20
15475,2024-02-20 04:45:00,True,04:45:00,2024-02-20
15476,2024-02-20 05:00:00,True,05:00:00,2024-02-20
15477,2024-02-20 05:15:00,True,05:15:00,2024-02-20
15478,2024-02-20 05:30:00,True,05:30:00,2024-02-20
15479,2024-02-20 05:45:00,True,05:45:00,2024-02-20
15480,2024-02-20 06:00:00,True,06:00:00,2024-02-20
15481,2024-02-20 06:15:00,True,06:15:00,2024-02-20
15482,2024-02-20 06:30:00,True,06:30:00,2024-02-20
15483,2024-02-20 06:45:00,True,06:45:00,2024-02-20
15484,2024-02-20 07:00:00,True,07:00:00,2024-02-20
15485,2024-02-20 07:15:00,True,07:15:00,2024-02-20
15486,2024-02-20 07:30:00,True,07:30:00,2024-02-20
15487,2024-02-20 07:45:00,True,07:45:00,2024-02-20
15488,2024-02-20 08:00:00,True,08:00:00,2024-02-20
15489,2024-02-20 08:15:00,True,08:15:00,2024-02-20
15490,2024-02-20 08:30:00,True,08:30:00,2024-02-20
15491,2024-02-20 08:45:00,True,08:45:00,2024-02-20
15492,2024-02-20 09:00:00,True,09:00:00,2024-02-20
15493,2024-02-20 09:15:00,True,09:15:00,2024-02-20
15494,2024-02-20 09:30:00,True,09:30:00,2024-02-20
15495,2024-02-20 09:45:00,True,09:45:00,2024-02-20
15496,2024-02-20 10:00:00,True,10:00:00,2024-02-20
15497,2024-02-20 10:15:00,True,10:15:00,2024-02-20
15498,2024-02-20 10:30:00,True,10:30:00,2024-02-20
15499,2024-02-20 10:45:00,True,10:45:00,2024-02-20
15500,2024-02-20 11:00:00,True,11:00:00,2024-02-20
15501,2024-02-20 11:15:00,True,11:15:00,2024-02-20
15502,2024-02-20 11:30:00,True,11:30:00,2024-02-20
15503,2024-02-20 11:45:00,True,11:45:00,2024-02-20
15504,2024-02-20 12:00:00,True,12:00:00,2024-02-20
15505,2024-02-20 12:15:00,True,12:15:00,2024-02-20
15506,2024-02-20 12:30:00,True,12:30:00,2024-02-20
15507,2024-02-20 12:45:00,True,12:45:00,2024-02-20
15508,2024-02-20 13:00:00,True,13:00:00,2024-02-20
15509,2024-02-20 13:15:00,True,13:15:00,2024-02-20
15510,2024-02-20 13:30:00,True,13:30:00,2024-02-20
15511,2024-02-20 13:45:00,True,13:45:00,2024-02-20
15512,2024-02-20 14:00:00,True,14:00:00,2024-02-20
15513,2024-02-20 14:15:00,True,14:15:00,2024-02-20
15514,2024-02-20 14:30:00,True,14:30:00,2024-02-20
15515,2024-02-20 14:45:00,True,14:45:00,2024-02-20
15516,2024-02-20 15:00:00,True,15:00:00,2024-02-20
15517,2024-02-20 15:15:00,True,15:15:00,2024-02-20
15518,2024-02-20 15:30:00,True,15:30:00,2024-02-20
15519,2024-02-20 15:45:00,True,15:45:00,2024-02-20
15520,2024-02-20 16:00:00,True,16:00:00,2024-02-20
15521,2024-02-20 16:15:00,True,16:15:00,2024-02-20
15522,2024-02-20 16:30:00,True,16:30:00,2024-02-20
15523,2024-02-20 16:45:00,True,16:45:00,2024-02-20
15524,2024-02-20 17:00:00,True,17:00:00,2024-02-20
15525,2024-02-20 17:15:00,True,17:15:00,2024-02-20
15526,2024-02-20 17:30:00,True,17:30:00,2024-02-20
15527,2024-02-20 17:45:00,True,17:45:00,2024-02-20
15528,2024-02-20 18:00:00,True,18:00:00,2024-02-20
15529,2024-02-20 18:15:00,True,18:15:00,2024-02-20
15530,2024-02-20 18:30:00,True,18:30:00,2024-02-20
15531,2024-02-20 18:45:00,True,18:45:00,2024-02-20
15532,2024-02-20 19:00:00,True,19:00:00,2024-02-20
15533,2024-02-20 19:15:00,True,19:15:00,2024-02-20
15534,2024-02-20 19:30:00,True,19:30:00,2024-02-20
15535,2024-02-20 19:45:00,True,19:45:00,2024-02-20
15536,2024-02-20 20:00:00,True,20:00:00,2024-02-20
15537,2024-02-20 20:15:00,True,20:15:00,2024-02-20
15538,2024-02-20 20:30:00,True,20:30:00,2024-02-20
15539,2024-02-20 20:45:00,True,20:45:00,2024-02-20
15540,2024-02-20 21:00:00,True,21:00:00,2024-02-20
15541,2024-02-20 21:15:00,True,21:15:00,2024-02-20
15542,2024-02-20 21:30:00,True,21:30:00,2024-02-20
15543,2024-02-20 21:45:00,True,21:45:00,2024-02-20
15544,2024-02-20 22:00:00,True,22:00:00,2024-02-20
15545,2024-02-20 22:15:00,True,22:15:00,2024-02-20
15546,2024-02-20 22:30:00,True,22:30:00,2024-02-20
15547,2024-02-20 22:45:00,True,22:45:00,2024-02-20
15548,2024-02-20 23:00:00,True,23:00:00,2024-02-20
15549,2024-02-20 23:15:00,True,23:15:00,2024-02-20
15550,2024-02-20 23:30:00,True,23:30:00,2024-02-20
15551,2024-02-20 23:45:00,True,23:45:00,2024-02-20
15552,2024-02-21 00:00:00,True,00:00:00,2024-02-21
15553,2024-02-21 00:15:00,True,00:15:00,2024-02-21
15554,2024-02-21 00:30:00,True,00:30:00,2024-02-21
15555,2024-02-21 00:45:00,True,00:45:00,2024-02-21
15556,2024-02-21 01:00:00,True,01:00:00,2024-02-21
15557,2024-02-21 01:15:00,True,01:15:00,2024-02-21
15558,2024-02-21 01:30:00,True,01:30:00,2024-02-21
15559,2024-02-21 01:45:00,True,01:45:00,2024-02-21
15560,2024-02-21 02:00:00,True,02:00:00,2024-02-21
15561,2024-02-21 02:15:00,True,02:15:00,2024-02-21
15562,2024-02-21 02:30:00,True,02:30:00,2024-02-21
15563,2024-02-21 02:45:00,True,02:45:00,2024-02-21
15564,2024-02-21 03:00:00,True,03:00:00,2024-02-21
15565,2024-02-21 03:15:00,True,03:15:00,2024-02-21
15566,2024-02-21 03:30:00,True,03:30:00,2024-02-21
15567,2024-02-21 03:45:00,True,03:45:00,2024-02-21
15568,2024-02-21 04:00:00,True,04:00:00,2024-02-21
15569,2024-02-21 04:15:00,True,04:15:00,2024-02-21
15570,2024-02-21 04:30:00,True,04:30:00,2024-02-21
15571,2024-02-21 04:45:00,True,04:45:00,2024-02-21
15572,2024-02-21 05:00:00,True,05:00:00,2024-02-21
15573,2024-02-21 05:15:00,True,05:15:00,2024-02-21
15574,2024-02-21 05:30:00,True,05:30:00,2024-02-21
15575,2024-02-21 05:45:00,True,05:45:00,2024-02-21
15576,2024-02-21 06:00:00,True,06:00:00,2024-02-21
15577,2024-02-21 06:15:00,True,06:15:00,2024-02-21
15578,2024-02-21 06:30:00,True,06:30:00,2024-02-21
15579,2024-02-21 06:45:00,True,06:45:00,2024-02-21
15580,2024-02-21 07:00:00,True,07:00:00,2024-02-21
15581,2024-02-21 07:15:00,True,07:15:00,2024-02-21
15582,2024-02-21 07:30:00,True,07:30:00,2024-02-21
15583,2024-02-21 07:45:00,True,07:45:00,2024-02-21
15584,2024-02-21 08:00:00,True,08:00:00,2024-02-21
15585,2024-02-21 08:15:00,True,08:15:00,2024-02-21
15586,2024-02-21 08:30:00,True,08:30:00,2024-02-21
15587,2024-02-21 08:45:00,True,08:45:00,2024-02-21
15588,2024-02-21 09:00:00,True,09:00:00,2024-02-21
15589,2024-02-21 09:15:00,True,09:15:00,2024-02-21
15590,2024-02-21 09:30:00,True,09:30:00,2024-02-21
15591,2024-02-21 09:45:00,True,09:45:00,2024-02-21
15592,2024-02-21 10:00:00,True,10:00:00,2024-02-21
15593,2024-02-21 10:15:00,True,10:15:00,2024-02-21
15594,2024-02-21 10:30:00,True,10:30:00,2024-02-21
15595,2024-02-21 10:45:00,True,10:45:00,2024-02-21
15596,2024-02-21 11:00:00,True,11:00:00,2024-02-21
15597,2024-02-21 11:15:00,True,11:15:00,2024-02-21
15598,2024-02-21 11:30:00,True,11:30:00,2024-02-21
15599,2024-02-21 11:45:00,True,11:45:00,2024-02-21
15600,2024-02-21 12:00:00,True,12:00:00,2024-02-21
15601,2024-02-21 12:15:00,True,12:15:00,2024-02-21
15602,2024-02-21 12:30:00,True,12:30:00,2024-02-21
15603,2024-02-21 12:45:00,True,12:45:00,2024-02-21
15604,2024-02-21 13:00:00,True,13:00:00,2024-02-21
15605,2024-02-21 13:15:00,True,13:15:00,2024-02-21
15606,2024-02-21 13:30:00,True,13:30:00,2024-02-21
15607,2024-02-21 13:45:00,True,13:45:00,2024-02-21
15608,2024-02-21 14:00:00,True,14:00:00,2024-02-21
15609,2024-02-21 14:15:00,True,14:15:00,2024-02-21
15610,2024-02-21 14:30:00,True,14:30:00,2024-02-21
15611,2024-02-21 14:45:00,True,14:45:00,2024-02-21
15612,2024-02-21 15:00:00,True,15:00:00,2024-02-21
15613,2024-02-21 15:15:00,True,15:15:00,2024-02-21
15614,2024-02-21 15:30:00,True,15:30:00,2024-02-21
15615,2024-02-21 15:45:00,True,15:45:00,2024-02-21
15616,2024-02-21 16:00:00,True,16:00:00,2024-02-21
15617,2024-02-21 16:15:00,True,16:15:00,2024-02-21
15618,2024-02-21 16:30:00,True,16:30:00,2024-02-21
15619,2024-02-21 16:45:00,True,16:45:00,2024-02-21
15620,2024-02-21 17:00:00,True,17:00:00,2024-02-21
15621,2024-02-21 17:15:00,True,17:15:00,2024-02-21
15622,2024-02-21 17:30:00,True,17:30:00,2024-02-21
15623,2024-02-21 17:45:00,True,17:45:00,2024-02-21
15624,2024-02-21 18:00:00,True,18:00:00,2024-02-21
15625,2024-02-21 18:15:00,True,18:15:00,2024-02-21
15626,2024-02-21 18:30:00,True,18:30:00,2024-02-21
15627,2024-02-21 18:45:00,True,18:45:00,2024-02-21
15628,2024-02-21 19:00:00,True,19:00:00,2024-02-21
15629,2024-02-21 19:15:00,True,19:15:00,2024-02-21
15630,2024-02-21 19:30:00,True,19:30:00,2024-02-21
15631,2024-02-21 19:45:00,True,19:45:00,2024-02-21
15632,2024-02-21 20:00:00,True,20:00:00,2024-02-21
15633,2024-02-21 20:15:00,True,20:15:00,2024-02-21
15634,2024-02-21 20:30:00,True,20:30:00,2024-02-21
15635,2024-02-21 20:45:00,True,20:45:00,2024-02-21
15636,2024-02-21 21:00:00,True,21:00:00,2024-02-21
15637,2024-02-21 21:15:00,True,21:15:00,2024-02-21
15638,2024-02-21 21:30:00,True,21:30:00,2024-02-21
15639,2024-02-21 21:45:00,True,21:45:00,2024-02-21
15640,2024-02-21 22:00:00,True,22:00:00,2024-02-21
15641,2024-02-21 22:15:00,True,22:15:00,2024-02-21
15642,2024-02-21 22:30:00,True,22:30:00,2024-02-21
15643,2024-02-21 22:45:00,True,22:45:00,2024-02-21
15644,2024-02-21 23:00:00,True,23:00:00,2024-02-21
15645,2024-02-21 23:15:00,True,23:15:00,2024-02-21
15646,2024-02-21 23:30:00,True,23:30:00,2024-02-21
15647,2024-02-21 23:45:00,True,23:45:00,2024-02-21
15648,2024-02-22 00:00:00,True,00:00:00,2024-02-22
15649,2024-02-22 00:15:00,True,00:15:00,2024-02-22
15650,2024-02-22 00:30:00,True,00:30:00,2024-02-22
15651,2024-02-22 00:45:00,True,00:45:00,2024-02-22
15652,2024-02-22 01:00:00,True,01:00:00,2024-02-22
15653,2024-02-22 01:15:00,True,01:15:00,2024-02-22
15654,2024-02-22 01:30:00,True,01:30:00,2024-02-22
15655,2024-02-22 01:45:00,True,01:45:00,2024-02-22
15656,2024-02-22 02:00:00,True,02:00:00,2024-02-22
15657,2024-02-22 02:15:00,True,02:15:00,2024-02-22
15658,2024-02-22 02:30:00,True,02:30:00,2024-02-22
15659,2024-02-22 02:45:00,True,02:45:00,2024-02-22
15660,2024-02-22 03:00:00,True,03:00:00,2024-02-22
15661,2024-02-22 03:15:00,True,03:15:00,2024-02-22
15662,2024-02-22 03:30:00,True,03:30:00,2024-02-22
15663,2024-02-22 03:45:00,True,03:45:00,2024-02-22
15664,2024-02-22 04:00:00,True,04:00:00,2024-02-22
15665,2024-02-22 04:15:00,True,04:15:00,2024-02-22
15666,2024-02-22 04:30:00,True,04:30:00,2024-02-22
15667,2024-02-22 04:45:00,True,04:45:00,2024-02-22
15668,2024-02-22 05:00:00,True,05:00:00,2024-02-22
15669,2024-02-22 05:15:00,True,05:15:00,2024-02-22
15670,2024-02-22 05:30:00,True,05:30:00,2024-02-22
15671,2024-02-22 05:45:00,True,05:45:00,2024-02-22
15672,2024-02-22 06:00:00,True,06:00:00,2024-02-22
15673,2024-02-22 06:15:00,True,06:15:00,2024-02-22
15674,2024-02-22 06:30:00,True,06:30:00,2024-02-22
15675,2024-02-22 06:45:00,True,06:45:00,2024-02-22
15676,2024-02-22 07:00:00,True,07:00:00,2024-02-22
15677,2024-02-22 07:15:00,True,07:15:00,2024-02-22
15678,2024-02-22 07:30:00,True,07:30:00,2024-02-22
15679,2024-02-22 07:45:00,True,07:45:00,2024-02-22
15680,2024-02-22 08:00:00,True,08:00:00,2024-02-22
15681,2024-02-22 08:15:00,True,08:15:00,2024-02-22
15682,2024-02-22 08:30:00,True,08:30:00,2024-02-22
15683,2024-02-22 08:45:00,True,08:45:00,2024-02-22
15684,2024-02-22 09:00:00,True,09:00:00,2024-02-22
15685,2024-02-22 09:15:00,True,09:15:00,2024-02-22
15686,2024-02-22 09:30:00,True,09:30:00,2024-02-22
15687,2024-02-22 09:45:00,True,09:45:00,2024-02-22
15688,2024-02-22 10:00:00,True,10:00:00,2024-02-22
15689,2024-02-22 10:15:00,True,10:15:00,2024-02-22
15690,2024-02-22 10:30:00,True,10:30:00,2024-02-22
15691,2024-02-22 10:45:00,True,10:45:00,2024-02-22
15692,2024-02-22 11:00:00,True,11:00:00,2024-02-22
15693,2024-02-22 11:15:00,True,11:15:00,2024-02-22
15694,2024-02-22 11:30:00,True,11:30:00,2024-02-22
15695,2024-02-22 11:45:00,True,11:45:00,2024-02-22
15696,2024-02-22 12:00:00,True,12:00:00,2024-02-22
15697,2024-02-22 12:15:00,True,12:15:00,2024-02-22
15698,2024-02-22 12:30:00,True,12:30:00,2024-02-22
15699,2024-02-22 12:45:00,True,12:45:00,2024-02-22
15700,2024-02-22 13:00:00,True,13:00:00,2024-02-22
15701,2024-02-22 13:15:00,True,13:15:00,2024-02-22
15702,2024-02-22 13:30:00,True,13:30:00,2024-02-22
15703,2024-02-22 13:45:00,True,13:45:00,2024-02-22
15704,2024-02-22 14:00:00,True,14:00:00,2024-02-22
15705,2024-02-22 14:15:00,True,14:15:00,2024-02-22
15706,2024-02-22 14:30:00,True,14:30:00,2024-02-22
15707,2024-02-22 14:45:00,True,14:45:00,2024-02-22
15708,2024-02-22 15:00:00,True,15:00:00,2024-02-22
15709,2024-02-22 15:15:00,True,15:15:00,2024-02-22
15710,2024-02-22 15:30:00,True,15:30:00,2024-02-22
15711,2024-02-22 15:45:00,True,15:45:00,2024-02-22
15712,2024-02-22 16:00:00,True,16:00:00,2024-02-22
15713,2024-02-22 16:15:00,True,16:15:00,2024-02-22
15714,2024-02-22 16:30:00,True,16:30:00,2024-02-22
15715,2024-02-22 16:45:00,True,16:45:00,2024-02-22
15716,2024-02-22 17:00:00,True,17:00:00,2024-02-22
15717,2024-02-22 17:15:00,True,17:15:00,2024-02-22
15718,2024-02-22 17:30:00,True,17:30:00,2024-02-22
15719,2024-02-22 17:45:00,True,17:45:00,2024-02-22
15720,2024-02-22 18:00:00,True,18:00:00,2024-02-22
15721,2024-02-22 18:15:00,True,18:15:00,2024-02-22
15722,2024-02-22 18:30:00,True,18:30:00,2024-02-22
15723,2024-02-22 18:45:00,True,18:45:00,2024-02-22
15724,2024-02-22 19:00:00,True,19:00:00,2024-02-22
15725,2024-02-22 19:15:00,True,19:15:00,2024-02-22
15726,2024-02-22 19:30:00,True,19:30:00,2024-02-22
15727,2024-02-22 19:45:00,True,19:45:00,2024-02-22
15728,2024-02-22 20:00:00,True,20:00:00,2024-02-22
15729,2024-02-22 20:15:00,True,20:15:00,2024-02-22
15730,2024-02-22 20:30:00,True,20:30:00,2024-02-22
15731,2024-02-22 20:45:00,True,20:45:00,2024-02-22
15732,2024-02-22 21:00:00,True,21:00:00,2024-02-22
15733,2024-02-22 21:15:00,True,21:15:00,2024-02-22
15734,2024-02-22 21:30:00,True,21:30:00,2024-02-22
15735,2024-02-22 21:45:00,True,21:45:00,2024-02-22
15736,2024-02-22 22:00:00,True,22:00:00,2024-02-22
15737,2024-02-22 22:15:00,True,22:15:00,2024-02-22
15738,2024-02-22 22:30:00,True,22:30:00,2024-02-22
15739,2024-02-22 22:45:00,True,22:45:00,2024-02-22
15740,2024-02-22 23:00:00,True,23:00:00,2024-02-22
15741,2024-02-22 23:15:00,True,23:15:00,2024-02-22
15742,2024-02-22 23:30:00,True,23:30:00,2024-02-22
15743,2024-02-22 23:45:00,True,23:45:00,2024-02-22
15744,2024-02-23 00:00:00,True,00:00:00,2024-02-23
15745,2024-02-23 00:15:00,True,00:15:00,2024-02-23
15746,2024-02-23 00:30:00,True,00:30:00,2024-02-23
15747,2024-02-23 00:45:00,True,00:45:00,2024-02-23
15748,2024-02-23 01:00:00,True,01:00:00,2024-02-23
15749,2024-02-23 01:15:00,True,01:15:00,2024-02-23
15750,2024-02-23 01:30:00,True,01:30:00,2024-02-23
15751,2024-02-23 01:45:00,True,01:45:00,2024-02-23
15752,2024-02-23 02:00:00,True,02:00:00,2024-02-23
15753,2024-02-23 02:15:00,True,02:15:00,2024-02-23
15754,2024-02-23 02:30:00,True,02:30:00,2024-02-23
15755,2024-02-23 02:45:00,True,02:45:00,2024-02-23
15756,2024-02-23 03:00:00,True,03:00:00,2024-02-23
15757,2024-02-23 03:15:00,True,03:15:00,2024-02-23
15758,2024-02-23 03:30:00,True,03:30:00,2024-02-23
15759,2024-02-23 03:45:00,True,03:45:00,2024-02-23
15760,2024-02-23 04:00:00,True,04:00:00,2024-02-23
15761,2024-02-23 04:15:00,True,04:15:00,2024-02-23
15762,2024-02-23 04:30:00,True,04:30:00,2024-02-23
15763,2024-02-23 04:45:00,True,04:45:00,2024-02-23
15764,2024-02-23 05:00:00,True,05:00:00,2024-02-23
15765,2024-02-23 05:15:00,True,05:15:00,2024-02-23
15766,2024-02-23 05:30:00,True,05:30:00,2024-02-23
15767,2024-02-23 05:45:00,True,05:45:00,2024-02-23
15768,2024-02-23 06:00:00,True,06:00:00,2024-02-23
15769,2024-02-23 06:15:00,True,06:15:00,2024-02-23
15770,2024-02-23 06:30:00,True,06:30:00,2024-02-23
15771,2024-02-23 06:45:00,True,06:45:00,2024-02-23
15772,2024-02-23 07:00:00,True,07:00:00,2024-02-23
15773,2024-02-23 07:15:00,True,07:15:00,2024-02-23
15774,2024-02-23 07:30:00,True,07:30:00,2024-02-23
15775,2024-02-23 07:45:00,True,07:45:00,2024-02-23
15776,2024-02-23 08:00:00,True,08:00:00,2024-02-23
15777,2024-02-23 08:15:00,True,08:15:00,2024-02-23
15778,2024-02-23 08:30:00,True,08:30:00,2024-02-23
15779,2024-02-23 08:45:00,True,08:45:00,2024-02-23
15780,2024-02-23 09:00:00,True,09:00:00,2024-02-23
15781,2024-02-23 09:15:00,True,09:15:00,2024-02-23
15782,2024-02-23 09:30:00,True,09:30:00,2024-02-23
15783,2024-02-23 09:45:00,True,09:45:00,2024-02-23
15784,2024-02-23 10:00:00,True,10:00:00,2024-02-23
15785,2024-02-23 10:15:00,True,10:15:00,2024-02-23
15786,2024-02-23 10:30:00,True,10:30:00,2024-02-23
15787,2024-02-23 10:45:00,True,10:45:00,2024-02-23
15788,2024-02-23 11:00:00,True,11:00:00,2024-02-23
15789,2024-02-23 11:15:00,True,11:15:00,2024-02-23
15790,2024-02-23 11:30:00,True,11:30:00,2024-02-23
15791,2024-02-23 11:45:00,True,11:45:00,2024-02-23
15792,2024-02-23 12:00:00,True,12:00:00,2024-02-23
15793,2024-02-23 12:15:00,True,12:15:00,2024-02-23
15794,2024-02-23 12:30:00,True,12:30:00,2024-02-23
15795,2024-02-23 12:45:00,True,12:45:00,2024-02-23
15796,2024-02-23 13:00:00,True,13:00:00,2024-02-23
15797,2024-02-23 13:15:00,True,13:15:00,2024-02-23
15798,2024-02-23 13:30:00,True,13:30:00,2024-02-23
15799,2024-02-23 13:45:00,True,13:45:00,2024-02-23
15800,2024-02-23 14:00:00,True,14:00:00,2024-02-23
15801,2024-02-23 14:15:00,True,14:15:00,2024-02-23
15802,2024-02-23 14:30:00,True,14:30:00,2024-02-23
15803,2024-02-23 14:45:00,True,14:45:00,2024-02-23
15804,2024-02-23 15:00:00,True,15:00:00,2024-02-23
15805,2024-02-23 15:15:00,True,15:15:00,2024-02-23
15806,2024-02-23 15:30:00,True,15:30:00,2024-02-23
15807,2024-02-23 15:45:00,True,15:45:00,2024-02-23
15808,2024-02-23 16:00:00,True,16:00:00,2024-02-23
15809,2024-02-23 16:15:00,True,16:15:00,2024-02-23
15810,2024-02-23 16:30:00,True,16:30:00,2024-02-23
15811,2024-02-23 16:45:00,True,16:45:00,2024-02-23
15812,2024-02-23 17:00:00,True,17:00:00,2024-02-23
15813,2024-02-23 17:15:00,True,17:15:00,2024-02-23
15814,2024-02-23 17:30:00,True,17:30:00,2024-02-23
15815,2024-02-23 17:45:00,True,17:45:00,2024-02-23
15816,2024-02-23 18:00:00,True,18:00:00,2024-02-23
15817,2024-02-23 18:15:00,True,18:15:00,2024-02-23
15818,2024-02-23 18:30:00,True,18:30:00,2024-02-23
15819,2024-02-23 18:45:00,True,18:45:00,2024-02-23
15820,2024-02-23 19:00:00,True,19:00:00,2024-02-23
15821,2024-02-23 19:15:00,True,19:15:00,2024-02-23
15822,2024-02-23 19:30:00,True,19:30:00,2024-02-23
15823,2024-02-23 19:45:00,True,19:45:00,2024-02-23
15824,2024-02-23 20:00:00,True,20:00:00,2024-02-23
15825,2024-02-23 20:15:00,True,20:15:00,2024-02-23
15826,2024-02-23 20:30:00,True,20:30:00,2024-02-23
15827,2024-02-23 20:45:00,True,20:45:00,2024-02-23
15828,2024-02-23 21:00:00,True,21:00:00,2024-02-23
15829,2024-02-23 21:15:00,True,21:15:00,2024-02-23
15830,2024-02-23 21:30:00,True,21:30:00,2024-02-23
15831,2024-02-23 21:45:00,True,21:45:00,2024-02-23
15832,2024-02-23 22:00:00,True,22:00:00,2024-02-23
15833,2024-02-23 22:15:00,True,22:15:00,2024-02-23
15834,2024-02-23 22:30:00,True,22:30:00,2024-02-23
15835,2024-02-23 22:45:00,True,22:45:00,2024-02-23
15836,2024-02-23 23:00:00,True,23:00:00,2024-02-23
15837,2024-02-23 23:15:00,True,23:15:00,2024-02-23
15838,2024-02-23 23:30:00,True,23:30:00,2024-02-23
15839,2024-02-23 23:45:00,True,23:45:00,2024-02-23
15840,2024-02-24 00:00:00,True,00:00:00,2024-02-24
15841,2024-02-24 00:15:00,True,00:15:00,2024-02-24
15842,2024-02-24 00:30:00,True,00:30:00,2024-02-24
15843,2024-02-24 00:45:00,True,00:45:00,2024-02-24
15844,2024-02-24 01:00:00,True,01:00:00,2024-02-24
15845,2024-02-24 01:15:00,True,01:15:00,2024-02-24
15846,2024-02-24 01:30:00,True,01:30:00,2024-02-24
15847,2024-02-24 01:45:00,True,01:45:00,2024-02-24
15848,2024-02-24 02:00:00,True,02:00:00,2024-02-24
15849,2024-02-24 02:15:00,True,02:15:00,2024-02-24
15850,2024-02-24 02:30:00,True,02:30:00,2024-02-24
15851,2024-02-24 02:45:00,True,02:45:00,2024-02-24
15852,2024-02-24 03:00:00,True,03:00:00,2024-02-24
15853,2024-02-24 03:15:00,True,03:15:00,2024-02-24
15854,2024-02-24 03:30:00,True,03:30:00,2024-02-24
15855,2024-02-24 03:45:00,True,03:45:00,2024-02-24
15856,2024-02-24 04:00:00,True,04:00:00,2024-02-24
15857,2024-02-24 04:15:00,True,04:15:00,2024-02-24
15858,2024-02-24 04:30:00,True,04:30:00,2024-02-24
15859,2024-02-24 04:45:00,True,04:45:00,2024-02-24
15860,2024-02-24 05:00:00,True,05:00:00,2024-02-24
15861,2024-02-24 05:15:00,True,05:15:00,2024-02-24
15862,2024-02-24 05:30:00,True,05:30:00,2024-02-24
15863,2024-02-24 05:45:00,True,05:45:00,2024-02-24
15864,2024-02-24 06:00:00,True,06:00:00,2024-02-24
15865,2024-02-24 06:15:00,True,06:15:00,2024-02-24
15866,2024-02-24 06:30:00,True,06:30:00,2024-02-24
15867,2024-02-24 06:45:00,True,06:45:00,2024-02-24
15868,2024-02-24 07:00:00,True,07:00:00,2024-02-24
15869,2024-02-24 07:15:00,True,07:15:00,2024-02-24
15870,2024-02-24 07:30:00,True,07:30:00,2024-02-24
15871,2024-02-24 07:45:00,True,07:45:00,2024-02-24
15872,2024-02-24 08:00:00,True,08:00:00,2024-02-24
15873,2024-02-24 08:15:00,True,08:15:00,2024-02-24
15874,2024-02-24 08:30:00,True,08:30:00,2024-02-24
15875,2024-02-24 08:45:00,True,08:45:00,2024-02-24
15876,2024-02-24 09:00:00,True,09:00:00,2024-02-24
15877,2024-02-24 09:15:00,True,09:15:00,2024-02-24
15878,2024-02-24 09:30:00,True,09:30:00,2024-02-24
15879,2024-02-24 09:45:00,True,09:45:00,2024-02-24
15880,2024-02-24 10:00:00,True,10:00:00,2024-02-24
15881,2024-02-24 10:15:00,True,10:15:00,2024-02-24
15882,2024-02-24 10:30:00,True,10:30:00,2024-02-24
15883,2024-02-24 10:45:00,True,10:45:00,2024-02-24
15884,2024-02-24 11:00:00,True,11:00:00,2024-02-24
15885,2024-02-24 11:15:00,True,11:15:00,2024-02-24
15886,2024-02-24 11:30:00,True,11:30:00,2024-02-24
15887,2024-02-24 11:45:00,True,11:45:00,2024-02-24
15888,2024-02-24 12:00:00,True,12:00:00,2024-02-24
15889,2024-02-24 12:15:00,True,12:15:00,2024-02-24
15890,2024-02-24 12:30:00,True,12:30:00,2024-02-24
15891,2024-02-24 12:45:00,True,12:45:00,2024-02-24
15892,2024-02-24 13:00:00,True,13:00:00,2024-02-24
15893,2024-02-24 13:15:00,True,13:15:00,2024-02-24
15894,2024-02-24 13:30:00,True,13:30:00,2024-02-24
15895,2024-02-24 13:45:00,True,13:45:00,2024-02-24
15896,2024-02-24 14:00:00,True,14:00:00,2024-02-24
15897,2024-02-24 14:15:00,True,14:15:00,2024-02-24
15898,2024-02-24 14:30:00,True,14:30:00,2024-02-24
15899,2024-02-24 14:45:00,True,14:45:00,2024-02-24
15900,2024-02-24 15:00:00,True,15:00:00,2024-02-24
15901,2024-02-24 15:15:00,True,15:15:00,2024-02-24
15902,2024-02-24 15:30:00,True,15:30:00,2024-02-24
15903,2024-02-24 15:45:00,True,15:45:00,2024-02-24
15904,2024-02-24 16:00:00,True,16:00:00,2024-02-24
15905,2024-02-24 16:15:00,True,16:15:00,2024-02-24
15906,2024-02-24 16:30:00,True,16:30:00,2024-02-24
15907,2024-02-24 16:45:00,True,16:45:00,2024-02-24
15908,2024-02-24 17:00:00,True,17:00:00,2024-02-24
15909,2024-02-24 17:15:00,True,17:15:00,2024-02-24
15910,2024-02-24 17:30:00,True,17:30:00,2024-02-24
15911,2024-02-24 17:45:00,True,17:45:00,2024-02-24
15912,2024-02-24 18:00:00,True,18:00:00,2024-02-24
15913,2024-02-24 18:15:00,True,18:15:00,2024-02-24
15914,2024-02-24 18:30:00,True,18:30:00,2024-02-24
15915,2024-02-24 18:45:00,True,18:45:00,2024-02-24
15916,2024-02-24 19:00:00,True,19:00:00,2024-02-24
15917,2024-02-24 19:15:00,True,19:15:00,2024-02-24
15918,2024-02-24 19:30:00,True,19:30:00,2024-02-24
15919,2024-02-24 19:45:00,True,19:45:00,2024-02-24
15920,2024-02-24 20:00:00,True,20:00:00,2024-02-24
15921,2024-02-24 20:15:00,True,20:15:00,2024-02-24
15922,2024-02-24 20:30:00,True,20:30:00,2024-02-24
15923,2024-02-24 20:45:00,True,20:45:00,2024-02-24
15924,2024-02-24 21:00:00,True,21:00:00,2024-02-24
15925,2024-02-24 21:15:00,True,21:15:00,2024-02-24
15926,2024-02-24 21:30:00,True,21:30:00,2024-02-24
15927,2024-02-24 21:45:00,True,21:45:00,2024-02-24
15928,2024-02-24 22:00:00,True,22:00:00,2024-02-24
15929,2024-02-24 22:15:00,True,22:15:00,2024-02-24
15930,2024-02-24 22:30:00,True,22:30:00,2024-02-24
15931,2024-02-24 22:45:00,True,22:45:00,2024-02-24
15932,2024-02-24 23:00:00,True,23:00:00,2024-02-24
15933,2024-02-24 23:15:00,True,23:15:00,2024-02-24
15934,2024-02-24 23:30:00,True,23:30:00,2024-02-24
15935,2024-02-24 23:45:00,True,23:45:00,2024-02-24
